age_ka,d18o_raw,d18o_lowpass_10kyr,d18o_residual_lt10kyr
0.0,-9.66,-9.543272325242064,-0.11672767475793577
0.1,-9.33850768817073,-9.523703607950026,0.1851959197792965
0.2,-9.39616215611094,-9.50476454674844,0.10860239063750043
0.3,-9.508109764630152,-9.48651707958018,-0.02159268504997236
0.4,-9.144660856696536,-9.469022227882062,0.32436137118552644
0.5,-9.312057880457123,-9.452339851661922,0.14028197120479824
0.6,-9.512270821343419,-9.436528405790785,-0.07574241555263406
0.7,-9.056916879059438,-9.421644698790047,0.36472781973060897
0.8,-8.718774151114035,-9.40774365536003,0.6889695042459945
0.9,-9.191575917091628,-9.39487808385814,0.20330216676651247
1.0,-9.174150701709047,-9.383098449884296,0.2089477481752482
1.1,-9.393375429987254,-9.37245265706117,-0.0209227729260828
1.2,-9.204236607250246,-9.362985836015733,0.1587492287654868
1.3,-8.950989252746274,-9.354740142496885,0.40375088975061146
1.4,-9.306976498743925,-9.347754565511972,0.04077806676804663
1.5,-9.149845924737958,-9.342064746324477,0.19221882158651837
1.6,-9.27099375680165,-9.337702809113877,0.0667090523122269
1.7,-9.085849132252706,-9.334697204054033,0.2488480718013264
1.8,-9.131131221719459,-9.333072563523858,0.2019413418043996
1.9,-9.168218111002922,-9.332849572125266,0.16463146112234384
2.0,-8.793714328514717,-9.334044851143934,0.5403305226292172
2.1,-9.057174723087128,-9.336670858043055,0.2794961349559273
2.2,-8.883137154815987,-9.340735801524401,0.4575986467084139
2.3,-9.318996477974581,-9.346243572622386,0.02724709464780517
2.4,-8.839462508294625,-9.353193692216845,0.5137311839222196
2.5,-8.245090608522606,-9.36158127526666,1.1164906667440544
2.6,-9.146083267391118,-9.371397011981289,0.22531374459017073
2.7,-9.06047322540473,-9.382627166050229,0.3221539406454994
2.8,-9.131494396014942,-9.395253589931766,0.26375919391682423
2.9,-9.484744707347447,-9.409253757073634,-0.0754909502738137
3.0,-9.002104607721046,-9.424600810825371,0.4224962031043251
3.1,-8.737808219178083,-9.44126362971914,0.7034554105410571
3.2,-8.981961122432983,-9.459206908732972,0.4772457862999886
3.3,-8.92313981068919,-9.478391256084619,0.5552514453954291
3.4,-8.984903238677928,-9.498773305015517,0.5138700663375886
3.5,-9.624308705193855,-9.52030583991063,-0.10400286528322411
3.6,-10.002749559844533,-9.542937935977758,-0.4598116238667753
3.7,-9.351020436535519,-9.566615111604252,0.21559467506873276
3.8,-9.710863339357708,-9.591279492443103,-0.11958384691460466
3.9,-9.510882802724877,-9.616869986260385,0.10598718353550751
4.0,-9.774614208258027,-9.643322467584827,-0.13129174067320015
4.1,-9.730368462621476,-9.670569971213387,-0.05979849140808824
4.2,-10.06733586046809,-9.69854289363437,-0.36879296683371976
4.3,-10.056154594744886,-9.72716920143849,-0.32898539330639487
4.4,-9.921385915318904,-9.756374645809114,-0.16501126950979028
4.5,-9.184267729428287,-9.786082982220726,0.6018152527924396
4.6,-10.03392545549836,-9.81621619452291,-0.2177092609754503
4.7,-9.79900305388632,-9.846694722625447,0.04769166873912667
4.8,-10.026312678553838,-9.877437693012624,-0.14887498554121414
4.9,-10.161620529997041,-9.908363151306885,-0.2532573786901562
5.0,-9.94967687912521,-9.93938829609497,-0.010288583030240162
5.1,-9.876343217416995,-9.97042971323838,0.09408649582138473
5.2,-10.047127107274106,-10.001403609911762,-0.045723497362343934
5.3,-9.933648525151163,-10.032226047635792,0.09857752248462859
5.4,-10.277924143331386,-10.062813173584749,-0.2151109697466378
5.5,-10.412175248977077,-10.093081449452821,-0.3190937995242553
5.6,-10.090822203350564,-10.122947877166505,0.03212567381594056
5.7,-10.622532386319756,-10.1523302207442,-0.4702021655755555
5.8,-10.4554659618773,-10.181147223633777,-0.2743187382435224
5.9,-10.575283037001444,-10.209318820902418,-0.36596421609902663
6.0,-10.408571657399145,-10.236766345708247,-0.17180531169089797
6.1,-10.5365789341205,-10.263412729548854,-0.27316620457164653
6.2,-10.386263746825016,-10.289182695853123,-0.09708105097189268
6.3,-10.493912313219377,-10.314002946551716,-0.17990936666766189
6.4,-10.40589315833053,-10.337802341321911,-0.06809081700861874
6.5,-10.512134318746359,-10.360512069252767,-0.1516222494935917
6.6,-10.081299049162364,-10.382065812717475,0.3007667635551101
6.7,-10.044408026118244,-10.402399903270895,0.35799187715265113
6.8,-10.363513523818598,-10.421453469406504,0.05793994558790594
6.9,-10.40864370993494,-10.439168576000457,0.030524866065515965
7.0,-10.32646365622288,-10.455490355240837,0.12902669901795605
7.1,-10.612937277433637,-10.47036712880028,-0.14257014863335726
7.2,-10.657001885267977,-10.483750520976608,-0.17325136429136911
7.3,-10.824550917197833,-10.495595562507875,-0.32895535468995796
7.4,-10.90919093921615,-10.505860784768565,-0.4033301544475858
7.5,-10.791376048171987,-10.514508304075997,-0.27686774409598947
7.6,-10.585047373380824,-10.521503895881882,-0.06354347749894274
7.7,-10.762140353073745,-10.526817058687419,-0.23532329438632615
7.8,-10.815788114018611,-10.53042106758886,-0.2853670464297515
7.9,-10.569125538459456,-10.532293017422385,-0.036832521037071686
8.0,-10.614321272067086,-10.5324138555301,-0.08190741653698552
8.1,-10.116083384237484,-10.530768404215143,0.41468501997765905
8.2,-10.479063093747456,-10.527345372990592,0.04828227924313566
8.3,-10.618556862745079,-10.522137360744539,-0.09641950200053984
8.4,-10.896274317805451,-10.515140847938333,-0.3811334698671178
8.5,-10.647412950177271,-10.506356178938093,-0.14105677123917815
8.6,-10.566736704609069,-10.495787534573482,-0.0709491700355862
8.7,-10.778353797350258,-10.483442895036111,-0.29491090231414674
8.8,-10.960538533308451,-10.469333993268116,-0.49120454004033576
8.9,-10.505812570300298,-10.453476259038482,-0.052336311261816704
9.0,-10.67701066026679,-10.435888753957126,-0.24112190630966346
9.1,-9.61,-10.416594097735583,0.8065940977355837
9.2,-9.796956522276389,-10.395618386057377,0.598661863780988
9.3,-10.675995422150974,-10.372991100446452,-0.3030043217045222
9.4,-10.40377574396394,-10.348745010499691,-0.05503073346424969
9.5,-10.618169336197495,-10.322916068791015,-0.29525326740647984
9.6,-9.889999999999999,-10.29554329869842,0.40554329869842043
9.7,-10.290344827586207,-10.266668675381775,-0.0236761522044322
9.8,-10.48,-10.236337000142465,-0.24366299985753592
9.9,-10.225517241379311,-10.204595768402202,-0.020921472977109445
10.0,-10.225119055116203,-10.171495031538246,-0.05362402357795659
10.1,-10.649428565013602,-10.137087252815215,-0.5123413121983873
10.2,-10.757880949812359,-10.101427157669745,-0.6564537921426137
10.3,-10.493214304685376,-10.064571578638352,-0.42864272604702336
10.4,-10.347728201401358,-10.026579295278186,-0.32114890612317204
10.5,-10.369127802910524,-9.98751086951893,-0.3816169333915944
10.6,-10.560294113846794,-9.947428476991895,-0.6128656368548988
10.7,-9.813590425672244,-9.906395734991705,0.09280530931946096
10.8,-10.479716035722838,-9.864477527828234,-0.6152385078946043
10.9,-9.507991631799158,-9.821739830420416,0.31374819862125847
11.0,-10.227154811715476,-9.77824953106662,-0.44890528064885515
11.1,-9.984184100418414,-9.734074254393862,-0.2501098460245519
11.2,-9.087991631799163,-9.689282185540215,0.6012905537410518
11.3,-9.35606694560667,-9.643941896665021,0.2878749510583507
11.4,-9.008535134482832,-9.59812217690544,0.5895870424226075
11.5,-9.02,-9.551891866890015,0.5318918668900157
11.6,-8.596999999999957,-9.505319698867421,0.908319698867464
11.7,-8.590954545454561,-9.458474143413794,0.8675195979592321
11.8,-8.62649999999999,-9.411423263553903,0.7849232635539138
11.9,-8.739447761194024,-9.364234576974498,0.6247868157804746
12.0,-8.259046153846151,-9.316974926827992,1.0579287729818407
12.1,-8.358818181818181,-9.269710361432159,0.9108921796139775
12.2,-8.195454545454556,-9.222506022974859,1.0270514775203026
12.3,-7.9245945945945895,-9.175426045129223,1.2508314505346334
12.4,-8.292081632653078,-9.1285334592664,0.8364518266133221
12.5,-8.616134615384617,-9.081890108717666,0.4657554933330488
12.6,-8.683317073170729,-9.035556570294293,0.3522394971235645
12.7,-8.745323529411731,-8.989592082042762,0.24426855263103064
12.8,-9.558176470588245,-8.944054476019774,-0.614121994568471
12.9,-9.463130434782599,-8.899000114733903,-0.5641303200486956
13.0,-9.106,-8.85448382982754,-0.25151617017245975
13.1,-9.756666666666653,-8.810558861568342,-0.9461078050983112
13.2,-9.07120000000003,-8.767276797777821,-0.30392320222220803
13.3,-9.842444444444453,-8.724687510927327,-1.1177569335171267
13.4,-10.196319999999936,-8.68283909226107,-1.5134809077388667
13.5,-9.27476000000001,-8.641777781959883,-0.6329822180401266
13.6,-9.682,-8.60154789454723,-1.0804521054527711
13.7,-10.072222222222228,-8.562191738964485,-1.5100304832577436
13.8,-9.69200000000001,-8.523749532993481,-1.16825046700653
13.9,-8.998199999999995,-8.486259311967236,-0.5119406880327588
14.0,-9.138111111111112,-8.449756831980702,-0.6883542791304098
14.1,-9.682115384615384,-8.414275468083227,-1.2678399165321572
14.2,-9.144678571428653,-8.379846108183765,-0.764832463244888
14.3,-9.351714285714296,-8.346497043622378,-1.005217242091918
14.4,-9.034714285714273,-8.314253857574686,-0.720460428139587
14.5,-8.587735294117646,-8.283139312674189,-0.3045959814434571
14.6,-9.027,-8.253173239455093,-0.7738267605449067
14.7,-7.428740740740665,-8.224372427417027,0.7956316866763622
14.8,-7.622459459459472,-8.196750520675531,0.5742910612160586
14.9,-7.688442622950818,-8.170317920269833,0.48187529731901435
15.0,-7.364142857142859,-8.14508169523269,0.7809388380898312
15.1,-6.917350877192971,-8.121045504479357,1.203694627286386
15.2,-7.263974358974389,-8.098209531459236,0.8342351724848474
15.3,-7.11748780487805,-8.076570433355231,0.959082628477181
15.4,-7.031124999999998,-8.0561213064228,1.0249963064228016
15.5,-7.700176470588235,-8.03685166884294,0.3366751982547056
15.6,-7.582899999999948,-8.018747462237231,0.435847462237283
15.7,-7.090918918918974,-8.001791072778492,0.9108721538595175
15.8,-6.5417,-7.985961372641342,1.4442613726413427
15.9,-6.556897959183677,-7.9712337823670145,1.4143358231833378
16.0,-6.663094594594597,-7.9575803545354,1.2944857599408035
16.1,-6.2201666666665645,-7.944969878909696,1.7248032122431312
16.2,-7.798080000000022,-7.933368008936007,0.13528800893598536
16.3,-7.41010256410255,-7.922737409164862,0.5126348450623119
16.4,-7.34813157894738,-7.913037922854238,0.5649063439068573
16.5,-7.9571785714285355,-7.904226758755255,-0.05295181267328086
16.6,-6.9217037037036855,-7.896258695891276,0.9745549921875902
16.7,-7.559310344827638,-7.889086305006249,0.329775960178611
16.8,-7.733833333333334,-7.882660185249449,0.1488268519161151
16.9,-7.1541794871793565,-7.876929214558345,0.7227497273789885
17.0,-7.329105263157891,-7.871840812092628,0.5427355489347372
17.1,-7.816111111111088,-7.867341210963792,0.051230099852704214
17.2,-8.16394594594593,-7.863375739398039,-0.30057020654789035
17.3,-8.286,-7.859889108370485,-0.42611089162951465
17.4,-8.100627118644034,-7.856825703675302,-0.24380141496873264
17.5,-8.064499999999995,-7.8541298803728985,-0.21037011962709684
17.6,-7.662500000000029,-7.851746257582986,0.18924625758295743
17.7,-7.320222222222209,-7.849620011647252,0.529397789425043
17.8,-7.576749999999995,-7.847697165733281,0.27094716573328537
17.9,-8.469232876712342,-7.845924873966308,-0.6233080027460334
18.0,-9.185009523809505,-7.844251698154592,-1.3407578256549133
18.1,-8.39714423076923,-7.8426278751496366,-0.5545163556195938
18.2,-8.444599999999976,-7.841005572906767,-0.603594427093209
18.3,-8.470500000000001,-7.839339133414654,-0.631160866585347
18.4,-8.639804347826084,-7.837585300824668,-0.8022190470014161
18.5,-7.980000000000002,-7.835703433288552,-0.14429656671144997
18.6,-8.429813559322033,-7.833655697179479,-0.5961578621425545
18.7,-10.052333333333321,-7.831407242524578,-2.220926090808743
18.8,-8.959000000000005,-7.828926358627157,-1.1300736413728476
18.9,-8.788666666666566,-7.826184609031599,-0.9624820576349675
19.0,-8.64,-7.823156945214535,-0.8168430547854655
19.1,-8.324333333333293,-7.819821798668696,-0.504511534664597
19.2,-8.605863636363626,-7.816161151334747,-0.7897024850288794
19.3,-8.2180412371134,-7.8121605845879385,-0.4058806525254619
19.4,-7.912333333333342,-7.807809307190726,-0.10452402614261569
19.5,-8.10948717948719,-7.803100162789969,-0.30638701669722046
19.6,-7.715249999999992,-7.798029617673611,0.08277961767361841
19.7,-7.899000000000063,-7.7925977296046,-0.10640227039546346
19.8,-8.191538461538462,-7.786808098619371,-0.40473036291909104
19.9,-7.758837209302305,-7.780667800722974,0.021830591420669343
20.0,-7.563333333333346,-7.774187305446431,0.21085397211308532
20.1,-7.739104477611925,-7.767380378263295,0.028275900651369312
20.2,-7.665,-7.760263968888131,0.09526396888813071
20.3,-7.481551724137916,-7.752858086489291,0.27130636235137473
20.4,-7.604000000000001,-7.745185662838389,0.14118566283838785
20.5,-7.73813559322034,-7.737272404395014,-0.0008631888253258779
20.6,-7.771428571428574,-7.729146634293817,-0.042281937134757364
20.7,-7.9433333333333325,-7.720839125168559,-0.2224942081647736
20.8,-7.3297435897435905,-7.712382923723488,0.38263933397989724
20.9,-7.778974358974365,-7.703813167952219,-0.07516119102214613
21.0,-7.440641025641025,-7.695166897903297,0.2545258722622723
21.1,-7.797777777777778,-7.68648286088713,-0.11129491689064785
21.2,-7.6085714285714285,-7.677801312004362,0.0692298834329339
21.3,-7.356999999999996,-7.669163810855215,0.3121638108552194
21.4,-7.4486075949367105,-7.660613015269421,0.21200542033271041
21.5,-7.946835443037991,-7.652192472876191,-0.2946429701618003
21.6,-7.423444444444443,-7.643946411308157,0.22050196686371404
21.7,-7.496666666666669,-7.63591952780461,0.13925286113794133
21.8,-7.502195121951218,-7.628156778955981,0.1259616570047628
21.9,-7.625104895104903,-7.620703171314716,-0.0044017237901874395
22.0,-8.19450450450452,-7.6136035535804325,-0.5809009509240877
22.1,-7.579285714285709,-7.606902411049945,0.027616696764235726
22.2,-7.374851485148515,-7.600643663018405,0.2257921778698906
22.3,-7.162929292929295,-7.59487046383436,0.43194117090506445
22.4,-7.3151792828685265,-7.589625008334773,0.27444572546624624
22.5,-7.224400000000002,-7.5849483423882615,0.3605483423882596
22.6,-7.688222222222214,-7.580880179240666,-0.10734204298154726
22.7,-7.513018867924528,-7.5774587222965435,0.06443985437201505
22.8,-7.673636363636363,-7.574720494906424,-0.09891586872993852
22.9,-7.893384615384624,-7.572700177682891,-0.3206844377017335
23.0,-7.417575757575757,-7.571430453847128,0.15385469627137116
23.1,-7.4399999999999995,-7.570941863109456,0.13094186310945677
23.2,-7.916296296296326,-7.571262664602667,-0.3450336316936591
23.3,-7.5600000000000005,-7.572418709403315,0.012418709403314132
23.4,-7.825357142857136,-7.574433323187536,-0.2509238196696
23.5,-7.793442622950805,-7.577327199580481,-0.21611542337032397
23.6,-7.508888888888905,-7.581118304780453,0.07222941589154797
23.7,-7.496956521739131,-7.585821794070554,0.08886527233142338
23.8,-7.130000000000001,-7.59144994086321,0.46144994086320956
23.9,-7.216382978723417,-7.598012078942785,0.38162910021936813
24.0,-6.689069767441863,-7.60551455856431,0.9164447911224469
24.1,-6.445652173913048,-7.613960717021403,1.1683085431083544
24.2,-6.736179775280898,-7.623350864206488,0.8871710889255899
24.3,-6.434444444444451,-7.6336822835458475,1.1992378391013965
24.4,-6.8314285714285585,-7.644949248501886,0.8135206770733276
24.5,-6.562000000000006,-7.657143054608144,1.0951430546081387
24.6,-7.956470588235394,-7.670252066759897,-0.2862185214754973
24.7,-7.791818181818185,-7.68426178124735,-0.10755640057083493
24.8,-8.038382352941182,-7.699154901817414,-0.33922745112376873
24.9,-8.042235294117631,-7.714911428914951,-0.32732386520268
25.0,-7.617142857142859,-7.731508761200624,0.11436590405776492
25.1,-7.915471698113223,-7.748921808454446,-0.1665498896587776
25.2,-7.722727272727272,-7.76712311501661,0.04439584228933846
25.3,-7.4749206349206405,-7.78608299295873,0.31116235803808934
25.4,-7.888148148148067,-7.805769664203991,-0.08237848394407621
25.5,-7.598461538461538,-7.826149410820875,0.22768787235933718
25.6,-7.517368421052616,-7.847186732704355,0.3298183116517386
25.7,-7.344285714285735,-7.868844511834572,0.5245587975488375
25.8,-7.722982456140357,-7.89108418226684,0.16810172612648344
25.9,-7.669310344827543,-7.9138659049544815,0.2445555601269387
26.0,-8.085161290322578,-7.937148746437598,-0.1480125438849802
26.1,-7.79267857142857,-7.960890860358093,0.16821228892952345
26.2,-8.010526315789473,-7.985049670701362,-0.025476645088111205
26.3,-8.672686567164211,-8.00958205562734,-0.6631045115368721
26.4,-7.738214285714271,-8.034444530738137,0.29623024502386563
26.5,-8.49,-8.05959343063506,-0.4304065693649406
26.6,-7.96121951219512,-8.084985087643041,0.123765575447921
26.7,-9.3217948717949,-8.11057600661835,-1.2112188651765496
26.8,-8.658333333333337,-8.136323034799947,-0.5220102985333899
26.9,-8.262307692307692,-8.162183525725126,-0.10012416658256562
27.0,-8.32921052631578,-8.18811549632134,-0.14109502999444068
27.1,-8.513999999999996,-8.214077776401801,-0.29992222359819465
27.2,-8.245263157894735,-8.240030149902855,-0.005233007991879646
27.3,-8.561839080459764,-8.265933487283132,-0.29590559317663256
27.4,-8.627361111111098,-8.29174986856093,-0.3356112425501685
27.5,-8.550303030303033,-8.317442696512503,-0.23286033379052995
27.6,-8.644545454545455,-8.342976799602004,-0.3015686549434502
27.7,-8.92246153846154,-8.368318524269938,-0.5541430141916024
27.8,-9.42909090909091,-8.393435816273218,-1.0356550928176915
27.9,-9.079718309859153,-8.418298290850935,-0.6614200190082187
28.0,-8.230714285714276,-8.442877291595497,0.21216300588122117
28.1,-8.351071428571387,-8.467145938041938,0.11607450947055042
28.2,-8.331029411764707,-8.491079162125326,0.16004975036061886
28.3,-8.41876923076923,-8.514653733757013,0.09588450298778284
28.4,-8.45999999999999,-8.537848275812395,0.07784827581240528
28.5,-8.48,-8.560643268818136,0.080643268818136
28.6,-8.484426229508207,-8.583021045602393,0.0985948160941863
28.7,-8.78379310344827,-8.604965776145784,-0.17882732730248563
28.8,-9.12603448275862,-8.62646344285002,-0.49957103990859864
28.9,-9.642363636363626,-8.647501806432086,-0.9948618299315406
29.0,-9.94540983606558,-8.668070362669551,-1.2773394733960277
29.1,-9.685238095238095,-8.688160290290307,-0.9970778049477875
29.2,-8.72984375000003,-8.70776439043406,-0.0220793595659714
29.3,-8.94129032258065,-8.726877018304743,-0.214413304275908
29.4,-8.675652173913045,-8.745494007840929,0.06984183392788346
29.5,-8.257297297297292,-8.763612590402094,0.5063152931048016
29.6,-8.827123287671263,-8.781231308571014,-0.045891979100249
29.7,-8.355921052631563,-8.798349926207997,0.4424288735764339
29.8,-8.34,-8.814969335879207,0.47496933587920687
29.9,-8.497272727272746,-8.831091464737494,0.3338187374647479
30.0,-8.46,-8.846719179870862,0.3867191798708607
30.1,-7.932173913043481,-8.861856194054862,0.929682281011381
30.2,-8.442857142857147,-8.876506972751704,0.43364982989455747
30.3,-8.541857142857143,-8.89067664309045,0.3488195002333061
30.4,-8.535588235294108,-8.904370905439045,0.3687826701449364
30.5,-8.773861386138611,-8.917595948048168,0.14373456190955736
30.6,-8.605714285714287,-8.930358365125349,0.3246440794110619
30.7,-9.215263157894736,-8.94266507859777,-0.2725980792969658
30.8,-9.436526315789473,-8.954523263746262,-0.48200305204321126
30.9,-9.002747252747257,-8.96594027884397,-0.03680697390328724
31.0,-8.815,-8.976923598918491,0.1619235989184915
31.1,-8.88711340206186,-8.98748075377551,0.10036735171364874
31.2,-8.894388489208632,-8.997619270455253,0.1032307812466211
31.3,-8.893875968992248,-9.007346620313715,0.11347065132146739
31.4,-8.76947368421053,-9.01667017091713,0.247196486706601
31.5,-8.797313432835823,-9.025597142917228,0.22828371008140458
31.6,-8.553309352517983,-9.03413457204409,0.4808252195261069
31.7,-8.761585365853659,-9.042289276313436,0.2807039104597777
31.8,-8.355714285714285,-9.05006782849109,0.6943535427768044
31.9,-8.62499999999999,-9.057476533786444,0.43247653378645445
32.0,-8.974545454545458,-9.064521412658094,0.08997595811263537
32.1,-9.383783783783786,-9.07120818851356,-0.31257559527022494
32.2,-9.503499999999999,-9.0775422799864,-0.42595772001359933
32.3,-9.254756756756759,-9.083528797403776,-0.17122795935298285
32.4,-9.786460176991145,-9.089172543037435,-0.6972876339537102
32.5,-10.00699029126212,-9.094478014763363,-0.9125122764987577
32.6,-9.83336633663365,-9.099449412829467,-0.733916923804184
32.7,-8.57333333333334,-9.104090649538442,0.5307573162051025
32.8,-8.504077669902912,-9.108405361785755,0.6043276918828422
32.9,-8.809225352112668,-9.112396926518764,0.30317157440609677
33.0,-8.693137254901954,-9.116068479253684,0.42293122435173025
33.1,-8.75591836734694,-9.119422935776786,0.36350456842984613
33.2,-8.678767123287656,-9.122463017084286,0.44369589379662955
33.3,-8.629811320754694,-9.125191277519182,0.49537995676448787
33.4,-9.063437499999997,-9.127610135964625,0.06417263596462774
33.5,-9.373355263157897,-9.129721909856292,-0.24363335330160574
33.6,-9.483749999999999,-9.1315288516873,-0.35222114831269913
33.7,-9.439142857142857,-9.133033187615471,-0.3061096695273857
33.8,-9.229160839160853,-9.134237157761792,-0.09492368139906127
33.9,-9.50801470588234,-9.13514305781289,-0.3728716480694505
34.0,-9.480492957746447,-9.135753281592805,-0.3447396761536421
34.1,-8.739927007299247,-9.136070364331315,0.39614335703206827
34.2,-8.51285714285717,-9.136097026415285,0.6232398835581154
34.3,-8.673943661971835,-9.135836217453088,0.46189255548125274
34.4,-8.68111111111111,-9.135291160488558,0.4541800493774488
34.5,-8.73924528301887,-9.134465396154456,0.39522011313558636
34.6,-8.896504854368965,-9.133362826465053,0.23685797209608772
34.7,-9.186020408163268,-9.131987757839385,-0.05403265032388305
34.8,-9.389393939393937,-9.130344942845895,-0.25904899654804225
34.9,-9.38,-9.128439620082288,-0.25156037991771285
35.0,-9.728415841584154,-9.12627755156361,-0.6021382900205428
35.1,-10.215660377358489,-9.123865056994289,-1.0917953203642004
35.2,-9.914999999999992,-9.121209044348726,-0.7937909556512661
35.3,-9.395419847328258,-9.118317036282347,-0.2771028110459106
35.4,-9.694496124031001,-9.115197192037533,-0.5792989319934687
35.5,-9.750322580645163,-9.111858324677089,-0.6384642559680742
35.6,-8.808000000000003,-9.10830991364189,0.3003099136418861
35.7,-8.729534883720952,-9.104562112769218,0.3750272290482659
35.8,-8.924814814814821,-9.100625754014676,0.17581093919985413
35.9,-8.672929936305763,-9.096512347180658,0.4235824108748947
36.0,-8.27910958904109,-9.092234075958043,0.8131244869169532
36.1,-8.51902097902098,-9.087803790541049,0.5687828115200695
36.2,-8.567021276595746,-9.083234996991928,0.5162137203961823
36.3,-8.718671328671327,-9.07854184342013,0.3598705147488026
36.4,-8.644870129870139,-9.073739102908867,0.4288689730387283
36.5,-9.014146341463425,-9.068842152987436,0.05469581152401126
36.6,-9.022368421052619,-9.063866951326826,0.04149853027420747
36.7,-9.687500000000012,-9.058830007238946,-0.6286699927610666
36.8,-9.350961538461533,-9.053748348494274,-0.297213189967259
36.9,-9.49011904761905,-9.048639482949362,-0.4414795646696881
37.0,-9.61774193548387,-9.043521354500642,-0.5742205809832281
37.1,-9.464615384615378,-9.038412292947958,-0.42620309166741954
37.2,-9.464719101123574,-9.03333095744502,-0.4313881436785536
37.3,-9.539080459770133,-9.028296273321363,-0.5107841864487703
37.4,-9.551034482758615,-9.023327362173363,-0.5277071205852515
37.5,-9.952470588235293,-9.018443465236983,-0.9340271229983106
37.6,-9.779101123595497,-9.013663860174347,-0.7654372634211501
37.7,-9.636043956043933,-9.009007771538899,-0.6270361845050338
37.8,-9.748461538461576,-9.00449427533703,-0.7439672631245458
37.9,-9.77,-9.000142198275697,-0.769857801724303
38.0,-9.514347826086961,-8.995970012464086,-0.5183778136228749
38.1,-9.327794117647072,-8.991995726513816,-0.33579839113325605
38.2,-9.832608695652173,-8.988236774151195,-0.8443719215009775
38.3,-9.320000000000054,-8.9847099016128,-0.33529009838725443
38.4,-8.398407079646006,-8.98143105523875,0.5830239755927433
38.5,-8.468,-8.978415270803914,0.5104152708039145
38.6,-8.48169811320755,-8.975676566219644,0.49397845301209387
38.7,-8.211028037383167,-8.973227839270509,0.7621998018873413
38.8,-8.10696078431372,-8.97108077200808,0.8641199876943588
38.9,-8.040727272727278,-8.969245743320329,0.9285184705930511
39.0,-8.266915887850468,-8.967731751051637,0.7008158632011696
39.1,-7.884999999999993,-8.966546344876445,1.0815463448764522
39.2,-8.108720930232545,-8.96569557093664,0.8569746407040952
39.3,-7.989230769230771,-8.965183929046807,0.9759531598160365
39.4,-7.868888888888889,-8.965014343057073,1.0961254541681837
39.5,-7.516823529411772,-8.9651881447405,1.4483646153287282
39.6,-7.586250000000061,-8.965705071337274,1.3794550713372127
39.7,-8.514117647058827,-8.966563276634242,0.4524456295754149
39.8,-8.36277108433737,-8.967759355183833,0.604988270846464
39.9,-8.35892857142857,-8.969288378987157,0.6103598075585861
40.0,-9.802141148325365,-8.971143945715593,-0.8309972026097725
40.1,-9.719844497607662,-8.973318237352252,-0.7465262602554095
40.2,-9.4920238095238,-8.975802088017245,-0.5162217215065557
40.3,-9.021839024390271,-8.978585059712033,-0.04325396467823772
40.4,-9.128200000000009,-8.98165552477411,-0.1465444752258982
40.5,-8.930270655270682,-8.985000753935596,0.05473009866491374
40.6,-9.140937984496121,-8.988607008976413,-0.15233097551970864
40.7,-9.153801075268824,-8.992459639026329,-0.16134143624249475
40.8,-9.02144578313253,-8.996543179604863,-0.024902603527666045
40.9,-9.277613168724281,-9.00084145351085,-0.2767717152134317
41.0,-9.692278688524617,-9.005337672697443,-0.6869410158271734
41.1,-9.73104336043359,-9.010014540301512,-0.7210288201320783
41.2,-9.231133333333334,-9.014854352049127,-0.21627898128420675
41.3,-9.388820895522388,-9.019839096341878,-0.36898179918051
41.4,-9.913516666666649,-9.024950552438986,-0.8885661142276629
41.5,-9.349623376623361,-9.030170386271065,-0.31945299035229624
41.6,-9.552818452380945,-9.03548024354079,-0.5173382088401546
41.7,-8.824501501501512,-9.040861839886137,0.2163603383846251
41.8,-8.870108108108097,-9.04629704800156,0.1761889398934624
41.9,-8.24752083333334,-9.051767981712974,0.8042471483796341
42.0,-8.517636363636363,-9.057257077057669,0.5396207134213054
42.1,-8.285462962962947,-9.062747170413422,0.7772842074504744
42.2,-8.957397116644845,-9.068221573651645,0.11082445700679955
42.3,-8.927237483953785,-9.073664146174453,0.14642666222066758
42.4,-9.05936553524803,-9.079059363565474,0.019693828317443263
42.5,-9.914556818181786,-9.084392382471517,-0.8301644357102695
42.6,-9.58068518518518,-9.08964910126126,-0.4910360839239196
42.7,-9.64839473684209,-9.094816215991198,-0.5535785208508912
42.8,-9.41250684931503,-9.099881271252425,-0.3126255780626046
42.9,-9.778452054794544,-9.104832705564489,-0.6736193492300551
43.0,-10.065450915141406,-9.109659891101613,-0.9557910240397938
43.1,-8.994088424437315,-9.114353167663166,0.12026474322585123
43.2,-9.434890909090928,-9.118903870930728,-0.31598703816020013
43.3,-9.74008319738985,-9.123304355185542,-0.6167788422043081
43.4,-9.376656301145676,-9.127548010779682,-0.24910829036599402
43.5,-9.159581196581199,-9.131629276753177,-0.027951919828021587
43.6,-9.248518248175206,-9.135543649074677,-0.11297459910052865
43.7,-8.469469387755094,-9.139287685060122,0.669818297305028
43.8,-8.359999999999996,-9.142859004580362,0.7828590045803665
43.9,-8.360333333333337,-9.146256288684038,0.785922955350701
44.0,-8.569458015267156,-9.149479276219555,0.5800212609523996
44.1,-8.523696969696983,-9.15252875893702,0.6288317892400368
44.2,-8.477090909090911,-9.155406575403847,0.678315666312935
44.3,-8.801072164948419,-9.158115603903614,0.35704343895519486
44.4,-8.7023125,-9.160659754326698,0.4583472543266982
44.5,-8.962932914046121,-9.163043958911528,0.2001110448654071
44.6,-9.427372881355923,-9.165274161562,-0.26209871979392396
44.7,-10.049599173553675,-9.16735730535781,-0.8822418681958659
44.8,-9.192245121951215,-9.169301317804596,-0.02294380414661923
44.9,-9.138934722222222,-9.171115093355354,0.03218037113313166
45.0,-9.230832611832621,-9.172808472773239,-0.05802413905938231
45.1,-8.859250712250715,-9.174392218969937,0.3151415067192218
45.2,-9.332818057455523,-9.175877989004924,-0.1569400684505986
45.3,-9.09602739726028,-9.177278301951125,0.08125090469084562
45.4,-9.425546184739005,-9.178606502329206,-0.24693968240979913
45.5,-9.00586498855836,-9.179876718802937,0.17401173024457783
45.6,-9.09806607929516,-9.181103817823855,0.08303773852869512
45.7,-9.161714285714286,-9.182303351916326,0.020589066202040485
45.8,-9.523137931034576,-9.183491502296718,-0.3396464287378578
45.9,-10.100736842105263,-9.184685015519188,-0.9160518265860755
46.0,-10.138265625000091,-9.185901133847723,-0.9523644911523679
46.1,-9.544352941176466,-9.187157519095535,-0.357195422080931
46.2,-10.149461538461484,-9.18847216976893,-0.9609893686925535
46.3,-9.691354430379748,-9.189863331498573,-0.5014910988811749
46.4,-9.91822,-9.191349400911234,-0.7268705990887661
46.5,-10.693234042553218,-9.192948823268118,-1.5002852192851002
46.6,-9.459499999999998,-9.194679984369346,-0.2648200156306526
46.7,-9.747515151515152,-9.196561097407535,-0.550954054107617
46.8,-9.457842105263191,-9.198610085649308,-0.25923201961388287
46.9,-9.48912048192771,-9.20084446201415,-0.28827601991356033
47.0,-9.619638554216866,-9.20328120678056,-0.4163573474363069
47.1,-9.661999999999999,-9.205936644771345,-0.45606335522865393
47.2,-9.68614285714289,-9.208826323466011,-0.47731653367687876
47.3,-8.384296296296302,-9.211964893576553,0.8276685972802511
47.4,-8.183525,-9.215365993707056,1.031840993707057
47.5,-8.122974169741708,-9.21904214077481,1.0960679710331025
47.6,-8.434413284132855,-9.223004627859495,0.7885913437266403
47.7,-8.316437751004012,-9.227263431041965,0.9108256800379539
47.8,-8.247645914396887,-9.231827126610556,0.9841812122136684
47.9,-8.23172619047619,-9.236702819792233,1.0049766293160438
48.0,-8.144657894736858,-9.24189608593822,1.0972381912013631
48.1,-7.846917006802708,-9.247410924864337,1.4004939180616285
48.2,-8.110112866817143,-9.253249728807374,1.1431368619902305
48.3,-8.396725274725254,-9.259413264202877,0.8626879894776227
48.4,-8.692853146853146,-9.265900667217027,0.5730475203638807
48.5,-8.786150170648467,-9.272709452689753,0.48655928204128607
48.6,-8.993913606911452,-9.279835535892476,0.28592192898102375
48.7,-9.218816425120787,-9.287273266293136,0.06845684117234896
48.8,-9.015898876404496,-9.295015472360614,0.2791165959561184
48.9,-9.226209150326794,-9.303053516325418,0.07684436599862465
49.0,-9.674379084967311,-9.311377357734328,-0.36300172723298374
49.1,-9.405999999999992,-9.319975624584663,-0.08602437541532915
49.2,-9.713416666666639,-9.328835690796362,-0.38458097587027673
49.3,-10.41016746411482,-9.337943758781156,-1.0722237053336645
49.4,-10.293435897435893,-9.347284945903885,-0.9461509515320081
49.5,-10.697655367231627,-9.35684337370935,-1.3408119935222782
49.6,-9.726153846153865,-9.366602258920002,-0.35955158723386305
49.7,-9.140980392156834,-9.376544005395251,0.23556361323841735
49.8,-8.96,-9.38665029645338,0.4266502964533796
49.9,-9.51230769230769,-9.396902187138071,-0.115405505169619
50.0,-9.476746987951806,-9.40728019611767,-0.06946679183413629
50.1,-9.481666666666667,-9.417764396933665,-0.06390226973300273
50.2,-9.56111111111108,-9.428334508303182,-0.1327766028078976
50.3,-9.615789473684227,-9.438969983169573,-0.17681949051465473
50.4,-9.05865168539326,-9.449650096201047,0.3909984108077875
50.5,-8.742934782608696,-9.460354029453013,0.717419246844317
50.6,-9.644638009049768,-9.471060955917984,-0.1735770531317833
50.7,-9.829642857142856,-9.481750120669933,-0.3478927364729234
50.8,-9.310186915887853,-9.492400919266212,0.18221400337835902
50.9,-9.487475728155339,-9.502992973024524,0.015517244869185376
51.0,-9.725619047619048,-9.51350620077053,-0.21211284684851783
51.1,-9.58010752688172,-9.523920886653766,-0.0561866402279545
51.2,-9.813500000000015,-9.53421774364021,-0.27928225635980475
51.3,-9.353500000000002,-9.544377972303815,0.19087797230381298
51.4,-9.685106382978729,-9.554383314559587,-0.13072306841914205
51.5,-9.737155172413795,-9.564216102005403,-0.17293907040839152
51.6,-9.565176470588234,-9.573859298561274,0.008682827973039764
51.7,-9.805446428571429,-9.583296537111792,-0.2221498914596367
51.8,-9.861212121212128,-9.592512149874977,-0.26869997133715096
51.9,-9.709999999999999,-9.601491192243971,-0.10850880775602789
52.0,-9.97217391304348,-9.610219459879083,-0.36195445316439745
52.1,-9.816428571428567,-9.618683498867615,-0.1977450725609522
52.2,-9.745742574257422,-9.626870608816844,-0.11887196544057765
52.3,-9.959999999999999,-9.634768838798902,-0.3252311612010974
52.4,-9.839615384615396,-9.642366976121343,-0.1972484084940529
52.5,-9.927528089887645,-9.649654527951586,-0.27787356193605817
52.6,-9.966880733944954,-9.656621695877552,-0.31025903806740196
52.7,-10.30772277227723,-9.66325934354384,-0.6444634287333901
52.8,-9.920000000000003,-9.66955895756648,-0.2504410424335237
52.9,-10.280681818181817,-9.675512602004215,-0.6051692161776021
53.0,-10.180866141732281,-9.681112866753711,-0.4997532749785698
53.1,-10.091769911504436,-9.686352810338363,-0.40541710116607277
53.2,-9.843629032258065,-9.691225897670732,-0.1524031345873329
53.3,-10.044017094017088,-9.695725933481043,-0.3482911605360446
53.4,-9.730260869565214,-9.69984699220985,-0.030413877355364605
53.5,-10.152857142857144,-9.703583345253316,-0.44927379760382813
53.6,-9.87562499999998,-9.706929386522424,-0.16869561347755635
53.7,-9.86263157894737,-9.709879557338912,-0.15275202160845858
53.8,-9.695500000000001,-9.712428271748532,0.016928271748531287
53.9,-9.376538461538466,-9.71456984338718,0.3380313818487135
54.0,-9.665182481751819,-9.716298415079283,0.05111593332746445
54.1,-9.68,-9.71760789236923,0.037607892369230456
54.2,-9.520196078431379,-9.71849188218168,0.19829580375030176
54.3,-9.272121212121219,-9.71894363778333,0.44682242566211094
54.4,-9.133050847457632,-9.718956011186924,0.5859051637292918
54.5,-9.12108108108108,-9.718521414096605,0.5974403330155251
54.6,-9.025490196078431,-9.71763178842987,0.6921415923514385
54.7,-8.735882352941193,-9.716278587356086,0.9803962344148935
54.8,-8.555045045045034,-9.714452767664238,1.1594077226192034
54.9,-8.65219512195122,-9.712144794115282,1.0599496721640627
55.0,-8.486800000000002,-9.709344656245067,1.2225446562450646
55.1,-8.567578947368412,-9.706041897860363,1.1384629504919506
55.2,-8.986277372262808,-9.702225659219234,0.7159482869564258
55.3,-9.817524752475206,-9.69788473162187,-0.11964002085333547
55.4,-9.843636363636369,-9.6930076238824,-0.1506287397539694
55.5,-9.814074074074075,-9.687582639939633,-0.12649143413444186
55.6,-10.081008403361341,-9.681597966726306,-0.3994104366350353
55.7,-9.472592592592598,-9.675041771359856,0.20244917876725843
55.8,-9.237857142857148,-9.667902306720645,0.4300451638634968
55.9,-8.67,-9.660168024508385,0.9901680245083853
56.0,-9.047017543859653,-9.651827694874687,0.6048101510150339
56.1,-9.12,-9.642870531687725,0.522870531687726
56.2,-9.32647058823534,-9.633286322384196,0.30681573414885577
56.3,-9.535504587155952,-9.623065561224104,0.08756097406815222
56.4,-9.948378378378377,-9.612199584621841,-0.33617879375653636
56.5,-9.819402985074637,-9.600680707114302,-0.21872227796033528
56.6,-9.95089552238807,-9.588502356460662,-0.3623931659274078
56.7,-9.99939759036142,-9.575659206353755,-0.42373838400766495
56.8,-9.883076923076908,-9.562147305252758,-0.3209296178241505
56.9,-9.5985,-9.547964199907339,-0.050535800092660565
57.0,-9.77028169014085,-9.533109052218915,-0.237172637921935
57.1,-10.120795454545453,-9.51758274816132,-0.6032127063841326
57.2,-10.028516129032257,-9.501387997552863,-0.5271281314793939
57.3,-10.323415637860098,-9.484529423540009,-0.8388862143200893
57.4,-9.975946969696974,-9.467013640736551,-0.5089333289604223
57.5,-10.442643678160922,-9.448849321074386,-0.9937943570865357
57.6,-9.865304878048786,-9.430047246562495,-0.4352576314862908
57.7,-9.9368484848485,-9.410620348310001,-0.5262281365384993
57.8,-9.897777777777785,-9.390583731335601,-0.5071940464421836
57.9,-10.023375527426152,-9.369954684847675,-0.6534208425784769
58.0,-9.976144578313251,-9.348752677828774,-0.6273919004844775
58.1,-9.875389221556885,-9.32699933989733,-0.5483898816595545
58.2,-9.93434959349592,-9.304718427557209,-0.6296311659387115
58.3,-9.192337662337685,-9.28193577608719,0.08959811374950455
58.4,-9.625555555555543,-9.258679237462758,-0.3668763180927854
58.5,-9.78553030303027,-9.234978604828664,-0.5505516982016072
58.6,-8.790535714285715,-9.210865524142877,0.4203298098571615
58.7,-8.783592233009708,-9.18637339369074,0.4027811606810321
58.8,-9.361976401179883,-9.161537252224628,-0.2004391489552546
58.9,-9.389900990099019,-9.136393656512146,-0.2535073335868727
59.0,-9.494561403508767,-9.110980549073139,-0.3835808544356283
59.1,-9.410065359477102,-9.085337116874587,-0.3247282426025144
59.2,-9.62122641509435,-9.059503641764447,-0.5617227733299028
59.3,-9.80535353535354,-9.033521343473712,-0.7718321918798274
59.4,-8.764499999999998,-9.007432216094815,0.2429322160948164
59.5,-9.344761904761903,-8.981278859043448,-0.36348304571845524
59.6,-9.264140625000007,-8.955104303615618,-0.3090363213843883
59.7,-10.025954545454535,-8.928951836345014,-1.0970027091095211
59.8,-8.504917127071833,-8.902864820444092,0.39794769337225944
59.9,-8.366022099447509,-8.876886516690863,0.5108644172433543
60.0,-8.310971428571436,-8.851059905206675,0.5400884766352387
60.1,-8.327664835164827,-8.825427509628991,0.49776267446416433
60.2,-8.173524590163934,-8.800031225179882,0.6265066350159483
60.3,-8.120645994832046,-8.774912152060228,0.6542661572281823
60.4,-8.11125457875458,-8.750110435485652,0.6388558567310731
60.5,-8.246445603576753,-8.725665113546668,0.4792195099699157
60.6,-8.283703427719823,-8.701613973932568,0.41791054621274526
60.7,-8.217817589576548,-8.677993420413488,0.46017583083694014
60.8,-8.22932059447983,-8.654838349836034,0.4255177553562035
60.9,-8.197516778523491,-8.63218204026111,0.434665261737619
61.0,-8.125791962174938,-8.610056050756976,0.4842640885820373
61.1,-8.103319672131148,-8.588490133251042,0.48517046111989437
61.2,-8.177090163934427,-8.567512156735535,0.3904219928011088
61.3,-8.408253968253966,-8.547148044012804,0.13889407575883794
61.4,-8.41,-8.527421721058015,0.1174217210580153
61.5,-8.383521126760565,-8.508355078978113,0.12483395221754812
61.6,-7.915646687697159,-8.489967948465374,0.5743212607682144
61.7,-7.882366666666672,-8.472278086582383,0.5899114199157109
61.8,-7.976219081272081,-8.455301175658523,0.4790820943864418
61.9,-8.072295719844357,-8.439050834006101,0.36675511416174444
62.0,-8.067111111111112,-8.423538638067454,0.3564275269563417
62.1,-8.093211382113815,-8.408774155491798,0.3155627733779838
62.2,-8.01719723183392,-8.39476498852918,0.3775677566952602
62.3,-8.25098305084746,-8.381516827028253,0.1305337761807941
62.4,-8.369512735326689,-8.36903351023573,-0.00047922509095954524
62.5,-8.441684088269456,-8.357317096517852,-0.08436699175160456
62.6,-8.385219780219781,-8.346367940063239,-0.03885184015654275
62.7,-8.42,-8.336184773588888,-0.08381522641111161
62.8,-8.456645962732917,-8.326764796057645,-0.12988116667527194
62.9,-8.474859967051072,-8.318103764419888,-0.1567562026311844
63.0,-8.474795321637428,-8.310196088407213,-0.16459923323021464
63.1,-8.499964028776978,-8.303034927428216,-0.1969291013487613
63.2,-8.541734154929578,-8.296612288645685,-0.24512186628389365
63.3,-8.365000000000007,-8.290919125350491,-0.07408087464951585
63.4,-8.379398907103822,-8.285945434788584,-0.09345347231523782
63.5,-8.305081967213116,-8.281680354640317,-0.02340161257279938
63.6,-8.357759562841533,-8.278112257390644,-0.07964730545088905
63.7,-8.509562289562295,-8.27522884185972,-0.23433344770257492
63.8,-8.593195876288659,-8.273017221187263,-0.32017865510139565
63.9,-8.434502923976614,-8.271464006587726,-0.16303891738888865
64.0,-8.383742138364779,-8.270555386225444,-0.1131867521393346
64.1,-8.438671874999999,-8.270277198602672,-0.16839467639732675
64.2,-8.443229974160207,-8.270614999902733,-0.17261497425747407
64.3,-8.558223684210509,-8.271554124777392,-0.28666955943311656
64.4,-8.969407894736856,-8.273079740110596,-0.6963281546262596
64.5,-8.693219814241465,-8.275176891337496,-0.41804292290396816
64.6,-8.6583908045977,-8.277830540960068,-0.38056026363763173
64.7,-8.466030150753754,-8.28102559898574,-0.18500455176801367
64.8,-8.846938110749184,-8.284746945117416,-0.5621911656317682
64.9,-8.791035422343315,-8.288979442627259,-0.5020559797160562
65.0,-8.954726666666676,-8.29370794394447,-0.661018722722206
65.1,-9.086318537859004,-8.298917288085638,-0.7874012497733656
65.2,-8.79202797202796,-8.304592290168326,-0.48743568185963326
65.3,-8.81352941176468,-8.31071772338059,-0.5028116883840905
65.4,-8.70640449438202,-8.317278293925732,-0.389126200456289
65.5,-8.345923261390883,-8.324258609609435,-0.02166465178144783
65.6,-8.34,-8.331643142870119,-0.00835685712988088
65.7,-8.130000000000006,-8.33941618916046,0.20941618916045357
65.8,-8.343209459459446,-8.34756182166012,0.004352362200673809
65.9,-7.7959259259259195,-8.35606384333406,0.5601379174081398
66.0,-7.772902350813743,-8.364905737351044,0.5920033865373018
66.1,-8.067807017543839,-8.374070616847554,0.3062635993037155
66.2,-8.28563342318059,-8.383541174963565,0.09790775178297473
66.3,-8.255014577259473,-8.39329963599308,0.1382850587336062
66.4,-8.335189504373178,-8.403327708401271,0.06813820402809334
66.5,-8.33005291005291,-8.413606540383498,0.08355363033058794
66.6,-8.485356550580434,-8.424116678588852,-0.06123987199158165
66.7,-8.427313432835824,-8.434838030597852,0.007524597762028407
66.8,-8.723064876957462,-8.445749831723873,-0.2773150452335891
66.9,-8.147048092868973,-8.456830616698905,0.30978252382993254
67.0,-7.96462686567163,-8.468058196804996,0.503431331133366
67.1,-8.237944444444436,-8.479409643015126,0.24146519857069038
67.2,-8.206247787610586,-8.490861275694197,0.2846134880836111
67.3,-8.54967592592594,-8.502388661369814,-0.04728726455612531
67.4,-8.461993569131822,-8.513966617019722,0.05197304788790014
67.5,-8.39106635071089,-8.525569222259332,0.13450287154844176
67.6,-8.541145339652452,-8.537169839765498,-0.003975499886953671
67.7,-8.442846790890266,-8.548741144243783,0.10589435335351638
67.8,-8.154893992932854,-8.560255160227296,0.4053611672944424
67.9,-7.8309756097561065,-8.571683308975972,0.7407076992198656
68.0,-7.98322188449848,-8.582996464714286,0.5997745802158061
68.1,-8.034598070739554,-8.594165020388234,0.5595669496486799
68.2,-7.873826366559486,-8.605158963028362,0.7313325964688762
68.3,-8.001875669882102,-8.615947958678834,0.6140722887967325
68.4,-8.070564516129028,-8.626501446706973,0.5559369305779445
68.5,-8.272177419354831,-8.636788743155734,0.36461132380090255
68.6,-8.01173678532903,-8.64677915265009,0.635042367321061
68.7,-9.07448275862083,-8.656442088224576,-0.4180406703962536
68.8,-9.086166902404527,-8.66574719831238,-0.42041970409214713
68.9,-9.089690721649484,-8.674664500040926,-0.4150262216085583
69.0,-9.016913946587538,-8.683164517933971,-0.33374942865356694
69.1,-8.781721649484574,-8.69121842713576,-0.09050322234881314
69.2,-8.195337837837817,-8.698798200334071,0.5034603624962539
69.3,-7.475850000000087,-8.705876757630143,1.230026757630056
69.4,-7.870460526315788,-8.712428118642862,0.841967592327074
69.5,-8.101632653061252,-8.718427556106446,0.6167949030451947
69.6,-8.686567164179015,-8.723851750111931,0.03728458593291606
69.7,-8.930909090909049,-8.728678941977964,-0.20223014893108449
69.8,-8.813621103117562,-8.732889086570228,-0.08073201654733353
69.9,-8.895203836930452,-8.736464001770479,-0.1587398351599738
70.0,-8.73912371134021,-8.739387513742717,0.00026380240250745146
70.1,-8.477347417840342,-8.741645596639815,0.26429817879947315
70.2,-9.1757142857143,-8.743226505410336,-0.43248778030396373
70.3,-9.489494949494949,-8.744120900381711,-0.7453740491132379
70.4,-9.074525386313507,-8.744321962311401,-0.33020342400210545
70.5,-9.25291666666671,-8.743825496631,-0.5090911700357097
70.6,-9.519433333333316,-8.742630025677375,-0.7768033076559409
70.7,-9.626923076923191,-8.7407368678086,-0.8861862091145909
70.8,-9.466666666666685,-8.738150202428928,-0.7285164642377566
70.9,-9.540519877675841,-8.734877120092724,-0.8056427575831169
71.0,-10.128999999999934,-8.730927657025111,-1.3980723429748227
71.1,-9.217543859649123,-8.726314813585624,-0.4912290460634985
71.2,-9.352043795620482,-8.721054556406292,-0.6309892392141894
71.3,-9.166447811447814,-8.71516580415084,-0.45128200729697276
71.4,-9.414697986577243,-8.708670397051684,-0.7060275895255597
71.5,-9.052162162162183,-8.7015930505678,-0.35056911159438364
71.6,-9.045245901639296,-8.693961293664652,-0.35128460797464456
71.7,-9.110386740331492,-8.685805392355547,-0.4245813479759448
71.8,-9.228958333333313,-8.677158259268538,-0.5518000740647757
71.9,-9.741718750000022,-8.668055350116441,-1.0736633998835803
72.0,-9.375573770491838,-8.658534548058707,-0.7170392224331312
72.1,-9.382268041237129,-8.64863603707006,-0.7336320041670685
72.2,-9.113333333333397,-8.638402165585322,-0.47493116774807476
72.3,-7.79789473684207,-8.627877301865539,0.8299825650234682
72.4,-8.109846743295035,-8.61710768269873,0.5072609394036949
72.5,-7.622688172042943,-8.606141257167243,0.9834530851243004
72.6,-7.682116402116396,-8.59502752724607,0.9129111251296749
72.7,-7.29096774193549,-8.58381738693119,1.292849644995699
72.8,-7.202769230769237,-8.572562961450027,1.3697937306807901
72.9,-6.975107913669009,-8.561317447900826,1.5862095342318172
73.0,-7.229166666666658,-8.550134958416436,1.3209682917497778
73.1,-6.937205882352974,-8.539070366655647,1.6018644843026726
73.2,-6.721562499999987,-8.52817915809923,1.8066166580992427
73.3,-7.974057971014407,-8.517517284279549,0.5434593132651422
73.4,-9.093555555555836,-8.507141020715958,-0.5864145348398786
73.5,-8.690149253731315,-8.497106827991086,-0.193042425740229
73.6,-9.055570776255948,-8.487471215137644,-0.568099561118304
73.7,-9.146621004566214,-8.47829060436001,-0.6683304002062034
73.8,-8.569999999999999,-8.469621196093986,-0.10037880390601295
73.9,-8.610970464135054,-8.461518833471459,-0.14945163066359513
74.0,-8.749111111111082,-8.454038865354264,-0.2950722457568187
74.1,-8.95741721854303,-8.447236007197453,-0.5101812113455768
74.2,-9.035087719298302,-8.44116419908195,-0.593923520216352
74.3,-9.35719298245614,-8.4358764603288,-0.9213165221273414
74.4,-9.106180555555563,-8.431424740193895,-0.6747558153616673
74.5,-9.250976430976436,-8.427859764259152,-0.8231166667172847
74.6,-9.229473684210474,-8.425230876286065,-0.8042428079244086
74.7,-9.210909090909055,-8.423585875471305,-0.7873232154377501
74.8,-9.38533333333334,-8.42297084923014,-0.9623624841032008
74.9,-9.034193548387085,-8.423430001825581,-0.610763546561504
75.0,-9.365102040816337,-8.4250054793572,-0.9400965614591374
75.1,-8.771562499999934,-8.427737191821775,-0.34382530817815926
75.2,-8.826142131979733,-8.43166263315292,-0.3944794988268132
75.3,-8.471874999999933,-8.43681670032891,-0.03505829967102336
75.4,-8.43666666666651,-8.443231512794542,0.006564846128032542
75.5,-8.488541666666737,-8.45093623356215,-0.03760543310458786
75.6,-8.810725034199756,-8.459956893434384,-0.35076814076537133
75.7,-8.344103967168286,-8.470316219834812,0.12621225266652658
75.8,-8.553187414500682,-8.482033471758303,-0.07115394274237907
75.9,-8.52688524590158,-8.495124282375503,-0.031760963526076935
76.0,-8.373278688524573,-8.509600510846754,0.1363218223221807
76.1,-8.026885245901516,-8.525470104915264,0.49858485901374827
76.2,-8.113169398907221,-8.54273697585083,0.42956757694360803
76.3,-7.762247838616707,-8.561400887296019,0.7991530486793117
76.4,-7.534851104706971,-8.581457359515632,1.046606254808661
76.5,-7.45317963496637,-8.602897590457712,1.149717955491342
76.6,-7.387146974063441,-8.625708394895586,1.238561420832145
76.7,-7.4328914505282535,-8.649872162733018,1.216980712204765
76.8,-7.300040899795484,-8.6753668373221,1.3753259375266156
76.9,-7.200122699386538,-8.702165914375863,1.5020432149893246
77.0,-7.669079754601252,-8.730238461765575,1.0611587071643234
77.1,-8.07462167689157,-8.759549160184264,0.684927483292693
77.2,-8.728588957055235,-8.790058364345345,0.061469407290109856
77.3,-8.673492822966514,-8.821722184093526,0.14822936112701157
77.4,-8.472526690391462,-8.85449258456786,0.3819658941763979
77.5,-8.795634638196955,-8.888317504392752,0.09268286619579769
77.6,-9.051921708185008,-8.9231409907725,-0.12878071741250707
77.7,-9.17,-8.958903350302426,-0.21109664969757347
77.8,-9.622023121387292,-8.995541314269142,-0.6264818071181502
77.9,-9.558439306358357,-9.032988217198673,-0.5254510891596844
78.0,-9.669576107899816,-9.071174187435918,-0.598401920463898
78.1,-9.232100192678228,-9.110026348606386,-0.12207384407184207
78.2,-9.550520231213898,-9.149469030911732,-0.4010512003021667
78.3,-9.326936416185012,-9.189423991323778,-0.13751242486123338
78.4,-8.849261992619875,-9.22981064184589,0.38054864922601617
78.5,-9.154151291512864,-9.270546285091529,0.11639499357866434
78.6,-9.285524475524486,-9.311546356479855,0.02602188095536917
78.7,-9.080909090909085,-9.35272467236325,0.27181558145416496
78.8,-9.072121212121226,-9.3939936833865,0.32187247126527296
78.9,-9.356049822064106,-9.435264732345077,0.07921491028097094
79.0,-9.618007117437712,-9.476448315769765,-0.1415588016679461
79.1,-9.801577698695118,-9.517454348421596,-0.2841233502735214
79.2,-9.617544483985753,-9.558192429845008,-0.059352054140745736
79.3,-9.429086538461528,-9.598572112112537,0.16948557365100925
79.4,-9.595048076923131,-9.638503167904323,0.04345509098119216
79.5,-9.757812499999986,-9.677895858085677,-0.07991664191430914
79.6,-10.140192307692313,-9.716661197958791,-0.42353110973352237
79.7,-10.10383292383282,-9.754711221368485,-0.3491217024643358
79.8,-9.540000000000001,-9.791959241851739,0.251959241851738
79.9,-9.967567567567574,-9.82832011005013,-0.1392474575174436
80.0,-10.062334152334149,-9.86371046664746,-0.1986236856866892
80.1,-9.921370192307574,-9.898048990134097,-0.023321202173477218
80.2,-10.20298076923076,-9.93125663872646,-0.27172413050429967
80.3,-10.041778846153877,-9.963256885791775,-0.07852196036210124
80.4,-9.944399038461581,-9.993975948154333,0.049576909692751414
80.5,-9.638348416289611,-10.023343006689494,0.3849945903998826
80.6,-9.954751131221748,-10.051290418637038,0.09653928741528972
80.7,-9.945610859728514,-10.077753921073617,0.13214306134510245
80.8,-10.30904977375565,-10.102672824968705,-0.20637694878694468
80.9,-10.294705882352996,-10.12599019921739,-0.1687156831356056
81.0,-9.971666666666675,-10.147653044015506,0.17598637734883127
81.1,-10.216500000000007,-10.167612452932342,-0.04888754706766463
81.2,-10.279166666666661,-10.185823763042048,-0.09334290362461317
81.3,-9.823920552677043,-10.20224669248474,0.37832613980769736
81.4,-10.450466321243578,-10.216845464832428,-0.23362085641115016
81.5,-10.605915492957731,-10.229588919631734,-0.37632657332599706
81.6,-10.216901408450711,-10.2404506084899,0.023549200039187923
81.7,-10.523661971830988,-10.249408876072998,-0.27425309575798984
81.8,-10.324973730297724,-10.256446925404997,-0.068526804892727
81.9,-10.296567425569231,-10.261552866891048,-0.03501455867818315
82.0,-10.608213660245214,-10.264719750527359,-0.3434939097178553
82.1,-10.193403141361355,-10.265945580795588,0.07254243943423333
82.2,-10.771675392670163,-10.265233313772246,-0.5064420788979174
82.3,-10.795148342059356,-10.262590836017823,-0.5325575060415328
82.4,-10.801735537190089,-10.25803092485316,-0.5437046123369296
82.5,-10.955182481751828,-10.251571189691758,-0.7036112920600708
82.6,-10.77,-10.243233994184772,-0.5267660058152277
82.7,-11.064525547445271,-10.233046359051086,-0.8314791883941854
82.8,-10.780289210233601,-10.221039845601139,-0.5592493646324623
82.9,-10.886774193548383,-10.207250420112011,-0.6795237734363724
83.0,-10.590989988876528,-10.191718299367672,-0.39927168950885594
83.1,-10.544271412680729,-10.174487777836374,-0.36978363484435484
83.2,-10.574994438264746,-10.155607037108672,-0.4193874011560741
83.3,-10.619320638188368,-10.13512793835621,-0.4841926998321586
83.4,-10.679011837364902,-10.113105798691006,-0.5659060386738961
83.5,-10.599583118888317,-10.089599152414074,-0.5099839664742429
83.6,-10.591420483787955,-10.064669498251435,-0.5267509855365198
83.7,-10.602974781266084,-10.038381033791948,-0.5645937474741363
83.8,-10.488121461657212,-10.010800378465234,-0.47732108319197764
83.9,-10.179758106021618,-9.981996286525408,-0.1977618194962094
84.0,-10.341024189397846,-9.95203935163243,-0.38898483776541504
84.1,-10.06904271744727,-9.921001704740695,-0.14804101270657455
84.2,-9.710607054963065,-9.888956707106646,0.17834965214358078
84.3,-9.242346185397865,-9.855978640308072,0.6136324549102063
84.4,-9.030287120590668,-9.822142395219405,0.7918552746287375
84.5,-8.641394585725992,-9.787523161894368,1.1461285761683762
84.6,-9.52956521739126,-9.752196122252975,0.222630904861715
84.7,-9.823584905660386,-9.716236147352287,-0.10734875830809898
84.8,-9.752601626016254,-9.679717500865522,-0.07288412515073261
84.9,-9.796666666666644,-9.64271355024977,-0.15395311641687393
85.0,-9.264634146341464,-9.605296486989229,0.34066234064776424
85.1,-9.055520134228196,-9.567537057263955,0.512016923035759
85.2,-9.046543624161075,-9.529504304384021,0.4829606802229467
85.3,-9.104345637583886,-9.491265324307397,0.38691968672351074
85.4,-9.118909395973137,-9.45288503550449,0.3339756395313529
85.5,-8.842281879194644,-9.414425964345684,0.5721440851510398
85.6,-8.906157718120804,-9.375948047086638,0.46979032896583384
85.7,-8.818602941176485,-9.3375084494214,0.5189055082449148
85.8,-8.829637795275596,-9.299161404466075,0.4695236091904782
85.9,-8.61363779527559,-9.260958069922397,0.6473202746468072
86.0,-8.638771653543305,-9.22294640505079,0.5841747515074847
86.1,-8.4528188976378,-9.185171067957446,0.732352170319647
86.2,-8.564787401574808,-9.147673333567644,0.5828859319928359
86.3,-8.540598425196858,-9.110491032515807,0.5698926073189483
86.4,-8.595189620758507,-9.073658511033255,0.4784688902747476
86.5,-8.825455755156348,-9.037206611763274,0.21175085660692616
86.6,-8.773186959414504,-9.001162675289427,0.2279757158749227
86.7,-8.650718562874253,-8.965550562036286,0.31483199916203297
86.8,-8.703147039254823,-8.930390694097943,0.2272436548431198
86.9,-8.528403193612736,-8.895700116467093,0.3672969228543579
87.0,-8.509640718562862,-8.861492577067509,0.35185185850464684
87.1,-8.406613439787101,-8.827778624924697,0.42116518513759615
87.2,-8.368137603795967,-8.794565725737058,0.4264281219410915
87.3,-8.328825622775804,-8.761858394029256,0.4330327712534512
87.4,-8.22344009489915,-8.729658340980343,0.5062182460811933
87.5,-8.283558718861213,-8.697964636922034,0.4144059180608206
87.6,-8.144234875444827,-8.666773887399092,0.5225390119542652
87.7,-8.301459074733094,-8.636080421575722,0.3346213468426278
87.8,-8.2376275207592,-8.60587649166126,0.36824897090206044
87.9,-8.226903914590752,-8.57615248191881,0.34924856732805765
88.0,-8.219285714285707,-8.546897125715855,0.3276114114301478
88.1,-8.164719387755095,-8.518097728978626,0.3533783412235305
88.2,-8.375255102040821,-8.48974039832202,0.11448529628119886
88.3,-8.430841836734695,-8.461810272042918,0.030968435308222908
88.4,-8.570535714285738,-8.434291752089493,-0.1362439621962448
88.5,-9.061326530612245,-8.407168735060418,-0.6541577955518267
88.6,-9.41117346938772,-8.380424840257653,-1.0307486291300663
88.7,-9.611785714285718,-8.354043632829773,-1.2577420814559446
88.8,-9.609375000000014,-8.328008840117343,-1.2813661598826709
88.9,-9.316999999999991,-8.302304559459683,-1.014695440540308
89.0,-9.059499999999987,-8.276915455938841,-0.7825845440611463
89.1,-8.847,-8.251826948795433,-0.5951730512045668
89.2,-8.84187499999999,-8.227025385515997,-0.6148496144839921
89.3,-8.848000000000022,-8.202498202832123,-0.6455017971678991
89.4,-8.631333333333325,-8.178234074075904,-0.4530992592574208
89.5,-8.553272727272724,-8.154223042509402,-0.39904968476332137
89.6,-8.684400000000018,-8.13045664039821,-0.5539433596018082
89.7,-8.530461538461537,-8.106927993737138,-0.42353354472439975
89.8,-8.325969230769227,-8.08363191266175,-0.24233731810747727
89.9,-8.185907692307692,-8.060564967695338,-0.12534272461235396
90.0,-8.293476923076945,-8.037725552086927,-0.25575137099001743
90.1,-7.739200000000008,-8.015113930586173,0.27591393058616465
90.2,-7.622769230769227,-7.992732275069042,0.36996304429981564
90.3,-7.71630769230768,-7.970584687468476,0.2542769951607955
90.4,-8.258801261829648,-7.948677210471967,-0.31012405135768084
90.5,-8.153123028391146,-7.927017826424939,-0.22610520196620687
90.6,-8.231608832807593,-7.905616444844172,-0.3259923879634208
90.7,-8.084164037854888,-7.88448487892885,-0.19967915892603827
90.8,-8.083217665615141,-7.863636811474635,-0.21958085414050643
90.9,-8.064290220820174,-7.843087750642475,-0.22120247017769934
91.0,-7.92309148264984,-7.8228549760918575,-0.10023650655798289
91.1,-7.730220820189309,-7.802957476045284,0.07273665585597566
91.2,-7.4787290969899916,-7.783415875900349,0.3046867789103578
91.3,-7.7398327759197985,-7.764252359041286,0.024419583121487953
91.4,-8.368695652173914,-7.745490580516406,-0.6232050716575079
91.5,-7.640738255033567,-7.727155574243879,0.08641731921031148
91.6,-7.414697986577186,-7.709273654403084,0.2945756678258986
91.7,-7.797315436241617,-7.691872311678659,-0.10544312456295835
91.8,-7.482837370242211,-7.674980105044194,0.1921427348019833
91.9,-7.503875432525927,-7.6586265497824435,0.15475111725651658
92.0,-7.518062283737009,-7.642842002429994,0.12477971869298532
92.1,-7.365801011804387,-7.627657543312562,0.2618565315081751
92.2,-7.284586846543002,-7.613104857308097,0.32851801076509535
92.3,-7.437470489038797,-7.599216113438545,0.1617456243997477
92.4,-7.462601279317686,-7.586023843845929,0.1234225645282434
92.5,-7.5268869936034175,-7.573560822656037,0.04667382905261963
92.6,-7.586140724946698,-7.561859945180249,-0.024280779766448823
92.7,-7.48694915254238,-7.550954107862002,0.06400495531962225
92.8,-7.328387379491668,-7.540876089344173,0.21248870985250523
92.9,-7.3496757230499545,-7.531658433014693,0.1819827099647382
93.0,-7.387116564417185,-7.5233333313714414,0.13621676695425666
93.1,-7.360850131463654,-7.515932512524802,0.15508238106114813
93.2,-7.257992988606467,-7.509487129124133,0.25149414051766605
93.3,-7.32545454545454,-7.504027649955927,0.1785731045013872
93.4,-7.5177272727272815,-7.4995837544202555,-0.018143518307025985
93.5,-7.326363636363637,-7.496184230049763,0.16982059368612568
93.6,-7.389999999999971,-7.49385687319489,0.10385687319491854
93.7,-7.3954545454545455,-7.492628392963884,0.09717384750933888
93.8,-7.4786363636363875,-7.4925243184772885,0.013887954840900996
93.9,-7.357419354838708,-7.493568909471087,0.13614955463237877
94.0,-7.413225806451614,-7.495785070258942,0.0825592638073287
94.1,-7.447649769585265,-7.499194267042362,0.05154449745709666
94.2,-7.5248847926267315,-7.503816448537644,-0.021068344089087532
94.3,-7.600230414746544,-7.509669969869606,-0.09056044487693793
94.4,-7.542660550458713,-7.51677151966664,-0.025889030792073164
94.5,-7.599082568807335,-7.525136050283822,-0.07394651852351242
94.6,-7.814495412843985,-7.5347767110825155,-0.2797187017614693
94.7,-7.678256880733968,-7.5457047847055545,-0.13255209602841322
94.8,-7.5306422018348655,-7.5579296263061115,0.02728742447124599
94.9,-7.652110091743113,-7.571458605715469,-0.08065148602764438
95.0,-7.706111111111108,-7.586297052565954,-0.11981405854515348
95.1,-8.378333333333334,-7.602448204413622,-0.775885128919712
95.2,-7.5725925925926,-7.619913157931882,0.047320565339282084
95.3,-7.715925925925918,-7.638690823283721,-0.0772351026421969
95.4,-7.695555555555555,-7.658777881833651,-0.03677767372190388
95.5,-7.629954504094624,-7.68016874742043,0.05021424332580526
95.6,-7.586487716105549,-7.7028555314581455,0.11636781535259644
95.7,-8.147543221110082,-7.726828012157692,-0.42071520895239
95.8,-7.595723384895359,-7.752073608169248,0.15635022327388892
95.9,-7.6060873521383146,-7.778577356951078,0.17249000481276333
96.0,-7.73,-7.806321898177956,0.0763218981779552
96.1,-7.784935304990709,-7.835287462509751,0.05035215751904154
96.2,-7.845841035120149,-7.865451866037693,0.019610830917544675
96.3,-7.823530499075792,-7.896790510710627,0.07326001163483475
96.4,-7.9105360443623125,-7.929276391024456,0.018740346662143637
96.5,-7.997892791127542,-7.962880107242078,-0.035012683885464746
96.6,-7.937556357078449,-7.997569885399406,0.06001352832095641
96.7,-7.994256086564472,-8.03331160434454,0.039055517780067994
96.8,-7.898935978358871,-8.070068830050799,0.1711328516919277
96.9,-8.022209197475188,-8.107802857437889,0.08559365996270074
97.0,-7.973895401262389,-8.146472759924855,0.17257735866246549
97.1,-8.101298467087407,-8.186035446920547,0.08473697983314032
97.2,-8.192023486901542,-8.22644572943271,0.03442224253116777
97.3,-7.729918699186994,-8.267656393948267,0.5377376947612724
97.4,-7.9047335140017685,-8.30961828470651,0.40488477070474094
97.5,-7.7551942186088665,-8.352280394448664,0.5970861758397978
97.6,-8.025230352303467,-8.395589963670698,0.37035961136723117
97.7,-8.01368131868131,-8.439492588324285,0.4258112696429741
97.8,-8.05465201465201,-8.483932335808166,0.4292803211561562
97.9,-8.092146098984234,-8.528851868981395,0.43670576999716104
98.0,-8.239109574238169,-8.574192577820781,0.33508300358261245
98.1,-8.386073049492106,-8.619894718240039,0.23382166874793242
98.2,-8.533036524746063,-8.665897557487897,0.13286103274183425
98.3,-8.68,-8.712139525450727,0.03213952545072729
98.4,-8.665,-8.758558371108203,0.09355837110820353
98.5,-8.65,-8.80509132333306,0.15509132333306042
98.6,-8.823333333333325,-8.851675255186628,0.02834192185330231
98.7,-8.996666666666675,-8.898246850834113,-0.09841981583256221
98.8,-9.17,-8.944742774182055,-0.22525722581794483
98.9,-9.136666666666663,-8.991099838325866,-0.14556682834079737
99.0,-9.103333333333332,-9.037255174894819,-0.06607815843851306
99.1,-9.07,-9.083146402398368,0.01314640239836784
99.2,-9.240000000000013,-9.128711792705406,-0.11128820729460642
99.3,-9.41,-9.173890434816288,-0.23610956518371218
99.4,-9.39832989397523,-9.218622395110561,-0.1797074988646692
99.5,-9.386659787950462,-9.26284887327535,-0.1238109146751114
99.6,-9.374989681925696,-9.306512353147548,-0.0684773287781475
99.7,-9.605586034695033,-9.34955674773849,-0.2560292869565437
99.8,-9.676349126397229,-9.391927537747968,-0.2844215886492609
99.9,-9.583431421315439,-9.433571902912114,-0.1498595184033249
100.0,-9.36590024968254,-9.474438845569797,0.10853859588725712
100.1,-9.88647381576777,-9.514479305876439,-0.37199450989133176
100.2,-9.626299251957983,-9.553646268137673,-0.07265298382031027
100.3,-9.619219451656875,-9.591894857772537,-0.02732459388433739
100.4,-9.987341647555303,-9.629182428448592,-0.3581592191067102
100.5,-9.834311678711419,-9.665468638964185,-0.1688430397472338
100.6,-10.065467350547213,-9.700715519488904,-0.36475183105830844
100.7,-10.003040163420005,-9.73488752681479,-0.2681526366052154
100.8,-10.405887734571959,-9.767951588322198,-0.6379361462497606
100.9,-10.40155112122241,-9.799877134428202,-0.6016739867942071
101.0,-10.054482444537618,-9.83063611936453,-0.22384632517308667
101.1,-10.116407026467993,-9.860203030228615,-0.2562039962393783
101.2,-10.193706863604,-9.88855488435962,-0.3051519792443802
101.3,-10.237090448189596,-9.91567121519691,-0.32141923299268527
101.4,-10.248021166702909,-9.9415340468692,-0.306487119833708
101.5,-10.245204050820728,-9.966127857840227,-0.2790761929805008
101.6,-10.242386934938546,-9.989439534009536,-0.2529474009290098
101.7,-10.239569819056364,-10.011458311739645,-0.2281115073167186
101.8,-10.236752703174183,-10.032175711352192,-0.20457699182199107
101.9,-10.233935587292,-10.05158546170304,-0.18235012558896102
102.0,-10.231118471409818,-10.069683416508017,-0.16143505490180132
102.1,-10.230519286432012,-10.08646746314689,-0.14405182328512112
102.2,-10.3160803668,-10.101937424723356,-0.2141429420766432
102.3,-10.089413782336056,-10.116094956204218,0.02668117386816249
102.4,-9.898651647148043,-10.128943435501787,0.2302917883537443
102.5,-9.720251144456041,-10.140487850396859,0.42023670594081786
102.6,-10.140326730372044,-10.150734682216719,0.010407951844674912
102.7,-9.85152422323999,-10.159691787173657,0.30816756393366695
102.8,-10.12085421823197,-10.167368276234582,0.04651405800261088
102.9,-10.075912868279996,-10.17377439434395,0.09786152606395326
103.0,-9.950192715572006,-10.178921399774392,0.22872868420238568
103.1,-9.895804094100038,-10.182821444338257,0.2870173502382194
103.2,-10.116448887519994,-10.1854874551565,0.06903856763650573
103.3,-10.172378600983999,-10.186933018643346,0.014554417659347507
103.4,-10.347738717215991,-10.18717226732401,-0.16056644989198077
103.5,-10.324539428856056,-10.186219770065442,-0.13831965879061414
103.6,-10.354564468291988,-10.184090426278088,-0.17047404201390037
103.7,-10.088994968920002,-10.180799364645921,0.09180439572591936
103.8,-9.766800628295998,-10.17636184695854,0.40956121866254236
103.9,-9.90485749019203,-10.17079317763892,0.26593568744688945
104.0,-10.100276205747832,-10.1641086195654,0.06383241381756832
104.1,-9.827613253612128,-10.156323316764626,0.3287100631524975
104.2,-9.682244568079987,-10.147452224506914,0.4652076564269265
104.3,-9.900075236147973,-10.137510047279061,0.237434811131088
104.4,-9.930460741419962,-10.126511185047855,0.19605044362789315
104.5,-9.919229456735984,-10.114469688159163,0.19524023142317937
104.6,-10.162813926207752,-10.10139922114559,-0.06141470506216251
104.7,-10.194296527499985,-10.087313035650494,-0.10698349184949052
104.8,-10.240209419348039,-10.072223952627752,-0.16798546672028714
104.9,-10.360854247264024,-10.05614435395067,-0.30470989331335474
105.0,-9.799648331639984,-10.03908618356197,0.23943785192198597
105.1,-10.034999972843977,-10.021060958315477,-0.013939014528499882
105.2,-8.006658632740152,-10.002079788685062,1.9954211559449107
105.3,-9.273744157878914,-9.982153409520546,0.7084092516416316
105.4,-8.539542457619952,-9.961292220976699,1.4217497633567469
105.5,-9.084978250918011,-9.939506339602376,0.8545280886843649
105.6,-9.057502820092518,-9.91680565935783,0.8593028392653128
105.7,-9.23,-9.893199922067911,0.6631999220679106
105.8,-9.68252779705313,-9.868698796559551,0.18617099950642135
105.9,-9.345600124007468,-9.843311965499868,0.4977118414924
106.0,-9.687770260919528,-9.817049218759134,0.12927895783960608
106.1,-9.613165772189747,-9.789920551974305,0.17675477978455767
106.2,-9.826012562682465,-9.761936268879088,-0.06407629380337632
106.3,-9.171353326731419,-9.733107085886825,0.5617537591554065
106.4,-10.0422571283475,-9.703444237354795,-0.3388128909927062
106.5,-10.1,-9.672959579916093,-0.4270404200839071
106.6,-10.22436442347043,-9.641665694235508,-0.5826987292349219
106.7,-10.019748672962569,-9.609575982539965,-0.41017269042260374
106.8,-10.285677456431985,-9.576704760309012,-0.7089726961229736
106.9,-10.189885611469434,-9.543067340590676,-0.6468182708787573
107.0,-10.304398267353998,-9.508680109520782,-0.7957181578332158
107.1,-10.016550666343873,-9.47356059175717,-0.5429900745867027
107.2,-10.321681968580013,-9.437727504689095,-0.8839544638909178
107.3,-10.147481882506742,-9.401200800442902,-0.7462810820638399
107.4,-10.24082326773305,-9.364001694874185,-0.8768215728588657
107.5,-10.262687282600796,-9.326152682912626,-0.9365345996881693
107.6,-10.320135334761154,-9.28767753981165,-1.0324577949495044
107.7,-10.286297732625407,-9.248601308053335,-1.0376964245720721
107.8,-10.278287413457754,-9.208950269872027,-1.0693371435857273
107.9,-10.462880622633973,-9.168751905588266,-1.294128717045707
108.0,-9.955372961455842,-9.128034838187578,-0.8273381232682642
108.1,-10.362608347408996,-9.086828764834094,-1.275779582574902
108.2,-9.913069131042738,-9.045164376272428,-0.8679047547703096
108.3,-9.604475592929013,-9.00307326533603,-0.6014023275929841
108.4,-8.87388109320412,-8.960587826037205,0.08670673283308439
108.5,-8.804345104962628,-8.917741144948161,0.11339603998553294
108.6,-6.9674448215080576,-8.874566886768102,1.9071220652600447
108.7,-8.160352821012445,-8.831099176076469,0.6707463550640238
108.8,-8.248622526396137,-8.78737247726978,0.538749950873644
108.9,-8.217676803449438,-8.743421474567173,0.5257446711177352
109.0,-8.120818431378009,-8.699280953785133,0.5784625224071238
109.1,-7.980739492272126,-8.654985687384785,0.6742461951126595
109.2,-7.965218297747484,-8.610570324122552,0.6453520263750683
109.3,-8.139863058557518,-8.566069284484744,0.4262062259272259
109.4,-7.947312705981003,-8.521516662941913,0.5742039569609103
109.5,-8.07156920010615,-8.476946137913838,0.4053769378076879
109.6,-8.019078454752474,-8.432390890195725,0.4133124354432507
109.7,-8.08690188915768,-8.387883530465741,0.30098164130806104
109.8,-7.596210727652497,-8.343456036374608,0.7472453087221114
109.9,-7.713439663881464,-8.299139699607153,0.5857000357256892
110.0,-7.8891155183625195,-8.25496508319675,0.3658495648342299
110.1,-7.726020622023507,-8.210961989257232,0.4849413672337253
110.2,-7.895532466250054,-8.167159437171579,0.2716269709215249
110.3,-7.6144127571729,-8.123585652151322,0.5091728949784216
110.4,-7.6389270213720595,-8.080268063965073,0.441341042593014
110.5,-7.75140164461553,-8.037233315529605,0.28583167091407446
110.6,-7.666563548826669,-7.994507280956653,0.3279437321299845
110.7,-7.707773480969978,-7.952115092550167,0.24434161158018863
110.8,-7.814749475813981,-7.910081176154962,0.0953317003409806
110.9,-7.778960852697001,-7.868429294174367,0.08946844147736677
111.0,-7.844805862007925,-7.827182595505237,-0.017623266502687862
111.1,-7.810064444394516,-7.786363671586202,-0.023700772808314063
111.2,-7.712653455189989,-7.7459946177202,0.03334116253021069
111.3,-7.663102143694776,-7.706097098813263,0.04299495511848672
111.4,-7.964128403048744,-7.666692418663603,-0.2974359843851415
111.5,-7.901381521509846,-7.627801591933775,-0.273579929576071
111.6,-7.6909801615670395,-7.589445417945276,-0.10153474362176329
111.7,-7.570367562351143,-7.5516445554548906,-0.01872300689625206
111.8,-7.103022169461524,-7.514419597605952,0.4113974281444275
111.9,-7.971779465498675,-7.4777911462836375,-0.4939883192150374
112.0,-7.596983663621246,-7.441779885126239,-0.15520377849500644
112.1,-7.493640604956906,-7.406406650453044,-0.08723395450386207
112.2,-7.78826721139626,-7.371692499379627,-0.416574712016633
112.3,-7.539200698493679,-7.337658774417836,-0.20154192407584315
112.4,-7.684550758069522,-7.304327163901315,-0.38022359416820617
112.5,-7.239533257497389,-7.271719757631964,0.032186500134574914
112.6,-7.640606768447467,-7.239859097203625,-0.4007476712438418
112.7,-7.517059509787516,-7.2087682205216135,-0.30829128926590244
112.8,-7.313004665806361,-7.178470700096127,-0.13453396571023468
112.9,-7.339025671404712,-7.148990674745051,-0.1900349966596604
113.0,-7.533086348579697,-7.120352874400582,-0.4127334741791149
113.1,-7.209953326740515,-7.092582637773635,-0.11737068896688019
113.2,-7.212963827172503,-7.065705922688395,-0.1472579044841078
113.3,-6.869125878985281,-7.039749308956443,0.17062342997116176
113.4,-7.186748252754517,-7.0147399937128725,-0.17200825904164407
113.5,-7.252237766769845,-6.990705779177865,-0.2615319875919804
113.6,-7.217062935047058,-6.9676750528335205,-0.24938788221353736
113.7,-7.097342655324984,-6.945676760026861,-0.15166589529812313
113.8,-6.966590906903292,-6.92474036903924,-0.04185053786405213
113.9,-6.869930065045703,-6.9048958287033235,0.034965763657620386
114.0,-7.131818183841,-6.8861735186918684,-0.24564466514913175
114.1,-7.233461538630245,-6.868604192637599,-0.36485734599264674
114.2,-7.123111885072441,-6.852218914270823,-0.27089297080161767
114.3,-7.229790205903281,-6.8370489867927775,-0.3927412191105031
114.4,-7.024388587784742,-6.823125875749512,-0.20126271203522972
114.5,-6.853994561826278,-6.8104811257345395,-0.04351343609173863
114.6,-6.949782612315975,-6.799146271318984,-0.15063634099699108
114.7,-6.828804344957531,-6.7891527426732114,-0.03965160228431941
114.8,-6.837595109526729,-6.780531766395142,-0.05706334313158745
114.9,-6.460244565444248,-6.773314262096153,0.31306969665190465
115.0,-6.5080706532335,-6.767530735317462,0.25946008208396165
115.1,-6.707500002348217,-6.763211167356263,0.05571116500804596
115.2,-6.988220109681232,-6.760384902567536,-0.22783520711369576
115.3,-6.9519565199180295,-6.75908053367852,-0.19287598623950952
115.4,-6.780978260261996,-6.75932578562541,-0.021652474636586483
115.5,-6.427173909699007,-6.76114739841358,0.3339734887145731
115.6,-6.549293480390939,-6.764571009513697,0.21527752912275755
115.7,-6.4339130422600235,-6.769621036317604,0.33570799405758045
115.8,-6.614823369946246,-6.776320559168761,0.16149718922251477
115.9,-6.66,-6.784691205445969,0.12469120544596901
116.0,-6.917065218001998,-6.794753035126244,-0.12231218287575363
116.1,-6.956956524183966,-6.80652442819947,-0.15043209598449625
116.2,-6.886711952392501,-6.820021974268377,-0.06668997812412414
116.3,-6.926413046386475,-6.835260364650732,-0.09115268173574353
116.4,-6.908478259643997,-6.852252287305572,-0.05622597233842441
116.5,-6.8988586958054965,-6.871008324923443,-0.027850370882053888
116.6,-6.774252716700772,-6.8915368565416415,0.11728413984086927
116.7,-6.6863043476724995,-6.913843963062561,0.22753961539006173
116.8,-6.740312501767732,-6.937933337061284,0.19762083529355223
116.9,-6.929864130973241,-6.963806197262686,0.03394206628944474
117.0,-6.975475543555247,-6.9914612080465535,0.015985664491306117
117.1,-6.946576086571259,-7.020894404307457,0.07431831773619813
117.2,-6.8984239127350016,-7.052099121965043,0.15367520923004108
117.3,-6.626005436324666,-7.085065934396241,0.4590604980715751
117.4,-6.737896851733247,-7.119782595039005,0.38188574330575786
117.5,-7.15281313933798,-7.1562339863854305,0.0034208470474501596
117.6,-7.570843937650731,-7.194402075532778,-0.37644186211795283
117.7,-7.433791027453825,-7.234265876402593,-0.19952515105123236
117.8,-7.243978560813779,-7.275801418694937,0.03182285788115813
117.9,-7.376851977345528,-7.318981723635866,-0.05787025370966248
118.0,-7.43130608879034,-7.363776786597646,-0.06752930219269349
118.1,-7.580141995953456,-7.410153566701643,-0.1699884292518128
118.2,-7.5848496794287135,-7.458075983538243,-0.1267736958904706
118.3,-7.58955736290397,-7.507504921157705,-0.08205244174626536
118.4,-7.594265046379228,-7.5583982395075004,-0.035866806871727164
118.5,-7.598972729854484,-7.610710793517338,0.011738063662853904
118.6,-7.423221699811455,-7.664394460057771,0.2411727602463163
118.7,-7.5484996709501075,-7.719398173015209,0.1708985020651017
118.8,-7.471022701223247,-7.775667966729005,0.30464526550575766
118.9,-7.696618963289951,-7.83314702802088,0.13652806473092927
119.0,-7.657662492974973,-7.891775757013488,0.2341132640385153
119.1,-7.483410864081782,-7.951491836888625,0.4680809728068427
119.2,-7.664973164007627,-8.01223031268232,0.34725714867469293
119.3,-8.081443053929961,-8.073923679154753,-0.007519374775208476
119.4,-7.7507453829498845,-8.136501977705922,0.38575659475603796
119.5,-7.999427549624989,-8.199892902236813,0.20046535261182452
119.6,-8.187865231882586,-8.2640219137887,0.07615668190611302
119.7,-7.98834289139914,-8.328812363734043,0.3404694723349033
119.8,-8.207513416385025,-8.394185625238666,0.18667220885364166
119.9,-8.234437701558216,-8.4600612326633,0.22562353110508404
120.0,-8.127476450907407,-8.526357028521108,0.398880577613701
120.1,-8.86765658301632,-8.592989317554084,-0.2746672654622362
120.2,-7.892534276625516,-8.65987302743538,0.7673387508098637
120.3,-8.101800848211356,-8.72692187554953,0.6251210273381744
120.4,-8.116744199444401,-8.794048541245022,0.677304341800621
120.5,-8.461355036537899,-8.861164842879942,0.3998098063420432
120.6,-8.631271010861983,-8.928181918877753,0.2969109080157697
120.7,-8.570346643010055,-8.995010411882378,0.42466376887232293
120.8,-9.484926459406083,-9.06156065497265,-0.4233658044334323
120.9,-8.574201703441176,-9.127742858786782,0.5535411553456058
121.0,-9.748602942506036,-9.193467298327853,-0.5551356441781827
121.1,-10.04807772481799,-9.258644498173652,-0.7894332266443378
121.2,-9.769096629899815,-9.323185414799859,-0.44591121509995624
121.3,-9.855252109223967,-9.387001614751783,-0.4682504944721835
121.4,-10.236827729948537,-9.450005447473343,-0.7868222824751943
121.5,-10.163161754585648,-9.512110211715012,-0.6510515428706363
121.6,-9.95035712794785,-9.573230314576444,-0.3771268133714063
121.7,-10.352489501730311,-9.633281422381945,-0.7192080793483662
121.8,-10.583928564916102,-9.692180602733773,-0.891747962182329
121.9,-10.411817227465725,-9.749846457236828,-0.6619707702288977
122.0,-10.126302522543234,-9.80619924454043,-0.32010327800280436
122.1,-10.408550425164034,-9.86116099350277,-0.547389431661264
122.2,-10.576544110529795,-9.914655606445622,-0.6618885040841729
122.3,-10.468004202836008,-9.966608952618357,-0.5013952502176515
122.4,-10.593981051313804,-10.016948952127548,-0.5770320991862565
122.5,-10.216966823978026,-10.065605650720304,-0.15136117325772247
122.6,-10.333364921907231,-10.112511285940517,-0.22085363596671392
122.7,-10.135023707359963,-10.157600345299935,0.02257663793997189
122.8,-9.945071078028166,-10.200809617206806,0.2557385391786404
122.9,-10.088578189029892,-10.242078235463582,0.15350004643368997
123.0,-10.215876765885902,-10.281347718178544,0.06547095229264244
123.1,-10.231563982714972,-10.31856200193707,0.08699801922209716
123.2,-10.336492906390063,-10.35366747205703,0.0171745656669664
123.3,-10.13981041716419,-10.386612989723991,0.2468025725598011
123.4,-10.490710900809,-10.41734991677569,-0.07336098403331093
123.5,-9.93962086246715,-10.445832138882498,0.5062112764153479
123.6,-10.290663497718949,-10.472016087846445,0.18135259012749572
123.7,-10.245308060898727,-10.495860763709848,0.2505527028111203
123.8,-10.32018010267699,-10.517327757321269,0.1971476546442794
123.9,-10.355824637660579,-10.536381273951923,0.18055663629134422
124.0,-10.346113749455926,-10.55298815849649,0.2068744090405641
124.1,-10.481279621525989,-10.567117922735822,0.08583830120983293
124.2,-10.301232219744987,-10.578742775087882,0.2775105553428947
124.3,-10.305093415391829,-10.587837653226522,0.2827442378346934
124.4,-10.38176992721562,-10.594380259902632,0.2126103326870119
124.5,-10.12262537765137,-10.598351102254538,0.4757257246031674
124.6,-10.509852493352868,-10.599733534839968,0.08988104148710008
124.7,-10.400442471499991,-10.598513806559371,0.1980713350593799
124.8,-10.674926251136254,-10.594681111573758,-0.08024513956249635
124.9,-10.113549657551937,-10.588227644257584,0.47467798670564676
125.0,-10.172595870631987,-10.57914865817537,0.406552787543383
125.1,-10.281238941883641,-10.567442529026481,0.28620358714283967
125.2,-10.231012783119972,-10.553110821452462,0.3220980383324896
125.3,-10.1,-10.536158359535424,0.43615835953542437
125.4,-9.976666666666699,-10.516593300736501,0.5399266340698023
125.5,-9.803846153846154,-10.494427212936895,0.6905810590907411
125.6,-9.919230769230781,-10.469675154149604,0.5504443849188227
125.7,-9.723076923076936,-10.442355754360454,0.7192788312835177
125.8,-9.749230769230776,-10.412491298829227,0.6632605295984515
125.9,-10.027692307692423,-10.380107812038666,0.3524155043462436
126.0,-10.02384615384614,-10.345235141328715,0.3213889874825746
126.1,-10.043846153846149,-10.307907039105803,0.26406088525965465
126.2,-9.948888888888915,-10.26816124238439,0.3192723534954762
126.3,-10.293703703703743,-10.226039548308675,-0.06766415539506809
126.4,-10.475555555555566,-10.18158788421672,-0.29396767133884616
126.5,-10.206666666666665,-10.13485637074654,-0.071810295920125
126.6,-10.325925925925942,-10.08589937644872,-0.24002654947722135
126.7,-10.46576923076927,-10.034775562367564,-0.4309936684017064
126.8,-10.485384615384625,-9.981547915079194,-0.5038367003054312
126.9,-10.08615384615384,-9.926283766722783,-0.15987007943105702
127.0,-10.312307692307654,-9.869054800626978,-0.4432528916806753
127.1,-9.655000000000053,-9.809937041213649,0.15493704121359642
127.2,-9.907692307692363,-9.749010826944081,-0.1586814807482817
127.3,-10.094615384615391,-9.686360765144693,-0.4082546194706982
127.4,-10.502307692307708,-9.622075667604255,-0.880232024703453
127.5,-10.298076923076946,-9.556248465883106,-0.74182845719384
127.6,-10.597777777777798,-9.488976105342571,-1.1088016724352272
127.7,-9.97,-9.420359417013467,-0.5496405829865338
127.8,-10.29166666666658,-9.350502966580544,-0.9411637000860367
127.9,-10.635,-9.279514879950103,-1.355485120049897
128.0,-10.894782608695627,-9.207506645074362,-1.6872759636212642
128.1,-10.948749999999853,-9.13459288992953,-1.8141571100703224
128.2,-10.518333333333374,-9.060891136804825,-1.4574421965285485
128.3,-10.459999999999999,-8.986521533374614,-1.4734784666253855
128.4,-10.416956521739127,-8.911606561388849,-1.5053499603502782
128.5,-10.000434782608673,-8.836270724200931,-1.1641640584077422
128.6,-9.666666666666556,-8.760640214730318,-0.9060264519362384
128.7,-9.472857142856272,-8.68484256581429,-0.7880145770419826
128.8,-9.07909090909062,-8.609006285228862,-0.47008462386175864
128.9,-8.84666666666665,-8.533260477941763,-0.3134061887248869
129.0,-7.160000000000047,-8.457734458391128,1.2977344583910808
129.1,-7.3272222222222885,-8.382557355750656,1.0553351335283674
129.2,-7.371578947368563,-8.30785771522293,0.9362787678543674
129.3,-7.160526315789566,-8.233763098372089,1.0732367825825229
129.4,-7.117368421052545,-8.160399685366373,1.0430312643138286
129.5,-6.692105263157815,-8.087891881786621,1.3957866186288062
129.6,-7.298702290076337,-8.016361932410152,0.7176596423338157
129.7,-7.4437404580152595,-7.945929544121815,0.5021890861065552
129.8,-7.4910526315788175,-7.876711519845387,0.3856588882665699
129.9,-7.279999999999999,-7.808821405148301,0.5288214051483013
130.0,-7.262222222222264,-7.74236914897209,0.48014692674982573
130.1,-7.121578947368161,-7.677460779784395,0.555881832416234
130.2,-7.516842105262905,-7.614198098319835,0.09735599305693032
130.3,-7.394444444444292,-7.552678387959889,0.15823394351559728
130.4,-7.3152631578946705,-7.49299414369342,0.17773098579874969
130.5,-7.069473684210404,-7.435232820508245,0.3657591362978412
130.6,-6.634444444444466,-7.379476601994256,0.7450321575497894
130.7,-6.59157894736792,-7.325802189878287,0.7342232425103665
130.8,-6.340377358490412,-7.274280615137605,0.9339032566471932
130.9,-6.216226415094482,-7.224977071232239,1.0087506561377566
131.0,-7.086981132075554,-7.177950769849495,0.09096963777394151
131.1,-6.757169811320715,-7.133254819376497,0.3760850080557825
131.2,-6.721698113207567,-7.0909361261330766,0.36923801292550973
131.3,-6.716226415094376,-7.051035318236863,0.3348089031424877
131.4,-6.922830188679232,-7.013586691848942,0.09075650316971018
131.5,-7.004905660377302,-6.9786181794546,-0.0262874809227025
131.6,-6.994528301886749,-6.946151339758088,-0.04837696212866138
131.7,-6.939622641509389,-6.91620136871292,-0.023421272796468884
131.8,-6.715849056603847,-6.888777131175279,0.17292807457143144
131.9,-6.718867924528296,-6.863881212654667,0.14501328812637126
132.0,-6.2666037735849,-6.841509990630247,0.5749062170453465
132.1,-6.6953846153846035,-6.821653724887558,0.1262691095029549
132.2,-6.782000000000006,-6.804296666297442,0.022296666297435763
132.3,-6.6725660377358365,-6.789417183406818,0.11685114567098154
132.4,-6.563132075471699,-6.776987906152216,0.21385583068051695
132.5,-6.6330769230769215,-6.766975885956671,0.13389896287974956
132.6,-6.703018867924527,-6.759342771432833,0.056323903508306294
132.7,-6.633913043478242,-6.754044998882756,0.12013195540451349
132.8,-6.65057971014488,-6.75103399675265,0.10045428660776956
132.9,-5.994492753623174,-6.750256403169482,0.7557636495463083
133.0,-6.800869565217429,-6.751654295654003,-0.049215269563426034
133.1,-6.699999999999951,-6.755165432063359,0.05516543206340785
133.2,-6.765294117647056,-6.7607235017612295,-0.004570615885826079
133.3,-6.9562857142857935,-6.768258385955369,-0.18802732833042413
133.4,-7.453142857142825,-6.7776964261010795,-0.6754464310417454
133.5,-7.790000000000001,-6.788960699258375,-1.0010393007416258
133.6,-7.281142857143123,-6.801971299319574,-0.47917155782354914
133.7,-6.654705882353045,-6.8166456231010875,0.16193974074804274
133.8,-6.8599999999999755,-6.832898660412865,-0.027101339587110473
133.9,-6.872898550724445,-6.85064328734799,-0.022255263376455225
134.0,-6.352571428571425,-6.869790562131397,0.5172191335599718
134.1,-6.947058823529364,-6.89025002291155,-0.056808800617814015
134.2,-7.002571428571446,-6.911929986881049,-0.09064144169039778
134.3,-6.771159420289867,-6.934737850089833,0.1635784297999665
134.4,-7.017536231884046,-6.958580387285609,-0.05895584459843661
134.5,-6.870869565217383,-6.983364051093786,0.11249448587640298
134.6,-6.943768115942014,-7.008995269836639,0.06522715389462519
134.7,-6.84,-7.035380743282422,0.1953807432824224
134.8,-6.933913043478281,-7.062427735603364,0.1285146921250826
134.9,-6.753300970873814,-7.090044364803533,0.3367433939297193
135.0,-6.857281553398051,-7.118139887851019,0.26085833445296736
135.1,-6.719417475728135,-7.1466249807114375,0.4272075049833024
135.2,-6.915631067961116,-7.17541201242991,0.25978094446879396
135.3,-7.131568627450989,-7.204415312346247,0.07284668489525803
135.4,-7.166116504854351,-7.23355142945748,0.06743492460312872
135.5,-6.971941747572825,-7.262739382872849,0.29079763530002367
135.6,-7.988834951456117,-7.29190090224941,-0.6969340492067069
135.7,-7.750388349514582,-7.320960657058447,-0.42942769245613466
135.8,-8.217572815534032,-7.349846473521221,-0.8677263420128112
135.9,-7.981650485436906,-7.378489538081092,-0.6031609473558142
136.0,-7.880909090909458,-7.406824586358363,-0.47408450455109463
136.1,-8.19363636363628,-7.434790076658246,-0.7588462869780335
136.2,-7.853636363636435,-7.462328347250203,-0.39130801638623147
136.3,-8.040000000000001,-7.4893857567887565,-0.5506142432112444
136.4,-8.338181818181628,-7.515912807392436,-0.8222690107891921
136.5,-8.177499999999917,-7.541864250038771,-0.6356357499611454
136.6,-7.8707692307688415,-7.5671991720741545,-0.303570058694687
136.7,-6.886190476190488,-7.591881066781668,0.7056905905911801
136.8,-7.7395238095235905,-7.615877885087421,-0.12364592443616917
136.9,-8.042857142857155,-7.6391620695891485,-0.4036950732680067
137.0,-7.98,-7.661710571140423,-0.31828942885957723
137.1,-7.754285714285705,-7.683504848236592,-0.07078086604911249
137.2,-8.10976190476191,-7.704530849463763,-0.40523105529814707
137.3,-8.044047619047625,-7.724778979312018,-0.3192686397356068
137.4,-8.44,-7.744244047712572,-0.6957559522874277
137.5,-8.413333333333288,-7.762925203727332,-0.6504081296059558
137.6,-7.742857142857143,-7.780825853902156,0.037968711045013315
137.7,-7.746666666666698,-7.797953565896745,0.051286899230047034
137.8,-7.763333333333316,-7.8143199581122555,0.05098662477893967
137.9,-7.67776119402985,-7.829940576125846,0.15217938209599602
138.0,-7.670298507462687,-7.84483475678943,0.17453624932674305
138.1,-7.6628358208955225,-7.8590254808590965,0.19618965996357396
138.2,-7.655373134328359,-7.872539215005691,0.21716608067733212
138.3,-7.647910447761193,-7.885405744026746,0.23749529626555343
138.4,-7.64044776119403,-7.897657994040156,0.2572102328461261
138.5,-7.632985074626866,-7.909331847393018,0.2763467727661517
138.6,-8.021428571428572,-7.920465949966772,-0.10096262146180024
138.7,-8.219047619047641,-7.931101511505672,-0.2879461075419689
138.8,-8.063809523809576,-7.941282099548667,-0.1225274242609089
138.9,-7.851428571428571,-7.951053427518392,0.09962485608982075
139.0,-7.215238095238214,-7.96046313752123,0.7452250422830158
139.1,-7.799285714285961,-7.969560578425467,0.17027486413950577
139.2,-8.054047619047456,-7.978396579782019,-0.07565103926543681
139.3,-8.096688741721877,-7.987023222116706,-0.10966551960517101
139.4,-8.196026490066235,-7.995493604067661,-0.2005328859985731
139.5,-8.3728,-8.00386160679777,-0.3689383932022299
139.6,-8.473046357615894,-8.012181656101967,-0.4608647015139269
139.7,-8.479668874172184,-8.020508482654696,-0.45916039151748755
139.8,-8.106333333333282,-8.028896880897523,-0.0774364524357587
139.9,-8.015165562913943,-8.037401467142884,0.02223590422894084
140.0,-8.293311258278147,-8.046076437553069,-0.24723482072507785
140.1,-8.216622516556304,-8.05497532672577,-0.16164718983053383
140.2,-8.182933333333326,-8.064150767669103,-0.11878256566422252
140.3,-8.236266666666678,-8.073654253986305,-0.16261241268037274
140.4,-8.184569536423835,-8.083535905124714,-0.10103363129912069
140.5,-8.164,-8.093844235579475,-0.07015576442052485
140.6,-8.19733333333333,-8.104625928977411,-0.0927074043559184
140.7,-8.096423841059607,-8.115925617997773,0.01950177693816535
140.8,-8.100596026490104,-8.127785671112633,0.027189644622529485
140.9,-8.27278145695366,-8.140245987149454,-0.13253546980420694
141.0,-8.158000000000001,-8.153343798691575,-0.0046562013084265885
141.1,-8.10178807947019,-8.167113485340876,0.06532540587068603
141.2,-8.181258278145677,-8.181586397873767,0.00032811972809021483
141.3,-7.718476821192004,-8.196790694327362,0.4783138731353578
141.4,-7.5217333333333665,-8.212751189051483,0.6910178557181164
141.5,-7.8684,-8.229489215743017,0.361089215743017
141.6,-7.927483443708606,-8.247022505429742,0.31953906172113555
141.7,-7.7574666666667484,-8.265365080288,0.507898413621251
141.8,-7.264133333333228,-8.284527164073998,1.0203938307407698
141.9,-7.194238410596025,-8.30451510983545,1.1102766992394244
142.0,-7.342500000000048,-8.325331345444097,0.9828313454440485
142.1,-8.224999999999937,-8.346974337331945,0.12197433733200747
142.2,-8.167187500000065,-8.369438572620647,0.20225107262058195
142.3,-8.0196874999999,-8.392714559631367,0.37302705963146643
142.4,-7.869375000000095,-8.416788846591283,0.547413846591188
142.5,-8.117499999999927,-8.44164405822932,0.3241440582293933
142.6,-8.410967741935442,-8.467258949861247,0.05629120792580444
142.7,-8.546249999999677,-8.493608478478636,-0.05264152152104096
142.8,-8.727500000000004,-8.520663890274465,-0.20683610972553979
142.9,-8.795625000000184,-8.548392823975972,-0.24723217602421244
143.0,-9.096451612903218,-8.576759429327483,-0.5196921835757351
143.1,-8.554687500000002,-8.605724500074752,0.05103700007474998
143.2,-7.617187500000227,-8.635245620840127,1.0180581208398998
143.3,-7.770000000000022,-8.665277327323732,0.8952773273237105
143.4,-8.30923076923067,-8.695771279282452,0.38654051005178225
143.5,-8.952820512820505,-8.726676445690222,-0.22614406713028323
143.6,-7.82,-8.757939301371335,0.9379393013713351
143.7,-8.31820512820493,-8.789504034265322,0.47129890606039204
143.8,-8.745128205128228,-8.821312762364899,0.07618455723667061
143.9,-8.976249999999999,-8.853305759268308,-0.12294424073169097
144.0,-9.169999999999927,-8.885421687192956,-0.2845783128069712
144.1,-9.459871794871798,-8.917597836220047,-0.5422739586517515
144.2,-9.435641025641031,-8.949770368504764,-0.4858706571362674
144.3,-9.496538461538478,-8.981874566205066,-0.5146638953334115
144.4,-9.244615384615384,-9.013845081947062,-0.2307703026683221
144.5,-8.818974358974463,-9.045616190739626,0.2266418317651624
144.6,-8.145641025641103,-9.07712204235154,0.9314810167104373
144.7,-9.149113924050633,-9.108296913240572,-0.04081701081006095
144.8,-9.336153846153886,-9.13907545714757,-0.19707838900631636
144.9,-9.530256410256415,-9.16939295343718,-0.36086345681923504
145.0,-9.569638009049774,-9.199185552213654,-0.3704524568361194
145.1,-9.583212669683256,-9.228390515212816,-0.3548221544704404
145.2,-9.577500000000002,-9.256946451492365,-0.32055354850763784
145.3,-9.36,-9.284793547002659,-0.07520645299734063
145.4,-9.402499999999982,-9.311873787196795,-0.09062621280318695
145.5,-9.424999999999999,-9.338131171913219,-0.08686882808678043
145.6,-9.392857142857196,-9.36351192182421,-0.02934522103298498
145.7,-9.394999999999985,-9.387964675785696,-0.007035324214289318
145.8,-9.5,-9.411440678450994,-0.08855932154900614
145.9,-9.507500000000002,-9.433893957529014,-0.07360604247098834
146.0,-9.67,-9.455281490080786,-0.21471850991921393
146.1,-9.571250000000003,-9.47556335726171,-0.09568664273829341
146.2,-9.558749999999996,-9.494702886935137,-0.06404711306485922
146.3,-9.62250000000001,-9.512666783607639,-0.10983321639237076
146.4,-9.627500000000005,-9.529425245164614,-0.09807475483539108
146.5,-9.620000000000001,-9.544952065912613,-0.07504793408738841
146.6,-9.774285714285657,-9.559224725459632,-0.21506098882602487
146.7,-9.74999999999999,-9.572224462988679,-0.17777553701131055
146.8,-9.804999999999996,-9.583936336506211,-0.22106366349378526
146.9,-10.008571428571502,-9.594349266679068,-0.4142221618924342
147.0,-9.85,-9.603456064914074,-0.24654393508592598
147.1,-10.127142857142859,-9.611253445385808,-0.5158894117570512
147.2,-10.213749999999987,-9.617742020781767,-0.5960079792182196
147.3,-10.410000000000021,-9.622926281612106,-0.7870737183879157
147.4,-10.747142857142803,-9.626814559027508,-1.1203282981152949
147.5,-10.315000000000001,-9.629418971210985,-0.6855810287890165
147.6,-9.967500000000014,-9.630755353563833,-0.3367446464361805
147.7,-9.628750000000013,-9.630843173086689,0.0020931730866760034
147.8,-9.640000000000022,-9.629705427538658,-0.010294572461363671
147.9,-9.668571428571388,-9.627368530106837,-0.04120289846455094
148.0,-9.67,-9.623862180414449,-0.0461378195855513
148.1,-9.544999999999996,-9.619219222743014,0.07421922274301807
148.2,-9.502857142857149,-9.61347549236266,0.1106183495055113
148.3,-9.713750000000038,-9.60666965087074,-0.10708034912929776
148.4,-9.821428571428607,-9.598843011439032,-0.2225855599895752
148.5,-9.62,-9.590039354867047,-0.02996064513295238
148.6,-9.979999999999919,-9.58030473734154,-0.39969526265837807
148.7,-9.65,-9.569687290817676,-0.08031270918232458
148.8,-10.074999999999982,-9.558237016967743,-0.5167629830322387
148.9,-9.762499999999987,-9.546005575686701,-0.2164944243132858
149.0,-9.88,-9.53304606919863,-0.34695393080137116
149.1,-9.235000000000074,-9.519412822873154,0.28441282287307956
149.2,-8.999999999999993,-9.505161163928788,0.5051611639287952
149.3,-8.67499999999994,-9.490347199253558,0.8153471992536172
149.4,-8.994999999999937,-9.475027593587432,0.48002759358749536
149.5,-8.955714285714313,-9.45925934926764,0.503545063553327
149.6,-8.825000000000047,-9.443099588639873,0.6180995886398257
149.7,-9.2,-9.426605340108535,0.22660534010853617
149.8,-9.033750000000072,-9.409833328663142,0.3760833286630696
149.9,-9.327499999999985,-9.392839771591122,0.06533977159113746
150.0,-9.313750000000011,-9.375680179977186,0.06193017997717476
150.1,-9.254999999999946,-9.358409166501184,0.10340916650123866
150.2,-9.210000000000095,-9.3410802599825,0.13108025998240436
150.3,-9.111428571428595,-9.32374572707613,0.2123171556475345
150.4,-9.033750000000024,-9.306456401494831,0.2727064014948066
150.5,-9.032500000000011,-9.289261521101706,0.25676152110169426
150.6,-9.055714285714242,-9.272208573180135,0.21649428746589372
150.7,-8.74,-9.255343148140081,0.5153431481400812
150.8,-9.119999999999951,-9.238708801862431,0.11870880186248023
150.9,-8.970000000000004,-9.222346926818338,0.2523469268183334
151.0,-9.113750000000012,-9.20629663203071,0.09254663203069846
151.1,-9.300000000000015,-9.190594631876477,-0.10940536812353763
151.2,-9.304999999999977,-9.17527514366986,-0.12972485633011743
151.3,-9.752500000000092,-9.160369793927757,-0.5921302060723352
151.4,-9.68624999999987,-9.145907533205687,-0.5403424667941827
151.5,-9.349999999999978,-9.131914559414037,-0.21808544058594137
151.6,-8.971428571428737,-9.11841424958173,0.14698567815299413
151.7,-9.4,-9.105427100116568,-0.29457289988343227
151.8,-8.665000000000086,-9.0929706756927,0.42797067569261316
151.9,-9.034285714285751,-9.08105956695263,0.04677385266687928
152.0,-9.005000000000024,-9.069705357235852,0.06470535723582849
152.1,-8.874285714285671,-9.058916598543759,0.1846308842580875
152.2,-9.090000000000039,-9.048698796930394,-0.041301203069645354
152.3,-8.919999999999986,-9.03905440748142,0.1190544074814337
152.4,-8.848750000000068,-9.02998283901777,0.18123283901770115
152.5,-9.000000000000009,-9.021480468638133,0.02148046863812425
152.6,-8.699999999999983,-9.013540666193206,0.31354066619322296
152.7,-8.79181818181818,-9.006153828760635,0.21433564694245533
152.8,-8.81,-8.999307425159511,0.1893074251595106
152.9,-8.85,-8.992986050505158,0.1429860505051579
153.0,-8.868181818181819,-8.987171490759543,0.11898967257772419
153.1,-9.017272727272715,-8.98184279718489,-0.035429930087824246
153.2,-8.773636363636381,-8.976976370564596,0.2033400069282152
153.3,-8.90100000000002,-8.972546055020846,0.07154605502082667
153.4,-8.885454545454541,-8.968523241231644,0.08306869577710252
153.5,-8.879999999999995,-8.96487697882711,0.08487697882711487
153.6,-8.839090909090928,-8.961574097721979,0.12248318863105112
153.7,-8.785999999999992,-8.958579338117783,0.17257933811779047
153.8,-8.822727272727255,-8.955855488884387,0.13312821615713233
153.9,-8.794545454545464,-8.953363534004723,0.15881807945925885
154.0,-8.90363636363635,-8.95106280673696,0.04742644310061017
154.1,-8.757272727272714,-8.948911151115537,0.19163842384282326
154.2,-8.93,-8.946865090379164,0.016865090379164727
154.3,-8.61,-8.94488000188263,0.334880001882631
154.4,-8.67363636363637,-8.9429102980191,0.2692739343827313
154.5,-8.761818181818175,-8.940909612646944,0.17909143082876966
154.6,-8.721818181818184,-8.93883099247454,0.21701281065635492
154.7,-8.881999999999993,-8.936627092806917,0.05462709280692479
154.8,-8.902727272727262,-8.934250377004599,0.031523104277336955
154.9,-8.984545454545474,-8.931653318956258,-0.05289213558921624
155.0,-9.093636363636366,-8.92878860782993,-0.16484775580643607
155.1,-9.042000000000009,-8.925609354346234,-0.11639064565377488
155.2,-8.947272727272725,-8.922069297812817,-0.025203429459908833
155.3,-8.894545454545444,-8.918123013169804,0.023577558624360506
155.4,-8.723636363636366,-8.91372611731491,0.19008975367854397
155.5,-8.752727272727263,-8.908835473993634,0.15610820126637037
155.6,-8.88,-8.90340939654506,0.023409396545059025
155.7,-8.82,-8.897407847783448,0.07740784778344789
155.8,-8.71999999999999,-8.89079263627389,0.17079263627389984
155.9,-8.857272727272754,-8.883527608234822,0.026254880962067517
156.0,-8.999090909090912,-8.875578834276352,-0.12351207481455972
156.1,-8.970000000000002,-8.866914790162552,-0.10308520983745062
156.2,-9.073636363636334,-8.857506530771241,-0.2161298328650929
156.3,-9.106363636363628,-8.84732785642284,-0.2590357799407883
156.4,-9.11545454545455,-8.836355470764918,-0.2790990746896327
156.5,-9.19181818181818,-8.824569129431417,-0.36724905238676264
156.6,-9.257000000000003,-8.811951778742738,-0.44504822125726484
156.7,-9.322727272727272,-8.798489683773862,-0.5242375889534099
156.8,-9.302727272727255,-8.784172545192641,-0.5185547275346138
156.9,-9.180909090909092,-8.768993604360341,-0.4119154865487502
157.0,-9.19,-8.752949736290674,-0.43705026370932565
157.1,-8.61,-8.736041530176086,0.12604153017608688
157.2,-8.79181818181815,-8.718273357300193,-0.07354482451795619
157.3,-8.850909090909097,-8.699653426248604,-0.15125566466049278
157.4,-8.605454545454537,-8.680193825396001,0.07473927994146479
157.5,-8.691999999999993,-8.659910552685059,-0.03208944731493446
157.6,-8.502727272727263,-8.638823532732388,0.1360962600051252
157.7,-8.60090909090907,-8.616956621306928,0.016047530397857557
157.8,-8.860000000000005,-8.594337597228849,-0.2656624027711558
157.9,-8.712727272727285,-8.570998141734194,-0.1417291309930917
158.0,-8.344,-8.546973805349419,0.20297380534941922
158.1,-8.253636363636371,-8.52230396232827,0.2686675986918985
158.2,-8.030000000000015,-8.497031752716447,0.4670317527164318
158.3,-7.962727272727314,-8.471204012109697,0.5084767393823828
158.4,-8.19,-8.444871189140883,0.2548711891408839
158.5,-7.97,-8.418087250667984,0.44808725066798427
158.6,-8.624545454545336,-8.390909574548303,-0.23363587999703306
158.7,-8.060000000000091,-8.363398829792924,0.30339882979283317
158.8,-8.487272727272744,-8.335618843816825,-0.15165388345591957
158.9,-8.644000000000002,-8.307636456445161,-0.33636354355484066
159.0,-8.836363636363645,-8.279521360307806,-0.5568422760558391
159.1,-8.987272727272725,-8.251345927254006,-0.7359268000187189
159.2,-8.937272727272742,-8.223185020454666,-0.7140877068180753
159.3,-8.911818181818205,-8.195115791938832,-0.716702389879373
159.4,-9.023,-8.167217465432397,-0.8557825345676022
159.5,-9.057272727272725,-8.139571104520135,-0.91770162275259
159.6,-9.08090909090913,-8.112259366325302,-0.9686497245838268
159.7,-8.872727272727259,-8.085366241089133,-0.7873610316381257
159.8,-9.0,-8.058976778234504,-0.9410232217654961
159.9,-8.95,-8.033176799710564,-0.9168232002894356
160.0,-9.068181818181827,-8.00805260163246,-1.0601292165493668
160.1,-9.022727272727277,-7.983690645449565,-1.0390366272777118
160.2,-8.959090909090913,-7.960177240099809,-0.9989136689911033
160.3,-8.863636363636349,-7.9375982168407395,-0.9260381467956096
160.4,-8.753999999999994,-7.916038598689173,-0.837961401310821
160.5,-8.077272727272781,-7.895582266643741,-0.18169046062904037
160.6,-7.572727272727268,-7.876311625095382,0.3035843523681141
160.7,-7.08363636363653,-7.858307269028778,0.7746709053922478
160.8,-6.152999999999997,-7.841647655752474,1.6886476557524768
160.9,-6.152727272727284,-7.826408783934173,1.6736815112068895
161.0,-6.354545454545468,-7.812663882637107,1.4581184280916393
161.1,-6.51,-7.800483112850839,1.290483112850839
161.2,-6.51,-7.78993328371119,1.2799332837111903
161.3,-6.5185000000000155,-7.781077585256758,1.262577585256743
161.4,-6.603500000000003,-7.773975339218515,1.1704753392185117
161.5,-6.669523809523818,-7.76868176900538,1.0991579594815626
161.6,-6.564761904761909,-7.7652477897335705,1.2004858849716618
161.7,-6.46,-7.76371981884613,1.3037198188461296
161.8,-6.610000000000021,-7.764139607577019,1.1541396075769983
161.9,-6.76,-7.766544093225534,1.0065440932255338
162.0,-7.425,-7.770965271918109,0.345965271918109
162.1,-8.09,-7.777430091253798,-0.3125699087462017
162.2,-8.384999999999957,-7.785960361982019,-0.5990396380179384
162.3,-8.68,-7.796572687683031,-0.8834273123169689
162.4,-8.61,-7.8092784113432545,-0.8007215886567449
162.5,-8.54,-7.824083577745273,-0.7159164222547263
162.6,-8.520952380952382,-7.84098891070545,-0.6799634702469319
162.7,-8.501904761904765,-7.859989804355086,-0.6419149575496785
162.8,-8.509,-7.881076327841159,-0.6279236721588415
162.9,-8.519,-7.904233243000116,-0.6147667569998845
163.0,-8.443500000000004,-7.929440034726329,-0.5140599652736748
163.1,-8.358500000000015,-7.956670953915909,-0.4018290460841065
163.2,-8.399499999999989,-7.985895073016835,-0.41360492698315365
163.3,-8.454500000000005,-8.017076354355348,-0.43742364564465674
163.4,-8.297142857142857,-8.050173731533773,-0.24696912560908402
163.5,-8.116190476190493,-8.085141204306483,-0.031049271884009855
163.6,-8.15599999999999,-8.121927947438756,-0.03407205256123369
163.7,-8.250999999999989,-8.160478434133987,-0.09052156586600191
163.8,-8.005999999999943,-8.200732574672097,0.19473257467215355
163.9,-7.675999999999944,-8.242625870934598,0.5666258709346534
164.0,-7.730000000000008,-8.28608958750079,0.5560895875007814
164.1,-7.8799999999999875,-8.33105093998038,0.4510509399803917
164.2,-7.578571428571507,-8.377433301191898,0.7988618726203907
164.3,-7.164285714285715,-8.425156425701923,1.2608707114162083
164.4,-6.952500000000003,-8.474136693112076,1.5216366931120726
164.5,-6.827500000000003,-8.524287370315303,1.6967873703152998
164.6,-6.678000000000004,-8.575518892723942,1.8975188927239373
164.7,-6.518000000000004,-8.627739164186057,2.1097391641860526
164.8,-6.696153846153874,-8.68085387495391,1.9847000288000354
164.9,-7.283333333333333,-8.734766836660475,1.4514335033271415
165.0,-8.100769230769242,-8.789380332815288,0.6886111020460461
165.1,-8.254615384615358,-8.844595482881154,0.5899800982657961
165.2,-8.89999999999995,-8.900312617583609,0.00031261758365808134
165.3,-9.169230769230778,-8.956431662778163,-0.21279910645261424
165.4,-9.353333333333333,-9.012852528976955,-0.3404808043563783
165.5,-9.687692307692329,-9.0694755035135,-0.6182168041788287
165.6,-10.026153846153788,-9.126201642287516,-0.8999522038662722
165.7,-9.947500000000009,-9.182933158065731,-0.7645668419342773
165.8,-10.066153846153865,-9.239573802407016,-0.8265800437468496
165.9,-10.193333333333333,-9.296029238420003,-0.8973040949133306
166.0,-10.184615384615386,-9.352207401735328,-0.8324079828800581
166.1,-10.207692307692305,-9.40801884726775,-0.7996734604245557
166.2,-10.269999999999994,-9.463377079545058,-0.8066229204549362
166.3,-10.311538461538463,-9.518198864584777,-0.793339596953686
166.4,-10.090000000000039,-9.572404521502248,-0.5175954784977908
166.5,-9.615833333333272,-9.62591819223023,0.010084858896957982
166.6,-10.274166666666542,-9.678668087912822,-0.5954985787537197
166.7,-10.125384615384666,-9.730586710692972,-0.3947979046916945
166.8,-10.27,-9.781611049736808,-0.4883889502631913
166.9,-10.654615384615362,-9.831682750439636,-0.822932634175725
167.0,-10.98333333333333,-9.880748255859563,-1.1025850774737673
167.1,-11.01666666666666,-9.928758919544492,-1.087907747122168
167.2,-10.930000000000023,-9.975671089070474,-0.954328910929549
167.3,-10.865,-10.021446159801068,-0.8435538401989326
167.4,-10.92307692307691,-10.066050598601793,-0.8570263244751164
167.5,-11.098750000000008,-10.109455937481759,-0.9892940625182494
167.6,-11.072499999999993,-10.151638737368357,-0.9208612626316359
167.7,-11.128750000000004,-10.19258052244596,-0.9361694775540439
167.8,-11.11,-10.232267685711534,-0.8777323142884654
167.9,-11.088888888888924,-10.270691366623865,-0.8181975222650593
168.0,-11.174999999999978,-10.307847301947547,-0.8671526980524309
168.1,-10.985,-10.34373565111377,-0.6412643488862297
168.2,-10.750000000000028,-10.37836079763307,-0.3716392023669588
168.3,-11.03,-10.411731128296,-0.6182688717040001
168.4,-10.707499999999996,-10.443858792079453,-0.2636412079205428
168.5,-10.59,-10.474759440833026,-0.11524055916697407
168.6,-10.563333333333333,-10.504451953949754,-0.05888137938357829
168.7,-10.616249999999992,-10.532958149328648,-0.08329185067134404
168.8,-10.47749999999996,-10.560302483010814,0.08280248301085358
168.9,-10.421250000000024,-10.586511739917144,0.16526173991712056
169.0,-10.539999999999996,-10.61161471813862,0.07161471813862441
169.1,-10.413750000000025,-10.635641909234998,0.22189190923497293
169.2,-10.271249999999988,-10.658625176986591,0.3873751769866036
169.3,-10.293333333333333,-10.680597437018086,0.3872641036847533
169.4,-10.135,-10.701592339672667,0.5665923396726669
169.5,-10.277499999999977,-10.721643958455477,0.44414395845550025
169.6,-9.64,-10.74078648628443,1.100786486284429
169.7,-9.850000000000064,-10.759053941682064,0.909053941682
169.8,-9.54999999999999,-10.776479886910675,1.2264798869106848
169.9,-9.595000000000017,-10.79309715988632,1.198097159886304
170.0,-9.566666666666661,-10.80893762150057,1.2422709548339093
170.1,-9.705000000000004,-10.824031919735368,1.1190319197353649
170.2,-9.924999999999969,-10.83840927168673,0.9134092716867617
170.3,-10.22499999999999,-10.852097264331304,0.6270972643313133
170.4,-10.421250000000029,-10.865121674593508,0.4438716745934794
170.5,-10.443750000000033,-10.87750630901896,0.4337563090189267
170.6,-10.266249999999982,-10.88927286314695,0.6230228631469679
170.7,-10.360000000000056,-10.90044080050348,0.5404408005034238
170.8,-10.270000000000007,-10.911027250994895,0.6410272509948882
170.9,-10.48,-10.921046928352037,0.44104692835203707
171.0,-10.252500000000087,-10.930512066142915,0.6780120661428288
171.1,-10.690000000000001,-10.939432371735842,0.24943237173584087
171.2,-11.149999999999912,-10.94781499745998,-0.202185002539931
171.3,-10.63,-10.95566452808557,0.32566452808556967
171.4,-11.348888888888828,-10.962982983645702,-0.38590590524312596
171.5,-11.043749999999982,-10.969769836556713,-0.07398016344326841
171.6,-11.131250000000025,-10.97602204196611,-0.15522795803391531
171.7,-11.493749999999883,-10.98173408025789,-0.5120159197419927
171.8,-11.256250000000083,-10.986898010668686,-0.2693519893313976
171.9,-11.478749999999977,-10.991503535010557,-0.48724646498942015
172.0,-11.441250000000009,-10.995538070557217,-0.44571192944279225
172.1,-11.317777777777804,-10.998986831228407,-0.318790946549397
172.2,-11.55,-11.001832916298222,-0.5481670837017791
172.3,-11.49500000000001,-11.004057405951752,-0.49094259404825813
172.4,-11.445,-11.005639463116996,-0.43936053688300447
172.5,-11.424999999999988,-11.006556441105511,-0.41844355889447726
172.6,-11.45,-11.006783996706096,-0.4432160032939034
172.7,-11.217499999999959,-11.006296208488124,-0.211203791511835
172.8,-11.149999999999887,-11.00506570017989,-0.1449342998199974
172.9,-11.300000000000033,-11.003063769086785,-0.29693623091324817
173.0,-10.721249999999914,-11.000260519598958,0.2790105195990442
173.1,-11.211250000000042,-10.996625001904526,-0.21462499809551616
173.2,-10.81125,-10.992125356070483,0.18087535607048366
173.3,-10.561249999999982,-10.986728961679496,0.4254789616795147
173.4,-10.69750000000003,-10.980402593216981,0.2829025932169511
173.5,-10.29,-10.973112581387687,0.6831125813876877
173.6,-10.405000000000054,-10.964824980499516,0.5598249804994619
173.7,-10.309999999999954,-10.955505741979989,0.6455057419800347
173.8,-10.214999999999947,-10.945120893988939,0.7301208939889925
173.9,-10.15,-10.93363672696462,0.7836367269646196
174.0,-10.287499999999982,-10.921019984795366,0.6335199847953845
174.1,-10.25,-10.90723806115019,0.6572380611501902
174.2,-10.275714285714312,-10.892259200334056,0.6165449146197446
174.3,-10.793749999999848,-10.876052701864399,0.0823027018645508
174.4,-10.357142857142879,-10.858589127804027,0.5014462706611482
174.5,-10.452500000000015,-10.839840511741802,0.38734051174178674
174.6,-10.67,-10.81978056819204,0.14978056819204077
174.7,-10.658749999999984,-10.798384901083853,0.13963490108386978
174.8,-10.702499999999986,-10.77563120992609,0.07313120992610322
174.9,-10.93,-10.751499492161438,-0.17850050783856197
175.0,-10.895000000000026,-10.725972240170211,-0.16902775982981488
175.1,-10.925714285714305,-10.699034631355177,-0.22667965435912762
175.2,-11.007499999999942,-10.670674709735163,-0.3368252902647786
175.3,-11.078750000000015,-10.640883557495918,-0.437866442504097
175.4,-11.165714285714289,-10.609655454989266,-0.5560588307250232
175.5,-11.312499999999986,-10.576988027734268,-0.7355119722657175
175.6,-11.27,-10.542882379058868,-0.7271176209411312
175.7,-11.059999999999983,-10.50734320713034,-0.5526567928696426
175.8,-11.122499999999986,-10.470378905257474,-0.6521210947425118
175.9,-10.61,-10.432001644499074,-0.17799835550092524
176.0,-10.997499999999995,-10.39222743776814,-0.6052725622318551
176.1,-10.931428571428574,-10.351076184765573,-0.5803523866630016
176.2,-10.997499999999977,-10.308571697206247,-0.6889283027937303
176.3,-10.555714285714327,-10.26474170392109,-0.2909725817932376
176.4,-10.65,-10.21961783554275,-0.4303821644572512
176.5,-10.709999999999985,-10.173235588611835,-0.53676441138815
176.6,-10.456249999999974,-10.12563426906692,-0.3306157309330544
176.7,-10.443750000000032,-10.076856915197943,-0.36689308480208815
176.8,-10.250000000000018,-10.026950200250566,-0.22304979974945205
176.9,-9.91,-9.97596431497025,0.06596431497025002
177.0,-10.464999999999977,-9.923952830465309,-0.5410471695346679
177.1,-10.24999999999998,-9.870972541842653,-0.37902745815732786
177.2,-10.376666666666699,-9.817083293131999,-0.5595833735347
177.3,-10.673333333333415,-9.762347784078624,-0.9109855492547911
177.4,-10.926666666666803,-9.706831359469522,-1.2198353071972807
177.5,-10.739999999999858,-9.65060178177656,-1.0893982182232982
177.6,-10.67,-9.59372898806217,-1.0762710119378305
177.7,-10.41,-9.536284832300753,-0.8737151676992472
177.8,-10.34,-9.478342814511247,-0.8616571854887525
177.9,-9.87,-9.419977798350311,-0.45002220164968776
178.0,-9.806666666666773,-9.361265719058622,-0.4454009476081513
178.1,-9.396666666666736,-9.302283283868817,-0.09438338279791836
178.2,-9.013333333333415,-9.243107667162038,0.22977433382862245
178.3,-8.499999999999991,-9.183816202792215,0.6838162027922241
178.4,-8.556666666666725,-9.12448607607471,0.5678194094079849
178.5,-8.660000000000048,-9.065194017950107,0.40519401795005905
178.6,-8.989999999999972,-9.00601600378516,0.01601600378518775
178.7,-8.7,-8.947026959180025,0.24702695918002604
178.8,-8.54,-8.888300475047506,0.34830047504750716
178.9,-7.84,-8.829908534141836,0.9899085341418363
179.0,-6.93555555555563,-8.77192125113967,1.83636569558404
179.1,-6.939999999999977,-8.714406628282237,1.77440662828226
179.2,-7.2644444444443765,-8.657430328430776,1.392985883986399
179.3,-7.119999999999982,-8.601055467138634,1.4810554671386518
179.4,-7.5,-8.545342425013354,1.045342425013354
179.5,-7.44,-8.490348681274163,1.050348681274163
179.6,-7.712999999999989,-8.436128669050778,0.7231286690507881
179.7,-7.83777777777777,-8.382733652644724,0.5449558748669538
179.8,-7.885999999999992,-8.330211626693714,0.44421162669372194
179.9,-7.8380000000000045,-8.278607236945328,0.4406072369453238
180.0,-7.894444444444456,-8.227961722157275,0.3335172777128186
180.1,-7.977,-8.178312876491114,0.20131287649111407
180.2,-7.946666666666666,-8.12969503164541,0.18302836497874342
180.3,-7.9120000000000035,-8.082139057875624,0.17013905787562056
180.4,-7.9033333333333315,-8.035672382968626,0.13233904963529408
180.5,-7.895,-7.99031902817751,0.09531902817751003
180.6,-7.942222222222221,-7.9460996600735685,0.0038774378513473096
180.7,-7.846000000000021,-7.903031657233131,0.05703165723310999
180.8,-7.916666666666667,-7.861129190646849,-0.0555374760198184
180.9,-8.122999999999994,-7.820403316718469,-0.302596683281525
181.0,-7.830000000000048,-7.780862081710611,-0.049137918289437366
181.1,-8.089999999999948,-7.742510636499037,-0.34748936350091153
181.2,-7.815555555555641,-7.7053513605168416,-0.11020419503879975
181.3,-7.842000000000007,-7.669383993804285,-0.17261600619572182
181.4,-7.69,-7.634605776123279,-0.05539422387672133
181.5,-7.82,-7.601011592140811,-0.2189884078591895
181.6,-7.6919999999999895,-7.568594121727554,-0.12340587827243521
181.7,-7.765555555555588,-7.537343994455154,-0.2282115611004345
181.8,-7.52400000000002,-7.5072499474108865,-0.01675005258913309
181.9,-7.657777777777777,-7.478298985484652,-0.1794787922931249
182.0,-7.595999999999995,-7.450476543320136,-0.1455234566798591
182.1,-7.513333333333333,-7.423766648157051,-0.08956668517628152
182.2,-7.619999999999997,-7.39815208282396,-0.2218479171760377
182.3,-7.6366666666666605,-7.373614548173345,-0.26305211849331567
182.4,-7.845000000000065,-7.350134824285305,-0.49486517571475996
182.5,-7.685,-7.327692929808002,-0.3573070701919976
182.6,-7.338888888888887,-7.30626827885777,-0.032620610031116826
182.7,-7.375999999999999,-7.285839834970988,-0.09016016502901092
182.8,-7.3533333333333335,-7.266386261674213,-0.08694707165912074
182.9,-7.34,-7.247886069302888,-0.09211393069711171
183.0,-7.324444444444446,-7.230317757743433,-0.09412668670101354
183.1,-7.335999999999998,-7.213659954802769,-0.12234004519722852
183.2,-7.153333333333378,-7.197891549932247,0.04455821659886894
183.3,-7.202000000000007,-7.182991823054658,-0.019008176945349398
183.4,-7.35,-7.168940568262888,-0.18105943173711125
183.5,-7.11,-7.155718212174582,0.04571821217458183
183.6,-7.066999999999994,-7.143305926739452,0.07630592673945813
183.7,-7.149999999999981,-7.131685736306684,-0.018314263693296695
183.8,-7.269999999999977,-7.120840618768613,-0.14915938123136474
183.9,-7.089999999999991,-7.110754600601252,0.02075460060126133
184.0,-7.029000000000001,-7.101412845624411,0.07241284562441042
184.1,-6.986666666666666,-7.092801737308183,0.10613507064151673
184.2,-7.023999999999977,-7.084908954457415,0.060908954457437936
184.3,-7.51444444444456,-7.077723540105443,-0.4367209043391176
184.4,-7.524999999999917,-7.071235963442981,-0.45376403655693576
184.5,-7.237142857142857,-7.065438174609721,-0.17170468253313587
184.6,-7.130000000000017,-7.060323652201275,-0.0696763477987421
184.7,-7.061428571428566,-7.055887443395825,-0.005541128032740872
184.8,-7.11,-7.052126196666922,-0.05787380333307812
184.9,-6.985714285714293,-7.049038187099791,0.06332390138549826
185.0,-6.914285714285694,-7.046623334358882,0.13233762007318806
185.1,-7.017142857142762,-7.044883213367281,0.02774035622451887
185.2,-7.060000000000061,-7.043821057759255,-0.016178942240806293
185.3,-7.178571428571442,-7.043441756159362,-0.13512967241207985
185.4,-7.34333333333336,-7.043751841331307,-0.2995814920020532
185.5,-6.848571428571333,-7.044759472236106,0.19618804366477338
185.6,-7.194285714285751,-7.0464744090486455,-0.14781130523710573
185.7,-7.04,-7.048907981201577,0.008907981201576654
185.8,-7.191428571428583,-7.0520730485463154,-0.13935552288226738
185.9,-7.017142857142819,-7.055983955736155,0.03884109859333673
186.0,-6.9614285714285815,-7.060656479947775,0.09922790851919316
186.1,-7.2114285714285415,-7.066107772067629,-0.14532079936091247
186.2,-7.138571428571422,-7.072356291477757,-0.066215137093665
186.3,-7.17285714285714,-7.079421734580192,-0.09343540827694774
186.4,-7.07,-7.08732495720453,0.017324957204529312
186.5,-7.078571428571434,-7.096087891053429,0.017516462481995454
186.6,-6.821428571428655,-7.105733454354336,0.28430488292568157
186.7,-6.992857142857189,-7.116285456894829,0.12342831403763999
186.8,-6.871428571428578,-7.127768499615916,0.2563399281873382
186.9,-7.091428571428622,-7.140207868918237,0.04877929748961485
187.0,-6.925714285714322,-7.153629425802543,0.22791514008822134
187.1,-7.37,-7.16805948992549,-0.2019405100745102
187.2,-7.3442857142856885,-7.183524718613403,-0.16076099567228574
187.3,-7.238571428571397,-7.200051980848804,-0.03851944772259319
187.4,-7.375714285714314,-7.217668226234178,-0.15804605948013606
187.5,-7.440000000000004,-7.236400348946334,-0.20359965105367017
187.6,-7.385714285714273,-7.256275046717504,-0.12943923899676868
187.7,-7.308571428571446,-7.277318674908828,-0.03125275366261793
187.8,-7.59,-7.299557095774915,-0.2904429042250847
187.9,-7.65,-7.32301552305283,-0.32698447694717014
188.0,-7.46,-7.347718362044965,-0.11228163795503487
188.1,-7.645714285714285,-7.373689045406199,-0.2720252403080856
188.2,-7.665714285714278,-7.400949864894645,-0.2647644208196338
188.3,-7.531428571428578,-7.429521799399862,-0.10190677202871612
188.4,-7.531428571428561,-7.459424339617831,-0.07200423181073035
188.5,-7.731428571428594,-7.4906753097945895,-0.2407532616340049
188.6,-7.828571428571401,-7.5232906870078216,-0.3052807415635792
188.7,-7.69,-7.557284418497661,-0.13271558150233975
188.8,-8.098571428571402,-7.592668237599895,-0.505903190971507
188.9,-8.232857142857197,-7.629451478883832,-0.6034056639733656
189.0,-8.164285714285725,-7.6676408931587945,-0.49664482112693076
189.1,-8.178571428571459,-7.707240463092636,-0.47133096547882314
189.2,-8.265714285714314,-7.748251220285913,-0.5174630654284007
189.3,-8.088571428571434,-7.790671064761817,-0.2979003638096174
189.4,-8.07,-7.834494587953346,-0.23550541204665443
189.5,-8.129999999999976,-7.879712900384626,-0.2502870996153499
189.6,-8.147142857142788,-7.926313465345434,-0.22082939179735384
189.7,-8.235714285714328,-7.97427993994342,-0.2614343457709083
189.8,-7.978571428571389,-8.023592024989116,0.04502059641772682
189.9,-8.084285714285738,-8.074225325228705,-0.010060389057032992
190.0,-8.192857142857141,-8.126151221489513,-0.06670592136762821
190.1,-7.88,-8.17933675633917,0.29933675633917023
190.2,-7.994285714285738,-8.233744534878147,0.23945882059240908
190.3,-7.965714285714298,-8.289332642285967,0.3236183565716688
190.4,-8.02,-8.346054579722274,0.3260545797222747
190.5,-7.798571428571447,-8.403859220143323,0.6052877915718762
190.6,-7.904285714285751,-8.46269078553325,0.5584050712474982
190.7,-7.692857142857137,-8.522488846969253,0.8296317041121162
190.8,-7.31,-8.58318834883758,1.2731883488375813
190.9,-7.238571428571418,-8.644719658385913,1.4061482298144954
191.0,-6.855714285714249,-8.707008641626409,1.8512943559121604
191.1,-6.835714285714281,-8.769976766378491,1.9342624806642101
191.2,-7.014285714285674,-8.83354123295101,1.8192555186653356
191.3,-6.8128571428571805,-8.897615132609067,2.0847579897518864
191.4,-7.0014285714285664,-8.962107633562528,1.9606790621339618
191.5,-7.25,-9.026924193768858,1.776924193768858
191.6,-7.808571428571502,-9.091966799379392,1.2833953708078898
191.7,-7.82,-9.157134227192675,1.3371342271926743
191.8,-8.801428571428664,-9.222322329032428,0.42089375760376413
191.9,-10.695714285714418,-9.287424335567884,-1.4082899501465338
192.0,-10.674285714285721,-9.352331176773761,-1.3219545375119601
192.1,-10.881428571428541,-9.416931816032063,-1.4644967553964783
192.2,-10.811428571428578,-9.481113594851676,-1.3303149765769025
192.3,-10.70285714285713,-9.544762585326701,-1.1580945575304291
192.4,-10.76,-9.607763947718299,-1.152236052281701
192.5,-10.585714285714285,-9.670002290857129,-0.9157119948571566
192.6,-10.382857142857196,-9.731362033375648,-0.651495109481548
192.7,-10.36000000000005,-9.791727764069194,-0.5682722359308556
192.8,-10.367142857142909,-9.850984599942002,-0.5161582572009067
192.9,-9.700000000000081,-9.90901854071265,0.20901854071256842
193.0,-9.525714285714335,-9.965716818728318,0.44000253301398295
193.1,-9.14,-10.020968243361892,0.8809682433618917
193.2,-9.672857142857204,-10.074663539026002,0.4018063961687979
193.3,-10.510000000000154,-10.126695675923052,-0.3833043240771019
193.4,-10.771428571428602,-10.176960192574438,-0.5944683788541649
193.5,-10.83571428571429,-10.225355509082748,-0.6103587766315428
193.6,-10.807142857142852,-10.27178323003578,-0.5353596271070717
193.7,-10.78142857142858,-10.31614843599062,-0.46528013543795943
193.8,-10.77,-10.358359962569034,-0.4116400374309652
193.9,-10.855714285714281,-10.39833066631847,-0.4573836193958112
194.0,-10.749999999999993,-10.43597767661906,-0.3140223233809323
194.1,-10.789999999999983,-10.471222633034499,-0.31877736696548453
194.2,-10.782857142857157,-10.50399190761172,-0.27886523524543705
194.3,-10.687142857142836,-10.534216811731275,-0.15292604541156152
194.4,-10.758571428571413,-10.561833787196345,-0.19673764137506744
194.5,-10.7,-10.586784581322572,-0.11321541867742724
194.6,-10.735714285714286,-10.609016405853072,-0.12669787986121328
194.7,-10.764285714285705,-10.62848207957393,-0.1358036347117757
194.8,-10.751428571428566,-10.645140154547414,-0.1062884168811511
194.9,-10.780000000000017,-10.65895502591598,-0.1210449740840378
195.0,-10.848571428571445,-10.669897025262399,-0.17867440330904572
195.1,-10.680000000000005,-10.677942497542091,-0.00205750245791414
195.2,-10.67,-10.683073861633636,0.013073861633635886
195.3,-10.677142857142854,-10.685279654581386,0.008136797438531573
195.4,-10.814285714285734,-10.684554559626168,-0.12973115465956653
195.5,-10.820000000000014,-10.680899418134178,-0.1391005818658364
195.6,-10.657142857142917,-10.674321225543215,0.017178368400298183
195.7,-10.820000000000016,-10.664833111456309,-0.15516688854370742
195.8,-10.673571428571398,-10.652454304029025,-0.021117124542373134
195.9,-10.515000000000022,-10.637210078815848,0.1222100788158258
196.0,-10.5,-10.61913169225846,0.11913169225845976
196.1,-10.49,-10.598256300009709,0.10825630000970854
196.2,-10.31,-10.574626860286715,0.26462686028671456
196.3,-10.5,-10.548292022432348,0.04829202243234754
196.4,-10.502500000000019,-10.519306000838434,0.016806000838414548
196.5,-10.53666666666666,-10.48772843435207,-0.04893823231459038
196.6,-10.603333333333284,-10.453624231256422,-0.14970910207686217
196.7,-10.509999999999993,-10.417063399897835,-0.0929366001021581
196.8,-10.585000000000004,-10.37812086502688,-0.20687913497312493
196.9,-10.460000000000038,-10.336876269932072,-0.12312373006796662
197.0,-10.449999999999982,-10.293413764468045,-0.15658623553193607
197.1,-10.507499999999988,-10.247821779111023,-0.259678220888965
197.2,-10.362499999999978,-10.200192785210344,-0.1623072147896334
197.3,-10.55,-10.150623041644554,-0.39937695835544673
197.4,-10.5,-10.099212328135511,-0.4007876718644887
197.5,-10.5,-10.04606366552731,-0.4539363344726901
197.6,-10.355000000000036,-9.991283023402502,-0.36371697659753366
197.7,-10.394999999999936,-9.934979015488242,-0.4600209845116936
197.8,-10.549999999999924,-9.877262583397385,-0.6727374166025388
197.9,-10.440000000000039,-9.818246669350646,-0.6217533306493923
198.0,-10.405,-9.758045878635947,-0.6469541213640522
198.1,-10.336666666666604,-9.69677613268458,-0.6398905339820242
198.2,-10.573333333333322,-9.634554313782733,-0.938779019550589
198.3,-10.329999999999849,-9.571497902589034,-0.7585020974108154
198.4,-10.182500000000017,-9.507724609792255,-0.6747753902077616
198.5,-10.09,-9.443352003418477,-0.6466479965815228
198.6,-9.92,-9.378497133480032,-0.5415028665199682
198.7,-9.91,-9.313276155839548,-0.5967238441604525
198.8,-9.73,-9.247803957332076,-0.4821960426679244
198.9,-9.434999999999995,-9.18219378434395,-0.25280621565604555
199.0,-9.286666666666614,-9.116556877188861,-0.17010978947775257
199.1,-8.790000000000038,-9.051002112746819,0.2610021127467803
199.2,-8.38,-8.985635657930938,0.6056356579309377
199.3,-8.14,-8.920560636606982,0.7805606366069817
199.4,-7.341666666666594,-8.855876812595799,1.514210145929205
199.5,-7.699999999999956,-8.791680291325855,1.0916802913258996
199.6,-7.155714285714232,-8.728063242564035,1.5723489568498028
199.7,-7.384285714285731,-8.665113646440231,1.2808279321544997
199.8,-7.68,-8.602915064710244,0.922915064710244
199.9,-7.479999999999972,-8.541546438896537,1.0615464388965652
200.0,-7.46,-8.481081916634826,1.0210819166348264
200.1,-7.574285714285694,-8.421590707258005,0.8473049929723109
200.2,-7.5171428571428205,-8.36313696737661,0.8459941102337893
200.3,-7.3114285714286105,-8.305779716963675,0.9943511455350649
200.4,-7.279999999999943,-8.249572786215253,0.9695727862153101
200.5,-6.8457142857142825,-8.194564793230363,1.3488505075160804
200.6,-6.859999999999988,-8.140799152326144,1.2807991523261562
200.7,-6.904285714285784,-8.088314112562935,1.1840283982771513
200.8,-6.997142857142957,-8.037142825790518,1.0399999686475612
200.9,-7.094285714285737,-7.987313443242981,0.8930277289572439
201.0,-7.242857142857137,-7.9388492394200885,0.6959920965629518
201.1,-7.421428571428538,-7.891768761716751,0.47034019028821294
201.2,-7.63571428571429,-7.8460860040146505,0.21037171830036083
201.3,-7.73,-7.80181060224134,0.07181060224133962
201.4,-8.080000000000025,-7.758948049739388,-0.32105195026063704
201.5,-8.25,-7.71749993017673,-0.5325000698232696
201.6,-8.005714285714273,-7.677464165673084,-0.32825012004118914
201.7,-7.922857142857131,-7.638835277816677,-0.28402186504045446
201.8,-7.712857142857182,-7.601604659292637,-0.11125248356454431
201.9,-7.778333333333316,-7.565760853919094,-0.21257247941422186
202.0,-8.42714285714284,-7.531289842965622,-0.8958530141772183
202.1,-7.94142857142864,-7.498175335700492,-0.44325323572814757
202.2,-7.51999999999996,-7.466399062187408,-0.053600937812551486
202.3,-7.877142857142869,-7.435941066443447,-0.4412017906994219
202.4,-7.8228571428571145,-7.406779998175131,-0.4160771446819833
202.5,-7.782857142857137,-7.378893401411746,-0.4039637414453905
202.6,-7.43,-7.352257998445523,-0.0777420015544763
202.7,-7.787142857142844,-7.3268499675733425,-0.46029288956950154
202.8,-7.56,-7.302645213218803,-0.25735478678119694
202.9,-7.5400000000000125,-7.279619627093766,-0.2603803729062468
203.0,-7.65142857142857,-7.2577493391334285,-0.3936792322951419
203.1,-7.5,-7.237010957011989,-0.2629890429880106
203.2,-7.599999999999962,-7.217381793119899,-0.3826182068800632
203.3,-7.61857142857141,-7.198840077959296,-0.4197313506121141
203.4,-7.611428571428594,-7.181365158992519,-0.43006341243607515
203.5,-7.514285714285703,-7.164937684061604,-0.34934803022409877
203.6,-7.606666666666666,-7.1495397685857665,-0.4571268980808991
203.7,-7.6485714285714455,-7.135155145838668,-0.5134162827327771
203.8,-7.645714285714311,-7.1217692997060125,-0.5239449860082983
203.9,-7.51,-7.10936957942693,-0.4006304205730702
204.0,-7.515,-7.097945295931455,-0.41705470406854506
204.1,-7.6,-7.087487799500157,-0.5125122004998426
204.2,-7.472857142857107,-7.077990538586198,-0.39486660427090925
204.3,-7.187142857142795,-7.069449099751176,-0.1176937573916188
204.4,-7.243333333333354,-7.061861228772415,-0.18147210456093887
204.5,-7.32142857142857,-7.055226833076655,-0.2662017383519153
204.6,-7.461428571428465,-7.049547965736899,-0.41188060569156626
204.7,-7.325714285714398,-7.044828791335395,-0.2808854943790031
204.8,-7.484999999999857,-7.041075534056629,-0.443924465943228
204.9,-7.185757575757591,-7.038296408441162,-0.147461167316429
205.0,-7.337272727272728,-7.03650153330707,-0.3007711939656579
205.1,-7.488787878787865,-7.035702829425282,-0.4530850493625831
205.2,-7.580000000000027,-7.035913901612616,-0.5440860983874103
205.3,-7.429999999999989,-7.037149905983297,-0.39285009401669235
205.4,-7.279999999999995,-7.0394274031837965,-0.24057259681619847
205.5,-7.13,-7.042764198531013,-0.0872358014689869
205.6,-7.167499999999999,-7.047179170071805,-0.12032082992819326
205.7,-7.204999999999997,-7.052692085667782,-0.1523079143322157
205.8,-7.242500000000007,-7.059323410273591,-0.1831765897264157
205.9,-7.217499999999994,-7.067094104622637,-0.15040589537735727
206.0,-7.1768749999999955,-7.07602541657094,-0.10084958342905548
206.1,-7.136249999999997,-7.086138666385542,-0.05011133361445452
206.2,-7.129090909090909,-7.097455027299369,-0.031635881791539866
206.3,-7.144242424242427,-7.109995302686265,-0.03424712155616216
206.4,-7.159393939393941,-7.123779701234628,-0.035614238159313416
206.5,-7.160625,-7.138827611515198,-0.02179738848480195
206.6,-7.1293750000000005,-7.155157377350249,0.025782377350248353
206.7,-7.098125000000002,-7.172786075399874,0.07466107539987199
206.8,-7.07,-7.1917292963863435,0.12172929638634322
206.9,-7.07,-7.212000931377637,0.1420009313776367
207.0,-7.07,-7.233612964543509,0.1636129645435087
207.1,-7.07,-7.256575273780249,0.18657527378024863
207.2,-7.008125000000016,-7.280895440574169,0.27277044057415356
207.3,-6.939374999999998,-7.306578570439598,0.3672035704395995
207.4,-6.870625000000001,-7.333627125224443,0.46300212522444184
207.5,-6.9136363636363605,-7.3620407685221965,0.448404404885836
207.6,-7.00454545454545,-7.391816225359906,0.3872707708144558
207.7,-7.095454545454541,-7.422947157246448,0.32749261179190636
207.8,-7.1174999999999855,-7.455424053569157,0.33792405356917143
207.9,-7.0362499999999955,-7.489234140227984,0.45298414022798816
208.0,-6.955000000000005,-7.5243613063007935,0.5693613063007881
208.1,-6.885625000000004,-7.560786049440167,0.6751610494401632
208.2,-6.863750000000005,-7.598485440602759,0.734735440602754
208.3,-6.841874999999999,-7.637433108597382,0.7955581085973833
208.4,-6.82,-7.677599244801623,0.857599244801623
208.5,-6.813750000000001,-7.718950628238838,0.9052006282388376
208.6,-6.8075,-7.761450671030534,0.9539506710305341
208.7,-6.8012500000000005,-7.80505948404622,1.0038094840462195
208.8,-6.947878787878805,-7.8497339623659546,0.9018551744871495
208.9,-7.132727272727273,-7.895427889952261,0.7627006172249882
209.0,-7.3175757575757405,-7.942092062702815,0.6245163051270746
209.1,-7.591249999999942,-7.989674428832773,0.3984244288328309
209.2,-7.953749999999929,-8.038120245328546,0.08437024532861681
209.3,-8.31625000000002,-8.08737224903683,-0.22887775096318919
209.4,-8.524999999999997,-8.137370840816546,-0.38762915918345087
209.5,-8.375000000000004,-8.18805428109813,-0.18694571890187284
209.6,-8.225000000000009,-8.23935889516839,0.014358895168381736
209.7,-8.120312499999972,-8.291219286519171,0.17090678651919866
209.8,-8.423437500000048,-8.343568556638578,-0.0798689433614701
209.9,-8.726562500000037,-8.396338529657223,-0.33022397034281425
210.0,-9.029687500000028,-8.449459980279102,-0.5802275197209266
210.1,-9.099375000000002,-8.502862863440741,-0.5965121365592605
210.2,-9.143124999999998,-8.556476544177972,-0.5866484558220257
210.3,-9.186875000000008,-8.610230026253317,-0.5766449737466903
210.4,-9.230625000000005,-8.664052178206347,-0.5665728217936579
210.5,-9.274375000000001,-8.717871955620671,-0.5565030443793297
210.6,-9.318124999999998,-8.771618618540733,-0.546506381459265
210.7,-9.361874999999994,-8.825221943111485,-0.5366530568885093
210.8,-9.405625000000004,-8.878612426652033,-0.5270125733479709
210.9,-9.393125,-8.93172148550979,-0.46140351449020933
211.0,-9.374375,-8.984481645174311,-0.38989335482568954
211.1,-9.355625000000002,-9.036826722258128,-0.3187982777418732
211.2,-9.336875000000003,-9.088691998072576,-0.24818300192742626
211.3,-9.318125,-9.14001438363571,-0.1781106163642896
211.4,-9.299375000000001,-9.190732576043633,-0.10864242395636836
211.5,-9.280625000000002,-9.240787206214225,-0.03983779378577701
211.6,-9.261875000000003,-9.290120978072832,0.028245978072828137
211.7,-9.276874999999995,-9.338678799293003,0.061803799293008055
211.8,-9.295625,-9.386407903732366,0.0907829037323662
211.9,-9.314375,-9.43325796571509,0.11888296571508938
212.0,-9.333124999999999,-9.479181206310399,0.14605620631039962
212.1,-9.351874999999998,-9.524132491743737,0.17225749174373917
212.2,-9.370624999999997,-9.5680694240558,0.19744442405580287
212.3,-9.389375000000003,-9.610952424095954,0.22157742409595116
212.4,-9.408125000000002,-9.652744806901275,0.24461980690127305
212.5,-9.501125000000002,-9.693412849470757,0.1922878494707554
212.6,-9.602374999999995,-9.732925850897171,0.13055085089717622
212.7,-9.703624999999988,-9.771256184768712,0.06763118476872343
212.8,-9.80487500000001,-9.808379343703558,0.0035043437035486846
212.9,-9.906125000000003,-9.844273975838325,-0.06185102416167787
213.0,-10.007374999999996,-9.878921913060955,-0.12845308693904123
213.1,-10.108624999999988,-9.912308190762571,-0.19631680923741612
213.2,-10.20987499999998,-9.944421058882268,-0.2654539411177126
213.3,-10.225625,-9.97525198403409,-0.250373015965911
213.4,-10.231875,-10.004795642536235,-0.22707935746376506
213.5,-10.238125,-10.033049904206717,-0.20507509579328342
213.6,-10.244375,-10.060015806842877,-0.1843591931571229
213.7,-10.250625,-10.085697521358341,-0.16492747864165835
213.8,-10.256875,-10.110102307605363,-0.14677269239463797
213.9,-10.263125,-10.133240460960645,-0.12988453903935593
214.0,-10.269375,-10.155125249797871,-0.11424975020212891
214.1,-10.277875,-10.17577284401072,-0.10210215598928052
214.2,-10.286624999999999,-10.195202234786134,-0.09142276521386528
214.3,-10.295375000000002,-10.21343514585975,-0.08193985414025207
214.4,-10.304125,-10.230495936513735,-0.07362906348626552
214.5,-10.312875,-10.246411496602663,-0.06646350339733686
214.6,-10.321625,-10.26121113391559,-0.06041386608441002
214.7,-10.330374999999998,-10.274926454202754,-0.05544854579724401
214.8,-10.339125000000001,-10.287591234213554,-0.05153376578644675
214.9,-10.37,-10.299241288108893,-0.07075871189110572
215.0,-10.14,-10.309914327625982,0.1699143276259818
215.1,-10.295555555555561,-10.319649816386272,0.024094260830711534
215.2,-10.26222222222222,-10.328488818744775,0.06626659652255462
215.3,-10.43,-10.336473843578394,-0.09352615642160522
215.4,-10.606000000000021,-10.343648683403066,-0.26235131659695554
215.5,-10.41666666666666,-10.350058249202263,-0.06660841746439772
215.6,-10.455555555555556,-10.355748401352304,-0.09980715420325126
215.7,-10.406666666666668,-10.360765777047309,-0.04590088961935912
215.8,-10.38,-10.365157614653564,-0.014842385346437226
215.9,-10.2911111111111,-10.36897157545001,0.07786046433890981
216.0,-10.49600000000002,-10.372255563231771,-0.12374443676824853
216.1,-10.34,-10.37505754226548,0.035057542265480635
216.2,-10.62222222222224,-10.377425354091148,-0.24479686813109147
216.3,-10.448888888888874,-10.379406533670542,-0.0694823552183319
216.4,-10.397000000000006,-10.381048125392198,-0.01595187460780778
216.5,-10.486666666666666,-10.382396499460596,-0.10427016720607085
216.6,-10.382222222222227,-10.383497169219135,0.0012749469969079996
216.7,-10.01,-10.384394609977411,0.37439460997741136
216.8,-10.53,-10.38513207992723,-0.1448679200727696
216.9,-10.34,-10.38575144373429,0.04575144373428941
217.0,-10.13,-10.386292999382425,0.2562929993824241
217.1,-9.17,-10.38679530882869,1.21679530882869
217.2,-10.159894120451066,-10.387295032999281,0.22740091254821593
217.3,-10.590708608363595,-10.387826771603477,-0.20288183676011862
217.4,-10.610168277165716,-10.388422908155137,-0.22174536901057884
217.5,-10.590621210250397,-10.389113460491346,-0.20150774975905072
217.6,-10.568962055780334,-10.389925937009167,-0.1790361187711671
217.7,-10.491453023966018,-10.390885198827112,-0.10056782513890639
217.8,-10.502803830043597,-10.392013328104337,-0.11079050193925966
217.9,-10.721166080612809,-10.393329502791659,-0.3278365778211505
218.0,-10.675438497070253,-10.394849878129486,-0.2805886189407669
218.1,-10.696086212044602,-10.396587475248294,-0.29949873679630734
218.2,-10.802284611201792,-10.3985520772741,-0.40373253392769115
218.3,-10.382400034091594,-10.400750133399368,0.018350099307774315
218.4,-10.425611108414584,-10.403184671446406,-0.022426436968178365
218.5,-10.39798200737562,-10.405855219516038,0.007873212140417252
218.6,-10.420958119092345,-10.408757737366892,-0.012200381725453013
218.7,-10.550116846378529,-10.411884558202452,-0.13823228817607713
218.8,-10.541603153663848,-10.415224341558027,-0.12637881210582158
218.9,-10.323257244371488,-10.418762037988476,0.09550479361698727
219.0,-10.319219180757099,-10.42247886626869,0.10325968551159193
219.1,-10.169813178285496,-10.42635230383177,0.2565391255462739
219.2,-10.154184434652072,-10.430356091175865,0.2761716565237933
219.3,-10.083405079974483,-10.434460250960013,0.3510551709855303
219.4,-9.90832913568924,-10.438631122477569,0.530301986788329
219.5,-9.808423097618315,-10.44283141214309,0.6344083145247748
219.6,-9.840823407380878,-10.447020260554886,0.6061968531740085
219.7,-9.829105656337955,-10.451153326599265,0.6220476702613098
219.8,-9.973280594131833,-10.455182888943977,0.4819022948121443
219.9,-9.870612832484833,-10.459057965133052,0.5884451326482196
220.0,-9.904267463964839,-10.462724448352988,0.5584569843881493
220.1,-9.962466042554722,-10.466125261799213,0.5036592192444918
220.2,-9.881093856494012,-10.469200530434396,0.5881066739403842
220.3,-9.965971932501114,-10.471887769795403,0.5059158372942889
220.4,-9.977800560711524,-10.474122091372205,0.49632153066068163
220.5,-9.992963075188086,-10.475836423949735,0.48287334876164856
220.6,-9.987276390600401,-10.476961750173611,0.48968535957321
220.7,-9.9747141246554,-10.477427357473847,0.5027132328184472
220.8,-9.993406910780385,-10.477161102357591,0.4837541915772068
220.9,-10.109822360882777,-10.47608968696142,0.366267326078642
221.0,-10.25444070797325,-10.474138946635001,0.21969823866175098
221.1,-10.518706588907888,-10.471234147214222,-0.0474724416936656
221.2,-10.709389432390713,-10.467300290540791,-0.24208914184992203
221.3,-10.630025208018008,-10.462262426709222,-0.1677627813087863
221.4,-10.700460522169562,-10.456045971481245,-0.24441455068831708
221.5,-10.737232929422651,-10.448577027304731,-0.28865590211792025
221.6,-10.691485807989004,-10.43978270640166,-0.2517031015873439
221.7,-10.623436719342626,-10.42959145443577,-0.19384526490685694
221.8,-10.63635960002968,-10.417933373326134,-0.21842622670354572
221.9,-10.653881668236746,-10.404740541831963,-0.24914112640478336
222.0,-10.564679231652107,-10.389947332592303,-0.1747318990598039
222.1,-10.49858539285924,-10.373490724360067,-0.12509466849917317
222.2,-10.434570838833272,-10.35531060822275,-0.07926023061052234
222.3,-10.297089798926354,-10.335350086651035,0.03826028772468071
222.4,-10.35411303731672,-10.313555764257421,-0.04055727305929935
222.5,-10.35866124371302,-10.289878029176712,-0.06878321453630676
222.6,-10.413792863197354,-10.26427132399861,-0.14952153919874434
222.7,-10.45949695648496,-10.236694405194593,-0.22280255129036775
222.8,-10.391124733971077,-10.207110589994647,-0.18401414397643023
222.9,-10.38931250915291,-10.175487989691392,-0.21382451946151804
223.0,-10.287146947911046,-10.141799728382125,-0.1453472195289205
223.1,-10.253492750136985,-10.106024146201008,-0.14746860393597672
223.2,-10.256044109440298,-10.068144986138844,-0.1878991233014542
223.3,-10.240963444324494,-10.028151563592331,-0.21281188073216306
223.4,-10.214601739023323,-9.986038917827281,-0.2285628211960411
223.5,-10.177370251960104,-9.941807944582694,-0.23556230737741046
223.6,-10.157500632767947,-9.895465509088194,-0.26203512367975357
223.7,-10.11223562433344,-9.847024538817381,-0.265211085516059
223.8,-9.982876048696333,-9.796504095354248,-0.18637195334208556
223.9,-9.969931405078283,-9.743929424807542,-0.22600198027074114
224.0,-9.956986761460232,-9.689331986266918,-0.26765477519331426
224.1,-9.94404211784218,-9.63274945785286,-0.31129265998932
224.2,-9.93109747422413,-9.574225719969752,-0.356871754254378
224.3,-9.918152830606076,-9.513810815431365,-0.404342015174711
224.4,-9.961252547101545,-9.451560886194853,-0.5096916609066913
224.5,-9.994985445138004,-9.387538086516185,-0.607447358621819
224.6,-9.988754015334466,-9.32181047242974,-0.6669435429047255
224.7,-9.947821459472975,-9.254451867560348,-0.6933695919126261
224.8,-9.878654359050609,-9.185541705399721,-0.6931126536508874
224.9,-9.993170829605704,-9.115164848320758,-0.8780059812849466
225.0,-9.988965140339817,-9.04341138375988,-0.9455537565799368
225.1,-9.978298699321519,-8.970376398168302,-1.0079223011532168
225.2,-9.819149091261725,-8.896159729519493,-0.922989361742232
225.3,-8.785164396819896,-8.82086569936392,0.03570130254402315
225.4,-9.050257494726203,-8.744602825634548,-0.3056546690916555
225.5,-8.806786333354147,-8.667483517604067,-0.13930281575007974
225.6,-8.78070050097787,-8.58962375455,-0.19107674642786954
225.7,-8.756746024931358,-8.51114274978722,-0.2456032751441377
225.8,-8.321874718547878,-8.432162601793253,0.11028788324537508
225.9,-8.506760325255987,-8.352807934200419,-0.15395239105556868
226.0,-8.326615243361388,-8.27320552646907,-0.053409716892318215
226.1,-8.351834545389274,-8.193483937087551,-0.15835060830172232
226.2,-8.191755126835233,-8.113773121167565,-0.07798200566766766
226.3,-8.32922787490538,-8.034204044324087,-0.2950238305812931
226.4,-8.202005236243174,-7.954908294752826,-0.2470969414903479
226.5,-7.748927349270748,-7.876017695448895,0.12709034617814652
226.6,-7.568827035768799,-7.797663918547584,0.22883688277878456
226.7,-7.384810614444205,-7.719978103804432,0.3351674893602272
226.8,-7.379553066730392,-7.6430904832516005,0.2635374165212081
226.9,-7.091161674666536,-7.567130014057322,0.47596833939078653
227.0,-7.102884798919247,-7.492224021573182,0.38933922265393495
227.1,-7.1572278466898265,-7.418497854488341,0.2612700077985144
227.2,-6.78552603928184,-7.346074553929328,0.560548514647488
227.3,-7.013769544217805,-7.275074538255257,0.26130499403745233
227.4,-6.732468888262101,-7.20561530520601,0.4731464169439086
227.5,-6.009251051161503,-7.13781115296622,1.1285601018047169
227.6,-5.953734876446983,-7.0717729216062795,1.1180380451592962
227.7,-5.769220703119666,-7.007607756238945,1.238387053119279
227.8,-5.514074287569898,-6.94541889306675,1.4313446054968528
227.9,-5.180861635222327,-6.885305469278474,1.7044438340561463
228.0,-4.8746701658347344,-6.827362357484315,1.9526921916495805
228.1,-5.028420044368377,-6.771680025065288,1.7432599806969113
228.2,-5.088259823681989,-6.718344418454577,1.6300845947725877
228.3,-5.7739875375787015,-6.667436871972556,0.8934493343938543
228.4,-5.157462047946485,-6.619034040423211,1.4615719924767259
228.5,-5.147891742933545,-6.573207854258998,1.4253161113254524
228.6,-6.490554430267827,-6.530025495755962,0.03947106548813473
228.7,-7.162355619992247,-6.489549394316178,-0.6728062256760685
228.8,-7.033829027310991,-6.451837238739814,-0.5819917885711767
228.9,-6.952898232278077,-6.416942004119181,-0.5359562281588959
229.0,-7.020636866553086,-6.384911990937361,-0.6357248756157245
229.1,-6.976537328199936,-6.355790873997446,-0.6207464542024903
229.2,-7.054043633426083,-6.329617758920651,-0.7244258745054326
229.3,-7.063879148561301,-6.306427244091167,-0.757451904470134
229.4,-7.086949185363191,-6.286249486075973,-0.8006996992872182
229.5,-7.059500515732259,-6.269110266708018,-0.7903902490242407
229.6,-6.98934469674975,-6.255031060192457,-0.7343136365572933
229.7,-7.03968710965669,-6.244029098776589,-0.7956580108801008
229.8,-7.087217113525445,-6.236117435710992,-0.8510996778144531
229.9,-7.003687372248299,-6.2313050044184655,-0.7723823678298336
230.0,-6.980654672825632,-6.229596672977815,-0.7510579998478173
230.1,-6.958164453964792,-6.230993293221829,-0.7271711607429632
230.2,-6.89780180844063,-6.235491743941531,-0.6623100644990991
230.3,-6.951409203723839,-6.24308496787818,-0.7083242358456587
230.4,-6.8344904651121805,-6.253762002367434,-0.5807284627447462
230.5,-6.822897980464323,-6.267508003675439,-0.5553899767888844
230.6,-6.819515547330687,-6.284304265234068,-0.5352112820966193
230.7,-6.778171821118802,-6.304128230141097,-0.474043590977705
230.8,-6.763631992232786,-6.326953498439254,-0.43667849379353196
230.9,-6.710373987274854,-6.352749829825428,-0.35762415744942544
231.0,-6.639749875456441,-6.381483142567879,-0.25826673288856217
231.1,-6.636534785836009,-6.413115509524245,-0.2234192763117635
231.2,-6.635760370812587,-6.447605152254336,-0.18815521855825157
231.3,-6.596003636518695,-6.484906434307209,-0.11109720221148578
231.4,-6.590824959107138,-6.524969854831942,-0.06585510427519647
231.5,-6.47379446802394,-6.567742043716736,0.09394757569279566
231.6,-6.3259743867811755,-6.613165759502232,0.28719137272105666
231.7,-6.352532348876046,-6.661179891339023,0.30864754246297643
231.8,-6.182721799940018,-6.711719466261186,0.5289976663211675
231.9,-6.11718110691949,-6.764715663021307,0.6475345561018173
232.0,-5.8601678367800965,-6.820095833674735,0.9599279968946384
232.1,-5.837123078772244,-6.877783534009355,1.040660455237111
232.2,-6.055217276020754,-6.937698563788354,0.8824812877676003
232.3,-6.444995543278177,-6.999757017605528,0.5547614743273517
232.4,-6.705007618458296,-7.063871346954057,0.358863728495761
232.5,-6.885734880446497,-7.129950433902876,0.24421555345637902
232.6,-7.111683101360623,-7.19789967658854,0.08621657522791715
232.7,-7.229640419097472,-7.267621086584516,0.03798066748704354
232.8,-7.231835276226822,-7.339013398108378,0.10717812188155573
232.9,-7.33056752364714,-7.411972188963011,0.08140466531587087
233.0,-7.236,-7.4863900130687915,0.2503900130687917
233.1,-7.237947185141323,-7.56215654441678,0.32420935927545713
233.2,-7.306613745913249,-7.639158732245466,0.3325449863322172
233.3,-7.407038293721236,-7.717280967205806,0.31024267348457
233.4,-7.615232365637381,-7.796405258226374,0.18117289258899305
233.5,-7.576127780454859,-7.876411419724862,0.30028363927000346
233.6,-7.570639994500487,-7.9571772687413365,0.38653727424084927
233.7,-7.693460246726478,-8.038578831498741,0.34511858477226287
233.8,-7.802684483890015,-8.120490558826775,0.31780607493675994
233.9,-7.862586357307294,-8.202785549811967,0.3401991925046728
234.0,-7.973389268345287,-8.285335782957782,0.3119465146124947
234.1,-8.202192322952472,-8.368012354056889,0.1658200311044169
234.2,-8.639600794468222,-8.450685719897766,-0.1889150745704562
234.3,-8.711692303924668,-8.533225946856536,-0.17846635706813174
234.4,-8.708382897574804,-8.61550296337209,-0.09287993420271334
234.5,-8.947990391243875,-8.697386815278918,-0.2506035759649574
234.6,-9.07724757516824,-8.778747922978745,-0.2984996521894949
234.7,-9.115934201750232,-8.859457339461098,-0.2564768622891336
234.8,-9.10559617104876,-8.93938700822542,-0.16620916282333908
234.9,-9.165039729158229,-9.018410020209265,-0.14662970894896432
235.0,-9.362840707004866,-9.096400868883716,-0.26643983812114946
235.1,-9.43342886676266,-9.173235702732814,-0.26019316402984494
235.2,-9.479287306832177,-9.24879257438551,-0.23049473244666707
235.3,-9.647137347970224,-9.322951685719847,-0.32418566225037715
235.4,-9.69823795119458,-9.395595628314059,-0.30264232288052106
235.5,-9.648319723346848,-9.46660961867955,-0.18171010466729776
235.6,-9.669464214862963,-9.535881727775207,-0.13358248708775555
235.7,-9.739440625206853,-9.603303104367523,-0.1361375208393305
235.8,-9.897930998623448,-9.668768191861357,-0.22916280676209055
235.9,-9.861477401153547,-9.732174938277572,-0.1293024628759749
236.0,-9.771879452398585,-9.793424999097459,0.02154554669887432
236.1,-9.818677791005825,-9.852423932732973,0.03374614172714807
236.2,-9.87559292985314,-9.909081388415546,0.03348845856240601
236.3,-9.941734581751403,-9.963311286319556,0.02157670456815275
236.4,-10.011322058195853,-10.015031989746417,0.003709931550563539
236.5,-9.990090047091567,-10.064166469194689,0.07407642210312204
236.6,-9.979000000000006,-10.1106424581363,0.1316424581362945
236.7,-10.044,-10.154392600311526,0.11039260031152587
236.8,-10.137818181818187,-10.195354588344422,0.057536406526235595
236.9,-10.278732686980616,-10.233471293464142,-0.04526139351647451
237.0,-10.318483379501389,-10.268690886097456,-0.04979249340393288
237.1,-10.358234072022162,-10.30096694708003,-0.0572671249421326
237.2,-10.397984764542935,-10.330258569224448,-0.06772619531848711
237.3,-10.437735457063718,-10.356530448983685,-0.08120500808003328
237.4,-10.477486149584491,-10.379752967957517,-0.09773318162697464
237.5,-10.517236842105264,-10.399902264003138,-0.11733457810212577
237.6,-10.548015873015878,-10.41696029172834,-0.13105558128753714
237.7,-10.552312499999974,-10.430914872166039,-0.12139762783393593
237.8,-10.546222222222179,-10.441759731452828,-0.10446249076935032
237.9,-10.398921875,-10.44949452836096,0.05057265336096073
238.0,-10.465238095238094,-10.45412487056024,-0.011113224677854916
238.1,-10.152500000000064,-10.455662319509434,0.30316231950937045
238.2,-10.376555555555601,-10.454124383889864,0.07756882833426282
238.3,-10.504343750000011,-10.449534501492352,-0.05480924850765945
238.4,-10.447437499999998,-10.441922009452831,-0.0055154905471663795
238.5,-10.424343750000002,-10.431322102709212,0.006978352709209545
238.6,-10.307156250000032,-10.41777578053371,0.11061953053367723
238.7,-10.521499999999984,-10.401329780985728,-0.12017021901425551
238.8,-10.553499999999998,-10.38203650312701,-0.17146349687298823
238.9,-10.552000000000007,-10.359953916840043,-0.19204608315996374
239.0,-10.14760317460316,-10.335145460095688,0.18754228549252794
239.1,-10.23859375,-10.307679923530744,0.06908617353074398
239.2,-10.373968253968256,-10.27763132221582,-0.09633693175243607
239.3,-10.331718749999986,-10.245078754507164,-0.08663999549282231
239.4,-10.319380952380945,-10.21010624787882,-0.10927470450212518
239.5,-10.375125000000006,-10.172802591631907,-0.202322408368099
239.6,-10.494222222222218,-10.133261156386624,-0.3609610658355944
239.7,-10.201624999999995,-10.09157970028441,-0.11004529971558519
239.8,-10.112874999999978,-10.047860161862769,-0.0650148381372091
239.9,-10.057406250000014,-10.002208439610257,-0.055197810389756796
240.0,-10.038499999999969,-9.954734158255672,-0.08376584174429702
240.1,-10.081968749999996,-9.905550421884115,-0.1764183281158811
240.2,-10.09375,-9.854773554000761,-0.2389764459992385
240.3,-10.111984375000004,-9.802522824687502,-0.309461550312502
240.4,-10.197476190476216,-9.748920165027553,-0.4485560254486636
240.5,-10.252625000000005,-9.694089869016357,-0.5585351309836479
240.6,-10.188199999999997,-9.638158283238347,-0.5500417167616494
240.7,-10.163588235294167,-9.581253484671343,-0.5823347506228238
240.8,-9.970228571428457,-9.523504947083818,-0.44672362434463864
240.9,-10.012885714285714,-9.46504319661029,-0.5478425176754236
241.0,-10.136588235294134,-9.405999457218828,-0.7305887780753064
241.1,-9.985142857142801,-9.346505286915885,-0.6386375702269156
241.2,-9.863571428571456,-9.286692205667824,-0.5768792229036315
241.3,-9.773228571428573,-9.226691316159847,-0.546537255268726
241.4,-9.823028571428578,-9.16663291866197,-0.6563956527666086
241.5,-9.785500000000008,-9.106646121422537,-0.6788538785774705
241.6,-9.812514285714284,-9.046858448158828,-0.7656558375554567
241.7,-9.453571428571493,-8.987395444363813,-0.46617598420768047
241.8,-9.485676470588261,-8.928380284302538,-0.5572961862857237
241.9,-8.920599999999933,-8.869933380728844,-0.050666619271089175
242.0,-8.734714285714285,-8.812171999502437,0.07745771378815292
242.1,-8.56657142857143,-8.755209881412107,0.18863845284067615
242.2,-8.41634965034967,-8.699156873597847,0.2828072232481773
242.3,-8.275790209790198,-8.644118573005061,0.3683283632148626
242.4,-8.035538461538454,-8.59019598429966,0.5546575227612056
242.5,-7.726720279720294,-8.53748519463243,0.8107649149121352
242.6,-7.36028671328675,-8.48607706756932,1.1257903542825707
242.7,-7.222664335664349,-8.436056958398309,1.2133926227339602
242.8,-7.21779720279721,-8.387504452874326,1.1697072500771162
242.9,-7.341573426573427,-8.340493131265921,0.9989197046924945
243.0,-7.333223776223777,-8.295090359326991,0.9618665831032143
243.1,-7.264661971830999,-8.251357107552781,0.9866951357217824
243.2,-7.162664335664327,-8.20934779981276,1.0466834641484324
243.3,-7.225601398601404,-8.169110192196124,0.9435087935947202
243.4,-7.233615384615384,-8.130685282658407,0.8970698980430223
243.5,-7.25885314685314,-8.09410725181558,0.8352541049624396
243.6,-7.436475524475507,-8.05940343499429,0.6229279105187819
243.7,-7.390321678321695,-8.026594325418355,0.6362726470966598
243.8,-7.376454545454553,-7.9956936081987795,0.6192390627442261
243.9,-7.512818181818181,-7.9667082246018355,0.4538900427836543
244.0,-7.522323943661972,-7.939638465897453,0.4173145222354808
244.1,-7.543363636363633,-7.914478095936006,0.37111445957237255
244.2,-7.582146853146848,-7.891214501464256,0.3090676483174075
244.3,-7.61711188811189,-7.86982886907075,0.2527169809588594
244.4,-7.606384615384615,-7.850296387546961,0.24391177216234627
244.5,-7.584825174825174,-7.832586474360782,0.24776129953560755
244.6,-7.605804195804194,-7.816663024861424,0.21085882905722997
244.7,-7.613356643356642,-7.802484682766623,0.18912803940998124
244.8,-7.676545454545464,-7.790005130421507,0.11345967587604289
244.9,-7.840181818181818,-7.7791733972624835,-0.06100842091933423
245.0,-7.807633802816903,-7.769934184870947,-0.037699617945955666
245.1,-7.739318181818185,-7.762228206964933,0.022910025146747337
245.2,-7.712149425287355,-7.755992542655497,0.043843117368142615
245.3,-7.634344827586198,-7.751161001286733,0.11681617370053488
245.4,-7.562310344827588,-7.747664497175929,0.1853541523483413
245.5,-7.575597701149423,-7.745431432564464,0.1698337314150411
245.6,-7.6033333333333335,-7.744388087074635,0.14105475374130183
245.7,-7.609310344827588,-7.74445901194165,0.1351486671140627
245.8,-7.605057471264368,-7.7455674272561765,0.14050995599180816
245.9,-7.58767816091954,-7.747635620415832,0.15995745949629203
246.0,-7.605275862068965,-7.750585343947418,0.14530948187845283
246.1,-7.608218390804599,-7.754338210826118,0.1461198200215188
246.2,-7.63068181818183,-7.758816085382502,0.12813426720067245
246.3,-7.62760919540232,-7.763941467852445,0.13633227245012502
246.4,-7.830655172413812,-7.769637870589778,-0.061017301824033865
246.5,-8.064333333333332,-7.775830183928883,-0.2885031494044492
246.6,-8.025068965517264,-7.782445029659629,-0.24262393585763498
246.7,-8.153620689655147,-7.789411100069183,-0.3642095895859647
246.8,-8.304500000000028,-7.7966594805224,-0.5078405194776279
246.9,-8.416409836065572,-7.8041239535973315,-0.6122858824682407
247.0,-8.642612903225809,-7.811741282862738,-0.8308716203630704
247.1,-8.801483870967765,-7.819451474480338,-0.9820323964874271
247.2,-9.023612903225784,-7.827198014939807,-1.196414888285977
247.3,-9.189741935483898,-7.83492808339504,-1.3548138520888582
247.4,-9.22841935483871,-7.842592737270456,-1.385826617568254
247.5,-9.27237096774194,-7.8501470700480835,-1.4222238976938568
247.6,-9.151,-7.857550340426544,-1.2934496595734561
247.7,-9.143258064516143,-7.864766072352876,-1.278491992163267
247.8,-9.066806451612896,-7.87176212575384,-1.1950443258590564
247.9,-8.955645161290292,-7.878510738121081,-1.0771344231692108
248.0,-8.839193548387101,-7.8849885374238795,-0.9542050109632214
248.1,-8.615258064516135,-7.891176527127287,-0.7240815373888481
248.2,-8.641064516129033,-7.8970600443767625,-0.7440044717522705
248.3,-8.536278688524579,-7.902628692667454,-0.6336499958571249
248.4,-8.231161290322538,-7.907876250543554,-0.32328503977898393
248.5,-8.17922580645163,-7.912800558070405,-0.26642524838122483
248.6,-8.092435483870972,-7.917403382989506,-0.1750321008814657
248.7,-7.976419354838698,-7.921690268601664,-0.05472908623703354
248.8,-7.819081967213112,-7.925670365524244,0.10658839831113198
248.9,-7.426354838709658,-7.929356249536148,0.5030014108264895
249.0,-6.634953488372104,-7.9327637277591805,1.2978102393870765
249.1,-6.696651162790618,-7.9359116354174235,1.239260472626806
249.2,-6.994139534883722,-7.938821625347385,0.9446820904636635
249.3,-6.8786511627907,-7.9415179522851975,1.0628667894944979
249.4,-7.055418604651211,-7.944027253741509,0.8886086490902976
249.5,-7.096860465116288,-7.946378329022722,0.849517863906434
249.6,-7.123279069767441,-7.948601917702196,0.8253228479347552
249.7,-7.250953488372084,-7.950730478603684,0.6997769902315998
249.8,-7.28761904761909,-7.952797970134403,0.6651789225153131
249.9,-7.652720930232565,-7.954839632596608,0.3021187023640426
250.0,-7.879372093023269,-7.956891772916256,0.07751967989298691
250.1,-8.284255813953537,-7.958991552062646,-0.32526426189089097
250.2,-8.455,-7.96117677530679,-0.4938232246932097
250.3,-8.599500000000054,-7.963485685393904,-0.6360143146061503
250.4,-8.603,-7.965956758696247,-0.6370432413037523
250.5,-8.568402985074616,-7.9686285044649665,-0.5997744806096499
250.6,-8.313,-7.971539267400533,-0.34146073259946785
250.7,-8.268343283582082,-7.974727033890654,-0.29361624969142763
250.8,-8.257,-7.9782292423999195,-0.2787707576000802
250.9,-8.021850746268655,-7.9820825986185024,-0.03976814765015213
251.0,-8.28,-7.986322896077896,-0.29367710392210356
251.1,-8.001164179104414,-7.990984843018948,-0.010179336085466062
251.2,-7.743477611940357,-7.996101896355755,0.25262428441539786
251.3,-7.414611940298428,-8.001706103620867,0.5870941633224387
251.4,-7.445084337349374,-8.007827953797747,0.5627436164483735
251.5,-7.040285714285714,-8.014496237931898,0.9742105236461835
251.6,-7.115927710843355,-8.021737920349638,0.9058102095062832
251.7,-7.235843373493975,-8.029578021199905,0.7937346477059295
251.8,-7.509000000000054,-8.03803951087678,0.5290395108767267
251.9,-7.652891566265083,-8.04714321669421,0.39425165042912624
252.0,-7.846879518072288,-8.056907741992873,0.2100282239205855
252.1,-7.876807228915665,-8.067349397686819,0.19054216877115326
252.2,-7.916759036144579,-8.078482146119633,0.16172310997505424
252.3,-8.106452054794563,-8.090317556999082,-0.016134497795480485
252.4,-8.082794520547944,-8.102864775108767,0.020070254560822676
252.5,-8.09553424657534,-8.116130499447854,0.020596252872513432
252.6,-8.082958904109592,-8.130118973420025,0.04716006931043282
252.7,-8.073589041095861,-8.144831985676166,0.07124294458030533
252.8,-8.16594520547946,-8.160268881205983,-0.005676324273476752
252.9,-8.249410958904104,-8.176426582266005,-0.07298437663809842
253.0,-8.202287671232881,-8.19329961872358,-0.00898805250930046
253.1,-8.234328767123287,-8.21088016739082,-0.02344859973246649
253.2,-8.166315068493162,-8.229158099921891,0.06284303142872893
253.3,-8.123684931506848,-8.248121038850398,0.12443610734355026
253.4,-8.014397260273999,-8.267754421346089,0.25335716107209016
253.5,-8.22665753424657,-8.288041570265388,0.06138403601881848
253.6,-8.282547945205478,-8.308963772054279,0.02641582684880106
253.7,-8.23247945205481,-8.330500361035726,0.0980209089809172
253.8,-8.31586301369864,-8.352628809584143,0.03676579588550233
253.9,-8.56665753424659,-8.375324823663858,-0.19133271058273138
254.0,-8.668780821917808,-8.398562443191343,-0.27021837872646515
254.1,-8.631931506849314,-8.422314146674672,-0.20961736017464183
254.2,-8.32453424657536,-8.446550959593516,0.12201671301815686
254.3,-8.572712328767132,-8.47124256601002,-0.10146976275711239
254.4,-8.550575342465736,-8.496357422936084,-0.05421791952965194
254.5,-8.606630136986299,-8.52186287701236,-0.08476725997393864
254.6,-8.551342465753425,-8.547725283073412,-0.003617182680013542
254.7,-8.453246575342472,-8.573910124186657,0.12066354884418473
254.8,-8.35858904109589,-8.600382132763762,0.24179309166787277
254.9,-8.293712328767127,-8.62710541234851,0.33339308358138275
255.0,-8.461561643835642,-8.654043559676404,0.19248191584076224
255.1,-8.536671232876712,-8.68115978657289,0.14448855369617775
255.2,-8.69489041095884,-8.708417041211225,0.013526630252385985
255.3,-8.925972602739698,-8.735778128198955,-0.19019447454074268
255.4,-8.850452054794522,-8.763205826917355,-0.0872462278771664
255.5,-8.92475342465754,-8.790663007512721,-0.13409041714481873
255.6,-8.878383561643837,-8.818112743935382,-0.06027081770845477
255.7,-8.746109589041119,-8.845518423437225,0.09940883439610637
255.8,-8.944109589041176,-8.87284385196087,-0.07126573708030648
255.9,-9.132945205479446,-8.900053354873375,-0.23289185060607132
256.0,-8.620054794520627,-8.927111872510347,0.30705707798971993
256.1,-9.44604109589038,-8.953985050005478,-0.49205604588490104
256.2,-9.377,-8.980639320891019,-0.396360679108982
256.3,-9.420698630137005,-9.007041983972117,-0.4136566461648883
256.4,-9.414260273972566,-9.033161273011407,-0.381099000961159
256.5,-9.51146575342467,-9.058966418818716,-0.45249933460595315
256.6,-9.295547945205424,-9.084427703422936,-0.21112024178248845
256.7,-9.557616438356165,-9.109516506097037,-0.4480999322591277
256.8,-9.557013698630103,-9.134205341102327,-0.4228083575277761
256.9,-9.377479452054812,-9.158467887109452,-0.2190115649453599
257.0,-9.367589041095885,-9.182279008342586,-0.18531003275329816
257.1,-9.450821917808264,-9.20561476757961,-0.24520715022865502
257.2,-9.502232876712403,-9.228452431221317,-0.27378044549108616
257.3,-9.388684931506905,-9.250770466712375,-0.1379144647945303
257.4,-9.277999999999999,-9.272548532657062,-0.005451467342936667
257.5,-9.40911538461538,-9.293767462026889,-0.1153479225884908
257.6,-9.418602564102553,-9.314409238903984,-0.10419332519856894
257.7,-9.47012820512819,-9.334456969240359,-0.13567123588783225
257.8,-9.59292307692305,-9.35389484614033,-0.23902823078272029
257.9,-9.725294871794882,-9.372708110198737,-0.3525867615961449
258.0,-9.636564102564094,-9.39088300545857,-0.24568109710552477
258.1,-9.595576923076921,-9.408406731593688,-0.18717019148323288
258.2,-9.578833333333423,-9.42526739297599,-0.1535659403574332
258.3,-9.38069230769234,-9.441453945346296,0.0607616376539557
258.4,-9.45015384615387,-9.456956140864479,0.0068022947106083365
258.5,-9.580602564102573,-9.471764472357844,-0.10883809174472958
258.6,-9.501641025640959,-9.485870117613876,-0.015770908027082697
258.7,-9.420615384615383,-9.499264884577379,0.07864949996199577
258.8,-9.303410256410194,-9.511941158319459,0.20853090190926515
258.9,-9.2401666666667,-9.523891850649381,0.2837251839826802
259.0,-9.18514285714287,-9.535110353234387,0.34996749609151756
259.1,-8.99199999999993,-9.545590495069128,0.5535904950691979
259.2,-8.787,-9.55532650509012,0.7683265050901191
259.3,-8.74466666666667,-9.56431298065877,0.8196463139920986
259.4,-8.664051282051197,-9.572544862534865,0.9084935804836682
259.5,-8.905923076923067,-9.580017416827397,0.6740943399043307
259.6,-8.943871794872058,-9.586726224243588,0.6428544293715301
259.7,-9.398179487179476,-9.592667176772446,0.19448768959296991
259.8,-9.69307692307696,-9.59783648175547,-0.09524044132149001
259.9,-9.707282051282062,-9.602230673137083,-0.10505137814497978
260.0,-9.686743589743601,-9.605846629570495,-0.08089696017310644
260.1,-9.420153846153783,-9.608681598990206,0.1885277528364231
260.2,-9.554615384615314,-9.61073322924141,0.0561178446260957
260.3,-9.652923076923045,-9.611999604356878,-0.04092347256616691
260.4,-9.66638461538457,-9.61247928607214,-0.053905329312430084
260.5,-9.655255388369207,-9.612171360163396,-0.043084028205811364
260.6,-9.401900366002339,-9.611075487185625,0.20917512118328574
260.7,-9.16585876662636,-9.609191957185809,0.4433331905594482
260.8,-9.196330350665063,-9.606521747962022,0.4101913972969591
260.9,-9.226801934703746,-9.603066586418963,0.3762646517152177
261.0,-9.257273518742446,-9.598829012522827,0.3415554937803815
261.1,-9.287745102781148,-9.593812445284554,0.3060673425034057
261.2,-9.331731499051234,-9.588021250112678,0.2562897510614448
261.3,-9.376797912713482,-9.581460806788217,0.20466289407473504
261.4,-9.421864326375704,-9.57413757723188,0.15227325085617593
261.5,-9.466930740037952,-9.566059172161474,0.09912843212352129
261.6,-9.551016515468735,-9.557234415675806,0.006217900207071025
261.7,-9.651039776692233,-9.547673406752395,-0.10336636993983817
261.8,-9.75106303791579,-9.537387576611241,-0.21367546130454862
261.9,-9.851086299139288,-9.526389740878923,-0.32469655826036536
262.0,-9.949196440793953,-9.514694145489763,-0.43450229530419016
262.1,-10.044564909879082,-9.502316505287245,-0.5422484045918363
262.2,-10.139933378964157,-9.489274034341168,-0.6506593446229889
262.3,-10.235301848049287,-9.475585467074877,-0.7597163809744103
262.4,-10.322663087248362,-9.461271069402457,-0.8613920178459047
262.5,-10.132059060402682,-9.446352639207538,-0.6857064211951442
262.6,-9.941455033557002,-9.430853495650902,-0.5106015379060995
262.7,-9.75085100671143,-9.414798456965826,-0.33605254974560417
262.8,-9.560246979865752,-9.398213806572592,-0.16203317329316036
262.9,-9.516399297937674,-9.381127247498412,-0.13527205043926216
263.0,-9.588799473453266,-9.363567845212353,-0.22523162824091258
263.1,-9.661199648968857,-9.345565959074214,-0.3156336898946428
263.2,-9.733599824484408,-9.327153162660641,-0.4064466618237663
263.3,-9.806,-9.308362153286879,-0.49763784671312017
263.4,-9.773728055077461,-9.289226651103997,-0.4845014039734643
263.5,-9.741456110154905,-9.269781288228666,-0.4716748219262392
263.6,-9.709184165232347,-9.25006148845707,-0.4591226767752765
263.7,-9.67691222030981,-9.23010333822187,-0.44680888208793945
263.8,-9.60340059096661,-9.209943449564484,-0.3934571414021253
263.9,-9.453970451667391,-9.18961881600848,-0.26435163565891173
264.0,-9.304540312368088,-9.169166662328983,-0.13537365003910473
264.1,-9.155110173068783,-9.14862428931313,-0.006485883755653177
264.2,-9.005680033769565,-9.128028914690336,0.12234888092077156
264.3,-8.943297453943284,-9.10741751147202,0.16412005752873604
264.4,-8.935638584144073,-9.086826644973414,0.151188060829341
264.5,-8.927979714344858,-9.06629230979609,0.1383125954512323
264.6,-8.92032084454564,-9.04584976803407,0.1255289234884298
264.7,-8.91266197474643,-9.025533389937541,0.11287141519111188
264.8,-8.801322777101074,-9.005376498234622,0.20405372113354758
264.9,-8.661249695493321,-8.985411217277452,0.3241615217841307
265.0,-8.521176613885489,-8.96566832814343,0.444491714257941
265.1,-8.381103532277656,-8.946177130779784,0.5650735985021278
265.2,-8.241030450669903,-8.926965314221505,0.6859348635516014
265.3,-8.268449910376432,-8.908058835831497,0.6396089254550645
265.4,-8.323817367058345,-8.889481810404789,0.565664443346444
265.5,-8.379184823740289,-8.871256409848632,0.49207158610834334
265.6,-8.434552280422233,-8.85340277400678,0.4188504935845465
265.7,-8.489919737104145,-8.835938933051578,0.3460191959474326
265.8,-8.516151230949589,-8.818880741732473,0.3027295107828838
265.9,-8.536667057444305,-8.80224182564975,0.265574768205445
266.0,-8.557182883939035,-8.786033539618868,0.22885065567983354
266.1,-8.577698710433763,-8.770264938102274,0.19256622766851095
266.2,-8.59821453692848,-8.754942757609657,0.15672822068117576
266.3,-8.580323619631901,-8.740071410902269,0.15974779127036776
266.4,-8.547348159509212,-8.725652992780635,0.17830483327142232
266.5,-8.514372699386504,-8.711687297186083,0.19731459779957916
266.6,-8.481397239263796,-8.698171845302479,0.21677460603868326
266.7,-8.448421779141107,-8.685101924301778,0.23668014516067082
266.8,-8.483927778822663,-8.672470636332541,0.1885428575098782
266.9,-8.587369569305983,-8.660268957302875,0.07289938799689288
267.0,-8.690811359789361,-8.64848580496011,-0.04232555482925093
267.1,-8.79425315027274,-8.637108115723867,-0.15714503454887208
267.2,-8.89769494075606,-8.62612092969534,-0.27157401106071966
267.3,-8.956737036353546,-8.615507483251319,-0.34122955310222736
267.4,-8.820180476102625,-8.60524930864187,-0.21493116746075458
267.5,-8.683623915851625,-8.595326340044917,-0.08829757580670794
267.6,-8.547067355600625,-8.585717025582424,0.038649669981799306
267.7,-8.410510795349701,-8.57639844485781,0.1658876495081092
267.8,-8.273954235098701,-8.567346431617343,0.2933921965186421
267.9,-8.265725049809813,-8.558535701157917,0.2928106513481037
268.0,-8.296697699692087,-8.549939982095179,0.2532422824030913
268.1,-8.327670349574364,-8.541532152071648,0.21386180249728426
268.2,-8.35864299945662,-8.533284376931764,0.17464137747514386
268.3,-8.389615649338895,-8.525168252830447,0.1355526034915524
268.4,-8.416875755421257,-8.517154950682931,0.10027919526167395
268.5,-8.432695165303947,-8.509215362312027,0.07652019700807955
268.6,-8.448514575186637,-8.501320247606118,0.0528056724194812
268.7,-8.464333985069318,-8.493440381967181,0.029106396897862652
268.8,-8.480153394952008,-8.485546703301953,0.005393308349944448
268.9,-8.49597280483469,-8.47761045779023,-0.018362347044460492
269.0,-8.533419675562525,-8.469603343651269,-0.0638163319112568
269.1,-8.584178440607019,-8.46149765212242,-0.12268078848459929
269.2,-8.634937205651484,-8.45326640486389,-0.1816708007875949
269.3,-8.68569597069598,-8.444883487011541,-0.2408124836844383
269.4,-8.736454735740445,-8.436323775117863,-0.3001309606225817
269.5,-8.787213500784938,-8.427563259252034,-0.35965024153290415
269.6,-8.753706506849296,-8.418579158574312,-0.3351273482749839
269.7,-8.709357191780818,-8.409350029757883,-0.30000716202293454
269.8,-8.665007876712316,-8.399855867700552,-0.2651520090117643
269.9,-8.620658561643838,-8.39007819804466,-0.23058036359917722
270.0,-8.576309246575336,-8.380000161100012,-0.196309085475324
270.1,-8.53430929567995,-8.369606586836476,-0.1647027088434747
270.2,-8.541033114809213,-8.358884060677445,-0.1821490541317683
270.3,-8.54775693393848,-8.347820979882137,-0.19993595405634323
270.4,-8.554480753067743,-8.336407600355075,-0.2180731527126678
270.5,-8.56120457219701,-8.324636073767929,-0.23656849842908123
270.6,-8.567928391326276,-8.312500474925441,-0.2554279164008353
270.7,-8.568156626506019,-8.299996819356528,-0.26815980714949106
270.8,-8.507915662650586,-8.287123071164672,-0.2207925914859139
270.9,-8.447674698795186,-8.273879141228596,-0.17379555756659038
271.0,-8.387433734939753,-8.260266875902957,-0.12716685903679625
271.1,-8.327192771084318,-8.246290036425808,-0.08090273465851006
271.2,-8.266951807228919,-8.23195426929071,-0.03499753793820837
271.3,-8.20957258587168,-8.217267067883217,0.007694482011537218
271.4,-8.224640635126374,-8.202237725712521,-0.022402909413852257
271.5,-8.239708684381075,-8.186877281589679,-0.05283140279139609
271.6,-8.254776733635776,-8.171198457116077,-0.08357827651969885
271.7,-8.269844782890468,-8.155215586853755,-0.11462919603671295
271.8,-8.28491283214517,-8.13894454155802,-0.14596829058715066
271.9,-8.299980881399863,-8.122402644866437,-0.1775782365334262
272.0,-8.30089769291965,-8.105608583858732,-0.19528910906091745
272.1,-8.299624821002386,-8.088582313930036,-0.2110425070723494
272.2,-8.298351949085124,-8.071344958454818,-0.22700699063030605
272.3,-8.29707907716786,-8.05391870376022,-0.2431603734076404
272.4,-8.295806205250598,-8.036326689974171,-0.25947951527642665
272.5,-8.294533333333334,-8.018592898364902,-0.27594043496843135
272.6,-8.237261718749975,-8.000742035843698,-0.23651968290627678
272.7,-8.139605468750007,-7.98279941736144,-0.15680605138856762
272.8,-8.041949218749982,-7.964790846989814,-0.07715837176016827
272.9,-7.9442929687500135,-7.946742498536054,0.0024495297860402943
273.0,-7.846636718749989,-7.928680796589775,0.08204407783978684
273.1,-7.748980468749965,-7.910632298936403,0.1616518301864387
273.2,-7.6590277777777755,-7.892623581290001,0.23359580351222586
273.3,-7.6039326273787475,-7.8746811252978235,0.27074849791907596
273.4,-7.5488374769797515,-7.8568312107495695,0.307993733769818
273.5,-7.4937423265807235,-7.839099812887569,0.3453574863068454
273.6,-7.4386471761816955,-7.821512505662163,0.3828653294804676
273.7,-7.383552025782699,-7.804094371712242,0.420542345929543
273.8,-7.328456875383671,-7.786869919776192,0.45841304439252095
273.9,-7.319321024868118,-7.769863010154423,0.4505419852863053
274.0,-7.33333760361718,-7.753096788751855,0.4197591851346756
274.1,-7.3473541823662405,-7.736593630128505,0.3892394477622645
274.2,-7.361370761115293,-7.720375089881806,0.35900432876651234
274.3,-7.375387339864355,-7.704461866579625,0.32907452671526993
274.4,-7.389403918613408,-7.68887377336214,0.29946985474873156
274.5,-7.402773501110289,-7.673629719236105,0.2708562181258163
274.6,-7.39522353811991,-7.658747699997563,0.26352416187765293
274.7,-7.3876735751295355,-7.644244798638562,0.2565712235090265
274.8,-7.3801236121391565,-7.63013719501944,0.25001358288028364
274.9,-7.372573649148782,-7.616440184519328,0.2438665353705458
275.0,-7.365023686158402,-7.603168205312347,0.23814451915394486
275.1,-7.357473723168023,-7.59033487385417,0.23286115068614688
275.2,-7.351840023269343,-7.577953028102609,0.22611300483326602
275.3,-7.351258289703316,-7.566034777936434,0.21477648823311757
275.4,-7.350676556137289,-7.5545915621786275,0.2039150060413384
275.5,-7.350094822571262,-7.543634211573979,0.1935393890027166
275.6,-7.349513089005235,-7.533173017016449,0.1836599280112141
275.7,-7.348931355439209,-7.523217802269606,0.17428644683039707
275.8,-7.348349621873182,-7.513778000373664,0.16542837850048198
275.9,-7.358034867104884,-7.504862732885432,0.14682786578054774
276.0,-7.383184909974279,-7.4964808910527365,0.11329598107845751
276.1,-7.408334952843675,-7.488641217982926,0.08030626513925121
276.2,-7.433484995713056,-7.481352390826673,0.047867395113616595
276.3,-7.458635038582452,-7.474623101964959,0.015988063382507356
276.4,-7.483785081451833,-7.4684621381601834,-0.015322943291649516
276.5,-7.508935124321229,-7.462878456612762,-0.04605666770846728
276.6,-7.553101207186972,-7.457881256852883,-0.09521995033408892
276.7,-7.6256727961819,-7.453480047393223,-0.17219274878867719
276.8,-7.698244385176869,-7.449684706073126,-0.24855967910374321
276.9,-7.770815974171796,-7.446505533039682,-0.3243104411321145
277.0,-7.843387563166765,-7.443953295338749,-0.39943426782801605
277.1,-7.915959152161734,-7.4420392621322575,-0.4739198900294763
277.2,-7.988530741156661,-7.440775229618791,-0.5477555115378703
277.3,-8.05158477031316,-7.440173534813273,-0.6114112354998875
277.4,-8.08979693750862,-7.440247057438634,-0.6495498800699862
277.5,-8.128009104704102,-7.441009209296887,-0.6869998954072152
277.6,-8.166221271899584,-7.44247391061797,-0.7237473612816139
277.7,-8.204433439095043,-7.444655553029651,-0.7597778860653914
277.8,-8.242645606290525,-7.447568948948663,-0.7950766573418617
277.9,-8.280857773485984,-7.451229267360125,-0.829628506125859
278.0,-8.316891690389054,-7.455651956128372,-0.8612397342606828
278.1,-8.277309204283581,-7.460852651167084,-0.8164565531164971
278.2,-8.237726718178129,-7.466847072989247,-0.7708796451888817
278.3,-8.198144232072655,-7.473650911355663,-0.7244933207169924
278.4,-8.158561745967203,-7.481279698940146,-0.6772820470270569
278.5,-8.11897925986173,-7.48974867512477,-0.6292305847369599
278.6,-8.079396773756256,-7.499072641225361,-0.5803241325308957
278.7,-8.039814287650804,-7.5092658086236215,-0.5305484790271828
278.8,-7.899390169175378,-7.520341641446897,-0.3790485277284814
278.9,-7.704905021979492,-7.532312695588635,-0.1725923263908573
279.0,-7.510419874783496,-7.545190455998698,0.034770581215202156
279.1,-7.315934727587501,-7.558985174285823,0.2430504466983221
279.2,-7.121449580391615,-7.573705708754929,0.45225612836331397
279.3,-6.926964433195619,-7.58935936904039,0.6623949358447714
279.4,-6.732479285999734,-7.605951767487108,0.873472481487374
279.5,-6.565698350353495,-7.623486679371758,1.0577883290182628
279.6,-6.563603561141659,-7.641965913946644,1.0783623528049846
279.7,-6.561508771929824,-7.66138919812984,1.0998804262000164
279.8,-6.559413982717988,-7.6817540744634005,1.1223400917454125
279.9,-6.557319193506153,-7.703055814726722,1.1457366212205686
280.0,-6.555224404294317,-7.72528735033694,1.1700629460426226
280.1,-6.553129615082481,-7.7484392204017025,1.1953096053192214
280.2,-6.551034825870646,-7.772499538016266,1.22146471214562
280.3,-6.647084802470782,-7.797453975117682,1.1503691726468999
280.4,-6.838952001029456,-7.823285765924678,0.9843337648952213
280.5,-7.030819199588239,-7.84997572870581,0.8191565291175706
280.6,-7.222686398147022,-7.877502305338099,0.6548159071910762
280.7,-7.414553596705696,-7.90584161785515,0.4912880211494537
280.8,-7.60642079526448,-7.934967540949036,0.3285467456845561
280.9,-7.798287993823154,-7.964851789191498,0.16656379536834454
281.0,-7.990155192381937,-7.995464017580455,0.0053088251985187185
281.1,-8.118710889085644,-8.026771933897908,-0.09193895518773587
281.2,-8.224439989882368,-8.058741421284491,-0.16569856859787713
281.3,-8.330169090679153,-8.091336669392131,-0.23883242128702165
281.4,-8.435898191475879,-8.124520312465377,-0.31137787901050196
281.5,-8.541627292272661,-8.158253572718296,-0.38337371955436517
281.6,-8.647356393069446,-8.192496407412444,-0.45485998565700214
281.7,-8.753085493866172,-8.227207658099111,-0.5258778357670604
281.8,-8.858814594662956,-8.262345200564807,-0.5964693940981487
281.9,-8.886676986199175,-8.297866094112027,-0.5888108920871478
282.0,-8.898364167599153,-8.333726728917325,-0.564637438681828
282.1,-8.910051348999131,-8.369882970333009,-0.540168378666122
282.2,-8.921738530399102,-8.406290299132884,-0.5154482312662179
282.3,-8.93342571179908,-8.44290394684013,-0.4905217649589506
282.4,-8.94511289319905,-8.479679025411398,-0.4654338677876524
282.5,-8.956800074599027,-8.516570650682473,-0.44022942391655384
282.6,-8.968487255999005,-8.5535340591063,-0.4149531968927054
282.7,-8.968313615252995,-8.590524717433622,-0.3777888978193733
282.8,-8.964891469078465,-8.627498425099661,-0.3373930439788033
282.9,-8.961469322903937,-8.664411409186911,-0.29705791371702617
283.0,-8.958047176729407,-8.701220411933466,-0.2568267647959406
283.1,-8.954625030554876,-8.73788277084731,-0.21674225970756567
283.2,-8.951202884380347,-8.774356491568998,-0.17684639281134906
283.3,-8.947780738205818,-8.810600313697398,-0.13718042450842027
283.4,-8.94435859203129,-8.84657376985581,-0.09778482217547868
283.5,-8.950390771449168,-8.882237238328592,-0.06815353312057582
283.6,-8.962647440519106,-8.917551989641668,-0.04509545087743838
283.7,-8.974904109589037,-8.952480227494217,-0.022423882094820158
283.8,-8.987160778658975,-8.986985124474305,-0.0001756541846695825
283.9,-8.999417447728906,-9.021030853009117,0.021613405280211495
284.0,-9.011674116798844,-9.054582612011945,0.04290849521310136
284.1,-9.023930785868782,-9.087606649693672,0.06367586382489065
284.2,-9.036187454938712,-9.120070283006667,0.08388282806795466
284.3,-9.047721710370896,-9.151941914183872,0.10422020381297692
284.4,-9.057407512402548,-9.183191044825541,0.125783532422993
284.5,-9.067093314434207,-9.213788287970623,0.14669497353641603
284.6,-9.076779116465865,-9.243705378569357,0.16692626210349282
284.7,-9.08646491849752,-9.272915182748152,0.1864502642506327
284.8,-9.096150720529177,-9.3013917062272,0.20524098569802263
284.9,-9.10583652256083,-9.329110102215749,0.22327357965491856
285.0,-9.11552232459249,-9.356046679069447,0.24052435447695686
285.1,-9.125208126624148,-9.382178907948955,0.25697078132480655
285.2,-9.15634378629501,-9.407485430669224,0.25114164437421493
285.3,-9.192348432055761,-9.431946067874867,0.23959763581910565
285.4,-9.228353077816491,-9.455541827619701,0.2271887498032097
285.5,-9.264357723577243,-9.47825491436917,0.21389719079192737
285.6,-9.300362369337995,-9.500068738385066,0.19970636904707106
285.7,-9.336367015098727,-9.520967925394192,0.18460091029546533
285.8,-9.372371660859478,-9.54093832638763,0.16856666552815192
285.9,-9.408376306620209,-9.55996702734532,0.15159072072511037
286.0,-9.451818430969528,-9.578042358632327,0.12622392766279944
286.1,-9.524103460089101,-9.595153903768495,0.07105044367939328
286.2,-9.596388489208634,-9.61129250723296,0.014904018024326504
286.3,-9.668673518328209,-9.626450280930635,-0.0422232373975735
286.4,-9.740958547447741,-9.640620608921397,-0.10033793852634432
286.5,-9.813243576567315,-9.653798149997032,-0.15944542657028293
286.6,-9.885528605686888,-9.66597883768787,-0.21954976799901793
286.7,-9.95781363480642,-9.67715987729159,-0.28065375751483046
286.8,-10.030098663925996,-9.687339739541363,-0.34275892438463273
286.9,-10.062857752329636,-9.696518150569542,-0.36633960176009417
287.0,-10.046915235208267,-9.704696077876376,-0.34221915733189157
287.1,-10.030972718086899,-9.711875712079628,-0.3190970060072704
287.2,-10.015030200965537,-9.71806044429722,-0.29696975666831626
287.3,-9.999087683844168,-9.723254839096258,-0.27583284474791014
287.4,-9.983145166722808,-9.72746460302282,-0.25568056369998793
287.5,-9.96720264960144,-9.73069654880436,-0.23650610079707945
287.6,-9.951260132480071,-9.732958555389061,-0.21830157709100995
287.7,-9.935317615358711,-9.734259524053948,-0.2010580913047626
287.8,-9.91378516228748,-9.734609330876031,-0.17917583141144888
287.9,-9.88751004636786,-9.734018775918534,-0.15349127044932587
288.0,-9.861234930448225,-9.732499529537375,-0.12873540091085012
288.1,-9.83495981452859,-9.730064076261328,-0.1048957382672615
288.2,-9.80868469860897,-9.726725656742229,-0.08195904186674063
288.3,-9.782409582689334,-9.722498208308977,-0.05991137438035743
288.4,-9.756134466769714,-9.717396304690608,-0.038738162079106075
288.5,-9.729859350850079,-9.711435095499434,-0.01842425535064507
288.6,-9.703584234930442,-9.70463024608549,0.0010460111550472107
288.7,-9.660222077499196,-9.69699787838823,0.03677580088903376
288.8,-9.598570064039937,-9.688554513420973,0.08998444938103667
288.9,-9.536918050580713,-9.679317016027275,0.14239896544656183
289.0,-9.475266037121456,-9.669302542545307,0.19403650542385087
289.1,-9.413614023662198,-9.658528492004328,0.24491446834212915
289.2,-9.351962010202975,-9.647012461454663,0.2950504512516883
289.3,-9.290309996743716,-9.634772205997903,0.34446220925418736
289.4,-9.228657983284494,-9.621825604036953,0.39316762075245926
289.5,-9.167005969825235,-9.608190628206085,0.4411846583808501
289.6,-9.121711784799317,-9.593885322369502,0.47217353757018543
289.7,-9.120644321093083,-9.57892778499337,0.45828346390028685
289.8,-9.119576857386848,-9.563336159101869,0.443759301715021
289.9,-9.118509393680615,-9.547128628924664,0.42861923524404943
290.0,-9.117441929974381,-9.530323423234988,0.4128814932606062
290.1,-9.116374466268146,-9.5129388252682,0.39656435900005427
290.2,-9.115307002561913,-9.494993189003209,0.3796861864412957
290.3,-9.114239538855678,-9.476504961484908,0.3622654226292301
290.4,-9.113172075149444,-9.457492710765424,0.34432063561597914
290.5,-9.112104611443211,-9.437975158945443,0.3258705475022321
290.6,-9.146648614609585,-9.417971219704679,0.27132260509509365
290.7,-9.185061712846347,-9.397500039622686,0.2124383267763399
290.8,-9.22347481108313,-9.376581042509194,0.1531062314260634
290.9,-9.261887909319892,-9.35523397588876,0.09334606656886812
291.0,-9.300301007556676,-9.333478958720711,0.03317795116403488
291.1,-9.338714105793459,-9.311336529384215,-0.02737757640924343
291.2,-9.377127204030222,-9.28882769292118,-0.08829951110904233
291.3,-9.415540302267004,-9.265973966507104,-0.14956633575989997
291.4,-9.453953400503767,-9.242797422111988,-0.2111559783917798
291.5,-9.473676746826298,-9.21932072532011,-0.2543560215061884
291.6,-9.462117246361853,-9.19556716929896,-0.26655007706289346
291.7,-9.450557745897411,-9.171560702942879,-0.27899704295453276
291.8,-9.438998245432966,-9.147325952264644,-0.2916722931683218
291.9,-9.427438744968525,-9.122888234165217,-0.30455051080330797
292.0,-9.41587924450408,-9.098273561775267,-0.3176056827288125
292.1,-9.404319744039633,-9.07350864062981,-0.3308111034098218
292.2,-9.392760243575193,-9.048620855008323,-0.34413938856686954
292.3,-9.381200743110746,-9.023638243846907,-0.3575624992638389
292.4,-9.369641242646306,-8.998589465706505,-0.37105177693980096
292.5,-9.406948442098836,-8.973503752361754,-0.4334446897370814
292.6,-9.466727189688417,-8.948410850659448,-0.5183163390289689
292.7,-9.526505937277964,-8.923340952385036,-0.6031649848929277
292.8,-9.586284684867543,-8.898324611973484,-0.6879600728940591
292.9,-9.64606343245709,-8.87339265201158,-0.7726707804455106
293.0,-9.705842180046671,-8.848576056606463,-0.8572661234402084
293.1,-9.76562092763625,-8.823905852842286,-0.9417150747939651
293.2,-9.825399675225798,-8.799412980714468,-1.0259866945113298
293.3,-9.885178422815379,-8.775128152119201,-1.1100502706961777
293.4,-9.944957170404924,-8.751081699684534,-1.193875470720391
293.5,-9.732136926147756,-8.727303416458504,-1.0048335096892522
293.6,-9.464272654690598,-8.703822387716869,-0.760450266973729
293.7,-9.19640838323359,-8.680666816410657,-0.5157415668229337
293.8,-8.92854411177643,-8.65786384402562,-0.27068026775081044
293.9,-8.660679840319423,-8.635439368850848,-0.025240471468574555
294.0,-8.392815568862265,-8.613417863833845,0.2206022949715809
294.1,-8.124951297405104,-8.591822196324115,0.46687089891901046
294.2,-7.857087025948098,-8.570673452073105,0.7135864261250076
294.3,-7.5892227544909385,-8.549990765864372,0.9607680113734336
294.4,-7.321358483033931,-8.529791161094026,1.2084326780600954
294.5,-7.309245510744785,-8.510089400507914,1.2008438897631288
294.6,-7.356345893435403,-8.490897850130619,1.1345519566952156
294.7,-7.403446276125995,-8.472226358199249,1.0687800820732543
294.8,-7.450546658816613,-8.454082150657204,1.0035354918405908
294.9,-7.4976470415072045,-8.43646974448991,0.9388227029827059
295.0,-7.544747424197823,-8.419390879913152,0.8746434557153293
295.1,-7.591847806888442,-8.40284447216494,0.8109966652764982
295.2,-7.638948189579033,-8.386826583407478,0.7478783938284446
295.3,-7.686048572269652,-8.371330415016905,0.6852818427472531
295.4,-7.733148954960243,-8.356346320325443,0.6231973653651997
295.5,-7.785636495223384,-8.341861837682865,0.5562253424594807
295.6,-7.841411849850436,-8.32786174352202,0.4864498936715833
295.7,-7.897187204477457,-8.314328124946414,0.4171409204689569
295.8,-7.952962559104509,-8.301240471206766,0.3482779121022572
295.9,-8.00873791373153,-8.288575783298588,0.2798378695670589
296.0,-8.064513268358581,-8.276308700794429,0.21179543243584753
296.1,-8.120288622985633,-8.2644116449228,0.1441230219371672
296.2,-8.176063977612655,-8.252854976820801,0.07679099920814636
296.3,-8.231839332239707,-8.2416071698193,0.00976783757959332
296.4,-8.287614686866727,-8.230634994567785,-0.05697969229894184
296.5,-8.321606888699117,-8.219903715770824,-0.10170317292829267
296.6,-8.292951418540651,-8.209377299289049,-0.08357411925160285
296.7,-8.264295948382202,-8.199018628353508,-0.06527732002869335
296.8,-8.235640478223736,-8.188789727650411,-0.04685075057332533
296.9,-8.206985008065287,-8.178651994048638,-0.028333014016649116
297.0,-8.178329537906821,-8.168566432759732,-0.00976310514708878
297.1,-8.149674067748355,-8.158493897735319,0.008819829986963512
297.2,-8.121018597589906,-8.148395335118215,0.027376737528308936
297.3,-8.09236312743144,-8.138232028570416,0.04586890113897546
297.4,-8.06370765727299,-8.12796584530349,0.06425818803050021
297.5,-8.035052187114525,-8.117559481634792,0.0825072945202674
297.6,-8.041557100205267,-8.106976706886252,0.0654196066809849
297.7,-8.061803414816195,-8.096182604431734,0.03437918961553876
297.8,-8.082049729427135,-8.085143808685059,0.0030940792579237097
297.9,-8.102296044038063,-8.07382873680596,-0.028467307232103778
298.0,-8.122542358649003,-8.062207813888834,-0.06033454476016864
298.1,-8.142788673259941,-8.050253690391772,-0.09253498286816964
298.2,-8.163034987870871,-8.037941450562775,-0.12509353730809636
298.3,-8.18328130248181,-8.025248810627179,-0.1580324918546303
298.4,-8.203527617092737,-8.012156305514994,-0.19137131157774334
298.5,-8.223773931703677,-7.998647462929531,-0.2251264687741461
298.6,-8.244031373268518,-7.984708963589266,-0.25932240967925235
298.7,-8.275404641775983,-7.970330786513436,-0.30507385526254716
298.8,-8.306777910283467,-7.955506338268731,-0.3512715720147357
298.9,-8.338151178790932,-7.940232565149826,-0.3979186136411066
299.0,-8.369524447298415,-7.924510047331288,-0.44501439996712744
299.1,-8.400897715805899,-7.90834307410327,-0.49255464170262897
299.2,-8.432270984313364,-7.891739699389177,-0.540531284924187
299.3,-8.463644252820847,-7.874711776840523,-0.5889324759803243
299.4,-8.495017521328313,-7.857274973912683,-0.6377425474156295
299.5,-8.526390789835796,-7.83944876444532,-0.6869420253904757
299.6,-8.55776405834328,-7.8212563994029995,-0.7365076589402797
299.7,-8.5813725419448,-7.802724855575038,-0.7786476863697622
299.8,-8.535097961392744,-7.7838847621889125,-0.7512131992038311
299.9,-8.488823380840712,-7.764770305557914,-0.7240530752827983
300.0,-8.442548800288655,-7.74541911205905,-0.6971296882296052
300.1,-8.396274219736597,-7.72587210991726,-0.6704021098193369
300.2,-8.349999639184567,-7.706173370451795,-0.6438262687327718
300.3,-8.30372505863251,-7.686369929616381,-0.6173551290161292
300.4,-8.257450478080479,-7.666511590834532,-0.5909388872459465
300.5,-8.211175897528422,-7.6466507102946775,-0.5645251872337447
300.6,-8.164901316976364,-7.626841966026625,-0.5380593509497391
300.7,-8.118626736424334,-7.607142112231221,-0.5114846241931126
300.8,-8.070873181979442,-7.587609720479004,-0.48326346150043786
300.9,-7.918957609081299,-7.568304909530998,-0.35065269955030054
301.0,-7.76704203618307,-7.549289065664779,-0.21775297051829057
301.1,-7.615126463284841,-7.530624555508579,-0.08450190777626165
301.2,-7.463210890386698,-7.512374433489937,0.049163543103238894
301.3,-7.311295317488469,-7.4946021460860335,0.18330682859756475
301.4,-7.159379744590326,-7.477371235114828,0.31799149052450204
301.5,-7.007464171692097,-7.460745042326461,0.45328087063436406
301.6,-6.855548598793868,-7.444786417542337,0.5892378187484697
301.7,-6.703633025895725,-7.429557432544495,0.7259244066487707
301.8,-6.5517174529974955,-7.415119102840291,0.8634016498427952
301.9,-6.3998018800993535,-7.40153111931687,1.001729239217516
302.0,-6.379947685064088,-7.388851591656326,1.0089039065922387
302.1,-6.4069770686197645,-7.377136805206785,0.9701597365870205
302.2,-6.434006452175427,-7.3664409928004755,0.9324345406250485
302.3,-6.461035835731105,-7.356816122785394,0.895780287054289
302.4,-6.488065219286767,-7.348311704303329,0.8602464850165621
302.5,-6.515094602842444,-7.340974610613871,0.8258800077714268
302.6,-6.5421239863981215,-7.334848921037211,0.7927249346390894
302.7,-6.569153369953784,-7.32997578187019,0.760822411916406
302.8,-6.596182753509462,-7.3263932864202195,0.7302105329107578
302.9,-6.623212137065123,-7.324136374100292,0.7009242370351689
303.0,-6.650241520620801,-7.32323674833491,0.6729952277141091
303.1,-6.702786320390861,-7.323722812841189,0.620936492450328
303.2,-6.824668552327051,-7.3256196256715285,0.5009510733444777
303.3,-6.94655078426331,-7.328948870235008,0.38239808597169844
303.4,-7.068433016199499,-7.333728842356929,0.26529582615742964
303.5,-7.190315248135758,-7.339974452294709,0.14965920415895084
303.6,-7.312197480072017,-7.347697240509354,0.035499760437336825
303.7,-7.434079712008207,-7.356905405898908,-0.0771743061092991
303.8,-7.555961943944466,-7.367603845135389,-0.1883580988090765
303.9,-7.677844175880656,-7.379794201709906,-0.2980499741707501
304.0,-7.799726407816915,-7.39347492328165,-0.4062514845352654
304.1,-7.921608639753174,-7.408641325944879,-0.5129673138082946
304.2,-8.043490871689363,-7.425285664073543,-0.6182052076158193
304.3,-8.080839639335972,-7.443397204475305,-0.6374424348606667
304.4,-8.062300834246233,-7.46296230368449,-0.5993385305617434
304.5,-8.043762029156484,-7.4839644873437035,-0.559797541812781
304.6,-8.025223224066735,-7.506384530760334,-0.5188386933064013
304.7,-8.006684418976995,-7.530200539867824,-0.4764838791091712
304.8,-7.988145613887246,-7.555388031963893,-0.43275758192335356
304.9,-7.969606808797508,-7.5819200157332975,-0.3876867930642103
305.0,-7.951068003707759,-7.609767070188667,-0.34130093351909174
305.1,-7.932529198618009,-7.638897422278658,-0.29363177633935056
305.2,-7.9139903935282705,-7.669277023017768,-0.24471337051050224
305.3,-7.895451588438521,-7.70086962208621,-0.1945819663523105
305.4,-7.876912783348782,-7.733636840931102,-0.14327594241767994
305.5,-7.8856990556660085,-7.767538244471433,-0.11816081119457511
305.6,-7.904337226640168,-7.802531411568842,-0.10180581507132569
305.7,-7.922975397614317,-7.838572004474673,-0.08440339313964351
305.8,-7.941613568588475,-7.875613837502474,-0.06599973108600121
305.9,-7.960251739562624,-7.913608945206131,-0.04664279435649288
306.0,-7.978889910536783,-7.9525076503690935,-0.026382260167689964
306.1,-7.997528081510943,-7.992258632130564,-0.005269449380378433
306.2,-8.01616625248509,-8.032808994590386,0.016642742105295483
306.3,-8.034804423459251,-8.074104336245485,0.039299912786233904
306.4,-8.053442594433399,-8.116088820616973,0.06264622618357407
306.5,-8.07208076540756,-8.158705248428065,0.08662448302050585
306.6,-8.090718936381718,-8.201895131688767,0.11117619530704914
306.7,-8.111036316260893,-8.24559877003353,0.1345624537726362
306.8,-8.132207230681546,-8.289755329642688,0.15754809896114175
306.9,-8.153378145102188,-8.334302925057326,0.1809247799551379
307.0,-8.174549059522842,-8.379178704170297,0.20462964464745426
307.1,-8.195719973943495,-8.424318936643399,0.22859896269990365
307.2,-8.216890888364137,-8.469659105962359,0.25276821759822177
307.3,-8.238061802784792,-8.515134005297053,0.2770722025122616
307.4,-8.259232717205434,-8.560677837284578,0.30144512007914415
307.5,-8.280403631626088,-8.606224317797004,0.32582068617091586
307.6,-8.30157454604674,-8.651706783694076,0.35013223764733503
307.7,-8.322745460467383,-8.697058304493623,0.37431284402624065
307.8,-8.343916374888037,-8.742211797819042,0.39829542293100495
307.9,-8.40132973189271,-8.787100148403864,0.3857704165111535
308.0,-8.517376150460162,-8.831656330348647,0.31428017988848467
308.1,-8.633422569027616,-8.87581353223642,0.2423909632088037
308.2,-8.749468987595002,-8.919505284623488,0.17003629702848677
308.3,-8.865515406162453,-8.962665589337929,0.09715018317547575
308.4,-8.981561824729841,-9.005229049944601,0.02366722521476028
308.5,-9.097608243297293,-9.047131002677252,-0.05047724062004022
308.6,-9.213654661864744,-9.08830764709698,-0.12534701476776355
308.7,-9.329701080432132,-9.128696175712852,-0.20100490471928012
308.8,-9.445747498999584,-9.168234901794852,-0.27751259720473165
308.9,-9.56179391756697,-9.206863384621848,-0.3549305329451222
309.0,-9.677840336134423,-9.24452255143789,-0.43331778469653237
309.1,-9.793886754701875,-9.281154815439447,-0.5127319392624283
309.2,-9.784884300770814,-9.316704189183719,-0.4681801115870954
309.3,-9.75995115620576,-9.351116392893811,-0.40883476331194935
309.4,-9.735018011640722,-9.384338957236443,-0.3506790544042797
309.5,-9.71008486707567,-9.416321320255724,-0.293763546819946
309.6,-9.685151722510618,-9.4470149182531,-0.23813680425751826
309.7,-9.660218577945578,-9.476373270501492,-0.183845307444086
309.8,-9.635285433380526,-9.504352057767164,-0.1309333756133615
309.9,-9.610352288815488,-9.530909194684606,-0.07944309413088213
310.0,-9.585419144250436,-9.556004896088112,-0.02941424816232363
310.1,-9.560485999685381,-9.57960173744884,0.01911573776345854
310.2,-9.535552855120343,-9.60166470959832,0.06611185447797574
310.3,-9.510619710555291,-9.62216126793912,0.11154155738382876
310.4,-9.494640615337039,-9.641061376350955,0.14642076101391588
310.5,-9.521464981447124,-9.65833754599626,0.13687256454913488
310.6,-9.54828934755721,-9.673964869214462,0.12567552165725182
310.7,-9.57511371366728,-9.687921048670422,0.11280733500314177
310.8,-9.601938079777366,-9.700186421893385,0.09824834211601896
310.9,-9.628762445887437,-9.710743981311856,0.08198153542441844
311.0,-9.655586811997523,-9.71957938986002,0.06399257786249635
311.1,-9.682411178107609,-9.7266809922043,0.044269814096690396
311.2,-9.70923554421768,-9.732039821615137,0.02280427739745683
311.3,-9.736059910327766,-9.735649602489543,-0.00041030783822293415
311.4,-9.762884276437836,-9.737506748514793,-0.02537752792304282
311.5,-9.789708642547922,-9.737610356453272,-0.05209828609464928
311.6,-9.816533008658007,-9.735962195523374,-0.08057081313463321
311.7,-9.832805150410216,-9.732566692351854,-0.10023845805836196
311.8,-9.815105363111519,-9.727430911479521,-0.08767445163199739
311.9,-9.797405575812832,-9.720564531414468,-0.07684104439836403
312.0,-9.779705788514134,-9.711979816244154,-0.06772597226997945
312.1,-9.762006001215436,-9.701691582837533,-0.06031441837790297
312.2,-9.744306213916747,-9.68971716368851,-0.05458905022823757
312.3,-9.72660642661805,-9.676076365470871,-0.050530061147178174
312.4,-9.708906639319363,-9.66079142339168,-0.04811521592768209
312.5,-9.691206852020665,-9.64388695144521,-0.0473199005754541
312.6,-9.673507064721967,-9.625389888683241,-0.04811717603872623
312.7,-9.65580727742328,-9.6053294416302,-0.05047783579307996
312.8,-9.638107490124582,-9.583737022983787,-0.05437046714079585
312.9,-9.620407702825895,-9.560646186753578,-0.05976151607231728
313.0,-9.59943641824074,-9.536092560002256,-0.06334385823848443
313.1,-9.536921599620635,-9.51011377136667,-0.02680782825396477
313.2,-9.474406781000566,-9.48274937654902,0.008342595548453957
313.3,-9.411891962380459,-9.454040780981073,0.042148818600614035
313.4,-9.349377143760389,-9.424031159874387,0.07465401611399791
313.5,-9.286862325140284,-9.392765375874545,0.10590305073426087
313.6,-9.224347506520177,-9.360289894535233,0.13594238801505654
313.7,-9.161832687900107,-9.326652697818085,0.16482000991797818
313.8,-9.099317869280002,-9.291903195806269,0.1925853265262667
313.9,-9.03680305065993,-9.256092136794354,0.21928908613442388
314.0,-8.974288232039825,-9.219271515884115,0.2449832838442898
314.1,-8.91177341341972,-9.181494482176092,0.2697210687563718
314.2,-8.849258594799648,-9.142815244600092,0.2935566498004434
314.3,-8.906905660377431,-9.103288976374738,0.1963833159973074
314.4,-9.064130841121493,-9.062971718027994,-0.0011591230934993035
314.5,-9.165594339622636,-9.021920278851384,-0.1436740607712519
314.6,-9.380775700934596,-8.980192136609405,-0.40058356432519027
314.7,-9.433528301886836,-8.93784533529499,-0.49568296659184696
314.8,-9.306990654205618,-8.894938380723957,-0.4120522734816614
314.9,-9.14468867924527,-8.851530133801214,-0.2931585454440562
315.0,-9.23431132075473,-8.807679701364087,-0.4266316193906423
315.1,-9.192160377358471,-8.763446324599567,-0.4287140527589042
315.2,-9.161635514018696,-8.718889265128563,-0.44274624889013303
315.3,-9.206132075471702,-8.674067688946128,-0.5320643865255743
315.4,-9.058626168224308,-8.629040548504863,-0.429585619719445
315.5,-8.832886792452848,-8.5838664633327,-0.24902032912014782
315.6,-8.712728971962608,-8.538603599684398,-0.17412537227821012
315.7,-8.638207547169815,-8.493309549831052,-0.14489799733876296
315.8,-8.629560747663556,-8.448041211683485,-0.18151953598007076
315.9,-8.655933962264157,-8.402854669517636,-0.25307929274652174
316.0,-8.58944339622643,-8.357805076625441,-0.23163831960098946
316.1,-8.482280373831767,-8.312946540762482,-0.16933383306928462
316.2,-8.431716981132064,-8.268332013311436,-0.16338496782062784
316.3,-8.31662616822423,-8.224013183130518,-0.0926129850937123
316.4,-8.08863207547179,-8.180040376105145,0.09140830063335592
316.5,-7.688028037383166,-8.136462461462937,0.4484344240797711
316.6,-7.317,-8.093326765938695,0.7763267659386948
316.7,-7.372660377358475,-8.050678996874034,0.6780186195155586
316.8,-7.340528301886793,-8.008563175290673,0.6680348734038803
316.9,-7.266093457943934,-7.967021579880361,0.7009281219364274
317.0,-7.054613207547118,-7.92609470271716,0.871481495170042
317.1,-7.001009345794395,-7.88582121733701,0.884811871542615
317.2,-7.0078490566037726,-7.846237959656645,0.8383889030528726
317.3,-7.0522990654205575,-7.807379922020131,0.7550808565995739
317.4,-6.948613207547285,-7.769280260466241,0.8206670529189557
317.5,-6.864757009345787,-7.731970315108283,0.8672133057624958
317.6,-7.006509433962336,-7.695479643316503,0.6889702093541672
317.7,-7.084811320754711,-7.6598360651947175,0.5750247444400065
317.8,-7.007663551401904,-7.625065720648586,0.6174021692466827
317.9,-7.150830188679217,-7.591193137156946,0.4403629484777287
318.0,-7.280018691588786,-7.558241307186446,0.2782226155976595
318.1,-7.562981132075459,-7.526231774037985,-0.03674935803747381
318.2,-7.546893617021156,-7.495184724785382,-0.051708892235773796
318.3,-7.847430107526876,-7.465119088870044,-0.38231101865683215
318.4,-7.919170212765961,-7.43605264085864,-0.48311757190732063
318.5,-7.840623655913968,-7.4080021058584355,-0.4326215500555328
318.6,-7.835680851063861,-7.380983266115994,-0.4546975849478674
318.7,-7.903258064516129,-7.355011067392816,-0.5482469971233126
318.8,-7.819882978723386,-7.33009972380525,-0.48978325491813557
318.9,-7.778860215053721,-7.30626281992416,-0.47259739512956145
319.0,-7.758765957446827,-7.283513409045295,-0.4752525484015324
319.1,-7.742333333333356,-7.261864106660373,-0.48046922667298286
319.2,-7.695709677419352,-7.2413271782785,-0.45438249914085205
319.3,-7.579212765957414,-7.221914620865494,-0.3572981450919199
319.4,-7.375365591397898,-7.203638237283786,-0.171727354114112
319.5,-7.491127659574475,-7.186509703224986,-0.30461795634948885
319.6,-7.375319148936168,-7.170540626225959,-0.20477852271020858
319.7,-7.351655913978475,-7.155742596443109,-0.195913317535366
319.8,-7.435872340425529,-7.142127228929699,-0.2937451114958307
319.9,-7.446935483870973,-7.1297061972225775,-0.3172292866483959
320.0,-7.418999999999989,-7.118491258103258,-0.3005087418967314
320.1,-7.316903225806366,-7.108494267458546,-0.20840895834782014
320.2,-7.245851063829787,-7.099727187230548,-0.14612387659923876
320.3,-7.294849462365586,-7.092202083512529,-0.20264737885305717
320.4,-7.176446808510683,-7.085931115910204,-0.09051569260047909
320.5,-7.213838709677402,-7.080926518342744,-0.13291219133465848
320.6,-7.316914893617028,-7.077200571503816,-0.23971432211321186
320.7,-7.277268817204328,-7.074765567242731,-0.2025032499615964
320.8,-7.419446808510616,-7.073633765163718,-0.3458130433468982
320.9,-7.212118279569914,-7.073817341782666,-0.13830093778724795
321.0,-7.152436170212756,-7.07532833262891,-0.07710783758384565
321.1,-7.190829787233988,-7.078178567733139,-0.11265121950084911
321.2,-7.058999999999995,-7.0823796009940585,0.023379600994063665
321.3,-7.25094680851063,-7.087942633958497,-0.16300417455213267
321.4,-7.183956989247281,-7.094878434579844,-0.08907855466743708
321.5,-7.218808510638318,-7.103197251541702,-0.11561125909661651
321.6,-7.1786344086021785,-7.112908724753526,-0.06572568384865285
321.7,-7.215893617021281,-7.124021792646741,-0.09187182437453956
321.8,-7.092548387096756,-7.136544596923364,0.04399620982660757
321.9,-7.015236559139783,-7.150484385431299,0.13524782629151577
322.0,-7.229212765957453,-7.1658474138574135,-0.0633653521000399
322.1,-7.151989247311797,-7.1826388469375075,0.030649599625710344
322.2,-7.06331914893618,-7.200862659881089,0.13754351094490946
322.3,-7.018064516129038,-7.220521540701915,0.20245702457287695
322.4,-7.065308510638274,-7.241616794134826,0.17630828349655214
322.5,-7.181297872340456,-7.264148247802779,0.0828503754623231
322.6,-7.296655913978374,-7.28811416127167,-0.008541752706704209
322.7,-7.0821595744680845,-7.3135111385975415,0.231351564129457
322.8,-7.08245161290321,-7.3403340449381815,0.25788243203497174
322.9,-7.042914893617007,-7.368575927771787,0.32566103415478054
323.0,-7.11229032258064,-7.398227943233192,0.2859376206525521
323.1,-7.085075000000124,-7.429279288034555,0.3442042880344305
323.2,-7.06062500000003,-7.461717137379358,0.4010921373793277
323.3,-7.342100000000005,-7.495526589209373,0.15342658920936803
323.4,-7.386599999999962,-7.530690615048904,0.14409061504894183
323.5,-7.376076923076891,-7.567190017634866,0.19111309455797532
323.6,-7.481624999999992,-7.605003395452303,0.12337839545231066
323.7,-7.467500000000003,-7.6441071142378,0.17660711423779674
323.8,-7.58069230769235,-7.6844752854670215,0.10378297777467171
323.9,-7.441299999999858,-7.726079751802389,0.2847797518025308
324.0,-7.518649999999989,-7.768890079438522,0.2502400794385329
324.1,-7.653899999999985,-7.81287355724328,0.15897355724329465
324.2,-7.787349999999972,-7.857995202547857,0.07064520254788587
324.3,-8.014324999999996,-7.904217773391155,-0.1101072266088412
324.4,-7.937699999999963,-7.95150178697796,0.0138017869779965
324.5,-7.981599999999937,-7.999805544077147,0.01820554407720998
324.6,-8.152923076923031,-8.049085159069403,-0.10383791785362817
324.7,-8.289549999999998,-8.099294595350905,-0.1902554046490934
324.8,-8.170800000000005,-8.150385705804277,-0.020414294195727933
324.9,-8.22474999999995,-8.202308278059194,-0.022441721940756665
325.0,-8.23125,-8.255010084282212,0.023760084282212546
325.1,-8.310000000000127,-8.308436935254601,-0.0015630647455253666
325.2,-8.249175000000037,-8.362532738511542,0.11335773851150499
325.3,-8.462575000000042,-8.417239560322425,-0.04533543967761666
325.4,-8.526641025641034,-8.472497691291172,-0.054143334349861405
325.5,-8.618200000000028,-8.528245715350902,-0.08995428464912614
325.6,-8.734000000000194,-8.58442058192407,-0.14957941807612407
325.7,-8.676124999999981,-8.640957681022517,-0.03516731897746439
325.8,-8.541349999999998,-8.697790921073745,0.15644092107374696
325.9,-8.82787499999993,-8.754852809276752,-0.07302219072317762
326.0,-8.851450000000112,-8.812074534305479,-0.039375465694632794
326.1,-8.962749999999911,-8.86938605118508,-0.09336394881483123
326.2,-8.936849999999998,-8.926716168168094,-0.010133831831904416
326.3,-9.159875,-8.983992635441073,-0.1758823645589267
326.4,-9.147,-9.041142235501688,-0.10585776449831208
326.5,-9.285199999999945,-9.09809087506164,-0.18710912493830456
326.6,-9.089099999999846,-9.154763678351344,0.06566367835149833
326.7,-9.385599999999963,-9.211085081727783,-0.17451491827218035
326.8,-9.233024999999959,-9.266978929513858,0.033953929513899084
326.9,-9.374074999999982,-9.322368571021446,-0.05170642897853561
327.0,-9.36967500000002,-9.377176958728965,0.007501958728944658
327.1,-9.343849999999817,-9.43132674759769,0.08747674759787394
327.2,-9.538899999999995,-9.484740395519887,-0.05415960448010715
327.3,-9.635399999999967,-9.537340264895484,-0.09805973510448318
327.4,-9.506525000000213,-9.589048725334155,0.08252372533394237
327.5,-9.640124999999994,-9.639788257479562,-0.0003367425204316987
327.6,-9.676,-9.689481557954641,0.013481557954641232
327.7,-9.944000000000027,-9.738051645429609,-0.2059483545704186
327.8,-9.843,-9.785421967816132,-0.05757803218386748
327.9,-9.804823529411754,-9.831516510594861,0.026692981183106923
328.0,-9.658588235294124,-9.876259906293328,0.21767167099920393
328.1,-9.791117647058815,-9.91957754514429,0.12845989808547387
328.2,-9.991823529411755,-9.961395686960763,-0.03042784245099206
328.3,-10.01035294117646,-10.001641574255922,-0.00871136692053831
328.4,-10.05335294117649,-10.040243546617221,-0.01310939455926885
328.5,-10.057685714285721,-10.077131156325821,0.019445442040099792
328.6,-10.020647058823524,-10.112235285202232,0.09158822637870756
328.7,-10.180823529411748,-10.145488262655652,-0.03533526675609622
328.8,-10.047588235294171,-10.176823984912172,0.129235749618001
328.9,-10.231058823529514,-10.206178035391819,-0.02488078813769512
329.0,-10.100714285714309,-10.233487806196235,0.13277352048192625
329.1,-10.142823529411759,-10.258692620658524,0.11586909124676481
329.2,-10.342342857142809,-10.28173385689444,-0.060609000248367906
329.3,-10.301294117647195,-10.302555072279425,0.0012609546322295273
329.4,-10.287400000000053,-10.321102128760565,0.033702128760511485
329.5,-10.169235294117637,-10.337323318900307,0.16808802478266927
329.6,-9.995882352941162,-10.351169492540544,0.3552871395993815
329.7,-9.904352941176356,-10.36259418396533,0.45824124278897393
329.8,-10.25,-10.371553739416797,0.1215537394167967
329.9,-10.186857142857239,-10.3780074447739,0.19115030191666094
330.0,-9.98441176470589,-10.381917653140688,0.3975058884347984
330.1,-10.258117647058844,-10.38324991202187,0.12513226496302643
330.2,-10.153411764705876,-10.381973089698276,0.22856132499240012
330.3,-10.195235294117658,-10.378059500354063,0.18282420623640405
330.4,-10.186742857142931,-10.371485027449507,0.18474217030657591
330.5,-10.253382352941191,-10.362229244778673,0.10884689183748186
330.6,-10.196529411764798,-10.350275534601598,0.15374612283680023
330.7,-10.208941176470779,-10.33561120219569,0.12667002572491093
330.8,-10.252428571428537,-10.318227586130657,0.06579901470212057
330.9,-10.337441176470714,-10.298120163535435,-0.03932101293527879
331.0,-10.343235294117594,-10.275288649594875,-0.06794664452271881
331.1,-10.413176470588274,-10.249737090491086,-0.16343938009718784
331.2,-10.391499999999974,-10.22147394899334,-0.1700260510066336
331.3,-10.380200000000059,-10.190512181904463,-0.18968781809559587
331.4,-10.371551724138005,-10.156869308590176,-0.21468241554782885
331.5,-10.287285714285755,-10.120567469848744,-0.16671824443701055
331.6,-10.355551724137685,-10.08163347641772,-0.27391824771996554
331.7,-10.374103448275875,-10.040098846459403,-0.3340046018164724
331.8,-10.178642857142867,-9.995999831415832,-0.18264302572703528
331.9,-10.247285714285708,-9.94937742967829,-0.29790828460741814
332.0,-10.099206896551783,-9.900277387575867,-0.19892950897591533
332.1,-9.8332413793099,-9.848750187249927,0.015508807940026514
332.2,-10.022896551724138,-9.794851021041257,-0.22804553068288058
332.3,-9.910379310344583,-9.73863975206953,-0.17173955827505338
332.4,-9.940142857142702,-9.680180860728239,-0.2599619964144626
332.5,-9.834285714285752,-9.619543376856472,-0.21474233742928028
332.6,-9.92544827586183,-9.556800797388926,-0.368647478472905
332.7,-9.799448275862087,-9.492030989333333,-0.30741728652875366
332.8,-9.765586206896469,-9.425316077980906,-0.34027012891556296
332.9,-9.880517241379303,-9.356742320320803,-0.5237749210585001
333.0,-9.527249999999999,-9.286399963703731,-0.24085003629626733
333.1,-9.6005,-9.214383089882034,-0.3861169101179662
333.2,-9.521482758620673,-9.140789444641976,-0.3806933139786963
333.3,-9.675482758620825,-9.06572025333476,-0.6097625052860653
333.4,-9.509551724137948,-8.989280022704332,-0.5202717014336162
333.5,-9.437620689655281,-8.911576329506392,-0.5260443601488891
333.6,-9.371571428571658,-8.832719596520565,-0.5388518320510922
333.7,-9.217857142857365,-8.752822856677446,-0.46503428617991993
333.8,-9.18358620689658,-8.672001506149082,-0.5115847007474983
333.9,-9.021620689655252,-8.590373047379117,-0.4312476422761353
334.0,-8.89985714285717,-8.508056823153648,-0.39180031970352225
334.1,-8.740310344827627,-8.425173742934087,-0.3151366018935402
334.2,-8.43749999999998,-8.34184600278695,-0.0956539972130308
334.3,-8.251178571428582,-8.258196800348431,0.0070182289198488235
334.4,-7.982344827586223,-8.174350046347433,0.19200521876121002
334.5,-7.722896551724149,-8.090430074271572,0.367533522547423
334.6,-7.399285714285594,-8.006561349789125,0.6072756355035311
334.7,-7.102260869565212,-7.922868181530906,0.820607311965694
334.8,-7.025446808510569,-7.839474434785412,0.8140276262748429
334.9,-7.016913043478265,-7.756503249565667,0.739590206087402
335.0,-7.008340425531917,-7.674076764369339,0.665736338837422
335.1,-6.981260869565207,-7.592315846786794,0.6110549772215865
335.2,-6.910630434782607,-7.511339831932295,0.6007093971496884
335.3,-6.870042553191491,-7.4312662694972325,0.5612237163057419
335.4,-6.881851063829726,-7.352210680058765,0.47035961622903955
335.5,-6.875282608695661,-7.27428632112351,0.3990037124278487
335.6,-7.009936170212781,-7.197603963243563,0.18766779303078174
335.7,-6.84330434782608,-7.1222716764133365,0.2789673285872567
335.8,-6.84926086956516,-7.04839462684461,0.19913375727945049
335.9,-6.852489361702092,-6.976074884126411,0.1235855224243192
336.0,-6.687361702127747,-6.905411238703891,0.21804953657614412
336.1,-6.7600869565217945,-6.836499029551407,0.07641207302961295
336.2,-6.6613913043478705,-6.769429981865343,0.10803867751747287
336.3,-6.6784347826085995,-6.704292054559632,0.0258572719510326
336.4,-6.7684347826087174,-6.641169297311179,-0.12726548529753856
336.5,-6.785063829787235,-6.580141716875362,-0.20492211291187346
336.6,-6.716956521739152,-6.521285152377312,-0.1956713693618397
336.7,-6.8639347826087125,-6.46467115928751,-0.39926362332120213
336.8,-6.733260869565234,-6.410366901813126,-0.32289396775210744
336.9,-6.656130434782594,-6.3584350534792,-0.29769538130339424
337.0,-6.657063829787142,-6.308933705733229,-0.3481301240539132
337.1,-6.539787234042607,-6.261916284478233,-0.27787094956437386
337.2,-6.452978260869524,-6.2174314745164745,-0.2355467863530496
337.3,-6.515086956521746,-6.175523151963445,-0.3395638045583018
337.4,-6.251787234042623,-6.136230324766351,-0.11555690927627182
337.5,-5.948,-6.099587081531511,0.15158708153151057
337.6,-6.008480769230673,-6.065622548927323,0.05714177969665002
337.7,-5.86395238095238,-6.034360857976549,0.17040847702416873
337.8,-5.865500000000011,-6.005821119575068,0.14032111957505755
337.9,-5.8836761904761925,-5.980017409572728,0.09634121909653537
338.0,-5.902692307692314,-5.956958763732291,0.054266456039976596
338.1,-5.9387692307692035,-5.9366491828548185,-0.002120047914385026
338.2,-5.85360000000001,-5.919087648332193,0.06548764833218268
338.3,-5.824557692307692,-5.90426814836509,0.07971045605739846
338.4,-5.817390476190476,-5.8921797150685435,0.07478923887806754
338.5,-5.764673076923053,-5.882806472674419,0.11813339575136617
338.6,-5.579961538461499,-5.876127697026128,0.29616615856462847
338.7,-5.4722000000000985,-5.872117886541901,0.39991788654180205
338.8,-5.10053846153861,-5.870746844793978,0.7702083832553681
338.9,-5.554384615384427,-5.871979774804,0.3175951594195734
339.0,-5.872057692307673,-5.875777385081964,0.0037196927742906283
339.1,-5.724828571428569,-5.882096007340244,0.1572674359116748
339.2,-5.730076923076917,-5.8908877257143315,0.16081080263741487
339.3,-5.895799999999978,-5.902100517241152,0.006300517241173864
339.4,-5.9284038461538495,-5.915678403292079,-0.012725442861770908
339.5,-5.9332115384615385,-5.931561611623784,-0.0016499268377545562
339.6,-5.688514285714237,-5.94968674868748,0.26117246297324304
339.7,-5.7070769230768885,-5.969986981822074,0.26291005874518536
339.8,-5.670857142857141,-5.99239223094264,0.3215350880854988
339.9,-5.537288461538492,-6.016829369311009,0.4795409077725168
340.0,-5.739144230769254,-6.043222432931606,0.30407820216235226
340.1,-5.950799999999986,-6.071492838052062,0.12069283805207576
340.2,-5.980807692307677,-6.101559606171061,0.12075191386338346
340.3,-6.025952380952369,-6.133339595877431,0.10738721492506187
340.4,-5.921884615384651,-6.166747740777144,0.24486312539249244
340.5,-5.863278846153857,-6.201697292713714,0.33841844655985653
340.6,-5.968428571428607,-6.238100069445907,0.26967149801730006
340.7,-6.078980769230759,-6.275866705902743,0.1968859366719844
340.8,-6.231771428571434,-6.314906908082598,0.08313547951116451
340.9,-6.275178947368369,-6.355129708603367,0.07995076123499789
341.0,-6.438874999999995,-6.396443722853959,-0.04243127714603645
341.1,-6.504458333333429,-6.438757404652755,-0.06570092868067423
341.2,-6.63976842105263,-6.481979300290159,-0.1577891207624713
341.3,-6.612979166666668,-6.526018299820307,-0.08696086684636128
341.4,-6.6782916666666265,-6.570783884470037,-0.1075077821965893
341.5,-6.797568421052631,-6.616186369048665,-0.18138205200396573
341.6,-6.891416666666691,-6.662137138265615,-0.2292795284010758
341.7,-6.9395,-6.7085488758916965,-0.23095112410830332
341.8,-7.0942916666667175,-6.755335785734195,-0.3389558809325228
341.9,-7.124578947368473,-6.8024138034385935,-0.3221651439298796
342.0,-7.048385416666672,-6.849700798182317,-0.19868461848435537
342.1,-7.190989583333412,-6.897116763387654,-0.29387281994575787
342.2,-7.331999999999996,-6.94458399564853,-0.3874160043514667
342.3,-7.51062500000002,-6.992027261135263,-0.5185977388647567
342.4,-7.44550000000004,-7.039373948813128,-0.40612605118691203
342.5,-7.518229166666655,-7.086554209890038,-0.43167495677661716
342.6,-7.459863157894702,-7.133501083000254,-0.32636207489444846
342.7,-7.6055625000000076,-7.180150604731827,-0.4254118952681809
342.8,-7.683270833333351,-7.226441905208324,-0.4568289281250273
342.9,-7.6016666666666035,-7.272317288535266,-0.32934937813133747
343.0,-7.760083333333321,-7.317722298019376,-0.44236103531394466
343.1,-7.803115789473679,-7.362605766166403,-0.44051002330727673
343.2,-7.709218750000002,-7.406919849561728,-0.3022989004382737
343.3,-7.707343750000014,-7.450620048836302,-0.256723701163712
343.4,-7.794843749999986,-7.493665214016932,-0.30117853598305366
343.5,-7.821126315789471,-7.536017535651021,-0.28510878013845
343.6,-7.779333333333326,-7.577642522178232,-0.20169081115509346
343.7,-7.789187500000005,-7.618508964095526,-0.17067853590447868
343.8,-7.794357894736831,-7.658588885529534,-0.13576900920729695
343.9,-7.7830520833333185,-7.6978574838912595,-0.0851945994420591
344.0,-7.866093749999983,-7.736293058340462,-0.12980069165952113
344.1,-7.9304210526315835,-7.773876927829942,-0.15654412480164126
344.2,-7.888,-7.810593339535188,-0.0774066604648116
344.3,-7.918000000000018,-7.846429368505836,-0.07157063149418175
344.4,-7.860166666666691,-7.88137480940463,0.021208142737938473
344.5,-7.8474947368420995,-7.91542206122615,0.06792732438405036
344.6,-7.790833333333338,-7.948566005907916,0.15773267257457846
344.7,-7.800312500000001,-7.980803881756268,0.18049138175626656
344.8,-7.817526315789475,-8.012135152605838,0.19460883681636254
344.9,-7.8255624999999975,-8.042561373613527,0.21699887361352932
345.0,-7.8788749999999945,-8.07208605455716,0.1932110545571648
345.1,-7.921410526315786,-8.10071452146893,0.17930399515314388
345.2,-7.904354166666674,-8.128453777388101,0.22409961072142703
345.3,-8.03886458333334,-8.155312362969655,0.11644777963631547
345.4,-8.067315789473676,-8.181300217637974,0.11398442816429721
345.5,-8.12495833333331,-8.206428541928926,0.08147020859561493
345.6,-8.2175,-8.230709661622425,0.013209661622425983
345.7,-8.231431578947358,-8.254156894233047,0.022725315285688552
345.8,-8.224781249999987,-8.276784418399973,0.05200316839998642
345.9,-8.180562499999994,-8.298607146699357,0.11804464669936365
346.0,-8.20796875,-8.319640602389146,0.11167185238914712
346.1,-8.205315789473675,-8.33990080058419,0.13458501111051469
346.2,-8.221812500000006,-8.359404134343285,0.1375916343432788
346.3,-8.26831250000001,-8.378167266127702,0.10985476612769318
346.4,-8.276115789473685,-8.396207025063658,0.12009123558997281
346.5,-8.22312500000001,-8.41354031041134,0.1904153104113302
346.6,-8.260510416666671,-8.430184001612247,0.16967358494557594
346.7,-8.163010416666724,-8.446154875254301,0.28314445858757686
346.8,-8.268210526315814,-8.461469529258611,0.1932590029427974
346.9,-8.319666666666663,-8.476144314550316,0.15647764788365315
347.0,-8.322875,-8.490195274428796,0.16732027442879627
347.1,-8.350789473684209,-8.50363809180266,0.15284861811845118
347.2,-8.28131249999999,-8.516488044406676,0.23517554440668675
347.3,-8.29284210526312,-8.52875996807311,0.23591786280999116
347.4,-8.188437499999978,-8.540468228086427,0.352030728086449
347.5,-8.250208333333338,-8.551626698603558,0.30141836527021937
347.6,-8.234229166666683,-8.562248750067726,0.3280195834010424
347.7,-8.383136842105262,-8.572347244480628,0.18921040237536602
347.8,-8.41603125000003,-8.581934538327808,0.1659032883277778
347.9,-8.512031249999996,-8.591022492881095,0.0789912428810986
348.0,-8.546642105263155,-8.599622491537614,0.052980386274459335
348.1,-8.536375,-8.607745463802367,0.07137046380236711
348.2,-8.431583333333343,-8.615401915482606,0.1838185821492626
348.3,-8.395875000000006,-8.622601964633951,0.22672696463394537
348.4,-8.408042105263156,-8.62935538277365,0.22131327751049312
348.5,-8.505854166666659,-8.635671640847582,0.12981747418092304
348.6,-8.529749999999988,-8.641559959400421,0.11180995940043381
348.7,-8.562063157894734,-8.647029362354827,0.08496620446009295
348.8,-8.544999999999975,-8.652088733762616,0.10708873376264094
348.9,-8.506145833333335,-8.656746876853758,0.1506010435204228
349.0,-8.539947368421048,-8.661012574678223,0.12106520625717465
349.1,-8.499979166666664,-8.664894651607945,0.1649154849412806
349.2,-8.592749999999958,-8.668402034937762,0.07565203493780359
349.3,-8.710499999999984,-8.671543815793829,-0.03895618420615499
349.4,-8.743200000000167,-8.674329308527875,-0.06887069147229141
349.5,-8.63775000000002,-8.676768107750826,0.03901810775080605
349.6,-9.120375000000264,-8.678870142145056,-0.44150485785520743
349.7,-9.300650000000015,-8.680645724194228,-0.6200042758057869
349.8,-9.260962500000005,-8.68210559498787,-0.5788569050121346
349.9,-9.221275000000018,-8.683260963304216,-0.5380140366958024
350.0,-9.181587500000008,-8.6841235382572,-0.4974639617428078
350.1,-9.183289719626169,-8.6847055549073,-0.4985841647188689
350.2,-9.186716510903427,-8.685019792365152,-0.501696718538275
350.3,-9.190143302180687,-8.685079584047543,-0.5050637181331439
350.4,-9.152214953271038,-8.684898819871854,-0.46731613339918354
350.5,-9.1005015576324,-8.684491940298278,-0.41600961733412234
350.6,-9.048788161993764,-8.683873922249816,-0.364914239743948
350.7,-9.016588785046732,-8.683060257057107,-0.33352852798962473
350.8,-9.001012461059188,-8.682066920685521,-0.31894554037366696
350.9,-8.985436137071654,-8.680910336603311,-0.3045258004683422
351.0,-8.947259374999986,-8.679607331741742,-0.2676520432582432
351.1,-8.863196874999964,-8.678175086082163,-0.1850217889178012
351.2,-8.779134374999993,-8.676631076482197,-0.10250329851779583
351.3,-8.689638629283447,-8.674993015422542,-0.014645613860905016
351.4,-8.563781931464186,-8.673278785413894,0.10949685394970743
351.5,-8.437925233644853,-8.671506369845744,0.2335811362008915
351.6,-8.31206853582552,-8.66969378108098,0.35762524525545913
351.7,-8.365912772585665,-8.667858986598818,0.301946214013153
351.8,-8.435383177570111,-8.66601983396206,0.2306366563919493
351.9,-8.504853582554517,-8.664193975335545,0.15934039278102752
352.0,-8.57092812500001,-8.662398792220182,0.09147066722017172
352.1,-8.635615625000014,-8.660651321003572,0.025035696003557817
352.2,-8.700303124999982,-8.65896817987418,-0.04133494512580249
352.3,-8.700065420560751,-8.657365497607035,-0.04269992295371594
352.4,-8.637448598130861,-8.655858844705614,0.018410246574752875
352.5,-8.574831775700934,-8.654463167374855,0.07963139167392086
352.6,-8.509785046728954,-8.65319272479887,0.1434076780699165
352.7,-8.439068535825557,-8.652061030196025,0.21299249437046797
352.8,-8.36835202492212,-8.651080796115988,0.2827287711938684
352.9,-8.300681250000016,-8.650263884422708,0.349582634422692
353.0,-8.263806250000007,-8.649621261371445,0.38581501137143803
353.1,-8.226931249999998,-8.649162958136213,0.4222317081362146
353.2,-8.190056250000008,-8.648898037076833,0.45884178707682466
353.3,-8.472130841121569,-8.648834563954152,0.17670372283258295
353.4,-8.526905660377357,-8.648979586212183,0.12207392583482601
353.5,-8.526,-8.649339117355405,0.12333911735540504
353.6,-8.532448598130845,-8.649918127369462,0.1174695292386172
353.7,-8.469320754717002,-8.650720539071942,0.18139978435494086
353.8,-8.495271028037381,-8.65174923023532,0.1564782021979383
353.9,-8.555528301886795,-8.653006041288448,0.09747773940165239
354.0,-8.59220560747663,-8.654491788368974,0.06228618089234317
354.1,-8.68958490566038,-8.656206281464883,-0.033378624195497864
354.2,-8.722121495327121,-8.658148347352626,-0.0639731479744956
354.3,-8.670566037735874,-8.66031585701666,-0.010250180719214796
354.4,-8.729121495327115,-8.66270575722384,-0.0664157381032755
354.5,-8.628188679245266,-8.665314105925242,0.037125426679976314
354.6,-8.814411214953232,-8.668136111163589,-0.1462751037896428
354.7,-8.624691588785021,-8.671166173172544,0.046474584387523166
354.8,-8.532066037735857,-8.67439792936241,0.14233189162655258
354.9,-8.599691588785026,-8.67782430189402,0.07813271310899417
355.0,-8.680514018691573,-8.68143754754542,0.0009235288538462783
355.1,-8.711349056603773,-8.685229309570525,-0.026119747033247265
355.2,-8.516271028037414,-8.689190671236515,0.17291964319910136
355.3,-8.597339622641579,-8.693312210712978,0.0959725880713993
355.4,-8.802102803738286,-8.697584056973808,-0.10451874676447837
355.5,-8.811452830188692,-8.7019959463604,-0.1094568838282921
355.6,-8.815915887850512,-8.70653727944247,-0.1093786084080417
355.7,-8.854056603773563,-8.711197177807275,-0.14285942596628765
355.8,-8.747093457943928,-8.715964540415293,-0.031128917528635114
355.9,-8.739264150943407,-8.720828099179336,-0.018436051764071593
356.0,-8.722149532710281,-8.725776473447656,0.0036269407373747953
356.1,-8.818830188679243,-8.730798223092751,-0.08803196558649162
356.2,-8.706504672897166,-8.735881899922653,0.02937722702548662
356.3,-8.814915887850493,-8.741016097141092,-0.073899790709401
356.4,-9.02972897196254,-8.746189496590457,-0.28353947537208235
356.5,-9.16850943396225,-8.751390913520929,-0.4171185204413206
356.6,-9.187,-8.75660933864707,-0.4303906613529289
356.7,-9.036452830188656,-8.761833977288585,-0.2746188529000708
356.8,-8.92700934579438,-8.767054285450616,-0.15995506034376383
356.9,-8.857660377358506,-8.772260002775178,-0.08540037458332783
357.0,-8.900411214953257,-8.777441182373966,-0.12297003257929084
357.1,-8.871,-8.782588217619143,-0.08841178238085767
357.2,-8.77701869158879,-8.787691866017417,0.010673174428626808
357.3,-8.75583018867924,-8.792743270326687,0.03691308164744633
357.4,-8.755439252336442,-8.797733977098115,0.04229472476167295
357.5,-8.764971698113214,-8.80265595284082,0.03768425472760484
357.6,-8.701373831775681,-8.807501598010932,0.10612776623525022
357.7,-8.62296261682243,-8.812263759022901,0.18930114220047045
357.8,-8.640094339622644,-8.816935738470164,0.17684139884751993
357.9,-8.697514018691601,-8.821511303724439,0.12399728503283747
358.0,-8.648915887850455,-8.82598469405646,0.1770688062060053
358.1,-8.624716981132075,-8.830350626387125,0.20563364525505
358.2,-8.818560747663529,-8.834604299740045,0.016043552076515866
358.3,-8.930537735849075,-8.838741398428077,-0.09179633742099824
358.4,-8.970925233644852,-8.842758093971083,-0.12816713967376892
358.5,-8.982849056603772,-8.846651045716998,-0.1361980108867744
358.6,-8.95834579439251,-8.85041740012982,-0.10792839426269119
358.7,-8.884518867924518,-8.854054788717786,-0.03046407920673211
358.8,-8.8637663551402,-8.857561324596636,-0.006205030543563694
358.9,-8.92990566037734,-8.86093559770755,-0.06897006266978956
359.0,-8.951429906542062,-8.864176668730282,-0.08725323781177963
359.1,-8.921518867924528,-8.867284061747382,-0.0542348061771456
359.2,-8.97019626168225,-8.870257755727943,-0.09993850595430764
359.3,-8.954233644859817,-8.87309817491298,-0.08113546994683674
359.4,-8.979160377358513,-8.875806178200744,-0.10335419915776889
359.5,-8.928345794392516,-8.878383047648796,-0.04996274674372003
359.6,-8.973205607476652,-8.880830476229614,-0.09237513124703867
359.7,-8.964132075471696,-8.883150554997004,-0.0809815204746922
359.8,-8.963841121495328,-8.885345759840797,-0.07849536165453053
359.9,-8.894311320754738,-8.887418938026759,-0.006892382727979651
360.0,-8.813831775700919,-8.889373294737327,0.07554151903640793
360.1,-8.750377358490557,-8.891212379844978,0.14083502135442139
360.2,-8.70786915887851,-8.892940075159578,0.18507091628106664
360.3,-8.670952830188671,-8.894560582389238,0.22360775220056617
360.4,-8.702523364485955,-8.896078412038014,0.1935550475520582
360.5,-8.756754716981133,-8.897498373433798,0.14074365645266518
360.6,-8.762457943925238,-8.898825566039807,0.13636762211456954
360.7,-8.790775700934578,-8.90006537215875,0.10928967122417177
360.8,-8.837641509433963,-8.901223451095907,0.06358194166194409
360.9,-8.854822429906568,-8.902305734809428,0.04748330490286001
361.0,-8.762905660377363,-8.903318425044535,0.14041276466717179
361.1,-8.788700934579438,-8.904267991922545,0.11556705734310668
361.2,-8.802719626168225,-8.905161173933367,0.10244154776514236
361.3,-8.811320754716983,-8.90600497925814,0.0946842245411581
361.4,-8.85928971962615,-8.906806688324442,0.04751696869829303
361.5,-8.753933962264174,-8.90757385747099,0.15363989520681542
361.6,-8.789495327102827,-8.908314323574054,0.11881899647122651
361.7,-8.797735849056602,-8.909036209464162,0.11130036040755975
361.8,-8.82985981308412,-8.909747929937483,0.07988811685336294
361.9,-8.835632075471706,-8.91045819814014,0.07482612266843347
362.0,-8.898766355140204,-8.911176032076826,0.012409676936622205
362.1,-9.017121495327135,-8.911910760970645,-0.10521073435648987
362.2,-9.073783018867925,-8.91267203118203,-0.1611109876858947
362.3,-9.059177570093453,-8.913469811384896,-0.14570775870855712
362.4,-9.014132075471686,-8.91431439670138,-0.09981767877030556
362.5,-9.019728971962625,-8.915216411513438,-0.10451256044918722
362.6,-8.970462264150965,-8.916186810696253,-0.05427545345471252
362.7,-9.026616822429904,-8.917236879047923,-0.10937994338198109
362.8,-8.964,-8.91837822871726,-0.04562177128273959
362.9,-9.106452830188639,-8.919622794455405,-0.18683003573323376
363.0,-9.033299065420543,-8.920982826538552,-0.11231623888199138
363.1,-9.0786320754717,-8.922470881231442,-0.15616119424025854
363.2,-9.088728971962617,-8.9240998086867,-0.16462916327591692
363.3,-9.131283018867935,-8.92588273820501,-0.20540028066292493
363.4,-9.128392523364496,-8.927833060815134,-0.20055946254936252
363.5,-9.10003738317757,-8.929964409170475,-0.17007297400709476
363.6,-8.960132075471618,-8.932290634800268,-0.027841440671350526
363.7,-8.81591588785047,-8.934825782796443,0.11890989494597193
363.8,-8.656943396226419,-8.937584064055788,0.2806406678293687
363.9,-8.491140186915858,-8.940579825221675,0.449439638305817
364.0,-8.579773584905658,-8.94382751647005,0.36405393156439203
364.1,-8.608504672897274,-8.947341657254144,0.3388369843568704
364.2,-8.793584905660353,-8.951136800063228,0.1575518944028751
364.3,-8.982897196261705,-8.955227492173423,-0.027669704088282288
364.4,-9.157811320754675,-8.95962823529025,-0.1981830854644251
364.5,-9.248377358490549,-8.964353442920478,-0.2840239155700708
364.6,-9.362355140186951,-8.969417395278212,-0.392937744908739
364.7,-9.448047169811323,-8.974834191532988,-0.473212978278335
364.8,-9.58456074766356,-8.980617699244911,-0.6039430484186479
364.9,-9.55536448598132,-8.986781500899264,-0.5685829850820561
365.0,-9.451537735849033,-8.993338837545723,-0.4581988983033103
365.1,-9.434728971962627,-9.000302549660073,-0.434426422302554
365.2,-9.450415094339624,-9.007685015470788,-0.442730078868836
365.3,-9.36986956521738,-9.015498087118454,-0.3543714780989262
365.4,-9.228347826086994,-9.023753025134688,-0.20459480095230553
365.5,-9.127068965517251,-9.03246043183543,-0.09460853368182143
365.6,-9.063121739130425,-9.041630184318278,-0.021491554812147484
365.7,-9.016165217391315,-9.051271367829886,0.03510615043857079
365.8,-8.966113043478265,-9.061392210322744,0.09527916684447924
365.9,-8.340408695652288,-9.072000019049833,0.7315913233975451
366.0,-8.214426086956598,-9.083101120049934,0.8686750330933357
366.1,-8.497730434782675,-9.094700801347829,0.596970366565154
366.2,-8.63425,-9.106803260619781,0.4725532606197813
366.3,-8.664191304347854,-9.119411557954,0.4552202536061465
366.4,-8.750278260869559,-9.132527574187987,0.3822493133184288
366.5,-8.605426086956514,-9.146151975157617,0.5407258882011021
366.6,-8.654339130434801,-9.160284182061746,0.505945051626945
366.7,-8.671765217391307,-9.174922348028298,0.5031571306369909
366.8,-8.818852173913022,-9.190063340853676,0.3712111669406539
366.9,-9.06715517241372,-9.205702731771355,0.13854755935763485
367.0,-9.183956521739141,-9.221834789991126,0.03787826825198515
367.1,-9.103886956521745,-9.238452482648395,0.13456552612665007
367.2,-9.230843478260821,-9.255547479723981,0.024704001463160097
367.3,-9.273800000000008,-9.273110163442324,-0.000689836557684842
367.4,-9.549826086956495,-9.291129641624304,-0.25869644533219116
367.5,-9.782278260869576,-9.309593764454092,-0.47268449641548393
367.6,-9.906086206896576,-9.328489144119201,-0.5775970627773752
367.7,-9.944208695652172,-9.347801176809027,-0.5964075188431455
367.8,-9.879515151515132,-9.367514066618295,-0.5120010848968377
367.9,-9.776484848484868,-9.387610850997737,-0.38887399748713136
368.0,-9.564210526315755,-9.408073427513317,-0.15613709880243754
368.1,-9.427977272727254,-9.428882581799256,0.0009053090720012591
368.2,-9.337285714285715,-9.450018016699905,0.11273230241419085
368.3,-9.044052631578966,-9.471458382676538,0.42740575109757195
368.4,-9.160666666666579,-9.493181309598254,0.33251464293167565
368.5,-9.22618181818182,-9.515163440039167,0.28898162185734755
368.6,-9.273105263158035,-9.53738046416994,0.2642752010119054
368.7,-9.609947368420983,-9.559807156271484,-0.05014021214949871
368.8,-9.750159090909087,-9.582417412828919,-0.1677416780801675
368.9,-9.74214285714289,-9.605184292103388,-0.13695856503950132
369.0,-9.649181818181818,-9.628080055042282,-0.02110176313953538
369.1,-9.583272727272714,-9.65107620737976,0.06780348010704529
369.2,-9.625037593984962,-9.67414354279101,0.049105948806047905
369.3,-9.733159090909126,-9.697252186979792,-0.03590690392933382
369.4,-9.835518796992483,-9.720371642587573,-0.11514715440491052
369.5,-9.815218045112777,-9.743470834813406,-0.07174721029937103
369.6,-9.88236363636367,-9.766518157634277,-0.1158454787293941
369.7,-9.927714285714284,-9.789481520522877,-0.13823276519140748
369.8,-10.003363636363627,-9.812328395575769,-0.19103524078785838
369.9,-10.194272727272645,-9.835025864987916,-0.3592468622847296
370.0,-10.267606060606044,-9.857540668840036,-0.41006539176600754
370.1,-10.278315789473682,-9.879839253206585,-0.398476536267097
370.2,-10.260363636363639,-9.901887818649538,-0.3584758177141012
370.3,-10.249,-9.923652369237303,-0.3253476307626979
370.4,-10.205390977443619,-9.94509876231435,-0.2602922151292688
370.5,-10.193537878787879,-9.966192759336579,-0.2273451194513001
370.6,-10.146263157894694,-9.986900078172583,-0.1593630797221106
370.7,-10.005360902255632,-10.007186447346971,0.0018255450913393645
370.8,-9.92340601503759,-10.027017662765694,0.10361164772810305
370.9,-9.84032835820897,-10.046359647511684,0.20603128930271453
371.0,-9.60021052631571,-10.065178515326613,0.4649679890109031
371.1,-9.08157894736843,-10.083440638395853,1.0018616910274236
371.2,-9.160526315789467,-10.101112720021067,0.9405864042316008
371.3,-9.230654135338364,-10.118161872687507,0.8875077373491429
371.4,-9.328218045112768,-10.134555701902588,0.80633765678982
371.5,-9.485030075187934,-10.150262396004052,0.6652323208161182
371.6,-9.752699248120363,-10.165250821931682,0.412551573811319
371.7,-9.890368421052635,-10.17949062675288,0.28912220570024516
371.8,-9.93643609022556,-10.192952344549365,0.2565162543238042
371.9,-9.925248120300722,-10.205607508121401,0.2803593878206794
372.0,-10.006451127819549,-10.21742876484932,0.2109776370297709
372.1,-10.079276119402998,-10.22838999596327,0.1491138765602713
372.2,-10.082383458646635,-10.238466438401016,0.15608297975438035
372.3,-9.981932330827092,-10.247634808373133,0.26570247754604104
372.4,-10.105240601503759,-10.25587342570224,0.15063282419848179
372.5,-10.119112781954886,-10.263162337955407,0.14404955600052105
372.6,-10.205428571428616,-10.269483443343194,0.06405487191457837
372.7,-10.47106766917293,-10.274820611314766,-0.1962470578581641
372.8,-10.512421052631591,-10.27915979974116,-0.23326125289043098
372.9,-10.560270676691719,-10.282489167556657,-0.27778150913506217
373.0,-10.633518796992472,-10.28479918172914,-0.3487196152633327
373.1,-10.735684210526315,-10.286082717457722,-0.4496014930685934
373.2,-10.730421052631577,-10.28633515054684,-0.44408590208473697
373.3,-10.678335820895501,-10.285554440975872,-0.39278137991962936
373.4,-10.635413533834587,-10.28374120676812,-0.351672327066467
373.5,-10.632691729323314,-10.280898787358002,-0.3517929419653125
373.6,-10.61088721804511,-10.277033295753736,-0.3338539222913752
373.7,-10.654398496240594,-10.272153658888536,-0.38224483735205794
373.8,-10.670939849624045,-10.266271645644167,-0.40466820397987746
373.9,-10.61336842105263,-10.259401882118567,-0.3539665389340634
374.0,-10.59006015037594,-10.251561853797119,-0.33849829657882147
374.1,-10.615714285714295,-10.242771894376776,-0.37294239133751894
374.2,-10.62151485148515,-10.233055161082497,-0.3884596904026534
374.3,-10.494999999999973,-10.222437596404873,-0.2725624035950993
374.4,-10.362799999999991,-10.210947876275636,-0.15185212372435508
374.5,-10.349356435643546,-10.198617344782733,-0.15073909086081372
374.6,-10.309820000000013,-10.185479935604345,-0.12434006439566758
374.7,-10.333,-10.171572080406118,-0.1614279195938817
374.8,-10.290439999999998,-10.156932604496678,-0.13350739550332058
374.9,-10.22176,-10.141602610077275,-0.08015738992272503
375.0,-10.217356435643563,-10.125625347457015,-0.09173108818654718
375.1,-10.22280000000001,-10.109046074638027,-0.11375392536198348
375.2,-10.318299999999981,-10.09191190570477,-0.22638809429521167
375.3,-10.447158415841592,-10.074271648479547,-0.3728867673620453
375.4,-10.456520000000001,-10.05617563193688,-0.4003443680631218
375.5,-10.437514851485147,-10.037675523910565,-0.3998393275745826
375.6,-10.439400000000008,-10.018824139685576,-0.4205758603144325
375.7,-10.453650000000009,-9.999675242143198,-0.45397475785681074
375.8,-10.420069306930689,-9.980283334217784,-0.43978597271290454
375.9,-10.251620000000072,-9.96070344452125,-0.29091655547882134
376.0,-9.925425742574262,-9.940990907092656,0.01556516451839407
376.1,-9.812319999999948,-9.921201136327777,0.10888113632782925
376.2,-9.781650000000024,-9.90138939822589,0.11973939822586566
376.3,-9.997435643564362,-9.881610579144894,-0.11582506441946805
376.4,-10.057159999999973,-9.861918953278023,-0.19524104672195008
376.5,-10.148257425742568,-9.84236795006732,-0.30588947567524727
376.6,-10.146759999999983,-9.823009922771508,-0.3237500772284747
376.7,-10.06291,-9.803895919425733,-0.2590140805742678
376.8,-10.031089108910889,-9.785075457472928,-0.24601365143796095
376.9,-10.02,-9.766596303405667,-0.25340369659433293
377.0,-10.0224,-9.748504258823692,-0.27389574117630744
377.1,-9.969782178217764,-9.730842954378765,-0.23893922383899913
377.2,-9.782120000000019,-9.71365365314247,-0.06846634685754793
377.3,-9.629277227722776,-9.69697506499364,0.06769783727086498
377.4,-9.467040000000084,-9.680843173676488,0.21380317367640345
377.5,-8.934919999999849,-9.665291078219438,0.7303710782195889
377.6,-8.075396039603918,-9.650348850415018,1.5749528108110997
377.7,-7.926749999999995,-9.63604341002454,1.7092934100245447
377.8,-7.96879207920791,-9.622398419261957,1.653606340054047
377.9,-8.014500000000028,-9.609434197906591,1.5949341979065625
378.0,-7.989940000000005,-9.597167660095728,1.607227660095723
378.1,-8.194235294117721,-9.585612273485106,1.3913769793673847
378.2,-8.415761194029843,-9.574778041076863,1.1590168470470203
378.3,-8.827117647058882,-9.564671505629823,0.7375538585709407
378.4,-9.203447761194008,-9.55529577620548,0.35184801501147156
378.5,-9.320253731343294,-9.546650576083753,0.2263968447404583
378.6,-9.317602941176474,-9.538732311024184,0.22112936984770926
378.7,-9.387323529411786,-9.53153415665995,0.1442106272481638
378.8,-9.382176470588254,-9.525046163687136,0.14286969309888242
378.9,-9.490455882352933,-9.519255379431446,0.028799497078512815
379.0,-9.475567164179077,-9.514145984319798,0.03857882014072089
379.1,-9.579417910447777,-9.50969944174495,-0.06971846870282761
379.2,-9.618073529411777,-9.505894659784166,-0.11217886962761092
379.3,-9.667313432835803,-9.502708163218506,-0.16460526961729727
379.4,-9.638323529411746,-9.500114274298168,-0.13820925511357807
379.5,-9.712882352941174,-9.49808530071157,-0.21479705222960277
379.6,-9.702029850746294,-9.496591729239892,-0.20543812150640228
379.7,-9.781352941176403,-9.495602423612207,-0.2857505175641961
379.8,-9.82753731343284,-9.495084825117221,-0.332452488315619
379.9,-9.817865671641748,-9.495005154575994,-0.32286051706575414
380.0,-9.8955,-9.495328614337042,-0.40017138566295785
380.1,-9.830298507462679,-9.49601958902191,-0.3342789184407682
380.2,-9.861823529411764,-9.49704184382455,-0.36478168558721435
380.3,-9.79347761194026,-9.498358719249785,-0.29511889269047487
380.4,-9.828850746268609,-9.499933321261283,-0.3289174250073259
380.5,-9.933411764705875,-9.50172870589462,-0.4316830588112559
380.6,-9.852382352941168,-9.503708057474688,-0.34867429546648054
380.7,-9.823470588235292,-9.505834859660048,-0.3176357285752438
380.8,-9.904250000000008,-9.508073058622102,-0.39617694137790593
380.9,-9.885462686567173,-9.510387217754662,-0.3750754688125113
381.0,-9.833373134328333,-9.512742663397674,-0.32063047093065933
381.1,-9.793235294117629,-9.515105621146665,-0.27812967297096414
381.2,-9.797149253731352,-9.517443342406612,-0.27970591132474
381.3,-9.787294117647086,-9.519724220933366,-0.2675698967137201
381.4,-9.730147058823523,-9.521917899184935,-0.2082291596385879
381.5,-9.765556603773584,-9.52399536437771,-0.2415612393958746
381.6,-9.76461320754717,-9.525929034209737,-0.23868417333743253
381.7,-9.763669811320755,-9.527692832275685,-0.23597697904506987
381.8,-9.748271293375396,-9.529262253257388,-0.21900904011800826
381.9,-9.697482649842293,-9.53061441803132,-0.1668682318109731
382.0,-9.64669400630916,-9.53172811889083,-0.1149658874183288
382.1,-9.594415094339622,-9.532583855134659,-0.06183123920496314
382.2,-9.53120754716983,-9.533163859321224,0.001956312151394357
382.3,-9.468,-9.533452114527071,0.065452114527071
382.4,-9.404792452830208,-9.533434362974761,0.1286419101445535
382.5,-9.410459119496855,-9.533098106409211,0.12263898691235653
382.6,-9.420522012578619,-9.532432598601215,0.11191058602259574
382.7,-9.430584905660377,-9.531428830344044,0.10084392468366765
382.8,-9.428220125786162,-9.530079507287072,0.10185938150091012
382.9,-9.421930817610063,-9.528379020924179,0.10644820331411609
383.0,-9.41564150943396,-9.526323413027756,0.11068190359379493
383.1,-9.458924290220859,-9.523910333792955,0.06498604357209636
383.2,-9.53810410094638,-9.521138993931588,-0.01696510701479248
383.3,-9.617283911671949,-9.518010110931455,-0.09927380074049452
383.4,-9.685531446540876,-9.514525849678176,-0.17100559686270067
383.5,-9.73804716981132,-9.510689757627762,-0.22735741218355798
383.6,-9.790562893081766,-9.506506694723791,-0.284056198357975
383.7,-9.79425696594432,-9.50198275827548,-0.29227420766884116
383.8,-9.63450464396285,-9.497125203051578,-0.13737944091127297
383.9,-9.47475232198147,-9.49194235689584,0.01719003491437121
384.0,-9.315,-9.486443532225183,0.17144353222518305
384.1,-9.443613418602123,-9.480638933819172,0.03702551521704933
384.2,-9.475971364733915,-9.474539563337931,-0.0014318013959844222
384.3,-9.495122779996251,-9.46815712101176,-0.02696565898449066
384.4,-9.505450253661655,-9.461503904937969,-0.04394634872368641
384.5,-9.415192665243897,-9.454592708410724,0.0394000431668271
384.6,-9.321561418532898,-9.447436715705468,0.12587529717256984
384.7,-9.378749605817333,-9.440049396739319,0.061299790921985675
384.8,-9.440516318986436,-9.432444401026904,-0.00807191795953166
384.9,-9.511313117218698,-9.424635451343274,-0.08667766587542403
385.0,-9.547574520183076,-9.416636237494213,-0.13093828268886298
385.1,-9.559042570988815,-9.408460310586618,-0.15058226040219758
385.2,-9.63302166830591,-9.400120978194794,-0.2329006901111157
385.3,-9.704924455505603,-9.39163120083512,-0.31329325467048363
385.4,-9.586469829340214,-9.38300349019129,-0.20346633914892287
385.5,-9.468015203174758,-9.374249809574119,-0.09376539360063951
385.6,-9.349560577009303,-9.365381477150287,0.015820900140983696
385.7,-9.322943900922615,-9.35640907252606,0.03346517160344398
385.8,-9.355633726014636,-9.347342347313974,-0.008291378700661767
385.9,-9.295904892957727,-9.338190140336163,0.04228524737843564
386.0,-9.195072165779116,-9.328960298127921,0.1338881323488046
386.1,-9.083101755250764,-9.319659601404487,0.23655784615372255
386.2,-9.012241156246185,-9.310293698145333,0.298052541899148
386.3,-9.021198360696843,-9.300867043931031,0.27966868323418836
386.4,-8.999708704936744,-9.291382850133557,0.29167414519681323
386.5,-8.839961748723102,-9.281843040510966,0.4418812917878636
386.6,-8.992737525861445,-9.272248216694742,0.2795106908332965
386.7,-9.097808384339721,-9.262597632986648,0.164789248646926
386.8,-9.030760005939014,-9.252889180805278,0.22212917486626438
386.9,-8.994611837185216,-9.243119383046404,0.2485075458611874
387.0,-8.966297023379443,-9.233283398552,0.2669863751725572
387.1,-8.944100071221982,-9.223375036821988,0.2792749656000062
387.2,-8.92371500329734,-9.213386783045287,0.28967177974794645
387.3,-8.78685756408461,-9.203309833467243,0.41645226938263313
387.4,-8.599889755284616,-9.193134141045649,0.5932443857610323
387.5,-8.714731846371166,-9.182848471274845,0.4681166249036792
387.6,-8.747130309613235,-9.17244046797202,0.4253101583587853
387.7,-8.74965806159935,-9.161896728719263,0.4122386671199134
387.8,-8.801762941824583,-9.151202889543399,0.3494399477188157
387.9,-8.92933261383104,-9.140343718302772,0.21101110447173177
388.0,-9.055910805565201,-9.129303216144717,0.0733924105795154
388.1,-9.12055503390123,-9.11806472630513,-0.0024903075960995835
388.2,-9.15224304852945,-9.106611049447778,-0.045631999081670926
388.3,-9.184495099270487,-9.094924564690201,-0.08957053458028597
388.4,-9.227405580665003,-9.082987355436254,-0.14441822522874936
388.5,-9.18828378330255,-9.070781339128972,-0.11750244417357791
388.6,-9.186806444658977,-9.058288400046317,-0.12851804461265992
388.7,-9.229753921030376,-9.045490524282092,-0.18426339674828363
388.8,-9.160684932176581,-9.032369936081036,-0.1283149960955452
388.9,-9.116535507381656,-9.01890923472818,-0.0976262726534749
389.0,-9.090788014748826,-9.005091531226055,-0.0856964835227707
389.1,-9.062365538493387,-8.990900584026857,-0.07146495446652956
389.2,-8.997838423973382,-8.976320933117615,-0.021517490855767818
389.3,-8.956077907194118,-8.961338031782285,0.005260124588167159
389.4,-9.071428367390538,-8.945938375385088,-0.1254899920054502
389.5,-8.9212630249604,-8.930109626534385,0.008846601573985424
389.6,-8.836580259765105,-8.913840735997724,0.07726047623261856
389.7,-9.108776518715104,-8.897122058748172,-0.21165445996693144
389.8,-9.148723068768552,-8.87994546453069,-0.26877760423786157
389.9,-9.166265226559673,-8.862304442347325,-0.3039607842123484
390.0,-9.21536104331885,-8.844194198278819,-0.3711668450400314
390.1,-9.109027369024048,-8.825611746096431,-0.2834156229276168
390.2,-9.070968124059101,-8.806555990173443,-0.2644121338856582
390.3,-9.115578073277343,-8.78702780027505,-0.32855027300229267
390.4,-9.088987331875828,-8.767030077879893,-0.3219572539959348
390.5,-8.982963568242416,-8.746567813761038,-0.23639575448137862
390.6,-8.84879980992122,-8.725648136627306,-0.12315167329391308
390.7,-8.943116178468403,-8.704280352697156,-0.23883582577124685
390.8,-8.879302756368865,-8.682475976143651,-0.19682678022521394
390.9,-8.776057168653752,-8.66024875040756,-0.1158084182461927
391.0,-8.823594883339213,-8.637614660426724,-0.18598022291248917
391.1,-8.742362005942445,-8.61459193587652,-0.12777007006592456
391.2,-8.589440900452818,-8.591201045559517,0.0017601451066990847
391.3,-8.36672071449066,-8.567464683121274,0.20074396863061494
391.4,-8.334824131653727,-8.543407744299998,0.20858361264627057
391.5,-8.397624871611852,-8.519057295933823,0.12143242432197177
391.6,-8.54483153208643,-8.494442536945131,-0.05038899514129902
391.7,-8.352990289086945,-8.469594751498654,0.11660446241170952
391.8,-8.498855745501162,-8.444547254500714,-0.0543084910004481
391.9,-8.574928067582665,-8.41933532958259,-0.1555927380000739
392.0,-8.042952604463274,-8.393996159696957,0.3510435552336837
392.1,-7.994285012906677,-8.368568750450198,0.3742837375435206
392.2,-8.512744824364518,-8.343093846287301,-0.1696509780772164
392.3,-9.123480977497257,-8.317613839629866,-0.8058671378673914
392.4,-8.240281105508679,-8.292172673043876,0.05189156753519697
392.5,-8.176314591986268,-8.266815734504789,0.09050114251852115
392.6,-8.224776889878546,-8.241589745851556,0.016812855973009633
392.7,-8.189988095986475,-8.216542644566067,0.026554548579591497
392.8,-8.256626925305548,-8.191723459049935,-0.06490346625561294
392.9,-8.652318123005797,-8.167182177583497,-0.4851359454223001
393.0,-8.868009092738664,-8.142969611155545,-0.7250394815831189
393.1,-8.475259144503754,-8.11913725036987,-0.3561218941338833
393.2,-8.429437524085323,-8.095737116684607,-0.33370040740071616
393.3,-8.541853971416472,-8.072821608326281,-0.46903236309019114
393.4,-8.617147639482912,-8.050443341328123,-0.5667042981547894
393.5,-8.256705540262583,-8.028654986252683,-0.2280505540099007
393.6,-7.974889524352247,-8.007509101264901,0.03261957691265405
393.7,-7.826624550422523,-7.987057962322092,0.16043341189956895
393.8,-7.801020829079691,-7.967353391332211,0.1663325622525198
393.9,-7.77941036665115,-7.948446583185128,0.1690362165339785
394.0,-7.816692668477811,-7.93038793257618,0.11369526409836972
394.1,-7.837506769718729,-7.913226861525402,0.07572009180667294
394.2,-7.806339696398872,-7.8970116484649155,0.09067195206604328
394.3,-7.841306110327663,-7.881789259733743,0.04048314940608044
394.4,-7.788894628060562,-7.867605184290196,0.07871055622963397
394.5,-7.7214498215804515,-7.854503272428351,0.13305345084789977
394.6,-7.729566825089482,-7.84252557926521,0.11295875417572798
394.7,-7.6421633345838735,-7.831712213745772,0.18954887916189822
394.8,-7.598598018493916,-7.822101193891015,0.22350317539709952
394.9,-7.593719667904537,-7.813728308985915,0.2200086410813782
395.0,-7.572290455170702,-7.806626989369544,0.23433653419884237
395.1,-7.537521723801803,-7.800828184446715,0.2633064606449116
395.2,-7.498663697092,-7.79636024949127,0.2976965523992705
395.3,-7.4746077001001385,-7.793248841756469,0.3186411416563306
395.4,-7.641284896767113,-7.791516826348572,0.1502319295814596
395.5,-7.6784553805561,-7.791184192256355,0.11272881170025517
395.6,-7.6002506401799605,-7.79226797886528,0.19201733868531967
395.7,-7.401596036692143,-7.794782213226143,0.3931861765339999
395.8,-7.475700814404758,-7.798737858296425,0.32303704389166743
395.9,-7.51776651160776,-7.804142772322669,0.28637626071490896
396.0,-7.541038650707082,-7.811001679474665,0.2699630287675827
396.1,-7.587699040609357,-7.819316151774294,0.23161711116493677
396.2,-7.632569642110208,-7.829084602288866,0.196514960178658
396.3,-7.709799373436003,-7.840302289488326,0.13050291605232278
396.4,-7.787863990865383,-7.852961332602032,0.0650973417366485
396.5,-7.653289793826988,-7.867050737755915,0.21376094392892675
396.6,-7.7602298162435925,-7.882556434625289,0.12232661838169623
396.7,-7.868106339754403,-7.899461323300791,0.03135498354638777
396.8,-7.8583148769562055,-7.91774533103146,0.0594304540752546
396.9,-7.7311192604238945,-7.937385478478052,0.20626621805415724
397.0,-7.768827869436182,-7.95835595508226,0.18952808564607793
397.1,-7.927472817795041,-7.980628203132411,0.05315538533736941
397.2,-7.895265154066629,-8.004171010079094,0.10890585601246539
397.3,-8.03368978466278,-8.028950608622983,-0.004739176039796789
397.4,-8.047205358572507,-8.054930784065833,0.007725425493326554
397.5,-8.113825412305058,-8.082072988390358,-0.03175242391469979
397.6,-8.03594875288253,-8.110336460518093,0.07438770763556235
397.7,-8.064242463717653,-8.139678352185657,0.07543588846800375
397.8,-8.134803138191735,-8.170053858875148,0.03525072068341295
397.9,-8.353169876286469,-8.201416355229293,-0.15175352105717543
398.0,-8.120172054030242,-8.23371753437447,0.11354548034422862
398.1,-8.20697287765411,-8.266907550567845,0.059934672913735554
398.2,-8.247461131066377,-8.300935164581237,0.0534740335148598
398.3,-8.299691191857155,-8.335747891231952,0.03605669937479661
398.4,-8.480038214040418,-8.371292148464988,-0.10874606557542954
398.5,-8.5903029691581,-8.407513407381831,-0.1827895617762696
398.6,-8.622319624805563,-8.444356342604976,-0.17796328220058655
398.7,-8.619866505405497,-8.481764982371882,-0.13810152303361534
398.8,-8.443375866534538,-8.519682857770839,0.0763069912363008
398.9,-8.889026979350565,-8.558053150560681,-0.33097382878988313
399.0,-8.809255084512587,-8.596818839048481,-0.21243624546410622
399.1,-8.795644068565178,-8.635922841530219,-0.15972122703495906
399.2,-8.770810644895505,-8.675308156832541,-0.09550248806296402
399.3,-8.793997337539377,-8.714918001533253,-0.07907933600612438
399.4,-8.855474080304125,-8.754695943480941,-0.10077813682318393
399.5,-8.895339373584715,-8.794586031272491,-0.10075334231222399
399.6,-8.911186356754996,-8.834532919377937,-0.07665343737705932
399.7,-8.891859373395949,-8.874481988627362,-0.017377384768586523
399.8,-8.969561029489434,-8.914379461796944,-0.05518156769248961
399.9,-9.147715467082866,-8.954172514051528,-0.19354295303133817
400.0,-9.118220318534595,-8.993809378018943,-0.12441094051565216
400.1,-9.161650265048541,-9.033239443289151,-0.12841082175939
400.2,-9.157019079685334,-9.072413350153573,-0.08460572953176104
400.3,-9.221296200880689,-9.111283077427672,-0.11001312345301706
400.4,-9.244938702862493,-9.149802024230157,-0.09513667863233621
400.5,-9.342211606851212,-9.187925085621291,-0.15428652122992048
400.6,-9.243931185455379,-9.225608722029651,-0.01832246342572752
400.7,-9.357279080774719,-9.262811022422499,-0.09446805835221994
400.8,-9.385389618472711,-9.29949176119996,-0.08589785727275157
400.9,-9.491591330444525,-9.335612448816573,-0.15597888162795215
401.0,-9.551350237593157,-9.371136376155313,-0.1802138614378439
401.1,-9.483359414061928,-9.40602865270158,-0.07733076136034711
401.2,-9.637680029839151,-9.44025623859107,-0.19742379124808096
401.3,-9.459512584167328,-9.473787970636296,0.01427538646896842
401.4,-9.470237441274005,-9.506594582469175,0.03635714119516997
401.5,-9.584007469130894,-9.538648718966577,-0.045358750164316675
401.6,-9.717617385822635,-9.569924945147896,-0.14769244067473863
401.7,-9.792359393317886,-9.600399749747366,-0.1919596435705202
401.8,-9.640786993654416,-9.630051543674531,-0.010735449979884848
401.9,-9.589817443201245,-9.658860653591583,0.06904321039033867
402.0,-9.730797554098913,-9.686809310857623,-0.0439882432412908
402.1,-9.688512279446803,-9.713881636110527,0.025369356663723863
402.2,-9.703497745849218,-9.740063619769591,0.036565873920373804
402.3,-9.586020762150483,-9.765343098745554,0.1793223365950709
402.4,-9.714413235054074,-9.789709729641983,0.07529649458790821
402.5,-9.597945503183611,-9.81315495872362,0.21520945554000903
402.6,-9.679941228851105,-9.835671988910766,0.15573076005966158
402.7,-9.826957434926546,-9.857255744033534,0.030298309106987276
402.8,-9.756803265854375,-9.877902830548168,0.12109956469379313
402.9,-9.875396411066339,-9.897611496884167,0.022215085817828495
403.0,-10.044071228300973,-9.916381590560755,-0.12768963774021813
403.1,-9.940074087626613,-9.934214513188468,-0.005859574438144222
403.2,-9.948044044881073,-9.951113173458303,0.0030691285772306287
403.3,-9.908428188614652,-9.967081938217623,0.05865374960297132
403.4,-9.934722926411492,-9.982126581735505,0.04740365532401292
403.5,-9.906552955410234,-9.996254233263642,0.08970127785340765
403.6,-10.115887976846297,-10.009473322997193,-0.10641465384910376
403.7,-10.027748836046095,-10.021793526532953,-0.005955309513142382
403.8,-10.098083020431055,-10.033225707914093,-0.06485731251696158
403.9,-10.140347398622682,-10.043781861347135,-0.09656553727554673
404.0,-10.038630952309491,-10.05347505168014,0.014844099370648678
404.1,-10.126217593176836,-10.062319353740344,-0.06389823943649198
404.2,-10.161469158837633,-10.07032979064154,-0.09113936819609236
404.3,-10.006798343149729,-10.077522271183796,0.07072392803406657
404.4,-9.99675854736037,-10.083913526479366,0.08715497911899561
404.5,-10.186252269734108,-10.08952104594757,-0.09673122378653787
404.6,-10.134790323679534,-10.094363012825973,-0.04042731085356088
404.7,-10.106669538051191,-10.098458239345279,-0.00821129870591264
404.8,-10.095987364304621,-10.101826101714988,0.005838737410366335
404.9,-10.030047188421797,-10.104486475069749,0.07443928664795152
405.0,-10.017361844865162,-10.106459668531084,0.0890978236659219
405.1,-10.040037286869028,-10.10776636054065,0.06772907367162162
405.2,-10.075308204345408,-10.108427534616093,0.0331193302706847
405.3,-10.070857652132611,-10.108464415669085,0.03760676353647341
405.4,-10.04947194201022,-10.107898407010307,0.05842646500008719
405.5,-10.028086231887817,-10.106751028151631,0.07866479626381384
405.6,-10.04656222247481,-10.105043853502723,0.05848163102791304
405.7,-10.078267878522471,-10.102798452046848,0.02453057352437682
405.8,-10.114690517340579,-10.10003632806732,-0.014654189273258567
405.9,-10.111502309704804,-10.096778862982726,-0.014723446722078037
406.0,-10.100250542531233,-10.093047258338336,-0.007203284192897286
406.1,-10.086056167828014,-10.088862479994953,0.002806312166939051
406.2,-10.070584000451671,-10.084245203554904,0.013661203103232822
406.3,-10.099197058026643,-10.079215761065667,-0.01998129696097628
406.4,-10.167750710417693,-10.073794089042757,-0.09395662137493588
406.5,-10.087333133114392,-10.06799967785473,-0.019333455259662458
406.6,-10.080341223366199,-10.061851522516148,-0.01848970085005064
406.7,-10.114137343962192,-10.05536807494066,-0.05876926902153201
406.8,-10.050599022050704,-10.048567197715247,-0.002031824335457344
406.9,-10.017722485151172,-10.041466119466001,0.02374363431482962
407.0,-10.160471690757968,-10.03408139189377,-0.12639029886419806
407.1,-10.027775236674454,-10.026428848564619,-0.0013463881098356723
407.2,-10.115579687184384,-10.018523565546268,-0.09705612163811672
407.3,-10.109019009740868,-10.010379823989485,-0.09863918575138264
407.4,-10.023724770661074,-10.002011074764551,-0.021713695896522722
407.5,-9.96443449878612,-9.993429905277095,0.028995406490974318
407.6,-9.987722489084987,-9.984648008602917,-0.00307448048206993
407.7,-9.965907342660428,-9.975676155094577,0.00976881243414951
407.8,-10.08190213621543,-9.966524166620458,-0.11537796959497193
407.9,-10.018418309290164,-9.957200893600495,-0.06121741568966854
408.0,-10.050766103084603,-9.947714195005952,-0.10305190807865117
408.1,-10.064607801175729,-9.938070921498259,-0.12653687967747018
408.2,-9.91631751363378,-9.92827690189602,0.011959388262239301
408.3,-9.946089391720955,-9.918336933177956,-0.02775245854299868
408.4,-9.685929521211163,-9.908254774249174,0.22232525303801154
408.5,-9.662103615455223,-9.898033143712704,0.23592952825748092
408.6,-9.704019622143942,-9.887673721891138,0.18365409974719604
408.7,-9.774546551444844,-9.877177157328973,0.1026306058841282
408.8,-9.712785888587483,-9.866543077975296,0.1537571893878127
408.9,-9.737556366943972,-9.855770107205872,0.11821374026190057
409.0,-9.698965674496383,-9.844855884802552,0.14589021030616856
409.1,-9.758828561488828,-9.833797092970839,0.07496853148201055
409.2,-9.697428285034034,-9.82258948744298,0.1251612024089468
409.3,-9.658485021652085,-9.81122793368265,0.15274291203056478
409.4,-9.652668381874953,-9.799706448177568,0.14703806630261518
409.5,-9.540256441507362,-9.788018244777204,0.24776180326984232
409.6,-9.549737827560183,-9.776155786001196,0.2264179584410133
409.7,-9.580930467934163,-9.764110839207826,0.1831803712736626
409.8,-9.561844790244166,-9.751874537469025,0.19002974722485888
409.9,-9.610268615588566,-9.739437444950507,0.12916882936194085
410.0,-9.706093245773525,-9.726789626546301,0.020696380772776024
410.1,-9.650339273433321,-9.713920721471041,0.06358144803771992
410.2,-9.573577049126612,-9.700820020474895,0.12724297134828255
410.3,-9.594802649454897,-9.68747654631655,0.09267389686165295
410.4,-9.54540677991607,-9.67387913710716,0.1284723571910913
410.5,-9.57325383055724,-9.660016532117499,0.086762701560259
410.6,-9.565016228287407,-9.645877459617763,0.08086123133035628
410.7,-9.693076422871838,-9.631450726294995,-0.06162569657684358
410.8,-9.637831488392768,-9.616725307769288,-0.021106180623480242
410.9,-9.577915828014945,-9.601690439711378,0.023774611696433468
411.0,-9.568719517984677,-9.586335709053555,0.01761619106887835
411.1,-9.664296098762637,-9.570651144782735,-0.09364495397990247
411.2,-9.764038297363914,-9.554627307805431,-0.20941098955848325
411.3,-9.625783118623831,-9.538255379378104,-0.08752773924572743
411.4,-9.618436265129702,-9.521527247606207,-0.09690901752349568
411.5,-9.59213677147725,-9.50443559153442,-0.08770117994282955
411.6,-9.59583770442302,-9.486973962376899,-0.10886374204612181
411.7,-9.549890335321788,-9.469136861464094,-0.08075347385769405
411.8,-9.60020393482161,-9.450919814508406,-0.14928412031320448
411.9,-9.660109850563217,-9.432319441815276,-0.227790408747941
412.0,-9.620646967941244,-9.413333524091875,-0.2073134438493689
412.1,-9.498316585962499,-9.393961063535615,-0.10435552242688395
412.2,-9.573719026190089,-9.374202339921201,-0.19951668626888797
412.3,-9.399242682988797,-9.354058961446574,-0.045183721542223054
412.4,-9.342149883503355,-9.333533910139916,-0.008615973363438556
412.5,-9.461489173057002,-9.312631581667224,-0.1488575913897776
412.6,-9.37199923725187,-9.291357819410043,-0.08064141784182688
412.7,-9.27891816083385,-9.269719942706201,-0.009198218127648872
412.8,-9.24073006105072,-9.247726769165835,0.006996708115115879
412.9,-9.25615520305596,-9.22538863099269,-0.030766572063269493
413.0,-9.285031224481704,-9.20271738525538,-0.08231383922632496
413.1,-9.246507017823765,-9.179726418063376,-0.06678059976038853
413.2,-9.293390804877411,-9.15643064261032,-0.13696016226709062
413.3,-9.248263319238877,-9.132846491057208,-0.11541682818166876
413.4,-9.173998439912923,-9.108991900243252,-0.06500653966967107
413.5,-9.25411864505474,-9.084886291232856,-0.16923235382188473
413.6,-9.17589957677053,-9.06055054273149,-0.11534903403904018
413.7,-9.199636423370924,-9.036006958429706,-0.16362946494121822
413.8,-9.149532528771536,-9.011279228362701,-0.13825330040883443
413.9,-9.066598671275834,-8.986392384403382,-0.08020628687245157
414.0,-8.96495278960695,-8.961372750039331,-0.003580039567619764
414.1,-8.797276072744259,-8.936247884615629,0.13897181187136987
414.2,-8.752211069165195,-8.911046522251015,0.15883545308581937
414.3,-8.754016724189748,-8.88579850564808,0.13178178145833108
414.4,-8.697349255223195,-8.86053471501499,0.1631854597917961
414.5,-8.697292247258085,-8.83528699229716,0.13799474503907483
414.6,-8.689312907190928,-8.810088060887592,0.12077515369666436
414.7,-8.761419749434445,-8.784971440950487,0.023551691516042084
414.8,-8.916548047254084,-8.759971360458934,-0.1565766867951499
414.9,-8.914899647032636,-8.73512266201907,-0.1797769850135662
415.0,-8.84184100128211,-8.710460705536587,-0.13138029574552235
415.1,-8.769640480089686,-8.686021266782673,-0.0836192133070135
415.2,-8.77332263224838,-8.661840431934987,-0.11148220031339307
415.3,-8.69002818901192,-8.637954488198089,-0.05207370081383189
415.4,-8.704187484286058,-8.614399810637794,-0.08978767364826368
415.5,-8.685117565917402,-8.591212745390601,-0.09390482052680049
415.6,-8.796275756038277,-8.568429489432308,-0.22784626660596885
415.7,-8.677731544005201,-8.54608596711187,-0.131645576893332
415.8,-8.775889334133106,-8.524217703681389,-0.2516716304517175
415.9,-8.581603879682842,-8.502859696084068,-0.07874418359877389
416.0,-8.56497597692612,-8.482046281299471,-0.08292969562664787
416.1,-8.52526013562229,-8.461811002585735,-0.06344913303655453
416.2,-8.392036511214156,-8.442186473995879,0.050149962781722124
416.3,-8.500512286291883,-8.423204243575134,-0.07730804271674963
416.4,-8.446932472648673,-8.404894655666524,-0.04203781698214826
416.5,-8.54638454541115,-8.38728671276459,-0.15909783264656063
416.6,-8.558921477306964,-8.370407937366823,-0.18851353994014097
416.7,-8.422944791520937,-8.354284234285295,-0.06866055723564202
416.8,-8.441158434009925,-8.338939753901155,-0.10221868010876989
416.9,-8.458890434021855,-8.324396756872055,-0.1344936771498002
417.0,-8.455907640405426,-8.310675480832804,-0.1452321595726218
417.1,-8.40064973915433,-8.297794009659027,-0.1028557294953032
417.2,-8.473893260244093,-8.285768145892314,-0.18812511435177903
417.3,-8.372006330731752,-8.274611286955187,-0.09739504377656516
417.4,-8.373157174074496,-8.264334305815806,-0.10882286825868981
417.5,-8.270770046514942,-8.2549454367948,-0.015824609720141325
417.6,-8.298260995023714,-8.24645016723789,-0.05181082778582358
417.7,-8.199900360086833,-8.238851135804977,0.03895077571814376
417.8,-8.184728315923751,-8.23214803814668,0.04741972222292823
417.9,-7.989782362824489,-8.226337540751361,0.23655517792687242
418.0,-7.885918774983076,-8.221413203748401,0.3354944287653252
418.1,-7.815878801079746,-8.217365413443144,0.40148661236339755
418.2,-7.9231957596485865,-8.214181325330511,0.29098556568192446
418.3,-7.907597150702,-8.211844818284264,0.3042476675822643
418.4,-7.99250643199527,-8.210336460550778,0.21783002855550748
418.5,-8.093008274327145,-8.209633488099502,0.11662521377235713
418.6,-7.993221269918547,-8.209709795807653,0.2164885258891056
418.7,-8.080891349834694,-8.21053594189093,0.1296445920562359
418.8,-8.03374268219485,-8.212079165937073,0.178336483742223
418.9,-8.023785406771033,-8.214303420852533,0.1905180140814995
419.0,-8.01928053978889,-8.217169418990105,0.19788887920121567
419.1,-7.857715790119688,-8.220634692683838,0.36291890256415016
419.2,-7.8693897171580085,-8.22465366937329,0.35526395221528073
419.3,-7.84372895800463,-8.22917776144854,0.38544880344390986
419.4,-7.966265059875726,-8.234155470886122,0.2678904110103968
419.5,-7.912214227026207,-8.239532508673218,0.3273182816470106
419.6,-7.926218153280047,-8.245251928937096,0.31903377565704893
419.7,-7.933065170938787,-8.251254277615137,0.3181891066763507
419.8,-7.99617501642313,-8.257477755421343,0.26130273899821255
419.9,-8.000806983116338,-8.263858394788164,0.26305141167182633
420.0,-7.9230865701975945,-8.270330250387156,0.3472436801895613
420.1,-7.9502821349407355,-8.276825602758734,0.3265434678179986
420.2,-8.018240048079582,-8.283275174509733,0.2650351264301509
420.3,-8.111643095312381,-8.289608358465433,0.17796526315305172
420.4,-8.079517951072628,-8.295753457089864,0.2162355060172363
420.5,-8.151970322105344,-8.301637932418023,0.1496676103126795
420.6,-8.10477894090404,-8.30718866568049,0.2024097247764498
420.7,-8.115744163442148,-8.312332225746156,0.1965880623040075
420.8,-8.22563457650673,-8.316995145460073,0.09136056895334299
420.9,-8.210440533392386,-8.32110420490804,0.11066367151565437
421.0,-8.274200483891121,-8.324586720596933,0.05038623670581188
421.1,-8.22894338602416,-8.32737083950181,0.09842745347765103
421.2,-8.218679290889655,-8.329385836899458,0.11070654600980312
421.3,-8.339668600744853,-8.330562416882717,-0.009106183862135353
421.4,-8.210412732592074,-8.330833014428348,0.12042028183627451
421.5,-8.29640116119841,-8.330132097871484,0.033730936673073586
421.6,-8.261661790843148,-8.328396470621822,0.06673467977867453
421.7,-8.324680465588989,-8.325565570940478,0.0008851053514895568
421.8,-8.364671753031109,-8.321581768581565,-0.04308998444954426
421.9,-8.318171031763338,-8.316390657090015,-0.0017803746733235926
422.0,-8.389020837431957,-8.309941340538836,-0.07907949689312055
422.1,-8.34070932556671,-8.302186713486535,-0.03852261208017538
422.2,-8.238294190300063,-8.29308373293858,0.054789542638516764
422.3,-8.293679365138773,-8.282593681103487,-0.011085684035286647
422.4,-8.23300976909587,-8.270682417741124,0.03767264864525366
422.5,-8.259819877825274,-8.257320620905135,-0.0024992569201387482
422.6,-8.141386851055586,-8.242484014881427,0.10109716382584111
422.7,-8.067847047390817,-8.226153584121265,0.15830653673044814
422.8,-8.096108201001478,-8.208315771960628,0.1122075709591499
422.9,-8.155245095681321,-8.18896266290509,0.03371756722376773
423.0,-8.148497914857055,-8.168092147240179,0.019594232383123966
423.1,-8.264331061798645,-8.14570806670416,-0.11862299509448526
423.2,-8.32757208801156,-8.121820339940314,-0.20575174807124696
423.3,-8.438763776332946,-8.09644506643663,-0.3423187098963165
423.4,-8.499154446773245,-8.069604607668197,-0.4295498391050483
423.5,-8.379835455905836,-8.041327644186243,-0.33850781171959277
423.6,-8.536675451505765,-8.011649207449672,-0.5250262440560931
423.7,-8.415235602469595,-7.9806106852679415,-0.43462491720165364
423.8,-8.340432513053091,-7.948259799813099,-0.3921727132399928
423.9,-8.668734857340617,-7.914650557258224,-0.7540843000823925
424.0,-8.619308288107304,-7.879843168206835,-0.7394651199004683
424.1,-8.71824119670615,-7.843903938194758,-0.8743372585113924
424.2,-8.712991300627474,-7.806905127679636,-0.9060861729478376
424.3,-8.669655818127262,-7.7689247810906465,-0.900731037036616
424.4,-8.68574039363605,-7.730046524693191,-0.95569386894286
424.5,-8.683678913126974,-7.690359333224885,-0.9933195799020886
424.6,-8.812274268699197,-7.649957265474041,-1.162317003225156
424.7,-8.652663361202068,-7.6089391691969315,-1.0437241920051363
424.8,-8.698685334895211,-7.567408356006152,-1.1312769788890593
424.9,-8.559975995747273,-7.525472247110499,-1.0345037486367739
425.0,-8.566542093273489,-7.483241991044937,-1.0833001022285513
425.1,-8.411013627529439,-7.440832054792243,-0.9701815727371956
425.2,-8.270741990167348,-7.398359789960457,-0.8723822002068911
425.3,-8.243374034542764,-7.355944975938086,-0.8874290586046785
425.4,-8.216006078918198,-7.313709342197968,-0.9022967367202304
425.5,-8.091885501721269,-7.271776072157974,-0.8201094295632947
425.6,-7.934474451742627,-7.230269291232511,-0.7042051605101163
425.7,-7.808955339475489,-7.189313541925326,-0.6196417975501625
425.8,-7.750100996753876,-7.14903324902086,-0.6010677477330155
425.9,-7.691246654032296,-7.109552178124435,-0.5816944759078613
426.0,-7.115230496471425,-7.070992890977274,-0.044237605494151566
426.1,-6.454941480849866,-7.03347620112797,0.5785347202781033
426.2,-5.958413302845394,-6.997120633667727,1.0387073308223327
426.3,-5.75953081481038,-6.962041892807974,1.2025110779975945
426.4,-5.560648326775477,-6.928352341065353,1.3677040142898758
426.5,-5.571676489497156,-6.896160493704531,1.3244840042073749
426.6,-5.631718984613445,-6.865570531883712,1.233851547270267
426.7,-5.683167450953388,-6.836681837679161,1.1535143867257736
426.8,-5.7057134746896905,-6.809588553864593,1.1038750791749026
426.9,-5.728259498425981,-6.784379171013888,1.056119672587907
427.0,-5.727758553095016,-6.761136144196379,1.0333775911013632
427.1,-5.712666195208922,-6.739935541248796,1.0272693460398736
427.2,-5.697573837322838,-6.720846724336161,1.0232728870133228
427.3,-5.713499382032574,-6.703932066252243,0.9904326842196687
427.4,-5.730650893954876,-6.689246702655318,0.9585958087004416
427.5,-5.734326832328362,-6.6768383211847775,0.9425114888564154
427.6,-5.703351120876949,-6.666746988158269,0.9633958672813199
427.7,-5.672375409425554,-6.659005013307877,0.9866296038823235
427.8,-5.681812029268615,-6.6536368527768985,0.9718248235082836
427.9,-5.721960137818526,-6.650659050363871,0.9286989125453458
428.0,-5.762108246368459,-6.650080216765762,0.8879719703973024
428.1,-5.857039371223968,-6.651901046337798,0.7948616751138298
428.2,-5.96332324512534,-6.656114370656562,0.6927911255312216
428.3,-6.07086302700075,-6.6627052479505195,0.5918422209497693
428.4,-6.197349770594182,-6.67165108725348,0.47430131665929753
428.5,-6.323836514187686,-6.682921805946524,0.35908529175883785
428.6,-6.432105326496041,-6.696480019186681,0.26437469269064007
428.7,-6.491456053515597,-6.712281259578421,0.2208252060628242
428.8,-6.550806780535186,-6.7302742253275625,0.17946744479237609
428.9,-6.605111059922244,-6.750401055024719,0.1452899951024751
429.0,-6.65343314835078,-6.772597627133127,0.1191644787823467
429.1,-6.701755236779316,-6.796793882198738,0.09503864541942253
429.2,-6.775159346728147,-6.8229141657548364,0.04775481902668943
429.3,-6.863778092306109,-6.850877589856727,-0.012900502449382678
429.4,-6.952396837884021,-6.880598411153481,-0.07179842673054004
429.5,-7.018946192824393,-6.911986423384075,-0.10695976944031749
429.6,-7.0788103263792665,-6.944947362176061,-0.13386296420320587
429.7,-7.138674459934107,-6.979383320027537,-0.1592911399065695
429.8,-7.1289077132479495,-7.015193169367103,-0.1137145438808469
429.9,-7.110914136268273,-7.052272991609613,-0.05864114465865988
430.0,-7.093689928965281,-7.09051651015412,-0.003173418811161177
430.1,-7.249961061570375,-7.1298155252992546,-0.12014553627112079
430.2,-7.406232194175381,-7.170060349076201,-0.23617184509917966
430.3,-7.561104229822827,-7.2111402380202,-0.3499639918026265
430.4,-7.703272681803745,-7.25294382192504,-0.45032885987870497
430.5,-7.845441133784744,-7.295359526661578,-0.5500816071231664
430.6,-7.980618468239446,-7.338275989199548,-0.6423424790398977
430.7,-8.08397659484369,-7.381582463055286,-0.7023941317884042
430.8,-8.187334721447993,-7.42516921249632,-0.7621655089516732
430.9,-8.244134938886557,-7.468927893965111,-0.7752070449214461
431.0,-8.160198209732004,-7.512751923335448,-0.6474462863965558
431.1,-8.07626148057745,-7.5565368277810485,-0.5197246527964019
431.2,-8.011576663026343,-7.6001805812087575,-0.41139608181758547
431.3,-7.990577688305292,-7.643583922376868,-0.3469937659284241
431.4,-7.969578713584253,-7.686650654971308,-0.2829280586129457
431.5,-7.964234144734085,-7.7292879290422265,-0.23494621569185892
431.6,-7.98753637007802,-7.771406503310463,-0.21612986676755686
431.7,-8.010838595421943,-7.812920987941087,-0.1979176074808553
431.8,-8.051826087716066,-7.8537500674540395,-0.1980760202620262
431.9,-8.120212456628268,-7.893816703503981,-0.2263957531242875
432.0,-8.18859882554051,-7.933048317316737,-0.2555505082237728
432.1,-8.241536465530228,-7.971376951621943,-0.2701595139082844
432.2,-8.27347379570845,-8.008739411974215,-0.2647343837342344
432.3,-8.305411125886689,-8.045077387411025,-0.2603337384756639
432.4,-8.3380783088013,-8.080337550455196,-0.2577407583461042
432.5,-8.371640172498559,-8.1144716365325,-0.25716853596605915
432.6,-8.405202036195815,-8.147436502938543,-0.25776553325727214
432.7,-8.445827892883633,-8.179194167552696,-0.2666337253309372
432.8,-8.49442923104575,-8.20971182756008,-0.2847174034856703
432.9,-8.543030569207836,-8.23896185850599,-0.3040687107018467
433.0,-8.581188845340236,-8.266921794071509,-0.3142670512687271
433.1,-8.60831300092844,-8.293574287025535,-0.314738713902905
433.2,-8.635437156516629,-8.318907051878,-0.31653010463862863
433.3,-8.623566740287597,-8.342912789831542,-0.28065395045605435
433.4,-8.57269734887317,-8.365589096703452,-0.20710825216971784
433.5,-8.521827957458713,-8.386938354563949,-0.1348896028947646
433.6,-8.503166098048904,-8.406967607907239,-0.09619849014166526
433.7,-8.515210966840788,-8.425688425233913,-0.08952254160687545
433.8,-8.52725583563268,-8.443116746973546,-0.08413908865913378
433.9,-8.521272993519618,-8.459272720714825,-0.062000272804793255
434.0,-8.498854824873723,-8.47418052473959,-0.02467430013413363
434.1,-8.476436656227825,-8.487868180879973,0.011431524652147473
434.2,-8.48585725046318,-8.500367357735856,0.014510107272675654
434.3,-8.523011423842535,-8.511713165302636,-0.011298258539898853
434.4,-8.560165597221868,-8.521943942066363,-0.03822165515550502
434.5,-8.555384505115523,-8.531101035626115,-0.02428346948940785
434.6,-8.515861133499797,-8.539228577904854,0.023367444405057114
434.7,-8.476337761884094,-8.546373256012403,0.07003549412830878
434.8,-8.460881912364957,-8.552584079826897,0.09170216746193915
434.9,-8.464234514463712,-8.55791214736102,0.09367763289730746
435.0,-8.46758711656247,-8.5624104089732,0.09482329241073018
435.1,-8.424526465233754,-8.566133431470698,0.14160696623694413
435.2,-8.34765858280482,-8.569137163132526,0.2214785803277053
435.3,-8.270790700375843,-8.571478700656154,0.30068800028031184
435.4,-8.272442618169796,-8.573216059001675,0.30077344083187896
435.5,-8.32656475081868,-8.574407945066985,0.24784319424830592
435.6,-8.380686883467563,-8.575113536075856,0.19442665260829273
435.7,-8.35892895994999,-8.575392263500019,0.21646330355002874
435.8,-8.291580818187368,-8.575303603272985,0.283722785085617
435.9,-8.224232676424784,-8.574906872992338,0.35067419656755483
436.0,-8.16033440072333,-8.574261036748451,0.4139266360251206
436.1,-8.098252939630862,-8.5734245181555,0.47517157852463754
436.2,-8.036171478538428,-8.57245502208912,0.5362835435506916
436.3,-8.06654749059089,-8.571409365549764,0.5048618749588734
436.4,-8.13823198977409,-8.570343317971357,0.4321113281972675
436.5,-8.20991648895733,-8.569311451183772,0.3593949622264425
436.6,-8.298887802978284,-8.568366999121283,0.2694791961429992
436.7,-8.39413073153552,-8.567561727256003,0.17343099572048182
436.8,-8.489373660092813,-8.566945811633591,0.07757215154077812
436.9,-8.557388480280009,-8.566567727304045,0.009179247024036385
437.0,-8.617876606625684,-8.566474145876088,-0.0514024607495962
437.1,-8.67836473297136,-8.566709841880538,-0.11165489109082216
437.2,-8.721232169827289,-8.567317607605192,-0.15391456222209676
437.3,-8.760760953739387,-8.568338176059065,-0.19242277768032245
437.4,-8.800289737651463,-8.569810151734847,-0.23047958591661555
437.5,-8.752281248894066,-8.571769948862888,-0.18051130003117777
437.6,-8.695205209810704,-8.57425173688528,-0.12095347292542336
437.7,-8.638129170727373,-8.577287392921086,-0.060841777806286856
437.8,-8.596673185820967,-8.580906461037666,-0.0157667247833011
437.9,-8.555532459095335,-8.585136118181895,0.029603659086559375
438.0,-8.51595327681038,-8.590001146653886,0.07404786984350586
438.1,-8.499443102700566,-8.595523913022442,0.09608081032187599
438.2,-8.482932928590763,-8.601724353386176,0.11879142479541294
438.3,-8.461834490350554,-8.60861996487831,0.14678547452775526
438.4,-8.415931292140153,-8.616225803297992,0.20029451115783914
438.5,-8.370028093929724,-8.624554486728078,0.2545263927983541
438.6,-8.362164082451729,-8.63361620496872,0.27145212251699036
438.7,-8.463301304861346,-8.643418734577178,0.1801174297158319
438.8,-8.564438527271022,-8.653967459256911,0.08952893198588896
438.9,-8.647114991106497,-8.665265395286474,0.01815040417997693
439.0,-8.698564053954941,-8.677313221628506,-0.021250832326435543
439.1,-8.750013116803386,-8.690109314319104,-0.059903802484281954
439.2,-8.778417658033005,-8.703649784713123,-0.07476787331988177
439.3,-8.78330279519672,-8.717928521151212,-0.06537427404550833
439.4,-8.788187932360431,-8.732937233616525,-0.05525069874390631
439.5,-8.886073543820084,-8.748665500959186,-0.1374080428608977
439.6,-9.038797859256995,-8.76510082028127,-0.2736970389757243
439.7,-9.19152217469382,-8.782228658094294,-0.40929351659952573
439.8,-9.079243266984392,-8.800032502888774,-0.27921076409561785
439.9,-8.889695809290094,-8.818493918797577,-0.07120189049251735
440.0,-8.700148351595688,-8.83759260009203,0.13744424849634207
440.1,-8.825333126301246,-8.857306426311434,0.031973300010188055
440.2,-8.973977260533035,-8.877611517875367,-0.0963657426576674
440.3,-9.106744637834973,-8.898482292053696,-0.2082623457812769
440.4,-9.093982365482146,-8.919891519177247,-0.17409084630489957
440.5,-9.081220093129312,-8.941810378979211,-0.1394097141501014
440.6,-9.087412393156121,-8.964208516976125,-0.12320387617999629
440.7,-9.142942378132915,-8.987054100828486,-0.15588827730442922
440.8,-9.19847236310974,-9.01031387665806,-0.18815848645168032
440.9,-9.211263015103448,-9.03395322533605,-0.17730978976739742
441.0,-9.175519915412227,-9.05793621879301,-0.11758369661921719
441.1,-9.139776815721007,-9.082225676439254,-0.057551139281752484
441.2,-9.126074755755846,-9.106783221822958,-0.019291533932888072
441.3,-9.123203463859518,-9.131569339688044,0.00836587582852566
441.4,-9.120332171963192,-9.156543433621085,0.036211261657893346
441.5,-9.13370429529004,-9.181663884493336,0.04795958920329646
441.6,-9.149201409663277,-9.206888109911137,0.057686700247860045
441.7,-9.168275257616187,-9.232172624887383,0.06389736727119555
441.8,-9.216406028137717,-9.257473103940224,0.04106707580250735
441.9,-9.264536798659218,-9.282744444815043,0.018207646155824264
442.0,-9.300278345825282,-9.307940834013584,0.0076624881883020635
442.1,-9.312632881684431,-9.333015814302568,0.020382932618137062
442.2,-9.324987417543575,-9.35792235436461,0.032934936821035876
442.3,-9.328696512463708,-9.382612920747466,0.05391640828375799
442.4,-9.32650309299811,-9.407039552262065,0.08053645926395525
442.5,-9.324309673532508,-9.43115393697325,0.10684426344074183
442.6,-9.322116254066907,-9.454907491917496,0.13279123785058822
442.7,-9.319922834601307,-9.478251445667677,0.15832861106636997
442.8,-9.323625248778786,-9.501136923845014,0.17751167506622778
442.9,-9.36922473270576,-9.523515037652487,0.15429030494672702
443.0,-9.414824216632757,-9.545336975472376,0.13051275883961821
443.1,-9.448413366849008,-9.56655409753478,0.1181407306857718
443.2,-9.46428673700071,-9.587118033626627,0.12283129662591641
443.3,-9.480160107152422,-9.606980783774393,0.12682067662197127
443.4,-9.523374938149185,-9.626094821800217,0.1027198836510319
443.5,-9.578583244742012,-9.644413201619862,0.06582995687785065
443.6,-9.633791551334838,-9.661889666121654,0.028098114786816453
443.7,-9.628072644163796,-9.678478758438805,0.05040611427500963
443.8,-9.622122823734795,-9.69413593540487,0.07201311167007418
443.9,-9.616139199188318,-9.708817682964364,0.09267848377604615
444.0,-9.61007929184487,-9.722481633295985,0.11240234145111394
444.1,-9.612950698194808,-9.73508668339101,0.12213598519620206
444.2,-9.6620836095613,-9.74659311481176,0.08450950525046075
444.3,-9.71121652092782,-9.75696271433341,0.04574619340558961
444.4,-9.687755787548863,-9.7661588951485,0.07840310759963742
444.5,-9.57729909207072,-9.774146818289848,0.1968477262191275
444.6,-9.466842396592579,-9.780893513905282,0.31405111731270274
444.7,-9.532942681006903,-9.786368001993853,0.2534253209869508
444.8,-9.658545612319813,-9.79054141218133,0.13199579986151733
444.9,-9.77797029127347,-9.793387102068992,0.015416810795523261
445.0,-9.752849705010888,-9.794880773638676,0.042031068627787604
445.1,-9.727729118748305,-9.795000587149671,0.06727146840136555
445.2,-9.727659531094496,-9.793727271928361,0.06606774083386568
445.3,-9.777531283233456,-9.791044233429528,0.013512950196071571
445.4,-9.827403035372388,-9.78693765593349,-0.040465379438897386
445.5,-9.874031476213869,-9.781396600231407,-0.092634875982462
445.6,-9.918731342945817,-9.774413095642867,-0.14431824730294984
445.7,-9.963431209677738,-9.76598222570932,-0.19744898396841748
445.8,-9.958161917465686,-9.756102206916985,-0.20205971054870098
445.9,-9.948556987424114,-9.744774459825011,-0.20378252759910254
446.0,-9.94052739785751,-9.732003672007712,-0.20852372584979761
446.1,-9.938310875540223,-9.717797852261315,-0.2205130232789081
446.2,-9.936094353222938,-9.702168375572564,-0.23392597765037415
446.3,-9.94042381728936,-9.685130018396244,-0.255293798893117
446.4,-9.951137008489573,-9.66670098384072,-0.2844360246488531
446.5,-9.961850199689792,-9.646902916415213,-0.314947283274579
446.6,-9.893282323110066,-9.625760906051012,-0.2675214170590543
446.7,-9.804811295279194,-9.603303481171695,-0.20150781410749907
446.8,-9.71634026744827,-9.579562590653673,-0.13677767679459762
446.9,-9.66137401277952,-9.554573574584024,-0.10680043819549567
447.0,-9.665157313311763,-9.52837512378227,-0.13678218952949273
447.1,-9.668940613844008,-9.501009228102527,-0.1679313857414808
447.2,-9.672723914376249,-9.472521113572931,-0.20020280080331787
447.3,-9.595571486250966,-9.442959168464741,-0.1526123177862253
447.4,-9.512047851423794,-9.412374858419287,-0.09967299300450705
447.5,-9.428524216596575,-9.380822630799058,-0.047701585797517154
447.6,-9.335286433895892,-9.348359808467176,0.013073374571284546
447.7,-9.231973227053919,-9.315046473232375,0.08307324617845602
447.8,-9.128660020211887,-9.28094533921952,0.15228531900763187
447.9,-9.033054256550088,-9.246121616435689,0.213067359885601
448.0,-9.070596238754657,-9.210642864797242,0.14004662604258478
448.1,-9.108138220959226,-9.174578838864345,0.06644061790511913
448.2,-9.145680203163774,-9.138001323499406,-0.00767887966436831
448.3,-9.217425404127926,-9.100983960632208,-0.11644144349571839
448.4,-9.310261778726785,-9.063602067286968,-0.24665971143981658
448.5,-9.403098153325695,-9.02593244501346,-0.3771657083122353
448.6,-9.477460497461399,-8.988053180871947,-0.48940731658945147
448.7,-9.469020827043321,-8.95004344015422,-0.5189773868891017
448.8,-9.46058115662524,-8.911983251082777,-0.5485979055424632
448.9,-9.452141486207164,-8.873953281816222,-0.5781882043909423
449.0,-9.411776537202712,-8.836034610196299,-0.5757419270064137
449.1,-9.360556468458494,-8.798308486794156,-0.5622479816643384
449.2,-9.309336399714304,-8.760856091944763,-0.548480307769541
449.3,-9.227251474105142,-8.723758287594297,-0.5034931865108447
449.4,-9.07650149905122,-8.687095364922284,-0.38940613412893654
449.5,-8.925751523997214,-8.650946788834322,-0.27480473516289194
449.6,-8.775001548943209,-8.615390940547366,-0.15961060839584285
449.7,-8.673593648533053,-8.580504859601621,-0.09308878893143202
449.8,-8.579302158344818,-8.5463639867249,-0.032938171619917966
449.9,-8.485010668156637,-8.51304190904365,0.02803124088701381
450.0,-8.381927891795012,-8.480610109180443,0.0986822173854307
450.1,-8.267555806474116,-8.449137719803208,0.1815819133290919
450.2,-8.153183721153283,-8.418691285199637,0.265507564046354
450.3,-8.03881259442866,-8.389334531441559,0.3505219370128998
450.4,-7.925022555343556,-8.361128146677954,0.43610559133439786
450.5,-7.811232516258389,-8.334129573050186,0.5228970567917965
450.6,-7.697442477173222,-8.308392811658067,0.6109503344848441
450.7,-7.653924583705441,-8.283968241919775,0.6300436582143334
450.8,-7.664401415948577,-8.26090245656297,0.5965010406143936
450.9,-7.674878248191707,-8.239238113360404,0.5643598651686972
451.0,-7.673987461231443,-8.219013804585972,0.5450263433545288
451.1,-7.596575311879385,-8.200263945023556,0.6036886331441709
451.2,-7.519163162527372,-8.183018679217234,0.6638555166898623
451.3,-7.441751013175314,-8.167303808509246,0.7255527953339316
451.4,-7.470249001014163,-8.153140738268492,0.6828917372543293
451.5,-7.545623988541179,-8.140546445562471,0.5949224570212923
451.6,-7.620998976068194,-8.129533467367931,0.5085344912997369
451.7,-7.673633867329025,-8.120109909254564,0.44647604192553914
451.8,-7.660537827025106,-8.11227947432003,0.4517416472949236
451.9,-7.647441786721194,-8.106041512010835,0.4585997252896412
452.0,-7.634345746417274,-8.1013910863339,0.4670453399166252
452.1,-7.667834312955483,-8.098319062844833,0.4304847498893505
452.2,-7.71148778063519,-8.096812213685862,0.38532443305067154
452.3,-7.755141248314922,-8.09685333983576,0.34171209152083915
452.4,-7.775429426542604,-8.098421409626633,0.3229919830840293
452.5,-7.768694885969919,-8.101491712480316,0.3327968265103971
452.6,-7.818303820468354,-8.106036026722622,0.287732206254268
452.7,-7.912320173705104,-8.112022800246438,0.19970262654133375
452.8,-7.994065498865542,-8.119417342713964,0.12535184384842246
452.9,-8.057130623963593,-8.12818202791491,0.07105140395131748
453.0,-8.112513111803983,-8.138276504834412,0.02576339303042907
453.1,-8.186639855927375,-8.14965791593548,-0.03698193999189492
453.2,-8.277725112711336,-8.162281121127185,-0.11544399158415075
453.3,-8.358694602424583,-8.17609892587122,-0.18259567655336362
453.4,-8.398009469968873,-8.191062311875472,-0.20694715809340103
453.5,-8.41619665210919,-8.207120668834108,-0.20907598327508303
453.6,-8.460035343963176,-8.224222025699007,-0.23581331826416907
453.7,-8.52818824796313,-8.24231328000508,-0.28587496795804945
453.8,-8.588627138352003,-8.261340423818785,-0.32728671453321745
453.9,-8.656433711526203,-8.28124876493287,-0.37518494659333257
454.0,-8.745612511441086,-8.301983141991473,-0.4436293694496136
454.1,-8.83134451008137,-8.323488132299913,-0.507856377781458
454.2,-8.889962730872806,-8.345708251154798,-0.544254479718008
454.3,-8.90803375007907,-8.368588141623906,-0.5394456084551642
454.4,-8.840605876972706,-8.39207275381205,-0.4485331231606562
454.5,-8.891664253574616,-8.416107512766578,-0.4755567408080381
454.6,-8.977830458160557,-8.440638474299266,-0.5371919838612911
454.7,-9.059350869542707,-8.465612468124728,-0.5937384014179781
454.8,-8.882443331500099,-8.490977227837458,-0.39146610366264056
454.9,-8.911170903079732,-8.516681507371912,-0.3944893957078204
455.0,-9.012805106361352,-8.542675183713259,-0.47012992264809306
455.1,-9.0526818055103,-8.56890934574659,-0.48377245976370986
455.2,-9.059323500423567,-8.595336369246064,-0.4639871311775021
455.3,-9.077992163479689,-8.621909978114896,-0.4560821853647923
455.4,-9.109603311058814,-8.648585292096877,-0.46101801896193706
455.5,-9.125309087330281,-8.675318861292265,-0.4499902260380164
455.6,-9.107697162250478,-8.70206868792383,-0.4056284743266474
455.7,-9.08399727330311,-8.728794235910735,-0.3552030373923749
455.8,-9.010388458225979,-8.755456428917189,-0.2549320293087902
455.9,-8.936779643148888,-8.78201763764658,-0.1547620055023078
456.0,-8.869632587279423,-8.808441657245968,-0.06119093003345455
456.1,-8.803249177363218,-8.834693675765113,0.03144449840189445
456.2,-8.748840155675394,-8.860740234674383,0.11190007899898902
456.3,-8.700068670839013,-8.886549182484048,0.1864805116450352
456.4,-8.663909860445623,-8.912089622523437,0.24817976207781456
456.5,-8.642233644962781,-8.937331855932856,0.2950982109700746
456.6,-8.639606426300146,-8.96224732089601,0.32264089459586387
456.7,-8.693796965007207,-8.986808529098255,0.29301156409104756
456.8,-8.746811564016673,-9.010989000339551,0.2641774363228784
456.9,-8.768939367322055,-9.034763196165049,0.2658238288429935
457.0,-8.79106717062745,-9.05810645330594,0.26703928267849086
457.1,-8.712565628304231,-9.080994917653074,0.36842928934884256
457.2,-8.612313131696146,-9.10340547941695,0.49109234772080335
457.3,-8.708878313655097,-9.12531571005728,0.41643739640218236
457.4,-8.93241428582172,-9.14670380148766,0.214289515665941
457.5,-9.14582265252313,-9.167548507973857,0.02172585545072714
457.6,-9.343618118804011,-9.18782909105461,-0.1557890277494014
457.7,-9.498884941809449,-9.207525267737292,-0.29135967407215624
457.8,-9.459145213424238,-9.226617162173614,-0.2325280512506236
457.9,-9.41940548503905,-9.245085261010527,-0.17432022402852354
458.0,-9.492054788282333,-9.262910372634583,-0.22914441564775068
458.1,-9.568824718117378,-9.280073590572185,-0.2887511275451935
458.2,-9.476198624562997,-9.296556261360701,-0.1796423632022961
458.3,-9.32717464311846,-9.312339957259608,-0.01483468585885106
458.4,-9.289939735330389,-9.327406454224182,0.037466718893792716
458.5,-9.34954932790819,-9.3417377156121,-0.007811612296089621
458.6,-9.380275396419991,-9.355315882128162,-0.02495951429182952
458.7,-9.35001901230855,-9.368123268530885,0.018104256222335025
458.8,-9.302512751575609,-9.380142367631102,0.07762961605549279
458.9,-9.111039514810614,-9.391355862113242,0.28031634730262844
459.0,-8.919566278045512,-9.401746644705725,0.4821803666602129
459.1,-8.839343797428082,-9.4112978472111,0.5719540497830184
459.2,-8.772508799689374,-9.419992878868438,0.6474840791790637
459.3,-8.728949417165172,-9.427815474450792,0.6988660572856205
459.4,-8.696435093940936,-9.434749752397682,0.7383146584567459
459.5,-8.5186294155498,-9.440780283150978,0.9221508676011787
459.6,-8.24340375227134,-9.445892167708969,1.2024884154376299
459.7,-7.441127804227794,-9.450071126238132,2.008943322010338
459.8,-8.461737285213346,-9.453303596376347,0.9915663111630018
459.9,-8.720064854089546,-9.455576840610583,0.7355119865210362
460.0,-8.962356037493864,-9.4568790618178,0.4945230243239358
460.1,-9.292905056183491,-9.457199525752774,0.16429446956928295
460.2,-9.582648577649888,-9.456528689000203,-0.1261198886496846
460.3,-9.64792213101051,-9.454858330713598,-0.19306380029691184
460.4,-9.687705085698248,-9.452181686344716,-0.23552339935353217
460.5,-9.736624505071054,-9.448493581514967,-0.2881309235560874
460.6,-9.812530133320433,-9.443790564179194,-0.36873956914123873
460.7,-9.857901480128826,-9.438071033266418,-0.41983044686240767
460.8,-9.9326190016906,-9.431335362038594,-0.5012836396520068
460.9,-9.883238106633502,-9.423586014481184,-0.45965209215231795
461.0,-9.851777919822451,-9.414827653126766,-0.4369502666956855
461.1,-9.983154594443993,-9.405067236812943,-0.5780873576310501
461.2,-10.037716642197273,-9.394314106985027,-0.6434025352122461
461.3,-10.089447750016745,-9.382580061269671,-0.7068676887470744
461.4,-10.011698131706872,-9.369879413170167,-0.6418187185367046
461.5,-9.878202356911935,-9.356229036870772,-0.5219733200411625
461.6,-9.934427873695407,-9.341648396286011,-0.5927794774093957
461.7,-9.990653390478847,-9.326159557644646,-0.6644938328342018
461.8,-10.04687890726232,-9.309787185049693,-0.737091722212627
461.9,-10.045058005341614,-9.292558518604775,-0.7524994867368395
462.0,-10.00558655669059,-9.274503334848845,-0.7310832218417449
462.1,-9.966115108039567,-9.255653889402224,-0.7104612186373434
462.2,-9.912568398176107,-9.236044841897348,-0.6765235562787595
462.3,-9.70756817443459,-9.215713163443205,-0.49185501099138484
462.4,-9.777708622001564,-9.194698027046647,-0.5830105949549171
462.5,-9.832202122187581,-9.173040681580519,-0.6591614406070629
462.6,-9.773652863277428,-9.150784310044704,-0.622868553232724
462.7,-9.600935519402386,-9.12797387301397,-0.4729616463884163
462.8,-9.398119615188007,-9.104655938311273,-0.29346367687673336
462.9,-9.443165224192414,-9.08087849808742,-0.362286726104994
463.0,-9.28530098858919,-9.056690774620456,-0.22861021396873404
463.1,-9.07637631107935,-9.032143016262411,-0.04423329481693905
463.2,-8.726015899988157,-9.00728628505335,0.2812703850651932
463.3,-8.688809833219189,-8.982172237591389,0.29336240437219985
463.4,-8.619392421106582,-8.956852900786123,0.3374604796795406
463.5,-8.683696010571724,-8.931380444124821,0.247684433553097
463.6,-8.581700635553121,-8.905806950046667,0.3241063144935463
463.7,-8.500985759068785,-8.880184183961648,0.3791984248928628
463.8,-8.572589669279168,-8.854563365380677,0.2819736961015096
463.9,-8.487105377085891,-8.828994941549329,0.3418895644634379
464.0,-8.489258999876057,-8.80352836490064,0.31426936502458247
464.1,-8.392314823136566,-8.778211875563642,0.38589705242707595
464.2,-8.308781542484951,-8.753092290084455,0.44431074759950384
464.3,-8.393976293614552,-8.728214797435486,0.33423850382093434
464.4,-8.403003623725267,-8.70362276330322,0.30061913957795383
464.5,-8.411807728382671,-8.679357543555913,0.2675498151732416
464.6,-8.412646572301243,-8.655458307702972,0.2428117354017285
464.7,-8.411021283386335,-8.631961873073768,0.22094058968743369
464.8,-8.50373188749536,-8.608902550368166,0.10517066287280663
464.9,-8.489505033389003,-8.586312001164847,0.0968069677758443
465.0,-8.434211387967432,-8.564219107916738,0.13000771994930638
465.1,-8.37339023419942,-8.542649856916064,0.16925962271664474
465.2,-8.491265861414657,-8.521627234674096,0.03036137325943855
465.3,-8.459481702513314,-8.50117113812888,0.041689435615566595
465.4,-8.461610082416499,-8.481298299065603,0.019688216649104362
465.5,-8.371799912792364,-8.462022223109416,0.09022231031705275
465.6,-8.380429683985238,-8.443353143631784,0.06292345964654622
465.7,-8.327897183318685,-8.425297990897358,0.09740080757867275
465.8,-8.247278478000517,-8.4078603767653,0.16058189876478224
465.9,-8.321045142142177,-8.391040595243124,0.06999545310094746
466.0,-8.20697918002529,-8.374835639171161,0.167856459145872
466.1,-8.080588883601397,-8.359239233291294,0.2786503496898973
466.2,-7.819817132836723,-8.3442418839246,0.5244247510878761
466.3,-7.662699342685605,-8.329830945445092,0.6671316027594871
466.4,-7.503379615909783,-8.315990703682152,0.8126110877723685
466.5,-7.516224287718283,-8.302702476300906,0.7864781885826231
466.6,-7.602409471914448,-8.289944730091053,0.687535258176605
466.7,-7.609751458235428,-8.277693214943387,0.6679417567079584
466.8,-7.72093257995318,-8.265921114121557,0.5449885341683771
466.9,-7.792150074600571,-8.25459921025989,0.4624491356593188
467.0,-7.820009331622048,-8.243696066349163,0.4236867347271147
467.1,-7.854734368629662,-8.233178220818404,0.37844385218874255
467.2,-7.900343676320861,-8.223010395684744,0.322666719363883
467.3,-7.8453957918192945,-8.213155716624248,0.3677599248049539
467.4,-8.066377822635157,-8.203575943711892,0.13719812107673413
467.5,-8.1220213208396,-8.194231711485866,0.07221039064626567
467.6,-8.24255633274068,-8.185082776910669,-0.057473555830011236
467.7,-8.340102197556801,-8.176088273749356,-0.1640139238074454
467.8,-8.397060231796424,-8.16720697181393,-0.22985325998249273
467.9,-8.402020249671626,-8.158397539547467,-0.24362271012415881
468.0,-8.384126066880743,-8.149618808401733,-0.23450725847900955
468.1,-8.306643657330767,-8.140830037505474,-0.1658136198252933
468.2,-8.30328617358999,-8.131991177163986,-0.17129499642600443
468.3,-8.299994659367023,-8.123063129782269,-0.17693152958475444
468.4,-8.169434353153402,-8.114008006854815,-0.05542634629858689
468.5,-8.233332495983843,-8.104789380711441,-0.12854311527240192
468.6,-8.237747897300249,-8.095372529749115,-0.1423753675511339
468.7,-8.272942327862767,-8.085724675914742,-0.18721765194802487
468.8,-8.379411964434453,-8.075815213235373,-0.3035967511990805
468.9,-8.333908516326424,-8.065615926225128,-0.26829259010129647
469.0,-8.39245730126582,-8.05510119703788,-0.3373561042279398
469.1,-8.336146946139555,-8.044248200284951,-0.2918987458546045
469.2,-8.317330922297264,-8.033037084497886,-0.2842938377993782
469.3,-8.270269105488309,-8.021451139284755,-0.24881796620355345
469.4,-8.335912195235117,-8.009476947300131,-0.32643524793498635
469.5,-8.392639906027611,-7.99710452022063,-0.3955353858069808
469.6,-8.37413216515099,-7.984327417988992,-0.389804747161997
469.7,-8.308142297566892,-7.971142850663216,-0.33699944690367634
469.8,-8.291356503172981,-7.957551762286721,-0.33380474088625967
469.9,-8.287265421382775,-7.943558896280932,-0.34370652510184385
470.0,-8.253784156167912,-7.9291728419493035,-0.32461131421860845
470.1,-8.28043491822064,-7.914406061768077,-0.3660288564525631
470.2,-8.179847933152834,-7.899274899222922,-0.28057303392991173
470.3,-8.200955952118493,-7.883799567033106,-0.31715638508538735
470.4,-8.194312099337788,-7.868004115686301,-0.3263079836514864
470.5,-8.117920804743113,-7.851916382286928,-0.2660044224561853
470.6,-8.10565911648896,-7.835567919798585,-0.27009119669037496
470.7,-8.17438045141956,-7.818993906836624,-0.3553865445829363
470.8,-8.229156111658938,-7.802233038240536,-0.4269230734184015
470.9,-8.157609300053323,-7.7853273967293735,-0.37228190332394995
471.0,-8.333053810528561,-7.768322306020596,-0.5647315045079653
471.1,-8.209921850073998,-7.751266165878077,-0.4586556841959215
471.2,-8.18777194981038,-7.7342102696506725,-0.4535616801597069
471.3,-8.198826253391152,-7.717208604968318,-0.4816176484228336
471.4,-8.08114795827639,-7.700317638374907,-0.38083031990148264
471.5,-8.08224477441142,-7.683596084791619,-0.39864868961980093
471.6,-7.944576926355008,-7.667104662816417,-0.27747226353859133
471.7,-7.960400241944403,-7.650905836971801,-0.30949440497260206
471.8,-7.931068430036788,-7.635063548111354,-0.29600488192543395
471.9,-7.931537689361666,-7.619642933284714,-0.31189475607695183
472.0,-7.976621872505742,-7.604710036441682,-0.37191183606405964
472.1,-7.943621923039084,-7.590331511432785,-0.3532904116062987
472.2,-7.995783453400701,-7.5765743188402,-0.4192091345605009
472.3,-7.922739313567585,-7.563505418253013,-0.3592338953145724
472.4,-7.854088741058365,-7.551191457685638,-0.3028972833727268
472.5,-7.848053642951232,-7.539698461926966,-0.3083551810242664
472.6,-7.837743177718493,-7.529091521696921,-0.3086516560215715
472.7,-7.670752114169734,-7.519434485572781,-0.15131762859695375
472.8,-7.5007261823144535,-7.5107896567268835,0.01006347441242994
472.9,-7.2099280041046745,-7.50321749658729,0.29328949248261527
473.0,-6.9979405011534155,-7.496776337586166,0.4988358364327503
473.1,-6.748560391606338,-7.491522107185256,0.7429617155789181
473.2,-6.565962679526174,-7.48750806535056,0.9215453858243858
473.3,-6.433230713106965,-7.484784557580589,1.0515538444736245
473.4,-6.373410105611092,-7.4833987854717074,1.1099886798606153
473.5,-6.2836738452487415,-7.4833945966335556,1.199720751384814
473.6,-6.271826045428496,-7.484812295555232,1.2129862501267352
473.7,-6.222461946389819,-7.487688476778345,1.2652265303885262
473.8,-6.199340152844588,-7.492055881465384,1.292715728620796
473.9,-6.231502625837161,-7.49794327816768,1.2664406523305196
474.0,-6.280440935074701,-7.505375368301494,1.2249344332267933
474.1,-6.29505884225557,-7.514372716537341,1.219313874281771
474.2,-6.352759706058918,-7.5249517060012145,1.1721919999422967
474.3,-6.495964346568089,-7.537124517881403,1.0411601713133143
474.4,-6.640522273341419,-7.550899134735384,0.9103768613939653
474.5,-6.791757835577767,-7.566279366502168,0.7745215309244013
474.6,-6.9998965863995934,-7.583264897952796,0.5833683115532029
474.7,-7.227957848641668,-7.601851356062957,0.3738935074212888
474.8,-7.331932527360663,-7.6220303955740105,0.2900978682133477
474.9,-7.539648643475004,-7.643789800827466,0.10414115735246199
475.0,-7.933245837612425,-7.667113601816353,-0.26613223579607226
475.1,-8.080996632565848,-7.691982202296589,-0.38901443026925886
475.2,-8.273546329118386,-7.718372517744916,-0.5551738113734697
475.3,-8.509895423321892,-7.746258120941957,-0.7636373023799345
475.4,-8.605205902726638,-7.775609393002095,-0.829596509724543
475.5,-8.708538793059848,-7.806393677763723,-0.9021451152961246
475.6,-8.847036689909068,-7.838575437587734,-1.008461252321334
475.7,-8.936486009723694,-7.8721164087817606,-1.0643696009419337
475.8,-8.915238084936295,-7.906975755065594,-1.0082623298707007
475.9,-8.869803717563897,-7.94311021771305,-0.9266934998508471
476.0,-8.882646373511031,-7.980474261240694,-0.9021721122703372
476.1,-8.949374775200775,-8.019020213755661,-0.9303545614451139
476.2,-9.005084950591549,-8.058698401314572,-0.9463865492769763
476.3,-8.78236048581241,-8.099457275878542,-0.6829032099338672
476.4,-8.432666948539401,-8.141243536674912,-0.29142341186448917
476.5,-8.493673989768821,-8.184002244990843,-0.30967174477797776
476.6,-8.703409618366,-8.22767693261551,-0.47573268575049
476.7,-8.599573511388163,-8.272209704303748,-0.32736380708441537
476.8,-8.50418973719066,-8.31754133475478,-0.1866484024358801
476.9,-8.549878083920321,-8.36361136069781,-0.18626672322251103
477.0,-8.48308907892831,-8.410358168762093,-0.07273091016621791
477.1,-8.480078843828991,-8.457719079882935,-0.022359763946056432
477.2,-8.477032121499349,-8.505630431052198,0.0285983095528497
477.3,-8.43465086926749,-8.554027655261049,0.11937678599355905
477.4,-8.41200751275778,-8.602845360504668,0.19083784774688795
477.5,-8.4346250028388,-8.65201740872439,0.21739240588559028
477.6,-8.397143450915394,-8.701476995552097,0.3043335446367035
477.7,-8.385549973276815,-8.751156731695007,0.3656067584181919
477.8,-8.368766538946936,-8.800988726756454,0.4322221878095185
477.9,-8.357556455008249,-8.850904676230575,0.4933482212223268
478.0,-8.380038937762116,-8.90083595233566,0.5207970145735441
478.1,-8.438462618480589,-8.950713699262442,0.5122510807818532
478.2,-8.466136924480836,-9.000468933310783,0.5343320088299475
478.3,-8.541040049689512,-9.050032648274144,0.5089925985846318
478.4,-8.652480999863595,-9.099335926309875,0.4468549264462798
478.5,-8.647327712533931,-9.148310054408789,0.5009823418748578
478.6,-8.606738522268802,-9.196886646453196,0.5901481241843936
478.7,-8.734579384257573,-9.244997770729979,0.5104183864724057
478.8,-8.761588655716839,-9.292576082643029,0.53098742692619
478.9,-8.757271957787825,-9.339554962244389,0.5822830044565634
479.0,-8.695957077174745,-9.385868656074813,0.6899115789000678
479.1,-9.531206144593256,-9.431452422672786,-0.09975372192046983
479.2,-9.555324860807968,-9.476242680979993,-0.07908217982797439
479.3,-9.595044757441904,-9.520177160752167,-0.07486759668973697
479.4,-9.576961948335077,-9.563195053996681,-0.01376689433839573
479.5,-9.569779277212618,-9.605237166414398,0.035457889201779835
479.6,-9.668267116217702,-9.646246067814634,-0.022021048403068733
479.7,-9.878867114202945,-9.686166240478343,-0.19270087372460232
479.8,-10.084651616271838,-9.724944224452166,-0.35970739181967204
479.9,-10.144635173737981,-9.76252875876653,-0.38210641497145126
480.0,-10.240080426091211,-9.79887091759471,-0.44120950849650065
480.1,-10.117056715161302,-9.833924240415996,-0.28313247474530634
480.2,-10.095697276536784,-9.867644855315119,-0.22805242122166547
480.3,-10.21998412189918,-9.899991594633065,-0.31999252726611616
480.4,-10.23040647217395,-9.930926102269105,-0.2994803699048454
480.5,-10.252205076866108,-9.960412932012545,-0.291792144853563
480.6,-10.294804157859186,-9.988419636355497,-0.30638452150368956
480.7,-10.319029249413353,-10.014916845309088,-0.30411240410426466
480.8,-10.311709625505456,-10.039878334817411,-0.2718312906880449
480.9,-10.29256785937694,-10.063281084436161,-0.22928677494077832
481.0,-10.220509313498145,-10.085105324014782,-0.13540398948336296
481.1,-10.291772898539945,-10.1053345691897,-0.18643832935024385
481.2,-10.227076054647034,-10.123955645558524,-0.10312040908850939
481.3,-10.249470921155877,-10.140958701458601,-0.10851221969727654
481.4,-10.23134576644168,-10.156337209317998,-0.07500855712368093
481.5,-10.327935502920106,-10.17008795558418,-0.1578475473359262
481.6,-10.476833221299298,-10.182211019267308,-0.29462220203198974
481.7,-10.27245323803748,-10.192709739164561,-0.07974349887291865
481.8,-10.477098991538229,-10.201590669864046,-0.2755083216741827
481.9,-10.340556942215793,-10.208863526665306,-0.13169341555048675
482.0,-10.277508885062993,-10.214541119597003,-0.0629677654659897
482.1,-10.381728555848618,-10.21863927675709,-0.16308927909152793
482.2,-10.441106586950967,-10.221176757242604,-0.21992982970836294
482.3,-10.446650714250332,-10.222175153973817,-0.22447556027651494
482.4,-10.358358405592565,-10.221658786753245,-0.13669961883931947
482.5,-10.369561177553177,-10.219654585938857,-0.14990659161431985
482.6,-10.423546195898007,-10.216191967153962,-0.20735422874404463
482.7,-10.30261599489969,-10.211302697500901,-0.0913132973987878
482.8,-10.419466248651354,-10.20502075378819,-0.21444549486316333
482.9,-10.335455767846925,-10.197382173321207,-0.13807359452571788
483.0,-10.524094588770536,-10.1884248978457,-0.3356696909248367
483.1,-10.506777234495168,-10.1781886112738,-0.3285886232213677
483.2,-10.423730294445521,-10.166714571867214,-0.2570157225783074
483.3,-10.310363399964999,-10.154045439605738,-0.15631796035926016
483.4,-10.24525120215298,-10.140225099531229,-0.1050261026217516
483.5,-10.257176715513419,-10.125298481921105,-0.13187823359231388
483.6,-10.012415727412801,-10.1093113802023,0.09689565278949885
483.7,-9.912105851918854,-10.092310267560329,0.18020441564147482
483.8,-9.881184000036281,-10.074342113226013,0.19315811318973175
483.9,-9.864116035792579,-10.055454199431603,0.19133816363902412
484.0,-9.846624799720255,-10.035693940016468,0.1890691402962137
484.1,-9.811954638410493,-10.015108701632789,0.20315406322229634
484.2,-9.777284477100752,-9.993745628460752,0.21646115136000077
484.3,-9.750361822660862,-9.971651471297015,0.2212896486361533
484.4,-9.732917796301878,-9.948872421832267,0.21595462553038836
484.5,-9.715473769942884,-9.925453952884142,0.20998018294125842
484.6,-9.649789548346604,-9.901440665300441,0.2516511169538376
484.7,-9.577242812239176,-9.876876142195007,0.2996333299558316
484.8,-9.531828232762722,-9.851802811124466,0.3199745783617445
484.9,-9.549371835845015,-9.82626181475676,0.27688997891174516
485.0,-9.56691543892732,-9.800292890519938,0.23337745159261836
485.1,-9.55813400132736,-9.7739342596525,0.21580025832513883
485.2,-9.53946074935069,-9.747222526008008,0.20776177665731765
485.3,-9.516493529463226,-9.720192584901106,0.20369905543788036
485.4,-9.469677718020053,-9.692877542221977,0.22319982420192375
485.5,-9.422861906576852,-9.66530864399095,0.24244673741409883
485.6,-9.399455728014773,-9.637515216472126,0.23805948845735259
485.7,-9.393121003649977,-9.609524616912092,0.21640361326211455
485.8,-9.38658933441057,-9.58136219491562,0.19477286050505072
485.9,-9.3309222158787,-9.553051264414844,0.2221290485361429
486.0,-9.275255097346802,-9.524613086133254,0.24935798878645166
486.1,-9.263571513813202,-9.496066860392075,0.23249534657887239
486.2,-9.310263402545495,-9.467429730053219,0.1571663275077242
486.3,-9.356955291277815,-9.438716793339342,0.08176150206152677
486.4,-9.326762173355338,-9.409941126218692,0.08317895286335464
486.5,-9.283572679349659,-9.381113813994856,0.09754113464519776
486.6,-9.253346679440298,-9.352243991702663,0.09889731226236442
486.7,-9.256272273112412,-9.323338892881598,0.06706661976918582
486.8,-9.259197866784527,-9.29440390627358,0.03520603948905254
486.9,-9.250104742717028,-9.265442639970097,0.015337897253068888
487.0,-9.236026365528307,-9.2364569925143,0.0004306269859934986
487.1,-9.221947988339586,-9.207447230448375,-0.01450075789121108
487.2,-9.207869611150874,-9.178412071786358,-0.02945753936451645
487.3,-9.193791233962154,-9.149348774887779,-0.04444245907437505
487.4,-9.17971285677344,-9.120253232206974,-0.059459624566466474
487.5,-9.16563447958472,-9.091120068396458,-0.07451441118826096
487.6,-9.151556102395999,-9.061942742249888,-0.08961336014611021
487.7,-9.094955351173144,-9.03271365198095,-0.06224169919219413
487.8,-9.03766045052211,-9.0034242433486,-0.034236207173508504
487.9,-8.987846802973044,-8.97406512015532,-0.013781682817723961
488.0,-8.948814701022542,-8.944626156661302,-0.004188544361239721
488.1,-8.90978259907204,-8.915096611471093,0.005314012399052714
488.2,-8.910483116965041,-8.885465242458611,-0.025017874506430005
488.3,-8.91901500159731,-8.855720422302012,-0.0632945792952988
488.4,-8.919026016928601,-8.825850254203264,-0.09317576272533756
488.5,-8.894918076224409,-8.795842687371701,-0.09907538885270739
488.6,-8.870810135520216,-8.765685631859121,-0.10512450366109505
488.7,-8.846702194816036,-8.735367072348026,-0.11133512246800947
488.8,-8.822594254111843,-8.704875180513772,-0.11771907359807088
488.9,-8.798486313407663,-8.674198425604452,-0.1242878878032112
489.0,-8.77437837270347,-8.643325682907735,-0.1310526897957356
489.1,-8.750270431999278,-8.612246339801027,-0.13802409219825051
489.2,-8.691941855914038,-8.580950399109957,-0.11099145680408107
489.3,-8.60424770749426,-8.549428579530224,-0.054819127964035985
489.4,-8.51655355907453,-8.517672412897939,0.0011188538234083723
489.5,-8.47149413964507,-8.485674338121479,0.014180198476408279
489.6,-8.428032232282504,-8.45342779160987,0.025395559327366257
489.7,-8.40345701610038,-8.4209272940465,0.01747027794612066
489.8,-8.408473478793864,-8.38816853336231,-0.0203049454315547
489.9,-8.413489941487347,-8.355148443762506,-0.05834149772484132
490.0,-8.383597496267758,-8.321865280658951,-0.061732215608806484
490.1,-8.345796524758104,-8.288318691360718,-0.057477833397385325
490.2,-8.30861551634197,-8.25450978138019,-0.05410573496178017
490.3,-8.273386972608746,-8.220441176221591,-0.05294579638715469
490.4,-8.238158428875542,-8.186117078531515,-0.05204135034402668
490.5,-8.19665898739189,-8.151543320504418,-0.04511566688747237
490.6,-8.152024703237487,-8.116727411449526,-0.035297291787960816
490.7,-8.108923073368109,-8.081678580438252,-0.027244492929856534
490.8,-8.08087305677158,-8.046407813963066,-0.03446524280851371
490.9,-8.052823040175067,-8.01092788854932,-0.04189515162574686
491.0,-8.008969952442943,-7.975253398270838,-0.03371655417210473
491.1,-7.950419300194174,-7.939400777128643,-0.011018523065530417
491.2,-7.8918686479454365,-7.903388316260493,0.011519668315056464
491.3,-7.856581449857671,-7.867236175956513,0.010654726098841216
491.4,-7.822678746647221,-7.830966392462092,0.00828764581487107
491.5,-7.799214710834752,-7.794602879552156,-0.004611831282596235
491.6,-7.793560067450595,-7.758171424861269,-0.03538864258932595
491.7,-7.78790542406644,-7.721699680953338,-0.06620574311310179
491.8,-7.738719800810153,-7.685217151115095,-0.05350264969505769
491.9,-7.678325888134163,-7.648755169861111,-0.029570718273051355
492.0,-7.6226130188448105,-7.612346878145613,-0.010266140699197734
492.1,-7.583405208385418,-7.576027193286405,-0.0073780150990128135
492.2,-7.544197397926047,-7.539832773616189,-0.004364624309857845
492.3,-7.500182248116803,-7.503801977884186,0.0036197297673830064
492.4,-7.453540277080537,-7.467974819435673,0.014434542355136415
492.5,-7.405499386636766,-7.432392915199334,0.026893528562568214
492.6,-7.3395251309813565,-7.397099429512722,0.05757429853136564
492.7,-7.273550875325984,-7.362139012814408,0.08858813748842387
492.8,-7.237123781991404,-7.327557735226724,0.09043395323532
492.9,-7.2304730355430245,-7.293403015044169,0.06292997950114465
493.0,-7.223822289094642,-7.259723542129281,0.035901253034639424
493.1,-7.218416415683817,-7.226569196201152,0.008152780517335145
493.2,-7.213113262759793,-7.193990959984968,-0.019122302774825073
493.3,-7.204044016557379,-7.162040827177147,-0.04200318938023173
493.4,-7.187964629748218,-7.130771705172225,-0.05719292457599323
493.5,-7.171885242939047,-7.1002373124953735,-0.07164793044367368
493.6,-7.1420218375026945,-7.070492070888142,-0.07152976661455224
493.7,-7.108160931858729,-7.041590992003807,-0.06656993985492132
493.8,-7.080578072002697,-7.013589558681511,-0.06698851332118583
493.9,-7.077967636085506,-6.986543600783602,-0.09142403530190446
494.0,-7.075357200168313,-6.960509165597157,-0.114848034571156
494.1,-7.080305914100162,-6.935542382818346,-0.14476353128181607
494.2,-7.089759216059029,-6.911699324157966,-0.17805989190106342
494.3,-7.099080960974994,-6.889035857630096,-0.210045103344898
494.4,-7.1060191922602325,-6.867607496614935,-0.23841169564529707
494.5,-7.112957423545475,-6.847469243822834,-0.2654881797226407
494.6,-7.092982009716911,-6.828675430329721,-0.26430657938719015
494.7,-7.0436171952144475,-6.811279549904423,-0.23233764531002432
494.8,-6.994252380711956,-6.795334088904546,-0.19891829180740928
494.9,-7.003254271532556,-6.780890352077041,-0.22236391945551492
495.0,-7.018474362035832,-6.767998284659064,-0.250476077376768
495.1,-7.0087726917125055,-6.75670629123203,-0.25206640048047557
495.2,-6.948340950781618,-6.747061051837312,-0.2012798989443061
495.3,-6.887909209850696,-6.739107335917627,-0.14880187393306965
495.4,-6.869252073800291,-6.732887814704059,-0.13636425909623195
495.5,-6.864141146913076,-6.728442872722285,-0.1356982741907915
495.6,-6.859468839203585,-6.7258104191397,-0.1336584200638855
495.7,-6.856783365217078,-6.725025699716621,-0.13175766550045687
495.8,-6.854097891230569,-6.726121110161184,-0.1279767810693846
495.9,-6.834764841355416,-6.729126011721301,-0.10563882963411508
496.0,-6.804632877913421,-6.734066549879412,-0.0705663280340092
496.1,-6.773881491378092,-6.740965477046681,-0.03291601433141089
496.2,-6.724544492958371,-6.749841980181275,0.025297487222903925
496.3,-6.675207494538621,-6.760711514278208,0.0855040197395871
496.4,-6.671387149312308,-6.773585642693494,0.10219849338118614
496.5,-6.721440238367343,-6.788471885270675,0.06703164690333185
496.6,-6.7714933274223785,-6.805373575232911,0.03388024781053289
496.7,-6.7452328611521315,-6.824289725790683,0.07905686463855144
496.8,-6.708925790100342,-6.845214907398258,0.13628911729791593
496.9,-6.680369377903367,-6.868139136574586,0.1877697586712186
497.0,-6.669115125080685,-6.893047777185591,0.22393265210490565
497.1,-6.657860872258002,-6.9199214550608925,0.26206058280289035
497.2,-6.68038382874552,-6.948735986784955,0.268352158039435
497.3,-6.715080007758387,-6.979462323459298,0.2643823157009111
497.4,-6.750307108631013,-7.012066510179827,0.2617594015488143
497.5,-6.7883053324841525,-7.046509661914267,0.2582043294301144
497.6,-6.826303556337292,-7.082747956402081,0.2564444000647894
497.7,-6.846190598024679,-7.120732644635435,0.27454204661075643
497.8,-6.853308310743951,-7.160410079415922,0.3071017686719708
497.9,-6.860116363611734,-7.201721762417659,0.34160539880592466
498.0,-6.841849685542551,-7.244604410121513,0.402754724578962
498.1,-6.823583007473367,-7.288990038915157,0.4654070314417904
498.2,-6.853393640969408,-7.334806069576622,0.48141242860721434
498.3,-6.94491623859213,-7.381975451272429,0.4370592126802988
498.4,-7.0364388362148,-7.430416805104576,0.393977968889776
498.5,-7.030796336629573,-7.4800445871357555,0.4492482505061828
498.6,-7.009808789639685,-7.530769270714007,0.5209604810743222
498.7,-7.018258149684829,-7.582497547810032,0.5642393981252027
498.8,-7.099016315723918,-7.635132548971496,0.5361162332475784
498.9,-7.179774481762961,-7.68857408138464,0.5087995996216792
499.0,-7.26053264780205,-7.742718884411947,0.48218623660989746
499.1,-7.341290813841138,-7.797460901847683,0.45617008800654446
499.2,-7.424741651247216,-7.852691570005849,0.42794991875863264
499.3,-7.52463321909784,-7.908300120631781,0.3836669015339407
499.4,-7.624524786948408,-7.964173897511368,0.3396491105629602
499.5,-7.708636256679586,-8.020198685541743,0.3115624288621568
499.6,-7.780669349527705,-8.076259050925119,0.2955897013974136
499.7,-7.852702442375783,-8.132238691053884,0.27953624867810056
499.8,-7.96427883560036,-8.188020792569874,0.2237419569695147
499.9,-8.076168320823488,-8.243488396002904,0.1673200751794166
500.0,-8.146417608994478,-8.29852476532274,0.15210715632826322
500.1,-8.158653880674162,-8.35301376067535,0.19435988000118698
500.2,-8.170890152353842,-8.406840212519233,0.23595006016539166
500.3,-8.439359062412487,-8.459890295329505,0.020531232917017306
500.4,-8.755347745315387,-8.512051898993377,-0.24329584632200962
500.5,-8.993187638256527,-8.563214995982426,-0.4299726422741017
500.6,-9.018945284470693,-8.613272002364395,-0.4056732821062976
500.7,-9.044702930684842,-8.662118130724801,-0.3825847999600409
500.8,-9.067152615260886,-8.709651733112693,-0.35750088214819264
500.9,-9.088150403043196,-8.755774632198877,-0.3323757708443189
501.0,-9.126934842945346,-8.800392438923687,-0.3265424040216587
501.1,-9.295323060064103,-8.84341485500254,-0.45190820506156193
501.2,-9.463711277182766,-8.884755958746434,-0.5789553184363321
501.3,-9.599150685549883,-8.924334472743894,-0.6748162128059896
501.4,-9.707235470673433,-8.962074012048506,-0.7451614586249278
501.5,-9.815320255797046,-8.997903311630834,-0.8174169441662116
501.6,-9.783645537473749,-9.031756431990516,-0.7518891054832331
501.7,-9.747958161898074,-9.063572941982722,-0.6843852199153524
501.8,-9.719321656176145,-9.09329807808737,-0.6260235780887751
501.9,-9.701359088385905,-9.12088287953,-0.5804762088559041
502.0,-9.683396520595654,-9.146284298840435,-0.5371122217552191
502.1,-9.699238872352437,-9.169465287602486,-0.5297735847499503
502.2,-9.722326441350436,-9.190394857302865,-0.5319315840475713
502.3,-9.732193613301956,-9.209048115331427,-0.5231454979705283
502.4,-9.702231902620563,-9.225406276321053,-0.47682562629950986
502.5,-9.672270191939152,-9.239456649146506,-0.43281354279264583
502.6,-9.641970050822735,-9.251192600028876,-0.39077745079385906
502.7,-9.611506899511628,-9.260613492314317,-0.35089340719731155
502.8,-9.584773824102916,-9.26772460361063,-0.31704922049228657
502.9,-9.59138056602231,-9.2725370210708,-0.3188435449515108
503.0,-9.597987307941711,-9.275067515708749,-0.3229197922329625
503.1,-9.58528671098517,-9.27533839672055,-0.30994831426462
503.2,-9.555210451330609,-9.27337734686654,-0.2818331044640683
503.3,-9.525134191676031,-9.269217240048446,-0.25591695162758477
503.4,-9.535464977473586,-9.262895942291868,-0.2725690351817178
503.5,-9.547831495754082,-9.254456097417723,-0.29337539833635873
503.6,-9.52284578884755,-9.243944898756288,-0.2789008900912613
503.7,-9.436329498562676,-9.231413848325147,-0.20491565023752933
503.8,-9.349813208277755,-9.216918504959109,-0.13289470331864628
503.9,-9.30499816545626,-9.200518222944886,-0.10447994251137338
504.0,-9.270384676262239,-9.182275882772329,-0.0881087934899103
504.1,-9.114816646844348,-9.162257615663167,0.047440968818818874
504.2,-8.55702083928064,-9.140532523574866,0.5835116842942263
504.3,-8.45910476734228,-9.117172396397459,0.6580676290551786
504.4,-8.361188695403976,-9.092251428054299,0.7310627326503223
504.5,-8.263272623465616,-9.065845933168179,0.8025733097025629
504.6,-8.234907996560624,-9.038034065854797,0.8031260692941729
504.7,-8.274174261966175,-9.008895542062982,0.7347212800968066
504.8,-8.31344052737175,-8.978511366711144,0.6650708393393945
504.9,-8.35448115107914,-8.946963566687058,0.5924824156079183
505.0,-8.492322877697868,-8.914334930594984,0.4220120528971165
505.1,-8.630164604316594,-8.88070875596024,0.25054415164364663
505.2,-8.768006330935242,-8.84616860444485,0.07816227350960858
505.3,-8.84982149046794,-8.810798065496911,-0.039023424971029286
505.4,-8.884483535528586,-8.774680528757525,-0.10980300677106136
505.5,-8.919145580589253,-8.737898965486291,-0.18124661510296214
505.6,-8.938384860788842,-8.700535719238076,-0.23784914155076642
505.7,-8.782642401392126,-8.66267230602432,-0.11997009536780645
505.8,-8.626899941995323,-8.624389224214056,-0.002510717781266436
505.9,-8.471157482598608,-8.585765774463768,0.11460829186516008
506.0,-8.354460396039585,-8.546879889999184,0.19241949395959956
506.1,-8.260400990098978,-8.507807977593902,0.24740698749492473
506.2,-8.166341584158424,-8.468624769590695,0.3022831854322714
506.3,-8.084017543859646,-8.429403187289575,0.3453856434299283
506.4,-8.04892982456141,-8.390214215984749,0.3412843914233381
506.5,-8.013842105263155,-8.351126791874801,0.3372846866116461
506.6,-7.9787543859649,-8.312207701000675,0.3334533150357748
506.7,-7.925499266216617,-8.27352149028877,0.3480222240721531
506.8,-7.867090108599936,-8.235130390695382,0.36804028209544537
506.9,-7.808680950983289,-8.197094252366082,0.3884133013827924
507.0,-7.783179728933407,-8.159470491639825,0.37629076270641804
507.1,-7.813232763700649,-8.122314049641611,0.3090812859409624
507.2,-7.843285798467874,-8.08567736211938,0.24239156365150638
507.3,-7.873338833235116,-8.049610340092942,0.17627150685782578
507.4,-7.931291124260331,-8.01416036079986,0.08286923653952893
507.5,-7.989871005917155,-7.979372268350896,-0.010498737566258853
507.6,-8.04845088757398,-7.945288383450245,-0.10316250412373495
507.7,-8.059741532976828,-7.9119485214964405,-0.14779301148038737
507.8,-8.039242424242424,-7.879390018360373,-0.1598524058820514
507.9,-8.01874331550803,-7.84764776313707,-0.17109555237095897
508.0,-7.988331345064136,-7.816754237185177,-0.1715771078789592
508.1,-7.925104384133605,-7.786739558797365,-0.1383648253362404
508.2,-7.861877423203109,-7.757631532881051,-0.10424589032205756
508.3,-7.798650462272577,-7.729455705067097,-0.06919475720548007
508.4,-7.7515239520958135,-7.702235419700919,-0.04928853239489417
508.5,-7.706613772455085,-7.6759918812025205,-0.030621891252564204
508.6,-7.661703592814356,-7.650744218307514,-0.010959374506842146
508.7,-7.654126578472639,-7.626509550720094,-0.027617027752545376
508.8,-7.67848015634396,-7.603303057722076,-0.07517709862188404
508.9,-7.702833734215268,-7.581138048291555,-0.12169568592371327
509.0,-7.705541201328105,-7.560026032293577,-0.14551516903452733
509.1,-7.628269846060957,-7.539976792317358,-0.08829305374359908
509.2,-7.550998490793853,-7.520998455752639,-0.030000035041214623
509.3,-7.4737271355267065,-7.503097566721101,0.029370431194394087
509.4,-7.541545454545437,-7.48627915750243,-0.055266297043006674
509.5,-7.625484848484855,-7.470546819113521,-0.15493802937133427
509.6,-7.709424242424272,-7.455902770712171,-0.2535214717121015
509.7,-7.709037735849055,-7.442347927509146,-0.2666898083399092
509.8,-7.652433962264135,-7.429881966893415,-0.22255199537072023
509.9,-7.5958301886792485,-7.41850339251065,-0.17732679616859848
510.0,-7.540120342089178,-7.408209596083101,-0.13191074600607688
510.1,-7.48636346976174,-7.398996916812429,-0.08736655294931062
510.2,-7.432606597434331,-7.39086069825772,-0.04174589917661109
510.3,-7.380079754601223,-7.383795342623474,0.0037155880222510262
510.4,-7.357073619631907,-7.377794362424453,0.020720742792545543
510.5,-7.334067484662578,-7.372850429515772,0.03878294485319422
510.6,-7.311061349693249,-7.368955421487988,0.057894071794739155
510.7,-7.372781644594988,-7.366100465429869,-0.006681179165118678
510.8,-7.458399137665531,-7.364275979058377,-0.0941231586071547
510.9,-7.544016630736027,-7.363471709209991,-0.18054492152603618
511.0,-7.552685837971564,-7.363676767685457,-0.18900907028610625
511.1,-7.493935064935061,-7.364879664447595,-0.12905540048746644
511.2,-7.435184291898593,-7.367068338192271,-0.06811595370632162
511.3,-7.401145561762879,-7.3702301843434315,-0.030915377419447942
511.4,-7.425043761638724,-7.374352080556775,-0.05069168108194955
511.5,-7.448941961514582,-7.37942040984574,-0.06952155166884211
511.6,-7.468263715710723,-7.385421081465014,-0.0828426342457087
511.7,-7.432727556109733,-7.392339549702698,-0.04038800640703499
511.8,-7.397191396508724,-7.400160830746504,0.0029694342377801775
511.9,-7.361655236907734,-7.408869517803574,0.04721428089584023
512.0,-7.393446322378716,-7.418449794666052,0.025003472287336237
512.1,-7.435386854460094,-7.4288854479223305,-0.006501406537763543
512.2,-7.477327386541472,-7.440159878015529,-0.037167508525943305
512.3,-7.4615575109994055,-7.452256109348359,-0.009301401651046426
512.4,-7.417874292897564,-7.46515679963102,0.04728250673345613
512.5,-7.374191074795722,-7.478844248668415,0.10465317387269302
512.6,-7.386145110410123,-7.49330040678307,0.10715529637294718
512.7,-7.455545741324964,-7.508506883066551,0.05296114174158717
512.8,-7.524946372239725,-7.524444953641668,-0.0005014185980574126
512.9,-7.563330376940136,-7.5410955701017155,-0.022234806838420162
513.0,-7.536406081723151,-7.558439368276492,0.02203328655334058
513.1,-7.509481786506166,-7.57645667746283,0.06697489095666409
513.2,-7.495606870229042,-7.595127530250898,0.09952066002185589
513.3,-7.547769720101772,-7.614431673072926,0.06666195297115429
513.4,-7.599932569974561,-7.634348577593471,0.03441600761891017
513.5,-7.651046949856276,-7.654857453047922,0.0038105031916453314
513.6,-7.653282657297988,-7.675937259620791,0.022654602322802475
513.7,-7.6555183647397005,-7.697566722941545,0.04204835820184449
513.8,-7.65775407218141,-7.719724349765486,0.06197027758407625
513.9,-7.710789355562659,-7.742388444899713,0.03159908933705324
514.0,-7.770103238217384,-7.765537129426807,-0.004566108790577061
514.1,-7.829417120872109,-7.789148360270415,-0.04026876060169382
514.2,-7.807491787439579,-7.813199951138564,0.005708163698985302
514.3,-7.761437037037052,-7.837669594875087,0.0762325578380354
514.4,-7.715382286634472,-7.86253488724741,0.14715260061293822
514.5,-7.7449883645765984,-7.8877733521969455,0.14278498762034708
514.6,-7.812538461538479,-7.913362468570751,0.1008240070322719
514.7,-7.88008855850036,-7.9392796983363505,0.059191139835990114
514.8,-7.9058438818565415,-7.965502516257106,0.059658634400564736
514.9,-7.900326192794547,-7.99200844097867,0.09168224818412263
515.0,-7.894808503732553,-8.018775067452632,0.12396656372007886
515.1,-7.921767275097817,-8.045780100602522,0.12401282550470505
515.2,-7.9823930899609215,-8.07300139011704,0.09060830015611909
515.3,-8.043018904823956,-8.100416966232984,0.057398061409028145
515.4,-8.087692307692299,-8.128005076345591,0.04031276865329225
515.5,-8.110605564648118,-8.155744222259449,0.0451386576113304
515.6,-8.13351882160394,-8.183613197871944,0.05009437626800484
515.7,-8.170607095926465,-8.211591127064446,0.04098403113798099
515.8,-8.232039421813404,-8.239657501563158,0.0076180797497542585
515.9,-8.293471747700412,-8.267792218520277,-0.025679529180134608
516.0,-8.354241174529884,-8.295975617556612,-0.058265556973271515
516.1,-8.413627515671418,-8.324188517000712,-0.08943899867070648
516.2,-8.473013856812953,-8.35241224905879,-0.12060160775416229
516.3,-8.504611994698502,-8.380628693656085,-0.12398330104241673
516.4,-8.469158051689874,-8.408820310703975,-0.06033774098589895
516.5,-8.433704108681246,-8.436970170566946,0.003266061885700111
516.6,-8.432243180306079,-8.465061982526256,0.03281880222017719
516.7,-8.520400199600834,-8.493080121057545,-0.027320078543288773
516.8,-8.60855721889549,-8.521009649753463,-0.08754756914202666
516.9,-8.689441883767508,-8.54883634272946,-0.14060554103804712
517.0,-8.750564128256501,-8.576546703356247,-0.17401742490025462
517.1,-8.811686372745495,-8.60412798017288,-0.207558392572615
517.2,-8.841982562038881,-8.631568179854815,-0.21041438218406583
517.3,-8.791010060362193,-8.658856077142266,-0.13215398321992744
517.4,-8.740037558685446,-8.685981221673549,-0.054056337011896716
517.5,-8.718802963960945,-8.712933941710753,-0.005869022250191591
517.6,-8.769325025261049,-8.739705344784491,-0.029619680476557164
517.7,-8.819847086561152,-8.766287315314782,-0.05355977124636979
517.8,-8.84764705882354,-8.792672509284715,-0.054974549538824746
517.9,-8.82803921568628,-8.818854346055508,-0.009184869630772141
518.0,-8.80843137254902,-8.844826997420896,0.036395624871875754
518.1,-8.821849915110374,-8.870585374007467,0.04873545889709341
518.2,-8.892478098472026,-8.896125109134088,0.0036470106620623
518.3,-8.9631062818336,-8.921442540245568,-0.041663741588031655
518.4,-8.988067166723491,-8.946534688033308,-0.04153247869018273
518.5,-8.95022195704057,-8.971399233352447,0.02117727631187627
518.6,-8.91237674735765,-8.996034492044382,0.08365774468673237
518.7,-8.935935980828509,-9.020439387775552,0.08450340694704295
518.8,-9.02391954809991,-9.044613423003732,0.020693874903821907
518.9,-9.11190311537141,-9.068556648178214,-0.04334646719319579
519.0,-9.147661051907873,-9.092269629270216,-0.05539142263765662
519.1,-9.143535922997593,-9.115753413720103,-0.02778250927748971
519.2,-9.139410794087313,-9.139009494883771,-0.0004012992035420382
519.3,-9.157994475138107,-9.162039775063105,0.004045299924998247
519.4,-9.1883812154696,-9.184846527211615,-0.0035346882579840866
519.5,-9.218767955801091,-9.207432355411992,-0.011335600389099199
519.6,-9.251355979202764,-9.229800154225682,-0.021555824977081528
519.7,-9.284631542461003,-9.251953067016107,-0.03267847544489655
519.8,-9.317907105719204,-9.273894443349029,-0.04401266237017509
519.9,-9.34763256784967,-9.295627795576754,-0.052004772272916
520.0,-9.376860125260958,-9.317156754718368,-0.05970337054258934
520.1,-9.405988465571477,-9.338485025756093,-0.06750343981538443
520.2,-9.402143656064311,-9.359616342478098,-0.042527313586212756
520.3,-9.39829884655715,-9.380554422010283,-0.01774442454686742
520.4,-9.406563355563323,-9.401302919192588,-0.005260436370734922
520.5,-9.487995436995424,-9.421865380967676,-0.0661300560277489
520.6,-9.569427518427528,-9.442245200959992,-0.12718231746753617
520.7,-9.618534178999287,-9.462445574432099,-0.15608860456718787
520.8,-9.589640591966196,-9.482469453816421,-0.1071711381497753
520.9,-9.560747004933072,-9.50231950503783,-0.05842749989524165
521.0,-9.521493276716233,-9.52199806486646,0.0005047881502271423
521.1,-9.469830148619973,-9.541507099566344,0.07167695094637061
521.2,-9.418167020523713,-9.560848165127178,0.14268114460346482
521.3,-9.338201137171374,-9.580022369378087,0.24182123220671237
521.4,-9.241541577825213,-9.599030336279707,0.3574887584544939
521.5,-9.144882018479054,-9.617872172671424,0.4729901541923702
521.6,-9.196807280513916,-9.63654743771134,0.43974015719742354
521.7,-9.282460385438977,-9.65505511518569,0.37259472974671226
521.8,-9.369939089931702,-9.673393588783336,0.3034544988516341
521.9,-9.59602293084901,-9.691560620337059,0.09553768948804908
522.0,-9.822106771766318,-9.709553330938844,-0.1125534408274742
522.1,-9.991129902842747,-9.72736818475497,-0.2637617180877765
522.2,-9.960183519251514,-9.745000975311118,-0.21518254394039538
522.3,-9.929237135660316,-9.762446813996243,-0.16679032166407204
522.4,-9.918081647398845,-9.779700120546277,-0.13838152685256766
522.5,-9.931809971098264,-9.796754615304101,-0.1350553557941634
522.6,-9.945538294797686,-9.81360331309639,-0.13193498170129558
522.7,-9.965919811320756,-9.830238518610312,-0.13568129271044427
522.8,-9.989504716981118,-9.846651823190957,-0.14285289379016142
522.9,-10.013089622641507,-9.862834103014938,-0.1502555196265689
523.0,-10.014665209471767,-9.878775518629004,-0.13588969084276314
523.1,-10.014300910746812,-9.89446551587619,-0.11983539487062167
523.2,-10.015209659714603,-9.90989282826607,-0.10531683144853332
523.3,-10.02216172703988,-9.92504548087937,-0.09711624616050862
523.4,-10.029113794365163,-9.9399107959292,-0.08920299843596347
523.5,-10.004323659074236,-9.95447540013056,-0.04984825894367617
523.6,-9.93929794268921,-9.968725234056002,0.02942729136679212
523.7,-9.874272226304186,-9.982645563677425,0.10837333737323895
523.8,-9.888633579335758,-9.99622099431001,0.10758741497425106
523.9,-9.934021033210316,-10.009435487180461,0.07541445397014535
524.0,-9.978893293812522,-10.022272378836375,0.04337908502385268
524.1,-9.967037050759536,-10.034714403598773,0.0676773528392367
524.2,-9.955180807706553,-10.046743719240771,0.09156291153421847
524.3,-9.964068452380927,-10.058341936056651,0.09427348367572463
524.4,-10.019127976190475,-10.069490149468173,0.050362173277697764
524.5,-10.074187500000026,-10.080168976297422,0.005981476297396426
524.6,-10.054556053811613,-10.090358594817507,0.03580254100589464
524.7,-9.989533632286937,-10.100038788675878,0.11050515638894076
524.8,-9.924511210762336,-10.109188994771316,0.18467778400897927
524.9,-9.92490469043152,-10.117788355152914,0.1928836647213945
525.0,-9.929032270168856,-10.125815772991997,0.19678350282314128
525.1,-9.942058402411453,-10.13324997265141,0.19119157023995648
525.2,-9.977853428786743,-10.140069563840255,0.1622161350535123
525.3,-10.013648455161993,-10.146253109799275,0.13260465463728188
525.4,-10.058788876276939,-10.151779199417335,0.09299032314039657
525.5,-10.109488838441171,-10.156626523136634,0.04713768469546231
525.6,-10.160188800605402,-10.16077395246653,0.0005851518611272866
525.7,-10.096322188449788,-10.164200622895322,0.0678784344455341
525.8,-10.03059270516717,-10.166886019966935,0.13629331479976514
525.9,-10.004250286150336,-10.168810068273386,0.16455978212304956
526.0,-10.050415871804672,-10.16995322309911,0.11953735129443821
526.1,-10.096581457459008,-10.170296564433945,0.07371510697493733
526.2,-10.120767727098515,-10.169821893045862,0.04905416594734646
526.3,-10.136865848984282,-10.168511828275733,0.03164597929145074
526.4,-10.153910350134668,-10.166349907190051,0.012439557055383688
526.5,-10.177765679107354,-10.163320684707214,-0.014444994400140132
526.6,-10.20162100808004,-10.159409834299366,-0.042211173780673406
526.7,-10.164278314650113,-10.154604248864075,-0.009674065786038355
526.8,-10.071120216466966,-10.148892141357562,0.07777192489059637
526.9,-9.977962118283713,-10.142263144781907,0.1643010264981939
527.0,-9.989434225844011,-10.134708411118746,0.1452741852747348
527.1,-10.008060535506413,-10.126220708795316,0.11816017328890283
527.2,-10.020699532346065,-10.116794518251709,0.09609498590564414
527.3,-10.022648090413094,-10.106426125151973,0.08377803473887901
527.4,-10.024596648480124,-10.095113710751756,0.07051706227163201
527.5,-10.011343639921723,-10.082857438906672,0.0715137989849488
527.6,-9.994122504892363,-10.06965953918073,0.07553703428836656
527.7,-9.986613207547181,-10.055524385492737,0.06891117794555512
527.8,-10.010198113207535,-10.040458569719453,0.03026045651191822
527.9,-10.033783018867915,-10.024470969656637,-0.00931204921127815
528.0,-10.083193446506108,-10.007572810723284,-0.07562063578282441
528.1,-10.143990919857886,-9.989777720782627,-0.15421319907525977
528.2,-10.193212529738297,-9.971101777449038,-0.22211075228925914
528.3,-10.182110229976214,-9.951563547256525,-0.23054668271968914
528.4,-10.171007930214119,-9.931184116084808,-0.23982381412931097
528.5,-10.173868232484073,-9.909987110273219,-0.26388112221085436
528.6,-10.184616640127388,-9.887998707898715,-0.2966179322286724
528.7,-10.17693802479009,-9.865247639748537,-0.3116903850415529
528.8,-10.042591763294796,-9.841765179577962,-0.20082658371683415
528.9,-9.90824550179935,-9.81758512330768,-0.09066037849166975
529.0,-9.901978321959035,-9.792743756880197,-0.10923456507883778
529.1,-9.972231232436771,-9.767279812554497,-0.20495141988227417
529.2,-10.03354435483871,-9.741234413467822,-0.2923099413708883
529.3,-10.037576612903223,-9.714651006334863,-0.32292560656835967
529.4,-10.041608870967742,-9.687575282196185,-0.3540335887715571
529.5,-10.082793438639134,-9.660055085178774,-0.42273835346036037
529.6,-10.143546780072905,-9.632140309296021,-0.5114064707768833
529.7,-10.168331163547602,-9.603882783392544,-0.5644483801550582
529.8,-10.035703010577784,-9.575336144430297,-0.4603668661474867
529.9,-9.903074857607816,-9.546555699416615,-0.35651915819120106
530.0,-9.776928950592053,-9.517598276388865,-0.2593306742031878
530.1,-9.653204981625114,-9.488522064985624,-0.16468291663949053
530.2,-9.568922855970463,-9.459386447239488,-0.1095364087309747
530.3,-9.586567501025844,-9.430251819313384,-0.15631568171246002
530.4,-9.604212146081245,-9.401179404968623,-0.20303274111262226
530.5,-9.589313838550243,-9.372231061603069,-0.2170827769471746
530.6,-9.568308896210864,-9.34346907973945,-0.22483981647141427
530.7,-9.496196192052897,-9.314955976885305,-0.18124021516759292
530.8,-9.35174254966896,-9.28675428673134,-0.0649882629376215
530.9,-9.20728890728486,-9.258926344702607,0.05163743741774596
531.0,-9.299046530951374,-9.231534070921242,-0.067512460030132
531.1,-9.391277523888682,-9.204638751673796,-0.18663877221488612
531.2,-9.325895659432286,-9.178300820498613,-0.14759483893367253
531.3,-9.151438230384025,-9.152579640025188,0.001141409641162383
531.4,-9.016475691533945,-9.127533285716243,0.11105759418229866
531.5,-9.04455616093881,-9.10321833268553,0.05866217174671995
531.6,-9.072636630343677,-9.079689646782116,0.00705301643843903
531.7,-8.917562526315674,-9.05700018113748,0.1394376548218066
531.8,-8.719246736842132,-9.035200779365043,0.31595404252291104
531.9,-8.607917159763312,-9.014339986586277,0.4064228268229648
532.0,-8.610030431107354,-8.994463869431877,0.3844334383245229
532.1,-8.60763991507431,-8.975615846123409,0.36797593104909865
532.2,-8.543521019108267,-8.957836527676607,0.41431550856833965
532.3,-8.479402123142297,-8.941163571185843,0.46176144804354635
532.4,-8.442756929637541,-8.925631546057991,0.4828746164204496
532.5,-8.417170575692975,-8.911271813966987,0.49410123827401264
532.6,-8.406518423307622,-8.898112423197912,0.4915939998902896
532.7,-8.421514138817484,-8.886178017940383,0.46466387912289875
532.8,-8.43784258064513,-8.875489762976722,0.4376471823315917
532.9,-8.492036129032249,-8.86606528409368,0.3740291550614323
533.0,-8.546229677419367,-8.8579186244311,0.3116889470117332
533.1,-8.521879481641436,-8.851060216870529,0.32918073522909275
533.2,-8.465292008639258,-8.845496872464487,0.3802048638252291
533.3,-8.44843514099783,-8.841231784813626,0.39279664381579593
533.4,-8.492686767895886,-8.83826455021171,0.34557778231582326
533.5,-8.529120313862233,-8.836591203292414,0.3074708894301814
533.6,-8.485528334786384,-8.836204267824735,0.3506759330383513
533.7,-8.441936355710533,-8.837092822216228,0.3951564665056946
533.8,-8.477533916848992,-8.83924257919735,0.36170866234835763
533.9,-8.53355142231948,-8.842635979075396,0.3090845567559164
534.0,-8.539927472527461,-8.847252295860857,0.3073248233333956
534.1,-8.498608791208785,-8.85306775548268,0.35445896427389556
534.2,-8.516408127208505,-8.860055665224074,0.3436475380155688
534.3,-8.726655477031624,-8.868186553428595,0.14153107639697105
534.4,-8.93690282685498,-8.877428318447294,-0.05947450840768731
534.5,-8.977447893569828,-8.887746385724821,-0.08970150784500674
534.6,-9.01292461197338,-8.89910387186454,-0.11382074010884047
534.7,-9.000684772929645,-8.911461754479436,-0.08922301845020897
534.8,-8.969518254674984,-8.924779046628416,-0.04473920804656828
534.9,-9.02555033557049,-8.939012974648838,-0.08653736092165154
535.0,-9.179912751677868,-8.954119158215512,-0.22579359346235606
535.1,-9.312252021563353,-8.970051791477843,-0.3422002300855098
535.2,-9.372898921832924,-8.986763824151886,-0.3861350976810378
535.3,-9.432553249097472,-9.00420714148003,-0.4283461076174415
535.4,-9.382914259927803,-9.022332742024822,-0.36058151790298076
535.5,-9.333275270758136,-9.041090912335944,-0.29218435842219215
535.6,-9.42868540344514,-9.060431397615055,-0.36825400583008516
535.7,-9.561958295557597,-9.08030356759345,-0.48165472796414655
535.8,-9.564875683060174,-9.100656576926934,-0.4642191061332408
535.9,-9.47607786885251,-9.121439519501942,-0.3546383493505676
536.0,-9.454896204846788,-9.142601576141324,-0.3122946287054642
536.1,-9.539029721079084,-9.164092155297697,-0.37493756578138715
536.2,-9.590264462809914,-9.185861026421751,-0.40440343638816323
536.3,-9.513129476584053,-9.207858445787052,-0.3052710307970017
536.4,-9.43728044280442,-9.2300352746423,-0.20724516816212102
536.5,-9.409605166051652,-9.252343089648416,-0.15726207640323508
536.6,-9.381929889298881,-9.274734285639296,-0.10719560365958536
536.7,-9.344602409638538,-9.297162170815701,-0.04744023882283699
536.8,-9.30567747914739,-9.319581054537403,0.013903575390013856
536.9,-9.293022801302932,-9.341946327918496,0.04892352661556387
537.0,-9.291626803164263,-9.364214537456354,0.07258773429209064
537.1,-9.293833567087427,-9.386343451936872,0.092509884849445
537.2,-9.298976157082754,-9.408292122859194,0.10931596577644065
537.3,-9.344747417840363,-9.430020938614065,0.08527352077370232
537.4,-9.448503286384948,-9.451491672634146,0.0029883862491981716
537.5,-9.518344339622645,-9.472667525715146,-0.04567681390749989
537.6,-9.501834905660377,-9.493513162687831,-0.008321742972546176
537.7,-9.500426136363659,-9.513994743607515,0.013568607243856334
537.8,-9.577130681818147,-9.53407994962179,-0.0430507321963578
537.9,-9.64759638267492,-9.553738003677465,-0.09385837899745475
538.0,-9.599524036173245,-9.572939686231,-0.02658434994224379
538.1,-9.55145168967157,-9.5916573461323,0.0402056564607296
538.2,-9.618372670807496,-9.609864906859881,-0.008507763947614322
538.3,-9.691473483038683,-9.627537868294217,-0.06393561474446585
538.4,-9.684740278444552,-9.644653304222407,-0.040086974222145244
538.5,-9.66457705232837,-9.66118985577143,-0.0033871965569396423
538.6,-9.687953230472528,-9.677127720971585,-0.010825509500943298
538.7,-9.724115236258458,-9.692448640657998,-0.031666595600459146
538.8,-9.705550605326893,-9.707135880924836,0.001585275597943081
538.9,-9.663419854721559,-9.721174212352262,0.05775435763070291
539.0,-9.625489299610894,-9.734549886229782,0.10906058661888807
539.1,-9.589983463035011,-9.747250608000142,0.1572671449651306
539.2,-9.608052785923773,-9.759265508142539,0.1512127222187658
539.3,-9.665237536656852,-9.770585110699686,0.10534757404283468
539.4,-9.740031403336557,-9.781201299629883,0.04116989629332579
539.5,-9.830315996074555,-9.791107283136279,-0.03920871293827588
539.6,-9.835807692307704,-9.800297556097384,-0.03551013621031984
539.7,-9.754446745562133,-9.80876786070176,0.05432111513962745
539.8,-9.77882376237609,-9.816515145378776,0.03769138300268615
539.9,-9.924368316831572,-9.823537522113826,-0.10083079471774603
540.0,-9.987470646766184,-9.829834222235887,-0.15763642453029725
540.1,-9.948167164179091,-9.83540555076615,-0.11276161341294078
540.2,-9.924474762618688,-9.840252839422797,-0.08422192319589072
540.3,-9.92097651174413,-9.844378398392632,-0.07659811335149769
540.4,-9.90895985950828,-9.847785467003705,-0.06117439250457579
540.5,-9.885879076768685,-9.850478163458336,-0.035400913310349225
540.6,-9.926494704992486,-9.852461433808509,-0.07403327118397662
540.7,-10.04752344931928,-9.85374100037449,-0.19378244894479124
540.8,-10.081857721519013,-9.854323309824435,-0.22753441169457744
540.9,-10.014009620253171,-9.85421548115221,-0.15979413910096163
541.0,-9.92927060020344,-9.853425253817338,-0.0758453463861013
541.1,-9.826523906408905,-9.85196093634636,0.025437029937455335
541.2,-9.80082217680126,-9.849831355732857,0.04900917893159651
541.3,-9.846810935104747,-9.847045808004967,0.0002348729002203953
541.4,-9.803354722792587,-9.84361401034769,0.04025928755510222
541.5,-9.689905030800768,-9.839546055172672,0.1496410243719044
541.6,-9.589755670103047,-9.834852366524636,0.24509669642158904
541.7,-9.498003092783472,-9.829543659202628,0.3315405664191555
541.8,-9.508449740932605,-9.823630900952901,0.3151811600202965
541.9,-9.568553367875628,-9.817125278053151,0.24857191017752278
542.0,-9.586318252730107,-9.810038164554287,0.22371991182417972
542.1,-9.589438377535101,-9.802381095381122,0.2129427178460208
542.2,-9.657726084683754,-9.794165743426122,0.1364396587423684
542.3,-9.740318870883383,-9.785403900707431,0.045085029824047496
542.4,-9.77989973753279,-9.776107463607824,-0.003792273924966949
542.5,-9.814977848101272,-9.766288422167372,-0.048689425933899244
542.6,-9.803901898734177,-9.7559588533722,-0.047943045361977354
542.7,-9.78512923728808,-9.745130918365623,-0.03999831892245709
542.8,-9.701442796610197,-9.733816863504616,0.032374066894419684
542.9,-9.601774348057504,-9.722029025188714,0.12025467713121074
543.0,-9.444775944651411,-9.709779838394024,0.26500389374261246
543.1,-9.347888770053478,-9.697081848844219,0.3491930787907407
543.2,-9.368209625668454,-9.683947728735626,0.3157381030671722
543.3,-9.422300053676816,-9.670390295899153,0.24809024222233766
543.4,-9.514624261943094,-9.65642253622824,0.14179827428514535
543.5,-9.53889962223421,-9.642057629136595,0.10315800690238497
543.6,-9.51893200215865,-9.627308975743995,0.10837697358534548
543.7,-9.596805525460526,-9.612190229432453,0.015384703971927038
543.8,-9.706773022751841,-9.596715328372762,-0.11005769437907986
543.9,-9.666638541099648,-9.580898529592305,-0.08574001150734212
544.0,-9.619556892778961,-9.564754444139252,-0.054802448639708956
544.1,-9.684655361050336,-9.548298072895985,-0.13635728815435044
544.2,-9.704098846787398,-9.531544842604632,-0.172554004182766
544.3,-9.580540362438246,-9.514510641685685,-0.0660297207525602
544.4,-9.551285871964687,-9.49721185545408,-0.05407401651060795
544.5,-9.65172737306847,-9.479665400363672,-0.17206197270479784
544.6,-9.635605657237878,-9.461888756938563,-0.17371690029931486
544.7,-9.544646145313282,-9.443900001076193,-0.10074614423708894
544.8,-9.46596659242763,-9.425717833434641,-0.04024875899298941
544.9,-9.390675433687752,-9.407361606646298,0.016686172958545242
545.0,-9.358218802462236,-9.388851350129183,0.03063254766694712
545.1,-9.357443507588515,-9.370207792289683,0.012764284701168194
545.2,-9.46705564924121,-9.351452379922826,-0.1156032693183846
545.3,-9.458554488989277,-9.332607294620415,-0.12594719436886237
545.4,-9.302145680406515,-9.313695465999821,0.011549785593306439
545.5,-9.14640442427678,-9.294740581572926,0.14833615729614635
545.6,-8.990987521270577,-9.275767093085863,0.28477957181528524
545.7,-9.068777777777816,-9.256800219167253,0.18802244138943713
545.8,-9.158879793932448,-9.23786594411451,0.07898615018206279
545.9,-9.190362335432162,-9.218991012620721,0.028628677188558882
546.0,-9.250996549741219,-9.200202920206209,-0.050793629535009543
546.1,-9.353929269695238,-9.181529899082843,-0.17239937061239452
546.2,-9.373691907514445,-9.163000899156538,-0.210691008357907
546.3,-9.35230462427747,-9.14464556386897,-0.2076590604085009
546.4,-9.41094776552524,-9.126494200594347,-0.28445356493089236
546.5,-9.423467638483913,-9.108577745338836,-0.314889893145077
546.6,-9.249706705539305,-9.09092772153576,-0.15877898400354518
546.7,-9.158597539543054,-9.07357619278453,-0.08502134675852346
546.8,-9.149810193321622,-9.056555709439966,-0.09325448388165647
546.9,-9.175105356091809,-9.039899249013649,-0.13520610707815983
547.0,-9.209817966903072,-9.023640150393899,-0.18617781650917387
547.1,-9.25000709219858,-9.007812041926032,-0.24219505027254762
547.2,-9.296748068924549,-8.992448763426525,-0.30429930549802364
547.3,-9.353194890077225,-8.977584282241434,-0.3756106078357906
547.4,-9.289954653937942,-8.96325260350655,-0.32670205043139156
547.5,-9.1883501199041,-8.949487674826107,-0.23886244507799326
547.6,-9.264489208633098,-8.936323285656952,-0.32816592297614555
547.7,-9.287310843373486,-8.923792961760913,-0.36351788161257303
547.8,-9.221648192771113,-8.911929855164555,-0.309718337606558
547.9,-9.18047610405324,-8.900766630141122,-0.2797094739121171
548.0,-9.144144680851051,-8.890335345805923,-0.25380933504512804
548.1,-9.035330091185356,-8.880667335993321,-0.1546627551920352
548.2,-8.887736102626626,-8.871793087157215,-0.015943015469410682
548.3,-8.686147831399031,-8.863742115102019,0.17759428370298735
548.4,-8.606543558282233,-8.85654284140139,0.2499992831191573
548.5,-8.570513563501843,-8.850222470389832,0.2797089068879899
548.6,-8.587159679408138,-8.844806867612329,0.2576471882041904
548.7,-8.552391573729835,-8.840320440589464,0.2879288668596285
548.8,-8.471846344485773,-8.836786022706956,0.3649396782211838
548.9,-8.49802426882389,-8.83422476097761,0.3362004921537203
549.0,-8.52146,-8.832656008355709,0.3111960083557097
549.1,-8.516459999999999,-8.832097221210391,0.31563722121039284
549.2,-8.563919597989987,-8.832563862486825,0.26864426449683876
549.3,-8.62434132492114,-8.834069311005038,0.2097279860838981
549.4,-8.618663091482652,-8.836624777269682,0.21796168578702968
549.5,-8.670547875713359,-8.840239226092681,0.16969135037932226
549.6,-8.773274571972117,-8.844919306266492,0.07164473429437557
549.7,-8.565324840764294,-8.850669287469367,0.2853444467050732
549.8,-8.44594622279125,-8.857491004534948,0.41154478174369835
549.9,-8.492681177976916,-8.86538380917279,0.37270263119587455
550.0,-8.650070096462956,-8.874344529175719,0.22427443271276282
550.1,-8.813011627906977,-8.884367435087082,0.07135580718010459
550.2,-8.925414728682181,-8.895444214228641,-0.02997051445353982
550.3,-8.937403634003914,-8.907563951921153,-0.029839682082760888
550.4,-8.939267449445493,-8.920713119678968,-0.018554329766525157
550.5,-9.075601435094628,-8.934875570132592,-0.14072586496203598
550.6,-9.155679764243628,-8.950032538425523,-0.20564722581810457
550.7,-9.207234364713626,-8.966162649837797,-0.24107171487582946
550.8,-9.277017116523984,-8.983241933406651,-0.29377518311733297
550.9,-9.18971626984134,-9.001243841345824,-0.1884724284955155
551.0,-9.012091090425537,-9.020139274109049,0.008048183683511567
551.1,-8.990149601063829,-9.039896610994766,0.049747009930937836
551.2,-9.04832910547399,-9.060481746237535,0.012152640763545719
551.3,-9.147724832214829,-9.081858130566108,-0.0658667016487211
551.4,-9.07389932885911,-9.10398681822504,0.030087489365930864
551.5,-9.056429245283017,-9.126826519461249,0.07039727417823194
551.6,-9.075,-9.150333658477036,0.07533365847703699
551.7,-9.075,-9.174462436849561,0.0994624368495618
551.8,-9.102189925119115,-9.199164902410828,0.09697497729171367
551.9,-9.141157894736832,-9.224391023570204,0.0832331288333723
552.0,-9.160296650717699,-9.250088769043726,0.08979211832602729
552.1,-9.17516701030928,-9.276204192933646,0.10103718262436523
552.2,-9.189261559696352,-9.302681525079633,0.11341996538328125
552.3,-9.20651483781918,-9.329463266580593,0.1229484287614131
552.4,-9.18731067961165,-9.356490290362727,0.16917961075107613
552.5,-9.20695679442513,-9.383701946644125,0.17674515221899512
552.6,-9.313577003484374,-9.411036173117665,0.09745916963329115
552.7,-9.4103592436975,-9.438429609641762,0.02807036594426293
552.8,-9.497136427566732,-9.465817717194685,-0.031318710372046255
552.9,-9.584013437057832,-9.493134900817461,-0.09087853624037123
553.0,-9.795470297029627,-9.52031463624927,-0.27515566078035825
553.1,-9.938459517045441,-9.547289599952604,-0.3911699170928369
553.2,-9.990563169164872,-9.5739918022375,-0.4165713669273714
553.3,-9.876359029264872,-9.600352723228701,-0.27600630603617127
553.4,-9.807329749103959,-9.626303451477535,-0.18102629762642408
553.5,-9.609064888247993,-9.651774825094526,0.042709936846533125
553.6,-9.244930535455682,-9.676697575354154,0.43176703989847276
553.7,-8.880241678726177,-9.70100247278081,0.8207607940546335
553.8,-8.830711790392977,-9.724620475745198,0.8939086853522209
553.9,-8.948213450292316,-9.747482881565732,0.7992694312734159
554.0,-9.113418128654933,-9.769521480011488,0.6561033513565544
554.1,-9.435616740088037,-9.790668708951873,0.3550519688638367
554.2,-9.670453874538747,-9.810857811720389,0.14040393718164168
554.3,-9.897647626112471,-9.83002299558838,-0.06762463052409196
554.4,-10.340525964391741,-9.848099590606262,-0.49242637378547904
554.5,-10.538770491803263,-9.865024207980968,-0.673746283822295
554.6,-10.544468164793981,-9.880734897128102,-0.6637332676658794
554.7,-10.453747930775082,-9.895171300568943,-0.5585766302061383
554.8,-10.527487584650075,-9.908274805930127,-0.6192127787199482
554.9,-10.463264550264574,-9.919988694430815,-0.5432758558337589
555.0,-10.458729483282664,-9.930258285386667,-0.5284711978959962
555.1,-10.482445801526739,-9.939031076406216,-0.5434147251205221
555.2,-10.380919083969442,-9.946256879097115,-0.43466220487232654
555.3,-10.44017024539872,-9.951887950235868,-0.48828229516285226
555.4,-10.324101773323125,-9.955879118484745,-0.36822265483838024
555.5,-10.08543919442289,-9.958187906862731,-0.12725128756015813
555.6,-9.841299610894932,-9.958774651290772,0.11747504039584022
555.7,-9.817953307392987,-9.957602615628193,0.1396493082352066
555.8,-9.489050078247452,-9.954638103686124,0.46558802543867195
555.9,-9.065403770620621,-9.949850568734265,0.8844467981136432
556.0,-8.73989573459716,-9.943212721002542,1.2033169864053814
556.1,-8.775440758293836,-9.934700633611678,1.1592598753178418
556.2,-8.731599999999986,-9.924293847237271,1.192693847237285
556.3,-8.67185167464119,-9.91197547361859,1.2401237989774003
556.4,-8.744134615384548,-9.897732297778353,1.153597682393805
556.5,-9.01495729250616,-9.881554878545073,0.8665975860389121
556.6,-9.30988074133782,-9.86343764668514,0.553556905347321
556.7,-9.65530097087406,-9.843378999675986,0.18807802880192526
556.8,-9.777443902439016,-9.821381391904541,0.04393748946552556
556.9,-9.964624999999891,-9.797451418878202,-0.16717358112168945
557.0,-10.350335250616295,-9.77159989390181,-0.5787353567144855
557.1,-10.728138613861377,-9.743841915606527,-0.98429669825485
557.2,-10.513617161715992,-9.714196924713692,-0.7994202370023
557.3,-10.543510779436108,-9.682688748479425,-0.8608220309566832
557.4,-10.53800000000004,-9.649345631391233,-0.8886543686088064
557.5,-10.502695142378558,-9.614200250861275,-0.8884948915172828
557.6,-10.504809764309744,-9.577289716860482,-0.9275200474492618
557.7,-10.463617075232465,-9.538655554647358,-0.9249615205851072
557.8,-10.609010143702353,-9.4983436699598,-1.110666473742553
557.9,-10.327944774851504,-9.456404296258109,-0.8715404785933956
558.0,-10.070275213675236,-9.412891923833527,-0.6573832898417091
558.1,-9.969511149228131,-9.367865210826889,-0.6016459384012425
558.2,-9.993559102674732,-9.321386876426693,-0.6721722262480387
558.3,-9.992054592720978,-9.273523576722507,-0.7185310159984706
558.4,-9.659230836236935,-9.224345763873142,-0.4348850723637927
558.5,-9.795990418118429,-9.173927529415591,-0.6220628887028372
558.6,-9.63103852889667,-9.122346432697764,-0.5086920961989065
558.7,-9.512189973614749,-9.069683315567627,-0.4425066580471224
558.8,-9.334429708222993,-9.016022104592071,-0.3184076036309218
558.9,-9.255875666074552,-8.961449602209873,-0.2944260638646785
559.0,-9.143388392857117,-8.906055268342254,-0.23733312451486377
559.1,-8.613626570915688,-8.849930994088192,0.23630442317250377
559.2,-8.383957619477012,-8.793170869214855,0.40921324973784223
559.3,-8.119755635707858,-8.735870945208996,0.6161153095011382
559.4,-8.12389492753623,-8.678128995670315,0.5542340681340843
559.5,-7.448508196721584,-8.620044275791786,1.1715360790702016
559.6,-7.310399817017384,-8.561717282583334,1.2513174655659505
559.7,-7.295823367065304,-8.503249517356755,1.2074261502914512
559.8,-7.295526802218099,-8.444743251801562,1.149216449583463
559.9,-7.279115241635694,-8.386301298745487,1.107186057109793
560.0,-7.359015873015927,-8.328026788423543,0.9690109154076154
560.1,-7.4769765478423755,-8.270022950797559,0.7930464029551834
560.2,-7.400275212064088,-8.212392904192905,0.8121176921288171
560.3,-7.466540284359973,-8.155239450261746,0.6886991659017729
560.4,-7.803060000000147,-8.098664875048277,0.29560487504812993
560.5,-8.291942583732112,-8.04277075572391,-0.24917182800820292
560.6,-8.463561116458186,-7.98765777238652,-0.475903344071666
560.7,-8.617130434782558,-7.93342552419435,-0.683704910588208
560.8,-8.563784256559819,-7.880172349051973,-0.6836119075078457
560.9,-8.452997084548107,-7.8279951460906725,-0.6250019384574346
561.0,-8.453935546875002,-7.776989200276703,-0.6769463465982986
561.1,-8.303113837095106,-7.727248008614282,-0.5758658284808238
561.2,-8.047248520709886,-7.678863107562462,-0.3683854131474238
561.3,-7.8661565906839295,-7.6319239014395945,-0.23423268924433494
561.4,-7.8511555333998,-7.586517491733855,-0.26463804166594507
561.5,-7.799316316316314,-7.542728507363336,-0.25658780895297806
561.6,-7.629714285714154,-7.500638936029474,-0.1290753496846806
561.7,-7.834925176946487,-7.460327956886186,-0.37459722006030116
561.8,-7.761113821138243,-7.421871774812261,-0.33924204632598176
561.9,-7.93295092024537,-7.385343456635343,-0.547607463610027
562.0,-7.517259793814442,-7.350812769720573,-0.1664470240938689
562.1,-7.5724875518670975,-7.318346023412044,-0.25414152845505367
562.2,-7.352693430656812,-7.28800591389899,-0.06468751675782158
562.3,-7.180530890052305,-7.259851373160476,0.0793204831081713
562.4,-7.258090526315772,-7.233937422709253,-0.024153103606518123
562.5,-7.263508994709033,-7.210315032900382,-0.05319396180865166
562.6,-7.178893617021265,-7.189030988593755,0.010137371572490395
562.7,-7.144163636363631,-7.1701277619690345,0.02596412560540351
562.8,-7.1881428571427906,-7.15364339329506,-0.03449946384773028
562.9,-7.158883369330518,-7.139611380458326,-0.019271988872191947
563.0,-7.029639913232106,-7.128060578056948,0.09842066482484135
563.1,-6.835290076335781,-7.119015106867151,0.2837250305313699
563.2,-6.551585526315736,-7.112494274486063,0.560908748170327
563.3,-6.520341298467053,-7.108512507939406,0.5881712094723532
563.4,-6.559340396753806,-7.107079299002784,0.5477389022489776
563.5,-6.59833949504056,-7.108199162911681,0.5098596678711216
563.6,-6.637338593327313,-7.111871611030123,0.47453301770281
563.7,-6.676337691614067,-7.118091137923798,0.4417534463097317
563.8,-6.715336789900776,-7.126847223154897,0.4115104332541213
563.9,-6.754335888187529,-7.138124347992028,0.3837884598044994
564.0,-6.7933349864742825,-7.151902027112436,0.35856704063815314
564.1,-6.832334084761036,-7.1681548552655565,0.33582077050452064
564.2,-6.891436499466379,-7.18685256876613,0.29541606929975117
564.3,-6.952624688722816,-7.207960121591189,0.2553354328683728
564.4,-7.013812877979323,-7.231437775768235,0.21762489778891236
564.5,-7.075001067235829,-7.257241205662329,0.18224013842650066
564.6,-7.136189256492335,-7.285321615698418,0.14913235920608336
564.7,-7.197377445748842,-7.315625870992777,0.11824842524393553
564.8,-7.2585656350052785,-7.348096640313913,0.08953100530863445
564.9,-7.319753824261785,-7.382672550748312,0.06291872648652763
565.0,-7.377733466433716,-7.4192883534096,0.041554886975884386
565.1,-7.432138258048407,-7.457875099500264,0.02573684145185684
565.2,-7.486543049663097,-7.498360326012633,0.011817276349535888
565.3,-7.540947841277726,-7.540668250339402,-0.0002795909383239703
565.4,-7.595352632892416,-7.584719973052732,-0.010632659839683534
565.5,-7.649757424507106,-7.6304336881040875,-0.019323736403018543
565.6,-7.704162216121797,-7.677724899693563,-0.026437316428234325
565.7,-7.758567007736487,-7.72650664505714,-0.03206036267934742
565.8,-7.813074720945482,-7.776689722422463,-0.03638499852301891
565.9,-7.867703742613259,-7.828182923388063,-0.03952081922519657
566.0,-7.922332764281036,-7.880893268987029,-0.041439495294007145
566.1,-7.976961785948813,-7.934726248703634,-0.04223553724517881
566.2,-8.031590807616588,-7.989586061719969,-0.04200474589661951
566.3,-8.086219829284303,-8.04537585967896,-0.04084396960534242
566.4,-8.14084885095208,-8.101997990260015,-0.038850860692065226
566.5,-8.195477872619858,-8.159354240873508,-0.03612363174634936
566.6,-8.262202874516356,-8.2173460817904,-0.044856792725957106
566.7,-8.331163626312941,-8.2758749080331,-0.05528871827984183
566.8,-8.400124378109448,-8.334842279363555,-0.06528209874589308
566.9,-8.469085129906032,-8.394150157714881,-0.07493497219115142
567.0,-8.538045881702617,-8.453701141424489,-0.08434474027812833
567.1,-8.607006633499202,-8.513398695640262,-0.0936079378589394
567.2,-8.675967385295788,-8.573147378287137,-0.1028200070086509
567.3,-8.733156799999986,-8.632853060999665,-0.10030373900032075
567.4,-8.782756799999998,-8.692423144446503,-0.09033365555349526
567.5,-8.832356800000008,-8.751766767494976,-0.08059003250503238
567.6,-8.88195680000002,-8.81079500968697,-0.07116179031305059
567.7,-8.931556800000031,-8.869421086520378,-0.06213571347965363
567.8,-8.981156799999987,-8.927560537051912,-0.053596262948074624
567.9,-9.030756799999997,-8.9851314033567,-0.04562539664329712
568.0,-9.115348025711675,-9.04205440139755,-0.07329362431412534
568.1,-9.212685032139609,-9.098253082872384,-0.11443194926722455
568.2,-9.31002203856754,-9.153653987623168,-0.15636805094437278
568.3,-9.407359044995363,-9.208186786206225,-0.19917225878913847
568.4,-9.504696051423295,-9.261784412245067,-0.242911639178228
568.5,-9.602033057851228,-9.314383184215842,-0.2876498736353863
568.6,-9.678814140763407,-9.365922916353979,-0.3128912244094284
568.7,-9.67285504912224,-9.416347018419007,-0.2565080307032339
568.8,-9.66689595748108,-9.46560258411228,-0.2012933733687987
568.9,-9.660936865839913,-9.51364046800619,-0.14729639783372228
569.0,-9.654977774198745,-9.560415350907999,-0.09456242329074627
569.1,-9.649018682557578,-9.60588579364026,-0.04313288891731837
569.2,-9.64305959091641,-9.65001427926836,0.006954688351950011
569.3,-9.716134530667524,-9.692767243841816,-0.023367286825708433
569.4,-9.790007793968119,-9.734115095740126,-0.05589269822799281
569.5,-9.863881057268713,-9.774032223728339,-0.08984883354037443
569.6,-9.93775432056931,-9.812496993836657,-0.12525732673265288
569.7,-10.011627583869904,-9.849491735188128,-0.16213584868177655
569.8,-10.079125445473984,-9.88500271491318,-0.19412273056080487
569.9,-10.080550962223807,-9.919020102311979,-0.16153085991182792
570.0,-10.081976478973628,-9.951537922455497,-0.13043855651813097
570.1,-10.08340199572345,-9.982553999452263,-0.10084799627118812
570.2,-10.084827512473272,-10.012069889646314,-0.0727576228269573
570.3,-10.086253029223093,-10.040090805048555,-0.046162224174537414
570.4,-10.084146496815288,-10.06662552733521,-0.017520969480077753
570.5,-10.078151742225552,-10.09168631277191,0.013534570546358538
570.6,-10.072156987635818,-10.115288788439818,0.04313180080399981
570.7,-10.066162233046082,-10.137451840151176,0.07128960710509347
570.8,-10.060167478456355,-10.158197492445602,0.09803001398924671
570.9,-10.065159842519646,-10.177550781055306,0.1123909385356594
571.0,-10.13878188976377,-10.195539618217412,0.056757728453641576
571.1,-10.212403937007892,-10.212194651195643,-0.00020928581224843867
571.2,-10.286025984252014,-10.227549114354684,-0.05847686989732992
571.3,-10.359648031496052,-10.241638675113048,-0.1180093563830038
571.4,-10.426806118230667,-10.254501274090051,-0.17230484414061564
571.5,-10.388980570483662,-10.266176959763234,-0.12280361072042822
571.6,-10.351155022736657,-10.276707717966026,-0.0744473047706311
571.7,-10.313329474989652,-10.286137296578845,-0.027192178410807344
571.8,-10.27550392724269,-10.294511025794845,0.0190070985521551
571.9,-10.259412887828125,-10.301875634366965,0.04246274653884008
572.0,-10.32038055977434,-10.30827906226061,-0.012101497513731019
572.1,-10.381348231720557,-10.313770270144769,-0.06757796157578788
572.2,-10.442315903666772,-10.318399046156374,-0.12391685751039816
572.3,-10.503283575612919,-10.322215810373754,-0.181067765239165
572.4,-10.521440400363966,-10.325271417441895,-0.19616898292207097
572.5,-10.512341219290262,-10.32761695780917,-0.184724261481092
572.6,-10.503242038216557,-10.329303558063476,-0.17393848015308144
572.7,-10.494142857142853,-10.330382180893105,-0.16376067624974766
572.8,-10.482748153442946,-10.330903425240036,-0.15184472820291006
572.9,-10.462972122944969,-10.330917327256872,-0.13205479568809686
573.0,-10.44319609244699,-10.330473162720658,-0.11272292972633302
573.1,-10.423420061949013,-10.329619251596116,-0.09380081035289756
573.2,-10.40261331338818,-10.328402765476723,-0.07421054791145743
573.3,-10.325575168287264,-10.326869538663901,0.001294370376637488
573.4,-10.24853702318626,-10.325063883671424,0.07652686048516344
573.5,-10.171498878085258,-10.32302841196246,0.15152953387720203
573.6,-10.094677091477694,-10.320803860737296,0.2261267692596025
573.7,-10.048547302580104,-10.318428926587005,0.2698816240069011
573.8,-10.002417513682566,-10.315940106809505,0.31352259312693853
573.9,-9.956287724784977,-10.313371549149004,0.3570838243640271
574.0,-9.933904269785199,-10.310754910668853,0.3768506408836547
574.1,-10.027458797933164,-10.308119226403857,0.28066042847069284
574.2,-10.121013326081128,-10.30549078836421,0.18447746228308226
574.3,-10.214567854228987,-10.30289303538466,0.0883251811556729
574.4,-10.20261082766438,-10.300346454237099,0.09773562657271917
574.5,-10.082145975056644,-10.297868492360763,0.21572251730411907
574.6,-9.961681122448907,-10.295473482514643,0.3337923600657362
574.7,-9.84121626984117,-10.293172579616384,0.4519563097752144
574.8,-9.969858195754703,-10.290973709989226,0.32111551423452234
574.9,-10.107535082547185,-10.288881533182456,0.18134645063527088
575.0,-10.245211969339667,-10.28689741645969,0.04168544712002209
575.1,-10.256103796693155,-10.285019421972455,0.028915625279299917
575.2,-10.172515309246714,-10.283242306569498,0.11072699732278402
575.3,-10.088926821800369,-10.281557534144119,0.19263071234374962
575.4,-10.042691526499533,-10.279953300391,0.23726177389146663
575.5,-10.080774674706456,-10.278414569819073,0.19763989511261748
575.6,-10.118857822913379,-10.276923124837024,0.15806530192364576
575.7,-10.153814960629932,-10.275457626688858,0.12164266605892671
575.8,-10.171859580052487,-10.273993687971872,0.10213410791938493
575.9,-10.189904199475064,-10.27250395642508,0.08259975695001565
576.0,-10.205524551303757,-10.270958209637293,0.06543365833353576
576.1,-10.201122248560784,-10.269323460292075,0.06820121173129046
576.2,-10.19671994581781,-10.267564071540848,0.07084412572303833
576.3,-10.19694525801952,-10.265641882073947,0.06869662405442689
576.4,-10.222398535564855,-10.263516340440738,0.041117804875883124
576.5,-10.247851813110191,-10.26114464815295,0.013292835042758355
576.6,-10.260761274158899,-10.258481911089614,-0.002279363069284557
576.7,-10.24250787401573,-10.255481298708766,0.012973424693035085
576.8,-10.224254473872584,-10.252094210561404,0.027839736688820338
576.9,-10.230005133846724,-10.248270449597277,0.018265315750552347
577.0,-10.260441510817763,-10.243958401748202,-0.016483109069561408
577.1,-10.2908778877888,-10.239105221271421,-0.05177266651737966
577.2,-10.298,-10.233657021332753,-0.0643429786672467
577.3,-10.298,-10.227559069309073,-0.0704409306909266
577.4,-10.293481481481503,-10.220755986294058,-0.07272549518744498
577.5,-10.24689881634212,-10.213191950300576,-0.033706866041544714
577.6,-10.200316151202738,-10.204810902666422,0.0044947514636834995
577.7,-10.160975552968551,-10.195556757184367,0.03458120421581512
577.8,-10.129543655413284,-10.185373611489585,0.055829956076300036
577.9,-10.09811175785798,-10.17420596024439,0.0760942023864093
578.0,-10.033705072748733,-10.161998909660236,0.12829383691150298
578.1,-9.96567518678727,-10.14869839288975,0.18302320610248124
578.2,-9.942640159045727,-10.134251385807145,0.1916112267614185
578.3,-10.0002942345924,-10.118606122673112,0.11831188808071147
578.4,-10.057948310139142,-10.101712311150209,0.043764001011066256
578.5,-10.095392943063343,-10.083521346099468,-0.011871596963874964
578.6,-10.12907377706495,-10.063986521555183,-0.06508725550976635
578.7,-10.096257661290318,-10.04306324024922,-0.053194421041098394
578.8,-9.939402822580742,-10.020709220043198,0.08130639746245549
578.9,-9.782547983870987,-9.996884696624507,0.21433671275351962
579.0,-9.850938915857613,-9.971552621823841,0.12061370596622822
579.1,-9.95328519417478,-9.944678856907812,-0.008606337266968467
579.2,-10.001814904819751,-9.91623236018496,-0.08558254463479109
579.3,-9.968603078169313,-9.886185368241298,-0.08241770992801456
579.4,-9.935391251518837,-9.854513570103853,-0.08087768141498408
579.5,-9.975420711974111,-9.821196273626015,-0.15422443834809663
579.6,-10.02113268608415,-9.78621656339771,-0.2349161226864389
579.7,-10.038645161290315,-9.749561449503048,-0.2890837117872671
579.8,-10.02251612903226,-9.711222006477058,-0.3112941225552017
579.9,-10.006387096774189,-9.671193501853486,-0.3351935949207032
580.0,-9.877537720706231,-9.629475513748803,-0.2480622069574281
580.1,-9.745916532905284,-9.58607203699173,-0.15984449591355343
580.2,-9.674915969733174,-9.540991577377001,-0.13392439235617282
580.3,-9.668544006371967,-9.494247233689308,-0.1742967726826592
580.4,-9.662172043010754,-9.445856767202079,-0.21631527580867527
580.5,-9.610485973923344,-9.395842658404804,-0.21464331551853988
580.6,-9.557542473330685,-9.34423215075636,-0.21331032257432447
580.7,-9.4103291634088,-9.291057281306049,-0.11927188210275119
580.8,-9.144105551212036,-9.236354898070635,0.09224934685859942
580.9,-8.87788193901497,-9.180166664100886,0.30228472508591686
581.0,-8.715100502512582,-9.122539048205208,0.40743854569262616
581.1,-8.56589292616928,-9.063523302308212,0.49763037613893246
581.2,-8.50851546391761,-9.003175425398602,0.494659961480993
581.3,-8.66850019091252,-8.94155611396175,0.2730559230492311
581.4,-8.82848491790761,-8.878730698705889,0.050245780798277906
581.5,-8.925966101694923,-8.8147690672935,-0.11119703440142281
581.6,-8.993762711864408,-8.749745572701967,-0.24401713916244105
581.7,-9.059103563474391,-8.683738926778831,-0.37536463669555964
581.8,-9.020128062360827,-8.61683207853751,-0.4032959838233179
581.9,-8.98115256124722,-8.549112076758922,-0.43204048448829724
582.0,-9.004782894736906,-8.480669916517352,-0.5241129782195539
582.1,-9.156098684210631,-8.411600369326862,-0.7444983148837689
582.2,-9.307414473684357,-8.342001796702293,-0.9654126769820639
582.3,-9.357477150053976,-8.271975947047233,-1.0855012030067428
582.4,-9.338045699892046,-8.201627735927838,-1.1364179639642078
582.5,-9.318614249730116,-8.13106500997392,-1.187549239756196
582.6,-9.094859823008788,-8.060398294868447,-1.0344615281403406
582.7,-8.824417345132646,-7.9897405281354,-0.8346768169972467
582.8,-8.553974867256812,-7.919206777699098,-0.6347680895577144
582.9,-8.269165970772498,-7.84891394744729,-0.42025202332520806
583.0,-7.984197286012452,-7.778980471266672,-0.20521681474578024
583.1,-7.699806297056627,-7.709525997218085,0.009719700161458178
583.2,-7.4198610540723955,-7.640671063670634,0.22081000959823882
583.3,-7.139915811088483,-7.5725367693155645,0.4326209582270817
583.4,-6.861564223268502,-7.505244439030778,0.6436802157622763
583.5,-6.589876260928089,-7.438915287564947,0.8490390266368575
583.6,-6.3181882985876765,-7.373670082956564,1.0554817843688875
583.7,-6.170535183350052,-7.309628811498405,1.1390936281483537
583.8,-6.46521638586045,-7.246910345903402,0.7816939600429516
583.9,-6.759897588371183,-7.185632118130976,0.42573452975979276
584.0,-7.008909090909066,-7.125909798111851,0.11700070720278521
584.1,-7.065727272727262,-7.067856979395433,0.0021297066681711385
584.2,-7.122545454545458,-7.01158487257025,-0.11096058197520797
584.3,-7.169712188896004,-6.95720200719349,-0.21251018170251434
584.4,-7.140356732610101,-6.904813942909404,-0.23554278970069742
584.5,-7.111001276324198,-6.8545229904251865,-0.25647828589901156
584.6,-7.081645820038295,-6.806427943032956,-0.27521787700533906
584.7,-6.852289028213122,-6.760623819406698,-0.09166520880642448
584.8,-6.6184332288402645,-6.717201618454498,0.09876838961423307
584.9,-6.384577429467141,-6.676248087058587,0.29167065759144606
585.0,-5.905181818181888,-6.637845501575049,0.7326636833931603
585.1,-5.359727272727315,-6.602071463974828,1.242344191247513
585.2,-4.814272727272742,-6.568998713469347,1.754725986196605
585.3,-4.79907724931802,-6.538694954356961,1.739617705038941
585.4,-5.230158739775683,-6.511222700633103,1.28106396085742
585.5,-5.6612402302333455,-6.486639137626422,0.8253989073930761
585.6,-6.057369487485286,-6.464996000584849,0.40762651309956244
585.7,-6.3440202622171755,-6.446339469793831,0.10231920757665591
585.8,-6.630671036948739,-6.43071008151865,-0.19996095543008874
585.9,-6.917321811680628,-6.418142653856198,-0.4991791578244298
586.0,-6.954672721945504,-6.408666226465655,-0.5460064954798485
586.1,-6.959946674479932,-6.402304013114185,-0.5576426613657466
586.2,-6.965220627014359,-6.39907336600922,-0.5661472610051392
586.3,-6.950138080138387,-6.398985750974963,-0.5511523291634246
586.4,-6.91237503603345,-6.402046732647311,-0.5103283033861388
586.5,-6.8746119919285125,-6.408255968991522,-0.4663560229369903
586.6,-6.836838773772348,-6.41760721457981,-0.4192315591925375
586.7,-6.7965322168606175,-6.430088332195549,-0.3664438846650686
586.8,-6.7562256599489325,-6.445681312453039,-0.31054434749589355
586.9,-6.715919103037202,-6.4643623012342895,-0.25155680180291284
587.0,-6.736931265716664,-6.486101634845273,-0.2508296308713911
587.1,-6.8241064543168575,-6.5108638828831555,-0.31324257143370193
587.2,-6.911281642917052,-6.538607898884225,-0.37267374403282716
587.3,-6.998456831517147,-6.569286878893879,-0.4291699526232673
587.4,-6.977951279933943,-6.6028484281718525,-0.37510285176209024
587.5,-6.945746490503711,-6.639234636323913,-0.3065118541797984
587.6,-6.913541701073479,-6.678382161237095,-0.23515953983638394
587.7,-6.87364830393483,-6.720222322284519,-0.15342598165031163
587.8,-6.812861329715083,-6.764681203350072,-0.048180126365010345
587.9,-6.752074355495266,-6.8116797662951,0.0596054107998345
588.0,-6.6912873812754485,-6.861133975543704,0.16984659426825566
588.1,-6.720354640278164,-6.912954934496929,0.19260029421876457
588.2,-6.813427654453115,-6.967049034497131,0.15362138004401604
588.3,-6.9065006686279595,-7.023318117053145,0.11681744842518516
588.4,-6.99957368280291,-7.081659650009706,0.08208596720679573
588.5,-6.968505146476622,-7.141966918309579,0.1734617718329563
588.6,-6.9146650831353655,-7.204129229961402,0.2894641468260364
588.7,-6.860825019794108,-7.268032137792223,0.40720711799811493
588.8,-6.800885416666734,-7.333557677525736,0.5326722608590018
588.9,-6.638125000000037,-7.40058462267581,0.7624596226757729
589.0,-6.475364583333339,-7.468988756670499,0.9936241733371602
589.1,-6.312604166666642,-7.538643162516434,1.226038995849792
589.2,-6.190444444444454,-7.609418530169434,1.4189740857249804
589.3,-6.215650205761307,-7.681183481587036,1.4655332758257291
589.4,-6.240855967078189,-7.753804913198543,1.5129489461203542
589.5,-6.26606172839507,-7.827148355241262,1.5610866268461923
589.6,-6.379524523507178,-7.90107834708727,1.521553823580092
589.7,-6.673806607370001,-7.975458827335909,1.3016522199659075
589.8,-6.968088691232491,-8.050153537085674,1.082064845853183
589.9,-7.262370775095315,-8.125026434438794,0.8626556593434795
590.0,-7.635772418990331,-8.199942117949231,0.5641696989589002
590.1,-8.131376538558392,-8.274766256417518,0.1433897178591259
590.2,-8.626980658126453,-8.349366022178819,-0.2776146359476339
590.3,-9.12258477769395,-8.423610524836594,-0.6989742528573561
590.4,-9.415125962732919,-8.497371242276575,-0.9177547204563439
590.5,-9.417858881987579,-8.570522445764837,-0.8473364362227418
590.6,-9.420591801242237,-8.642941615990866,-0.7776501852513711
590.7,-9.423324720496897,-8.714509847047015,-0.7088148734498816
590.8,-9.469913695598663,-8.785112235511729,-0.6848014600869341
590.9,-9.585969756577297,-8.854638251996064,-0.7313315045812327
591.0,-9.702025817555931,-8.922982092702322,-0.7790437248536097
591.1,-9.818081878534565,-8.990043008725118,-0.828038869809447
591.2,-9.94062220058428,-9.055725611003536,-0.8848965895807428
591.3,-10.076941577409864,-9.119940149014898,-0.9570014283949657
591.4,-10.213260954235603,-9.182602761491983,-1.0306581927436191
591.5,-10.349580331061341,-9.243635697648989,-1.1059446334123528
591.6,-10.456795465508925,-9.302967507619515,-1.1538279578894102
591.7,-10.455830680173662,-9.360533201043621,-1.095297479130041
591.8,-10.454865894838399,-9.416274372990198,-1.0385915218482005
591.9,-10.453901109503136,-9.47013929666199,-0.983761812841145
592.0,-10.450442717053317,-9.52208298259628,-0.9283597344570378
592.1,-10.411696005740234,-9.57206720433633,-0.8396288014039044
592.2,-10.372949294427151,-9.620060490800556,-0.752888803626595
592.3,-10.334202583114113,-9.66603808581443,-0.6681644972996832
592.4,-10.29545587180103,-9.7099818754919,-0.5854739963091298
592.5,-10.30569053829736,-9.75188028435654,-0.5538102539408207
592.6,-10.322290016599476,-9.791728141276586,-0.5305618753228902
592.7,-10.33888949490159,-9.829526516453514,-0.5093629784480758
592.8,-10.355488973203686,-9.865282530853673,-0.4902064423500132
592.9,-10.37515254237287,-9.899009139610916,-0.476143402761954
593.0,-10.39633898305084,-9.93072489105866,-0.4656140919921814
593.1,-10.417525423728812,-9.960453663174636,-0.4570717605541752
593.2,-10.438711864406782,-9.988224379341927,-0.4504874850648548
593.3,-10.418201309329032,-10.014070705446665,-0.40413060388236666
593.4,-10.340109188683694,-10.038030730446286,-0.30207845823740875
593.5,-10.262017068038357,-10.060146632651616,-0.20187043538674132
593.6,-10.18392494739302,-10.080464334068163,-0.10346061332485768
593.7,-10.099129152148606,-10.099033145231274,-9.600691733169242e-05
593.8,-9.974158188153382,-10.115905403040832,0.14174721488745057
593.9,-9.849187224158014,-10.131136104149428,0.2819488799914147
594.0,-9.724216260162645,-10.144782536480891,0.4205662763182456
594.1,-9.599245296167279,-10.15690391145078,0.5576586152835006
594.2,-9.413141801385686,-10.167560999424449,0.7544191980387627
594.3,-9.215220323325816,-10.176815770879022,0.961595447553206
594.4,-9.01729884526572,-10.184731045630654,1.1674322003649333
594.5,-8.819377367205627,-10.191370152344353,1.3719927851387261
594.6,-8.800207720588205,-10.196796600356075,1.3965888797678705
594.7,-8.954159926470588,-10.201073765603734,1.2469138391331462
594.8,-9.1081121323528,-10.204264592189169,1.0961524598363699
594.9,-9.262064338235183,-10.206431310790848,0.9443669725556649
595.0,-9.41904666056716,-10.207635174838268,0.7885885142711082
595.1,-9.592422689844433,-10.207936215065068,0.615513525220635
595.2,-9.765798719121708,-10.207393012793286,0.441594293671578
595.3,-9.939174748398784,-10.206062492072725,0.26688774367394075
595.4,-10.112550777676057,-10.203999730609864,0.09144895293380628
595.5,-10.099638268792715,-10.201257789271637,0.10161952047892164
595.6,-10.035401366742581,-10.19788755984038,0.16248619309779855
595.7,-9.971164464692448,-10.193937630622662,0.22277316593021368
595.8,-9.906927562642387,-10.189454169465412,0.28252660682302455
595.9,-9.911479564032692,-10.184480823693184,0.27300125966049116
596.0,-10.021833787465942,-10.179058636437532,0.15722484897158928
596.1,-10.132188010899192,-10.173225978778856,0.04103796787966374
596.2,-10.242542234332443,-10.167018497066175,-0.07552373726626804
596.3,-10.352896457765567,-10.160469074731099,-0.1924273830344685
596.4,-10.351758152173915,-10.153607807879345,-0.1981503442945698
596.5,-10.34949365942029,-10.146461993933286,-0.20303166548700347
596.6,-10.347229166666667,-10.13905613261253,-0.2081730340541359
596.7,-10.344964673913042,-10.131411938571649,-0.21355273534139307
596.8,-10.302370085856362,-10.123548365057276,-0.17882172079908543
596.9,-10.2298441030276,-10.115481637994828,-0.11436246503277303
597.0,-10.15731812019884,-10.107225299963563,-0.05009282023527639
597.1,-10.08479213737008,-10.098790263564196,0.013998126194115557
597.2,-10.005672682156511,-10.09018487372094,0.08451219156442846
597.3,-9.888596210241442,-10.081414978486027,0.19281876824458521
597.4,-9.771519738326239,-10.072484007925961,0.30096426959972256
597.5,-9.654443266411036,-10.063393060662841,0.40894979425180544
597.6,-9.537366794495835,-10.054140997618147,0.5167742031223117
597.7,-9.650641875140916,-10.044724542457947,0.394082667317031
597.8,-9.855735406806305,-10.035138388167146,0.1794029813608411
597.9,-10.060828938471928,-10.025375309091949,-0.035453629379979645
598.0,-10.265922470137552,-10.015426277698685,-0.25049619243886667
598.1,-10.39445606128882,-10.005280585223682,-0.38917547606513736
598.2,-10.324154123478982,-9.994925965350573,-0.32922815812840867
598.3,-10.253852185669222,-9.984348720055918,-0.2695034656133046
598.4,-10.183550247859385,-9.973533846806033,-0.21001640105335184
598.5,-10.113248310049546,-9.96246516635288,-0.1507831436966658
598.6,-10.112791075050717,-9.951125450447549,-0.16166562460316847
598.7,-10.12563759296823,-9.93949654885426,-0.18614104411397037
598.8,-10.13848411088573,-9.927559515102084,-0.21092459578364675
598.9,-10.151330628803244,-9.915294730458285,-0.23603589834495864
599.0,-10.14309090909091,-9.902682025651488,-0.24040888343942157
599.1,-10.103614256711024,-9.88970079991933,-0.21391345679169405
599.2,-10.064137604331139,-9.87633013700562,-0.18780746732551812
599.3,-10.024660951951299,-9.862548917785467,-0.16211203416583153
599.4,-9.985184299571413,-9.848335929250323,-0.13684837032108987
599.5,-9.963179846362406,-9.833669969635528,-0.1295098767268783
599.6,-9.941715770447352,-9.818529949518622,-0.12318582092873065
599.7,-9.920251694532299,-9.802894988757028,-0.11735670577527024
599.8,-9.89878761861727,-9.786744509169516,-0.11204310944775386
599.9,-9.867077428118636,-9.770058322898354,-0.09701910522028179
600.0,-9.826778582748464,-9.752816716419245,-0.07396186632921875
600.1,-9.78647973737829,-9.735000530194364,-0.051479207183925624
600.2,-9.746180892008118,-9.716591233989439,-0.029589658018679188
600.3,-9.712038147138964,-9.697570997898032,-0.014467149240932287
600.4,-9.720212534059947,-9.67792275913392,-0.042289774926025814
600.5,-9.728386920980927,-9.657630284665759,-0.07075663631516882
600.6,-9.736561307901908,-9.636678229778243,-0.09988307812366592
600.7,-9.74473569482289,-9.615052192653605,-0.12968350216928393
600.8,-9.642561175666541,-9.592738765079574,-0.04982241058696779
600.9,-9.498109136477623,-9.569725579406603,0.0716164429289794
601.0,-9.353657097288705,-9.546001351896447,0.1923442546077414
601.1,-9.209205058099789,-9.521555922619228,0.3123508645194395
601.2,-9.139356358645953,-9.496380292058042,0.3570239334120888
601.3,-9.218267612076813,-9.470466654560692,0.2521990424838787
601.4,-9.297178865507762,-9.443808428735839,0.14662956322807652
601.5,-9.376090118938711,-9.416400284831386,0.04031016589267544
601.6,-9.45500137236966,-9.388238169069378,-0.0667632033002814
601.7,-9.457115605607905,-9.359319324857704,-0.09779628075020064
601.8,-9.456196276717996,-9.32964231076412,-0.12655396595387636
601.9,-9.455276947828086,-9.299207015125173,-0.1560699327029127
602.0,-9.454357618938175,-9.268014667168664,-0.186342951769511
602.1,-9.437341497227356,-9.236067844548433,-0.20127365267892294
602.2,-9.410077171903877,-9.203370477220263,-0.20670669468361424
602.3,-9.38281284658043,-9.169927847624935,-0.21288499895549506
602.4,-9.355548521256951,-9.135746587187452,-0.21980193406949944
602.5,-9.313112712061397,-9.100834669188542,-0.212278042872855
602.6,-9.23223890309089,-9.065201398114292,-0.16703750497659797
602.7,-9.151365094120385,-9.028857395640612,-0.12250769847977239
602.8,-9.07049128514997,-8.991814583459218,-0.07867670169075147
602.9,-8.989617476179463,-8.954086163197887,-0.035531312981575525
603.0,-8.865328029948557,-8.915686593726685,0.05035856377812742
603.1,-8.740152550304144,-8.876631566171088,0.13647901586694466
603.2,-8.614977070659732,-8.836937976970255,0.2219609063105228
603.3,-8.48980159101546,-8.796623899321677,0.3068223083062165
603.4,-8.49192648444864,-8.755708553339469,0.2637820688908281
603.5,-8.547063147973631,-8.714212275221179,0.16714912724754782
603.6,-8.602199811498622,-8.672156485670333,0.0699566741717117
603.7,-8.65733647502361,-8.629563657766617,-0.02777281725699332
603.8,-8.648591448931121,-8.586457284424192,-0.062134164506929324
603.9,-8.565456057007122,-8.542861845541022,-0.022594211466099523
604.0,-8.482320665083122,-8.498802774922172,0.01648210983904974
604.1,-8.399185273159123,-8.454306427055183,0.05512115389606009
604.2,-8.332774850299394,-8.40940004381815,0.07662519351875652
604.3,-8.316008383233543,-8.364111721202974,0.04810333796943134
604.4,-8.29924191616767,-8.318470376132812,0.019228459965141553
604.5,-8.2824754491018,-8.27250571344383,-0.009969735657969991
604.6,-8.263630319148936,-8.226248193090129,-0.037382126058806975
604.7,-8.219868230174068,-8.179728997621439,-0.04013923255262952
604.8,-8.17610614119925,-8.132979999978675,-0.043126141220575676
604.9,-8.132344052224383,-8.086033731653691,-0.04631032057069184
605.0,-8.088581963249515,-8.03892335126525,-0.04965861198426502
605.1,-8.021214355468725,-7.9916826136119505,-0.02953174185677465
605.2,-7.952366699218702,-7.944345839272906,-0.008020859945796488
605.3,-7.883519042968757,-7.896947884837209,0.013428841868451613
605.4,-7.814671386718734,-7.849524113852145,0.03485272713341114
605.5,-7.743330125832684,-7.802110368586054,0.058780242753369905
605.6,-7.671531458179079,-7.754742942703398,0.08321148452431881
605.7,-7.599732790525475,-7.707458554946202,0.10772576442072701
605.8,-7.527934122871952,-7.660294323907148,0.13236020103519586
605.9,-7.498970059880237,-7.61328774396518,0.11431768408494314
606.0,-7.48125548902195,-7.566476662434544,0.08522117341259428
606.1,-7.4635409181636625,-7.519899257953953,0.05635833979029048
606.2,-7.445826347305375,-7.473594020116476,0.02776767281110093
606.3,-7.3958823529411895,-7.427599730316276,0.031717377375086286
606.4,-7.337058823529418,-7.381955443768083,0.04489662023866536
606.5,-7.278235294117646,-7.336700472640124,0.05846517852247768
606.6,-7.2194117647058755,-7.291874370229704,0.07246260552382822
606.7,-7.141889314928403,-7.247516916100206,0.10562760117180314
606.8,-7.06034534764832,-7.2036681020863425,0.14332275443802267
606.9,-6.978801380368143,-7.1603681190591555,0.18156673869101247
607.0,-6.897257413087966,-7.117657344321843,0.22039993123387713
607.1,-6.901328497409325,-7.075576329480326,0.1742478320710017
607.2,-6.913763730569951,-7.034165788597913,0.12040205802796233
607.3,-6.926198963730562,-6.99346658640289,0.06726762267232811
607.4,-6.934557131599705,-6.953519726275831,0.018962594676125377
607.5,-6.867049908064105,-6.914366337705606,0.04731642964150051
607.6,-6.7995426845285065,-6.8760476628739235,0.07650497834541703
607.7,-6.732035460992908,-6.838605042007816,0.10656958101490854
607.8,-6.696546787523265,-6.802079897124493,0.10553310960122797
607.9,-6.760263129832001,-6.766513713778188,0.006250583946187049
608.0,-6.823979472140738,-6.731948020401442,-0.09203145173929528
608.1,-6.887695814449474,-6.6984243648157005,-0.18927144963377351
608.2,-6.897851691474959,-6.665984287474786,-0.23186740400017314
608.3,-6.852926116373514,-6.634669291007204,-0.21825682536630975
608.4,-6.808000541272017,-6.604520805643444,-0.2034797356285729
608.5,-6.76307496617052,-6.575580150150803,-0.18749481601971674
608.6,-6.735569425350568,-6.547888487944695,-0.18768093740587322
608.7,-6.712473467143249,-6.521486778095521,-0.19098668904772786
608.8,-6.689377508935956,-6.496415720999661,-0.19296178793629526
608.9,-6.6725662751677755,-6.472715698530975,-0.19985057663680017
609.0,-6.688505872483218,-6.450426708536078,-0.23807916394714024
609.1,-6.704445469798662,-6.42958829358376,-0.27485717621490213
609.2,-6.720385067114105,-6.410239463927984,-0.31014560318612094
609.3,-6.719009106431421,-6.392418614696828,-0.326590491734593
609.4,-6.705349459305635,-6.376163437378732,-0.32918602192690294
609.5,-6.69168981217985,-6.3615108257433945,-0.33017898643645527
609.6,-6.674329759489979,-6.3484967764070195,-0.32583298308295916
609.7,-6.608551724137892,-6.337156284328272,-0.2713954398096199
609.8,-6.542773688785881,-6.327523233599744,-0.21525045518613695
609.9,-6.476995653433795,-6.319630283976951,-0.15736536945684332
610.0,-6.4001960436964795,-6.313508753659204,-0.08668729003727549
610.1,-6.316641275464991,-6.309188498900053,-0.007452776564938368
610.2,-6.233086507233502,-6.306697791076,0.0736112838424976
610.3,-6.1803624322696935,-6.306063191878271,0.12570075960857707
610.4,-6.2291282360024045,-6.307309427312099,0.07818119130969414
610.5,-6.2778940397351155,-6.310459261191313,0.032565221456197335
610.6,-6.3266598434678265,-6.315533368806173,-0.011126474661653063
610.7,-6.416082642089176,-6.322550211426283,-0.09353243066289263
610.8,-6.509477419354826,-6.331525912286106,-0.17795150706871965
610.9,-6.602872196620583,-6.3424741346950775,-0.2603980619255051
611.0,-6.5543375156837955,-6.35540596292209,-0.1989315527617057
611.1,-6.431376411543244,-6.3703297865273525,-0.06104662501589164
611.2,-6.308415307402694,-6.387251188851007,0.07883588144831322
611.3,-6.202787111253644,-6.406172840408667,0.2033857291550225
611.4,-6.116862135299804,-6.427094397975955,0.3102322626761511
611.5,-6.030937159345963,-6.4500124101547565,0.4190752508087936
611.6,-5.9982285245901625,-6.474920230196641,0.4766917056064788
611.7,-6.064785901639369,-6.501807936812805,0.4370220351734364
611.8,-6.1313432786885,-6.530662263628205,0.39931898493970497
611.9,-6.2374790338812485,-6.561466537846777,0.32398750396552867
612.0,-6.436405568601201,-6.594200628594158,0.1577950599929565
612.1,-6.635332103321155,-6.628840905304984,-0.00649119801617104
612.2,-6.782037113402091,-6.665360206434497,-0.11667690696759436
612.3,-6.816745017182122,-6.7037278187084155,-0.11301719847370606
612.4,-6.851452920962192,-6.743909467087295,-0.1075434538748965
612.5,-6.848591341077088,-6.78586731561159,-0.06272402546549838
612.6,-6.791217177050317,-6.829559979304075,0.038342802253757746
612.7,-6.733843013023546,-6.874942547325644,0.1410995343020982
612.8,-6.719029963898911,-6.921966617597741,0.2029366536988304
612.9,-6.736719494584833,-6.970580343110933,0.2338608485261
613.0,-6.754409025270755,-7.020728490128788,0.26631946485803315
613.1,-6.864306039273806,-7.072352508468137,0.20804646919433178
613.2,-6.997688773619887,-7.125390613994043,0.12770184037415522
613.3,-7.123367820464017,-7.1797778834166746,0.056410062952657825
613.4,-7.178141498668681,-7.235446361425622,0.05730486275694169
613.5,-7.232915176873345,-7.292325180152401,0.05941000327905677
613.6,-7.242756154747927,-7.35034069091819,0.10758453617026298
613.7,-7.201724501758468,-7.409416608199819,0.2076921064413506
613.8,-7.160692848769057,-7.469474165727069,0.3087813169580125
613.9,-7.252385542168675,-7.5304322846007965,0.2780467424321218
614.0,-7.357204819277122,-7.592207753287313,0.23500293401019068
614.1,-7.363157024793341,-7.654715419296957,0.29155839450361576
614.2,-7.232578512396596,-7.717868392295989,0.4852898798993923
614.3,-7.102,-7.78157825833496,0.6795782583349599
614.4,-7.054806122448984,-7.845755304801951,0.7909491823529669
614.5,-7.0076122448979685,-7.910308755616341,0.9026965107183722
614.6,-7.067318739054292,-7.975147016057247,0.9078282770029551
614.7,-7.185094570928242,-8.040177926465933,0.8550833555376913
614.8,-7.387186654643658,-8.105309023877775,0.7181223692341163
614.9,-7.73660054102782,-8.17044781043801,0.43384726941018936
615.0,-8.047070599163938,-8.235502027252117,0.1884314280881796
615.1,-8.129745935903406,-8.300379932134183,0.17063399623077657
615.2,-8.212421272642874,-8.364990579561885,0.15256930691901083
615.3,-8.405898564593189,-8.42924410103329,0.023345536440102066
615.4,-8.60015693779892,-8.493051983945193,-0.10710495385372631
615.5,-8.95623285643803,-8.556327347065988,-0.39990550937204183
615.6,-9.329691169215735,-8.618985210653133,-0.7107059585626025
615.7,-9.288221770091486,-8.68094275927151,-0.6072790108199762
615.8,-9.188018311291978,-8.742119595414643,-0.44589871587733576
615.9,-9.353559748427614,-8.802437982119068,-0.5511217663085457
616.0,-9.545226781857394,-8.861823072882409,-0.6834037089749856
616.1,-9.658617710583187,-8.92020312732976,-0.7384145832534266
616.2,-9.754081803005002,-8.977509711211106,-0.7765720917938967
616.3,-9.747960489705065,-9.0336778794575,-0.7142826102475652
616.4,-9.735306414662086,-9.088646341181942,-0.6466600734801435
616.5,-9.71067869415808,-9.142357605680932,-0.5683210884771484
616.6,-9.770391868002386,-9.19475810866674,-0.5756337593356466
616.7,-9.884711255156265,-9.245798318129319,-0.6389129370269462
616.8,-9.924763779527552,-9.29543281938597,-0.6293309601415817
616.9,-9.96140236318407,-9.34362037902783,-0.61778198415624
617.0,-10.009287935323385,-9.390323987620405,-0.61896394770298
617.1,-10.014374999999992,-9.435510881164555,-0.5788641188354369
617.2,-9.998758485639692,-9.479152541474814,-0.5196059441648782
617.3,-10.007896866840724,-9.521224675781433,-0.4866721910592915
617.4,-9.984064042695168,-9.561707176007573,-0.4223568666875952
617.5,-9.926838095238187,-9.60058405831065,-0.32625403692753707
617.6,-9.750647619047593,-9.637843383603798,-0.11280423544379481
617.7,-9.722481327800883,-9.673477159886378,-0.04900416791450546
617.8,-9.796394385964907,-9.707481227306172,-0.08891315865873572
617.9,-9.843411929824555,-9.739855126945637,-0.10355680287891822
618.0,-9.95633829787237,-9.77060195437099,-0.1857363435013788
618.1,-10.013522174534979,-9.799728199013545,-0.2137939755214333
618.2,-9.879044349070032,-9.827243570479334,-0.05180077859069776
618.3,-9.915950431034473,-9.853160812913206,-0.0627896181212666
618.4,-9.931979151689436,-9.877495508577594,-0.054483643111842284
618.5,-9.92340860215049,-9.900265871838661,-0.023142730311828785
618.6,-10.010146953404991,-9.921492534778228,-0.08865441862676349
618.7,-9.858164295874781,-9.941198325668168,0.08303402979338692
618.8,-9.750693877550919,-9.959408041556859,0.20871416400594
618.9,-9.931552427867603,-9.976148216224882,0.044595788357279176
619.0,-9.95684546084546,-9.991446884765924,0.0346014239204635
619.1,-10.001520054384821,-10.005333346036544,0.0038132916517223947
619.2,-10.090575118966743,-10.017837924199462,-0.07273719476728147
619.3,-9.857434262948365,-10.02899173056791,0.17155746761954482
619.4,-9.773450904392737,-10.038826426947908,0.2653755225551713
619.5,-9.858076227390223,-10.047373991667545,0.18929776427732214
619.6,-9.849432330827062,-10.054666489467634,0.2052341586405717
619.7,-9.81797336561742,-10.060735846399227,0.24276248078180807
619.8,-9.7550193704601,-10.06561363083079,0.3105942603706886
619.9,-9.791833333333274,-10.069330841617075,0.27749750828380115
620.0,-9.87516666666662,-10.071917704426177,0.19675103775955627
620.1,-9.897471444568867,-10.073403477161278,0.17593203259241186
620.2,-9.916990353697754,-10.07381626535137,0.15682591165361615
620.3,-9.933603429796346,-10.073182848325446,0.1395794185291006
620.4,-9.937282642089102,-10.071528516931744,0.13424587484264272
620.5,-9.912705069124424,-10.068876923518186,0.15617185439376158
620.6,-9.84625915080524,-10.065249944850274,0.21899079404503397
620.7,-9.705702781844785,-10.060667558605328,0.35496477676054283
620.8,-9.65247422201566,-10.05514773404256,0.40267351202689916
620.9,-9.791814677194541,-10.04870633740151,0.2568916602069695
621.0,-9.908088624338626,-10.041357052521864,0.13326842818323748
621.1,-9.902356701940036,-10.03311131710769,0.1307546151676533
621.2,-9.896624779541446,-10.023978274987872,0.12735349544642638
621.3,-9.781176569037726,-10.013964744662909,0.23278817562518306
621.4,-9.652306276150624,-10.003075204379575,0.3507689282289519
621.5,-9.55025614591591,-9.991311793932873,0.4410556480169632
621.6,-9.474919111815977,-9.978674333347703,0.5037552215317262
621.7,-9.399582077716044,-9.96516035853092,0.5655782808148757
621.8,-9.46008292682924,-9.950765173902406,0.4906822470731651
621.9,-9.523497560975581,-9.935481921912476,0.41198436093689494
622.0,-9.574465578424407,-9.919301669237937,0.34483609081352995
622.1,-9.598241305890703,-9.902213509329949,0.3039722034392458
622.2,-9.622017033356999,-9.884204680873271,0.26218764751627255
622.3,-9.614026845637607,-9.865260701614824,0.25123385597721715
622.4,-9.57375838926176,-9.84536551693138,0.27160712766962014
622.5,-9.533489932885912,-9.82450166242938,0.29101172954346843
622.6,-9.452466222645086,-9.802650439800207,0.35018421715512105
622.7,-9.333214716143306,-9.779792105087163,0.44657738894385623
622.8,-9.213963209641664,-9.755906068450525,0.5419428588088611
622.9,-9.189235540904978,-9.730971104439048,0.5417355635340702
623.0,-9.330380281690136,-9.704965571685364,0.37458528999522755
623.1,-9.471525022475296,-9.677867640837889,0.2063426183625925
623.2,-9.608499433748579,-9.649655529429754,0.04115609568117584
623.3,-9.589246885617227,-9.620307742279682,0.03106085666245484
623.4,-9.569994337485854,-9.589803315935388,0.01980897844953411
623.5,-9.550741789354479,-9.55812206561427,0.0073802762597914295
623.6,-9.563460550949452,-9.525244833065566,-0.03821571788388667
623.7,-9.608927253276295,-9.491153733764184,-0.11777351951211124
623.8,-9.654393955603087,-9.455832401842159,-0.19856155376092843
623.9,-9.69986065792993,-9.419266231167716,-0.2805944267622138
624.0,-9.681051793835257,-9.38144261099728,-0.2996091828379779
624.1,-9.64138529560382,-9.342351154655848,-0.2990341409479722
624.2,-9.601718797372381,-9.30198391974718,-0.2997348776252018
624.3,-9.562052299140989,-9.260335618454283,-0.301716680686706
624.4,-9.537249104370673,-9.217403816558454,-0.3198452878122193
624.5,-9.516231669453068,-9.173189119876792,-0.34304254957627656
624.6,-9.495214234535464,-9.127695346891887,-0.3675188876435769
624.7,-9.47419679961786,-9.080929686423303,-0.39326711319455754
624.8,-9.49395259593676,-9.032902839269898,-0.46104975666686165
624.9,-9.539776523702008,-8.98362914283657,-0.556147380865438
625.0,-9.585600451467258,-8.933126677851014,-0.6524737736162436
625.1,-9.631424379232508,-8.881417356378714,-0.7500070228537936
625.2,-9.602260632497128,-8.82852699046224,-0.7737336420348875
625.3,-9.310822894168485,-8.774485340847232,-0.5363375533212533
625.4,-9.230472785485645,-8.719326145411285,-0.5111466400743598
625.5,-9.228978880675772,-8.663087127075366,-0.5658917536004058
625.6,-9.152118997912227,-8.60580998113783,-0.5463090167743978
625.7,-8.95150154798758,-8.547540342120454,-0.4039612058671249
625.8,-8.761002040816498,-8.488327730353483,-0.2726743104630156
625.9,-8.713618181818134,-8.428225478654623,-0.2853927031635113
626.0,-8.668704590818269,-8.367290639573252,-0.30141395124501713
626.1,-8.36590316205518,-8.305583873770964,-0.060319288284215844
626.2,-8.312328125000091,-8.243169320192418,-0.06915880480767278
626.3,-8.063161352657476,-8.180114448747515,0.11695309609003957
626.4,-8.05299140401101,-8.116489896276127,0.06349849226511672
626.5,-8.462362948960301,-8.052369286597294,-0.40999366236300716
626.6,-8.494130841121507,-7.987829035458691,-0.5063018056628161
626.7,-8.51202220166512,-7.922948141214221,-0.5890740604508995
626.8,-8.443031078610657,-7.8578079620900905,-0.5852231165205666
626.9,-8.273813574660577,-7.792491980968677,-0.4813215936919004
627.0,-8.402347048300548,-7.727085558723826,-0.6752614895767222
627.1,-8.343313059033996,-7.661675677267531,-0.6816373817664649
627.2,-8.082490699734183,-7.596350673604143,-0.48614002613004015
627.3,-8.036729422066543,-7.531199966329728,-0.5055294557368146
627.4,-7.769036363636402,-7.4663137761587395,-0.30272258747766223
627.5,-7.511332476435304,-7.401782842201195,-0.10954963423410913
627.6,-7.235147582697126,-7.337698135840134,0.10255055314300865
627.7,-6.585719195305818,-7.274150574160086,0.6884313788542684
627.8,-6.330061190276854,-7.211230734940158,0.8811695446633037
627.9,-5.901141078838476,-7.14902857523493,1.2478874963964541
628.0,-5.776064039408874,-7.08763315550679,1.3115691160979157
628.1,-5.905542648253477,-7.027132371136521,1.1215897228830434
628.2,-6.076040963855379,-6.967612692931183,0.8915717290758032
628.3,-6.017741447891845,-6.909158917991877,0.8914174701000315
628.4,-5.8164685759746195,-6.851853932030064,1.0353853560554445
628.5,-5.889992924528252,-6.795778483955978,0.9057855594277262
628.6,-5.9815350467289745,-6.7410109733155545,0.75947592658658
628.7,-5.989937644341745,-6.687627250918685,0.6976896065769402
628.8,-5.89524942263284,-6.635700432777091,0.7404510101442519
628.9,-6.215757621951041,-6.585300727258042,0.3695431053070015
629.0,-6.370515837104073,-6.5364952751661916,0.16597943806211823
629.1,-6.493414925373364,-6.489348002295506,-0.0040669230778584975
629.2,-6.8225194029853435,-6.44391948385492,-0.3785999191304237
629.3,-6.934435745937948,-6.4002668200767605,-0.5341689258611879
629.4,-7.097246895544137,-6.358443522275512,-0.7388033732686248
629.5,-7.208354302241588,-6.318499408640691,-0.889854893600897
629.6,-7.016741865509744,-6.280480509120668,-0.7362613563890763
629.7,-7.137677881174064,-6.244428978878043,-0.8932489022960217
629.8,-7.171760623229477,-6.2103830199595365,-0.9613776032699404
629.9,-7.015951646811526,-6.178376811010216,-0.83757483580131
630.0,-6.429406447091663,-6.148440445062261,-0.2809660020294027
630.1,-5.983562109645875,-6.120599875632558,0.13703776598668327
630.2,-5.6553472889497325,-6.094876871552769,0.4395295826030363
630.3,-5.466603294440682,-6.071288981100131,0.6046856866594492
630.4,-5.470435757987746,-6.049849506069557,0.5794137480818113
630.5,-5.579275050437112,-6.030567486419539,0.45129243598242663
630.6,-5.77631607262954,-6.0134476960512515,0.23713162342171135
630.7,-5.793720372836198,-5.998490650170981,0.20477027733478348
630.8,-5.772437705998662,-5.9856926245705795,0.21325491857191725
630.9,-5.8053974950560185,-5.975045687060268,0.1696481920042494
631.0,-5.77880952380952,-5.966537741209783,0.18772821740026302
631.1,-5.6944538411877295,-5.96015258249299,0.2656987413052603
631.2,-5.468501613944293,-5.955869966879173,0.48736835293488046
631.3,-4.33999431356065,-5.953665691861542,1.613671378300892
631.4,-3.066088378915218,-5.953511689842303,2.887423310927085
631.5,-4.994792425342939,-5.955376133667787,0.9605837083248483
631.6,-5.903298685034429,-5.959223553883773,0.055924868849344556
631.7,-5.839428929242276,-5.965014966959076,0.12558603771680055
631.8,-6.05707382133993,-5.972708013378502,-0.08436580796142845
631.9,-6.263992024539888,-5.982257104236091,-0.28173492030379776
632.0,-6.38607791411046,-5.993613574813112,-0.3924643392973488
632.1,-6.594556838905914,-6.006725843580346,-0.587830995325568
632.2,-6.8446209386283785,-6.021539575082321,-0.8230813635460574
632.3,-7.081083032490974,-6.037997845223528,-1.0430851872674456
632.4,-7.241899344848128,-6.056041307581394,-1.1858580372667342
632.5,-7.271678975580708,-6.075608359520595,-1.196070616060113
632.6,-7.225472566371643,-6.096635307079517,-1.1288372592921254
632.7,-7.1446466076695465,-6.119056527836435,-1.025590079833112
632.8,-7.012544074722781,-6.142804631226776,-0.8697394434960053
632.9,-6.88958381502897,-6.16781061605501,-0.7217731989739598
633.0,-6.7913179190751904,-6.194004025207785,-0.5973138938674056
633.1,-6.671850515463927,-6.221313097815785,-0.4505374176481416
633.2,-6.534966208476449,-6.2496649193227265,-0.28530128915372277
633.3,-6.297354674221093,-6.278985570097343,-0.01836910412374948
633.4,-6.0270134755757265,-6.309200273365994,0.2821867977902679
633.5,-5.553683885457634,-6.340233543344946,0.7865496578873126
633.6,-5.151142857142792,-6.372009334502942,1.2208664773601496
633.7,-4.953255141745277,-6.40445119287166,1.4511960511263826
633.8,-5.15250963126026,-6.437482410228765,1.2849727789685046
633.9,-5.8217446340122825,-6.47102618179983,0.6492815477875471
634.0,-6.205570027248002,-6.505005767878314,0.29943574063031253
634.1,-6.4295482288828145,-6.5393446594899,0.10979643060708533
634.2,-6.503012951969783,-6.573966747982335,0.07095379601255214
634.3,-6.540249865083622,-6.608796498242071,0.06854663315844878
634.4,-6.377478888295101,-6.64375912512949,0.2662802368343895
634.5,-6.219,-6.6787807726647355,0.45978077266473516
634.6,-6.219,-6.713788695456716,0.494788695456716
634.7,-6.219,-6.748711441823006,0.5297114418230056
634.8,-6.219,-6.783479037981697,0.5644790379816964
634.9,-6.2867133956386,-6.818023172603734,0.5313097769651343
635.0,-6.523473520249282,-6.852277380901511,0.3288038606522292
635.1,-6.755143958868999,-6.886177227306674,0.13103326843767515
635.2,-6.97776606683813,-6.919660485669341,-0.058105581168788945
635.3,-7.176251018329846,-6.952667315806804,-0.22358370252304205
635.4,-7.340711303462329,-6.985140435156668,-0.3555708683056604
635.5,-7.387538345105917,-7.017025284256273,-0.3705130608496443
635.6,-7.2911710393541505,-7.048270184778239,-0.24290085457591104
635.7,-7.245390804597706,-7.078826488894295,-0.16656431570341113
635.8,-7.256885057471258,-7.108648718802968,-0.14823633866828967
635.9,-7.3739213260761245,-7.137694695325361,-0.2362266307507639
636.0,-7.61093270658091,-7.165925654535421,-0.4450070520454892
636.1,-7.695108823529391,-7.193306351445961,-0.5018024720834298
636.2,-7.590206862745086,-7.219805149828721,-0.37040171291636526
636.3,-7.506266990291304,-7.245394097317131,-0.2608728929741728
636.4,-7.45286893203884,-7.27004898502688,-0.1828199470119607
636.5,-7.428682058682073,-7.293749391022291,-0.13493266765978174
636.6,-7.459466089466111,-7.3164787070416555,-0.1429873824244554
636.7,-7.584192564347313,-7.338224147963375,-0.24596841638393752
636.8,-7.965508102955007,-7.358976743548439,-0.606531359406568
636.9,-8.287294950448306,-7.378731312043344,-0.9085636384049618
637.0,-8.318441717791398,-7.3974864152885615,-0.9209553025028363
637.1,-8.346855539971957,-7.4152442950712905,-0.9316112449006662
637.2,-8.324415147265075,-7.432010790600618,-0.892404356664457
637.3,-8.30197475455822,-7.447795237165273,-0.8541795173929465
637.4,-8.227766558591986,-7.462610346242717,-0.765156212349269
637.5,-8.14856322371472,-7.4764720675451946,-0.6720911561695262
637.6,-8.043643873336421,-7.489399433701031,-0.55424443963539
637.7,-7.93028912345112,-7.501414388469829,-0.4288747349812905
637.8,-7.8908749431559695,-7.512541599572652,-0.3783333435833178
637.9,-7.906336516598452,-7.522808257378392,-0.38352825922005973
638.0,-7.843533783783734,-7.532243860824155,-0.31128992295957847
638.1,-7.650290540540429,-7.540879992062933,-0.10941054847749676
638.2,-7.473305220883457,-7.548750081429976,0.07544486054651856
638.3,-7.384951807228927,-7.555889164400048,0.17093735717112057
638.4,-7.296598393574297,-7.562333632264996,0.2657352386906986
638.5,-7.331427055702916,-7.56812097828766,0.23669392258474442
638.6,-7.37784615384615,-7.573289541082345,0.19544338723619514
638.7,-7.334026281208929,-7.577878246940115,0.24385196573118595
638.8,-7.24204204993437,-7.581926352769525,0.3398843028351548
638.9,-7.240559704732888,-7.5854731912686155,0.3449134865357273
639.0,-7.393838037342601,-7.588557919885066,0.19471988254246497
639.1,-7.565176268271912,-7.591219275057472,0.026043006785559264
639.2,-7.992089423903908,-7.593495333164429,-0.39859409073947916
639.3,-8.419002579535418,-7.595423279551577,-0.8235792999838409
639.4,-8.486786018755353,-7.597039186980658,-0.889746831774695
639.5,-8.428388746803082,-7.59837780487128,-0.8300109419318016
639.6,-8.43908868243243,-7.599472360797761,-0.8396163216346695
639.7,-8.5560650337838,-7.600354375853858,-0.9557106579299415
