catalogue_id,catalogue_label,catalogue_short_label,driver,driver_label,event_type,event_label,event_index,event_age_ka,orbital_value_at_event,phase_unwrapped_rad,phase_rad,phase_deg,phase_fraction,phase_extrapolated,signed_distance_to_min_rad,signed_distance_to_max_rad,source_event_order,event_class,event_class_label
cheng_composite_ks_0p4_4kyr,Cheng/Rousseau speleothem starts,Cheng/Rousseau,pre,Precession index,strong_monsoon_start,Strong monsoon starts,1,10.824,-0.01917376,6.080926580148472,6.080926580148472,348.4114285714286,0.9678095238095239,False,-0.20225872703111428,2.939333926558679,,strong_or_gi_start,Strong/GI start
cheng_composite_ks_0p4_4kyr,Cheng/Rousseau speleothem starts,Cheng/Rousseau,pre,Precession index,strong_monsoon_start,Strong monsoon starts,2,11.514,-0.01961558,6.287220380312637,0.004035073133050737,0.23119266055043733,0.0006422018348623259,False,0.004035073133050736,-3.1375575804567424,,strong_or_gi_start,Strong/GI start
cheng_composite_ks_0p4_4kyr,Cheng/Rousseau speleothem starts,Cheng/Rousseau,pre,Precession index,strong_monsoon_start,Strong monsoon starts,3,14.617,-0.012525199999999995,7.181565518302466,0.8983802111228796,51.473394495412855,0.14298165137614682,False,0.8983802111228796,-2.2432124424669135,,strong_or_gi_start,Strong/GI start
cheng_composite_ks_0p4_4kyr,Cheng/Rousseau speleothem starts,Cheng/Rousseau,pre,Precession index,strong_monsoon_start,Strong monsoon starts,4,23.685,0.01720945,9.785219617899994,3.5020343107204077,200.65178571428572,0.5573660714285714,False,-2.7811509964591785,0.3604416571306146,,strong_or_gi_start,Strong/GI start
cheng_composite_ks_0p4_4kyr,Cheng/Rousseau speleothem starts,Cheng/Rousseau,pre,Precession index,strong_monsoon_start,Strong monsoon starts,5,27.955,0.0006029000000000052,10.982951817081103,4.699766509901517,269.2767857142857,0.7479910714285715,False,-1.5834187972780696,1.5581738563117238,,strong_or_gi_start,Strong/GI start
cheng_composite_ks_0p4_4kyr,Cheng/Rousseau speleothem starts,Cheng/Rousseau,pre,Precession index,strong_monsoon_start,Strong monsoon starts,6,29.43,-0.006067300000000003,11.396688349585116,5.113503042405529,292.9821428571429,0.8138392857142858,False,-1.169682264774057,1.9719103888157363,,strong_or_gi_start,Strong/GI start
cheng_composite_ks_0p4_4kyr,Cheng/Rousseau speleothem starts,Cheng/Rousseau,pre,Precession index,strong_monsoon_start,Strong monsoon starts,7,32.675,-0.014802999999999995,12.306908721093944,6.023723413914357,345.13392857142856,0.9587053571428571,False,-0.2594618932652291,2.8821307603245643,,strong_or_gi_start,Strong/GI start
cheng_composite_ks_0p4_4kyr,Cheng/Rousseau speleothem starts,Cheng/Rousseau,pre,Precession index,strong_monsoon_start,Strong monsoon starts,8,33.995,-0.0151657,12.658291288297539,0.09192067393836645,5.266666666666577,0.01462962962962938,False,0.09192067393836645,-3.0496719796514267,,strong_or_gi_start,Strong/GI start
cheng_composite_ks_0p4_4kyr,Cheng/Rousseau speleothem starts,Cheng/Rousseau,pre,Precession index,strong_monsoon_start,Strong monsoon starts,9,35.535,-0.013402850000000008,13.016665561373708,0.45029494701453565,25.799999999999923,0.07166666666666645,False,0.45029494701453565,-2.6912977065752575,,strong_or_gi_start,Strong/GI start
cheng_composite_ks_0p4_4kyr,Cheng/Rousseau speleothem starts,Cheng/Rousseau,pre,Precession index,strong_monsoon_start,Strong monsoon starts,10,38.305,-0.006052449999999991,13.661273831776947,1.0949032174177749,62.73333333333326,0.17425925925925906,False,1.0949032174177749,-2.0466894361720183,,strong_or_gi_start,Strong/GI start
cheng_composite_ks_0p4_4kyr,Cheng/Rousseau speleothem starts,Cheng/Rousseau,pre,Precession index,strong_monsoon_start,Strong monsoon starts,11,41.595,0.004734649999999992,14.426891596985127,1.860520982625955,106.59999999999998,0.29611111111111105,False,1.860520982625955,-1.2810716709638381,,strong_or_gi_start,Strong/GI start
cheng_composite_ks_0p4_4kyr,Cheng/Rousseau speleothem starts,Cheng/Rousseau,pre,Precession index,strong_monsoon_start,Strong monsoon starts,12,43.615,0.0100228,14.896966942188934,2.3305963278297614,133.53333333333333,0.37092592592592594,False,2.3305963278297614,-0.8109963257600317,,strong_or_gi_start,Strong/GI start
cheng_composite_ks_0p4_4kyr,Cheng/Rousseau speleothem starts,Cheng/Rousseau,pre,Precession index,strong_monsoon_start,Strong monsoon starts,13,47.25,0.0139725,15.743935702913733,3.1775650885545605,182.06106870229002,0.5057251908396945,False,-3.105620218625026,0.03597243496476743,,strong_or_gi_start,Strong/GI start
cheng_composite_ks_0p4_4kyr,Cheng/Rousseau speleothem starts,Cheng/Rousseau,pre,Precession index,strong_monsoon_start,Strong monsoon starts,14,49.65,0.011541000000000006,16.31949466235003,3.753124047990859,215.03816793893125,0.597328244274809,False,-2.5300612591887277,0.6115313944010659,,strong_or_gi_start,Strong/GI start
cheng_composite_ks_0p4_4kyr,Cheng/Rousseau speleothem starts,Cheng/Rousseau,pre,Precession index,strong_monsoon_start,Strong monsoon starts,15,53.8,-0.001069,17.31473202970863,4.748361415349457,272.06106870229,0.7557251908396945,False,-1.5348238918301293,1.606768761759664,,strong_or_gi_start,Strong/GI start
cheng_composite_ks_0p4_4kyr,Cheng/Rousseau speleothem starts,Cheng/Rousseau,pre,Precession index,strong_monsoon_start,Strong monsoon starts,16,54.37,-0.003306899999999997,17.451427282574752,4.885056668215579,279.8931297709924,0.7774809160305344,False,-1.398128638964007,1.7434640146257863,,strong_or_gi_start,Strong/GI start
cheng_composite_ks_0p4_4kyr,Cheng/Rousseau speleothem starts,Cheng/Rousseau,pre,Precession index,strong_monsoon_start,Strong monsoon starts,17,55.745,-0.00867984999999999,17.78117460308513,5.214803988725958,298.7862595419847,0.8299618320610687,False,-1.0683813184536286,2.0732113351361647,,strong_or_gi_start,Strong/GI start
cheng_composite_ks_0p4_4kyr,Cheng/Rousseau speleothem starts,Cheng/Rousseau,pre,Precession index,strong_monsoon_start,Strong monsoon starts,18,58.21,-0.016300299999999997,18.372321617672828,5.805951003313655,332.6564885496183,0.9240458015267174,False,-0.4772343038659311,2.6643583497238623,,strong_or_gi_start,Strong/GI start
cheng_composite_ks_0p4_4kyr,Cheng/Rousseau speleothem starts,Cheng/Rousseau,pre,Precession index,strong_monsoon_start,Strong monsoon starts,19,59.785,-0.0183708,18.750032184802897,6.183661570443725,354.29770992366406,0.9841603053435112,False,-0.09952373673586147,3.042068916853932,,strong_or_gi_start,Strong/GI start
cheng_composite_ks_0p4_4kyr,Cheng/Rousseau speleothem starts,Cheng/Rousseau,pre,Precession index,strong_monsoon_start,Strong monsoon starts,20,65.48,-0.0010987999999999838,20.29195672249129,1.4424008009525302,82.64347826086951,0.2295652173913042,False,1.4424008009525302,-1.699191852637263,,strong_or_gi_start,Strong/GI start
cheng_composite_ks_0p4_4kyr,Cheng/Rousseau speleothem starts,Cheng/Rousseau,pre,Precession index,strong_monsoon_start,Strong monsoon starts,21,69.18,0.018768400000000025,21.30273001103757,2.4531740894988125,140.55652173913043,0.3904347826086957,False,2.4531740894988125,-0.6884185640909806,,strong_or_gi_start,Strong/GI start
cheng_composite_ks_0p4_4kyr,Cheng/Rousseau speleothem starts,Cheng/Rousseau,pre,Precession index,strong_monsoon_start,Strong monsoon starts,22,72.285,0.023704700000000002,22.153788548787844,3.3042326272490854,189.31858407079633,0.5258849557522121,False,-2.9789526799305013,0.1626399736592923,,strong_or_gi_start,Strong/GI start
cheng_composite_ks_0p4_4kyr,Cheng/Rousseau speleothem starts,Cheng/Rousseau,pre,Precession index,strong_monsoon_start,Strong monsoon starts,23,75.28,0.012265399999999984,22.986449610513638,4.1368936889748795,237.02654867256646,0.658407079646018,False,-2.1462916182047067,0.9953010353850864,,strong_or_gi_start,Strong/GI start
cheng_composite_ks_0p4_4kyr,Cheng/Rousseau speleothem starts,Cheng/Rousseau,pre,Precession index,strong_monsoon_start,Strong monsoon starts,24,76.245,0.00588929999999997,23.254736062789227,4.405180141250469,252.3982300884957,0.7011061946902658,False,-1.8780051659291177,1.2635874876606756,,strong_or_gi_start,Strong/GI start
cheng_composite_ks_0p4_4kyr,Cheng/Rousseau speleothem starts,Cheng/Rousseau,pre,Precession index,strong_monsoon_start,Strong monsoon starts,25,84.13,-0.029140400000000004,25.441436854679775,0.3086956259614304,17.68695652173905,0.049130434782608465,False,0.3086956259614304,-2.8328970276283627,,strong_or_gi_start,Strong/GI start
cheng_composite_ks_0p4_4kyr,Cheng/Rousseau speleothem starts,Cheng/Rousseau,pre,Precession index,strong_monsoon_start,Strong monsoon starts,26,85.0,-0.026138,25.679105168473093,0.5463639397547482,31.304347826087046,0.08695652173913068,False,0.5463639397547482,-2.595228713835045,,strong_or_gi_start,Strong/GI start
cheng_composite_ks_0p4_4kyr,Cheng/Rousseau speleothem starts,Cheng/Rousseau,pre,Precession index,strong_monsoon_start,Strong monsoon starts,27,89.79,0.011523700000000078,26.98764680418571,1.8549055754673667,106.27826086956533,0.2952173913043481,False,1.8549055754673667,-1.2866870781224264,,strong_or_gi_start,Strong/GI start
cheng_composite_ks_0p4_4kyr,Cheng/Rousseau speleothem starts,Cheng/Rousseau,pre,Precession index,strong_monsoon_start,Strong monsoon starts,28,105.15,-0.04201800000000001,31.31596676964735,6.183225540929005,354.2727272727274,0.9840909090909096,False,-0.09995976625058159,3.0416328873392118,,strong_or_gi_start,Strong/GI start
cheng_composite_ks_0p4_4kyr,Cheng/Rousseau speleothem starts,Cheng/Rousseau,pre,Precession index,strong_monsoon_start,Strong monsoon starts,29,108.55,-0.0266335,32.319875365468576,0.9039488295706448,51.792452830188495,0.14386792452830138,False,0.9039488295706448,-2.2376438240191483,,strong_or_gi_start,Strong/GI start
cheng_composite_ks_0p4_4kyr,Cheng/Rousseau speleothem starts,Cheng/Rousseau,pre,Precession index,strong_monsoon_start,Strong monsoon starts,30,128.55,-0.03735149999999994,38.12254389638745,0.4234320533099307,24.26086956521751,0.06739130434782642,False,0.4234320533099307,-2.7181606002798624,,strong_or_gi_start,Strong/GI start
cheng_composite_ks_0p4_4kyr,Cheng/Rousseau speleothem starts,Cheng/Rousseau,pre,Precession index,strong_monsoon_start,Strong monsoon starts,31,130.45,-0.024447000000000125,38.64158963915445,0.9424777960769362,53.9999999999999,0.14999999999999972,False,0.9424777960769362,-2.199114857512857,,strong_or_gi_start,Strong/GI start
cheng_composite_ks_0p4_4kyr,Cheng/Rousseau speleothem starts,Cheng/Rousseau,pre,Precession index,strong_monsoon_start,Strong monsoon starts,32,147.65,-0.020405500000000073,43.21637166859679,5.517259825519275,316.11570247933946,0.8780991735537207,False,-0.7659254816603112,2.375667171929482,,strong_or_gi_start,Strong/GI start
cheng_composite_ks_0p4_4kyr,Cheng/Rousseau speleothem starts,Cheng/Rousseau,pre,Precession index,strong_monsoon_start,Strong monsoon starts,33,149.05,-0.02606950000000004,43.579861727689824,5.880749884612307,336.94214876033107,0.9359504132231418,False,-0.40243542256727977,2.7391572310225136,,strong_or_gi_start,Strong/GI start
cheng_composite_ks_0p4_4kyr,Cheng/Rousseau speleothem starts,Cheng/Rousseau,pre,Precession index,strong_monsoon_start,Strong monsoon starts,34,151.75,-0.027076,44.26454961522807,0.28225246497096634,16.17187500000048,0.04492187500000133,False,0.28225246497096634,-2.8593401886188268,,strong_or_gi_start,Strong/GI start
cheng_composite_ks_0p4_4kyr,Cheng/Rousseau speleothem starts,Cheng/Rousseau,pre,Precession index,strong_monsoon_start,Strong monsoon starts,35,157.05,0.0010030000000000995,45.56536532335509,1.5830681730979848,90.70312500000017,0.2519531250000005,False,1.5830681730979848,-1.5585244804918084,,strong_or_gi_start,Strong/GI start
cheng_composite_ks_0p4_4kyr,Cheng/Rousseau speleothem starts,Cheng/Rousseau,pre,Precession index,strong_monsoon_start,Strong monsoon starts,36,158.15,0.008635500000000096,45.83534594202296,1.8530487917658576,106.17187500000017,0.2949218750000005,False,1.8530487917658576,-1.2885438618239355,,strong_or_gi_start,Strong/GI start
cheng_composite_ks_0p4_4kyr,Cheng/Rousseau speleothem starts,Cheng/Rousseau,pre,Precession index,strong_monsoon_start,Strong monsoon starts,37,160.5,0.022497,46.41212271826796,2.4298255680108554,139.21874999999997,0.38671874999999994,False,2.4298255680108554,-0.7117670855789379,,strong_or_gi_start,Strong/GI start
cheng_composite_ks_0p4_4kyr,Cheng/Rousseau speleothem starts,Cheng/Rousseau,pre,Precession index,strong_monsoon_start,Strong monsoon starts,38,163.8,0.029689,47.22689284166951,3.244595691412407,185.90163934426215,0.5163934426229504,False,-3.03858961576718,0.10300303782261368,,strong_or_gi_start,Strong/GI start
cheng_composite_ks_0p4_4kyr,Cheng/Rousseau speleothem starts,Cheng/Rousseau,pre,Precession index,strong_monsoon_start,Strong monsoon starts,39,168.75,0.005201000000000001,48.50155543472439,4.519258284467284,258.9344262295082,0.7192622950819672,False,-1.7639270227123023,1.377665630877491,,strong_or_gi_start,Strong/GI start
cheng_composite_ks_0p4_4kyr,Cheng/Rousseau speleothem starts,Cheng/Rousseau,pre,Precession index,strong_monsoon_start,Strong monsoon starts,40,169.55,-0.0014865000000001205,48.70756151036962,4.725264360112519,270.7377049180329,0.7520491803278692,False,-1.5579209470670679,1.5836717065227255,,strong_or_gi_start,Strong/GI start
cheng_composite_ks_0p4_4kyr,Cheng/Rousseau speleothem starts,Cheng/Rousseau,pre,Precession index,strong_monsoon_start,Strong monsoon starts,41,173.15,-0.02907100000000008,49.63458885077317,5.652291700516066,323.8524590163937,0.8995901639344269,False,-0.63089360666352,2.5106990469262733,,strong_or_gi_start,Strong/GI start
cheng_composite_ks_0p4_4kyr,Cheng/Rousseau speleothem starts,Cheng/Rousseau,pre,Precession index,strong_monsoon_start,Strong monsoon starts,42,176.25,-0.0356175,50.44619353928035,0.18071108184366125,10.353982300884988,0.028761061946902748,False,0.18071108184366128,-2.960881571746132,,strong_or_gi_start,Strong/GI start
cheng_composite_ks_0p4_4kyr,Cheng/Rousseau speleothem starts,Cheng/Rousseau,pre,Precession index,strong_monsoon_start,Strong monsoon starts,43,177.95,-0.028852500000000086,50.91882252256377,0.6533400651270824,37.43362831858416,0.103982300884956,False,0.6533400651270823,-2.4882525884627107,,strong_or_gi_start,Strong/GI start
cheng_composite_ks_0p4_4kyr,Cheng/Rousseau speleothem starts,Cheng/Rousseau,pre,Precession index,strong_monsoon_start,Strong monsoon starts,44,182.55,0.015217000000000147,52.19770094791891,1.9322184904822208,110.70796460177007,0.3075221238938058,False,1.9322184904822208,-1.2093741631075723,,strong_or_gi_start,Strong/GI start
cheng_composite_ks_0p4_4kyr,Cheng/Rousseau speleothem starts,Cheng/Rousseau,pre,Precession index,strong_monsoon_start,Strong monsoon starts,45,190.65,0.019889999999999845,54.47807260656846,4.2125901491317705,241.36363636363652,0.6704545454545459,False,-2.070595158047816,1.0709974955419774,,strong_or_gi_start,Strong/GI start
cheng_composite_ks_0p4_4kyr,Cheng/Rousseau speleothem starts,Cheng/Rousseau,pre,Precession index,strong_monsoon_start,Strong monsoon starts,46,192.75,-0.005743,55.07783120407197,4.81234874663528,275.7272727272731,0.7659090909090919,False,-1.4708365605443066,1.6707560930454868,,strong_or_gi_start,Strong/GI start
cheng_composite_ks_0p4_4kyr,Cheng/Rousseau speleothem starts,Cheng/Rousseau,pre,Precession index,strong_monsoon_start,Strong monsoon starts,47,198.95,-0.044410000000000054,56.84319207589032,0.29452431127404566,16.875000000000146,0.04687500000000041,False,0.2945243112740456,-2.8470683423157475,,strong_or_gi_start,Strong/GI start
cheng_composite_ks_0p4_4kyr,Cheng/Rousseau speleothem starts,Cheng/Rousseau,pre,Precession index,strong_monsoon_start,Strong monsoon starts,48,219.05,-0.04644150000000007,62.481228891707715,5.932561127091439,339.9107142857143,0.9441964285714285,False,-0.3506241800881471,2.7909684735016462,,strong_or_gi_start,Strong/GI start
cheng_composite_ks_0p4_4kyr,Cheng/Rousseau speleothem starts,Cheng/Rousseau,pre,Precession index,strong_monsoon_start,Strong monsoon starts,49,225.2,-0.009113,64.2572052942579,1.4253522224620383,81.66666666666681,0.22685185185185225,False,1.4253522224620383,-1.7162404311277548,,strong_or_gi_start,Strong/GI start
cheng_composite_ks_0p4_4kyr,Cheng/Rousseau speleothem starts,Cheng/Rousseau,pre,Precession index,strong_monsoon_start,Strong monsoon starts,50,230.75,0.046219,65.87163485235266,3.039781780556794,174.16666666666686,0.48379629629629683,False,3.039781780556794,-0.10181087303299918,,strong_or_gi_start,Strong/GI start
cheng_composite_ks_0p4_4kyr,Cheng/Rousseau speleothem starts,Cheng/Rousseau,pre,Precession index,strong_monsoon_start,Strong monsoon starts,51,241.65,-0.039002,69.10021954570381,6.268366473907946,359.150943396227,0.9976415094339638,False,-0.014818833271640377,3.126773820318153,,strong_or_gi_start,Strong/GI start
cheng_composite_ks_0p4_4kyr,Cheng/Rousseau speleothem starts,Cheng/Rousseau,pre,Precession index,strong_monsoon_start,Strong monsoon starts,52,248.25,0.0047185,70.90438028167225,1.7893419026967976,102.52173913043492,0.28478260869565253,False,1.7893419026967976,-1.3522507508929955,,strong_or_gi_start,Strong/GI start
cheng_composite_ks_0p4_4kyr,Cheng/Rousseau speleothem starts,Cheng/Rousseau,pre,Precession index,strong_monsoon_start,Strong monsoon starts,53,251.15,0.023896500000000057,71.69660799431662,2.5815696153411736,147.91304347826062,0.41086956521739065,False,2.5815696153411736,-0.5600230382486195,,strong_or_gi_start,Strong/GI start
cheng_composite_ks_0p4_4kyr,Cheng/Rousseau speleothem starts,Cheng/Rousseau,pre,Precession index,strong_monsoon_start,Strong monsoon starts,54,258.75,0.007590499999999999,73.55781306446251,4.442774685487059,254.5522388059702,0.7070895522388061,False,-1.8404106216925273,1.301182031897266,,strong_or_gi_start,Strong/GI start
cheng_composite_ks_0p4_4kyr,Cheng/Rousseau speleothem starts,Cheng/Rousseau,pre,Precession index,strong_monsoon_start,Strong monsoon starts,55,264.0,-0.017023,74.78866093247343,5.673622553497985,325.0746268656717,0.9029850746268657,False,-0.6095627536816013,2.532029899908192,,strong_or_gi_start,Strong/GI start
cheng_composite_ks_0p4_4kyr,Cheng/Rousseau speleothem starts,Cheng/Rousseau,pre,Precession index,strong_monsoon_start,Strong monsoon starts,56,272.85,-0.0019354999999998484,76.8970751430204,1.498851456865367,85.87786259542028,0.23854961832061192,False,1.498851456865367,-1.642741196724426,,strong_or_gi_start,Strong/GI start
cheng_composite_ks_0p4_4kyr,Cheng/Rousseau speleothem starts,Cheng/Rousseau,pre,Precession index,strong_monsoon_start,Strong monsoon starts,57,293.9,-0.022712,82.44558017934295,0.7641711860083333,43.78378378378409,0.12162162162162246,False,0.7641711860083333,-2.37742146758146,,strong_or_gi_start,Strong/GI start
cheng_composite_ks_0p4_4kyr,Cheng/Rousseau speleothem starts,Cheng/Rousseau,pre,Precession index,strong_monsoon_start,Strong monsoon starts,58,315.45,-0.0276905,88.68393093614925,0.7193366356350452,41.21495327102799,0.11448598130841108,False,0.7193366356350452,-2.422256017954748,,strong_or_gi_start,Strong/GI start
cheng_composite_ks_0p4_4kyr,Cheng/Rousseau speleothem starts,Cheng/Rousseau,pre,Precession index,strong_monsoon_start,Strong monsoon starts,59,316.35,-0.02055399999999975,88.94817704719887,0.983582746684661,56.35514018691624,0.15654205607476732,False,0.9835827466846611,-2.158009906905132,,strong_or_gi_start,Strong/GI start
cheng_composite_ks_0p4_4kyr,Cheng/Rousseau speleothem starts,Cheng/Rousseau,pre,Precession index,strong_monsoon_start,Strong monsoon starts,60,332.45,-0.025196,93.62810766226094,5.6635133617467375,324.4954128440367,0.9013761467889909,False,-0.619671945432849,2.5219207081569444,,strong_or_gi_start,Strong/GI start
cheng_composite_ks_0p4_4kyr,Cheng/Rousseau speleothem starts,Cheng/Rousseau,pre,Precession index,strong_monsoon_start,Strong monsoon starts,61,334.05,-0.030586000000000002,94.08925887746679,6.124664576952583,350.9174311926608,0.9747706422018355,False,-0.15852073022700378,2.9830719233627896,,strong_or_gi_start,Strong/GI start
cheng_composite_ks_0p4_4kyr,Cheng/Rousseau speleothem starts,Cheng/Rousseau,pre,Precession index,strong_monsoon_start,Strong monsoon starts,62,337.35,-0.021734499999999823,95.07057768363399,0.8227980759401916,47.142857142857586,0.13095238095238218,False,0.8227980759401916,-2.3187945776496015,,strong_or_gi_start,Strong/GI start
cheng_composite_ks_0p4_4kyr,Cheng/Rousseau speleothem starts,Cheng/Rousseau,pre,Precession index,strong_monsoon_start,Strong monsoon starts,63,351.45,-0.006171500000000001,99.40443421585886,5.156654608165063,295.4545454545454,0.8207070707070705,False,-1.1265306990145236,2.0150619545752697,,strong_or_gi_start,Strong/GI start
cheng_composite_ks_0p4_4kyr,Cheng/Rousseau speleothem starts,Cheng/Rousseau,pre,Precession index,strong_monsoon_start,Strong monsoon starts,64,365.65,0.007822500000000041,104.23494143855024,3.7039765236768574,212.22222222222237,0.5895061728395066,False,-2.579208783502729,0.5623838700870643,,strong_or_gi_start,Strong/GI start
cheng_composite_ks_0p4_4kyr,Cheng/Rousseau speleothem starts,Cheng/Rousseau,pre,Precession index,strong_monsoon_start,Strong monsoon starts,65,368.1,0.00245,105.18517625352494,4.654211338651564,266.6666666666677,0.7407407407407437,False,-1.6289739685280227,1.5126186850617707,,strong_or_gi_start,Strong/GI start
cheng_composite_ks_0p4_4kyr,Cheng/Rousseau speleothem starts,Cheng/Rousseau,pre,Precession index,strong_monsoon_start,Strong monsoon starts,66,370.75,-0.003143,106.21298125747714,5.6820163426037595,325.55555555555543,0.9043209876543207,False,-0.6011689645758269,2.5404236890139664,,strong_or_gi_start,Strong/GI start
cheng_composite_ks_0p4_4kyr,Cheng/Rousseau speleothem starts,Cheng/Rousseau,pre,Precession index,strong_monsoon_start,Strong monsoon starts,67,375.95,0.0007115,108.28425447661742,1.470104254564454,84.23076923076921,0.2339743589743589,False,1.470104254564454,-1.671488399025339,,strong_or_gi_start,Strong/GI start
cheng_composite_ks_0p4_4kyr,Cheng/Rousseau speleothem starts,Cheng/Rousseau,pre,Precession index,strong_monsoon_start,Strong monsoon starts,68,377.45,0.0039924999999999995,108.88840691000007,2.0742566879471056,118.84615384615377,0.3301282051282049,False,2.0742566879471056,-1.0673359656426875,,strong_or_gi_start,Strong/GI start
cheng_composite_ks_0p4_4kyr,Cheng/Rousseau speleothem starts,Cheng/Rousseau,pre,Precession index,strong_monsoon_start,Strong monsoon starts,69,390.8,-0.010239,113.69258466359693,0.59524913436438,34.105263157894626,0.09473684210526286,False,0.59524913436438,-2.546343519225413,,strong_or_gi_start,Strong/GI start
cheng_composite_ks_0p4_4kyr,Cheng/Rousseau speleothem starts,Cheng/Rousseau,pre,Precession index,strong_monsoon_start,Strong monsoon starts,70,393.6,0.000317,114.61852776149709,1.5211922322645393,87.15789473684255,0.242105263157896,False,1.5211922322645393,-1.6204004213252539,,strong_or_gi_start,Strong/GI start
cheng_composite_ks_0p4_4kyr,Cheng/Rousseau speleothem starts,Cheng/Rousseau,pre,Precession index,strong_monsoon_start,Strong monsoon starts,71,412.25,-0.006074,120.59003400804421,1.209513171632075,69.30000000000027,0.19250000000000075,False,1.209513171632075,-1.932079481957718,,strong_or_gi_start,Strong/GI start
cheng_composite_ks_0p4_4kyr,Cheng/Rousseau speleothem starts,Cheng/Rousseau,pre,Precession index,strong_monsoon_start,Strong monsoon starts,72,426.05,-0.007138,125.0255701358313,5.6450492994191634,323.4375000000002,0.8984375000000007,False,-0.638136007760423,2.5034566458293703,,strong_or_gi_start,Strong/GI start
cheng_composite_ks_0p4_4kyr,Cheng/Rousseau speleothem starts,Cheng/Rousseau,pre,Precession index,strong_monsoon_start,Strong monsoon starts,73,447.4,-0.005894,132.67441817054998,0.7275267197786732,41.68421052631489,0.11578947368420803,False,0.7275267197786732,-2.41406593381112,,strong_or_gi_start,Strong/GI start
cheng_composite_ks_0p4_4kyr,Cheng/Rousseau speleothem starts,Cheng/Rousseau,pre,Precession index,strong_monsoon_start,Strong monsoon starts,74,449.45,0.000437,133.3523407957983,1.4054493450270016,80.52631578947305,0.22368421052631401,False,1.4054493450270016,-1.7361433085627915,,strong_or_gi_start,Strong/GI start
cheng_composite_ks_0p4_4kyr,Cheng/Rousseau speleothem starts,Cheng/Rousseau,pre,Precession index,strong_monsoon_start,Strong monsoon starts,75,458.9,0.002077,136.3948889702103,4.447997519438992,254.8514851485136,0.7079207920792044,False,-1.8351877877405942,1.3064048658491991,,strong_or_gi_start,Strong/GI start
cheng_composite_ks_0p4_4kyr,Cheng/Rousseau speleothem starts,Cheng/Rousseau,pre,Precession index,strong_monsoon_start,Strong monsoon starts,76,463.15,-0.01884249999999991,137.7168462749387,5.769954824167378,330.5940594059398,0.918316831683166,False,-0.5132304830122083,2.628362170577585,,strong_or_gi_start,Strong/GI start
cheng_composite_ks_0p4_4kyr,Cheng/Rousseau speleothem starts,Cheng/Rousseau,pre,Precession index,strong_monsoon_start,Strong monsoon starts,77,465.95,-0.0200485,138.5877828521715,0.3577060942206032,20.49504950494953,0.056930693069304254,False,0.3577060942206032,-2.78388655936919,,strong_or_gi_start,Strong/GI start
cheng_composite_ks_0p4_4kyr,Cheng/Rousseau speleothem starts,Cheng/Rousseau,pre,Precession index,strong_monsoon_start,Strong monsoon starts,78,472.75,0.02259,140.7029145397369,2.472837781785998,141.68316831683012,0.3935643564356392,False,2.472837781785998,-0.6687548718037952,,strong_or_gi_start,Strong/GI start
cheng_composite_ks_0p4_4kyr,Cheng/Rousseau speleothem starts,Cheng/Rousseau,pre,Precession index,strong_monsoon_start,Strong monsoon starts,79,483.65,-0.03011449999999988,144.0666631094731,5.8365863515222,334.4117647058816,0.9289215686274489,False,-0.4465989556573862,2.694993697932407,,strong_or_gi_start,Strong/GI start
cheng_composite_ks_0p4_4kyr,Cheng/Rousseau speleothem starts,Cheng/Rousseau,pre,Precession index,strong_monsoon_start,Strong monsoon starts,80,504.15,-0.02625849999999985,150.2185128747157,5.70525080958523,326.88679245282975,0.9080188679245271,False,-0.5779344975943561,2.5636581559954372,,strong_or_gi_start,Strong/GI start
cheng_composite_ks_0p4_4kyr,Cheng/Rousseau speleothem starts,Cheng/Rousseau,pre,Precession index,strong_monsoon_start,Strong monsoon starts,81,531.75,-0.010801999999999999,157.72478117085183,0.6451484913621712,36.96428571428466,0.1026785714285685,False,0.6451484913621712,-2.496444162227622,,strong_or_gi_start,Strong/GI start
cheng_composite_ks_0p4_4kyr,Cheng/Rousseau speleothem starts,Cheng/Rousseau,pre,Precession index,strong_monsoon_start,Strong monsoon starts,82,548.25,0.010504000000000001,161.10479826690158,4.0251655874119265,230.62500000000023,0.6406250000000007,False,-2.25801971976766,0.8835729338221334,,strong_or_gi_start,Strong/GI start
cheng_composite_ks_0p4_4kyr,Cheng/Rousseau speleothem starts,Cheng/Rousseau,pre,Precession index,strong_monsoon_start,Strong monsoon starts,83,553.55,-0.019029499999999717,162.5914447904753,5.5118121109856375,315.8035714285699,0.8772321428571387,False,-0.771373196193949,2.3702194573958444,,strong_or_gi_start,Strong/GI start
cheng_composite_ks_0p4_4kyr,Cheng/Rousseau speleothem starts,Cheng/Rousseau,pre,Precession index,strong_monsoon_start,Strong monsoon starts,84,555.65,-0.026239999999999913,163.18049341302338,6.100860733533729,349.5535714285702,0.9709821428571395,False,-0.18232457364585766,2.9592680799439357,,strong_or_gi_start,Strong/GI start
cheng_composite_ks_0p4_4kyr,Cheng/Rousseau speleothem starts,Cheng/Rousseau,pre,Precession index,strong_monsoon_start,Strong monsoon starts,85,559.15,-0.018001000000000347,164.18424358875464,0.821425602085398,47.064220183485865,0.1307339449541274,False,0.8214256020853982,-2.320167051504395,,strong_or_gi_start,Strong/GI start
cheng_composite_ks_0p4_4kyr,Cheng/Rousseau speleothem starts,Cheng/Rousseau,pre,Precession index,strong_monsoon_start,Strong monsoon starts,86,561.25,-0.00192,164.7895045587123,1.4266865720430673,81.74311926605482,0.22706422018348563,False,1.4266865720430673,-1.7149060815467259,,strong_or_gi_start,Strong/GI start
cheng_composite_ks_0p4_4kyr,Cheng/Rousseau speleothem starts,Cheng/Rousseau,pre,Precession index,strong_monsoon_start,Strong monsoon starts,87,562.25,0.007015,165.07772406821596,1.7149060815467152,98.25688073394457,0.2729357798165127,False,1.7149060815467152,-1.426686572043078,,strong_or_gi_start,Strong/GI start
cheng_composite_ks_0p4_4kyr,Cheng/Rousseau speleothem starts,Cheng/Rousseau,pre,Precession index,strong_monsoon_start,Strong monsoon starts,88,580.3,-0.035313,170.22244231285612,0.5764390190072888,33.02752293577909,0.09174311926605302,False,0.5764390190072888,-2.5651536345825043,,strong_or_gi_start,Strong/GI start
cheng_composite_ks_0p4_4kyr,Cheng/Rousseau speleothem starts,Cheng/Rousseau,pre,Precession index,strong_monsoon_start,Strong monsoon starts,89,582.95,-0.008925499999999297,170.9862240130408,1.3402207191919828,76.78899082568847,0.21330275229357906,False,1.3402207191919828,-1.8013719343978103,,strong_or_gi_start,Strong/GI start
cheng_composite_ks_0p4_4kyr,Cheng/Rousseau speleothem starts,Cheng/Rousseau,pre,Precession index,strong_monsoon_start,Strong monsoon starts,90,593.9,0.008137,174.19383265904546,4.547829365196627,260.5714285714271,0.7238095238095197,False,-1.7353559419829596,1.4062367116068337,,strong_or_gi_start,Strong/GI start
cheng_composite_ks_0p4_4kyr,Cheng/Rousseau speleothem starts,Cheng/Rousseau,pre,Precession index,strong_monsoon_start,Strong monsoon starts,91,604.0,-0.014542,177.2036082623903,1.2744196613618897,73.01886792452787,0.20283018867924407,False,1.2744196613618897,-1.8671729922279034,,strong_or_gi_start,Strong/GI start
cheng_composite_ks_0p4_4kyr,Cheng/Rousseau speleothem starts,Cheng/Rousseau,pre,Precession index,strong_monsoon_start,Strong monsoon starts,92,625.65,-0.010938000000000456,183.51669585813588,1.3043219499278749,74.73214285714111,0.2075892857142809,False,1.3043219499278749,-1.8372707036619182,,strong_or_gi_start,Strong/GI start
cheng_composite_ks_0p4_4kyr,Cheng/Rousseau speleothem starts,Cheng/Rousseau,pre,Precession index,strong_monsoon_start,Strong monsoon starts,93,627.55,0.003830499999999589,184.04964461186987,1.837270703661865,105.26785714285583,0.29241071428571064,False,1.837270703661865,-1.3043219499279282,,strong_or_gi_start,Strong/GI start
cheng_composite_ks_0p4_4kyr,Cheng/Rousseau speleothem starts,Cheng/Rousseau,pre,Precession index,strong_monsoon_start,Strong monsoon starts,94,630.1,0.018009,184.7649179392497,2.5525440310416982,146.24999999999952,0.4062499999999986,False,2.5525440310416982,-0.5890486225480949,,strong_or_gi_start,Strong/GI start
cheng_composite_ks_0p4_4kyr,Cheng/Rousseau speleothem starts,Cheng/Rousseau,pre,Precession index,strong_monsoon_start,Strong monsoon starts,95,633.3,0.020662,185.57130944978198,3.3589355415739774,192.45283018867838,0.534591194968551,False,-2.9242497656056092,0.21734288798418433,,strong_or_gi_start,Strong/GI start
cheng_composite_ks_0p4_4kyr,Cheng/Rousseau speleothem starts,Cheng/Rousseau,pre,Precession index,strong_monsoon_start,Strong monsoon starts,96,638.1,0.004721,186.51971477916757,4.307340870959571,246.79245283018756,0.6855345911949654,False,-1.9758444362200154,1.165748217369778,,strong_or_gi_start,Strong/GI start
cheng_composite_ks_0p4_4kyr,Cheng/Rousseau speleothem starts,Cheng/Rousseau,pre,Precession index,weak_monsoon_start,Weak monsoon starts,1,3.5,0.012394,3.8895909044445056,3.8895909044445056,222.85714285714286,0.6190476190476191,False,-2.393594402735081,0.7479982508547125,,weak_or_gs_start,Weak/GS start
cheng_composite_ks_0p4_4kyr,Cheng/Rousseau speleothem starts,Cheng/Rousseau,pre,Precession index,weak_monsoon_start,Weak monsoon starts,2,12.779,-0.018402270000000002,6.651818059834755,0.36863275265516915,21.121100917431185,0.058669724770642175,False,0.3686327526551692,-2.772959900934624,,weak_or_gs_start,Weak/GS start
cheng_composite_ks_0p4_4kyr,Cheng/Rousseau speleothem starts,Cheng/Rousseau,pre,Precession index,weak_monsoon_start,Weak monsoon starts,3,17.835,0.004350300000000005,8.109055899885215,1.8258705927056287,104.61467889908263,0.2905963302752296,False,1.8258705927056287,-1.3157220608841644,,weak_or_gs_start,Weak/GS start
cheng_composite_ks_0p4_4kyr,Cheng/Rousseau speleothem starts,Cheng/Rousseau,pre,Precession index,weak_monsoon_start,Weak monsoon starts,4,24.59,0.015006400000000005,10.039071524283813,3.7558862171042264,215.1964285714286,0.5977678571428572,False,-2.5272990900753602,0.6142935635144333,,weak_or_gs_start,Weak/GS start
cheng_composite_ks_0p4_4kyr,Cheng/Rousseau speleothem starts,Cheng/Rousseau,pre,Precession index,weak_monsoon_start,Weak monsoon starts,5,26.65,0.006809000000000008,10.616900173069077,4.33371486588949,248.30357142857136,0.6897321428571427,False,-1.949470441290096,1.1921222122996973,,weak_or_gs_start,Weak/GS start
cheng_composite_ks_0p4_4kyr,Cheng/Rousseau speleothem starts,Cheng/Rousseau,pre,Precession index,weak_monsoon_start,Weak monsoon starts,6,27.555,0.002538800000000005,10.870752079452895,4.587566772273309,262.8482142857143,0.7301339285714286,False,-1.6956185349062773,1.445974118683516,,weak_or_gs_start,Weak/GS start
cheng_composite_ks_0p4_4kyr,Cheng/Rousseau speleothem starts,Cheng/Rousseau,pre,Precession index,weak_monsoon_start,Weak monsoon starts,7,28.715,-0.0029638000000000017,11.196131318574695,4.912946011395109,281.4910714285714,0.7819196428571428,False,-1.3702392957844778,1.7713533578053156,,weak_or_gs_start,Weak/GS start
cheng_composite_ks_0p4_4kyr,Cheng/Rousseau speleothem starts,Cheng/Rousseau,pre,Precession index,weak_monsoon_start,Weak monsoon starts,8,30.42,-0.00977940000000001,11.674382700214927,5.391197393035341,308.8928571428571,0.8580357142857142,False,-0.8919879141442453,2.249604739445548,,weak_or_gs_start,Weak/GS start
cheng_composite_ks_0p4_4kyr,Cheng/Rousseau speleothem starts,Cheng/Rousseau,pre,Precession index,weak_monsoon_start,Weak monsoon starts,9,31.975,-0.013868750000000003,12.110559180244582,5.827373873064996,333.8839285714286,0.9274553571428572,False,-0.4558114341145905,2.685781219475203,,weak_or_gs_start,Weak/GS start
cheng_composite_ks_0p4_4kyr,Cheng/Rousseau speleothem starts,Cheng/Rousseau,pre,Precession index,weak_monsoon_start,Weak monsoon starts,10,33.42,-0.0152212,12.51588073242648,6.232695425246893,357.1071428571429,0.9919642857142857,False,-0.050489881932693124,3.0911027716571002,,weak_or_gs_start,Weak/GS start
cheng_composite_ks_0p4_4kyr,Cheng/Rousseau speleothem starts,Cheng/Rousseau,pre,Precession index,weak_monsoon_start,Weak monsoon starts,11,34.75,-0.0145935,12.833987766331637,0.2676171519724644,15.333333333333364,0.042592592592592675,False,0.2676171519724644,-2.8739755016173287,,weak_or_gs_start,Weak/GS start
cheng_composite_ks_0p4_4kyr,Cheng/Rousseau speleothem starts,Cheng/Rousseau,pre,Precession index,weak_monsoon_start,Weak monsoon starts,12,36.75,-0.0106355,13.29940890019679,0.7330382858376172,41.99999999999993,0.11666666666666647,False,0.7330382858376173,-2.408554367752176,,weak_or_gs_start,Weak/GS start
cheng_composite_ks_0p4_4kyr,Cheng/Rousseau speleothem starts,Cheng/Rousseau,pre,Precession index,weak_monsoon_start,Weak monsoon starts,13,39.955,-0.0005469500000000035,14.0452462672157,1.4788756528565283,84.73333333333332,0.23537037037037034,False,1.4788756528565283,-1.6627170007332648,,weak_or_gs_start,Weak/GS start
cheng_composite_ks_0p4_4kyr,Cheng/Rousseau speleothem starts,Cheng/Rousseau,pre,Precession index,weak_monsoon_start,Weak monsoon starts,14,42.475,0.007276500000000005,14.631676895885796,2.065306281526624,118.33333333333337,0.3287037037037038,False,2.065306281526624,-1.0762863720631692,,weak_or_gs_start,Weak/GS start
cheng_composite_ks_0p4_4kyr,Cheng/Rousseau speleothem starts,Cheng/Rousseau,pre,Precession index,weak_monsoon_start,Weak monsoon starts,15,44.485,0.011741999999999999,15.099425135420276,2.5330545210611035,145.13333333333333,0.40314814814814814,False,2.5330545210611035,-0.6085381325286896,,weak_or_gs_start,Weak/GS start
cheng_composite_ks_0p4_4kyr,Cheng/Rousseau speleothem starts,Cheng/Rousseau,pre,Precession index,weak_monsoon_start,Weak monsoon starts,16,45.73,0.013364899999999996,15.389149791251334,2.822779176892162,161.73333333333332,0.4492592592592592,False,2.822779176892162,-0.3188134766976312,,weak_or_gs_start,Weak/GS start
cheng_composite_ks_0p4_4kyr,Cheng/Rousseau speleothem starts,Cheng/Rousseau,pre,Precession index,weak_monsoon_start,Weak monsoon starts,17,48.47,0.013287700000000001,16.036511507293852,3.4701408929346798,198.82442748091603,0.5522900763358778,False,-2.813044414244907,0.32854823934488664,,weak_or_gs_start,Weak/GS start
cheng_composite_ks_0p4_4kyr,Cheng/Rousseau speleothem starts,Cheng/Rousseau,pre,Precession index,weak_monsoon_start,Weak monsoon starts,18,48.92,0.012754199999999997,16.14442881218816,3.5780581978289874,205.00763358778636,0.5694656488549621,False,-2.7051271093505993,0.43646554423919426,,weak_or_gs_start,Weak/GS start
cheng_composite_ks_0p4_4kyr,Cheng/Rousseau speleothem starts,Cheng/Rousseau,pre,Precession index,weak_monsoon_start,Weak monsoon starts,19,55.23,-0.0067109999999999835,17.657669243039425,5.091298628680253,291.70992366412213,0.8103053435114504,False,-1.1918866784993336,1.9497059750904597,,weak_or_gs_start,Weak/GS start
cheng_composite_ks_0p4_4kyr,Cheng/Rousseau speleothem starts,Cheng/Rousseau,pre,Precession index,weak_monsoon_start,Weak monsoon starts,20,56.32,-0.010744600000000009,17.919068937116744,5.352698322757572,306.6870229007634,0.8519083969465651,False,-0.9304869844220145,2.211105669167779,,weak_or_gs_start,Weak/GS start
cheng_composite_ks_0p4_4kyr,Cheng/Rousseau speleothem starts,Cheng/Rousseau,pre,Precession index,weak_monsoon_start,Weak monsoon starts,21,68.655,0.01650465000000001,21.15930947685195,2.30975355531319,132.33913043478253,0.3676086956521737,False,2.30975355531319,-0.8318390982766033,,weak_or_gs_start,Weak/GS start
cheng_composite_ks_0p4_4kyr,Cheng/Rousseau speleothem starts,Cheng/Rousseau,pre,Precession index,weak_monsoon_start,Weak monsoon starts,22,69.575,0.020243250000000025,21.410636889139134,2.5610809676003754,146.73913043478265,0.407608695652174,False,2.5610809676003754,-0.5805116859894178,,weak_or_gs_start,Weak/GS start
cheng_composite_ks_0p4_4kyr,Cheng/Rousseau speleothem starts,Cheng/Rousseau,pre,Precession index,weak_monsoon_start,Weak monsoon starts,23,70.155,0.022017200000000004,21.569082431668008,2.719526510129249,155.8173913043477,0.4328260869565214,False,2.719526510129249,-0.4220661434605439,,weak_or_gs_start,Weak/GS start
cheng_composite_ks_0p4_4kyr,Cheng/Rousseau speleothem starts,Cheng/Rousseau,pre,Precession index,weak_monsoon_start,Weak monsoon starts,24,73.4,0.021217,22.463777558411973,3.6142216368732143,207.07964601769916,0.5752212389380532,False,-2.6689636703063724,0.4726289832834212,,weak_or_gs_start,Weak/GS start
cheng_composite_ks_0p4_4kyr,Cheng/Rousseau speleothem starts,Cheng/Rousseau,pre,Precession index,weak_monsoon_start,Weak monsoon starts,25,77.51,-0.0034342000000000426,23.60642762976189,4.75687170822313,272.54867256637175,0.7570796460176993,False,-1.5263135989564562,1.615279054633337,,weak_or_gs_start,Weak/GS start
cheng_composite_ks_0p4_4kyr,Cheng/Rousseau speleothem starts,Cheng/Rousseau,pre,Precession index,weak_monsoon_start,Weak monsoon starts,26,88.425,-0.0011000000000000653,26.614753415303095,1.4820121865847504,84.91304347826087,0.23586956521739133,False,1.4820121865847504,-1.6595804670050427,,weak_or_gs_start,Weak/GS start
cheng_composite_ks_0p4_4kyr,Cheng/Rousseau speleothem starts,Cheng/Rousseau,pre,Precession index,weak_monsoon_start,Weak monsoon starts,27,98.65,0.013995999999999929,29.459571110707927,4.326829881989582,247.90909090909108,0.6886363636363642,False,-1.9563554251900046,1.1852372283997887,,weak_or_gs_start,Weak/GS start
cheng_composite_ks_0p4_4kyr,Cheng/Rousseau speleothem starts,Cheng/Rousseau,pre,Precession index,weak_monsoon_start,Weak monsoon starts,28,100.35,-0.00459749999999992,29.945089975353618,4.812348746635273,275.72727272727263,0.7659090909090908,False,-1.4708365605443137,1.6707560930454797,,weak_or_gs_start,Weak/GS start
cheng_composite_ks_0p4_4kyr,Cheng/Rousseau speleothem starts,Cheng/Rousseau,pre,Precession index,weak_monsoon_start,Weak monsoon starts,29,105.75,-0.042206,31.49002070225618,0.07409416635825039,4.245283018867956,0.011792452830188767,False,0.07409416635825039,-3.0674984872315427,,weak_or_gs_start,Weak/GS start
cheng_composite_ks_0p4_4kyr,Cheng/Rousseau speleothem starts,Cheng/Rousseau,pre,Precession index,weak_monsoon_start,Weak monsoon starts,30,106.35,-0.04109100000000002,31.66784670151598,0.2519201656180492,14.43396226415093,0.04009433962264147,False,0.2519201656180492,-2.889672487971744,,weak_or_gs_start,Weak/GS start
cheng_composite_ks_0p4_4kyr,Cheng/Rousseau speleothem starts,Cheng/Rousseau,pre,Precession index,weak_monsoon_start,Weak monsoon starts,31,117.45,0.0405765,34.946615527317654,3.530688991419723,202.29357798165145,0.5619266055045874,False,-2.7524963157598634,0.3890963378299297,,weak_or_gs_start,Weak/GS start
cheng_composite_ks_0p4_4kyr,Cheng/Rousseau speleothem starts,Cheng/Rousseau,pre,Precession index,weak_monsoon_start,Weak monsoon starts,32,120.55,0.0123235,35.84009600677897,4.42416947088104,253.48623853211015,0.7041284403669726,False,-1.8590158362985465,1.2825768172912468,,weak_or_gs_start,Weak/GS start
cheng_composite_ks_0p4_4kyr,Cheng/Rousseau speleothem starts,Cheng/Rousseau,pre,Precession index,weak_monsoon_start,Weak monsoon starts,33,133.25,0.00314,39.4064991548111,1.7073873117335836,97.82608695652176,0.27173913043478265,False,1.7073873117335836,-1.4342053418562095,,weak_or_gs_start,Weak/GS start
cheng_composite_ks_0p4_4kyr,Cheng/Rousseau speleothem starts,Cheng/Rousseau,pre,Precession index,weak_monsoon_start,Weak monsoon starts,34,135.55,0.023333000000000097,40.03481768552906,2.3357058424515458,133.82608695652198,0.37173913043478324,False,2.3357058424515458,-0.8058868111382472,,weak_or_gs_start,Weak/GS start
cheng_composite_ks_0p4_4kyr,Cheng/Rousseau speleothem starts,Cheng/Rousseau,pre,Precession index,weak_monsoon_start,Weak monsoon starts,35,139.35,0.03339400000000003,41.06139488968808,3.362283046610564,192.64462809917356,0.5351239669421488,False,-2.9209022605690227,0.22069039302077087,,weak_or_gs_start,Weak/GS start
cheng_composite_ks_0p4_4kyr,Cheng/Rousseau speleothem starts,Cheng/Rousseau,pre,Precession index,weak_monsoon_start,Weak monsoon starts,36,142.55,0.017277499999999894,41.89222931047217,4.19311746739465,240.24793388429802,0.6673553719008278,False,-2.090067839784936,1.051524813804857,,weak_or_gs_start,Weak/GS start
cheng_composite_ks_0p4_4kyr,Cheng/Rousseau speleothem starts,Cheng/Rousseau,pre,Precession index,weak_monsoon_start,Weak monsoon starts,37,143.85,0.007062500000000116,42.22975579391569,4.530643950838176,259.5867768595043,0.7210743801652897,False,-1.7525413563414107,1.3890512972483826,,weak_or_gs_start,Weak/GS start
cheng_composite_ks_0p4_4kyr,Cheng/Rousseau speleothem starts,Cheng/Rousseau,pre,Precession index,weak_monsoon_start,Weak monsoon starts,38,147.05,-0.017001500000000086,43.06059021469978,5.361478371622262,307.1900826446288,0.8533057851239688,False,-0.9217069355573246,2.2198857180324687,,weak_or_gs_start,Weak/GS start
cheng_composite_ks_0p4_4kyr,Cheng/Rousseau speleothem starts,Cheng/Rousseau,pre,Precession index,weak_monsoon_start,Weak monsoon starts,39,151.05,-0.02808899999999999,44.09274376698488,0.11044661672777778,6.328125000000665,0.01757812500000185,False,0.1104466167277778,-3.0311460368620153,,weak_or_gs_start,Weak/GS start
cheng_composite_ks_0p4_4kyr,Cheng/Rousseau speleothem starts,Cheng/Rousseau,pre,Precession index,weak_monsoon_start,Weak monsoon starts,40,158.95,0.013867499999999911,46.031695482872315,2.049398332615212,117.42187499999973,0.3261718749999992,False,2.049398332615212,-1.0921943209745812,,weak_or_gs_start,Weak/GS start
cheng_composite_ks_0p4_4kyr,Cheng/Rousseau speleothem starts,Cheng/Rousseau,pre,Precession index,weak_monsoon_start,Weak monsoon starts,41,162.0,0.02801,46.78027810736051,2.7979809571034053,160.31249999999977,0.44531249999999933,False,2.7979809571034053,-0.3436116964863878,,weak_or_gs_start,Weak/GS start
cheng_composite_ks_0p4_4kyr,Cheng/Rousseau speleothem starts,Cheng/Rousseau,pre,Precession index,weak_monsoon_start,Weak monsoon starts,42,165.15,0.027005499999999953,47.57452809432084,3.5922309440637363,205.8196721311474,0.5717213114754094,False,-2.6909543631158503,0.4506382904739432,,weak_or_gs_start,Weak/GS start
cheng_composite_ks_0p4_4kyr,Cheng/Rousseau speleothem starts,Cheng/Rousseau,pre,Precession index,weak_monsoon_start,Weak monsoon starts,43,166.8,0.019305,47.99941562533913,4.017118475082029,230.16393442622942,0.6393442622950817,False,-2.266066832097558,0.8755258214922357,,weak_or_gs_start,Weak/GS start
cheng_composite_ks_0p4_4kyr,Cheng/Rousseau speleothem starts,Cheng/Rousseau,pre,Precession index,weak_monsoon_start,Weak monsoon starts,44,170.25,-0.0074535,48.887816826559195,4.905519676302092,281.0655737704916,0.7807377049180323,False,-1.3776656308774948,1.7639270227122985,,weak_or_gs_start,Weak/GS start
cheng_composite_ks_0p4_4kyr,Cheng/Rousseau speleothem starts,Cheng/Rousseau,pre,Precession index,weak_monsoon_start,Weak monsoon starts,45,171.05,-0.014190000000000117,49.09382290220443,5.111525751947326,292.8688524590163,0.8135245901639342,False,-1.1716595552322604,1.969933098357533,,weak_or_gs_start,Weak/GS start
cheng_composite_ks_0p4_4kyr,Cheng/Rousseau speleothem starts,Cheng/Rousseau,pre,Precession index,weak_monsoon_start,Weak monsoon starts,46,174.85,-0.03556499999999997,50.072351761519286,6.0900546112621825,348.9344262295083,0.9692622950819675,False,-0.19313069591740398,2.9484619576723894,,weak_or_gs_start,Weak/GS start
cheng_composite_ks_0p4_4kyr,Cheng/Rousseau speleothem starts,Cheng/Rousseau,pre,Precession index,weak_monsoon_start,Weak monsoon starts,47,179.65,-0.015351499999999865,51.39145150584719,1.1259690484105036,64.51327433628333,0.17920353982300924,False,1.1259690484105036,-2.0156236051792895,,weak_or_gs_start,Weak/GS start
cheng_composite_ks_0p4_4kyr,Cheng/Rousseau speleothem starts,Cheng/Rousseau,pre,Precession index,weak_monsoon_start,Weak monsoon starts,48,187.75,0.0410095,53.649834543349336,3.3843520859126457,193.9090909090912,0.5386363636363645,False,-2.898833221266941,0.24275943232285258,,weak_or_gs_start,Weak/GS start
cheng_composite_ks_0p4_4kyr,Cheng/Rousseau speleothem starts,Cheng/Rousseau,pre,Precession index,weak_monsoon_start,Weak monsoon starts,49,191.75,0.0069115,54.79223187192744,4.526749414490752,259.3636363636366,0.7204545454545461,False,-1.7564358926888348,1.3851567609009585,,weak_or_gs_start,Weak/GS start
cheng_composite_ks_0p4_4kyr,Cheng/Rousseau speleothem starts,Cheng/Rousseau,pre,Precession index,weak_monsoon_start,Weak monsoon starts,50,193.25,-0.0120255,55.220630870144234,4.955148412707544,283.9090909090913,0.7886363636363647,False,-1.3280368944720424,1.813555759117751,,weak_or_gs_start,Weak/GS start
cheng_composite_ks_0p4_4kyr,Cheng/Rousseau speleothem starts,Cheng/Rousseau,pre,Precession index,weak_monsoon_start,Weak monsoon starts,51,201.15,-0.02780749999999985,57.460290632845464,0.9116228682291876,52.23214285714323,0.14508928571428675,False,0.9116228682291877,-2.2299697853606055,,weak_or_gs_start,Weak/GS start
cheng_composite_ks_0p4_4kyr,Cheng/Rousseau speleothem starts,Cheng/Rousseau,pre,Precession index,weak_monsoon_start,Weak monsoon starts,52,209.25,0.049277,59.73233531981664,3.1836675552003655,182.410714285714,0.5066964285714277,False,-3.099517751979221,0.04207490161057237,,weak_or_gs_start,Weak/GS start
cheng_composite_ks_0p4_4kyr,Cheng/Rousseau speleothem starts,Cheng/Rousseau,pre,Precession index,weak_monsoon_start,Weak monsoon starts,53,221.05,-0.04869799999999996,63.050019228295156,0.2181661564992936,12.500000000000139,0.034722222222222605,False,0.2181661564992936,-2.9234264970904995,,weak_or_gs_start,Weak/GS start
cheng_composite_ks_0p4_4kyr,Cheng/Rousseau speleothem starts,Cheng/Rousseau,pre,Precession index,weak_monsoon_start,Weak monsoon starts,54,228.65,0.03491200000000014,65.26076961415464,2.4289165423587775,139.1666666666668,0.38657407407407446,False,2.4289165423587775,-0.7126761112310156,,weak_or_gs_start,Weak/GS start
cheng_composite_ks_0p4_4kyr,Cheng/Rousseau speleothem starts,Cheng/Rousseau,pre,Precession index,weak_monsoon_start,Weak monsoon starts,55,232.65,0.041301499999999915,66.43282955680681,3.6009764850109462,206.32075471698136,0.5731132075471704,False,-2.6822088221686404,0.45938383142115313,,weak_or_gs_start,Weak/GS start
cheng_composite_ks_0p4_4kyr,Cheng/Rousseau speleothem starts,Cheng/Rousseau,pre,Precession index,weak_monsoon_start,Weak monsoon starts,56,234.15,0.028402499999999848,66.87739455495631,4.045541483160449,231.7924528301891,0.6438679245283031,False,-2.237643824019138,0.9039488295706555,,weak_or_gs_start,Weak/GS start
cheng_composite_ks_0p4_4kyr,Cheng/Rousseau speleothem starts,Cheng/Rousseau,pre,Precession index,weak_monsoon_start,Weak monsoon starts,57,246.75,-0.008779499999999999,70.49460732685618,1.3795689478807347,79.04347826086953,0.21956521739130427,False,1.3795689478807347,-1.7620237057090584,,weak_or_gs_start,Weak/GS start
cheng_composite_ks_0p4_4kyr,Cheng/Rousseau speleothem starts,Cheng/Rousseau,pre,Precession index,weak_monsoon_start,Weak monsoon starts,58,250.05,0.018245500000000088,71.39610782745152,2.2810694484760674,130.69565217391306,0.3630434782608696,False,2.2810694484760674,-0.8605232051137257,,weak_or_gs_start,Weak/GS start
cheng_composite_ks_0p4_4kyr,Cheng/Rousseau speleothem starts,Cheng/Rousseau,pre,Precession index,weak_monsoon_start,Weak monsoon starts,59,252.15,0.027058000000000033,71.969789964194,2.8547515852185583,163.56521739130477,0.4543478260869577,False,2.8547515852185583,-0.2868410683712348,,weak_or_gs_start,Weak/GS start
cheng_composite_ks_0p4_4kyr,Cheng/Rousseau speleothem starts,Cheng/Rousseau,pre,Precession index,weak_monsoon_start,Weak monsoon starts,60,256.05,0.0217185,72.92480558948546,3.80976721051001,218.28358208955223,0.6063432835820896,False,-2.473418096669576,0.6681745569202171,,weak_or_gs_start,Weak/GS start
cheng_composite_ks_0p4_4kyr,Cheng/Rousseau speleothem starts,Cheng/Rousseau,pre,Precession index,weak_monsoon_start,Weak monsoon starts,61,259.65,0.002353000000000164,73.76881555612151,4.653777177146061,266.6417910447754,0.7406716417910427,False,-1.6294081300335252,1.512184523556268,,weak_or_gs_start,Weak/GS start
cheng_composite_ks_0p4_4kyr,Cheng/Rousseau speleothem starts,Cheng/Rousseau,pre,Precession index,weak_monsoon_start,Weak monsoon starts,62,276.95,0.019164999999999998,77.88032169872407,2.4820980125690397,142.21374045801554,0.39503816793893204,False,2.4820980125690397,-0.6594946410207534,,weak_or_gs_start,Weak/GS start
cheng_composite_ks_0p4_4kyr,Cheng/Rousseau speleothem starts,Cheng/Rousseau,pre,Precession index,weak_monsoon_start,Weak monsoon starts,63,281.4,0.022455,79.00422568853637,3.606002002381331,206.60869565217408,0.5739130434782613,False,-2.677183304798256,0.4644093487915377,,weak_or_gs_start,Weak/GS start
cheng_composite_ks_0p4_4kyr,Cheng/Rousseau speleothem starts,Cheng/Rousseau,pre,Precession index,weak_monsoon_start,Weak monsoon starts,64,284.7,0.003876,79.9057261891317,4.5075025029766635,258.2608695652176,0.7173913043478267,False,-1.775682804202923,1.3659098493868704,,weak_or_gs_start,Weak/GS start
cheng_composite_ks_0p4_4kyr,Cheng/Rousseau speleothem starts,Cheng/Rousseau,pre,Precession index,weak_monsoon_start,Weak monsoon starts,65,307.25,0.0047825,86.27635525769726,4.59494626436264,263.27102803738313,0.7313084112149532,False,-1.688239042816946,1.4533536107728473,,weak_or_gs_start,Weak/GS start
cheng_composite_ks_0p4_4kyr,Cheng/Rousseau speleothem starts,Cheng/Rousseau,pre,Precession index,weak_monsoon_start,Weak monsoon starts,66,318.05,-0.003723,89.44730859029258,1.4827142897783716,84.95327102803803,0.23598130841121676,False,1.4827142897783716,-1.6588783638114215,,weak_or_gs_start,Weak/GS start
cheng_composite_ks_0p4_4kyr,Cheng/Rousseau speleothem starts,Cheng/Rousseau,pre,Precession index,weak_monsoon_start,Weak monsoon starts,67,324.15,0.03449950000000004,91.23588573338064,3.271291432866434,187.43119266055035,0.5206422018348621,False,-3.0118938743131527,0.12969877927664086,,weak_or_gs_start,Weak/GS start
cheng_composite_ks_0p4_4kyr,Cheng/Rousseau speleothem starts,Cheng/Rousseau,pre,Precession index,weak_monsoon_start,Weak monsoon starts,68,341.15,0.007887499999999782,96.20753502493312,1.9597554172393288,112.28571428571324,0.31190476190475896,False,1.9597554172393288,-1.1818372363504643,,weak_or_gs_start,Weak/GS start
cheng_composite_ks_0p4_4kyr,Cheng/Rousseau speleothem starts,Cheng/Rousseau,pre,Precession index,weak_monsoon_start,Weak monsoon starts,69,349.55,0.006173,98.80150229244263,4.553722684748841,260.9090909090909,0.7247474747474747,False,-1.7294626224307452,1.4121300311590481,,weak_or_gs_start,Weak/GS start
cheng_composite_ks_0p4_4kyr,Cheng/Rousseau speleothem starts,Cheng/Rousseau,pre,Precession index,weak_monsoon_start,Weak monsoon starts,70,364.35,0.008923499999999997,103.73073521019633,3.199770295322949,183.333333333334,0.5092592592592612,False,-3.0834150118566375,0.058177641733156094,,weak_or_gs_start,Weak/GS start
cheng_composite_ks_0p4_4kyr,Cheng/Rousseau speleothem starts,Cheng/Rousseau,pre,Precession index,weak_monsoon_start,Weak monsoon starts,71,367.35,0.004349999999999929,104.89428804485922,4.363323129985844,250.00000000000114,0.6944444444444476,False,-1.9198621771937427,1.2217304763960506,,weak_or_gs_start,Weak/GS start
cheng_composite_ks_0p4_4kyr,Cheng/Rousseau speleothem starts,Cheng/Rousseau,pre,Precession index,weak_monsoon_start,Weak monsoon starts,72,368.65,0.0010910000000000687,105.39849427321312,4.867529358339738,278.8888888888887,0.7746913580246908,False,-1.4156559488398488,1.7259367047499445,,weak_or_gs_start,Weak/GS start
cheng_composite_ks_0p4_4kyr,Cheng/Rousseau speleothem starts,Cheng/Rousseau,pre,Precession index,weak_monsoon_start,Weak monsoon starts,73,369.55,-0.0010125,105.74756012361199,5.21659520873861,298.8888888888891,0.8302469135802474,False,-1.0665900984409762,2.075002555148817,,weak_or_gs_start,Weak/GS start
cheng_composite_ks_0p4_4kyr,Cheng/Rousseau speleothem starts,Cheng/Rousseau,pre,Precession index,weak_monsoon_start,Weak monsoon starts,74,371.55,-0.0039605,106.52326201338725,5.992297098513873,343.3333333333338,0.953703703703705,False,-0.29088820866571324,2.85070444492408,,weak_or_gs_start,Weak/GS start
cheng_composite_ks_0p4_4kyr,Cheng/Rousseau speleothem starts,Cheng/Rousseau,pre,Precession index,weak_monsoon_start,Weak monsoon starts,75,371.95,-0.004171,106.67840239134229,6.147437476468909,352.2222222222218,0.9783950617283939,False,-0.13574783071067764,3.0058448228791157,,weak_or_gs_start,Weak/GS start
cheng_composite_ks_0p4_4kyr,Cheng/Rousseau speleothem starts,Cheng/Rousseau,pre,Precession index,weak_monsoon_start,Weak monsoon starts,76,378.65,0.006011499999999963,109.37172885670618,2.5575786346532183,146.53846153846092,0.4070512820512803,False,2.5575786346532183,-0.5840140189365748,,weak_or_gs_start,Weak/GS start
cheng_composite_ks_0p4_4kyr,Cheng/Rousseau speleothem starts,Cheng/Rousseau,pre,Precession index,weak_monsoon_start,Weak monsoon starts,77,398.85,0.015472499999999985,116.34999458976745,3.2526590605348957,186.36363636363689,0.5176767676767691,False,-3.030526246644691,0.11106640694510261,,weak_or_gs_start,Weak/GS start
cheng_composite_ks_0p4_4kyr,Cheng/Rousseau speleothem starts,Cheng/Rousseau,pre,Precession index,weak_monsoon_start,Weak monsoon starts,78,430.15,-0.0068115000000000606,126.44007674189264,0.7763705983009146,44.482758620689005,0.1235632183908028,False,0.7763705983009146,-2.3652220552888785,,weak_or_gs_start,Weak/GS start
cheng_composite_ks_0p4_4kyr,Cheng/Rousseau speleothem starts,Cheng/Rousseau,pre,Precession index,weak_monsoon_start,Weak monsoon starts,79,441.85,-0.003331500000000075,130.70873434612122,5.045028202529494,289.05882352941194,0.8029411764705886,False,-1.2381571046500925,1.9034355489397008,,weak_or_gs_start,Weak/GS start
cheng_composite_ks_0p4_4kyr,Cheng/Rousseau speleothem starts,Cheng/Rousseau,pre,Precession index,weak_monsoon_start,Weak monsoon starts,80,453.55,0.0132595,134.70818604629497,2.7612945955236583,158.21052631578937,0.439473684210526,False,2.7612945955236583,-0.3802980580661348,,weak_or_gs_start,Weak/GS start
cheng_composite_ks_0p4_4kyr,Cheng/Rousseau speleothem starts,Cheng/Rousseau,pre,Precession index,weak_monsoon_start,Weak monsoon starts,81,457.6,0.008169,135.99052555935222,4.04363410858091,231.68316831683103,0.6435643564356418,False,-2.2395511985986762,0.9020414549911173,,weak_or_gs_start,Weak/GS start
cheng_composite_ks_0p4_4kyr,Cheng/Rousseau speleothem starts,Cheng/Rousseau,pre,Precession index,weak_monsoon_start,Weak monsoon starts,82,460.15,-0.004688499999999841,136.78369994218923,4.836808491417919,277.1287128712854,0.769801980198015,False,-1.4463768157616672,1.6952158378281261,,weak_or_gs_start,Weak/GS start
cheng_composite_ks_0p4_4kyr,Cheng/Rousseau speleothem starts,Cheng/Rousseau,pre,Precession index,weak_monsoon_start,Weak monsoon starts,83,467.35,-0.014710499999999852,139.02325114078792,0.793174382837023,45.44554455445522,0.1262376237623756,False,0.793174382837023,-2.34841827075277,,weak_or_gs_start,Weak/GS start
cheng_composite_ks_0p4_4kyr,Cheng/Rousseau speleothem starts,Cheng/Rousseau,pre,Precession index,weak_monsoon_start,Weak monsoon starts,84,475.35,0.02807049999999996,141.51026908743435,3.280192329483455,187.94117647058792,0.5220588235294109,False,-3.0029929776961315,0.13859967589366207,,weak_or_gs_start,Weak/GS start
cheng_composite_ks_0p4_4kyr,Cheng/Rousseau speleothem starts,Cheng/Rousseau,pre,Precession index,weak_monsoon_start,Weak monsoon starts,85,479.05,0.006837500000000001,142.64986642256005,4.419789664609155,253.23529411764622,0.7034313725490172,False,-1.8633956425704314,1.278197011019362,,weak_or_gs_start,Weak/GS start
cheng_composite_ks_0p4_4kyr,Cheng/Rousseau speleothem starts,Cheng/Rousseau,pre,Precession index,weak_monsoon_start,Weak monsoon starts,86,500.1,0.008059,149.01818737971206,4.504925314581577,258.11320754716905,0.7169811320754695,False,-1.7782599925980096,1.3633326609917837,,weak_or_gs_start,Weak/GS start
cheng_composite_ks_0p4_4kyr,Cheng/Rousseau speleothem starts,Cheng/Rousseau,pre,Precession index,weak_monsoon_start,Weak monsoon starts,87,513.95,0.016546500000000307,153.14516187999388,2.348714507683809,134.5714285714292,0.3738095238095256,False,2.348714507683809,-0.7928781459059842,,weak_or_gs_start,Weak/GS start
cheng_composite_ks_0p4_4kyr,Cheng/Rousseau speleothem starts,Cheng/Rousseau,pre,Precession index,weak_monsoon_start,Weak monsoon starts,88,521.95,0.003959999999999697,155.3745802563875,4.578132884077434,262.3076923076923,0.7286324786324786,False,-1.7050524231021529,1.4365402304876405,,weak_or_gs_start,Weak/GS start
cheng_composite_ks_0p4_4kyr,Cheng/Rousseau speleothem starts,Cheng/Rousseau,pre,Precession index,weak_monsoon_start,Weak monsoon starts,89,535.0,-0.004603,158.3325297496713,1.252897070181639,71.78571428571402,0.19940476190476117,False,1.252897070181639,-1.888695583408154,,weak_or_gs_start,Weak/GS start
cheng_composite_ks_0p4_4kyr,Cheng/Rousseau speleothem starts,Cheng/Rousseau,pre,Precession index,weak_monsoon_start,Weak monsoon starts,90,552.7,-0.014435,162.35302034801538,5.2733876685257215,302.142857142857,0.8392857142857139,False,-1.009797638653865,2.1317950149359284,,weak_or_gs_start,Weak/GS start
cheng_composite_ks_0p4_4kyr,Cheng/Rousseau speleothem starts,Cheng/Rousseau,pre,Precession index,weak_monsoon_start,Weak monsoon starts,91,554.2,-0.022007,162.77376936412116,5.694136684631509,326.2500000000005,0.9062500000000014,False,-0.5890486225480774,2.552544031041716,,weak_or_gs_start,Weak/GS start
cheng_composite_ks_0p4_4kyr,Cheng/Rousseau speleothem starts,Cheng/Rousseau,pre,Precession index,weak_monsoon_start,Weak monsoon starts,92,556.95,-0.026347499999999923,163.55016066784663,0.18734268117738395,10.733944954129068,0.029816513761469637,False,0.18734268117738395,-2.954249972412409,,weak_or_gs_start,Weak/GS start
cheng_composite_ks_0p4_4kyr,Cheng/Rousseau speleothem starts,Cheng/Rousseau,pre,Precession index,weak_monsoon_start,Weak monsoon starts,93,560.45,-0.008694999999999538,164.5589289511094,1.196110964440166,68.532110091744,0.19036697247706666,False,1.196110964440166,-1.9454816891496272,,weak_or_gs_start,Weak/GS start
cheng_composite_ks_0p4_4kyr,Cheng/Rousseau speleothem starts,Cheng/Rousseau,pre,Precession index,weak_monsoon_start,Weak monsoon starts,94,569.5,0.027933,167.15537128019204,3.7925532935228006,217.29729729729658,0.6036036036036015,False,-2.490632013656786,0.6509606399330076,,weak_or_gs_start,Weak/GS start
cheng_composite_ks_0p4_4kyr,Cheng/Rousseau speleothem starts,Cheng/Rousseau,pre,Precession index,weak_monsoon_start,Weak monsoon starts,95,589.8,0.045684,172.9671155276437,3.321112233794871,190.28571428571124,0.5285714285714201,False,-2.962073073384716,0.17951958020507774,,weak_or_gs_start,Weak/GS start
cheng_composite_ks_0p4_4kyr,Cheng/Rousseau speleothem starts,Cheng/Rousseau,pre,Precession index,weak_monsoon_start,Weak monsoon starts,96,614.9,0.01078,180.42137248887175,4.492183887843339,257.38317757009287,0.7149532710280359,False,-1.7910014193362473,1.350591234253546,,weak_or_gs_start,Weak/GS start
cheng_composite_ks_0p4_4kyr,Cheng/Rousseau speleothem starts,Cheng/Rousseau,pre,Precession index,weak_monsoon_start,Weak monsoon starts,97,629.0,0.013084,184.4563686607721,2.243994752564113,128.57142857142713,0.3571428571428532,False,2.243994752564113,-0.8975979010256802,,weak_or_gs_start,Weak/GS start
cheng_composite_ks_0p4_4kyr,Cheng/Rousseau speleothem starts,Cheng/Rousseau,pre,Precession index,weak_monsoon_start,Weak monsoon starts,98,632.3,0.021623,185.37372500615996,3.1613510979519575,181.13207547169608,0.5031446540880447,False,-3.121834209227629,0.019758444362164344,,weak_or_gs_start,Weak/GS start
cheng_composite_ks_0p4_4kyr,Cheng/Rousseau speleothem starts,Cheng/Rousseau,pre,Precession index,weak_monsoon_start,Weak monsoon starts,99,635.2,0.015694,185.9467198926638,3.7343459844557927,213.96226415094344,0.5943396226415095,False,-2.548839322723794,0.5927533308659996,,weak_or_gs_start,Weak/GS start
cheng_composite_ks_0p4_4kyr,Cheng/Rousseau speleothem starts,Cheng/Rousseau,pre,Precession index,weak_monsoon_start,Weak monsoon starts,100,639.2,0.000747,186.7370576671518,4.524683758943787,259.2452830188678,0.7201257861635216,False,-1.758501548235799,1.3830911053539943,,weak_or_gs_start,Weak/GS start
cheng_composite_ks_0p4_4kyr,Cheng/Rousseau speleothem starts,Cheng/Rousseau,obl,Obliquity,strong_monsoon_start,Strong monsoon starts,1,10.824,0.42258956000000003,3.3571091651624814,3.3571091651624814,192.3481865284974,0.534300518134715,False,-2.9260761420171053,0.21551651157268825,,strong_or_gi_start,Strong/GI start
cheng_composite_ks_0p4_4kyr,Cheng/Rousseau speleothem starts,Cheng/Rousseau,obl,Obliquity,strong_monsoon_start,Strong monsoon starts,2,11.514,0.4221101,3.4694251719488522,3.4694251719488522,198.78341968911917,0.5521761658031088,False,-2.8137601352307344,0.32783251835905913,,strong_or_gi_start,Strong/GI start
cheng_composite_ks_0p4_4kyr,Cheng/Rousseau speleothem starts,Cheng/Rousseau,obl,Obliquity,strong_monsoon_start,Strong monsoon starts,3,14.617,0.417671,3.974521648844662,3.974521648844662,227.72331606217617,0.6325647668393782,False,-2.308663658334924,0.8329289952548692,,strong_or_gi_start,Strong/GI start
cheng_composite_ks_0p4_4kyr,Cheng/Rousseau speleothem starts,Cheng/Rousseau,obl,Obliquity,strong_monsoon_start,Strong monsoon starts,4,23.685,0.39380235,5.450581865567576,5.450581865567576,312.2953367875648,0.8674870466321244,False,-0.83260344161201,2.3089892119777833,,strong_or_gi_start,Strong/GI start
cheng_composite_ks_0p4_4kyr,Cheng/Rousseau speleothem starts,Cheng/Rousseau,obl,Obliquity,strong_monsoon_start,Strong monsoon starts,5,27.955,0.3877399,6.145638893071639,6.145638893071639,352.11917098445593,0.9781088082901553,False,-0.13754641410794768,3.0040462394818457,,strong_or_gi_start,Strong/GI start
cheng_composite_ks_0p4_4kyr,Cheng/Rousseau speleothem starts,Cheng/Rousseau,obl,Obliquity,strong_monsoon_start,Strong monsoon starts,6,29.43,0.38769509999999996,6.3836524834111374,0.10046717623155121,5.756345177664944,0.015989847715735955,False,0.10046717623155123,-3.041125477358242,,strong_or_gi_start,Strong/GI start
cheng_composite_ks_0p4_4kyr,Cheng/Rousseau speleothem starts,Cheng/Rousseau,obl,Obliquity,strong_monsoon_start,Strong monsoon starts,7,32.675,0.39150025,6.901138176857781,0.6179528696781951,35.40609137055836,0.09835025380710656,False,0.6179528696781951,-2.523639783911598,,strong_or_gi_start,Strong/GI start
cheng_composite_ks_0p4_4kyr,Cheng/Rousseau speleothem starts,Cheng/Rousseau,obl,Obliquity,strong_monsoon_start,Strong monsoon starts,8,33.995,0.394379,7.111640831819128,0.8284555246395415,47.46700507614211,0.13185279187817253,False,0.8284555246395415,-2.3131371289502516,,strong_or_gi_start,Strong/GI start
cheng_composite_ks_0p4_4kyr,Cheng/Rousseau speleothem starts,Cheng/Rousseau,obl,Obliquity,strong_monsoon_start,Strong monsoon starts,9,35.535,0.3984374,7.357227262607365,1.074041955427779,61.53807106598981,0.17093908629441615,False,1.074041955427779,-2.067550698162014,,strong_or_gi_start,Strong/GI start
cheng_composite_ks_0p4_4kyr,Cheng/Rousseau speleothem starts,Cheng/Rousseau,obl,Obliquity,strong_monsoon_start,Strong monsoon starts,10,38.305,0.4067945,7.798963894609585,1.515778587429999,86.8477157360406,0.24124365482233498,False,1.515778587429999,-1.6258140661597942,,strong_or_gi_start,Strong/GI start
cheng_composite_ks_0p4_4kyr,Cheng/Rousseau speleothem starts,Cheng/Rousseau,obl,Obliquity,strong_monsoon_start,Strong monsoon starts,11,41.595,0.41647565,8.323625814929912,2.0404405077503256,116.9086294416244,0.3247461928934011,False,2.0404405077503256,-1.1011521458394675,,strong_or_gi_start,Strong/GI start
cheng_composite_ks_0p4_4kyr,Cheng/Rousseau speleothem starts,Cheng/Rousseau,obl,Obliquity,strong_monsoon_start,Strong monsoon starts,12,43.615,0.42126345000000004,8.645758665704093,2.3625733585245072,135.36548223350255,0.376015228426396,False,2.3625733585245072,-0.7790192950652859,,strong_or_gi_start,Strong/GI start
cheng_composite_ks_0p4_4kyr,Cheng/Rousseau speleothem starts,Cheng/Rousseau,obl,Obliquity,strong_monsoon_start,Strong monsoon starts,13,47.25,0.426129,9.225438325389316,2.9422530182097297,168.57868020304565,0.46827411167512684,False,2.9422530182097297,-0.19933963538006338,,strong_or_gi_start,Strong/GI start
cheng_composite_ks_0p4_4kyr,Cheng/Rousseau speleothem starts,Cheng/Rousseau,obl,Obliquity,strong_monsoon_start,Strong monsoon starts,14,49.65,0.42624850000000003,9.59439446554066,3.3112091583610734,189.71830985915494,0.5269953051643194,False,-2.9719761488185132,0.16961650477128032,,strong_or_gi_start,Strong/GI start
cheng_composite_ks_0p4_4kyr,Cheng/Rousseau speleothem starts,Cheng/Rousseau,obl,Obliquity,strong_monsoon_start,Strong monsoon starts,15,53.8,0.420979,10.206488808845712,3.923303501666126,224.78873239436618,0.624413145539906,False,-2.3598818055134605,0.7817108480763331,,strong_or_gi_start,Strong/GI start
cheng_composite_ks_0p4_4kyr,Cheng/Rousseau speleothem starts,Cheng/Rousseau,obl,Obliquity,strong_monsoon_start,Strong monsoon starts,16,54.37,0.41981229999999997,10.29055959816713,4.007374290987544,229.60563380281693,0.637793427230047,False,-2.275811016192043,0.8657816373977507,,strong_or_gi_start,Strong/GI start
cheng_composite_ks_0p4_4kyr,Cheng/Rousseau speleothem starts,Cheng/Rousseau,obl,Obliquity,strong_monsoon_start,Strong monsoon starts,17,55.745,0.4166781,10.493361940828443,4.210176633648857,241.22535211267606,0.6700704225352113,False,-2.0730086735307296,1.0685839800590635,,strong_or_gi_start,Strong/GI start
cheng_composite_ks_0p4_4kyr,Cheng/Rousseau speleothem starts,Cheng/Rousseau,obl,Obliquity,strong_monsoon_start,Strong monsoon starts,18,58.21,0.4103091,10.85693123149036,4.573745924310774,262.056338028169,0.7279342723004696,False,-1.7094393828688121,1.4321532707209812,,strong_or_gi_start,Strong/GI start
cheng_composite_ks_0p4_4kyr,Cheng/Rousseau speleothem starts,Cheng/Rousseau,obl,Obliquity,strong_monsoon_start,Strong monsoon starts,19,59.785,0.4060652,11.089232096720592,4.806046789541005,275.3661971830986,0.764906103286385,False,-1.4771385176385812,1.6644541359512122,,strong_or_gi_start,Strong/GI start
cheng_composite_ks_0p4_4kyr,Cheng/Rousseau speleothem starts,Cheng/Rousseau,obl,Obliquity,strong_monsoon_start,Strong monsoon starts,20,65.48,0.393332,11.92920252687054,5.646017219690954,323.49295774647896,0.8985915492957749,False,-0.6371680874886326,2.504424566101161,,strong_or_gi_start,Strong/GI start
cheng_composite_ks_0p4_4kyr,Cheng/Rousseau speleothem starts,Cheng/Rousseau,obl,Obliquity,strong_monsoon_start,Strong monsoon starts,21,69.18,0.3899988,12.474925194395528,6.191739887215942,354.7605633802818,0.9854460093896716,False,-0.09144541996364478,3.0501472336261486,,strong_or_gi_start,Strong/GI start
cheng_composite_ks_0p4_4kyr,Cheng/Rousseau speleothem starts,Cheng/Rousseau,obl,Obliquity,strong_monsoon_start,Strong monsoon starts,22,72.285,0.3910271,12.918030873105597,0.35166025874642415,20.148648648648596,0.05596846846846833,False,0.35166025874642415,-2.789932394843369,,strong_or_gi_start,Strong/GI start
cheng_composite_ks_0p4_4kyr,Cheng/Rousseau speleothem starts,Cheng/Rousseau,obl,Obliquity,strong_monsoon_start,Strong monsoon starts,23,75.28,0.39496400000000004,13.341862854975032,0.7754922406158595,44.43243243243247,0.12342342342342354,False,0.7754922406158595,-2.3661004129739336,,strong_or_gi_start,Strong/GI start
cheng_composite_ks_0p4_4kyr,Cheng/Rousseau speleothem starts,Cheng/Rousseau,obl,Obliquity,strong_monsoon_start,Strong monsoon starts,24,76.245,0.3967144,13.478423076178373,0.9120524618192007,52.25675675675686,0.14515765765765795,False,0.9120524618192007,-2.2295401917705924,,strong_or_gi_start,Strong/GI start
cheng_composite_ks_0p4_4kyr,Cheng/Rousseau speleothem starts,Cheng/Rousseau,obl,Obliquity,strong_monsoon_start,Strong monsoon starts,25,84.13,0.4143,14.594254520933124,2.027883906573951,116.18918918918914,0.3227477477477476,False,2.027883906573951,-1.113708747015842,,strong_or_gi_start,Strong/GI start
cheng_composite_ks_0p4_4kyr,Cheng/Rousseau speleothem starts,Cheng/Rousseau,obl,Obliquity,strong_monsoon_start,Strong monsoon starts,26,85.0,0.416068,14.717370989790021,2.151000375430849,123.24324324324321,0.3423423423423423,False,2.151000375430849,-0.9905922781589442,,strong_or_gi_start,Strong/GI start
cheng_composite_ks_0p4_4kyr,Cheng/Rousseau speleothem starts,Cheng/Rousseau,obl,Obliquity,strong_monsoon_start,Strong monsoon starts,27,89.79,0.4227965,15.395219134415928,2.8288485200567557,162.08108108108112,0.4502252252252253,False,2.8288485200567557,-0.3127441335330374,,strong_or_gi_start,Strong/GI start
cheng_composite_ks_0p4_4kyr,Cheng/Rousseau speleothem starts,Cheng/Rousseau,obl,Obliquity,strong_monsoon_start,Strong monsoon starts,28,105.15,0.3996705,17.76328383484975,5.196913220490579,297.7611940298508,0.8271144278606967,False,-1.0862720866890074,2.055320566900786,,strong_or_gi_start,Strong/GI start
cheng_composite_ks_0p4_4kyr,Cheng/Rousseau speleothem starts,Cheng/Rousseau,obl,Obliquity,strong_monsoon_start,Strong monsoon starts,29,108.55,0.39258699999999996,18.29469751754653,5.728326903187359,328.2089552238806,0.9116915422885572,False,-0.5548584039922277,2.5867342495975656,,strong_or_gi_start,Strong/GI start
cheng_composite_ks_0p4_4kyr,Cheng/Rousseau speleothem starts,Cheng/Rousseau,obl,Obliquity,strong_monsoon_start,Strong monsoon starts,30,128.55,0.4225435,21.613149459054913,2.7635935375161544,158.34224598930479,0.4398395721925133,False,2.7635935375161544,-0.3779991160736386,,strong_or_gi_start,Strong/GI start
cheng_composite_ks_0p4_4kyr,Cheng/Rousseau speleothem starts,Cheng/Rousseau,obl,Obliquity,strong_monsoon_start,Strong monsoon starts,31,130.45,0.423666,21.932348712628205,3.082792791089446,176.63101604278054,0.490641711229946,False,3.082792791089446,-0.05879986250034719,,strong_or_gi_start,Strong/GI start
cheng_composite_ks_0p4_4kyr,Cheng/Rousseau speleothem starts,Cheng/Rousseau,obl,Obliquity,strong_monsoon_start,Strong monsoon starts,32,147.65,0.392265,24.837161274751562,5.987605353212803,343.0645161290322,0.9529569892473116,False,-0.29557995396678316,2.84601269962301,,strong_or_gi_start,Strong/GI start
cheng_composite_ks_0p4_4kyr,Cheng/Rousseau speleothem starts,Cheng/Rousseau,obl,Obliquity,strong_monsoon_start,Strong monsoon starts,33,149.05,0.3916115,25.07362523792499,6.224069316386231,356.6129032258065,0.9905913978494626,False,-0.05911599079335541,3.082476662796438,,strong_or_gi_start,Strong/GI start
cheng_composite_ks_0p4_4kyr,Cheng/Rousseau speleothem starts,Cheng/Rousseau,obl,Obliquity,strong_monsoon_start,Strong monsoon starts,34,151.75,0.3928085,25.507499743232863,0.374758514514518,21.472081218274088,0.05964467005076135,False,0.374758514514518,-2.766834139075275,,strong_or_gi_start,Strong/GI start
cheng_composite_ks_0p4_4kyr,Cheng/Rousseau speleothem starts,Cheng/Rousseau,obl,Obliquity,strong_monsoon_start,Strong monsoon starts,35,157.05,0.40240600000000004,26.35269979724433,1.2199585685259855,69.8984771573604,0.19416243654822332,False,1.2199585685259855,-1.9216340850638076,,strong_or_gi_start,Strong/GI start
cheng_composite_ks_0p4_4kyr,Cheng/Rousseau speleothem starts,Cheng/Rousseau,obl,Obliquity,strong_monsoon_start,Strong monsoon starts,36,158.15,0.40499100000000005,26.528118676378785,1.3953774476604401,79.94923857868015,0.2220812182741115,False,1.3953774476604401,-1.746215205929353,,strong_or_gi_start,Strong/GI start
cheng_composite_ks_0p4_4kyr,Cheng/Rousseau speleothem starts,Cheng/Rousseau,obl,Obliquity,strong_monsoon_start,Strong monsoon starts,37,160.5,0.410429,26.902877190893303,1.7701359621749582,101.42131979695424,0.2817258883248729,False,1.7701359621749582,-1.371456691414835,,strong_or_gi_start,Strong/GI start
cheng_composite_ks_0p4_4kyr,Cheng/Rousseau speleothem starts,Cheng/Rousseau,obl,Obliquity,strong_monsoon_start,Strong monsoon starts,38,163.8,0.416755,27.429133828296674,2.296392599578329,131.57360406091388,0.3654822335025386,False,2.296392599578329,-0.845200054011464,,strong_or_gi_start,Strong/GI start
cheng_composite_ks_0p4_4kyr,Cheng/Rousseau speleothem starts,Cheng/Rousseau,obl,Obliquity,strong_monsoon_start,Strong monsoon starts,39,168.75,0.420993,28.21851878440172,3.085777555683375,176.80203045685278,0.4911167512690355,False,3.085777555683375,-0.05581509790641803,,strong_or_gi_start,Strong/GI start
cheng_composite_ks_0p4_4kyr,Cheng/Rousseau speleothem starts,Cheng/Rousseau,obl,Obliquity,strong_monsoon_start,Strong monsoon starts,40,169.55,0.4209865,28.338302963489834,3.2055617347714893,183.66515837104092,0.5101809954751136,False,-3.0776235724080974,0.0639690811816962,,strong_or_gi_start,Strong/GI start
cheng_composite_ks_0p4_4kyr,Cheng/Rousseau speleothem starts,Cheng/Rousseau,obl,Obliquity,strong_monsoon_start,Strong monsoon starts,41,173.15,0.41866349999999997,28.850055612943372,3.717314384225027,212.98642533936652,0.5916289592760181,False,-2.5658709229545598,0.5757217306352338,,strong_or_gi_start,Strong/GI start
cheng_composite_ks_0p4_4kyr,Cheng/Rousseau speleothem starts,Cheng/Rousseau,obl,Obliquity,strong_monsoon_start,Strong monsoon starts,42,176.25,0.414138,29.290731505528367,4.157990276810022,238.23529411764716,0.6617647058823531,False,-2.125195030369565,1.0163976232202288,,strong_or_gi_start,Strong/GI start
cheng_composite_ks_0p4_4kyr,Cheng/Rousseau speleothem starts,Cheng/Rousseau,obl,Obliquity,strong_monsoon_start,Strong monsoon starts,43,177.95,0.410989,29.532392478881427,4.399651250163082,252.08144796380094,0.7002262443438915,False,-1.8835340570165047,1.2580585965732887,,strong_or_gi_start,Strong/GI start
cheng_composite_ks_0p4_4kyr,Cheng/Rousseau speleothem starts,Cheng/Rousseau,obl,Obliquity,strong_monsoon_start,Strong monsoon starts,44,182.55,0.4017385,30.186298642072064,5.053557413353719,289.5475113122173,0.8042986425339369,False,-1.2296278938258676,1.9119647597639258,,strong_or_gi_start,Strong/GI start
cheng_composite_ks_0p4_4kyr,Cheng/Rousseau speleothem starts,Cheng/Rousseau,obl,Obliquity,strong_monsoon_start,Strong monsoon starts,45,190.65,0.3917435,31.33774210334253,6.2050008746241865,355.52036199095033,0.9875565610859732,False,-0.07818443255539999,3.0634082210343934,,strong_or_gi_start,Strong/GI start
cheng_composite_ks_0p4_4kyr,Cheng/Rousseau speleothem starts,Cheng/Rousseau,obl,Obliquity,strong_monsoon_start,Strong monsoon starts,46,192.75,0.392069,31.646707038886756,0.23078050298882502,13.222748815165954,0.036729857819905426,False,0.23078050298882502,-2.910812150600968,,strong_or_gi_start,Strong/GI start
cheng_composite_ks_0p4_4kyr,Cheng/Rousseau speleothem starts,Cheng/Rousseau,obl,Obliquity,strong_monsoon_start,Strong monsoon starts,47,198.95,0.40122149999999995,32.569829050842046,1.1539025149441144,66.11374407582916,0.18364928909952544,False,1.1539025149441144,-1.9876901386456787,,strong_or_gi_start,Strong/GI start
cheng_composite_ks_0p4_4kyr,Cheng/Rousseau speleothem starts,Cheng/Rousseau,obl,Obliquity,strong_monsoon_start,Strong monsoon starts,48,219.05,0.416933,35.633953220540064,4.218026684642133,241.6751269035533,0.6713197969543147,False,-2.0651586225374534,1.0764340310523401,,strong_or_gi_start,Strong/GI start
cheng_composite_ks_0p4_4kyr,Cheng/Rousseau speleothem starts,Cheng/Rousseau,obl,Obliquity,strong_monsoon_start,Strong monsoon starts,49,225.2,0.397293,36.61470422660997,5.198777690712042,297.86802030456846,0.8274111675126902,False,-1.0844076164675445,2.057185037122249,,strong_or_gi_start,Strong/GI start
cheng_composite_ks_0p4_4kyr,Cheng/Rousseau speleothem starts,Cheng/Rousseau,obl,Obliquity,strong_monsoon_start,Strong monsoon starts,50,230.75,0.385745,37.499772207697454,6.083845671799523,348.5786802030457,0.9682741116751269,False,-0.19933963538006363,2.9422530182097297,,strong_or_gi_start,Strong/GI start
cheng_composite_ks_0p4_4kyr,Cheng/Rousseau speleothem starts,Cheng/Rousseau,obl,Obliquity,strong_monsoon_start,Strong monsoon starts,51,241.65,0.40664150000000004,39.253797438315544,1.554685595238027,89.07692307692314,0.2474358974358976,False,1.554685595238027,-1.5869070583517662,,strong_or_gi_start,Strong/GI start
cheng_composite_ks_0p4_4kyr,Cheng/Rousseau speleothem starts,Cheng/Rousseau,obl,Obliquity,strong_monsoon_start,Strong monsoon starts,52,248.25,0.42364599999999997,40.31710572106901,2.617993877991495,150.00000000000003,0.41666666666666674,False,2.617993877991495,-0.5235987755982983,,strong_or_gi_start,Strong/GI start
cheng_composite_ks_0p4_4kyr,Cheng/Rousseau speleothem starts,Cheng/Rousseau,obl,Obliquity,strong_monsoon_start,Strong monsoon starts,53,251.15,0.425975,40.78431693621827,3.0852050931407504,176.76923076923106,0.4910256410256418,False,3.0852050931407504,-0.056387560449042695,,strong_or_gi_start,Strong/GI start
cheng_composite_ks_0p4_4kyr,Cheng/Rousseau speleothem starts,Cheng/Rousseau,obl,Obliquity,strong_monsoon_start,Strong monsoon starts,54,258.75,0.4161245,41.95175555708322,4.2526437140057,243.6585365853661,0.6768292682926836,False,-2.030541593173887,1.1110510604159067,,strong_or_gi_start,Strong/GI start
cheng_composite_ks_0p4_4kyr,Cheng/Rousseau speleothem starts,Cheng/Rousseau,obl,Obliquity,strong_monsoon_start,Strong monsoon starts,55,264.0,0.403233,42.75630977324646,5.05719793016894,289.75609756097583,0.8048780487804885,False,-1.2259873770106469,1.9156052765791465,,strong_or_gi_start,Strong/GI start
cheng_composite_ks_0p4_4kyr,Cheng/Rousseau speleothem starts,Cheng/Rousseau,obl,Obliquity,strong_monsoon_start,Strong monsoon starts,56,272.85,0.3934925,44.10367686641854,0.12137971616143517,6.954545454546104,0.019318181818183625,False,0.12137971616143518,-3.020212937428358,,strong_or_gi_start,Strong/GI start
cheng_composite_ks_0p4_4kyr,Cheng/Rousseau speleothem starts,Cheng/Rousseau,obl,Obliquity,strong_monsoon_start,Strong monsoon starts,57,293.9,0.418536,47.10960983723967,3.127312686982563,179.18181818181796,0.49772727272727213,False,3.127312686982563,-0.014279966607229966,,strong_or_gi_start,Strong/GI start
cheng_composite_ks_0p4_4kyr,Cheng/Rousseau speleothem starts,Cheng/Rousseau,obl,Obliquity,strong_monsoon_start,Strong monsoon starts,58,315.45,0.394114,50.52449674536564,0.25901428792894876,14.840425531915068,0.04122340425531963,False,0.25901428792894876,-2.8825783656608444,,strong_or_gi_start,Strong/GI start
cheng_composite_ks_0p4_4kyr,Cheng/Rousseau speleothem starts,Cheng/Rousseau,obl,Obliquity,strong_monsoon_start,Strong monsoon starts,59,316.35,0.394825,50.67489213835665,0.409409680919957,23.457446808511243,0.06515957446808679,False,0.409409680919957,-2.732182972669836,,strong_or_gi_start,Strong/GI start
cheng_composite_ks_0p4_4kyr,Cheng/Rousseau speleothem starts,Cheng/Rousseau,obl,Obliquity,strong_monsoon_start,Strong monsoon starts,60,332.45,0.423309,53.36529861297343,3.099816155536743,177.60638297872373,0.49335106382978816,False,3.099816155536743,-0.04177649805304995,,strong_or_gi_start,Strong/GI start
cheng_composite_ks_0p4_4kyr,Cheng/Rousseau speleothem starts,Cheng/Rousseau,obl,Obliquity,strong_monsoon_start,Strong monsoon starts,61,334.05,0.422907,53.630293536413134,3.3648110789764445,192.789473684211,0.535526315789475,False,-2.918374228203142,0.22321842538665138,,strong_or_gi_start,Strong/GI start
cheng_composite_ks_0p4_4kyr,Cheng/Rousseau speleothem starts,Cheng/Rousseau,obl,Obliquity,strong_monsoon_start,Strong monsoon starts,62,337.35,0.41871749999999996,54.175938576247155,3.9104561188104654,224.05263157894808,0.6223684210526336,False,-2.3727291883691213,0.7688634652206723,,strong_or_gi_start,Strong/GI start
cheng_composite_ks_0p4_4kyr,Cheng/Rousseau speleothem starts,Cheng/Rousseau,obl,Obliquity,strong_monsoon_start,Strong monsoon starts,63,351.45,0.3892785,56.50733101917431,6.241848561737619,357.63157894736867,0.9934210526315795,False,-0.041336745441967325,3.100255908147826,,strong_or_gi_start,Strong/GI start
cheng_composite_ks_0p4_4kyr,Cheng/Rousseau speleothem starts,Cheng/Rousseau,obl,Obliquity,strong_monsoon_start,Strong monsoon starts,64,365.65,0.41700099999999996,58.70754547484177,2.1588777102254966,123.69458128078809,0.3435960591133002,False,2.1588777102254966,-0.9827149433642965,,strong_or_gi_start,Strong/GI start
cheng_composite_ks_0p4_4kyr,Cheng/Rousseau speleothem starts,Cheng/Rousseau,obl,Obliquity,strong_monsoon_start,Strong monsoon starts,65,368.1,0.421243,59.08670320889572,2.538035444279444,145.41871921182297,0.40394088669950823,False,2.538035444279444,-0.603557209310349,,strong_or_gi_start,Strong/GI start
cheng_composite_ks_0p4_4kyr,Cheng/Rousseau speleothem starts,Cheng/Rousseau,obl,Obliquity,strong_monsoon_start,Strong monsoon starts,66,370.75,0.423623,59.496812594709155,2.948144830092879,168.91625615763513,0.4692118226600976,False,2.948144830092879,-0.19344782349691414,,strong_or_gi_start,Strong/GI start
cheng_composite_ks_0p4_4kyr,Cheng/Rousseau speleothem starts,Cheng/Rousseau,obl,Obliquity,strong_monsoon_start,Strong monsoon starts,67,375.95,0.4213165,60.24424662274534,3.6955788581290605,211.7410714285712,0.5881696428571422,False,-2.5876064490505257,0.5539862045392674,,strong_or_gi_start,Strong/GI start
cheng_composite_ks_0p4_4kyr,Cheng/Rousseau speleothem starts,Cheng/Rousseau,obl,Obliquity,strong_monsoon_start,Strong monsoon starts,68,377.45,0.41918049999999996,60.45462113079822,3.905953366181947,223.79464285714255,0.6216517857142848,False,-2.3772319409976395,0.7643607125921541,,strong_or_gi_start,Strong/GI start
cheng_composite_ks_0p4_4kyr,Cheng/Rousseau speleothem starts,Cheng/Rousseau,obl,Obliquity,strong_monsoon_start,Strong monsoon starts,69,390.8,0.39347,62.32695425246894,5.778286487852661,331.0714285714289,0.9196428571428581,False,-0.5048988193269255,2.636693834262868,,strong_or_gi_start,Strong/GI start
cheng_composite_ks_0p4_4kyr,Cheng/Rousseau speleothem starts,Cheng/Rousseau,obl,Obliquity,strong_monsoon_start,Strong monsoon starts,70,393.6,0.391586,62.71965333416766,6.170985569551384,353.57142857142884,0.9821428571428579,False,-0.11219973762820269,3.0293929159615907,,strong_or_gi_start,Strong/GI start
cheng_composite_ks_0p4_4kyr,Cheng/Rousseau speleothem starts,Cheng/Rousseau,obl,Obliquity,strong_monsoon_start,Strong monsoon starts,71,412.25,0.420985,65.42803033413743,2.5961772623415698,148.75000000000026,0.4131944444444452,False,2.5961772623415698,-0.5454153912482232,,strong_or_gi_start,Strong/GI start
cheng_composite_ks_0p4_4kyr,Cheng/Rousseau speleothem starts,Cheng/Rousseau,obl,Obliquity,strong_monsoon_start,Strong monsoon starts,72,426.05,0.40788549999999996,67.56002894993729,4.728175878141428,270.9045226130657,0.7525125628140713,False,-1.5550094290381582,1.5865832245516351,,strong_or_gi_start,Strong/GI start
cheng_composite_ks_0p4_4kyr,Cheng/Rousseau speleothem starts,Cheng/Rousseau,obl,Obliquity,strong_monsoon_start,Strong monsoon starts,73,447.4,0.411033,71.02658946449304,1.9115510855175941,109.52380952380925,0.30423280423280347,False,1.9115510855175941,-1.230041568072199,,strong_or_gi_start,Strong/GI start
cheng_composite_ks_0p4_4kyr,Cheng/Rousseau speleothem starts,Cheng/Rousseau,obl,Obliquity,strong_monsoon_start,Strong monsoon starts,74,449.45,0.414976,71.36734422321575,2.252305844240304,129.0476190476192,0.3584656084656089,False,2.252305844240304,-0.889286809349489,,strong_or_gi_start,Strong/GI start
cheng_composite_ks_0p4_4kyr,Cheng/Rousseau speleothem starts,Cheng/Rousseau,obl,Obliquity,strong_monsoon_start,Strong monsoon starts,75,458.9,0.41698,72.93100432469707,3.815965945721622,218.63874345549672,0.6073298429319354,False,-2.4672193614579645,0.6743732921318291,,strong_or_gi_start,Strong/GI start
cheng_composite_ks_0p4_4kyr,Cheng/Rousseau speleothem starts,Cheng/Rousseau,obl,Obliquity,strong_monsoon_start,Strong monsoon starts,76,463.15,0.41007950000000004,73.6300498104435,4.5150114314680465,258.6910994764394,0.7185863874345538,False,-1.76817387571154,1.3734187778782534,,strong_or_gi_start,Strong/GI start
cheng_composite_ks_0p4_4kyr,Cheng/Rousseau speleothem starts,Cheng/Rousseau,obl,Obliquity,strong_monsoon_start,Strong monsoon starts,77,465.95,0.4049215,74.09059742458231,4.975559045606865,285.0785340314132,0.7918848167539256,False,-1.3076262615727219,1.8339663920170715,,strong_or_gi_start,Strong/GI start
cheng_composite_ks_0p4_4kyr,Cheng/Rousseau speleothem starts,Cheng/Rousseau,obl,Obliquity,strong_monsoon_start,Strong monsoon starts,78,472.75,0.39717199999999997,75.2090702017766,6.094031822801149,349.1623036649218,0.9698952879581162,False,-0.1891534843784373,2.952439169211356,,strong_or_gi_start,Strong/GI start
cheng_composite_ks_0p4_4kyr,Cheng/Rousseau speleothem starts,Cheng/Rousseau,obl,Obliquity,strong_monsoon_start,Strong monsoon starts,79,483.65,0.40667899999999996,76.88514253918903,1.4869188530339983,85.19417475728122,0.2366504854368923,False,1.4869188530339983,-1.6546738005557948,,strong_or_gi_start,Strong/GI start
cheng_composite_ks_0p4_4kyr,Cheng/Rousseau speleothem starts,Cheng/Rousseau,obl,Obliquity,strong_monsoon_start,Strong monsoon starts,80,504.15,0.408268,79.95646910176079,4.558245415605754,261.16822429906557,0.7254672897196266,False,-1.7249398915738328,1.4166527620159606,,strong_or_gi_start,Strong/GI start
cheng_composite_ks_0p4_4kyr,Cheng/Rousseau speleothem starts,Cheng/Rousseau,obl,Obliquity,strong_monsoon_start,Strong monsoon starts,81,531.75,0.4193625,84.122303285462,2.440894292127375,139.85294117647123,0.38848039215686453,False,2.440894292127375,-0.7006983614624184,,strong_or_gi_start,Strong/GI start
cheng_composite_ks_0p4_4kyr,Cheng/Rousseau speleothem starts,Cheng/Rousseau,obl,Obliquity,strong_monsoon_start,Strong monsoon starts,82,548.25,0.402858,86.68151809298374,5.000109099649116,286.4851485148523,0.795792079207923,False,-1.2830762075304707,1.8585164460593226,,strong_or_gi_start,Strong/GI start
cheng_composite_ks_0p4_4kyr,Cheng/Rousseau speleothem starts,Cheng/Rousseau,obl,Obliquity,strong_monsoon_start,Strong monsoon starts,83,553.55,0.39310500000000004,87.50579735357906,5.824388360244434,333.7128712871282,0.9269801980198006,False,-0.4587969469351523,2.682795706654641,,strong_or_gi_start,Strong/GI start
cheng_composite_ks_0p4_4kyr,Cheng/Rousseau speleothem starts,Cheng/Rousseau,obl,Obliquity,strong_monsoon_start,Strong monsoon starts,84,555.65,0.391627,87.83239857004136,6.150989576706742,352.4257425742571,0.9789603960396029,False,-0.13219573047284452,3.009396923116949,,strong_or_gi_start,Strong/GI start
cheng_composite_ks_0p4_4kyr,Cheng/Rousseau speleothem starts,Cheng/Rousseau,obl,Obliquity,strong_monsoon_start,Strong monsoon starts,85,559.15,0.392775,88.35729338221293,0.3926990816987228,22.499999999999922,0.062499999999999785,False,0.3926990816987228,-2.7488935718910703,,strong_or_gi_start,Strong/GI start
cheng_composite_ks_0p4_4kyr,Cheng/Rousseau speleothem starts,Cheng/Rousseau,obl,Obliquity,strong_monsoon_start,Strong monsoon starts,86,561.25,0.395407,88.66848888091758,0.7038945804033716,40.330188679245175,0.11202830188679216,False,0.7038945804033716,-2.4376980731864215,,strong_or_gi_start,Strong/GI start
cheng_composite_ks_0p4_4kyr,Cheng/Rousseau speleothem starts,Cheng/Rousseau,obl,Obliquity,strong_monsoon_start,Strong monsoon starts,87,562.25,0.39706,88.81667721363408,0.8520829131198724,48.82075471698109,0.13561320754716968,False,0.8520829131198724,-2.2895097404699207,,strong_or_gi_start,Strong/GI start
cheng_composite_ks_0p4_4kyr,Cheng/Rousseau speleothem starts,Cheng/Rousseau,obl,Obliquity,strong_monsoon_start,Strong monsoon starts,88,580.3,0.419167,91.47247129936558,3.5078769988513727,200.98654708520118,0.5582959641255588,False,-2.775308308328214,0.3662843452615796,,strong_or_gi_start,Strong/GI start
cheng_composite_ks_0p4_4kyr,Cheng/Rousseau speleothem starts,Cheng/Rousseau,obl,Obliquity,strong_monsoon_start,Strong monsoon starts,89,582.95,0.41679599999999994,91.84579957434376,3.8812052738295506,222.37668161435025,0.6177130044843062,False,-2.4019800333500356,0.7396126202397575,,strong_or_gi_start,Strong/GI start
cheng_composite_ks_0p4_4kyr,Cheng/Rousseau speleothem starts,Cheng/Rousseau,obl,Obliquity,strong_monsoon_start,Strong monsoon starts,90,593.9,0.400496,93.38842018227237,5.423825881758162,310.762331838565,0.8632286995515694,False,-0.8593594254214242,2.2822332281683693,,strong_or_gi_start,Strong/GI start
cheng_composite_ks_0p4_4kyr,Cheng/Rousseau speleothem starts,Cheng/Rousseau,obl,Obliquity,strong_monsoon_start,Strong monsoon starts,91,604.0,0.398141,94.86377816722121,0.6159985595274193,35.29411764705934,0.09803921568627592,False,0.6159985595274193,-2.525594094062374,,strong_or_gi_start,Strong/GI start
cheng_composite_ks_0p4_4kyr,Cheng/Rousseau speleothem starts,Cheng/Rousseau,obl,Obliquity,strong_monsoon_start,Strong monsoon starts,92,625.65,0.4135170000000001,98.26203688728074,4.01425727958695,229.99999999999955,0.6388888888888876,False,-2.268928027592637,0.8726646259971567,,strong_or_gi_start,Strong/GI start
cheng_composite_ks_0p4_4kyr,Cheng/Rousseau speleothem starts,Cheng/Rousseau,obl,Obliquity,strong_monsoon_start,Strong monsoon starts,93,627.55,0.4111395000000001,98.57785837097497,4.330078763281172,248.09523809523822,0.6891534391534395,False,-1.9531065438984145,1.1884861096913788,,strong_or_gi_start,Strong/GI start
cheng_composite_ks_0p4_4kyr,Cheng/Rousseau speleothem starts,Cheng/Rousseau,obl,Obliquity,strong_monsoon_start,Strong monsoon starts,94,630.1,0.407439,99.0017240464593,4.753944438765508,272.38095238095246,0.7566137566137567,False,-1.5292408684140784,1.612351785175715,,strong_or_gi_start,Strong/GI start
cheng_composite_ks_0p4_4kyr,Cheng/Rousseau speleothem starts,Cheng/Rousseau,obl,Obliquity,strong_monsoon_start,Strong monsoon starts,95,633.3,0.402903,99.53363391373377,5.2858543060399725,302.85714285714306,0.8412698412698417,False,-0.9973310011396139,2.1442616524501794,,strong_or_gi_start,Strong/GI start
cheng_composite_ks_0p4_4kyr,Cheng/Rousseau speleothem starts,Cheng/Rousseau,obl,Obliquity,strong_monsoon_start,Strong monsoon starts,96,638.1,0.398974,100.33149871464546,6.083719106951669,348.57142857142895,0.9682539682539693,False,-0.1994662002279173,2.942126453361876,,strong_or_gi_start,Strong/GI start
cheng_composite_ks_0p4_4kyr,Cheng/Rousseau speleothem starts,Cheng/Rousseau,obl,Obliquity,weak_monsoon_start,Weak monsoon starts,1,3.5,0.416621,2.1649317250126554,2.1649317250126554,124.04145077720207,0.344559585492228,True,2.1649317250126554,-0.9766609285771377,,weak_or_gs_start,Weak/GS start
cheng_composite_ks_0p4_4kyr,Cheng/Rousseau speleothem starts,Cheng/Rousseau,obl,Obliquity,weak_monsoon_start,Weak monsoon starts,2,12.779,0.42073951,3.675337851057199,3.675337851057199,210.58134715025906,0.5849481865284973,False,-2.6078474561223874,0.5337451974674058,,weak_or_gs_start,Weak/GS start
cheng_composite_ks_0p4_4kyr,Cheng/Rousseau speleothem starts,Cheng/Rousseau,obl,Obliquity,weak_monsoon_start,Weak monsoon starts,3,17.835,0.40987105,4.498337460204867,4.498337460204867,257.7357512953368,0.7159326424870467,False,-1.784847846974719,1.3567448066150742,,weak_or_gs_start,Weak/GS start
cheng_composite_ks_0p4_4kyr,Cheng/Rousseau speleothem starts,Cheng/Rousseau,obl,Obliquity,weak_monsoon_start,Weak monsoon starts,4,24.59,0.3918807,5.597894888961295,5.597894888961295,320.7357512953368,0.8909326424870467,False,-0.6852904182182915,2.456302235371502,,weak_or_gs_start,Weak/GS start
cheng_composite_ks_0p4_4kyr,Cheng/Rousseau speleothem starts,Cheng/Rousseau,obl,Obliquity,weak_monsoon_start,Weak monsoon starts,5,26.65,0.3887135,5.933215141106111,5.933215141106111,339.9481865284974,0.9443005181347149,False,-0.34997016607347514,2.7916224875163183,,weak_or_gs_start,Weak/GS start
cheng_composite_ks_0p4_4kyr,Cheng/Rousseau speleothem starts,Cheng/Rousseau,obl,Obliquity,weak_monsoon_start,Weak monsoon starts,6,27.555,0.38794690000000004,6.08052816449983,6.08052816449983,348.3886010362694,0.9677461139896373,False,-0.20265714267975657,2.938935510910037,,weak_or_gs_start,Weak/GS start
cheng_composite_ks_0p4_4kyr,Cheng/Rousseau speleothem starts,Cheng/Rousseau,obl,Obliquity,weak_monsoon_start,Weak monsoon starts,7,28.715,0.38757385,6.269349277358077,6.269349277358077,359.2072538860104,0.9977979274611399,False,-0.013836029821509468,3.127756623768284,,weak_or_gs_start,Weak/GS start
cheng_composite_ks_0p4_4kyr,Cheng/Rousseau speleothem starts,Cheng/Rousseau,obl,Obliquity,weak_monsoon_start,Weak monsoon starts,8,30.42,0.38830780000000004,6.541529474632148,0.25834416745256217,14.80203045685282,0.04111675126903561,False,0.25834416745256217,-2.883248486137231,,weak_or_gs_start,Weak/GS start
cheng_composite_ks_0p4_4kyr,Cheng/Rousseau speleothem starts,Cheng/Rousseau,obl,Obliquity,weak_monsoon_start,Weak monsoon starts,9,31.975,0.39025675,6.789507981044946,0.5063226738653599,29.01015228426395,0.08058375634517764,False,0.5063226738653599,-2.635269979724433,,weak_or_gs_start,Weak/GS start
cheng_composite_ks_0p4_4kyr,Cheng/Rousseau speleothem starts,Cheng/Rousseau,obl,Obliquity,weak_monsoon_start,Weak monsoon starts,10,33.42,0.3930466,7.019944599544299,0.736759292364713,42.21319796954315,0.11725888324873099,False,0.736759292364713,-2.40483336122508,,weak_or_gs_start,Weak/GS start
cheng_composite_ks_0p4_4kyr,Cheng/Rousseau speleothem starts,Cheng/Rousseau,obl,Obliquity,weak_monsoon_start,Weak monsoon starts,11,34.75,0.396288,7.232041971588686,0.9488566644090994,54.36548223350251,0.15101522842639586,False,0.9488566644090994,-2.1927359891806937,,weak_or_gs_start,Weak/GS start
cheng_composite_ks_0p4_4kyr,Cheng/Rousseau speleothem starts,Cheng/Rousseau,obl,Obliquity,weak_monsoon_start,Weak monsoon starts,12,36.75,0.402009,7.5509853881967866,1.2678000810172003,72.63959390862942,0.20177664974619283,False,1.2678000810172003,-1.8737925725725928,,weak_or_gs_start,Weak/GS start
cheng_composite_ks_0p4_4kyr,Cheng/Rousseau speleothem starts,Cheng/Rousseau,obl,Obliquity,weak_monsoon_start,Weak monsoon starts,13,39.955,0.41183635,8.062092213311269,1.7789069061316827,101.92385786802032,0.2831218274111676,False,1.7789069061316827,-1.3626857474581104,,weak_or_gs_start,Weak/GS start
cheng_composite_ks_0p4_4kyr,Cheng/Rousseau speleothem starts,Cheng/Rousseau,obl,Obliquity,weak_monsoon_start,Weak monsoon starts,14,42.475,0.4187125,8.463960918237476,2.1807756110578893,124.9492385786802,0.34708121827411165,False,2.1807756110578893,-0.9608170425319039,,weak_or_gs_start,Weak/GS start
cheng_composite_ks_0p4_4kyr,Cheng/Rousseau speleothem starts,Cheng/Rousseau,obl,Obliquity,weak_monsoon_start,Weak monsoon starts,15,44.485,0.4229089,8.784499051928616,2.50131374474903,143.3147208121827,0.39809644670050753,False,2.50131374474903,-0.640278908840763,,weak_or_gs_start,Weak/GS start
cheng_composite_ks_0p4_4kyr,Cheng/Rousseau speleothem starts,Cheng/Rousseau,obl,Obliquity,weak_monsoon_start,Weak monsoon starts,16,45.73,0.4247566,8.98304132876716,2.699856021587573,154.69035532994923,0.42969543147208117,False,2.699856021587573,-0.44173663200221996,,weak_or_gs_start,Weak/GS start
cheng_composite_ks_0p4_4kyr,Cheng/Rousseau speleothem starts,Cheng/Rousseau,obl,Obliquity,weak_monsoon_start,Weak monsoon starts,17,48.47,0.42650580000000005,9.419993809520257,3.1368085023406707,179.72588832487304,0.4992385786802029,False,3.1368085023406707,-0.004784151249122459,,weak_or_gs_start,Weak/GS start
cheng_composite_ks_0p4_4kyr,Cheng/Rousseau speleothem starts,Cheng/Rousseau,obl,Obliquity,weak_monsoon_start,Weak monsoon starts,18,48.92,0.42647860000000004,9.486724858164107,3.2035395509845213,183.54929577464787,0.5098591549295775,False,-3.0796457561950654,0.06194689739472814,,weak_or_gs_start,Weak/GS start
cheng_composite_ks_0p4_4kyr,Cheng/Rousseau speleothem starts,Cheng/Rousseau,obl,Obliquity,weak_monsoon_start,Weak monsoon starts,19,55.23,0.4178984,10.417403245213478,4.134217938033892,236.8732394366197,0.6579812206572769,False,-2.1489673691456948,0.9926252844440988,,weak_or_gs_start,Weak/GS start
cheng_composite_ks_0p4_4kyr,Cheng/Rousseau speleothem starts,Cheng/Rousseau,obl,Obliquity,weak_monsoon_start,Weak monsoon starts,20,56.32,0.4152598,10.578170193214083,4.294984886034497,246.08450704225353,0.6835680751173709,False,-1.9882004211450897,1.1533922324447037,,weak_or_gs_start,Weak/GS start
cheng_composite_ks_0p4_4kyr,Cheng/Rousseau speleothem starts,Cheng/Rousseau,obl,Obliquity,weak_monsoon_start,Weak monsoon starts,21,68.655,0.39017035,12.397491572652116,6.11430626547253,350.3239436619719,0.9731220657276997,False,-0.16887904170705628,2.972713611882737,,weak_or_gs_start,Weak/GS start
cheng_composite_ks_0p4_4kyr,Cheng/Rousseau speleothem starts,Cheng/Rousseau,obl,Obliquity,weak_monsoon_start,Weak monsoon starts,22,69.575,0.3899355,12.53318477646914,6.249999469289554,358.0985915492958,0.994718309859155,False,-0.03318583789003274,3.1084068156997606,,weak_or_gs_start,Weak/GS start
cheng_composite_ks_0p4_4kyr,Cheng/Rousseau speleothem starts,Cheng/Rousseau,obl,Obliquity,weak_monsoon_start,Weak monsoon starts,23,70.155,0.38994815,12.61660779418009,0.05023717982091824,2.8783783783784003,0.007995495495495556,False,0.05023717982091824,-3.091355473768875,,weak_or_gs_start,Weak/GS start
cheng_composite_ks_0p4_4kyr,Cheng/Rousseau speleothem starts,Cheng/Rousseau,obl,Obliquity,weak_monsoon_start,Weak monsoon starts,24,73.4,0.392192,13.075818071698059,0.5094474573388865,29.189189189189253,0.08108108108108127,False,0.5094474573388865,-2.6321451962509066,,weak_or_gs_start,Weak/GS start
cheng_composite_ks_0p4_4kyr,Cheng/Rousseau speleothem starts,Cheng/Rousseau,obl,Obliquity,weak_monsoon_start,Weak monsoon starts,25,77.51,0.3992752,13.657437252159953,1.0910666378007807,62.51351351351359,0.17364864864864885,False,1.0910666378007807,-2.0505260157890124,,weak_or_gs_start,Weak/GS start
cheng_composite_ks_0p4_4kyr,Cheng/Rousseau speleothem starts,Cheng/Rousseau,obl,Obliquity,weak_monsoon_start,Weak monsoon starts,26,88.425,0.4215025,15.202053640174933,2.6356830258157604,151.01351351351346,0.4194819819819819,False,2.6356830258157604,-0.5059096277740327,,weak_or_gs_start,Weak/GS start
cheng_composite_ks_0p4_4kyr,Cheng/Rousseau speleothem starts,Cheng/Rousseau,obl,Obliquity,weak_monsoon_start,Weak monsoon starts,27,98.65,0.4161065,16.74734591204708,4.180975297687908,239.55223880597012,0.6654228855721392,False,-2.102210009491678,1.039382644098115,,weak_or_gs_start,Weak/GS start
cheng_composite_ks_0p4_4kyr,Cheng/Rousseau speleothem starts,Cheng/Rousseau,obl,Obliquity,weak_monsoon_start,Weak monsoon starts,28,100.35,0.4121715,17.01305275339547,4.446682139036298,254.77611940298502,0.7077114427860695,False,-1.8365031681432884,1.305089485446505,,weak_or_gs_start,Weak/GS start
cheng_composite_ks_0p4_4kyr,Cheng/Rousseau speleothem starts,Cheng/Rousseau,obl,Obliquity,weak_monsoon_start,Weak monsoon starts,29,105.75,0.39821049999999997,17.857062720031536,5.290692105672363,303.13432835820896,0.842039800995025,False,-0.9924932015072233,2.14909945208257,,weak_or_gs_start,Weak/GS start
cheng_composite_ks_0p4_4kyr,Cheng/Rousseau speleothem starts,Cheng/Rousseau,obl,Obliquity,weak_monsoon_start,Weak monsoon starts,30,106.35,0.3968235,17.95084160521332,5.3844709908541475,308.5074626865671,0.8569651741293531,False,-0.898714316325439,2.2428783372643544,,weak_or_gs_start,Weak/GS start
cheng_composite_ks_0p4_4kyr,Cheng/Rousseau speleothem starts,Cheng/Rousseau,obl,Obliquity,weak_monsoon_start,Weak monsoon starts,31,117.45,0.3962835,19.7483538197583,0.8987978982195415,51.49732620320866,0.14304812834224626,False,0.8987978982195415,-2.2427947553702516,,weak_or_gs_start,Weak/GS start
cheng_composite_ks_0p4_4kyr,Cheng/Rousseau speleothem starts,Cheng/Rousseau,obl,Obliquity,weak_monsoon_start,Weak monsoon starts,32,120.55,0.40441299999999997,20.2691526019042,1.4195966803654407,81.33689839572189,0.22593582887700525,False,1.4195966803654407,-1.7219959732243524,,weak_or_gs_start,Weak/GS start
cheng_composite_ks_0p4_4kyr,Cheng/Rousseau speleothem starts,Cheng/Rousseau,obl,Obliquity,weak_monsoon_start,Weak monsoon starts,33,133.25,0.422322,22.404960510682045,3.5554045891432864,203.7096774193548,0.5658602150537633,False,-2.7277807180363,0.41381193555349327,,weak_or_gs_start,Weak/GS start
cheng_composite_ks_0p4_4kyr,Cheng/Rousseau speleothem starts,Cheng/Rousseau,obl,Obliquity,weak_monsoon_start,Weak monsoon starts,34,135.55,0.41876299999999994,22.793437021609815,3.9438811000710565,225.96774193548382,0.6276881720430106,False,-2.33930420710853,0.8022884464812634,,weak_or_gs_start,Weak/GS start
cheng_composite_ks_0p4_4kyr,Cheng/Rousseau speleothem starts,Cheng/Rousseau,obl,Obliquity,weak_monsoon_start,Weak monsoon starts,35,139.35,0.40961000000000003,23.435267778794824,4.585711857256065,262.74193548387075,0.7298387096774187,False,-1.6974734499235213,1.444119203666272,,weak_or_gs_start,Weak/GS start
cheng_composite_ks_0p4_4kyr,Cheng/Rousseau speleothem starts,Cheng/Rousseau,obl,Obliquity,weak_monsoon_start,Weak monsoon starts,36,142.55,0.40112299999999995,23.975756837476943,5.126200915938185,293.7096774193549,0.8158602150537636,False,-1.1569843912414017,1.9846082623483916,,weak_or_gs_start,Weak/GS start
cheng_composite_ks_0p4_4kyr,Cheng/Rousseau speleothem starts,Cheng/Rousseau,obl,Obliquity,weak_monsoon_start,Weak monsoon starts,37,143.85,0.39808000000000004,24.19533051756655,5.345774596027791,306.29032258064507,0.8508064516129029,False,-0.9374107111517953,2.204181942437998,,weak_or_gs_start,Weak/GS start
cheng_composite_ks_0p4_4kyr,Cheng/Rousseau speleothem starts,Cheng/Rousseau,obl,Obliquity,weak_monsoon_start,Weak monsoon starts,38,147.05,0.3928075,24.735819576248666,5.886263654709907,337.25806451612897,0.9368279569892471,False,-0.39692165246967925,2.744671001120114,,weak_or_gs_start,Weak/GS start
cheng_composite_ks_0p4_4kyr,Cheng/Rousseau speleothem starts,Cheng/Rousseau,obl,Obliquity,weak_monsoon_start,Weak monsoon starts,39,151.05,0.3921995,25.39586954742003,0.2631283187016855,15.076142131979829,0.041878172588832856,False,0.2631283187016855,-2.8784643348881076,,weak_or_gs_start,Weak/GS start
cheng_composite_ks_0p4_4kyr,Cheng/Rousseau speleothem starts,Cheng/Rousseau,obl,Obliquity,weak_monsoon_start,Weak monsoon starts,40,158.95,0.40687949999999995,26.655696043022026,1.5229548143036808,87.25888324873092,0.24238578680203035,False,1.5229548143036808,-1.6186378392861123,,weak_or_gs_start,Weak/GS start
cheng_composite_ks_0p4_4kyr,Cheng/Rousseau speleothem starts,Cheng/Rousseau,obl,Obliquity,weak_monsoon_start,Weak monsoon starts,41,162.0,0.413573,27.14208475334938,2.009343524631035,115.12690355329947,0.31979695431472077,False,2.009343524631035,-1.1322491289587582,,weak_or_gs_start,Weak/GS start
cheng_composite_ks_0p4_4kyr,Cheng/Rousseau speleothem starts,Cheng/Rousseau,obl,Obliquity,weak_monsoon_start,Weak monsoon starts,42,165.15,0.418616,27.64442063450714,2.5116794057887937,143.90862944162436,0.39974619289340096,False,2.5116794057887937,-0.6299132478009994,,weak_or_gs_start,Weak/GS start
cheng_composite_ks_0p4_4kyr,Cheng/Rousseau speleothem starts,Cheng/Rousseau,obl,Obliquity,weak_monsoon_start,Weak monsoon starts,43,166.8,0.420189,27.907548953208824,2.774807724490479,158.98477157360418,0.4416243654822338,False,2.774807724490479,-0.3667849290993139,,weak_or_gs_start,Weak/GS start
cheng_composite_ks_0p4_4kyr,Cheng/Rousseau speleothem starts,Cheng/Rousseau,obl,Obliquity,weak_monsoon_start,Weak monsoon starts,44,170.25,0.42082349999999996,28.437810423105798,3.3050691943874533,189.36651583710415,0.5260180995475116,False,-2.9781161127921334,0.16347654079766016,,weak_or_gs_start,Weak/GS start
cheng_composite_ks_0p4_4kyr,Cheng/Rousseau speleothem starts,Cheng/Rousseau,obl,Obliquity,weak_monsoon_start,Weak monsoon starts,45,171.05,0.4204615,28.551533234095476,3.4187920053771315,195.8823529411767,0.5441176470588241,False,-2.864393301802455,0.27719935178733834,,weak_or_gs_start,Weak/GS start
cheng_composite_ks_0p4_4kyr,Cheng/Rousseau speleothem starts,Cheng/Rousseau,obl,Obliquity,weak_monsoon_start,Weak monsoon starts,46,174.85,0.416418,29.09171658629643,3.958975357578087,226.8325791855203,0.6300904977375564,False,-2.3242099496014994,0.8173827039882938,,weak_or_gs_start,Weak/GS start
cheng_composite_ks_0p4_4kyr,Cheng/Rousseau speleothem starts,Cheng/Rousseau,obl,Obliquity,weak_monsoon_start,Weak monsoon starts,47,179.65,0.407591,29.77405345223449,4.641312223516145,265.9276018099549,0.7386877828054303,False,-1.6418730836634412,1.4997195699263521,,weak_or_gs_start,Weak/GS start
cheng_composite_ks_0p4_4kyr,Cheng/Rousseau speleothem starts,Cheng/Rousseau,obl,Obliquity,weak_monsoon_start,Weak monsoon starts,48,187.75,0.393574,30.925496913504958,5.792755684786613,331.90045248868796,0.9219457013574666,False,-0.49042962239297366,2.6511630311968197,,weak_or_gs_start,Weak/GS start
cheng_composite_ks_0p4_4kyr,Cheng/Rousseau speleothem starts,Cheng/Rousseau,obl,Obliquity,weak_monsoon_start,Weak monsoon starts,49,191.75,0.3917315,31.497816391797194,0.0818898558992629,4.691943127962251,0.013033175355450696,False,0.08188985589926291,-3.05970279769053,,weak_or_gs_start,Weak/GS start
cheng_composite_ks_0p4_4kyr,Cheng/Rousseau speleothem starts,Cheng/Rousseau,obl,Obliquity,weak_monsoon_start,Weak monsoon starts,50,193.25,0.39236350000000003,31.72115236243154,0.30522582653360786,17.488151658767908,0.04857819905213308,False,0.3052258265336078,-2.8363668270561853,,weak_or_gs_start,Weak/GS start
cheng_composite_ks_0p4_4kyr,Cheng/Rousseau speleothem starts,Cheng/Rousseau,obl,Obliquity,weak_monsoon_start,Weak monsoon starts,51,201.15,0.40663950000000004,32.89738847443909,1.481461938541159,84.88151658767775,0.23578199052132712,False,1.481461938541159,-1.6601307150486342,,weak_or_gs_start,Weak/GS start
cheng_composite_ks_0p4_4kyr,Cheng/Rousseau speleothem starts,Cheng/Rousseau,obl,Obliquity,weak_monsoon_start,Weak monsoon starts,52,209.25,0.42481349999999996,34.10340271586455,2.687476179966616,153.981042654028,0.42772511848341105,False,2.687476179966616,-0.4541164736231771,,weak_or_gs_start,Weak/GS start
cheng_composite_ks_0p4_4kyr,Cheng/Rousseau speleothem starts,Cheng/Rousseau,obl,Obliquity,weak_monsoon_start,Weak monsoon starts,53,221.05,0.41091749999999994,35.952896637148164,4.536970101250233,259.94923857868014,0.7220812182741115,False,-1.7462152059293532,1.3953774476604401,,weak_or_gs_start,Weak/GS start
cheng_composite_ks_0p4_4kyr,Cheng/Rousseau speleothem starts,Cheng/Rousseau,obl,Obliquity,weak_monsoon_start,Weak monsoon starts,54,228.65,0.38847349999999997,37.164881620258946,5.748955084361015,329.3908629441623,0.9149746192893397,False,-0.5342302228185718,2.6073624307712215,,weak_or_gs_start,Weak/GS start
cheng_composite_ks_0p4_4kyr,Cheng/Rousseau speleothem starts,Cheng/Rousseau,obl,Obliquity,weak_monsoon_start,Weak monsoon starts,55,232.65,0.3854405,37.80383159819718,0.10471975511966036,6.000000000000034,0.01666666666666676,False,0.10471975511966036,-3.0368728984701328,,weak_or_gs_start,Weak/GS start
cheng_composite_ks_0p4_4kyr,Cheng/Rousseau speleothem starts,Cheng/Rousseau,obl,Obliquity,weak_monsoon_start,Weak monsoon starts,56,234.15,0.38668650000000004,38.04549257155024,0.34638072847272383,19.84615384615402,0.05512820512820561,False,0.34638072847272383,-2.7952119251170693,,weak_or_gs_start,Weak/GS start
cheng_composite_ks_0p4_4kyr,Cheng/Rousseau speleothem starts,Cheng/Rousseau,obl,Obliquity,weak_monsoon_start,Weak monsoon starts,57,246.75,0.421008,40.075444747715956,2.3763329046384385,136.15384615384644,0.378205128205129,False,2.3763329046384385,-0.7652597489513546,,weak_or_gs_start,Weak/GS start
cheng_composite_ks_0p4_4kyr,Cheng/Rousseau speleothem starts,Cheng/Rousseau,obl,Obliquity,weak_monsoon_start,Weak monsoon starts,58,250.05,0.4255335,40.60709888909269,2.9079870460151724,166.6153846153849,0.4628205128205136,False,2.9079870460151724,-0.23360560757462068,,weak_or_gs_start,Weak/GS start
cheng_composite_ks_0p4_4kyr,Cheng/Rousseau speleothem starts,Cheng/Rousseau,obl,Obliquity,weak_monsoon_start,Weak monsoon starts,59,252.15,0.425906,40.94031597104943,3.241204127971912,185.70731707317094,0.5158536585365859,False,-3.0419811792076747,0.09961147438211881,,weak_or_gs_start,Weak/GS start
cheng_composite_ks_0p4_4kyr,Cheng/Rousseau speleothem starts,Cheng/Rousseau,obl,Obliquity,weak_monsoon_start,Weak monsoon starts,60,256.05,0.4217665,41.53798481734212,3.8388729742646035,219.95121951219528,0.610975609756098,False,-2.444312332914983,0.6972803206748104,,weak_or_gs_start,Weak/GS start
cheng_composite_ks_0p4_4kyr,Cheng/Rousseau speleothem starts,Cheng/Rousseau,obl,Obliquity,weak_monsoon_start,Weak monsoon starts,61,259.65,0.4139495000000001,42.089679136996914,4.390567293919396,251.56097560975624,0.6987804878048784,False,-1.8926180132601902,1.2489746403296031,,weak_or_gs_start,Weak/GS start
cheng_composite_ks_0p4_4kyr,Cheng/Rousseau speleothem starts,Cheng/Rousseau,obl,Obliquity,weak_monsoon_start,Weak monsoon starts,62,276.95,0.396695,44.68915549731481,0.7068583470577039,40.50000000000003,0.11250000000000007,False,0.7068583470577039,-2.434734306532089,,weak_or_gs_start,Weak/GS start
cheng_composite_ks_0p4_4kyr,Cheng/Rousseau speleothem starts,Cheng/Rousseau,obl,Obliquity,weak_monsoon_start,Weak monsoon starts,63,281.4,0.40371,45.32461401133638,1.3423168610792757,76.90909090909093,0.2136363636363637,False,1.3423168610792757,-1.7992757925105174,,weak_or_gs_start,Weak/GS start
cheng_composite_ks_0p4_4kyr,Cheng/Rousseau speleothem starts,Cheng/Rousseau,obl,Obliquity,weak_monsoon_start,Weak monsoon starts,64,284.7,0.409501,45.795852909374844,1.8135557591177403,103.90909090909068,0.288636363636363,False,1.8135557591177403,-1.3280368944720529,,weak_or_gs_start,Weak/GS start
cheng_composite_ks_0p4_4kyr,Cheng/Rousseau speleothem starts,Cheng/Rousseau,obl,Obliquity,weak_monsoon_start,Weak monsoon starts,65,307.25,0.40068950000000003,49.215653756613975,5.233356606356871,299.84924623115603,0.8329145728643224,False,-1.0498287008227154,2.091763952767078,,weak_or_gs_start,Weak/GS start
cheng_composite_ks_0p4_4kyr,Cheng/Rousseau speleothem starts,Cheng/Rousseau,obl,Obliquity,weak_monsoon_start,Weak monsoon starts,66,318.05,0.39697699999999997,50.95897232511742,0.6934898676807322,39.73404255319186,0.11037234042553296,False,0.6934898676807322,-2.448102785909061,,weak_or_gs_start,Weak/GS start
cheng_composite_ks_0p4_4kyr,Cheng/Rousseau speleothem starts,Cheng/Rousseau,obl,Obliquity,weak_monsoon_start,Weak monsoon starts,67,324.15,0.4104129999999999,51.978318877611976,1.712836420175286,98.13829787234042,0.27260638297872336,False,1.712836420175286,-1.4287562334145072,,weak_or_gs_start,Weak/GS start
cheng_composite_ks_0p4_4kyr,Cheng/Rousseau speleothem starts,Cheng/Rousseau,obl,Obliquity,weak_monsoon_start,Weak monsoon starts,68,341.15,0.40962250000000006,54.8042571069651,4.538774649528413,260.05263157894746,0.7223684210526319,False,-1.744410657651173,1.3971819959386202,,weak_or_gs_start,Weak/GS start
cheng_composite_ks_0p4_4kyr,Cheng/Rousseau speleothem starts,Cheng/Rousseau,obl,Obliquity,weak_monsoon_start,Weak monsoon starts,69,349.55,0.390378,56.193171753815335,5.927689296378645,339.63157894736895,0.9434210526315804,False,-0.35549601080094134,2.786096642788852,,weak_or_gs_start,Weak/GS start
cheng_composite_ks_0p4_4kyr,Cheng/Rousseau speleothem starts,Cheng/Rousseau,obl,Obliquity,weak_monsoon_start,Weak monsoon starts,70,364.35,0.4141045000000001,58.506359738404996,1.9576919737887195,112.16748768472941,0.31157635467980394,False,1.9576919737887195,-1.1839006798010736,,weak_or_gs_start,Weak/GS start
cheng_composite_ks_0p4_4kyr,Cheng/Rousseau speleothem starts,Cheng/Rousseau,obl,Obliquity,weak_monsoon_start,Weak monsoon starts,71,367.35,0.42013500000000004,58.970634514797574,2.421966750181298,138.76847290640418,0.38546798029556717,False,2.421966750181298,-0.7196259034084954,,weak_or_gs_start,Weak/GS start
cheng_composite_ks_0p4_4kyr,Cheng/Rousseau speleothem starts,Cheng/Rousseau,obl,Obliquity,weak_monsoon_start,Weak monsoon starts,72,368.65,0.4219359999999999,59.17182025123435,2.623152486618075,150.29556650246283,0.41748768472906345,False,2.623152486618075,-0.5184401669717182,,weak_or_gs_start,Weak/GS start
cheng_composite_ks_0p4_4kyr,Cheng/Rousseau speleothem starts,Cheng/Rousseau,obl,Obliquity,weak_monsoon_start,Weak monsoon starts,73,369.55,0.422848,59.311102684152125,2.762434919535849,158.27586206896532,0.43965517241379254,False,2.762434919535849,-0.379157734053944,,weak_or_gs_start,Weak/GS start
cheng_composite_ks_0p4_4kyr,Cheng/Rousseau speleothem starts,Cheng/Rousseau,obl,Obliquity,weak_monsoon_start,Weak monsoon starts,74,371.55,0.4238545,59.62061920174718,3.071951437130906,176.00985221674875,0.48891625615763545,False,3.071951437130906,-0.0696412164588871,,weak_or_gs_start,Weak/GS start
cheng_composite_ks_0p4_4kyr,Cheng/Rousseau speleothem starts,Cheng/Rousseau,obl,Obliquity,weak_monsoon_start,Weak monsoon starts,75,371.95,0.4238855,59.682522505266185,3.133854740649909,179.55665024630497,0.4987684729064027,False,3.133854740649909,-0.0077379129398842394,,weak_or_gs_start,Weak/GS start
cheng_composite_ks_0p4_4kyr,Cheng/Rousseau speleothem starts,Cheng/Rousseau,obl,Obliquity,weak_monsoon_start,Weak monsoon starts,76,378.65,0.4171135,60.622920737240534,4.074252972624258,233.43749999999972,0.6484374999999992,False,-2.2089323345553287,0.9326603190344649,,weak_or_gs_start,Weak/GS start
cheng_composite_ks_0p4_4kyr,Cheng/Rousseau speleothem starts,Cheng/Rousseau,obl,Obliquity,weak_monsoon_start,Weak monsoon starts,77,398.85,0.39455900000000005,63.4790793360771,0.6472262642812368,37.08333333333369,0.10300925925926024,False,0.6472262642812368,-2.4943663893085564,,weak_or_gs_start,Weak/GS start
cheng_composite_ks_0p4_4kyr,Cheng/Rousseau speleothem starts,Cheng/Rousseau,obl,Obliquity,weak_monsoon_start,Weak monsoon starts,78,430.15,0.3980520000000001,68.20729175796333,5.37543868616747,307.9899497487443,0.8555276381909565,False,-0.9077466210121161,2.233846032577677,,weak_or_gs_start,Weak/GS start
cheng_composite_ks_0p4_4kyr,Cheng/Rousseau speleothem starts,Cheng/Rousseau,obl,Obliquity,weak_monsoon_start,Weak monsoon starts,79,441.85,0.39849350000000006,70.1040582884389,0.9890199094634582,56.66666666666694,0.15740740740740816,False,0.9890199094634582,-2.152572744126335,,weak_or_gs_start,Weak/GS start
cheng_composite_ks_0p4_4kyr,Cheng/Rousseau speleothem starts,Cheng/Rousseau,obl,Obliquity,weak_monsoon_start,Weak monsoon starts,80,453.55,0.419439,72.04885374066116,2.93381536168571,168.0952380952383,0.46693121693121753,False,2.93381536168571,-0.20777729190408323,,weak_or_gs_start,Weak/GS start
cheng_composite_ks_0p4_4kyr,Cheng/Rousseau speleothem starts,Cheng/Rousseau,obl,Obliquity,weak_monsoon_start,Weak monsoon starts,81,457.6,0.418383,72.71717864670406,3.6021402677286076,206.38743455497362,0.5732984293193712,False,-2.681045039450979,0.4605476141388145,,weak_or_gs_start,Weak/GS start
cheng_composite_ks_0p4_4kyr,Cheng/Rousseau speleothem starts,Cheng/Rousseau,obl,Obliquity,weak_monsoon_start,Weak monsoon starts,82,460.15,0.41524550000000005,73.1366059381519,4.021567559176454,230.41884816753873,0.6400523560209409,False,-2.261617748003133,0.8799749055866606,,weak_or_gs_start,Weak/GS start
cheng_composite_ks_0p4_4kyr,Cheng/Rousseau speleothem starts,Cheng/Rousseau,obl,Obliquity,weak_monsoon_start,Weak monsoon starts,83,467.35,0.40256899999999995,74.32087123165174,5.205832852676288,298.27225130890093,0.8285340314136138,False,-1.0773524545032986,2.0642401990864947,,weak_or_gs_start,Weak/GS start
cheng_composite_ks_0p4_4kyr,Cheng/Rousseau speleothem starts,Cheng/Rousseau,obl,Obliquity,weak_monsoon_start,Weak monsoon starts,84,475.35,0.397299,75.6193552078883,0.22113152173326966,12.66990291262179,0.03519417475728275,False,0.22113152173326966,-2.9204611318565235,,weak_or_gs_start,Weak/GS start
cheng_composite_ks_0p4_4kyr,Cheng/Rousseau speleothem starts,Cheng/Rousseau,obl,Obliquity,weak_monsoon_start,Weak monsoon starts,85,479.05,0.4003025,76.1836218495525,0.7853981633974598,45.00000000000066,0.12500000000000183,False,0.7853981633974598,-2.3561944901923333,,weak_or_gs_start,Weak/GS start
cheng_composite_ks_0p4_4kyr,Cheng/Rousseau speleothem starts,Cheng/Rousseau,obl,Obliquity,weak_monsoon_start,Weak monsoon starts,86,500.1,0.413693,79.36191535189917,3.963691665744136,227.10280373831802,0.6308411214953278,False,-2.31949364143545,0.822099012154343,,weak_or_gs_start,Weak/GS start
cheng_composite_ks_0p4_4kyr,Cheng/Rousseau speleothem starts,Cheng/Rousseau,obl,Obliquity,weak_monsoon_start,Weak monsoon starts,87,513.95,0.39501299999999995,81.3951423730309,5.996918686875858,343.5981308411223,0.954439252336451,False,-0.28626662030372807,2.8553260332860653,,weak_or_gs_start,Weak/GS start
cheng_composite_ks_0p4_4kyr,Cheng/Rousseau speleothem starts,Cheng/Rousseau,obl,Obliquity,weak_monsoon_start,Weak monsoon starts,88,521.95,0.3998555000000001,82.61310681461985,0.9316978212852334,53.382352941177906,0.1482843137254942,False,0.9316978212852334,-2.2098948323045597,,weak_or_gs_start,Weak/GS start
cheng_composite_ks_0p4_4kyr,Cheng/Rousseau speleothem starts,Cheng/Rousseau,obl,Obliquity,weak_monsoon_start,Weak monsoon starts,89,535.0,0.422536,84.62280211507802,2.9413931217433955,168.5294117647065,0.4681372549019625,False,2.9413931217433955,-0.2001995318463976,,weak_or_gs_start,Weak/GS start
cheng_composite_ks_0p4_4kyr,Cheng/Rousseau speleothem starts,Cheng/Rousseau,obl,Obliquity,weak_monsoon_start,Weak monsoon starts,90,552.7,0.394149,87.37360162310624,5.692192629771618,326.1386138613869,0.905940594059408,False,-0.5909926774079681,2.550599976181825,,weak_or_gs_start,Weak/GS start
cheng_composite_ks_0p4_4kyr,Cheng/Rousseau speleothem starts,Cheng/Rousseau,obl,Obliquity,weak_monsoon_start,Weak monsoon starts,91,554.2,0.392474,87.60688820629359,5.925479212958969,339.5049504950496,0.9430693069306935,False,-0.3577060942206176,2.7838865593691757,,weak_or_gs_start,Weak/GS start
cheng_composite_ks_0p4_4kyr,Cheng/Rousseau speleothem starts,Cheng/Rousseau,obl,Obliquity,weak_monsoon_start,Weak monsoon starts,92,556.95,0.3915325,88.03127905023663,0.06668474972242677,3.820754716981242,0.010613207547170116,False,0.06668474972242677,-3.0749079038673663,,weak_or_gs_start,Weak/GS start
cheng_composite_ks_0p4_4kyr,Cheng/Rousseau speleothem starts,Cheng/Rousseau,obl,Obliquity,weak_monsoon_start,Weak monsoon starts,93,560.45,0.3942555000000001,88.54993821474439,0.5853439142301795,33.537735849056936,0.09316037735849149,False,0.5853439142301795,-2.5562487393596136,,weak_or_gs_start,Weak/GS start
cheng_composite_ks_0p4_4kyr,Cheng/Rousseau speleothem starts,Cheng/Rousseau,obl,Obliquity,weak_monsoon_start,Weak monsoon starts,94,569.5,0.411736,89.8910426258287,1.926448325314496,110.37735849056605,0.3066037735849057,False,1.926448325314496,-1.2151443282752972,,weak_or_gs_start,Weak/GS start
cheng_composite_ks_0p4_4kyr,Cheng/Rousseau speleothem starts,Cheng/Rousseau,obl,Obliquity,weak_monsoon_start,Weak monsoon starts,95,589.8,0.406565,92.8108179455137,4.8462236449994975,277.6681614349774,0.7713004484304926,False,-1.436961662180089,1.7046309914097044,,weak_or_gs_start,Weak/GS start
cheng_composite_ks_0p4_4kyr,Cheng/Rousseau speleothem starts,Cheng/Rousseau,obl,Obliquity,weak_monsoon_start,Weak monsoon starts,96,614.9,0.41316,96.5423742419334,2.2945946342396084,131.47058823529437,0.3651960784313733,False,2.2945946342396084,-0.8469980193501847,,weak_or_gs_start,Weak/GS start
cheng_composite_ks_0p4_4kyr,Cheng/Rousseau speleothem starts,Cheng/Rousseau,obl,Obliquity,weak_monsoon_start,Weak monsoon starts,97,629.0,0.409074,98.81888002958371,4.571100421889916,261.9047619047622,0.7275132275132284,False,-1.7120848852896702,1.4295077683001232,,weak_or_gs_start,Weak/GS start
cheng_composite_ks_0p4_4kyr,Cheng/Rousseau speleothem starts,Cheng/Rousseau,obl,Obliquity,weak_monsoon_start,Weak monsoon starts,98,632.3,0.404233,99.36741208021049,5.119632472516692,293.33333333333286,0.8148148148148135,False,-1.1635528346628947,1.9780398189268986,,weak_or_gs_start,Weak/GS start
cheng_composite_ks_0p4_4kyr,Cheng/Rousseau speleothem starts,Cheng/Rousseau,obl,Obliquity,weak_monsoon_start,Weak monsoon starts,99,635.2,0.400782,99.84945539742799,5.601675789734195,320.9523809523817,0.8915343915343936,False,-0.6815095174453918,2.4600831361444015,,weak_or_gs_start,Weak/GS start
cheng_composite_ks_0p4_4kyr,Cheng/Rousseau speleothem starts,Cheng/Rousseau,obl,Obliquity,weak_monsoon_start,Weak monsoon starts,100,639.2,0.398812,100.51434273152107,6.266563123827275,359.04761904761995,0.9973544973544999,False,-0.016622183352311273,3.124970470237482,,weak_or_gs_start,Weak/GS start
ch4_aicc2023_ks_calibrated,CH4 AICC2023 KS-derived starts,CH4,pre,Precession index,ch4_gi_start,CH4 GI starts,1,1.0,0.017116,3.141592653589793,3.141592653589793,180.0,0.5,False,3.141592653589793,0.0,,strong_or_gi_start,Strong/GI start
ch4_aicc2023_ks_calibrated,CH4 AICC2023 KS-derived starts,CH4,pre,Precession index,ch4_gi_start,CH4 GI starts,2,11.6,-0.019613,6.312007258129952,0.028821950950365327,1.6513761467890054,0.0045871559633027924,False,0.028821950950365327,-3.112770702639428,,strong_or_gi_start,Strong/GI start
ch4_aicc2023_ks_calibrated,CH4 AICC2023 KS-derived starts,CH4,pre,Precession index,ch4_gi_start,CH4 GI starts,3,24.0,0.016555,9.873576911282207,3.5903916041026207,205.71428571428572,0.5714285714285714,False,-2.6927937030769655,0.4487989505128276,,strong_or_gi_start,Strong/GI start
ch4_aicc2023_ks_calibrated,CH4 AICC2023 KS-derived starts,CH4,pre,Precession index,ch4_gi_start,CH4 GI starts,4,27.7,0.001836,10.91142448434312,4.628239177163534,265.1785714285714,0.7366071428571428,False,-1.6549461300160522,1.4866465235737412,,strong_or_gi_start,Strong/GI start
ch4_aicc2023_ks_calibrated,CH4 AICC2023 KS-derived starts,CH4,pre,Precession index,ch4_gi_start,CH4 GI starts,5,29.2,-0.005103,11.332173500448896,5.0489881932693095,289.2857142857142,0.8035714285714284,False,-1.234197113910277,1.9073955396795164,,strong_or_gi_start,Strong/GI start
ch4_aicc2023_ks_calibrated,CH4 AICC2023 KS-derived starts,CH4,pre,Precession index,ch4_gi_start,CH4 GI starts,6,32.7,-0.014827,12.313921204695708,6.030735897516122,345.53571428571433,0.9598214285714287,False,-0.25244940966346463,2.8891432439263287,,strong_or_gi_start,Strong/GI start
ch4_aicc2023_ks_calibrated,CH4 AICC2023 KS-derived starts,CH4,pre,Precession index,ch4_gi_start,CH4 GI starts,7,34.0,-0.015164,12.659454841132202,0.09308422677302985,5.333333333333273,0.014814814814814647,False,0.09308422677302985,-3.0485084268167633,,strong_or_gi_start,Strong/GI start
ch4_aicc2023_ks_calibrated,CH4 AICC2023 KS-derived starts,CH4,pre,Precession index,ch4_gi_start,CH4 GI starts,8,35.7,-0.013084,13.055062804917585,0.48869219055841207,27.99999999999999,0.07777777777777775,False,0.48869219055841207,-2.652900463031381,,strong_or_gi_start,Strong/GI start
ch4_aicc2023_ks_calibrated,CH4 AICC2023 KS-derived starts,CH4,pre,Precession index,ch4_gi_start,CH4 GI starts,9,38.4,-0.005738,13.683381335635543,1.1170107212763707,63.999999999999986,0.17777777777777776,False,1.1170107212763707,-2.0245819323134224,,strong_or_gi_start,Strong/GI start
ch4_aicc2023_ks_calibrated,CH4 AICC2023 KS-derived starts,CH4,pre,Precession index,ch4_gi_start,CH4 GI starts,10,43.6,0.009991,14.893476283684945,2.327105669325773,133.33333333333334,0.3703703703703704,False,2.327105669325773,-0.8144869842640201,,strong_or_gi_start,Strong/GI start
ch4_aicc2023_ks_calibrated,CH4 AICC2023 KS-derived starts,CH4,pre,Precession index,ch4_gi_start,CH4 GI starts,11,47.0,0.013979,15.684692211255708,3.1183215968965357,178.66666666666669,0.49629629629629635,False,3.1183215968965357,-0.023271056693257464,,strong_or_gi_start,Strong/GI start
ch4_aicc2023_ks_calibrated,CH4 AICC2023 KS-derived starts,CH4,pre,Precession index,ch4_gi_start,CH4 GI starts,12,54.4,-0.003426,17.458621769567703,4.89225115520853,280.30534351145025,0.7786259541984729,False,-1.390934151971056,1.7506585016187373,,strong_or_gi_start,Strong/GI start
ch4_aicc2023_ks_calibrated,CH4 AICC2023 KS-derived starts,CH4,pre,Precession index,ch4_gi_start,CH4 GI starts,13,59.8,-0.018378,18.753629428299373,6.1872588139402005,354.50381679389295,0.9847328244274804,False,-0.09592649323938598,3.0456661603504074,,strong_or_gi_start,Strong/GI start
ch4_aicc2023_ks_calibrated,CH4 AICC2023 KS-derived starts,CH4,pre,Precession index,ch4_gi_start,CH4 GI starts,14,64.5,-0.006456,20.024238392011462,1.1746824704727032,67.30434782608684,0.1869565217391301,False,1.1746824704727032,-1.9669101831170899,,strong_or_gi_start,Strong/GI start
ch4_aicc2023_ks_calibrated,CH4 AICC2023 KS-derived starts,CH4,pre,Precession index,ch4_gi_start,CH4 GI starts,15,67.1,0.008271,20.73451151369263,1.8849555921538723,107.9999999999998,0.29999999999999943,False,1.8849555921538723,-1.2566370614359208,,strong_or_gi_start,Strong/GI start
ch4_aicc2023_ks_calibrated,CH4 AICC2023 KS-derived starts,CH4,pre,Precession index,ch4_gi_start,CH4 GI starts,16,75.8,0.008943,23.131018475988565,4.281462554449806,245.30973451327432,0.6814159292035398,False,-2.0017227527297803,1.1398699008600133,,strong_or_gi_start,Strong/GI start
ch4_aicc2023_ks_calibrated,CH4 AICC2023 KS-derived starts,CH4,pre,Precession index,ch4_gi_start,CH4 GI starts,17,84.7,-0.027366,25.59715057750988,0.46440934879153417,26.608695652173886,0.07391304347826079,False,0.46440934879153417,-2.677183304798259,,strong_or_gi_start,Strong/GI start
ch4_aicc2023_ks_calibrated,CH4 AICC2023 KS-derived starts,CH4,pre,Precession index,ch4_gi_start,CH4 GI starts,18,103.1,-0.032334,30.730488138751067,5.597746910032722,320.7272727272727,0.8909090909090909,False,-0.6854383971468645,2.456154256442929,,strong_or_gi_start,Strong/GI start
ch4_aicc2023_ks_calibrated,CH4 AICC2023 KS-derived starts,CH4,pre,Precession index,ch4_gi_start,CH4 GI starts,19,108.3,-0.029019,32.245781199110326,0.8298546632123944,47.547169811320536,0.13207547169811262,False,0.8298546632123944,-2.3117379903773987,,strong_or_gi_start,Strong/GI start
ch4_aicc2023_ks_calibrated,CH4 AICC2023 KS-derived starts,CH4,pre,Precession index,ch4_gi_start,CH4 GI starts,20,120.7,0.010521,35.88332893320452,4.467402397306586,255.96330275229354,0.7110091743119265,False,-1.8157829098730007,1.3258097437167926,,strong_or_gi_start,Strong/GI start
ch4_aicc2023_ks_calibrated,CH4 AICC2023 KS-derived starts,CH4,pre,Precession index,ch4_gi_start,CH4 GI starts,21,123.3,-0.020095,36.63269965791401,5.216773122016079,298.8990825688074,0.8302752293577982,False,-1.0664121851635076,2.075180468426286,,strong_or_gi_start,Strong/GI start
ch4_aicc2023_ks_calibrated,CH4 AICC2023 KS-derived starts,CH4,pre,Precession index,ch4_gi_start,CH4 GI starts,22,129.6,-0.031181,38.40938496475869,0.7102731216811691,40.695652173912954,0.11304347826086932,False,0.7102731216811691,-2.431319531908624,,strong_or_gi_start,Strong/GI start
ch4_aicc2023_ks_calibrated,CH4 AICC2023 KS-derived starts,CH4,pre,Precession index,ch4_gi_start,CH4 GI starts,23,145.5,-0.006209,42.658154792132486,4.959042949054968,284.132231404959,0.7892561983471083,False,-1.3241423581246183,1.817450295465175,,strong_or_gi_start,Strong/GI start
ch4_aicc2023_ks_calibrated,CH4 AICC2023 KS-derived starts,CH4,pre,Precession index,ch4_gi_start,CH4 GI starts,24,153.7,-0.020131,44.74315162104838,0.7608544707912799,43.59375000000011,0.12109375000000029,False,0.7608544707912799,-2.3807381827985132,,strong_or_gi_start,Strong/GI start
ch4_aicc2023_ks_calibrated,CH4 AICC2023 KS-derived starts,CH4,pre,Precession index,ch4_gi_start,CH4 GI starts,25,160.7,0.023421,46.4612101034803,2.478912953223194,142.0312499999999,0.39453124999999967,False,2.478912953223194,-0.6626797003665992,,strong_or_gi_start,Strong/GI start
ch4_aicc2023_ks_calibrated,CH4 AICC2023 KS-derived starts,CH4,pre,Precession index,ch4_gi_start,CH4 GI starts,26,165.1,0.02717,47.56165271459301,3.5793555643359056,205.0819672131144,0.56967213114754,False,-2.703829742843681,0.4377629107461125,,strong_or_gi_start,Strong/GI start
ch4_aicc2023_ks_calibrated,CH4 AICC2023 KS-derived starts,CH4,pre,Precession index,ch4_gi_start,CH4 GI starts,27,169.6,-0.001911,48.720436890097446,4.738139739840342,271.47540983606547,0.7540983606557374,False,-1.5450455673392443,1.596547086250549,,strong_or_gi_start,Strong/GI start
ch4_aicc2023_ks_calibrated,CH4 AICC2023 KS-derived starts,CH4,pre,Precession index,ch4_gi_start,CH4 GI starts,28,173.9,-0.03274,49.827719546690574,5.84542239643347,334.9180327868854,0.9303278688524594,False,-0.4377629107461163,2.703829742843677,,strong_or_gi_start,Strong/GI start
ch4_aicc2023_ks_calibrated,CH4 AICC2023 KS-derived starts,CH4,pre,Precession index,ch4_gi_start,CH4 GI starts,29,180.3,-0.008958,51.572162587690855,1.3066801302541649,74.86725663716832,0.207964601769912,False,1.3066801302541649,-1.8349125233356283,,strong_or_gi_start,Strong/GI start
ch4_aicc2023_ks_calibrated,CH4 AICC2023 KS-derived starts,CH4,pre,Precession index,ch4_gi_start,CH4 GI starts,30,187.2,0.042035,53.49275491066984,3.227272453233148,184.90909090909074,0.5136363636363631,False,-3.0559128539464386,0.08567979964335493,,strong_or_gi_start,Strong/GI start
ch4_aicc2023_ks_calibrated,CH4 AICC2023 KS-derived starts,CH4,pre,Precession index,ch4_gi_start,CH4 GI starts,31,195.3,-0.034522,55.80610950104052,5.540627043603827,317.454545454546,0.8818181818181834,False,-0.7425582635757596,2.399034390014034,,strong_or_gi_start,Strong/GI start
ch4_aicc2023_ks_calibrated,CH4 AICC2023 KS-derived starts,CH4,pre,Precession index,ch4_gi_start,CH4 GI starts,32,203.7,0.004375,58.175563960225276,1.6268961956089996,93.2142857142857,0.25892857142857134,False,1.6268961956089996,-1.5146964579807936,,strong_or_gi_start,Strong/GI start
ch4_aicc2023_ks_calibrated,CH4 AICC2023 KS-derived starts,CH4,pre,Precession index,ch4_gi_start,CH4 GI starts,33,207.9,0.046758,59.35366120532145,2.804993440705175,160.71428571428586,0.44642857142857184,False,2.804993440705175,-0.336599212884618,,strong_or_gi_start,Strong/GI start
ch4_aicc2023_ks_calibrated,CH4 AICC2023 KS-derived starts,CH4,pre,Precession index,ch4_gi_start,CH4 GI starts,34,217.0,-0.029232,61.90620523636315,5.357537471746873,306.9642857142854,0.8526785714285705,False,-0.9256478354327132,2.21594481815708,,strong_or_gi_start,Strong/GI start
ch4_aicc2023_ks_calibrated,CH4 AICC2023 KS-derived starts,CH4,pre,Precession index,ch4_gi_start,CH4 GI starts,35,221.7,-0.046077,63.239096563927866,0.40724349213200384,23.333333333332966,0.0648148148148138,False,0.40724349213200384,-2.7343491614577893,,strong_or_gi_start,Strong/GI start
ch4_aicc2023_ks_calibrated,CH4 AICC2023 KS-derived starts,CH4,pre,Precession index,ch4_gi_start,CH4 GI starts,36,225.0,-0.011904,64.19902765252475,1.3671745807288858,78.333333333333,0.2175925925925917,False,1.3671745807288858,-1.7744180728609074,,strong_or_gi_start,Strong/GI start
ch4_aicc2023_ks_calibrated,CH4 AICC2023 KS-derived starts,CH4,pre,Precession index,ch4_gi_start,CH4 GI starts,37,228.4,0.032481,65.18804756198821,2.356194490192351,135.00000000000037,0.375000000000001,False,2.356194490192351,-0.7853981633974422,,strong_or_gi_start,Strong/GI start
ch4_aicc2023_ks_calibrated,CH4 AICC2023 KS-derived starts,CH4,pre,Precession index,ch4_gi_start,CH4 GI starts,38,234.8,0.021154,67.07003938748777,4.238186315691905,242.8301886792461,0.6745283018867948,False,-2.0449989914876814,1.0965936621021122,,strong_or_gi_start,Strong/GI start
ch4_aicc2023_ks_calibrated,CH4 AICC2023 KS-derived starts,CH4,pre,Precession index,ch4_gi_start,CH4 GI starts,39,243.0,-0.036412,69.47017493981605,0.35513656084059875,20.34782608695729,0.05652173913043692,False,0.35513656084059875,-2.7864560927491944,,strong_or_gi_start,Strong/GI start
ch4_aicc2023_ks_calibrated,CH4 AICC2023 KS-derived starts,CH4,pre,Precession index,ch4_gi_start,CH4 GI starts,40,255.8,0.022761,72.86619378624684,3.7511554072713906,214.9253731343281,0.5970149253731337,False,-2.532029899908196,0.6095627536815975,,strong_or_gi_start,Strong/GI start
ch4_aicc2023_ks_calibrated,CH4 AICC2023 KS-derived starts,CH4,pre,Precession index,ch4_gi_start,CH4 GI starts,41,258.7,0.007878,73.54609070381478,4.431052324839335,253.88059701492537,0.7052238805970149,False,-1.8521329823402513,1.289459671249542,,strong_or_gi_start,Strong/GI start
ch4_aicc2023_ks_calibrated,CH4 AICC2023 KS-derived starts,CH4,pre,Precession index,ch4_gi_start,CH4 GI starts,42,265.7,-0.020189,75.187221194496,6.072182815520556,347.9104477611932,0.9664179104477589,False,-0.21100249165903076,2.9305901619307626,,strong_or_gi_start,Strong/GI start
ch4_aicc2023_ks_calibrated,CH4 AICC2023 KS-derived starts,CH4,pre,Precession index,ch4_gi_start,CH4 GI starts,43,273.1,-0.000596,76.95702920129501,1.55880551513998,89.312977099237,0.2480916030534361,False,1.55880551513998,-1.5827871384498131,,strong_or_gi_start,Strong/GI start
ch4_aicc2023_ks_calibrated,CH4 AICC2023 KS-derived starts,CH4,pre,Precession index,ch4_gi_start,CH4 GI starts,44,280.4,0.024652,78.731043718659,3.3328200325039603,190.95652173913078,0.5304347826086966,False,-2.9503652746756264,0.1912273789141672,,strong_or_gi_start,Strong/GI start
ch4_aicc2023_ks_calibrated,CH4 AICC2023 KS-derived starts,CH4,pre,Precession index,ch4_gi_start,CH4 GI starts,45,282.9,0.015865,79.41399864335243,4.015774957197394,230.08695652173947,0.6391304347826097,False,-2.267410349982193,0.8741823036076007,,strong_or_gi_start,Strong/GI start
ch4_aicc2023_ks_calibrated,CH4 AICC2023 KS-derived starts,CH4,pre,Precession index,ch4_gi_start,CH4 GI starts,46,285.9,-0.005474,80.23354455298454,4.835320866829505,277.04347826086945,0.769565217391304,False,-1.447864440350081,1.6937282132397122,,strong_or_gi_start,Strong/GI start
ch4_aicc2023_ks_calibrated,CH4 AICC2023 KS-derived starts,CH4,pre,Precession index,ch4_gi_start,CH4 GI starts,47,289.0,-0.026492,81.08040865960442,5.682184973449381,325.5652173913053,0.9043478260869591,False,-0.6010003337302054,2.540592319859588,,strong_or_gi_start,Strong/GI start
ch4_aicc2023_ks_calibrated,CH4 AICC2023 KS-derived starts,CH4,pre,Precession index,ch4_gi_start,CH4 GI starts,48,291.5,-0.031672,81.7663169028911,0.08490790955648464,4.864864864865079,0.01351351351351411,False,0.08490790955648464,-3.0566847440333085,,strong_or_gi_start,Strong/GI start
ch4_aicc2023_ks_calibrated,CH4 AICC2023 KS-derived starts,CH4,pre,Precession index,ch4_gi_start,CH4 GI starts,49,305.9,0.018072,85.87998609112284,4.198577097788224,240.56074766355115,0.6682242990654199,False,-2.0846082093913627,1.0569844441984309,,strong_or_gi_start,Strong/GI start
ch4_aicc2023_ks_calibrated,CH4 AICC2023 KS-derived starts,CH4,pre,Precession index,ch4_gi_start,CH4 GI starts,50,307.7,7.9e-05,86.40847831322206,4.727069319887441,270.84112149532683,0.7523364485981301,False,-1.5561159872921453,1.585476666297648,,strong_or_gi_start,Strong/GI start
ch4_aicc2023_ks_calibrated,CH4 AICC2023 KS-derived starts,CH4,pre,Precession index,ch4_gi_start,CH4 GI starts,51,309.7,-0.019974,86.9956918933323,5.314282899997686,304.4859813084111,0.8457943925233642,False,-0.9689024071819008,2.1726902464078925,,strong_or_gi_start,Strong/GI start
ch4_aicc2023_ks_calibrated,CH4 AICC2023 KS-derived starts,CH4,pre,Precession index,ch4_gi_start,CH4 GI starts,52,317.1,-0.013492,89.16838213974022,1.2037878392260097,68.97196261682325,0.19158878504673124,False,1.2037878392260097,-1.9378048143637834,,strong_or_gi_start,Strong/GI start
ch4_aicc2023_ks_calibrated,CH4 AICC2023 KS-derived starts,CH4,pre,Precession index,ch4_gi_start,CH4 GI starts,53,327.4,0.017125,92.1725991392675,4.208004838753297,241.10091743119244,0.6697247706422012,False,-2.07518046842629,1.0664121851635038,,strong_or_gi_start,Strong/GI start
ch4_aicc2023_ks_calibrated,CH4 AICC2023 KS-derived starts,CH4,pre,Precession index,ch4_gi_start,CH4 GI starts,54,334.5,-0.030939,94.21895765674343,6.25436335622922,358.34862385321094,0.995412844036697,False,-0.028821950950366458,3.112770702639427,,strong_or_gi_start,Strong/GI start
ch4_aicc2023_ks_calibrated,CH4 AICC2023 KS-derived starts,CH4,pre,Precession index,ch4_gi_start,CH4 GI starts,55,351.2,-0.00467,99.32510106804092,5.077321460347129,290.90909090909025,0.8080808080808063,False,-1.2058638468324576,1.9357288067573357,,strong_or_gi_start,Strong/GI start
ch4_aicc2023_ks_calibrated,CH4 AICC2023 KS-derived starts,CH4,pre,Precession index,ch4_gi_start,CH4 GI starts,56,360.3,-4e-06,102.34079546531099,1.80983055043761,103.69565217391371,0.28804347826087146,False,1.80983055043761,-1.3317621031521831,,strong_or_gi_start,Strong/GI start
ch4_aicc2023_ks_calibrated,CH4 AICC2023 KS-derived starts,CH4,pre,Precession index,ch4_gi_start,CH4 GI starts,57,363.9,0.008863,103.57011432975916,3.0391494148857845,174.13043478260906,0.4836956521739141,False,3.0391494148857845,-0.10244323870400862,,strong_or_gi_start,Strong/GI start
ch4_aicc2023_ks_calibrated,CH4 AICC2023 KS-derived starts,CH4,pre,Precession index,ch4_gi_start,CH4 GI starts,58,367.3,0.004475,104.87489549761483,4.34393058274145,248.88888888888934,0.6913580246913592,False,-1.9392547244381364,1.202337929151657,,strong_or_gi_start,Strong/GI start
ch4_aicc2023_ks_calibrated,CH4 AICC2023 KS-derived starts,CH4,pre,Precession index,ch4_gi_start,CH4 GI starts,59,371.8,-0.004111,106.62022474960916,6.089259834735785,348.8888888888896,0.9691358024691379,False,-0.19392547244380176,2.9476671811459916,,strong_or_gi_start,Strong/GI start
ch4_aicc2023_ks_calibrated,CH4 AICC2023 KS-derived starts,CH4,pre,Precession index,ch4_gi_start,CH4 GI starts,60,377.1,0.003278,108.74743800887747,1.9332877868245006,110.76923076923148,0.3076923076923097,False,1.9332877868245006,-1.2083048667652925,,strong_or_gi_start,Strong/GI start
ch4_aicc2023_ks_calibrated,CH4 AICC2023 KS-derived starts,CH4,pre,Precession index,ch4_gi_start,CH4 GI starts,61,385.8,-0.006301,111.96777412569466,5.153623903641694,295.28089887640516,0.8202247191011254,False,-1.129561403537892,2.0120312500519013,,strong_or_gi_start,Strong/GI start
ch4_aicc2023_ks_calibrated,CH4 AICC2023 KS-derived starts,CH4,pre,Precession index,ch4_gi_start,CH4 GI starts,62,389.9,-0.011848,113.39496009641474,0.2976245671821829,17.052631578946908,0.0473684210526303,False,0.2976245671821829,-2.8439680864076102,,strong_or_gi_start,Strong/GI start
ch4_aicc2023_ks_calibrated,CH4 AICC2023 KS-derived starts,CH4,pre,Precession index,ch4_gi_start,CH4 GI starts,63,393.7,0.00078,114.65159715785066,1.5542616286181072,89.05263157894731,0.24736842105263143,False,1.5542616286181072,-1.5873310249716859,,strong_or_gi_start,Strong/GI start
ch4_aicc2023_ks_calibrated,CH4 AICC2023 KS-derived starts,CH4,pre,Precession index,ch4_gi_start,CH4 GI starts,64,398.9,0.015445,116.36586121933102,3.268525690098471,187.27272727272725,0.5202020202020201,False,-3.0146596170811155,0.12693303650867804,,strong_or_gi_start,Strong/GI start
ch4_aicc2023_ks_calibrated,CH4 AICC2023 KS-derived starts,CH4,pre,Precession index,ch4_gi_start,CH4 GI starts,65,401.4,0.009409,117.15919269751026,4.061857168277712,232.7272727272727,0.6464646464646463,False,-2.221328138901875,0.9202645146879185,,strong_or_gi_start,Strong/GI start
ch4_aicc2023_ks_calibrated,CH4 AICC2023 KS-derived starts,CH4,pre,Precession index,ch4_gi_start,CH4 GI starts,66,403.5,-0.000455,117.82559113918083,4.7282556099482775,270.9090909090911,0.752525252525253,False,-1.554929697231309,1.5866629563584844,,strong_or_gi_start,Strong/GI start
ch4_aicc2023_ks_calibrated,CH4 AICC2023 KS-derived starts,CH4,pre,Precession index,ch4_gi_start,CH4 GI starts,67,407.0,-0.014268,118.93625520863178,5.8389196793992255,334.54545454545536,0.9292929292929315,False,-0.44426562778036094,2.6973270258094324,,strong_or_gi_start,Strong/GI start
ch4_aicc2023_ks_calibrated,CH4 AICC2023 KS-derived starts,CH4,pre,Precession index,ch4_gi_start,CH4 GI starts,68,408.7,-0.015676,119.47476861601984,0.0942477796077057,5.400000000000682,0.015000000000001894,False,0.0942477796077057,-3.0473448739820874,,strong_or_gi_start,Strong/GI start
ch4_aicc2023_ks_calibrated,CH4 AICC2023 KS-derived starts,CH4,pre,Precession index,ch4_gi_start,CH4 GI starts,69,410.3,-0.013071,119.97742344059421,0.5969026041820698,34.20000000000052,0.09500000000000144,False,0.5969026041820698,-2.5446900494077234,,strong_or_gi_start,Strong/GI start
ch4_aicc2023_ks_calibrated,CH4 AICC2023 KS-derived starts,CH4,pre,Precession index,ch4_gi_start,CH4 GI starts,70,413.1,-0.002274,120.85706938359935,1.476548547187214,84.60000000000063,0.2350000000000018,False,1.476548547187214,-1.6650441064025792,,strong_or_gi_start,Strong/GI start
ch4_aicc2023_ks_calibrated,CH4 AICC2023 KS-derived starts,CH4,pre,Precession index,ch4_gi_start,CH4 GI starts,71,429.2,-0.008459,126.0970292682248,0.4333231246330769,24.827586206896665,0.06896551724137963,False,0.4333231246330769,-2.7082695289567162,,strong_or_gi_start,Strong/GI start
ch4_aicc2023_ks_calibrated,CH4 AICC2023 KS-derived starts,CH4,pre,Precession index,ch4_gi_start,CH4 GI starts,72,439.1,0.003984,129.692336722901,4.028630579309265,230.82352941176475,0.6411764705882355,False,-2.2545547278703215,0.887037925719472,,strong_or_gi_start,Strong/GI start
ch4_aicc2023_ks_calibrated,CH4 AICC2023 KS-derived starts,CH4,pre,Precession index,ch4_gi_start,CH4 GI starts,73,443.3,-0.006689,131.24465309291006,5.5809469493183315,319.76470588235253,0.888235294117646,False,-0.7022383578612551,2.4393542957285383,,strong_or_gi_start,Strong/GI start
ch4_aicc2023_ks_calibrated,CH4 AICC2023 KS-derived starts,CH4,pre,Precession index,ch4_gi_start,CH4 GI starts,74,451.2,0.006939,133.9310552319859,1.9841637812145976,113.6842105263153,0.3157894736842092,False,1.9841637812145976,-1.1574288723751955,,strong_or_gi_start,Strong/GI start
ch4_aicc2023_ks_calibrated,CH4 AICC2023 KS-derived starts,CH4,pre,Precession index,ch4_gi_start,CH4 GI starts,75,459.3,-2.2e-05,136.51930848124357,4.572417030472259,261.98019801980115,0.7277227722772255,False,-1.7107682767073273,1.430824376882466,,strong_or_gi_start,Strong/GI start
ch4_aicc2023_ks_calibrated,CH4 AICC2023 KS-derived starts,CH4,pre,Precession index,ch4_gi_start,CH4 GI starts,76,467.7,-0.012794,139.132118212942,0.9020414549911067,51.68316831683042,0.14356435643564006,False,0.9020414549911067,-2.2395511985986865,,strong_or_gi_start,Strong/GI start
ch4_aicc2023_ks_calibrated,CH4 AICC2023 KS-derived starts,CH4,pre,Precession index,ch4_gi_start,CH4 GI starts,77,471.6,0.015565,140.34520844551628,2.1151316875653805,121.18811881187978,0.3366336633663327,False,2.1151316875653805,-1.0264609660244126,,strong_or_gi_start,Strong/GI start
ch4_aicc2023_ks_calibrated,CH4 AICC2023 KS-derived starts,CH4,pre,Precession index,ch4_gi_start,CH4 GI starts,78,475.5,0.027835,141.5564689793989,3.326392221447989,190.5882352941161,0.529411764705878,False,-2.9567930857315976,0.18479956785819596,,strong_or_gi_start,Strong/GI start
ch4_aicc2023_ks_calibrated,CH4 AICC2023 KS-derived starts,CH4,pre,Precession index,ch4_gi_start,CH4 GI starts,79,483.1,-0.027429,143.89726350560306,5.667186747652167,324.70588235294065,0.9019607843137241,False,-0.6159985595274196,2.525594094062374,,strong_or_gi_start,Strong/GI start
ch4_aicc2023_ks_calibrated,CH4 AICC2023 KS-derived starts,CH4,pre,Precession index,ch4_gi_start,CH4 GI starts,80,501.0,-0.000747,149.28492637860177,4.771664313471284,273.396226415094,0.75943396226415,False,-1.5115209937083025,1.6300716598814908,,strong_or_gi_start,Strong/GI start
ch4_aicc2023_ks_calibrated,CH4 AICC2023 KS-derived starts,CH4,pre,Precession index,ch4_gi_start,CH4 GI starts,81,504.2,-0.026517,150.23333170798736,5.720069642856878,327.73584905660323,0.9103773584905644,False,-0.5631156643227089,2.5784769892670845,,strong_or_gi_start,Strong/GI start
ch4_aicc2023_ks_calibrated,CH4 AICC2023 KS-derived starts,CH4,pre,Precession index,ch4_gi_start,CH4 GI starts,82,506.6,-0.030959,150.94604702248103,0.14959965017095556,8.571428571429317,0.023809523809525883,False,0.14959965017095556,-2.9919930034188376,,strong_or_gi_start,Strong/GI start
ch4_aicc2023_ks_calibrated,CH4 AICC2023 KS-derived starts,CH4,pre,Precession index,ch4_gi_start,CH4 GI starts,83,509.0,-0.020619,151.66412534330152,0.8676779709914513,49.714285714284834,0.13809523809523563,False,0.8676779709914513,-2.273914682598342,,strong_or_gi_start,Strong/GI start
ch4_aicc2023_ks_calibrated,CH4 AICC2023 KS-derived starts,CH4,pre,Precession index,ch4_gi_start,CH4 GI starts,84,518.3,0.02119,154.39451075334452,3.59806338103445,206.15384615384536,0.5726495726495704,False,-2.6851219261451367,0.4564707274446569,,strong_or_gi_start,Strong/GI start
ch4_aicc2023_ks_calibrated,CH4 AICC2023 KS-derived starts,CH4,pre,Precession index,ch4_gi_start,CH4 GI starts,85,521.5,0.006357,155.25374976971096,4.457302397400895,255.3846153846149,0.7094017094017081,False,-1.8258829097786917,1.3157097438111016,,strong_or_gi_start,Strong/GI start
ch4_aicc2023_ks_calibrated,CH4 AICC2023 KS-derived starts,CH4,pre,Precession index,ch4_gi_start,CH4 GI starts,86,526.1,-0.012278,156.48890585573773,5.692458483427657,326.153846153846,0.9059829059829057,False,-0.5907268237519292,2.550865829837864,,strong_or_gi_start,Strong/GI start
ch4_aicc2023_ks_calibrated,CH4 AICC2023 KS-derived starts,CH4,pre,Precession index,ch4_gi_start,CH4 GI starts,87,533.4,-0.007794,158.0333304493294,0.9536977698397564,54.64285714285702,0.15178571428571394,False,0.9536977698397564,-2.1878948837500367,,strong_or_gi_start,Strong/GI start
ch4_aicc2023_ks_calibrated,CH4 AICC2023 KS-derived starts,CH4,pre,Precession index,ch4_gi_start,CH4 GI starts,88,539.4,0.006115,159.15532782561147,2.0756951461218094,118.92857142857038,0.33035714285713996,False,2.0756951461218094,-1.0658975074679837,,strong_or_gi_start,Strong/GI start
ch4_aicc2023_ks_calibrated,CH4 AICC2023 KS-derived starts,CH4,pre,Precession index,ch4_gi_start,CH4 GI starts,89,543.1,0.015037,159.84722620765208,2.767593528162429,158.57142857142813,0.44047619047618924,False,2.767593528162429,-0.37399912542736397,,strong_or_gi_start,Strong/GI start
ch4_aicc2023_ks_calibrated,CH4 AICC2023 KS-derived starts,CH4,pre,Precession index,ch4_gi_start,CH4 GI starts,90,549.9,0.002455,161.56762218461793,4.487989505128276,257.14285714285717,0.7142857142857143,False,-1.7951958020513106,1.3463968515384828,,strong_or_gi_start,Strong/GI start
ch4_aicc2023_ks_calibrated,CH4 AICC2023 KS-derived starts,CH4,pre,Precession index,ch4_gi_start,CH4 GI starts,91,554.5,-0.02318,162.85791916734232,5.778286487852661,331.0714285714289,0.9196428571428581,False,-0.5048988193269255,2.636693834262868,,strong_or_gi_start,Strong/GI start
ch4_aicc2023_ks_calibrated,CH4 AICC2023 KS-derived starts,CH4,pre,Precession index,ch4_gi_start,CH4 GI starts,92,559.4,-0.016429,164.25629846613054,0.8934804794613029,51.192660550457894,0.14220183486238303,False,0.8934804794613029,-2.24811217412849,,strong_or_gi_start,Strong/GI start
ch4_aicc2023_ks_calibrated,CH4 AICC2023 KS-derived starts,CH4,pre,Precession index,ch4_gi_start,CH4 GI starts,93,563.3,0.016271,165.3803545531948,2.01753656652555,115.59633027522905,0.3211009174311918,False,2.01753656652555,-1.1240560870642433,,strong_or_gi_start,Strong/GI start
ch4_aicc2023_ks_calibrated,CH4 AICC2023 KS-derived starts,CH4,pre,Precession index,ch4_gi_start,CH4 GI starts,94,570.7,0.018698,167.49500291841798,4.132184931748739,236.7567567567569,0.657657657657658,False,-2.151000375430847,0.990592278158946,,strong_or_gi_start,Strong/GI start
ch4_aicc2023_ks_calibrated,CH4 AICC2023 KS-derived starts,CH4,pre,Precession index,ch4_gi_start,CH4 GI starts,95,581.8,-0.022225,170.65477157711157,1.0087682832627465,57.7981651376129,0.16055045871559137,False,1.0087682832627465,-2.1328243703270466,,strong_or_gi_start,Strong/GI start
ch4_aicc2023_ks_calibrated,CH4 AICC2023 KS-derived starts,CH4,pre,Precession index,ch4_gi_start,CH4 GI starts,96,597.1,-0.032988,175.1512704201395,5.5052671262906685,315.4285714285705,0.8761904761904735,False,-0.7779181808889181,2.3636744727008754,,strong_or_gi_start,Strong/GI start
ch4_aicc2023_ks_calibrated,CH4 AICC2023 KS-derived starts,CH4,pre,Precession index,ch4_gi_start,CH4 GI starts,97,602.3,-0.034193,176.69976793115418,0.77057933012577,44.15094339622479,0.12264150943395775,False,0.77057933012577,-2.371013323464023,,strong_or_gi_start,Strong/GI start
ch4_aicc2023_ks_calibrated,CH4 AICC2023 KS-derived starts,CH4,pre,Precession index,ch4_gi_start,CH4 GI starts,98,606.0,0.012126,177.7963615932563,1.8671729922278928,106.98113207547152,0.2971698113207542,False,1.8671729922278928,-1.2744196613619003,,strong_or_gi_start,Strong/GI start
ch4_aicc2023_ks_calibrated,CH4 AICC2023 KS-derived starts,CH4,pre,Precession index,ch4_gi_start,CH4 GI starts,99,616.3,-0.004953,180.8324219949489,4.9032333939204875,280.93457943925057,0.7803738317756961,False,-1.379951913259099,1.7616407403306944,,strong_or_gi_start,Strong/GI start
ch4_aicc2023_ks_calibrated,CH4 AICC2023 KS-derived starts,CH4,pre,Precession index,ch4_gi_start,CH4 GI starts,100,628.7,0.0114,184.372218857551,2.1598449493429897,123.7500000000004,0.3437500000000011,False,2.1598449493429897,-0.9817477042468035,,strong_or_gi_start,Strong/GI start
ch4_aicc2023_ks_calibrated,CH4 AICC2023 KS-derived starts,CH4,pre,Precession index,ch4_gs_start,CH4 GS starts,1,8.5,-0.012427,5.385587406153931,5.385587406153931,308.57142857142856,0.8571428571428571,False,-0.8975979010256554,2.243994752564138,,weak_or_gs_start,Weak/GS start
ch4_aicc2023_ks_calibrated,CH4 AICC2023 KS-derived starts,CH4,pre,Precession index,ch4_gs_start,CH4 GS starts,2,12.8,-0.018363,6.657870669534333,0.3746853623547466,21.467889908256915,0.05963302752293588,False,0.3746853623547466,-2.7669072912350465,,weak_or_gs_start,Weak/GS start
ch4_aicc2023_ks_calibrated,CH4 AICC2023 KS-derived starts,CH4,pre,Precession index,ch4_gs_start,CH4 GS starts,3,34.8,-0.014537,12.845623294678264,0.27925268031909134,15.99999999999992,0.044444444444444224,False,0.27925268031909134,-2.8623399732707018,,weak_or_gs_start,Weak/GS start
ch4_aicc2023_ks_calibrated,CH4 AICC2023 KS-derived starts,CH4,pre,Precession index,ch4_gs_start,CH4 GS starts,4,44.5,0.011769,15.102915793924264,2.536545179565092,145.33333333333331,0.4037037037037037,False,2.536545179565092,-0.6050474740247012,,weak_or_gs_start,Weak/GS start
ch4_aicc2023_ks_calibrated,CH4 AICC2023 KS-derived starts,CH4,pre,Precession index,ch4_gs_start,CH4 GS starts,5,56.9,-0.012672,18.058162352313847,5.491791737954674,314.6564885496182,0.8740458015267172,False,-0.7913935692249121,2.3501990843648812,,weak_or_gs_start,Weak/GS start
ch4_aicc2023_ks_calibrated,CH4 AICC2023 KS-derived starts,CH4,pre,Precession index,ch4_gs_start,CH4 GS starts,6,58.9,-0.017546,18.53779481851076,5.971424204151589,342.1374045801525,0.9503816793893125,False,-0.31176110302799764,2.8298315505617957,,weak_or_gs_start,Weak/GS start
ch4_aicc2023_ks_calibrated,CH4 AICC2023 KS-derived starts,CH4,pre,Precession index,ch4_gs_start,CH4 GS starts,7,70.9,0.023528,21.772602999226653,2.923047077687894,167.4782608695652,0.46521739130434775,False,2.923047077687894,-0.21854557590189927,,weak_or_gs_start,Weak/GS start
ch4_aicc2023_ks_calibrated,CH4 AICC2023 KS-derived starts,CH4,pre,Precession index,ch4_gs_start,CH4 GS starts,8,73.4,0.021217,22.463777558411973,3.6142216368732143,207.07964601769916,0.5752212389380532,False,-2.6689636703063724,0.4726289832834212,,weak_or_gs_start,Weak/GS start
ch4_aicc2023_ks_calibrated,CH4 AICC2023 KS-derived starts,CH4,pre,Precession index,ch4_gs_start,CH4 GS starts,9,88.8,0.002363,26.71719665400711,1.5844554252887662,90.78260869565223,0.2521739130434784,False,1.5844554252887662,-1.557137228301027,,weak_or_gs_start,Weak/GS start
ch4_aicc2023_ks_calibrated,CH4 AICC2023 KS-derived starts,CH4,pre,Precession index,ch4_gs_start,CH4 GS starts,10,93.1,0.03456,27.891879124479814,2.7591378957614694,158.08695652173907,0.43913043478260855,False,2.7591378957614694,-0.3824547578283237,,weak_or_gs_start,Weak/GS start
ch4_aicc2023_ks_calibrated,CH4 AICC2023 KS-derived starts,CH4,pre,Precession index,ch4_gs_start,CH4 GS starts,11,100.2,-0.002904,29.902250075531942,4.769508846813597,273.27272727272737,0.7590909090909094,False,-1.5136764603659894,1.627916193223804,,weak_or_gs_start,Weak/GS start
ch4_aicc2023_ks_calibrated,CH4 AICC2023 KS-derived starts,CH4,pre,Precession index,ch4_gs_start,CH4 GS starts,12,110.2,-0.007776,32.80889686343303,1.392970327535096,79.81132075471693,0.221698113207547,False,1.392970327535096,-1.7486223260546971,,weak_or_gs_start,Weak/GS start
ch4_aicc2023_ks_calibrated,CH4 AICC2023 KS-derived starts,CH4,pre,Precession index,ch4_gs_start,CH4 GS starts,13,116.6,0.043432,34.701628944239545,3.2857024083416135,188.25688073394468,0.522935779816513,False,-2.997482898837973,0.14410975475182042,,weak_or_gs_start,Weak/GS start
ch4_aicc2023_ks_calibrated,CH4 AICC2023 KS-derived starts,CH4,pre,Precession index,ch4_gs_start,CH4 GS starts,14,133.6,0.006607,39.50211284426818,1.8030010011906654,103.30434782608704,0.28695652173913067,False,1.8030010011906654,-1.3385916523991277,,weak_or_gs_start,Weak/GS start
ch4_aicc2023_ks_calibrated,CH4 AICC2023 KS-derived starts,CH4,pre,Precession index,ch4_gs_start,CH4 GS starts,15,136.7,0.02998,40.34897695088804,2.6498651078105198,151.82608695652166,0.4217391304347824,False,2.6498651078105198,-0.49172754577927336,,weak_or_gs_start,Weak/GS start
ch4_aicc2023_ks_calibrated,CH4 AICC2023 KS-derived starts,CH4,pre,Precession index,ch4_gs_start,CH4 GS starts,16,138.2,0.03404,40.7587499057041,3.0596380626265827,175.30434782608705,0.4869565217391307,False,3.0596380626265827,-0.08195459096321045,,weak_or_gs_start,Weak/GS start
ch4_aicc2023_ks_calibrated,CH4 AICC2023 KS-derived starts,CH4,pre,Precession index,ch4_gs_start,CH4 GS starts,17,140.0,0.031682,41.23015813140985,3.531046288332334,202.31404958677712,0.5619834710743808,False,-2.7521390188472528,0.3894536347425408,,weak_or_gs_start,Weak/GS start
ch4_aicc2023_ks_calibrated,CH4 AICC2023 KS-derived starts,CH4,pre,Precession index,ch4_gs_start,CH4 GS starts,18,148.6,-0.02462,43.46302563726706,5.763913794189541,330.2479338842977,0.917355371900827,False,-0.5192715129900453,2.622321140599748,,weak_or_gs_start,Weak/GS start
ch4_aicc2023_ks_calibrated,CH4 AICC2023 KS-derived starts,CH4,pre,Precession index,ch4_gs_start,CH4 GS starts,19,151.9,-0.026746,44.30136515413732,0.3190680038802185,18.281250000000295,0.05078125000000082,False,0.3190680038802185,-2.8225246497095746,,weak_or_gs_start,Weak/GS start
ch4_aicc2023_ks_calibrated,CH4 AICC2023 KS-derived starts,CH4,pre,Precession index,ch4_gs_start,CH4 GS starts,20,172.0,-0.021642,49.33845511703314,5.356157966776038,306.8852459016392,0.8524590163934422,False,-0.9270273404035481,2.2145653131862453,,weak_or_gs_start,Weak/GS start
ch4_aicc2023_ks_calibrated,CH4 AICC2023 KS-derived starts,CH4,pre,Precession index,ch4_gs_start,CH4 GS starts,21,184.3,0.031502,52.68423078365185,2.418748326215159,138.58407079646065,0.3849557522123907,False,2.418748326215159,-0.7228443273746343,,weak_or_gs_start,Weak/GS start
ch4_aicc2023_ks_calibrated,CH4 AICC2023 KS-derived starts,CH4,pre,Precession index,ch4_gs_start,CH4 GS starts,22,189.3,0.032614,54.092513508173354,3.8270310507366645,219.2727272727277,0.6090909090909102,False,-2.4561542564429217,0.6854383971468715,,weak_or_gs_start,Weak/GS start
ch4_aicc2023_ks_calibrated,CH4 AICC2023 KS-derived starts,CH4,pre,Precession index,ch4_gs_start,CH4 GS starts,23,193.5,-0.015103,55.292030703180366,5.026548245743676,288.0000000000004,0.8000000000000012,False,-1.2566370614359104,1.884955592153883,,weak_or_gs_start,Weak/GS start
ch4_aicc2023_ks_calibrated,CH4 AICC2023 KS-derived starts,CH4,pre,Precession index,ch4_gs_start,CH4 GS starts,24,202.8,-0.007679,57.92311455056181,1.374446785945537,78.75000000000014,0.2187500000000004,False,1.374446785945537,-1.7671458676442562,,weak_or_gs_start,Weak/GS start
ch4_aicc2023_ks_calibrated,CH4 AICC2023 KS-derived starts,CH4,pre,Precession index,ch4_gs_start,CH4 GS starts,25,211.1,0.041844,60.2512591063471,3.702591341730823,212.14285714285688,0.5892857142857135,False,-2.580593965448763,0.56099868814103,,weak_or_gs_start,Weak/GS start
ch4_aicc2023_ks_calibrated,CH4 AICC2023 KS-derived starts,CH4,pre,Precession index,ch4_gs_start,CH4 GS starts,26,215.3,-0.007698,61.429356351443275,4.880688586826999,279.64285714285705,0.7767857142857141,False,-1.4024967203525878,1.7390959332372056,,weak_or_gs_start,Weak/GS start
ch4_aicc2023_ks_calibrated,CH4 AICC2023 KS-derived starts,CH4,pre,Precession index,ch4_gs_start,CH4 GS starts,27,223.7,-0.028601,63.82087298125931,0.9890199094634511,56.666666666666536,0.15740740740740705,False,0.9890199094634511,-2.152572744126342,,weak_or_gs_start,Weak/GS start
ch4_aicc2023_ks_calibrated,CH4 AICC2023 KS-derived starts,CH4,pre,Precession index,ch4_gs_start,CH4 GS starts,28,231.0,0.046419,65.94435690451908,3.1125038327232204,178.33333333333331,0.4953703703703703,False,3.1125038327232204,-0.029088820866572714,,weak_or_gs_start,Weak/GS start
ch4_aicc2023_ks_calibrated,CH4 AICC2023 KS-derived starts,CH4,pre,Precession index,ch4_gs_start,CH4 GS starts,29,240.7,-0.037385,68.81866171354245,5.986808641746592,343.0188679245286,0.9528301886792461,False,-0.29637666543299473,2.8452159881567987,,weak_or_gs_start,Weak/GS start
ch4_aicc2023_ks_calibrated,CH4 AICC2023 KS-derived starts,CH4,pre,Precession index,ch4_gs_start,CH4 GS starts,30,243.9,-0.031934,69.71603871270568,0.6010003337302336,34.43478260869636,0.09565217391304545,False,0.6010003337302336,-2.5405923198595595,,weak_or_gs_start,Weak/GS start
ch4_aicc2023_ks_calibrated,CH4 AICC2023 KS-derived starts,CH4,pre,Precession index,ch4_gs_start,CH4 GS starts,31,247.9,0.001666,70.80876659221516,1.6937282132397158,97.04347826086963,0.26956521739130457,False,1.6937282132397158,-1.4478644403500773,,weak_or_gs_start,Weak/GS start
ch4_aicc2023_ks_calibrated,CH4 AICC2023 KS-derived starts,CH4,pre,Precession index,ch4_gs_start,CH4 GS starts,32,251.5,0.025225,71.7922216837737,2.6771833047982554,153.39130434782592,0.4260869565217386,False,2.6771833047982554,-0.4644093487915377,,weak_or_gs_start,Weak/GS start
ch4_aicc2023_ks_calibrated,CH4 AICC2023 KS-derived starts,CH4,pre,Precession index,ch4_gs_start,CH4 GS starts,33,254.9,0.025828,72.65519129458782,3.5401529156123743,202.83582089552212,0.5634328358208948,False,-2.7430323915672123,0.3985602620225812,,weak_or_gs_start,Weak/GS start
ch4_aicc2023_ks_calibrated,CH4 AICC2023 KS-derived starts,CH4,pre,Precession index,ch4_gs_start,CH4 GS starts,34,264.1,-0.017286,74.81210565376888,5.697067274793433,326.4179104477613,0.9067164179104481,False,-0.5861180323861535,2.55547462120364,,weak_or_gs_start,Weak/GS start
ch4_aicc2023_ks_calibrated,CH4 AICC2023 KS-derived starts,CH4,pre,Precession index,ch4_gs_start,CH4 GS starts,35,267.7,-0.019956,75.66202154256334,0.2637978564083028,15.114503816793867,0.041984732824427405,False,0.2637978564083028,-2.8777947971814903,,weak_or_gs_start,Weak/GS start
ch4_aicc2023_ks_calibrated,CH4 AICC2023 KS-derived starts,CH4,pre,Precession index,ch4_gs_start,CH4 GS starts,36,278.1,0.023002,78.1561103667873,2.757886680632268,158.01526717557292,0.43893129770992473,False,2.757886680632268,-0.3837059729575252,,weak_or_gs_start,Weak/GS start
ch4_aicc2023_ks_calibrated,CH4 AICC2023 KS-derived starts,CH4,pre,Precession index,ch4_gs_start,CH4 GS starts,37,289.8,-0.029656,81.29895423550632,5.90073054935128,338.0869565217401,0.9391304347826114,False,-0.38245475782830624,2.759137895761487,,weak_or_gs_start,Weak/GS start
ch4_aicc2023_ks_calibrated,CH4 AICC2023 KS-derived starts,CH4,pre,Precession index,ch4_gs_start,CH4 GS starts,38,295.9,-0.006812,83.0116329097195,1.330223916384874,76.2162162162166,0.21171171171171277,False,1.330223916384874,-1.8113687372049192,,weak_or_gs_start,Weak/GS start
ch4_aicc2023_ks_calibrated,CH4 AICC2023 KS-derived starts,CH4,pre,Precession index,ch4_gs_start,CH4 GS starts,39,299.1,0.022225,83.91731727832196,2.235908284987339,128.1081081081086,0.3558558558558572,False,2.235908284987339,-0.9056843686024543,,weak_or_gs_start,Weak/GS start
ch4_aicc2023_ks_calibrated,CH4 AICC2023 KS-derived starts,CH4,pre,Precession index,ch4_gs_start,CH4 GS starts,40,304.2,0.030455,85.38085454802915,3.6994455546945275,211.9626168224302,0.5887850467289727,False,-2.583739752485059,0.5578529011047344,,weak_or_gs_start,Weak/GS start
ch4_aicc2023_ks_calibrated,CH4 AICC2023 KS-derived starts,CH4,pre,Precession index,ch4_gs_start,CH4 GS starts,41,314.9,-0.031131,88.52244720161893,0.5578529011047237,31.96261682242957,0.08878504672897103,False,0.5578529011047237,-2.5837397524850694,,weak_or_gs_start,Weak/GS start
ch4_aicc2023_ks_calibrated,CH4 AICC2023 KS-derived starts,CH4,pre,Precession index,ch4_gs_start,CH4 GS starts,42,316.2,-0.021861,88.90413602869059,0.9395417281763798,53.83177570093418,0.14953271028037274,False,0.9395417281763798,-2.2020509254134133,,weak_or_gs_start,Weak/GS start
ch4_aicc2023_ks_calibrated,CH4 AICC2023 KS-derived starts,CH4,pre,Precession index,ch4_gs_start,CH4 GS starts,43,318.8,0.004124,89.66751368283391,1.7029193823197062,97.57009345794422,0.2710280373831784,False,1.7029193823197062,-1.438673271270087,,weak_or_gs_start,Weak/GS start
ch4_aicc2023_ks_calibrated,CH4 AICC2023 KS-derived starts,CH4,pre,Precession index,ch4_gs_start,CH4 GS starts,44,340.2,0.000283,95.92329568960834,1.6755160819145445,95.99999999999932,0.2666666666666648,False,1.6755160819145445,-1.4660765716752486,,weak_or_gs_start,Weak/GS start
ch4_aicc2023_ks_calibrated,CH4 AICC2023 KS-derived starts,CH4,pre,Precession index,ch4_gs_start,CH4 GS starts,45,347.2,0.020035,98.05577070295413,3.8079910952603413,218.1818181818174,0.6060606060606039,False,-2.4751942119192454,0.6663984416705482,,weak_or_gs_start,Weak/GS start
ch4_aicc2023_ks_calibrated,CH4 AICC2023 KS-derived starts,CH4,pre,Precession index,ch4_gs_start,CH4 GS starts,46,353.2,-0.014311,99.95976625058432,5.71198664289053,327.2727272727271,0.9090909090909086,False,-0.5711986642890567,2.5703939893007366,,weak_or_gs_start,Weak/GS start
ch4_aicc2023_ks_calibrated,CH4 AICC2023 KS-derived starts,CH4,pre,Precession index,ch4_gs_start,CH4 GS starts,47,356.7,-0.014551,101.1114766008628,0.5805116859894213,33.26086956521756,0.09239130434782657,False,0.5805116859894213,-2.561080967600372,,weak_or_gs_start,Weak/GS start
ch4_aicc2023_ks_calibrated,CH4 AICC2023 KS-derived starts,CH4,pre,Precession index,ch4_gs_start,CH4 GS starts,48,368.8,0.00073,105.45667191494627,4.92570700007289,282.2222222222225,0.7839506172839513,False,-1.3574783071066963,1.784114346483097,,weak_or_gs_start,Weak/GS start
ch4_aicc2023_ks_calibrated,CH4 AICC2023 KS-derived starts,CH4,pre,Precession index,ch4_gs_start,CH4 GS starts,49,370.9,-0.00333,106.27115889921028,5.740193984336898,328.8888888888884,0.913580246913579,False,-0.5429913228426886,2.5986013307471048,,weak_or_gs_start,Weak/GS start
ch4_aicc2023_ks_calibrated,CH4 AICC2023 KS-derived starts,CH4,pre,Precession index,ch4_gs_start,CH4 GS starts,50,383.6,0.001004,111.19120066076235,4.377050438709382,250.78651685393302,0.6966292134831473,False,-1.9061348684702042,1.2354577851195891,,weak_or_gs_start,Weak/GS start
ch4_aicc2023_ks_calibrated,CH4 AICC2023 KS-derived starts,CH4,pre,Precession index,ch4_gs_start,CH4 GS starts,51,395.9,0.010363,115.37912387762934,2.2817883483967876,130.7368421052626,0.36315789473684057,False,2.2817883483967876,-0.8598043051930055,,weak_or_gs_start,Weak/GS start
ch4_aicc2023_ks_calibrated,CH4 AICC2023 KS-derived starts,CH4,pre,Precession index,ch4_gs_start,CH4 GS starts,52,413.8,0.000851,121.07698086935063,1.6964600329384965,97.20000000000047,0.2700000000000013,False,1.6964600329384965,-1.4451326206512967,,weak_or_gs_start,Weak/GS start
ch4_aicc2023_ks_calibrated,CH4 AICC2023 KS-derived starts,CH4,pre,Precession index,ch4_gs_start,CH4 GS starts,53,415.6,0.008095,121.6424675469968,2.2619467105846596,129.60000000000048,0.3600000000000014,False,2.2619467105846596,-0.8796459430051335,,weak_or_gs_start,Weak/GS start
ch4_aicc2023_ks_calibrated,CH4 AICC2023 KS-derived starts,CH4,pre,Precession index,ch4_gs_start,CH4 GS starts,54,422.3,0.004983,123.79838550552279,4.417864669110649,253.12500000000017,0.7031250000000004,False,-1.865320638068937,1.2762720155208562,,weak_or_gs_start,Weak/GS start
ch4_aicc2023_ks_calibrated,CH4 AICC2023 KS-derived starts,CH4,pre,Precession index,ch4_gs_start,CH4 GS starts,55,430.2,-0.006705,126.45813187208569,0.7944257284939624,45.51724137930987,0.12643678160919408,False,0.7944257284939624,-2.3471669250958307,,weak_or_gs_start,Weak/GS start
ch4_aicc2023_ks_calibrated,CH4 AICC2023 KS-derived starts,CH4,pre,Precession index,ch4_gs_start,CH4 GS starts,56,432.6,-0.000288,127.32477812135186,1.6610719777601304,95.17241379310401,0.2643678160919556,False,1.6610719777601304,-1.4805206758296627,,weak_or_gs_start,Weak/GS start
ch4_aicc2023_ks_calibrated,CH4 AICC2023 KS-derived starts,CH4,pre,Precession index,ch4_gs_start,CH4 GS starts,57,435.0,0.005461,128.191424370618,2.52771822702627,144.82758620689654,0.4022988505747126,False,2.52771822702627,-0.6138744265635232,,weak_or_gs_start,Weak/GS start
ch4_aicc2023_ks_calibrated,CH4 AICC2023 KS-derived starts,CH4,pre,Precession index,ch4_gs_start,CH4 GS starts,58,444.7,-0.008399,131.76209188291307,6.098385739321344,349.41176470588124,0.9705882352941146,False,-0.1847995678582424,2.956793085731551,,weak_or_gs_start,Weak/GS start
ch4_aicc2023_ks_calibrated,CH4 AICC2023 KS-derived starts,CH4,pre,Precession index,ch4_gs_start,CH4 GS starts,59,449.4,0.000257,133.33580609762151,1.3889146468502034,79.57894736841985,0.22105263157894403,False,1.3889146468502034,-1.7526780067395897,,weak_or_gs_start,Weak/GS start
ch4_aicc2023_ks_calibrated,CH4 AICC2023 KS-derived starts,CH4,pre,Precession index,ch4_gs_start,CH4 GS starts,60,458.0,0.006446,136.1149450703855,4.168053619614177,238.8118811881186,0.6633663366336627,False,-2.1151316875654094,1.0264609660243842,,weak_or_gs_start,Weak/GS start
ch4_aicc2023_ks_calibrated,CH4 AICC2023 KS-derived starts,CH4,pre,Precession index,ch4_gs_start,CH4 GS starts,61,465.1,-0.021404,138.32339139122584,0.09331463327494305,5.346534653465272,0.014851485148514644,False,0.09331463327494305,-3.04827802031485,,weak_or_gs_start,Weak/GS start
ch4_aicc2023_ks_calibrated,CH4 AICC2023 KS-derived starts,CH4,pre,Precession index,ch4_gs_start,CH4 GS starts,62,490.1,-0.001646,146.0236431485871,1.5103810834566147,86.53846153846058,0.24038461538461275,False,1.5103810834566147,-1.6312115701331784,,weak_or_gs_start,Weak/GS start
ch4_aicc2023_ks_calibrated,CH4 AICC2023 KS-derived starts,CH4,pre,Precession index,ch4_gs_start,CH4 GS starts,63,492.9,0.024412,146.8694565553228,2.3561944901923297,134.99999999999915,0.3749999999999976,False,2.3561944901923297,-0.7853981633974635,,weak_or_gs_start,Weak/GS start
ch4_aicc2023_ks_calibrated,CH4 AICC2023 KS-derived starts,CH4,pre,Precession index,ch4_gs_start,CH4 GS starts,64,495.6,0.034617,147.68449238526355,3.17123032013307,181.69811320754584,0.5047169811320718,False,-3.111954987046517,0.02963766654327671,,weak_or_gs_start,Weak/GS start
ch4_aicc2023_ks_calibrated,CH4 AICC2023 KS-derived starts,CH4,pre,Precession index,ch4_gs_start,CH4 GS starts,65,502.7,-0.016469,149.78876670983786,5.275504644707375,302.26415094339546,0.8396226415094319,False,-1.0076806624722112,2.133911991117582,,weak_or_gs_start,Weak/GS start
ch4_aicc2023_ks_calibrated,CH4 AICC2023 KS-derived starts,CH4,pre,Precession index,ch4_gs_start,CH4 GS starts,66,519.2,0.017912,154.6361717266976,3.8397243543875277,220.00000000000017,0.6111111111111116,False,-2.4434609527920585,0.6981317007977347,,weak_or_gs_start,Weak/GS start
ch4_aicc2023_ks_calibrated,CH4 AICC2023 KS-derived starts,CH4,pre,Precession index,ch4_gs_start,CH4 GS starts,67,535.1,-0.004389,158.35122970594267,1.2715970264530156,72.85714285714309,0.20238095238095305,False,1.2715970264530156,-1.8699956271367775,,weak_or_gs_start,Weak/GS start
ch4_aicc2023_ks_calibrated,CH4 AICC2023 KS-derived starts,CH4,pre,Precession index,ch4_gs_start,CH4 GS starts,68,538.3,0.003175,158.9496283066264,1.8699956271367526,107.14285714285548,0.297619047619043,False,1.8699956271367526,-1.2715970264530405,,weak_or_gs_start,Weak/GS start
ch4_aicc2023_ks_calibrated,CH4 AICC2023 KS-derived starts,CH4,pre,Precession index,ch4_gs_start,CH4 GS starts,69,547.3,0.013705,160.83832389003456,3.758691210544903,215.35714285714124,0.5982142857142813,False,-2.5244940966346836,0.61709855695511,,weak_or_gs_start,Weak/GS start
ch4_aicc2023_ks_calibrated,CH4 AICC2023 KS-derived starts,CH4,pre,Precession index,ch4_gs_start,CH4 GS starts,70,568.3,0.033621,166.8157396419661,3.452921655296862,197.83783783783625,0.5495495495495452,False,-2.8302636518827247,0.3113290017070689,,weak_or_gs_start,Weak/GS start
ch4_aicc2023_ks_calibrated,CH4 AICC2023 KS-derived starts,CH4,pre,Precession index,ch4_gs_start,CH4 GS starts,71,575.6,-0.030934,168.8818321078405,5.519014121171253,316.2162162162159,0.8783783783783775,False,-0.7641711860083336,2.37742146758146,,weak_or_gs_start,Weak/GS start
ch4_aicc2023_ks_calibrated,CH4 AICC2023 KS-derived starts,CH4,pre,Precession index,ch4_gs_start,CH4 GS starts,72,580.7,-0.032376,170.3377301166576,0.6917268228087821,39.63302752293694,0.11009174311926928,False,0.6917268228087821,-2.449865830781011,,weak_or_gs_start,Weak/GS start
ch4_aicc2023_ks_calibrated,CH4 AICC2023 KS-derived starts,CH4,pre,Precession index,ch4_gs_start,CH4 GS starts,73,583.7,0.000502,171.20238864516855,1.5563853513197259,89.17431192660618,0.24770642201835052,False,1.5563853513197259,-1.5852073022700672,,weak_or_gs_start,Weak/GS start
ch4_aicc2023_ks_calibrated,CH4 AICC2023 KS-derived starts,CH4,pre,Precession index,ch4_gs_start,CH4 GS starts,74,600.4,-0.046148,176.1366522668315,0.20746366580308973,11.886792452829626,0.03301886792452674,False,0.20746366580308973,-2.9341289877867034,,weak_or_gs_start,Weak/GS start
ch4_aicc2023_ks_calibrated,CH4 AICC2023 KS-derived starts,CH4,pre,Precession index,ch4_gs_start,CH4 GS starts,75,611.1,0.041815,179.3056666866623,3.3764780856338916,193.45794392523374,0.5373831775700938,False,-2.906707221545695,0.2348854320440985,,weak_or_gs_start,Weak/GS start
ch4_aicc2023_ks_calibrated,CH4 AICC2023 KS-derived starts,CH4,pre,Precession index,ch4_gs_start,CH4 GS starts,76,625.5,-0.012136,183.4746209565253,1.2622470483173132,72.32142857142775,0.20089285714285485,False,1.2622470483173132,-1.87934560527248,,weak_or_gs_start,Weak/GS start
ch4_aicc2023_ks_calibrated,CH4 AICC2023 KS-derived starts,CH4,pre,Precession index,ch4_gs_start,CH4 GS starts,77,633.5,0.020308,185.61082633850637,3.39845243029837,194.71698113207418,0.5408805031446505,False,-2.8847328768812166,0.2568597767085769,,weak_or_gs_start,Weak/GS start
ch4_aicc2023_ks_calibrated,CH4 AICC2023 KS-derived starts,CH4,obl,Obliquity,ch4_gi_start,CH4 GI starts,1,1.0,0.411353,1.7579896714388479,1.7579896714388479,100.72538860103626,0.27979274611398963,True,1.7579896714388479,-1.3836029821509452,,strong_or_gi_start,Strong/GI start
ch4_aicc2023_ks_calibrated,CH4 AICC2023 KS-derived starts,CH4,obl,Obliquity,ch4_gi_start,CH4 GI starts,2,11.6,0.422037,3.4834239785917913,3.4834239785917913,199.58549222797927,0.5544041450777202,False,-2.7997613285877954,0.34183132500199825,,strong_or_gi_start,Strong/GI start
ch4_aicc2023_ks_calibrated,CH4 AICC2023 KS-derived starts,CH4,obl,Obliquity,ch4_gi_start,CH4 GI starts,3,24.0,0.393101,5.501856564317876,5.501856564317876,315.23316062176167,0.8756476683937824,False,-0.7813287428617104,2.360263910728083,,strong_or_gi_start,Strong/GI start
ch4_aicc2023_ks_calibrated,CH4 AICC2023 KS-derived starts,CH4,obl,Obliquity,ch4_gi_start,CH4 GI starts,4,27.7,0.387862,6.104130803607111,6.104130803607111,349.74093264248705,0.9715025906735751,False,-0.17905450357247535,2.962538150017318,,strong_or_gi_start,Strong/GI start
ch4_aicc2023_ks_calibrated,CH4 AICC2023 KS-derived starts,CH4,obl,Obliquity,ch4_gi_start,CH4 GI starts,5,29.2,0.387626,6.346973990501207,0.06378868332162035,3.6548223350253917,0.010152284263959421,False,0.06378868332162035,-3.0778039702681728,,strong_or_gi_start,Strong/GI start
ch4_aicc2023_ks_calibrated,CH4 AICC2023 KS-derived starts,CH4,obl,Obliquity,ch4_gi_start,CH4 GI starts,6,32.7,0.391548,6.905124969565383,0.6219396623857971,35.63451776649749,0.09898477157360415,False,0.6219396623857971,-2.519652991203996,,strong_or_gi_start,Strong/GI start
ch4_aicc2023_ks_calibrated,CH4 AICC2023 KS-derived starts,CH4,obl,Obliquity,ch4_gi_start,CH4 GI starts,7,34.0,0.394391,7.112438190360648,0.8292528831810619,47.51269035532994,0.13197969543147206,False,0.8292528831810619,-2.312339770408731,,strong_or_gi_start,Strong/GI start
ch4_aicc2023_ks_calibrated,CH4 AICC2023 KS-derived starts,CH4,obl,Obliquity,ch4_gi_start,CH4 GI starts,8,35.7,0.398907,7.383540094477534,1.100354787297948,63.04568527918783,0.17512690355329952,False,1.100354787297948,-2.041237866291845,,strong_or_gi_start,Strong/GI start
ch4_aicc2023_ks_calibrated,CH4 AICC2023 KS-derived starts,CH4,obl,Obliquity,ch4_gi_start,CH4 GI starts,9,38.4,0.407089,7.81411370689847,1.530928399718884,87.71573604060914,0.2436548223350254,False,1.530928399718884,-1.610664253870909,,strong_or_gi_start,Strong/GI start
ch4_aicc2023_ks_calibrated,CH4 AICC2023 KS-derived starts,CH4,obl,Obliquity,ch4_gi_start,CH4 GI starts,10,43.6,0.421233,8.643366590079532,2.360181282899946,135.22842639593907,0.3756345177664974,False,2.360181282899946,-0.7814113706898471,,strong_or_gi_start,Strong/GI start
ch4_aicc2023_ks_calibrated,CH4 AICC2023 KS-derived starts,CH4,obl,Obliquity,ch4_gi_start,CH4 GI starts,11,47.0,0.425972,9.185570398313304,2.902385091133718,166.29441624365487,0.4619289340101524,False,2.902385091133718,-0.239207562456075,,strong_or_gi_start,Strong/GI start
ch4_aicc2023_ks_calibrated,CH4 AICC2023 KS-derived starts,CH4,obl,Obliquity,ch4_gi_start,CH4 GI starts,12,54.4,0.419749,10.294984376552467,4.011799069372881,229.85915492957741,0.6384976525821595,False,-2.2713862378067056,0.8702064157830876,,strong_or_gi_start,Strong/GI start
ch4_aicc2023_ks_calibrated,CH4 AICC2023 KS-derived starts,CH4,obl,Obliquity,ch4_gi_start,CH4 GI starts,13,59.8,0.406025,11.09144448591326,4.808259178733675,275.4929577464789,0.7652582159624414,False,-1.4749261284459119,1.6666665251438815,,strong_or_gi_start,Strong/GI start
ch4_aicc2023_ks_calibrated,CH4 AICC2023 KS-derived starts,CH4,obl,Obliquity,ch4_gi_start,CH4 GI starts,14,64.5,0.394988,11.78465976628284,5.501474459103253,315.21126760563385,0.875586854460094,False,-0.7817108480763333,2.35988180551346,,strong_or_gi_start,Strong/GI start
ch4_aicc2023_ks_calibrated,CH4 AICC2023 KS-derived starts,CH4,obl,Obliquity,ch4_gi_start,CH4 GI starts,15,67.1,0.391273,12.168140559678776,5.884955252499189,337.18309859154925,0.936619718309859,False,-0.3982300546803972,2.743362598909396,,strong_or_gi_start,Strong/GI start
ch4_aicc2023_ks_calibrated,CH4 AICC2023 KS-derived starts,CH4,obl,Obliquity,ch4_gi_start,CH4 GI starts,16,75.8,0.395882,13.415449709923982,0.8490790955648091,48.64864864864866,0.13513513513513517,False,0.8490790955648091,-2.292513558024984,,strong_or_gi_start,Strong/GI start
ch4_aicc2023_ks_calibrated,CH4 AICC2023 KS-derived starts,CH4,obl,Obliquity,ch4_gi_start,CH4 GI starts,17,84.7,0.415473,14.674917035011783,2.10854642065261,120.81081081081088,0.33558558558558577,False,2.10854642065261,-1.033046232937183,,strong_or_gi_start,Strong/GI start
ch4_aicc2023_ks_calibrated,CH4 AICC2023 KS-derived starts,CH4,obl,Obliquity,ch4_gi_start,CH4 GI starts,18,103.1,0.405,17.442872643811985,4.876502029452812,279.4029850746268,0.7761194029850744,False,-1.4066832777267744,1.734909375863019,,strong_or_gi_start,Strong/GI start
ch4_aicc2023_ks_calibrated,CH4 AICC2023 KS-derived starts,CH4,obl,Obliquity,ch4_gi_start,CH4 GI starts,19,108.3,0.392988,18.25562298205412,5.689252367694948,325.9701492537313,0.9054726368159203,False,-0.5939329394846385,2.547659714105155,,strong_or_gi_start,Strong/GI start
ch4_aicc2023_ks_calibrated,CH4 AICC2023 KS-derived starts,CH4,obl,Obliquity,ch4_gi_start,CH4 GI starts,20,120.7,0.40484,20.294352542975776,1.4447966214370176,82.78074866310163,0.22994652406417118,False,1.4447966214370176,-1.6967960321527755,,strong_or_gi_start,Strong/GI start
ch4_aicc2023_ks_calibrated,CH4 AICC2023 KS-derived starts,CH4,obl,Obliquity,ch4_gi_start,CH4 GI starts,21,123.3,0.41217,20.731151521549755,1.8815956000109963,107.80748663101589,0.2994652406417108,False,1.8815956000109963,-1.2599970535787968,,strong_or_gi_start,Strong/GI start
ch4_aicc2023_ks_calibrated,CH4 AICC2023 KS-derived starts,CH4,obl,Obliquity,ch4_gi_start,CH4 GI starts,22,129.6,0.423365,21.78954904655594,2.939993125017182,168.44919786096233,0.4679144385026731,False,2.939993125017182,-0.20159952857261132,,strong_or_gi_start,Strong/GI start
ch4_aicc2023_ks_calibrated,CH4 AICC2023 KS-derived starts,CH4,obl,Obliquity,ch4_gi_start,CH4 GI starts,23,145.5,0.394901,24.474020188449515,5.624464266910756,322.2580645161289,0.8951612903225803,False,-0.6587210402688303,2.482871613320963,,strong_or_gi_start,Strong/GI start
ch4_aicc2023_ks_calibrated,CH4 AICC2023 KS-derived starts,CH4,obl,Obliquity,ch4_gi_start,CH4 GI starts,24,153.7,0.395476,25.81846957442576,0.6857283457074139,39.289340101522676,0.109137055837563,False,0.6857283457074139,-2.455864307882379,,strong_or_gi_start,Strong/GI start
ch4_aicc2023_ks_calibrated,CH4 AICC2023 KS-derived starts,CH4,obl,Obliquity,ch4_gi_start,CH4 GI starts,25,160.7,0.410868,26.934771532554112,1.8020303038357675,103.24873096446687,0.28680203045685243,False,1.8020303038357675,-1.3395623497540257,,strong_or_gi_start,Strong/GI start
ch4_aicc2023_ks_calibrated,CH4 AICC2023 KS-derived starts,CH4,obl,Obliquity,ch4_gi_start,CH4 GI starts,26,165.1,0.418556,27.636447049091935,2.5037058203735896,143.45177664974608,0.3984771573604058,False,2.5037058203735896,-0.6378868332162035,,strong_or_gi_start,Strong/GI start
ch4_aicc2023_ks_calibrated,CH4 AICC2023 KS-derived starts,CH4,obl,Obliquity,ch4_gi_start,CH4 GI starts,27,169.6,0.42098,28.345410639176684,3.2126694104583393,184.0723981900452,0.51131221719457,False,-3.0705158967212474,0.0710767568685462,,strong_or_gi_start,Strong/GI start
ch4_aicc2023_ks_calibrated,CH4 AICC2023 KS-derived starts,CH4,obl,Obliquity,ch4_gi_start,CH4 GI starts,28,173.9,0.417752,28.956670748246193,3.823929519527848,219.0950226244344,0.6085972850678734,False,-2.4592557876517387,0.6823368659380549,,strong_or_gi_start,Strong/GI start
ch4_aicc2023_ks_calibrated,CH4 AICC2023 KS-derived starts,CH4,obl,Obliquity,ch4_gi_start,CH4 GI starts,29,180.3,0.406264,29.8664532361636,4.733712007445256,271.22171945701365,0.7533936651583714,False,-1.5494732997343308,1.5921193538554625,,strong_or_gi_start,Strong/GI start
ch4_aicc2023_ks_calibrated,CH4 AICC2023 KS-derived starts,CH4,obl,Obliquity,ch4_gi_start,CH4 GI starts,30,187.2,0.394185,30.84731248094955,5.714571252231206,327.42081447963795,0.9095022624434387,False,-0.5686140549483805,2.572978598641413,,strong_or_gi_start,Strong/GI start
ch4_aicc2023_ks_calibrated,CH4 AICC2023 KS-derived starts,CH4,obl,Obliquity,ch4_gi_start,CH4 GI starts,31,195.3,0.394442,32.02637818896515,0.6104516530672157,34.976303317535816,0.09715639810426616,False,0.6104516530672157,-2.5311410005225774,,strong_or_gi_start,Strong/GI start
ch4_aicc2023_ks_calibrated,CH4 AICC2023 KS-derived starts,CH4,obl,Obliquity,ch4_gi_start,CH4 GI starts,32,203.7,0.413321,33.27705962451747,1.861133088619539,106.635071090047,0.29620853080568615,False,1.861133088619539,-1.2804595649702541,,strong_or_gi_start,Strong/GI start
ch4_aicc2023_ks_calibrated,CH4 AICC2023 KS-derived starts,CH4,obl,Obliquity,ch4_gi_start,CH4 GI starts,33,207.9,0.422764,33.90240034229364,2.4864738063957077,142.46445497630302,0.39573459715639725,False,2.4864738063957077,-0.6551188471940854,,strong_or_gi_start,Strong/GI start
ch4_aicc2023_ks_calibrated,CH4 AICC2023 KS-derived starts,CH4,obl,Obliquity,ch4_gi_start,CH4 GI starts,34,217.0,0.421904,35.30703621851676,3.8911096826188256,222.94416243654797,0.6192893401015221,False,-2.392075624560761,0.7495170290290325,,strong_or_gi_start,Strong/GI start
ch4_aicc2023_ks_calibrated,CH4 AICC2023 KS-derived starts,CH4,obl,Obliquity,ch4_gi_start,CH4 GI starts,35,221.7,0.408804,36.05655324754579,4.640626711647862,265.88832487309617,0.7385786802030448,False,-1.6425585955317248,1.4990340580580686,,strong_or_gi_start,Strong/GI start
ch4_aicc2023_ks_calibrated,CH4 AICC2023 KS-derived starts,CH4,obl,Obliquity,ch4_gi_start,CH4 GI starts,36,225.0,0.397918,36.582809884949164,5.166883349051233,296.0406091370558,0.8223350253807106,False,-1.1163019581283538,2.0252906954614396,,strong_or_gi_start,Strong/GI start
ch4_aicc2023_ks_calibrated,CH4 AICC2023 KS-derived starts,CH4,obl,Obliquity,ch4_gi_start,CH4 GI starts,37,228.4,0.388952,37.125013693182936,5.709087157285005,327.10659898477155,0.9086294416243655,False,-0.5740981498945817,2.5674945036952117,,strong_or_gi_start,Strong/GI start
ch4_aicc2023_ks_calibrated,CH4 AICC2023 KS-derived starts,CH4,obl,Obliquity,ch4_gi_start,CH4 GI starts,38,234.8,0.387611,38.1502123266699,0.4511004835923842,25.846153846154056,0.07179487179487237,False,0.4511004835923842,-2.690492169997409,,strong_or_gi_start,Strong/GI start
ch4_aicc2023_ks_calibrated,CH4 AICC2023 KS-derived starts,CH4,obl,Obliquity,ch4_gi_start,CH4 GI starts,39,243.0,0.411,39.4712923143333,1.7721804712557798,101.53846153846149,0.2820512820512819,False,1.7721804712557798,-1.3694121823340133,,strong_or_gi_start,Strong/GI start
ch4_aicc2023_ks_calibrated,CH4 AICC2023 KS-derived starts,CH4,obl,Obliquity,ch4_gi_start,CH4 GI starts,40,255.8,0.422194,41.49967271181054,3.8005608687330223,217.75609756097586,0.6048780487804885,False,-2.4826244384465643,0.6589682151432292,,strong_or_gi_start,Strong/GI start
ch4_aicc2023_ks_calibrated,CH4 AICC2023 KS-derived starts,CH4,obl,Obliquity,ch4_gi_start,CH4 GI starts,41,258.7,0.416242,41.9440931359769,4.244981292899382,243.21951219512212,0.6756097560975615,False,-2.0382040142802045,1.103388639309589,,strong_or_gi_start,Strong/GI start
ch4_aicc2023_ks_calibrated,CH4 AICC2023 KS-derived starts,CH4,obl,Obliquity,ch4_gi_start,CH4 GI starts,42,265.7,0.399667,43.01683209086122,5.317720247783704,304.68292682926864,0.846341463414635,False,-0.9654650593958822,2.176127594193911,,strong_or_gi_start,Strong/GI start
ch4_aicc2023_ks_calibrated,CH4 AICC2023 KS-derived starts,CH4,obl,Obliquity,ch4_gi_start,CH4 GI starts,43,273.1,0.39356,44.1393767829366,0.15707963267949765,9.000000000000458,0.02500000000000127,False,0.15707963267949765,-2.9845130209102955,,strong_or_gi_start,Strong/GI start
ch4_aicc2023_ks_calibrated,CH4 AICC2023 KS-derived starts,CH4,obl,Obliquity,ch4_gi_start,CH4 GI starts,44,280.4,0.401963,45.181814345264115,1.1995171950070116,68.7272727272727,0.19090909090909086,False,1.1995171950070116,-1.9420754585827815,,strong_or_gi_start,Strong/GI start
ch4_aicc2023_ks_calibrated,CH4 AICC2023 KS-derived starts,CH4,obl,Obliquity,ch4_gi_start,CH4 GI starts,45,282.9,0.406378,45.538813510444776,1.556516360187672,89.18181818181827,0.247727272727273,False,1.556516360187672,-1.5850762934021212,,strong_or_gi_start,Strong/GI start
ch4_aicc2023_ks_calibrated,CH4 AICC2023 KS-derived starts,CH4,obl,Obliquity,ch4_gi_start,CH4 GI starts,46,285.9,0.411451,45.96721250866156,1.9849153584044572,113.72727272727255,0.3159090909090904,False,1.9849153584044572,-1.156677295185336,,strong_or_gi_start,Strong/GI start
ch4_aicc2023_ks_calibrated,CH4 AICC2023 KS-derived starts,CH4,obl,Obliquity,ch4_gi_start,CH4 GI starts,47,289.0,0.415641,46.40989147348558,2.427594323228476,139.09090909090907,0.3863636363636363,False,2.427594323228476,-0.7139983303613171,,strong_or_gi_start,Strong/GI start
ch4_aicc2023_ks_calibrated,CH4 AICC2023 KS-derived starts,CH4,obl,Obliquity,ch4_gi_start,CH4 GI starts,48,291.5,0.417784,46.76689063866623,2.7845934884091292,159.54545454545422,0.4431818181818173,False,2.7845934884091292,-0.3569991651806639,,strong_or_gi_start,Strong/GI start
ch4_aicc2023_ks_calibrated,CH4 AICC2023 KS-derived starts,CH4,obl,Obliquity,ch4_gi_start,CH4 GI starts,49,305.9,0.403257,49.00253063689808,5.020233486640976,287.63819095477385,0.7989949748743718,False,-1.2629518205386108,1.8786408330511826,,strong_or_gi_start,Strong/GI start
ch4_aicc2023_ks_calibrated,CH4 AICC2023 KS-derived starts,CH4,obl,Obliquity,ch4_gi_start,CH4 GI starts,50,307.7,0.399876,49.286694796519264,5.30439764626216,303.9195979899496,0.8442211055276376,False,-0.9787876609174264,2.162804992672367,,strong_or_gi_start,Strong/GI start
ch4_aicc2023_ks_calibrated,CH4 AICC2023 KS-derived starts,CH4,obl,Obliquity,ch4_gi_start,CH4 GI starts,51,309.7,0.396691,49.60243275165392,5.620135601396818,322.0100502512564,0.8944723618090455,False,-0.6630497057827686,2.478542947807025,,strong_or_gi_start,Strong/GI start
ch4_aicc2023_ks_calibrated,CH4 AICC2023 KS-derived starts,CH4,obl,Obliquity,ch4_gi_start,CH4 GI starts,52,317.1,0.395647,50.800221632515814,0.5347391750791246,30.63829787234105,0.08510638297872514,False,0.5347391750791246,-2.6068534785106685,,strong_or_gi_start,Strong/GI start
ch4_aicc2023_ks_calibrated,CH4 AICC2023 KS-derived starts,CH4,obl,Obliquity,ch4_gi_start,CH4 GI starts,53,327.4,0.417771,52.5214133523017,2.25593089486501,129.2553191489361,0.3590425531914892,False,2.25593089486501,-0.8856617587247834,,strong_or_gi_start,Strong/GI start
ch4_aicc2023_ks_calibrated,CH4 AICC2023 KS-derived starts,CH4,obl,Obliquity,ch4_gi_start,CH4 GI starts,54,334.5,0.422595,53.70469967820868,3.4392172207719867,197.0526315789475,0.547368421052632,False,-2.8439680864075996,0.29762456718219354,,strong_or_gi_start,Strong/GI start
ch4_aicc2023_ks_calibrated,CH4 AICC2023 KS-derived starts,CH4,obl,Obliquity,ch4_gi_start,CH4 GI starts,55,351.2,0.389325,56.46599427373234,6.200511816295652,355.2631578947373,0.9868421052631591,False,-0.0826734908839344,3.058919162705859,,strong_or_gi_start,Strong/GI start
ch4_aicc2023_ks_calibrated,CH4 AICC2023 KS-derived starts,CH4,obl,Obliquity,ch4_gi_start,CH4 GI starts,56,360.3,0.403561,57.87958879027501,1.330921025658732,76.25615763546809,0.2118226600985225,False,1.330921025658732,-1.810671627931061,,strong_or_gi_start,Strong/GI start
ch4_aicc2023_ks_calibrated,CH4 AICC2023 KS-derived starts,CH4,obl,Obliquity,ch4_gi_start,CH4 GI starts,57,363.9,0.41302,58.4367185219461,1.8880507573298217,108.17733990147757,0.30049261083743767,False,1.8880507573298217,-1.2535418962599714,,strong_or_gi_start,Strong/GI start
ch4_aicc2023_ks_calibrated,CH4 AICC2023 KS-derived starts,CH4,obl,Obliquity,ch4_gi_start,CH4 GI starts,58,367.3,0.420055,58.96289660185769,2.414228837241417,138.32512315270935,0.3842364532019704,False,2.414228837241417,-0.727363816348376,,strong_or_gi_start,Strong/GI start
ch4_aicc2023_ks_calibrated,CH4 AICC2023 KS-derived starts,CH4,obl,Obliquity,ch4_gi_start,CH4 GI starts,59,371.8,0.423881,59.659308766446564,3.110641001830288,178.2266009852217,0.4950738916256158,False,3.110641001830288,-0.030951651759504987,,strong_or_gi_start,Strong/GI start
ch4_aicc2023_ks_calibrated,CH4 AICC2023 KS-derived starts,CH4,obl,Obliquity,ch4_gi_start,CH4 GI starts,60,377.1,0.419728,60.40553374558589,3.8568659809696157,220.98214285714306,0.6138392857142863,False,-2.426319326209971,0.7152733273798226,,strong_or_gi_start,Strong/GI start
ch4_aicc2023_ks_calibrated,CH4 AICC2023 KS-derived starts,CH4,obl,Obliquity,ch4_gi_start,CH4 GI starts,61,385.8,0.401777,61.62570589229264,5.077038127676367,290.89285714285745,0.8080357142857151,False,-1.2061471795032193,1.935445474086574,,strong_or_gi_start,Strong/GI start
ch4_aicc2023_ks_calibrated,CH4 AICC2023 KS-derived starts,CH4,obl,Obliquity,ch4_gi_start,CH4 GI starts,62,389.9,0.394553,62.200729547637195,5.652061783020919,323.8392857142855,0.8995535714285708,False,-0.6311235241586675,2.510469129431126,,strong_or_gi_start,Strong/GI start
ch4_aicc2023_ks_calibrated,CH4 AICC2023 KS-derived starts,CH4,obl,Obliquity,ch4_gi_start,CH4 GI starts,63,393.7,0.391563,62.733678301371185,6.185010536754909,354.3750000000002,0.9843750000000007,False,-0.0981747704246774,3.043417883165116,,strong_or_gi_start,Strong/GI start
ch4_aicc2023_ks_calibrated,CH4 AICC2023 KS-derived starts,CH4,obl,Obliquity,ch4_gi_start,CH4 GI starts,64,398.9,0.394626,63.486351541293736,0.6544984694978737,37.50000000000001,0.10416666666666669,False,0.6544984694978737,-2.4870941840919194,,strong_or_gi_start,Strong/GI start
ch4_aicc2023_ks_calibrated,CH4 AICC2023 KS-derived starts,CH4,obl,Obliquity,ch4_gi_start,CH4 GI starts,65,401.4,0.398778,63.84996180212589,1.0181087303300274,58.333333333333435,0.1620370370370373,False,1.0181087303300274,-2.1234839232597658,,strong_or_gi_start,Strong/GI start
ch4_aicc2023_ks_calibrated,CH4 AICC2023 KS-derived starts,CH4,obl,Obliquity,ch4_gi_start,CH4 GI starts,66,403.5,0.40319,64.1553944212249,1.3235413494290356,75.83333333333347,0.21064814814814853,False,1.3235413494290356,-1.8180513041607576,,strong_or_gi_start,Strong/GI start
ch4_aicc2023_ks_calibrated,CH4 AICC2023 KS-derived starts,CH4,obl,Obliquity,ch4_gi_start,CH4 GI starts,67,407.0,0.411247,64.66444878638991,1.8325957145940492,105.00000000000018,0.2916666666666672,False,1.8325957145940492,-1.3089969389957439,,strong_or_gi_start,Strong/GI start
ch4_aicc2023_ks_calibrated,CH4 AICC2023 KS-derived starts,CH4,obl,Obliquity,ch4_gi_start,CH4 GI starts,68,408.7,0.414945,64.91170376375577,2.079850691959905,119.16666666666642,0.3310185185185178,False,2.079850691959905,-1.0617419616298882,,strong_or_gi_start,Strong/GI start
ch4_aicc2023_ks_calibrated,CH4 AICC2023 KS-derived starts,CH4,obl,Obliquity,ch4_gi_start,CH4 GI starts,69,410.3,0.418019,65.14441433068835,2.3125612588924866,132.5,0.3680555555555556,False,2.3125612588924866,-0.8290313946973065,,strong_or_gi_start,Strong/GI start
ch4_aicc2023_ks_calibrated,CH4 AICC2023 KS-derived starts,CH4,obl,Obliquity,ch4_gi_start,CH4 GI starts,70,413.1,0.42195,65.55165782282036,2.7198047510244976,155.83333333333337,0.4328703703703705,False,2.7198047510244976,-0.4217879025652955,,strong_or_gi_start,Strong/GI start
ch4_aicc2023_ks_calibrated,CH4 AICC2023 KS-derived starts,CH4,obl,Obliquity,ch4_gi_start,CH4 GI starts,71,429.2,0.400125,68.05731622927436,5.225463157478501,299.39698492462315,0.8316582914572865,False,-1.0577221497010856,2.0838705038887078,,strong_or_gi_start,Strong/GI start
ch4_aicc2023_ks_calibrated,CH4 AICC2023 KS-derived starts,CH4,obl,Obliquity,ch4_gi_start,CH4 GI starts,72,439.1,0.393776,69.64694824624992,0.5319098672744715,30.476190476191004,0.08465608465608612,False,0.5319098672744715,-2.6096827863153216,,strong_or_gi_start,Strong/GI start
ch4_aicc2023_ks_calibrated,CH4 AICC2023 KS-derived starts,CH4,obl,Obliquity,ch4_gi_start,CH4 GI starts,73,443.3,0.401652,70.34507994704765,1.2300415680722026,70.47619047619096,0.19576719576719712,False,1.2300415680722026,-1.9115510855175906,,strong_or_gi_start,Strong/GI start
ch4_aicc2023_ks_calibrated,CH4 AICC2023 KS-derived starts,CH4,obl,Obliquity,ch4_gi_start,CH4 GI starts,74,451.2,0.417521,71.65823243188147,2.543194052906024,145.71428571428578,0.40476190476190493,False,2.543194052906024,-0.5983986006837689,,strong_or_gi_start,Strong/GI start
ch4_aicc2023_ks_calibrated,CH4 AICC2023 KS-derived starts,CH4,obl,Obliquity,ch4_gi_start,CH4 GI starts,75,459.3,0.416462,72.99679684100262,3.8817584620271717,222.40837696335038,0.6178010471204177,False,-2.401426845152415,0.7401658084373786,,strong_or_gi_start,Strong/GI start
ch4_aicc2023_ks_calibrated,CH4 AICC2023 KS-derived starts,CH4,obl,Obliquity,ch4_gi_start,CH4 GI starts,76,467.7,0.402025,74.37843968341907,5.263401304443626,301.5706806282719,0.837696335078533,False,-1.0197840027359606,2.1218086508538327,,strong_or_gi_start,Strong/GI start
ch4_aicc2023_ks_calibrated,CH4 AICC2023 KS-derived starts,CH4,obl,Obliquity,ch4_gi_start,CH4 GI starts,77,471.6,0.397709,75.01991671739816,5.904878338422712,338.3246073298436,0.9397905759162323,False,-0.37830696875687436,2.763285684832919,,strong_or_gi_start,Strong/GI start
ch4_aicc2023_ks_calibrated,CH4 AICC2023 KS-derived starts,CH4,obl,Obliquity,ch4_gi_start,CH4 GI starts,78,475.5,0.397361,75.64223088255036,0.24400719639533008,13.980582524272208,0.03883495145631169,False,0.2440071963953301,-2.897585457194463,,strong_or_gi_start,Strong/GI start
ch4_aicc2023_ks_calibrated,CH4 AICC2023 KS-derived starts,CH4,obl,Obliquity,ch4_gi_start,CH4 GI starts,79,483.1,0.405862,76.80126506542815,1.4030413792731196,80.38834951456357,0.2233009708737877,False,1.4030413792731196,-1.7385512743166736,,strong_or_gi_start,Strong/GI start
ch4_aicc2023_ks_calibrated,CH4 AICC2023 KS-derived starts,CH4,obl,Obliquity,ch4_gi_start,CH4 GI starts,80,501.0,0.412672,79.49403840742397,4.095814721268937,234.67289719626174,0.6518691588785048,False,-2.18737058591065,0.9542220676791439,,strong_or_gi_start,Strong/GI start
ch4_aicc2023_ks_calibrated,CH4 AICC2023 KS-derived starts,CH4,obl,Obliquity,ch4_gi_start,CH4 GI starts,81,504.2,0.40819,79.96380927151218,4.565585585357141,261.58878504672964,0.7266355140186934,False,-1.7175997218224455,1.4239929317673479,,strong_or_gi_start,Strong/GI start
ch4_aicc2023_ks_calibrated,CH4 AICC2023 KS-derived starts,CH4,obl,Obliquity,ch4_gi_start,CH4 GI starts,82,506.6,0.40431,80.31613741957833,4.9179137334232905,281.77570093458036,0.7827102803738344,False,-1.365271573756296,1.7763210798334974,,strong_or_gi_start,Strong/GI start
ch4_aicc2023_ks_calibrated,CH4 AICC2023 KS-derived starts,CH4,obl,Obliquity,ch4_gi_start,CH4 GI starts,83,509.0,0.400475,80.66846556764446,5.270241881489426,301.9626168224303,0.838785046728973,False,-1.0129434256901606,2.1286492278996327,,strong_or_gi_start,Strong/GI start
ch4_aicc2023_ks_calibrated,CH4 AICC2023 KS-derived starts,CH4,obl,Obliquity,ch4_gi_start,CH4 GI starts,84,518.3,0.39535,82.05100812905107,0.36959913571644876,21.17647058823544,0.05882352941176511,False,0.3695991357164487,-2.7719935178733444,,strong_or_gi_start,Strong/GI start
ch4_aicc2023_ks_calibrated,CH4 AICC2023 KS-derived starts,CH4,obl,Obliquity,ch4_gi_start,CH4 GI starts,85,521.5,0.399117,82.54380697667301,0.8623979833383899,49.41176470588323,0.13725490196078674,False,0.8623979833383899,-2.279194670251403,,strong_or_gi_start,Strong/GI start
ch4_aicc2023_ks_calibrated,CH4 AICC2023 KS-derived starts,CH4,obl,Obliquity,ch4_gi_start,CH4 GI starts,86,526.1,0.408223,83.25220532012953,1.5707963267949125,90.00000000000091,0.25000000000000255,False,1.5707963267949125,-1.5707963267948806,,strong_or_gi_start,Strong/GI start
ch4_aicc2023_ks_calibrated,CH4 AICC2023 KS-derived starts,CH4,obl,Obliquity,ch4_gi_start,CH4 GI starts,87,533.4,0.421389,84.37640269126706,2.694993697932439,154.41176470588343,0.42892156862745395,False,2.694993697932439,-0.44659895565735397,,strong_or_gi_start,Strong/GI start
ch4_aicc2023_ks_calibrated,CH4 AICC2023 KS-derived starts,CH4,obl,Obliquity,ch4_gi_start,CH4 GI starts,88,539.4,0.421103,85.30512725217831,3.623718258843688,207.62376237623852,0.5767326732673292,False,-2.6594670483358986,0.4821256052538949,,strong_or_gi_start,Strong/GI start
ch4_aicc2023_ks_calibrated,CH4 AICC2023 KS-derived starts,CH4,obl,Obliquity,ch4_gi_start,CH4 GI starts,89,543.1,0.415074,85.88056749070714,4.199158497372515,240.59405940594172,0.6683168316831715,False,-2.0840268098070713,1.0575658437827222,,strong_or_gi_start,Strong/GI start
ch4_aicc2023_ks_calibrated,CH4 AICC2023 KS-derived starts,CH4,obl,Obliquity,ch4_gi_start,CH4 GI starts,90,549.9,0.399121,86.93813333448982,5.2567243411551985,301.18811881188117,0.8366336633663366,False,-1.026460966024388,2.1151316875654054,,strong_or_gi_start,Strong/GI start
ch4_aicc2023_ks_calibrated,CH4 AICC2023 KS-derived starts,CH4,obl,Obliquity,ch4_gi_start,CH4 GI starts,91,554.5,0.392234,87.65354552293105,5.972136529596433,342.17821782178186,0.9504950495049497,False,-0.3110487775831532,2.83054387600664,,strong_or_gi_start,Strong/GI start
ch4_aicc2023_ks_calibrated,CH4 AICC2023 KS-derived starts,CH4,obl,Obliquity,ch4_gi_start,CH4 GI starts,92,559.4,0.393019,88.39434046539205,0.4297461648778409,24.622641509433496,0.06839622641509303,False,0.4297461648778409,-2.711846488711952,,strong_or_gi_start,Strong/GI start
ch4_aicc2023_ks_calibrated,CH4 AICC2023 KS-derived starts,CH4,obl,Obliquity,ch4_gi_start,CH4 GI starts,93,563.3,0.399004,88.9722749629864,1.0076806624721968,57.73584905660372,0.1603773584905659,False,1.0076806624721968,-2.1339119911175963,,strong_or_gi_start,Strong/GI start
ch4_aicc2023_ks_calibrated,CH4 AICC2023 KS-derived starts,CH4,obl,Obliquity,ch4_gi_start,CH4 GI starts,94,570.7,0.413861,90.06886862508851,2.1042743245743054,120.56603773584963,0.3349056603773601,False,2.1042743245743054,-1.0373183290154877,,strong_or_gi_start,Strong/GI start
ch4_aicc2023_ks_calibrated,CH4 AICC2023 KS-derived starts,CH4,obl,Obliquity,ch4_gi_start,CH4 GI starts,95,581.8,0.417994,91.68378919086265,3.7191948903484473,213.09417040358701,0.591928251121075,False,-2.5639904168311394,0.5776022367586542,,strong_or_gi_start,Strong/GI start
ch4_aicc2023_ks_calibrated,CH4 AICC2023 KS-derived starts,CH4,obl,Obliquity,ch4_gi_start,CH4 GI starts,96,597.1,0.397332,93.8392316841328,5.874637383618591,336.5919282511216,0.9349775784753378,False,-0.4085479235609955,2.733044730028798,,strong_or_gi_start,Strong/GI start
ch4_aicc2023_ks_calibrated,CH4 AICC2023 KS-derived starts,CH4,obl,Obliquity,ch4_gi_start,CH4 GI starts,97,602.3,0.396932,94.60197877942205,0.3541991717282613,20.294117647058844,0.05637254901960789,False,0.3541991717282613,-2.787393481861532,,strong_or_gi_start,Strong/GI start
ch4_aicc2023_ks_calibrated,CH4 AICC2023 KS-derived starts,CH4,obl,Obliquity,ch4_gi_start,CH4 GI starts,98,606.0,0.400269,95.17177744698492,0.9239978392911254,52.9411764705888,0.14705882352941332,False,0.9239978392911254,-2.2175948142986677,,strong_or_gi_start,Strong/GI start
ch4_aicc2023_ks_calibrated,CH4 AICC2023 KS-derived starts,CH4,obl,Obliquity,ch4_gi_start,CH4 GI starts,99,616.3,0.414663,96.75797373776798,2.51019413007419,143.82352941176427,0.39950980392156743,False,2.51019413007419,-0.6313985235156032,,strong_or_gi_start,Strong/GI start
ch4_aicc2023_ks_calibrated,CH4 AICC2023 KS-derived starts,CH4,obl,Obliquity,ch4_gi_start,CH4 GI starts,100,628.7,0.409512,98.76901347952673,4.521233871832941,259.04761904761966,0.7195767195767213,False,-1.7619514353466459,1.3796412182431474,,strong_or_gi_start,Strong/GI start
ch4_aicc2023_ks_calibrated,CH4 AICC2023 KS-derived starts,CH4,obl,Obliquity,ch4_gs_start,CH4 GS starts,1,8.5,0.422776,2.97881583216027,2.97881583216027,170.67357512953367,0.4740932642487046,True,2.97881583216027,-0.1627768214295231,,weak_or_gs_start,Weak/GS start
ch4_aicc2023_ks_calibrated,CH4 AICC2023 KS-derived starts,CH4,obl,Obliquity,ch4_gs_start,CH4 GS starts,2,12.8,0.420712,3.678756164307219,3.678756164307219,210.77720207253887,0.5854922279792746,False,-2.604429142872368,0.5371635107174257,,weak_or_gs_start,Weak/GS start
ch4_aicc2023_ks_calibrated,CH4 AICC2023 KS-derived starts,CH4,obl,Obliquity,ch4_gs_start,CH4 GS starts,3,34.8,0.39642,7.240015557003888,0.9568302498243018,54.82233502538067,0.15228426395939074,False,0.9568302498243018,-2.1847624037654914,,weak_or_gs_start,Weak/GS start
ch4_aicc2023_ks_calibrated,CH4 AICC2023 KS-derived starts,CH4,obl,Obliquity,ch4_gs_start,CH4 GS starts,4,44.5,0.422935,8.786891127553178,2.5037058203735914,143.4517766497462,0.39847715736040606,False,2.5037058203735914,-0.6378868332162018,,weak_or_gs_start,Weak/GS start
ch4_aicc2023_ks_calibrated,CH4 AICC2023 KS-derived starts,CH4,obl,Obliquity,ch4_gs_start,CH4 GS starts,5,56.9,0.41378,10.663715908663946,4.3805306014843595,250.98591549295776,0.6971830985915493,False,-1.902654705695227,1.2389379478945663,,weak_or_gs_start,Weak/GS start
ch4_aicc2023_ks_calibrated,CH4 AICC2023 KS-derived starts,CH4,obl,Obliquity,ch4_gs_start,CH4 GS starts,6,58.9,0.408448,10.958701134353127,4.675515827173541,267.8873239436619,0.7441314553990609,False,-1.6076694800060454,1.533923173583748,,weak_or_gs_start,Weak/GS start
ch4_aicc2023_ks_calibrated,CH4 AICC2023 KS-derived starts,CH4,obl,Obliquity,ch4_gs_start,CH4 GS starts,7,70.9,0.390144,12.722035115212721,0.15566450085354866,8.918918918918939,0.02477477477477483,False,0.1556645008535487,-2.9859281527362445,,weak_or_gs_start,Weak/GS start
ch4_aicc2023_ks_calibrated,CH4 AICC2023 KS-derived starts,CH4,obl,Obliquity,ch4_gs_start,CH4 GS starts,8,73.4,0.392192,13.075818071698059,0.5094474573388865,29.189189189189253,0.08108108108108127,False,0.5094474573388865,-2.6321451962509066,,weak_or_gs_start,Weak/GS start
ch4_aicc2023_ks_calibrated,CH4 AICC2023 KS-derived starts,CH4,obl,Obliquity,ch4_gs_start,CH4 GS starts,9,88.8,0.421914,15.255121083647733,2.6887504692885607,154.054054054054,0.4279279279279278,False,2.6887504692885607,-0.45284218430123246,,weak_or_gs_start,Weak/GS start
ch4_aicc2023_ks_calibrated,CH4 AICC2023 KS-derived starts,CH4,obl,Obliquity,ch4_gs_start,CH4 GS starts,10,93.1,0.4234,15.879891224115571,3.3135206097563987,189.8507462686567,0.527363184079602,False,-2.969664697423188,0.1719279561666056,,weak_or_gs_start,Weak/GS start
ch4_aicc2023_ks_calibrated,CH4 AICC2023 KS-derived starts,CH4,obl,Obliquity,ch4_gs_start,CH4 GS starts,11,100.2,0.41254,16.989608032100026,4.423237417740854,253.43283582089558,0.7039800995024876,False,-1.8599478894387327,1.2816447641510607,,weak_or_gs_start,Weak/GS start
ch4_aicc2023_ks_calibrated,CH4 AICC2023 KS-derived starts,CH4,obl,Obliquity,ch4_gs_start,CH4 GS starts,12,110.2,0.39056,18.55258945179644,5.986218837437267,342.98507462686564,0.9527363184079601,False,-0.29696646974231933,2.844626183847474,,weak_or_gs_start,Weak/GS start
ch4_aicc2023_ks_calibrated,CH4 AICC2023 KS-derived starts,CH4,obl,Obliquity,ch4_gs_start,CH4 GS starts,13,116.6,0.394464,19.605554153686036,0.7559982321472773,43.31550802139043,0.12032085561497341,False,0.7559982321472773,-2.3855944214425158,,weak_or_gs_start,Weak/GS start
ch4_aicc2023_ks_calibrated,CH4 AICC2023 KS-derived starts,CH4,obl,Obliquity,ch4_gs_start,CH4 GS starts,14,133.6,0.421913,22.4640765014754,3.6145205799366416,207.09677419354827,0.5752688172043008,False,-2.668664727242945,0.47292792634684844,,weak_or_gs_start,Weak/GS start
ch4_aicc2023_ks_calibrated,CH4 AICC2023 KS-derived starts,CH4,obl,Obliquity,ch4_gs_start,CH4 GS starts,15,136.7,0.416318,22.9876752770737,4.13811935553494,237.09677419354824,0.6586021505376339,False,-2.145065951644647,0.9965267019451467,,weak_or_gs_start,Weak/GS start
ch4_aicc2023_ks_calibrated,CH4 AICC2023 KS-derived starts,CH4,obl,Obliquity,ch4_gs_start,CH4 GS starts,16,138.2,0.41265,23.24102952333094,4.391473601792182,251.61290322580632,0.6989247311827954,False,-1.8917117053874046,1.2498809482023887,,weak_or_gs_start,Weak/GS start
ch4_aicc2023_ks_calibrated,CH4 AICC2023 KS-derived starts,CH4,obl,Obliquity,ch4_gs_start,CH4 GS starts,17,140.0,0.40785,23.545054618839632,4.695498697300874,269.03225806451616,0.7473118279569892,False,-1.5876866098787128,1.5539060437110805,,weak_or_gs_start,Weak/GS start
ch4_aicc2023_ks_calibrated,CH4 AICC2023 KS-derived starts,CH4,obl,Obliquity,ch4_gs_start,CH4 GS starts,18,148.6,0.391726,24.997618964047813,6.1480630425090546,352.25806451612885,0.9784946236559136,False,-0.13512226467053193,3.0064703889192614,,weak_or_gs_start,Weak/GS start
ch4_aicc2023_ks_calibrated,CH4 AICC2023 KS-derived starts,CH4,obl,Obliquity,ch4_gs_start,CH4 GS starts,19,151.9,0.392964,25.53142049947847,0.39867927076012677,22.84263959390867,0.06345177664974631,False,0.39867927076012677,-2.7429133828296663,,weak_or_gs_start,Weak/GS start
ch4_aicc2023_ks_calibrated,CH4 AICC2023 KS-derived starts,CH4,obl,Obliquity,ch4_gs_start,CH4 GS starts,20,172.0,0.419794,28.686579072145715,3.5538378434273703,203.6199095022626,0.5656108597285072,False,-2.7293474637522164,0.4122451898375772,,weak_or_gs_start,Weak/GS start
ch4_aicc2023_ks_calibrated,CH4 AICC2023 KS-derived starts,CH4,obl,Obliquity,ch4_gs_start,CH4 GS starts,21,184.3,0.398491,30.43506729111198,5.302326062393636,303.80090497737575,0.8438914027149327,False,-0.9808592447859505,2.160733408803843,,weak_or_gs_start,Weak/GS start
ch4_aicc2023_ks_calibrated,CH4 AICC2023 KS-derived starts,CH4,obl,Obliquity,ch4_gs_start,CH4 GS starts,22,189.3,0.392288,31.145834859797453,6.0130936310791085,344.5248868778282,0.9570135746606339,False,-0.2700916761004779,2.8715009774893154,,weak_or_gs_start,Weak/GS start
ch4_aicc2023_ks_calibrated,CH4 AICC2023 KS-derived starts,CH4,obl,Obliquity,ch4_gs_start,CH4 GS starts,23,193.5,0.392542,31.75837502420393,0.3424484883059975,19.620853080568782,0.05450236966824662,False,0.3424484883059975,-2.7991441652837956,,weak_or_gs_start,Weak/GS start
ch4_aicc2023_ks_calibrated,CH4 AICC2023 KS-derived starts,CH4,obl,Obliquity,ch4_gs_start,CH4 GS starts,24,202.8,0.410967,33.14305804213687,1.7271315062389405,98.95734597156411,0.27488151658767807,False,1.7271315062389405,-1.4144611473508526,,weak_or_gs_start,Weak/GS start
ch4_aicc2023_ks_calibrated,CH4 AICC2023 KS-derived starts,CH4,obl,Obliquity,ch4_gs_start,CH4 GS starts,25,211.1,0.426508,34.37885041298024,2.9629238770823108,169.7630331753551,0.47156398104265307,False,2.9629238770823108,-0.17866877650748234,,weak_or_gs_start,Weak/GS start
ch4_aicc2023_ks_calibrated,CH4 AICC2023 KS-derived starts,CH4,obl,Obliquity,ch4_gs_start,CH4 GS starts,26,215.3,0.424812,35.035934314399874,3.620007778501943,207.41116751269027,0.5761421319796952,False,-2.6631775286776436,0.47841512491215,,weak_or_gs_start,Weak/GS start
ch4_aicc2023_ks_calibrated,CH4 AICC2023 KS-derived starts,CH4,obl,Obliquity,ch4_gs_start,CH4 GS starts,27,223.7,0.402133,36.37549666415389,4.959570128255962,284.162436548223,0.7893401015228416,False,-1.3236151789236248,1.8179774746661685,,weak_or_gs_start,Weak/GS start
ch4_aicc2023_ks_calibrated,CH4 AICC2023 KS-derived starts,CH4,obl,Obliquity,ch4_gs_start,CH4 GS starts,28,231.0,0.385583,37.539640134773464,6.123713598875533,350.86294416243635,0.974619289340101,False,-0.1594717083040538,2.9821209452857396,,weak_or_gs_start,Weak/GS start
ch4_aicc2023_ks_calibrated,CH4 AICC2023 KS-derived starts,CH4,obl,Obliquity,ch4_gs_start,CH4 GS starts,29,240.7,0.4035,39.10074548852527,1.4016336454477525,80.30769230769224,0.22307692307692287,False,1.4016336454477525,-1.7399590081420406,,weak_or_gs_start,Weak/GS start
ch4_aicc2023_ks_calibrated,CH4 AICC2023 KS-derived starts,CH4,obl,Obliquity,ch4_gs_start,CH4 GS starts,30,243.9,0.413751,39.61628889834514,1.9171770552676222,109.84615384615412,0.3051282051282059,False,1.9171770552676222,-1.224415598322171,,weak_or_gs_start,Weak/GS start
ch4_aicc2023_ks_calibrated,CH4 AICC2023 KS-derived starts,CH4,obl,Obliquity,ch4_gs_start,CH4 GS starts,31,247.9,0.423115,40.260718160619966,2.5616063175424486,146.7692307692309,0.407692307692308,False,2.5616063175424486,-0.5799863360473445,,weak_or_gs_start,Weak/GS start
ch4_aicc2023_ks_calibrated,CH4 AICC2023 KS-derived starts,CH4,obl,Obliquity,ch4_gs_start,CH4 GS starts,32,251.5,0.426002,40.840704496667314,3.1415926535897967,180.0000000000002,0.5000000000000006,False,-3.14159265358979,3.552713678800501e-15,,weak_or_gs_start,Weak/GS start
ch4_aicc2023_ks_calibrated,CH4 AICC2023 KS-derived starts,CH4,obl,Obliquity,ch4_gs_start,CH4 GS starts,33,254.9,0.423568,41.36174913189684,3.662637288819326,209.85365853658573,0.5829268292682936,False,-2.6205480183602607,0.5210446352295328,,weak_or_gs_start,Weak/GS start
ch4_aicc2023_ks_calibrated,CH4 AICC2023 KS-derived starts,CH4,obl,Obliquity,ch4_gs_start,CH4 GS starts,34,264.1,0.403007,42.77163461545909,5.072522772381575,290.6341463414638,0.8073170731707328,False,-1.2106625347980116,1.9309301187917818,,weak_or_gs_start,Weak/GS start
ch4_aicc2023_ks_calibrated,CH4 AICC2023 KS-derived starts,CH4,obl,Obliquity,ch4_gs_start,CH4 GS starts,35,267.7,0.396381,43.323328935113885,5.624217092036368,322.24390243902474,0.8951219512195132,False,-0.6589682151432188,2.4826244384465745,,weak_or_gs_start,Weak/GS start
ch4_aicc2023_ks_calibrated,CH4 AICC2023 KS-derived starts,CH4,obl,Obliquity,ch4_gs_start,CH4 GS starts,36,278.1,0.398265,44.853375113297915,0.8710779630408112,49.90909090909119,0.13863636363636442,False,0.8710779630408112,-2.270514690548982,,weak_or_gs_start,Weak/GS start
ch4_aicc2023_ks_calibrated,CH4 AICC2023 KS-derived starts,CH4,obl,Obliquity,ch4_gs_start,CH4 GS starts,37,289.8,0.416463,46.52413120634339,2.5418340560862873,145.63636363636365,0.4045454545454546,False,2.5418340560862873,-0.5997585975035059,,weak_or_gs_start,Weak/GS start
ch4_aicc2023_ks_calibrated,CH4 AICC2023 KS-derived starts,CH4,obl,Obliquity,ch4_gs_start,CH4 GS starts,38,295.9,0.418075,47.42384086122481,3.441543710967707,197.18592964824086,0.5477386934673357,False,-2.841641596211879,0.29995105737791405,,weak_or_gs_start,Weak/GS start
ch4_aicc2023_ks_calibrated,CH4 AICC2023 KS-derived starts,CH4,obl,Obliquity,ch4_gs_start,CH4 GS starts,39,299.1,0.415246,47.92902158944026,3.946724439183157,226.13065326633165,0.6281407035175879,False,-2.3364608679964296,0.805131785593364,,weak_or_gs_start,Weak/GS start
ch4_aicc2023_ks_calibrated,CH4 AICC2023 KS-derived starts,CH4,obl,Obliquity,ch4_gs_start,CH4 GS starts,40,304.2,0.40661,48.73415337503362,4.7518562247765175,272.2613065326631,0.7562814070351753,False,-1.531329082403069,1.6102635711867244,,weak_or_gs_start,Weak/GS start
ch4_aicc2023_ks_calibrated,CH4 AICC2023 KS-derived starts,CH4,obl,Obliquity,ch4_gs_start,CH4 GS starts,41,314.9,0.393832,50.43258844964891,0.1671059922122211,9.574468085106272,0.02659574468085076,False,0.16710599221222108,-2.974486661377572,,weak_or_gs_start,Weak/GS start
ch4_aicc2023_ks_calibrated,CH4 AICC2023 KS-derived starts,CH4,obl,Obliquity,ch4_gs_start,CH4 GS starts,42,316.2,0.394685,50.649826239524806,0.38434378208811637,22.021276595744876,0.061170212765957986,False,0.38434378208811637,-2.7572488715016767,,weak_or_gs_start,Weak/GS start
ch4_aicc2023_ks_calibrated,CH4 AICC2023 KS-derived starts,CH4,obl,Obliquity,ch4_gs_start,CH4 GS starts,43,318.8,0.39823,51.08430181927659,0.8188193618398998,46.91489361702167,0.1303191489361713,False,0.8188193618398998,-2.3227732917498933,,weak_or_gs_start,Weak/GS start
ch4_aicc2023_ks_calibrated,CH4 AICC2023 KS-derived starts,CH4,obl,Obliquity,ch4_gs_start,CH4 GS starts,44,340.2,0.412178,54.64717747428562,4.38169501684893,251.05263157894782,0.6973684210526329,False,-1.9014902903306565,1.2401023632591368,,weak_or_gs_start,Weak/GS start
ch4_aicc2023_ks_calibrated,CH4 AICC2023 KS-derived starts,CH4,obl,Obliquity,ch4_gs_start,CH4 GS starts,45,347.2,0.393949,55.804606346660805,5.539123889224115,317.3684210526319,0.881578947368422,False,-0.7440614179554716,2.3975312356343217,,weak_or_gs_start,Weak/GS start
ch4_aicc2023_ks_calibrated,CH4 AICC2023 KS-derived starts,CH4,obl,Obliquity,ch4_gs_start,CH4 GS starts,46,353.2,0.389792,56.780805152812576,0.2321373881962998,13.300492610837994,0.03694581280788331,False,0.2321373881962998,-2.9094552653934933,,weak_or_gs_start,Weak/GS start
ch4_aicc2023_ks_calibrated,CH4 AICC2023 KS-derived starts,CH4,obl,Obliquity,ch4_gs_start,CH4 GS starts,47,356.7,0.394789,57.32245905860391,0.7737912939876352,44.33497536945821,0.12315270935960615,False,0.7737912939876352,-2.367801359602158,,weak_or_gs_start,Weak/GS start
ch4_aicc2023_ks_calibrated,CH4 AICC2023 KS-derived starts,CH4,obl,Obliquity,ch4_gs_start,CH4 GS starts,48,368.8,0.422108,59.195033990053986,2.64636622543771,151.62561576354693,0.4211822660098526,False,2.64636622543771,-0.4952264281520833,,weak_or_gs_start,Weak/GS start
ch4_aicc2023_ks_calibrated,CH4 AICC2023 KS-derived starts,CH4,obl,Obliquity,ch4_gs_start,CH4 GS starts,49,370.9,0.423684,59.52002633352878,2.971358568912507,170.2463054187188,0.4729064039408856,False,2.971358568912507,-0.1702340846772863,,weak_or_gs_start,Weak/GS start
ch4_aicc2023_ks_calibrated,CH4 AICC2023 KS-derived starts,CH4,obl,Obliquity,ch4_gs_start,CH4 GS starts,50,383.6,0.406601,61.31715661381507,4.768488849198796,273.2142857142859,0.758928571428572,False,-1.5146964579807902,1.6268961956090031,,weak_or_gs_start,Weak/GS start
ch4_aicc2023_ks_calibrated,CH4 AICC2023 KS-derived starts,CH4,obl,Obliquity,ch4_gs_start,CH4 GS starts,51,395.9,0.391849,63.050019228295156,0.2181661564992936,12.500000000000139,0.034722222222222605,False,0.2181661564992936,-2.9234264970904995,,weak_or_gs_start,Weak/GS start
ch4_aicc2023_ks_calibrated,CH4 AICC2023 KS-derived starts,CH4,obl,Obliquity,ch4_gs_start,CH4 GS starts,52,413.8,0.422576,65.65346869585336,2.8216156240575003,161.6666666666667,0.44907407407407424,False,2.8216156240575003,-0.3199770295322928,,weak_or_gs_start,Weak/GS start
ch4_aicc2023_ks_calibrated,CH4 AICC2023 KS-derived starts,CH4,obl,Obliquity,ch4_gs_start,CH4 GS starts,53,415.6,0.423436,65.91526808365252,3.0834150118566583,176.66666666666723,0.49074074074074225,False,3.0834150118566583,-0.05817764173313478,,weak_or_gs_start,Weak/GS start
ch4_aicc2023_ks_calibrated,CH4 AICC2023 KS-derived starts,CH4,obl,Obliquity,ch4_gs_start,CH4 GS starts,54,422.3,0.416715,66.96802028405982,4.136167212263956,236.984924623116,0.6582914572864333,False,-2.1470180949156306,0.994574558674163,,weak_or_gs_start,Weak/GS start
ch4_aicc2023_ks_calibrated,CH4 AICC2023 KS-derived starts,CH4,obl,Obliquity,ch4_gs_start,CH4 GS starts,55,430.2,0.397948,68.2151852068417,5.383332135045833,308.4422110552768,0.856783919597991,False,-0.8998531721337532,2.2417394814560403,,weak_or_gs_start,Weak/GS start
ch4_aicc2023_ks_calibrated,CH4 AICC2023 KS-derived starts,CH4,obl,Obliquity,ch4_gs_start,CH4 GS starts,56,432.6,0.393821,68.59407075300328,5.762217681207417,330.15075376884465,0.9170854271356796,False,-0.5209676259721692,2.620625027617624,,weak_or_gs_start,Weak/GS start
ch4_aicc2023_ks_calibrated,CH4 AICC2023 KS-derived starts,CH4,obl,Obliquity,ch4_gs_start,CH4 GS starts,57,435.0,0.39176,68.97295629916486,6.141103227369001,351.85929648241256,0.9773869346733682,False,-0.1420820798105853,2.999510573779208,,weak_or_gs_start,Weak/GS start
ch4_aicc2023_ks_calibrated,CH4 AICC2023 KS-derived starts,CH4,obl,Obliquity,ch4_gs_start,CH4 GS starts,58,444.7,0.404903,70.57779051398022,1.46275213500477,83.80952380952374,0.2328042328042326,False,1.46275213500477,-1.678840518585023,,weak_or_gs_start,Weak/GS start
ch4_aicc2023_ks_calibrated,CH4 AICC2023 KS-derived starts,CH4,obl,Obliquity,ch4_gs_start,CH4 GS starts,59,449.4,0.414891,71.35903313153958,2.2439947525641273,128.57142857142796,0.35714285714285543,False,2.2439947525641273,-0.8975979010256658,,weak_or_gs_start,Weak/GS start
ch4_aicc2023_ks_calibrated,CH4 AICC2023 KS-derived starts,CH4,obl,Obliquity,ch4_gs_start,CH4 GS starts,60,458.0,0.417999,72.7829711630096,3.667932784034157,210.15706806282728,0.5837696335078535,False,-2.6152525231454296,0.526340130444364,,weak_or_gs_start,Weak/GS start
ch4_aicc2023_ks_calibrated,CH4 AICC2023 KS-derived starts,CH4,obl,Obliquity,ch4_gs_start,CH4 GS starts,61,465.1,0.406454,73.95078832743305,4.835749948457597,277.0680628272257,0.7696335078534047,False,-1.4474353587219897,1.6941572948678036,,weak_or_gs_start,Weak/GS start
ch4_aicc2023_ks_calibrated,CH4 AICC2023 KS-derived starts,CH4,obl,Obliquity,ch4_gs_start,CH4 GS starts,62,490.1,0.414791,77.86879654965769,2.470572863502653,141.55339805825244,0.3932038834951457,False,2.470572863502653,-0.6710197900871399,,weak_or_gs_start,Weak/GS start
ch4_aicc2023_ks_calibrated,CH4 AICC2023 KS-derived starts,CH4,obl,Obliquity,ch4_gs_start,CH4 GS starts,63,492.9,0.416493,78.2958091433495,2.8975854571944666,166.019417475728,0.4611650485436889,False,2.8975854571944666,-0.24400719639532653,,weak_or_gs_start,Weak/GS start
ch4_aicc2023_ks_calibrated,CH4 AICC2023 KS-derived starts,CH4,obl,Obliquity,ch4_gs_start,CH4 GS starts,64,495.6,0.416658,78.70130007427515,3.303076388120118,189.2523364485986,0.5257009345794407,False,-2.9801089190594685,0.16148373453032505,,weak_or_gs_start,Weak/GS start
ch4_aicc2023_ks_calibrated,CH4 AICC2023 KS-derived starts,CH4,obl,Obliquity,ch4_gs_start,CH4 GS starts,65,502.7,0.410434,79.74360417897083,4.345380492815792,248.97196261682262,0.6915887850467295,False,-1.9378048143637943,1.203787839225999,,weak_or_gs_start,Weak/GS start
ch4_aicc2023_ks_calibrated,CH4 AICC2023 KS-derived starts,CH4,obl,Obliquity,ch4_gs_start,CH4 GS starts,66,519.2,0.396124,82.18960780494476,0.5081988116101357,29.117647058824794,0.08088235294117999,False,0.5081988116101357,-2.6333938419796574,,weak_or_gs_start,Weak/GS start
ch4_aicc2023_ks_calibrated,CH4 AICC2023 KS-derived starts,CH4,obl,Obliquity,ch4_gs_start,CH4 GS starts,67,535.1,0.42258,84.63820207906622,2.956793085731597,169.4117647058839,0.47058823529412197,False,2.956793085731597,-0.18479956785819596,,weak_or_gs_start,Weak/GS start
ch4_aicc2023_ks_calibrated,CH4 AICC2023 KS-derived starts,CH4,obl,Obliquity,ch4_gs_start,CH4 GS starts,68,538.3,0.422095,85.13405042450758,3.4526414311729567,197.82178217821874,0.549504950495052,False,-2.83054387600663,0.3110487775831636,,weak_or_gs_start,Weak/GS start
ch4_aicc2023_ks_calibrated,CH4 AICC2023 KS-derived starts,CH4,obl,Obliquity,ch4_gs_start,CH4 GS starts,69,547.3,0.405159,86.53376992363172,4.8523609302971025,278.0198019801978,0.7722772277227716,False,-1.430824376882484,1.7107682767073094,,weak_or_gs_start,Weak/GS start
ch4_aicc2023_ks_calibrated,CH4 AICC2023 KS-derived starts,CH4,obl,Obliquity,ch4_gs_start,CH4 GS starts,70,568.3,0.409403,89.7132166265689,1.7486223260546865,100.18867924528246,0.27830188679245127,False,1.7486223260546865,-1.3929703275351066,,weak_or_gs_start,Weak/GS start
ch4_aicc2023_ks_calibrated,CH4 AICC2023 KS-derived starts,CH4,obl,Obliquity,ch4_gs_start,CH4 GS starts,71,575.6,0.419413,90.79499145539936,2.830397154885148,162.16981132075495,0.4504716981132082,False,2.830397154885148,-0.31119549870464525,,weak_or_gs_start,Weak/GS start
ch4_aicc2023_ks_calibrated,CH4 AICC2023 KS-derived starts,CH4,obl,Obliquity,ch4_gs_start,CH4 GS starts,72,580.7,0.4189,91.52882273709815,3.564228436583946,204.2152466367719,0.567264573991033,False,-2.718956870595641,0.4226357829941527,,weak_or_gs_start,Weak/GS start
ch4_aicc2023_ks_calibrated,CH4 AICC2023 KS-derived starts,CH4,obl,Obliquity,ch4_gs_start,CH4 GS starts,73,583.7,0.415894,91.95145852009229,3.986864219578081,228.43049327354274,0.6345291479820632,False,-2.296321087601506,0.8452715659882877,,weak_or_gs_start,Weak/GS start
ch4_aicc2023_ks_calibrated,CH4 AICC2023 KS-derived starts,CH4,obl,Obliquity,ch4_gs_start,CH4 GS starts,74,600.4,0.396342,94.30937946364654,0.061599855952742644,3.529411764705974,0.009803921568627706,False,0.061599855952742644,-3.0799927976370505,,weak_or_gs_start,Weak/GS start
ch4_aicc2023_ks_calibrated,CH4 AICC2023 KS-derived starts,CH4,obl,Obliquity,ch4_gs_start,CH4 GS starts,75,611.1,0.407756,95.95717561038236,1.709396002688571,97.94117647058864,0.2720588235294129,False,1.709396002688571,-1.432196650901222,,weak_or_gs_start,Weak/GS start
ch4_aicc2023_ks_calibrated,CH4 AICC2023 KS-derived starts,CH4,obl,Obliquity,ch4_gs_start,CH4 GS starts,76,625.5,0.413683,98.23710361225227,3.989324004558476,228.57142857142907,0.6349206349206363,False,-2.2938613026211105,0.847731350968683,,weak_or_gs_start,Weak/GS start
ch4_aicc2023_ks_calibrated,CH4 AICC2023 KS-derived starts,CH4,obl,Obliquity,ch4_gs_start,CH4 GS starts,77,633.5,0.402652,99.56687828043842,5.319098672744623,304.76190476190476,0.8465608465608465,False,-0.9640866344349635,2.17750601915483,,weak_or_gs_start,Weak/GS start
