age_ka,d18o_raw,d18o_precession_band,d18o_highfreq_lt1kyr,d18o_precession_plus_highfreq
0.0,-9.66,0.4236572006522934,-0.00031078399071357565,-8.288286933162858
0.019998000000000002,-9.58,0.42342793904275783,0.043419856109148114,-8.244785554672532
0.038247500000000004,-9.5,0.423218722633956,0.083326962644923,-8.205087664545559
0.056497,-9.33,0.4230095062251542,0.12323406918069785,-8.165389774418587
0.1587645,-9.35,0.42161173006533686,0.12746230451629956,-8.162559315242802
0.39101600000000003,-9.61,0.4169739755173001,0.12518448872950896,-8.16947488557763
0.40317899999999995,-8.98,0.41668208879048213,0.14356059238521604,-8.151390668648741
0.415342,-9.22,0.416355611430698,0.11528223854398936,-8.17999549984975
0.42750499999999997,-9.25,0.4160291340709138,0.08700388470276282,-8.208600331050762
0.439668,-9.13,0.4157026567111296,0.05872553086153617,-8.237205162251772
0.45183100000000004,-9.22,0.41537617935134546,0.0304471770203095,-8.265809993452784
0.463994,-9.06,0.41504970199156127,0.0021688231790829627,-8.294414824653794
0.476157,-9.34,0.4147232246317771,-0.026109530662143575,-8.323019655854806
0.48832,-9.12,0.41439674727199294,-0.05438788450337011,-8.351624487055815
0.500483,-9.32,0.414068411292988,-0.08276244706789473,-8.380327385599346
0.5126459999999999,-9.17,0.41369512982226797,-0.11346354770306048,-8.411401767705232
0.524809,-9.18,0.413321848351548,-0.1441646483382265,-8.442476149811117
0.536972,-9.35,0.412948566880828,-0.17486574897339252,-8.473550531917004
0.549135,-9.19,0.412575285410108,-0.20556684960855853,-8.50462491402289
0.561298,-9.639999999999999,0.412202003939388,-0.23626795024372427,-8.535699296128774
0.573461,-9.5,0.411828722468668,-0.2669690508788903,-8.56677367823466
0.585624,-9.53,0.411455440997948,-0.2976701515140563,-8.597848060340548
0.60995,-9.5,0.4106706479101491,-0.2922948699247976,-8.593257571839088
0.634276,-9.57,0.40983061898475664,-0.19043787038684873,-8.49224060122653
0.646439,-9.39,0.40941060452206046,-0.13950937061787405,-8.441732115920253
0.658602,-9.639999999999999,0.4089905900593642,-0.08858087084889937,-8.391223630613974
0.670765,-9.28,0.40857057559666804,-0.03765237107992516,-8.340715145307696
0.682928,-9.38,0.4081505611339718,0.013276128689049519,-8.290206660001418
0.695091,-8.73,0.40773054667127556,0.06420462845802419,-8.239698174695139
0.707254,-9.540000000000001,0.40728272985273717,0.10794796392917409,-8.196402656042528
0.73158,-9.2,0.4063494668346763,0.18570980125194755,-8.119574081737815
0.792395,-8.66,0.40401630928952414,0.3801143945588814,-7.927502645976033
0.85321,-9.13,0.40147991803027905,0.15274048157077624,-8.157412950223383
0.914,-9.21,0.39886229887746083,-0.06413364868606261,-8.376904699633041
0.9585,-9.37,0.39681588471475443,-0.0500093344809895,-8.364826799590674
1.0029985000000001,-9.16,0.3947581995127496,-0.042748807408793575,-8.359623957720482
1.023784,-9.05,0.39372373152165074,-0.0837277216810213,-8.40163733998381
1.0445695000000002,-8.81,0.3926892635305519,-0.12470663595324945,-8.443650722247137
1.065355,-9.06,0.39165479553945304,-0.16568555022547718,-8.485664104510462
1.0861405,-9.16,0.39062032754835413,-0.2066644644977049,-8.52767748677379
1.1069259999999999,-9.51,0.38955983472019456,-0.2193326036558636,-8.541406118760108
1.1277115,-9.33,0.3884472640362389,-0.1753485355236007,-8.498534621311801
1.148497,-9.21,0.38733469335228327,-0.13136446739133778,-8.455663123863493
1.1692825,-9.34,0.38622212266832767,-0.08738039925907536,-8.412791626415187
1.190068,-9.08,0.385109551984372,-0.04339633112681293,-8.369920128966879
1.2108535,-9.34,0.3839565030017233,0.006943356017953678,-8.320733490804761
1.231639,-9.23,0.38276641246910265,0.0630990479567665,-8.26576788939857
1.2524245,-9.0,0.38157632193648205,0.11925473989557994,-8.210802287992376
1.27321,-9.33,0.3803862314038614,0.17541043183439275,-8.155836686586184
1.2940055,-8.91,0.37919556831319184,0.23159314053582336,-8.100844640975424
1.327642,-9.14,0.3771674693130043,0.15143734046898463,-8.18302854004245
1.3612784999999998,-9.37,0.3751172039523652,0.03419146975464819,-8.302324676117426
1.394915,-9.31,0.373066938591726,-0.08305440095968902,-8.421620812192401
1.4285515,-9.290000000000001,0.37091210705487127,-0.05718369434244872,-8.397904937112017
1.49427,-9.14,0.36666564317909284,0.04316205164847908,-8.301805654996866
1.581565,-9.290000000000001,0.360729459064761,-0.06115255138478125,-8.412056442144458
1.66886,-9.2,0.35452595516154134,0.01983857474509319,-8.337268819917805
1.756155,-8.88,0.3480579785702747,0.019173097298973936,-8.34440227395519
1.84345,-9.38,0.34132855329511613,-0.05660414076623104,-8.426908937295552
2.070417,-8.53,0.32261261103736233,-0.0028046898728413838,-8.391825428659917
2.088024,-9.21,0.3211046960570663,-0.057696271932031744,-8.448224925699403
2.1076149999999996,-8.96,0.31940163508643965,-0.08460846546860157,-8.476840180206601
2.127206,-8.95,0.3176588945891473,-0.057790320388515684,-8.451764775623808
2.146797,-8.790000000000001,0.31591615409185503,-0.030972175308431025,-8.426689371041014
2.166388,-8.88,0.31417341359456274,-0.004154030228345757,-8.401613966458221
2.1859789999999997,-8.74,0.31243067309727046,0.022664114851738904,-8.37653856187543
2.2055700000000003,-8.94,0.31066983406551835,0.01651367329452652,-8.384449842464393
2.225161,-9.35,0.3088634367659637,-0.07262645466152724,-8.475396367720002
2.244752,-9.21,0.30705703946640894,-0.16176658261758303,-8.566342892975612
2.2643429999999998,-9.0,0.3052506421668542,-0.2509067105736368,-8.65728941823122
2.2839340000000004,-9.36,0.30344424486729943,-0.3400468385296946,-8.748235943486835
2.303525,-9.31,0.30162663130101064,-0.39613291409762585,-8.806139632621054
2.323116,-9.26,0.2997578970137715,-0.30156752706483864,-8.713442979875506
2.342707,-9.26,0.2978891627265323,-0.20700214003205364,-8.620746327129961
2.3622979999999996,-9.16,0.2960204284392932,-0.11243675299926861,-8.528049674384414
2.381889,-9.2,0.294151694152054,-0.017871365966479293,-8.435353021638864
2.40148,-8.81,0.2922783552922172,0.07870724213752008,-8.340647752394702
2.421071,-8.6,0.2903486695308155,0.19992196295825457,-8.221362717335369
2.4406619999999997,-9.709999999999999,0.28841898376941383,0.3211366837789863,-8.102077682276038
2.4602530000000002,-8.36,0.2864892980080121,0.44235140459972355,-7.982792647216703
2.479844,-8.35,0.2845596122466104,0.5635661254204553,-7.863507612157373
2.499435,-8.24,0.2826299264852087,0.6847808462411897,-7.74422257709804
2.627072,-9.39,0.26959179217070617,-0.14255087753963924,-8.584592435193372
2.652768,-9.09,0.2669066715086415,-0.11124335007430117,-8.5559700283901
2.678464,-9.27,0.26422155084657684,-0.07993582260896309,-8.527347621586825
2.70416,-9.02,0.26152445164609583,-0.055727550230717654,-8.505836448409061
2.7298560000000003,-8.48,0.2587653404736597,-0.06827157534180867,-8.521139584692587
2.7555520000000002,-8.3,0.2560062293012236,-0.08081560045289946,-8.536442720976115
2.781248,-8.96,0.25324711812878753,-0.09335962556399026,-8.551745857259641
2.83264,-9.43,0.2476376381472234,-0.21670763004531882,-8.680703341722534
2.89688,-9.51,0.24056025266156544,-0.4414567694654338,-8.912529866628306
2.9611199999999998,-8.99,0.23331727744658248,-0.16206984891825363,-8.64038592129611
3.02536,-9.01,0.22599941517863623,0.08943270120101393,-8.396201233444788
3.0896,-8.72,0.2185797011484894,0.25873062863878216,-8.234323020037166
3.15384,-8.83,0.21102392692647687,0.16876510707010278,-8.331844315827858
3.21763,-9.040000000000001,0.20345211082442566,0.09002762155878874,-8.418153617441224
3.3304074999999997,-8.88,0.1897961090234749,0.2049464547362797,-8.316890786064684
3.443185,-9.05,0.17585145812754055,0.01269082307562264,-8.523091068621275
3.5559625,-10.19,0.1616322446857438,-0.4165441347259466,-8.966545239864642
3.63122,-9.87,0.15199971457563446,-0.2850973042433022,-8.844730939492107
3.6492025,-9.7,0.14967676349577758,-0.14671222815806553,-8.708668814486726
3.667185,-9.34,0.1473538124159207,-0.008327152072828843,-8.572606689481347
3.6851675,-9.45,0.1450308613360638,0.13005792401240784,-8.436544564475968
3.70315,-9.33,0.14270187689924269,0.23583107169429485,-8.333100401230901
3.7211325,-9.4,0.14034448301252564,0.18804344856896674,-8.383245418242947
3.739115,-9.62,0.1379870891258086,0.1402558254436386,-8.433390435254992
3.7570975,-9.889999999999999,0.13562969523909157,0.09246820231831046,-8.483535452267036
3.77508,-9.68,0.13327230135237453,0.04468057919298233,-8.533680469279082
3.7930625,-9.68,0.13091490746565748,-0.0031070439323458046,-8.583825486291126
3.811045,-9.76,0.12853757994558343,0.008030549663427288,-8.575065220215427
3.8290275,-10.08,0.12614773186585215,0.05617979477596104,-8.529305823182625
3.84701,-9.639999999999999,0.12375788378612085,0.10432903988849478,-8.483546426149823
3.8649925,-9.6,0.12136803570638956,0.15247828500102853,-8.43778702911702
3.882975,-10.06,0.11897818762665825,0.20062753011356227,-8.392027632084218
3.9009575,-9.48,0.11658671949057356,0.24410393782046053,-8.350942692513405
3.91894,-9.65,0.11416644565274828,0.2044941242940122,-8.39297277987768
3.9369225,-9.75,0.11174617181492301,0.16488431076756388,-8.435002867241952
3.954905,-9.85,0.10932589797709773,0.12527449724111556,-8.477032954606225
3.9728874999999997,-9.76,0.10690562413927251,0.08566468371466823,-8.519063041970497
3.9908699999999997,-9.799999999999999,0.10448535030144725,0.04605487018821992,-8.561093129334772
4.0088525,-9.75,0.10205111563192075,0.031887333668192304,-8.577694900524325
4.0304315,-9.81,0.09911275587292631,0.04637407147447412,-8.566146522477037
4.1177945,-9.709999999999999,0.08719076726501368,0.034362276952885115,-8.59008030560654
4.126345000000001,-9.74,0.08601398177894978,0.006148647962619025,-8.61947072008287
4.1348955,-9.98,0.08483719629288615,-0.022064981027641206,-8.648861134559194
4.143446,-9.879999999999999,0.08366041080682238,-0.05027861001790437,-8.67825154903552
4.1520005,-9.3,0.08248307481003482,-0.0785054375949112,-8.707655712609315
4.175479,-9.55,0.07925178330257349,-0.1559761923166111,-8.788357758838476
4.198957500000001,-10.07,0.07602049179511215,-0.23344694703831104,-8.869059805067637
4.222436,-10.01,0.07275910719393865,-0.2349301080932272,-8.873804350723727
4.2459145,-9.52,0.06949632430206293,-0.23288246747237276,-8.875019492994749
4.272913,-9.78,0.06574437064632217,-0.2305278355622362,-8.876416814740352
4.3052815,-10.11,0.06123970677877295,-0.22123773856453932,-8.871631381610205
4.33765,-10.219999999999999,0.05670197918516076,-0.1787799578177884,-8.833711328457067
4.3700185000000005,-10.19,0.052164251591548444,-0.1363221770710363,-8.795791275303927
4.402387,-9.9,0.04762390230682849,-0.07931732171072353,-8.743326769228334
4.4347555000000005,-10.09,0.043050623725104785,0.16040354434358775,-8.508179181755747
4.467124,-10.1,0.038477345143381206,0.4001244103978925,-8.273031594283164
4.499492500000001,-9.17,0.03390406656165751,0.6398452764522038,-8.037884006810577
4.531861,-10.08,0.029299742266448176,0.3777734807215253,-8.304560126836465
4.564229500000001,-10.06,0.024694923457582715,0.10770884811015155,-8.579229578256705
4.596598,-10.1,0.02009010464871738,-0.16235578450121474,-8.853899029676937
4.629035,-9.47,0.015450889157413538,-0.11486110836957304,-8.811043569036597
4.67979,-9.58,0.00818727095126505,0.017780242183571073,-8.685665836689603
4.730545,-10.129999999999999,0.0009015899327076396,0.011122174711128216,-8.699609585180603
4.7813,-10.1,-0.006398688873991129,-0.08770290007174755,-8.805734938770177
4.832055,-9.9,-0.013718019271666214,-0.1567083749134876,-8.882059744009592
4.88281,-10.27,-0.021048463840336477,-0.20831792029338753,-8.940999733958163
4.933565,-9.95,-0.02839452484032398,-0.14356151203460282,-8.883589386699366
4.984319999999999,-10.03,-0.03574858364917022,-0.019209371821429497,-8.766591305295039
5.009697500000001,-9.9,-0.03942886347538654,0.029775740651419795,-8.721286472648405
5.035075,-10.03,-0.04311439894622383,0.057432241038982486,-8.69731550773168
5.0604525,-9.78,-0.04679993441706125,0.08508874142654614,-8.673344542814954
5.08583,-9.719999999999999,-0.05048546988789854,0.11274524181410883,-8.649373577898228
5.111207500000001,-10.0,-0.054173294248106456,0.1139882395734918,-8.651818404499053
5.136585,-9.65,-0.05786401252420779,0.0818358028255118,-8.687661559523134
5.1619625,-9.42,-0.06155473080030911,0.04968336607753177,-8.723504714547216
5.17734,-9.37,-0.06379112210326454,0.030200592120597863,-8.745223879807105
5.19019725,-10.07,-0.06566098665081271,0.013910889928578684,-8.763383446546673
5.2030545,-10.04,-0.06753107272021965,0.006711079803478255,-8.77245334274118
5.21591175,-9.48,-0.06940186971560433,0.028683291108724068,-8.752351928431318
5.228769000000001,-10.09,-0.07127266671098915,0.0506555024139714,-8.732250514121455
5.24162625,-10.25,-0.07314346370637384,0.07262771371921721,-8.712149099811596
5.2544835,-10.0,-0.07501426070175854,0.09459992502446302,-8.692047685501734
5.267340750000001,-9.98,-0.07688505769714335,0.11657213632971035,-8.671946271191871
5.280198,-10.17,-0.07875585469252805,0.13854434763495616,-8.65184485688201
5.29305525,-9.75,-0.08062665168791273,0.16051655894020198,-8.631743442572148
5.305912500000001,-10.09,-0.08249709505531481,0.15626445823208085,-8.637865986647672
5.31876975,-9.95,-0.08436712305562447,0.12120960219968198,-8.674790870680381
5.331627,-10.049999999999999,-0.08623715105593412,0.08615474616728314,-8.711715754713088
5.344484250000001,-10.1,-0.08810717905624389,0.05109989013488186,-8.7486406387458
5.3573415,-10.19,-0.08997720705655354,0.016045034102483004,-8.785565522778509
5.370198749999999,-10.06,-0.09184723505686307,-0.019009821929913427,-8.822490406811214
5.382984,-10.25,-0.09370679098763846,-0.053868372404414534,-8.85920851321649
5.3894605,-10.15,-0.09464876818680665,-0.07152632998428803,-8.877808447995532
5.395937,-10.26,-0.09559074538597485,-0.08918428756416151,-8.896408382774574
5.4050041,-10.299999999999999,-0.09690854944241345,-0.10288762928756182,-8.911429528554413
5.4140712,-10.16,-0.09822557077608493,-0.10764524313108922,-8.917504163731612
5.4205477,-10.12,-0.09916630030013594,-0.1110435387336086,-8.921843188858183
5.4270242,-10.33,-0.10010702982418695,-0.11444183433612798,-8.926182213984752
5.4335007,-10.26,-0.10104775934823797,-0.11784012993864736,-8.930521239111323
5.4399772,-9.719999999999999,-0.10198848887228912,-0.12123842554116719,-8.934860264237894
5.4529302,-9.91,-0.10386994792039113,-0.12803501674620593,-8.943538314491036
5.4594067,-10.29,-0.10481067744444214,-0.13143331234872532,-8.947877339617605
5.4658832,-10.51,-0.10575140696849329,-0.13483160795124516,-8.952216364744178
5.4723597,-9.65,-0.1066921364925443,-0.13822990355376455,-8.956555389870747
5.4788362,-9.879999999999999,-0.1076328660165953,-0.1416281991562839,-8.960894414997318
5.485312700000001,-10.41,-0.10857359554064645,-0.14502649475880375,-8.965233440123889
5.4917892,-10.33,-0.10951432506469747,-0.14842479036132314,-8.96957246525046
5.4982657,-10.53,-0.11045505458874848,-0.1518230859638425,-8.97391149037703
5.5047422,-10.09,-0.1113942388213787,-0.1335087076352092,-8.956536296281026
5.511218700000001,-10.19,-0.11233285791569539,-0.10725364979098971,-8.931219857531124
5.5176952,-10.06,-0.11327147701001196,-0.08099859194677382,-8.905903418781225
5.5241717,-10.36,-0.11421009610432852,-0.054743534102557945,-8.880586980031326
5.5306482,-10.45,-0.11514871519864509,-0.02848847625834206,-8.855270541281426
5.537124700000001,-9.98,-0.11608733429296178,-0.00223341841412258,-8.829954102531524
5.5436012,-10.51,-0.11702595338727834,0.024021639430093302,-8.804637663781625
5.5500777,-10.27,-0.1179645724815949,0.05027669727430918,-8.779321225031724
5.5565542,-10.16,-0.11890319157591146,0.07653175511852506,-8.754004786281826
5.5630307000000006,-10.11,-0.11984181067022816,0.10278681296274454,-8.728688347531923
5.5695072,-10.24,-0.12078042976454473,0.12904187080696042,-8.703371908782024
5.5759837,-10.57,-0.12171904885886128,0.1552969286511763,-8.678055470032124
5.5954132,-10.02,-0.1245349061418111,0.23406210218382756,-8.602106153782422
5.6213192,-10.42,-0.12827959012923623,0.15567151485597922,-8.684241425097696
5.6472252,-10.77,-0.13202216729587424,0.037820312531571844,-8.80583520458874
5.673131199999999,-10.77,-0.13576474446251216,-0.08003088979283149,-8.927428984079782
5.699037199999999,-10.639999999999999,-0.13950732162915017,-0.19788209211723887,-9.049022763570827
5.724943199999999,-10.17,-0.1432351097785649,-0.1454434982528989,-9.000311957855901
5.750849199999999,-10.879999999999999,-0.1469623270763735,-0.08643176959548227,-8.945027446496294
5.7821192,-10.389999999999999,-0.15146128812410292,-0.015201291902381056,-8.878295929850923
5.8258202,-10.549999999999999,-0.15772999720162248,0.00444643547349043,-8.864916911552571
5.8695212,-10.379999999999999,-0.16398571611054058,-0.031237233738604157,-8.906856299673583
5.9132222,-10.66,-0.17023006483231579,-0.032477917936420506,-8.914341332593175
5.9569232,-10.31,-0.17644820387189858,0.04567672176445034,-8.842404831931887
6.0006242,-10.41,-0.18266572301064454,0.12182613984008168,-8.772472932995003
6.0443252,-10.56,-0.1888404620398699,0.05959277850836303,-8.840881033355945
6.0880262,-10.49,-0.19501520106909515,-0.0026405828233543546,-8.909289133716888
6.1317272,-10.66,-0.20115421842144665,0.01575770160886688,-8.897029866637018
6.175428200000001,-10.42,-0.2072797544639267,0.06458625407760657,-8.854326850210759
6.2191292,-10.36,-0.2133812227801123,0.060496535454325845,-8.864518037150226
6.262830200000001,-10.629999999999999,-0.21945177567082486,-0.01156765014190089,-8.942652775637164
6.3065312,-10.469999999999999,-0.22551325161751246,-0.0714629846512039,-9.008609586093154
6.3435498,-10.42,-0.23060409735735657,-0.06353510574269648,-9.005772552924492
6.3761588,-10.15,-0.23508852920325504,-0.05655158385565809,-9.003273462883351
6.4087678,-10.5,-0.23955962858349428,-0.06626476331014101,-9.017457741718074
6.4413768,-10.549999999999999,-0.2439944746299126,-0.12137922883678781,-9.077007053291139
6.4739858,-10.56,-0.24842932067633106,-0.1764936943634361,-9.136556364864207
6.5065948,-10.5,-0.2528532817193671,-0.19492277596618943,-9.159409407509996
6.5392038,-10.1,-0.2572343051972022,-0.06864073449122952,-9.03750838951287
6.578429600000001,-10.4,-0.2625042966332127,0.08326561352583835,-8.890872032931814
6.6203926,-9.78,-0.2681057439877016,0.17220807540797944,-8.80753101840416
6.6623556,-10.17,-0.2736688082612376,0.18333775394085286,-8.801964404144824
6.7043186,-10.03,-0.27922363628099334,0.18088892764407893,-8.809968058461353
6.7462816000000005,-10.379999999999999,-0.28470667047131215,0.06007890392007097,-8.93626111637568
6.7882446,-10.54,-0.29018970466163074,-0.060731119803931866,-9.062554174290002
6.8302076,-9.91,-0.2956113089024348,-0.08631465806209526,-9.09355931678897
6.8721706000000005,-10.15,-0.3010090074496875,-0.07484045498214525,-9.08748281225627
6.9141336,-10.54,-0.30637619707019803,-0.040892129312189704,-9.058901676206826
6.9560965999999995,-10.07,-0.3116833138765722,0.03730828692253898,-8.986008376778472
6.9980364,-10.32,-0.31698749654787745,0.11546546864933152,-8.913155377722983
7.0314534,-10.43,-0.32114200995650216,0.06645519126048936,-8.96632016852045
7.0648704,-10.17,-0.3252920422629769,0.010497534030653469,-9.026427858056762
7.0949457,-10.56,-0.3290270713388042,-0.03986435747619883,-9.080524778639441
7.128362699999999,-10.91,-0.3331089227060545,-0.02864651897720942,-9.073388791507702
7.1617797,-10.379999999999999,-0.33717862406921095,-0.005457848785109272,-9.054269822678759
7.1951967,-10.68,-0.3412483254323672,0.017730821406990258,-9.035150853849816
7.2286136999999995,-10.52,-0.34524580822940937,-0.0015641271168755763,-9.058443285170723
7.2620307,-10.61,-0.34923116790226244,-0.027990679235468136,-9.088855196962168
7.2954476999999995,-10.83,-0.35321652757511535,-0.05441723135405929,-9.119267108753613
7.3288647000000005,-10.79,-0.35712562592277997,-0.06822477543755229,-9.13698375118477
7.3622817,-10.59,-0.361022696969601,-0.08004215470803132,-9.152698201502071
7.3956987,-10.92,-0.36491976801642206,-0.09185953397851067,-9.16841265181937
7.4553889,-10.77,-0.371728035661104,-0.02592371123959094,-9.109285096725133
7.5179979,-10.799999999999999,-0.37880508745811864,0.05862687841284835,-9.031811558869709
7.580606899999999,-10.52,-0.3857540141813812,0.163751739493931,-8.933635624511888
7.6432159,-10.73,-0.39257399692741424,0.08966757118243107,-9.014539775569421
7.6941821,-10.75,-0.3980786291953535,-0.03610485077881833,-9.14581682979861
7.7181431,-10.799999999999999,-0.4006104333083162,-0.0753517815639453,-9.1875955646967
7.7421041,-10.28,-0.40312424260178975,-0.10822285096694674,-9.222980443393174
7.7660651,-10.66,-0.4056380518952633,-0.14109392036994817,-9.25836532208965
7.7900261,-10.77,-0.4081518611887369,-0.17396498977295083,-9.293750200786127
7.8139871,-10.879999999999999,-0.4106209143896706,-0.16386815959336884,-9.286122423807479
7.837948099999999,-10.799999999999999,-0.4130580529841894,-0.12313184491402147,-9.24782324772265
7.8619091,-10.6,-0.4154951915787084,-0.08239553023467108,-9.209524071637817
7.8858701,-10.549999999999999,-0.4179323301732273,-0.0416592155553222,-9.171224895552989
7.9745258,-10.67,-0.42670350868962964,-0.0885394143500192,-9.226876272864088
7.9865063,-10.4,-0.4278824942476835,-0.09993745701515985,-9.239453301087282
7.998486799999999,-10.68,-0.4290614798057373,-0.11133549968029965,-9.252030329310475
8.0104673,-10.16,-0.4302048189035328,-0.06163987499249985,-9.203478043720471
8.0224478,-10.44,-0.4313430047885931,-0.0031122747772513036,-9.146088629390283
8.0344283,-10.35,-0.43248119067365337,0.055415325437997244,-9.088699215060094
8.06102735,-10.299999999999999,-0.4350081856459844,0.18535802937400975,-8.961283506096414
8.0680774,-10.34,-0.4356779629840729,0.21979920527631125,-8.9275121075322
8.0781489,-9.86,-0.4366347877527708,0.2690008851367432,-8.879267252440467
8.0882204,-10.04,-0.4375916125214687,0.31820256499717514,-8.831022397348733
8.0982919,-10.11,-0.43854843729016646,0.36740424485759837,-8.782777542257007
8.1909497,-10.44,-0.44703252062604365,0.07546342795297978,-9.083202442497502
8.2845501,-10.844,-0.4552924897934626,-0.01787391113753284,-9.184799750755435
8.305383599999999,-10.54,-0.45710385523662567,-0.04041098253010939,-9.209148187591174
8.3262171,-10.67,-0.45885816906687543,-0.082753099171089,-9.253244618062404
8.347050600000001,-10.56,-0.46061248289712536,-0.12509521581207222,-9.297341048533637
8.3678841,-10.67,-0.462366796727375,-0.16743733245304823,-9.341437479004862
8.3887176,-11.01,-0.4641211105576248,-0.20977944909402785,-9.385533909476091
8.4095511,-10.799999999999999,-0.4658392991811772,-0.20335126142555296,-9.380823910431168
8.4303846,-10.45,-0.46751481428732933,-0.13931231883449816,-9.318460482946266
8.4512181,-10.389999999999999,-0.46919032939348143,-0.07527337624344334,-9.256097055461364
8.472042,-10.44,-0.4708650724284492,-0.01126394256106407,-9.193762364813953
8.498837,-10.66,-0.47302003569767165,0.07109972493250606,-9.113553660589606
8.525632,-10.37,-0.47507583594591424,0.10046536646846302,-9.08624381930189
8.552427,-10.99,-0.47712713687325325,0.12742633009443616,-9.061334156603255
8.579222,-10.59,-0.4791784378005923,0.15438729372040932,-9.036424493904622
8.606017,-10.56,-0.4812059605921671,0.16069050316017314,-9.032148807256434
8.632812,-10.889999999999999,-0.48315137234752614,0.09565802762718292,-9.099126694544783
8.659607,-10.57,-0.48509678410288526,0.03062555209419271,-9.166104581833132
8.686402,-10.889999999999999,-0.4870421958582443,-0.034406923438797504,-9.23308246912148
8.713197000000001,-10.67,-0.48893440341266386,-0.10204084573577664,-9.302608598972878
8.739992,-10.629999999999999,-0.4907717901195894,-0.1723552615613302,-9.374760401505357
8.766787,-10.94,-0.49260917682651495,-0.24266967738688372,-9.446912204037837
8.793582,-11.03,-0.49444656353344046,-0.31298409321243725,-9.519064006570316
8.820377,-10.74,-0.4962002462427765,-0.2602011887587171,-9.468034784825932
8.847172,-10.76,-0.497927565294237,-0.1686471893669596,-9.378208104485635
8.873967,-10.469999999999999,-0.49965488434569744,-0.07709318997520205,-9.288381424145339
8.997544,-10.639999999999999,-0.5072134041616604,-0.2721558077077379,-9.491002561693838
9.015461,-10.91,-0.5082278080495739,-0.1298777472714538,-9.349738905145466
9.033378,-10.799999999999999,-0.509231775268873,0.04328829946964087,-9.177576825623671
9.051295,-10.94,-0.5102357424881719,0.21645434621071835,-9.005414746101893
9.069212,-10.09,-0.5112397097074709,0.389620392951813,-8.833252666580096
9.087129000000001,-9.61,-0.51224367692677,0.5627864396929076,-8.6610905870583
9.105,-9.61,-0.5132234927675874,0.6746444243266883,-8.550212418265337
9.134133333,-9.48,-0.5147302564382589,0.6015840424241339,-8.624779563838564
9.163266667,-9.74,-0.5162370201606501,0.5285236580137814,-8.699346711971307
9.1924,-9.75,-0.5177437838313216,0.45546327611122706,-8.773913857544533
9.221533333,-9.93,-0.519156311873046,0.24194354757230063,-8.988846114125185
9.250666666999999,-10.12,-0.5205355803278526,-0.021150077812810017,-9.253319007965102
9.2798,-10.78,-0.5219148487353161,-0.28424369416726253,-9.517791892727017
9.308933333,-10.629999999999999,-0.523254507532251,-0.4417168655591823,-9.676604722915872
9.338066667,-10.67,-0.5245046013539012,-0.36036170566761905,-9.596499656845959
9.3672,-10.52,-0.5257546951326421,-0.27900654856856216,-9.516394593525643
9.396333333000001,-10.4,-0.5270047889113829,-0.19765139146950528,-9.436289530205327
9.425466667,-10.43,-0.5281405978553306,-0.2356183302190825,-9.475392277898852
9.454600000000001,-10.389999999999999,-0.5292599521305875,-0.29076515172489364,-9.53165845367992
9.483733333,-10.54,-0.5303793064058444,-0.34591197323070144,-9.587924629460984
9.512866667,-10.68,-0.5314402801751057,-0.27872775139968053,-9.521801381399225
9.542,-10.82,-0.5324274463832247,-0.05688667254902209,-9.300947468756684
9.571,-10.25,-0.5334100946794377,0.16393911784953272,-9.081104326654343
9.6,-9.889999999999999,-0.5343927429756506,0.38476490824808746,-8.861261184552001
9.629,-9.85,-0.5352424837315024,0.27956076317965484,-8.967315070376285
9.658,-10.26,-0.536092224487354,0.1743566181112222,-9.07336895620057
9.687,-10.51,-0.5369419652432058,0.06915247304278957,-9.179422842024856
9.716,-10.02,-0.5377177126664459,-0.0016585272264572556,-9.251009589717341
9.745,-9.78,-0.538433340506939,-0.04452509734636587,-9.294591787677744
9.774,-10.48,-0.5391489683474321,-0.0873916674662745,-9.338173985638145
9.803,-10.48,-0.539850610215643,-0.11681491389030245,-9.368298873930383
9.832,-10.32,-0.5404310403240737,-0.029729354950011267,-9.281793745098524
9.861,-10.35,-0.5410114704325045,0.057356203990279915,-9.195288616266662
9.89,-10.26,-0.5415919005409352,0.1444417629305711,-9.108783487434803
9.919,-10.16,-0.5420831219658292,0.18327481062719542,-9.070441661163072
9.948,-9.61,-0.5425273914520198,0.19671179977452216,-9.057448941501935
9.977,-9.91,-0.5429716609382103,0.21014878892184888,-9.0444562218408
9.99526087,-10.29,-0.5432514108462203,0.21860986174980507,-9.036274898920853
10.01352174,-10.04,-0.5434672820341881,0.16859781721838174,-9.086502814640244
10.03178261,-10.18,-0.5436607648639629,0.09809198234108496,-9.157202132347317
10.050043480000001,-10.53,-0.5438542476937376,0.027586147463788173,-9.227901450054388
10.06830435,-10.59,-0.5440477305235123,-0.04291968741350176,-9.298600767761453
10.08656522,-10.62,-0.544241213353287,-0.11342552229079854,-9.369300085468526
10.104826090000001,-10.66,-0.5444117779590489,-0.16951499515970103,-9.425560122943189
10.12308696,-10.4,-0.5445185432370727,-0.18547246634959177,-9.441624359411104
10.14134783,-9.86,-0.5446253085150965,-0.2014299375394841,-9.45768859587902
10.159608700000001,-10.09,-0.5447320737931203,-0.2173874087293764,-9.473752832346936
10.17786957,-10.19,-0.544838839071144,-0.23334487991926717,-9.489817068814851
10.196130429999998,-10.76,-0.5449456042907012,-0.24930234237054222,-9.505881296485683
10.214391299999999,-10.75,-0.5449837350827139,-0.2150794659661223,-9.471696550873276
10.23265217,-10.459999999999999,-0.5450034112564481,-0.167363967794345,-9.424000728875232
10.250913039999999,-10.24,-0.5450230874301822,-0.11964846962257238,-9.376304906877193
10.26917391,-10.5,-0.5450427636039165,-0.0719329714507951,-9.32860908487915
10.28743478,-10.389999999999999,-0.5450624397776506,-0.02421747327901782,-9.280913262881107
10.30569565,-10.54,-0.54505486135946,0.015163132981686749,-9.241525078202212
10.32395652,-10.59,-0.5449871563633467,0.03615606609905013,-9.220464440088735
10.34221739,-10.25,-0.5449194513672335,0.05714899921641555,-9.199403801975256
10.36047826,-10.6,-0.5448517463711203,0.07814193233378097,-9.178343163861777
10.37873913,-10.5,-0.544784041375007,0.09913486545114435,-9.1572825257483
10.397,-10.43,-0.5447163363788938,0.12012779856850977,-9.136221887634822
10.41596154,-9.91,-0.5445694696475857,0.11121898897722862,-9.144983830494795
10.43492308,-9.9,-0.5444082125956173,0.09653869830711269,-9.159502864112943
10.45388462,-10.209999999999999,-0.5442469555436489,0.08185840763699813,-9.17402189773109
10.472846149999999,-9.629999999999999,-0.5440856985767248,0.0671781247090247,-9.18854092369214
10.49180769,-10.299999999999999,-0.5439244415247564,0.052497834038908765,-9.203059957310286
10.51076923,-10.459999999999999,-0.5437114492472932,0.017188397102409585,-9.238156401969322
10.52973077,-10.52,-0.5434591012308242,-0.03381393164247606,-9.28890638269774
10.54869231,-10.43,-0.5432067532143552,-0.08481626038735691,-9.339656363426151
10.567653850000001,-10.62,-0.5429544051978862,-0.13581858913224257,-9.390406344154567
10.605576919999999,-10.549999999999999,-0.542422902288375,-0.1865711949765459,-9.440627447089359
10.62453846,-10.29,-0.5420794103813893,-0.06331652929901309,-9.317029289504841
10.6435,-10.37,-0.5417359184744037,0.059938136378508186,-9.193431131920335
10.66246154,-10.65,-0.541392426567418,0.183192802056041,-9.069832974335815
10.68142308,-10.469999999999999,-0.5410489346604325,0.30644746773356224,-8.946234816751309
10.700384620000001,-9.799999999999999,-0.5407035946031705,0.42419714993812396,-8.828139794489486
10.71934615,-10.03,-0.5402689902027277,0.27605944321442555,-8.975842896812742
10.73830769,-9.92,-0.5398343855730816,0.12792165836532327,-9.123546077032197
10.75726923,-10.23,-0.5393997809434354,-0.02021612648379291,-9.271249257251668
10.77623077,-10.56,-0.5389651763137894,-0.1683539113328952,-9.418952437471123
10.795192310000001,-10.5,-0.5385305716841432,-0.31649169618201134,-9.566655617690593
10.81415385,-10.42,-0.5380280420995235,-0.23566859406520757,-9.48532998598917
10.833115379999999,-9.56,-0.5375024404741927,-0.07707359364346937,-9.326209383942102
10.85207692,-9.35,-0.5369768385716682,0.08152149041869328,-9.167088697977414
10.87103846,-9.3,-0.5364512366691437,0.24011657448084106,-9.007968012012743
10.89,-9.44,-0.5359256347666193,0.39871165854300367,-8.848847326048055
10.909120000000001,-9.57,-0.5353519692849151,0.4024433866239522,-8.844541932485402
10.92824,-9.709999999999999,-0.5347304187504175,0.23491555132584513,-9.011448217249011
10.94736,-9.83,-0.5341088682159199,0.06738771602773802,-9.17835450201262
10.966479999999999,-9.78,-0.5334873176814221,-0.10014011927036906,-9.34526078677623
10.9856,-10.31,-0.5328657671469245,-0.26766795456849174,-9.512167071539855
11.004719999999999,-10.2,-0.5322216856250224,-0.39071812433003256,-9.634573159779494
11.02384,-10.02,-0.5315088654974799,-0.378073721268118,-9.621215936590037
11.042959999999999,-9.92,-0.5307960453699375,-0.36542931820620467,-9.607858713400582
11.06208,-10.0,-0.5300832252423949,-0.3527849151442901,-9.594501490211124
11.0812,-10.23,-0.5293704051148524,-0.3401405120823756,-9.581144267021667
11.10032,-9.98,-0.5286560636834989,-0.3254462684530126,-9.56573568196095
11.11944,-9.81,-0.5278523456532406,-0.1903238914861003,-9.42980958696378
11.13856,-9.84,-0.5270486276229823,-0.05520151451920051,-9.293883491966621
11.157680000000001,-10.01,-0.5262449095927241,0.07992086244771182,-9.15795739696945
11.1768,-10.209999999999999,-0.5254411915624658,0.2150432394146116,-9.022031301972293
11.19592,-9.12,-0.5246374735322076,0.3501656163815114,-8.886105206975136
11.21504,-8.97,-0.5237626133998317,0.30998363902444337,-8.925412324199828
11.23416,-9.22,-0.5228684540801792,0.22224569320715637,-9.012256110697463
11.25328,-9.55,-0.5219742947605267,0.1345077473898612,-9.099099897195105
11.2724,-9.82,-0.5210801354408743,0.0467698015725742,-9.18594368369274
11.29152,-9.6,-0.5201859761212217,-0.04096814424472096,-9.272787470190382
11.31064,-9.05,-0.5192417887819953,-0.0620964878761736,-9.292971626482608
11.32976,-9.17,-0.5182577294873191,-0.030137479389580002,-9.260028558701338
11.34888,-9.05,-0.5172736701926428,0.001821529097010623,-9.227085490920071
11.368,-9.36,-0.5162896108979665,0.03378053758360422,-9.194142423138802
11.38490476,-9.33,-0.5154195645484754,0.0620367806957264,-9.165016133677188
11.40180952,-8.97,-0.5145410692676996,0.08412765002313202,-9.142046769069006
11.41871429,-9.040000000000001,-0.513592091394144,0.05478619012636531,-9.170439251092217
11.43561905,-8.96,-0.5126431140819552,0.025444747586511666,-9.198831716319882
11.45252381,-8.96,-0.5116941367697664,-0.003896694953345061,-9.22722418154755
11.46942857,-9.14,-0.5107451594575777,-0.033238137493198705,-9.255616646775215
11.486333329999999,-9.02,-0.509796182145389,-0.06257958003305235,-9.28400911200288
11.5032381,-9.02,-0.5088322052735887,-0.07721454186999377,-9.297680096968021
11.525,-8.606,-0.5075097622664364,-0.01615032851518009,-9.235293440606055
11.537,-8.672,-0.5067805375164913,0.017521849017930843,-9.200892038323
11.549,-8.167,-0.5060513127665464,0.051194026551036796,-9.166490636039947
11.561,-8.786,-0.5053220880166013,0.08486620408414773,-9.132089233756892
11.5845,-8.653,-0.5038940228812923,0.150807551753155,-9.064719820952575
11.596,-8.297,-0.5031951824959283,0.1830767218890513,-9.031751810431315
11.608,-9.197000000000001,-0.502429233360819,0.1846142389720156,-9.029448344213241
11.62,-8.52,-0.5016449220331277,0.17008442582991226,-9.043193846027654
11.631,-8.301,-0.500925969982744,0.15676543044964816,-9.055793889357535
11.643,-8.643,-0.5001416586550526,0.14223561730754267,-9.069539391171949
11.6545,-9.095,-0.499390026966015,0.12831121304635898,-9.082712163744095
11.666,-8.161,-0.49863839527697745,0.11438680878517525,-9.09588493631624
11.6775,-8.569,-0.49788676358793993,0.10046240452399155,-9.109057708888386
11.6895,-8.842,-0.4971024522602485,0.08593259138188605,-9.1228032107028
11.7005,-8.579,-0.4963812278503653,0.07244913830324247,-9.135565439371561
11.712,-7.772,-0.4955773318928388,0.054742206979285356,-9.152468474737992
11.724,-8.695,-0.49473848393715897,0.03626540907602482,-9.170106424685573
11.736,-9.009,-0.4938996359814791,0.01778861117276427,-9.187744374633153
11.7475,-8.587,-0.4930957400239526,8.167984880716213e-05,-9.204647409999584
11.7595,-8.911,-0.49225689206827294,-0.018395118054450647,-9.222285359947163
11.7715,-8.822000000000001,-0.49141804411259304,-0.036871915957711186,-9.239923309894744
11.784,-8.391,-0.49054424415875986,-0.056118580440275165,-9.258296174423474
11.7965,-8.679,-0.4896704442049268,-0.07536524492283642,-9.276669038952202
11.8395,-8.034,-0.4864870363603301,-0.16996442857496807,-9.368084814759737
11.877,-8.333,-0.4836970896601495,-0.2546575781923919,-9.449988017676981
11.9105,-8.925,-0.48115811543178744,-0.2669163694842887,-9.459707834740515
11.9435,-8.634,-0.47855643654375946,-0.14218787085344053,-9.332377657221638
11.9765,-7.891,-0.4759547576557315,-0.01745937222259237,-9.205047479702761
12.009,-8.4,-0.47335306428565477,0.05537377882712893,-9.129612635282964
12.042,-7.822000000000001,-0.47060679458078025,-0.0032513026377803994,-9.185491447042999
12.074,-8.425,-0.4679437451699929,-0.060099866482541925,-9.239676961476974
12.107,-8.341,-0.4651672444168931,-0.09723013960970822,-9.27403073385104
12.1405,-8.402,-0.4622346874056113,-0.0538754685540606,-9.22774350578411
12.173,-8.967,-0.4593896694095916,-0.011814966783655475,-9.182837986017685
12.206,-8.024000000000001,-0.45647537129146426,0.04101131683269626,-9.127097404283207
12.24,-8.397,-0.45335448462385036,0.14235235668314877,-9.02263547776514
12.274,-8.082,-0.45023359795623663,0.24369339653359604,-8.91817355124708
12.311,-7.8580000000000005,-0.446791350823562,0.2912999697063236,-8.867124730941677
12.3515,-7.943,-0.4429045041906862,0.18125220579272067,-8.973285648222404
12.3765,-7.542,-0.4405052161457011,0.11332148732753228,-9.038817078642609
12.401,-8.324,-0.4381498081774282,0.04780336385435994,-9.101979794147509
12.4235,-8.328,-0.43589807104272094,0.010380281246691265,-9.13715113962047
12.446,-8.152,-0.4336463339080138,-0.027042801360974457,-9.172322485093428
12.4685,-8.617,-0.43139459677330655,-0.06446588396864314,-9.207493830566388
12.4925,-8.617,-0.428992743829619,-0.10438383875015343,-9.24500993240421
12.5185,-8.614,-0.4263162430579993,-0.09224167201423741,-9.230191264896675
12.542,-8.408,-0.4238698019456827,-0.06097202884014082,-9.196475180610262
12.5635,-8.533,-0.42163156858760586,-0.03236363189362777,-9.165628550305673
12.5845,-8.613,-0.4194453871680888,-0.004420546504008841,-9.135499283496538
12.605,-8.706,-0.4172915388666823,0.02392123033167736,-9.105003658359443
12.626,-9.539,-0.4150225384012774,0.05633312833374078,-9.070322759891976
12.6475,-8.469,-0.41269951411526734,0.08951673819299992,-9.034816125746707
12.671,-8.394,-0.4101603945468381,0.12578719548102268,-8.996006548890255
12.6885,-8.355,-0.4082695608256673,0.15279711048274358,-8.967105800167364
12.7055,-8.932,-0.4064115372450947,0.1372258145462875,-8.980819072523246
12.722,-8.919,-0.40456511012511426,0.037263808590702684,-9.078934651358852
12.7385,-8.924,-0.4027186830051337,-0.06269819736489288,-9.177050230194466
12.754,-8.872,-0.4009841605590914,-0.15660189992923307,-9.269219410312763
12.7705,-8.764,-0.3991377334391108,-0.25656390588482864,-9.367334989148379
12.787,-9.133000000000001,-0.3972913063191302,-0.3565259118404242,-9.465450567983993
12.804,-9.689,-0.39537386066006364,-0.4242863092521494,-9.531293519736652
12.822,-9.348,-0.3932917786196495,-0.3747973492169057,-9.479722477660994
12.8335,-9.12,-0.39196155953827355,-0.3431794025277159,-9.446774311890428
12.845,-9.53,-0.3906313404568978,-0.3115614558385309,-9.413826146119868
12.8565,-9.283,-0.38930112137552203,-0.27994350914934596,-9.380877980349307
12.868,-10.169,-0.38797090229414627,-0.24832556246016102,-9.347929814578746
12.879,-10.121,-0.38669851882500433,-0.21808230910529017,-9.316414177754734
12.8905,-9.554,-0.3853682997436286,-0.18646436241610523,-9.283466011984173
12.902,-9.444,-0.3840307358728177,-0.15029892858420232,-9.24596301428146
12.9135,-9.776,-0.38265828425218973,-0.09253293082436624,-9.186824564900995
12.926,-9.626,-0.38116648901237704,-0.029743802824556822,-9.122543641661373
12.939,-10.052999999999999,-0.3796150219629717,0.03555689029524819,-9.055691481492163
12.951,-10.234,-0.3781828985327514,0.09583445317507094,-8.993981795182119
12.9635,-9.993,-0.37669110329293864,0.15862358117488035,-8.929700871942497
12.9755,-9.563,-0.37525897986271833,0.21890114405470312,-8.867991185632455
12.988,-8.973,-0.3737671846229056,0.2816902720545125,-8.803710262392833
13.0,-9.106,-0.3723350611926853,0.3419678349343353,-8.74200057608279
13.012,-8.83,-0.3708600420081484,0.2771975497831081,-8.80529584204948
13.024,-9.967,-0.3693850228236118,0.21242726463189057,-8.86859110801616
13.0365,-9.844,-0.3678485445063858,0.1449582175993591,-8.934523676731466
13.0485,-9.588000000000001,-0.36637352532184897,0.08018793244813194,-8.997818942698157
13.0605,-9.488,-0.36489850613731234,0.01541764729691437,-9.061114208664836
13.072,-9.162,-0.36348494608546456,-0.046653875973008456,-9.121772171882911
13.084,-9.32,-0.3620099269009277,-0.11142416112423562,-9.185067437849602
13.096,-9.573,-0.36053490771639085,-0.17619444627546277,-9.248362703816293
13.12,-10.674999999999999,-0.35751540155820455,-0.04467897174421347,-9.113827723126857
13.1315,-9.849,-0.35606189752761674,0.0433567307652525,-9.024338516586804
13.144,-9.671999999999999,-0.3544820018421955,0.13904771175378355,-8.92706763991285
13.156,-9.415000000000001,-0.35296530198419096,0.23091105350278207,-8.833687598305847
13.168,-9.224,-0.35144860212618667,0.322774395251767,-8.740307556698857
13.181,-9.946,-0.3498055106133485,0.42229301547984416,-8.639145844957943
13.193,-9.298,-0.34828881075534396,0.5141563572288427,-8.545765803350939
13.2055,-8.893,-0.3466903871510185,0.5281433729657874,-8.530180364009668
13.2175,-8.969,-0.34513326274267825,0.4417435178022555,-8.615023094764862
13.23,-9.592,-0.3435112581506568,0.35174366867355894,-8.703400939301536
13.243,-9.236,-0.3418243733749547,0.25814382557972315,-8.79531389761967
13.2565,-9.623,-0.34007260841557163,0.1609439885207354,-8.890761969719275
13.2695,-10.312999999999999,-0.3383857236398695,0.06734414542689963,-8.982674928037408
13.2825,-9.651,-0.3366988388641674,-0.026255697666936136,-9.074587886355541
13.295,-9.767999999999999,-0.3350768342721462,-0.11625554679561996,-9.162965730892205
13.3085,-9.969,-0.3332973533043326,-0.1804583578646524,-9.225389060993423
13.321,-9.782,-0.3316345898763841,-0.22193316877281477,-9.265201108473638
13.3335,-9.321,-0.32997182644843537,-0.26340797968098306,-9.305013155953857
13.3455,-9.313,-0.32837557355760494,-0.30322379815281686,-9.34323272153486
13.358,-9.176,-0.3267128101296562,-0.34469860906098515,-9.38304476901508
13.3705,-9.336,-0.32505004670170773,-0.38617341996914756,-9.422856816495294
13.3835,-10.228,-0.3233207727366412,-0.4293072233136386,-9.46426134587472
13.3955,-10.866999999999999,-0.3217245198458105,-0.4691230417854782,-9.502480911455729
13.408,-9.004,-0.32003656067934305,-0.41093331066481703,-9.4426032211686
13.4205,-9.497,-0.3183344289099584,-0.296682274652918,-9.326650053387315
13.433,-9.523,-0.31663229714057395,-0.18243123864103525,-9.210696885606048
13.446,-9.994,-0.31486208010041405,-0.06361016118867133,-9.090105591113524
13.4585,-10.058,-0.3131599483310294,0.050640874823227676,-8.97415242333224
13.4705,-10.251,-0.3115259018324204,0.16032186939462928,-8.86283738226223
13.4835,-9.546,-0.3097556847922605,0.2791429468469932,-8.742246087769706
13.496,-9.453,-0.30805355302287585,0.3933939828588922,-8.626292919988423
13.5085,-8.896,-0.3063256229720082,0.39241241461700416,-8.625546558179442
13.5215,-11.171,-0.3045159497366388,0.33499539144594953,-8.681153908115128
13.5345,-9.769,-0.30270627650126936,0.2775783682748949,-8.736761258050812
13.5475,-10.757,-0.3008966032658999,0.22016134510384025,-8.792368607986498
13.5565,-9.814,-0.2996437525644903,0.18041109829310828,-8.830866004095821
13.5655,-9.698,-0.2983909018630806,0.14066085148237634,-8.869363400205144
13.574,-9.504,-0.297207653978416,0.10311895171668768,-8.905722052086167
13.583,-8.853,-0.2959548032770063,0.06336870490595573,-8.94421944819549
13.5915,-10.26,-0.29477155539234173,0.025826805140267063,-8.980578100076514
13.6,-9.682,-0.2935883075076771,-0.01171509462542156,-9.016936751957537
13.609,-9.722999999999999,-0.2923091976681497,-0.05165643368510552,-9.055598981177694
13.618,-10.558,-0.2910300878286224,-0.09159777274478949,-9.094261210397852
13.6265,-9.995,-0.2898220396468466,-0.12932014852337728,-9.130775537994662
13.635,-9.791,-0.28861399146507083,-0.16704252430196506,-9.167289865591474
13.644,-10.183,-0.2873348816255435,-0.206983863361649,-9.205952094811632
13.6525,-10.68,-0.2861268334437677,-0.2447062391402368,-9.242466422408445
13.6615,-10.209999999999999,-0.2848477236042404,-0.28464757819992076,-9.2811286516286
13.67,-9.817,-0.2836396754224646,-0.32236995397850854,-9.317642979225413
13.6785,-9.9,-0.2824316272406888,-0.3600923297570963,-9.354157306822225
13.6875,-9.073,-0.2811525174011615,-0.40003366881678026,-9.392819536042381
13.696,-10.113999999999999,-0.2799444692193857,-0.43775604459536804,-9.429333863639194
13.705,-10.02,-0.27865137267043594,-0.4395651886793677,-9.429849911174243
13.714,-9.584,-0.2773470867539483,-0.4108685767828281,-9.399849013361216
13.7225,-9.764999999999999,-0.27611526116615454,-0.38376622110276476,-9.371514832093359
13.731,-9.703,-0.2748834355783607,-0.35666386542270145,-9.3431806508255
13.7435,-10.931,-0.27307192736101693,-0.31680746001084464,-9.301512737196301
13.756,-9.915,-0.2712604191436729,-0.2769510545989821,-9.259844823567093
13.7685,-9.927,-0.2694489109263291,-0.2370946491871253,-9.218176909937894
13.7805,-10.237,-0.2677098630376789,-0.19883249999173913,-9.178175712853857
13.7925,-9.581,-0.2659708151490287,-0.16057035079635293,-9.138174515769819
13.805,-9.766,-0.26414593603725817,-0.104917444200023,-9.08069673006172
13.817,-9.317,-0.2623747980019837,-0.02874369216189236,-9.002751839988314
13.829,-9.45,-0.2606036599667092,0.04743005987623829,-8.92480694991491
13.8415,-9.467,-0.2587587245132985,0.12677771824928352,-8.843614356088453
13.853,-9.629,-0.25706138389616057,0.1997775639524883,-8.76891716976811
13.8655,-9.399000000000001,-0.25521644844274954,0.2791252223255448,-8.687724575941644
13.8775,-9.783,-0.25344531040747537,0.35529897436366414,-8.60977968586825
13.889,-9.645,-0.2517479697903374,0.4282988200668689,-8.535082499547908
13.9015,-8.91,-0.2498992118820805,0.4952135488155303,-8.46631901289099
13.9135,-9.011,-0.24809749420803875,0.47192386385849977,-8.487806980173978
13.9255,-9.15,-0.24629577653399726,0.4486341789014727,-8.509294947456963
13.938,-9.162,-0.2444189872902037,0.42437409040456475,-8.531678246710078
13.9505,-8.601,-0.2425421980464104,0.4001140019076603,-8.554061545963188
13.9625,-8.736,-0.24074048037236864,0.3768243169506298,-8.575549513246179
13.9755,-9.411,-0.2387886195588235,0.3515938249138479,-8.598828144469415
13.988,-9.427,-0.2369118303150302,0.32733373641694335,-8.621211443722526
14.0015,-9.102,-0.23488126818986216,0.2950006154657473,-8.651514002548554
14.0155,-8.959,-0.23274538664601702,0.21059521285354244,-8.733783523616914
14.029,-9.05,-0.23068578658588046,0.12920428890605232,-8.813114847504266
14.0425,-9.533,-0.2286261865257439,0.047813364958562185,-8.89244617139162
14.056,-9.313,-0.22656658646560762,-0.03357755898891724,-8.971777495278964
14.069,-9.432,-0.22458326788917965,-0.11195400427169265,-9.048170621985312
14.082,-9.372,-0.22259994931275193,-0.19033044955445735,-9.12456374869165
14.0955,-9.679,-0.22054034925261565,-0.27172137350193676,-9.203895072578991
14.1085,-9.687999999999999,-0.21853757529307538,-0.2603171457835209,-9.190488070901035
14.122,-9.482,-0.21644707550681885,-0.19911523614089072,-9.127195661472149
14.135,-9.273,-0.2144340016385719,-0.1401800638924347,-9.066247415355445
14.1485,-8.927,-0.21234350185231538,-0.0789781542498045,-9.002955005926559
14.1615,-9.437,-0.21033042798406842,-0.02004298200134849,-8.942006759809855
14.1885,-10.008,-0.20614942841155565,0.10236083728390384,-8.81542194095209
14.2025,-8.957,-0.2039761138484868,0.14598349999601734,-8.769625963676908
14.2205,-9.416,-0.20114998101676557,0.08469495904849068,-8.828088371792713
14.2385,-9.485,-0.19832384818504403,0.023406418100957962,-8.886550779908525
14.257,-9.728,-0.19541921166355264,-0.03958458231733552,-8.946637143805328
14.2745,-9.577,-0.19267158252160124,-0.09917066379410142,-9.003475596140142
14.2915,-9.291,-0.19000245706941998,-0.1570542858001005,-9.05869009269396
14.309,-9.416,-0.1872366481673089,-0.17550155679157592,-9.074371554783324
14.326,-9.796999999999999,-0.18453318316815898,-0.15567853676979213,-9.05184506976239
14.3435,-9.834999999999999,-0.18175020449256368,-0.13527248674736905,-9.028656041064371
14.361,-9.714,-0.17896722581696836,-0.11486643672494597,-9.005467012366353
14.378,-8.648,-0.17626376081781875,-0.09504341670316424,-8.982940527345422
14.396,-8.917,-0.17340126846577775,-0.0740543366800998,-8.959088954970316
14.4135,-9.432,-0.1705928789952664,-0.04540804073833123,-8.927634269558036
14.4315,-8.724,-0.16769650558333762,-0.013431966156142642,-8.89276182156392
14.449,-9.397,-0.16488058698840666,0.017655884132098284,-8.858858052680747
14.466,-8.928,-0.16214512321047386,0.04785551012638838,-8.825922962908525
14.4835,-8.546,-0.15932920461554292,0.07894336041462931,-8.792019194025354
14.5005,-8.589,-0.15659286954160284,0.104454697733101,-8.763771521632941
14.536,-8.712,-0.15081871551824877,-0.16534987337938403,-9.027801938722073
14.547,-8.449,-0.14902954103213883,-0.24895128978044584,-9.109614180637024
14.5575,-8.05,-0.1473216926590343,-0.3287526417996234,-9.187707684283097
14.5685,-8.745,-0.14553251817292437,-0.41235405820068516,-9.269519926198049
14.579,-8.53,-0.14382466979981953,-0.4921554102198762,-9.347613429844134
14.5895,-8.661,-0.14211682142671497,-0.5719567622390537,-9.425706933490208
14.6,-9.027,-0.14040897305361014,-0.6517581142582447,-9.503800437136293
14.6115,-8.46,-0.1385200605703038,-0.506822911183631,-9.356976321578374
14.622,-7.824,-0.1367954013464153,-0.3744907692459334,-9.222919520416788
14.6335,-8.239,-0.13490648886310896,-0.2295555661713197,-9.076095404858867
14.6465,-8.003,-0.1327711964906757,-0.06571577139132062,-8.910120317706435
14.66,-8.307,-0.13055377748853333,0.10442555395714771,-8.737761573355824
14.6735,-8.174,-0.128336358486391,0.274566879305616,-8.565402829005214
14.686,-7.606,-0.1262831927436668,0.43210514351714585,-8.40581139905096
14.6995,-7.395,-0.12406577374152447,0.6022464688656142,-8.233452654700349
14.713,-8.306000000000001,-0.12182940418966735,0.5426491742269886,-8.290813579787118
14.726,-7.83,-0.11967516126751873,0.47675034901990704,-8.35455816207205
14.739,-7.797000000000001,-0.1175209183453704,0.4108515238128345,-8.418302744356975
14.7655,-6.856,-0.11312957700406823,0.2765193031984233,-8.548243623630084
14.8025,-7.678000000000001,-0.10699498815882151,0.09371943824319154,-8.724908899740068
14.835,-7.146000000000001,-0.10156671398473383,-0.009169336530738217,-8.82236940033991
14.8655,-6.510999999999999,-0.09647248745212855,-0.10572649439550108,-8.913832331672069
14.8955,-7.7330000000000005,-0.09146177282989397,-0.2007007480329708,-9.003795870687304
14.926,-7.431000000000001,-0.08633721878700489,-0.17353312861682688,-8.97150369722827
14.9585,-7.688000000000001,-0.08087103522506242,-0.12176593178961888,-8.91427031683912
14.9955,-7.287000000000001,-0.07464799547762052,-0.0628309692478771,-8.849112314549936
15.0235,-7.7669999999999995,-0.06991472825167945,0.031052430013617568,-8.7504956480625
15.049,-7.276,-0.06559989925034967,0.12514811747946147,-8.652085131595326
15.074,-6.997,-0.06136967473924187,0.2173987914655872,-8.555604233098093
15.0995,-6.912000000000001,-0.057054845737911794,0.31149447893143767,-8.457193716630913
15.128,-7.2170000000000005,-0.052208035799114295,0.21321919573169393,-8.55062218989186
15.1465,-7.525,-0.04906157862773416,0.14706828542562375,-8.61362664302655
15.1655,-7.426,-0.045830082073343645,0.07912951267884671,-8.678333919218936
15.184,-8.073,-0.04268362490196351,0.012978602372776519,-8.741338372353626
15.2035,-7.087,-0.03936456971451415,-0.03843691158172673,-8.78943483112068
15.2235,-6.612,-0.03594859867954055,-0.00531643073575988,-8.75289837923974
15.2435,-6.723000000000001,-0.03253262764456694,0.027804050110206972,-8.716361927358799
15.263,-7.314,-0.029202055885467485,0.060096518935026565,-8.68073888677488
15.2825,-7.5169999999999995,-0.025871484126368024,0.09238898775984615,-8.64511584619096
15.303,-7.0489999999999995,-0.022368407247643,0.12418438003144838,-8.609817377040633
15.33,-7.411,-0.017741487239535874,0.14951912381387114,-8.579855713250103
15.355,-7.355,-0.013457302046843912,0.17297721990870804,-8.552113431962574
15.3805,-7.114000000000001,-0.009087433150298311,0.19690447792544055,-8.523816305049296
15.4085,-6.994999999999999,-0.004285600079791243,0.15526228020031585,-8.560656669703913
15.4335,-6.952999999999999,9.013509053834696e-06,-0.02103040414998028,-8.732654740465366
15.456,-6.7490000000000006,0.0038741657390141907,-0.179693820065238,-8.887453004150663
15.4785,-7.6850000000000005,0.007739317968974852,-0.33835723598050826,-9.042251267835972
15.504,-7.702999999999999,0.012120882893221331,-0.48883529504380274,-9.18834776197502
15.5165,-7.880000000000001,0.01427149926147121,-0.48529264042519105,-9.18265449098816
15.529,-7.92,0.016422115629720783,-0.48174998580657985,-9.176961220001298
15.5415,-7.3870000000000005,0.018572731997970358,-0.47820733118796865,-9.171267949014437
15.5545,-5.779999999999999,0.020809373020950327,-0.47452297038461233,-9.165346947188102
15.567,-8.112,0.0229599893891999,-0.47098031576600113,-9.15965367620124
15.577,-8.187,0.024680482483799622,-0.4681461920711121,-9.155099059411752
15.587,-7.823,0.026400975578399342,-0.465312068376223,-9.150544442622262
15.5965,-7.396000000000001,0.028035444018269275,-0.4626196508660781,-9.146217556672248
15.6065,-7.93,0.029756664381355425,-0.43765432472881005,-9.119531010171894
15.617,-7.504,0.03156435694900948,-0.3989280909037981,-9.078997083779228
15.625,-7.002000000000001,0.03294164652436474,-0.36942238894188867,-9.048114092241963
15.633,-7.177,0.034318936099720004,-0.33991668697997923,-9.017231100704699
15.641,-7.211,0.03569622567507557,-0.3104109850180632,-8.986348109167427
15.6495,-6.848000000000001,0.037159595848890656,-0.2790611766835319,-8.95353493065908
15.658,-7.009,0.038622966022705735,-0.24771136834900068,-8.920721752150733
15.668,-7.393000000000001,0.040344577991899964,-0.2108292408966106,-8.88211801272915
15.678,-7.5440000000000005,0.042066189961094506,-0.17394711344421393,-8.843514273307557
15.6885,-7.743,0.04387388252874825,-0.1352208796192086,-8.802980346914898
15.707,-6.694000000000001,0.04705857516921179,-0.06259336747067924,-8.727168142125905
15.725,-7.1419999999999995,0.0501567322786428,0.01509737258773531,-8.64637924495806
15.7415,-7.397,0.05299670962895484,0.08631388430795568,-8.572322755887528
15.7585,-7.462,0.0559227468989731,0.1596884721409049,-8.49602213078456
15.7765,-7.547000000000001,0.059020904008404415,0.23737921219932712,-8.415233233616707
15.797,-6.548,0.06254936071636776,0.3258603328214165,-8.323223656286654
15.817,-6.506,0.06598844545455711,0.32469651175860526,-8.320948392611276
15.837,-7.006,0.06942694571332278,0.30809383206541097,-8.334112572045704
15.865,-7.135999999999999,0.07424084607559492,0.2848500804949381,-8.352542423253905
15.89,-6.852,0.07853897139905217,0.2640967308784445,-8.36899764754694
15.9145,-6.129,0.08274608275628098,0.2420188042924911,-8.386868462775666
15.942,-6.609999999999999,0.08746444025736817,0.21589079495922928,-8.40827811460784
15.9925,-6.6259999999999994,0.09612906039572824,0.1679102687290578,-8.447594020699652
16.0295,-6.808999999999999,0.10246259093915179,0.3184564142211116,-8.290714344664176
16.082,-6.385999999999999,0.11144401646274522,0.5990590659673591,-8.001130267394334
16.0915,-6.954000000000001,0.11306922679558573,0.649834783902388,-7.948729339126465
16.1005,-6.177,0.11460857216890408,0.6881034291859632,-7.908921348469572
16.11,-6.188000000000001,0.11622755860366019,0.5520204846778659,-8.043385306542913
16.1195,-8.32,0.1178465450384163,0.4159375401697685,-8.177849264616254
16.129,-8.362,0.11946553147317301,0.2798545956616203,-8.312313222689646
16.1395,-7.561,0.12125493753264052,0.12944713067896768,-8.460931281612831
16.15,-7.105,0.12304434359210742,-0.020960334303634077,-8.609549340535965
16.16,-7.334,0.12474853983921952,-0.1642055390490345,-8.751090349034254
16.171,-8.334,0.12662315571104243,-0.3217752642689394,-8.906785458382336
16.2085,-7.641,0.1330070229474636,-0.6908092556052308,-9.269435582482206
16.226,-7.731999999999999,0.1359752249588093,-0.595326985906102,-9.170985110771731
16.2445,-7.829000000000001,0.13911303851366064,-0.49438858650987305,-9.066908897820651
16.2665,-7.746,0.14284449247078163,-0.37435373317380277,-8.94314259052746
16.2875,-7.571,0.1464063348843969,-0.2597750095348328,-8.825002024474875
16.307,-7.32,0.14970703631789942,-0.1780457169524648,-8.739972030459004
16.329,-7.586,0.15341735875690807,-0.1355301783650995,-8.69374616943263
16.349,-7.105,0.15679037915600647,-0.09687968874022633,-8.651722659408659
16.3685,-6.867000000000001,0.1600790740451276,-0.05919546135597275,-8.610749737135285
16.3885,-7.494,0.16345209444422598,-0.020544971731099575,-8.568726227111313
16.4075,-7.253,0.16664812133778167,-0.037633044494587466,-8.582618272981245
16.4265,-8.427,0.16983135642010364,-0.13722370871565331,-8.679025702119988
16.445,-8.523,0.17293082215815359,-0.23419356598352098,-8.772896093649805
16.4645,-8.247,0.176197826584747,-0.33640503715776643,-8.871840560397459
16.479,-8.461,0.17862713756862375,-0.41240843880014166,-8.945414651055957
16.4925,-8.382,0.18088890986395764,-0.4831702265361577,-9.013914666496639
16.5065,-7.589,0.18322623964770593,-0.4524213276220002,-8.980828437798733
16.52,-8.019,0.18547095655010598,-0.30691001325870515,-8.833072406533038
16.534,-7.952999999999999,0.1877988111155577,-0.15600939095604152,-8.679843929664923
16.5475,-7.894,0.19004352801795776,-0.010498076592746436,-8.532087898399228
16.5605,-7.84,0.19220510725730613,0.12962392983118012,-8.389804312735953
16.5735,-7.228,0.19436668649665395,0.2697459362550684,-8.247520727072716
16.587,-7.122,0.196611403399054,0.41525725061836344,-8.099764695807021
16.6005,-6.914,0.19885541356402245,0.5523020332840333,-7.960475902976382
16.6285,-7.1739999999999995,0.20347154539875537,0.3799775028212691,-8.128184301604414
16.6865,-8.198,0.21303353277070253,0.0230195468626706,-8.475580270191067
16.701,-7.5120000000000005,0.2154224670860615,-0.06151285586338016,-8.557723738601759
16.7295,-7.8420000000000005,0.2200764978090139,-0.10276265157170339,-8.594319503587128
16.743,-7.577999999999999,0.22228103867778023,-0.12230202848616714,-8.611654339632826
16.757,-8.625,0.22456722920835376,-0.14256508602710127,-8.629631206643186
16.77,-7.933,0.2266901204153141,-0.16138078231510494,-8.64632401172423
16.806,-7.694000000000001,0.23255863378216174,-0.1666077690883904,-8.645682485130667
16.8345,-7.552,0.23716391865992542,0.014813022280097317,-8.459656408884415
16.8635,-7.8420000000000005,0.24184999800922918,0.19941663454980205,-8.270366717265407
16.899,-7.099,0.24758640548854974,0.425396918535147,-8.038650025800742
16.9185,-8.175,0.2507030373328226,0.41530796067703335,-8.045622351814583
16.938,-7.837,0.25381781228272865,0.39796392319704965,-8.05985161434466
16.9585,-7.605,0.2570923192813486,0.37973044789757526,-8.074810582645515
16.976,-7.618,0.25988763013382854,0.3641652860565635,-8.087580433634047
16.993,-7.356,0.26260307496195207,0.349044843125294,-8.099985431737194
17.012,-7.2829999999999995,0.26561396071499777,0.29624853614090724,-8.149770852968535
17.022,-7.548,0.26719126189170855,0.25744000093426633,-8.187002086998465
17.0325,-7.286,0.26884742812725526,0.21669103896728367,-8.2260948827299
17.0425,-7.416,0.2704247293039666,0.17788250376062895,-8.263326116759844
17.05,-7.742000000000001,0.27160770518649996,0.14877610235564134,-8.291249542282298
17.0575,-7.276,0.27279068106903337,0.11966970095065373,-8.319172967804752
17.065,-7.194000000000001,0.2739736569515667,0.09056329954566614,-8.347096393327206
17.0725,-6.731,0.2751566328341001,0.06145689814067853,-8.37501981884966
17.0815,-7.147,0.2765762038931396,0.026529216454707197,-8.408527929476593
17.0915,-7.9879999999999995,0.2781535050698509,-0.012279318751947535,-8.445759163506535
17.1005,-7.806000000000001,0.2795720034520241,-0.04657377586794506,-8.47863512224036
17.1105,-8.379,0.2811278510913972,-0.07271781967480753,-8.50322331840785
17.1235,-7.702,0.2831504530225829,-0.10670507662373988,-8.535187973425597
17.136,-8.566,0.28509526257179957,-0.13938513138232259,-8.565923218634962
17.1485,-8.441,0.28704007212101623,-0.17206518614090532,-8.596658463844328
17.169,-8.407,0.29022955978173204,-0.22566047594498917,-8.647064265987696
17.188,-8.426,0.29318567029654125,-0.27533415917803344,-8.693781838705931
17.2065,-8.022,0.2960491227538299,-0.31118042820798064,-8.72676465527859
17.227,-8.431000000000001,0.29919172636088126,-0.325288895510284,-8.737730518973843
17.251,-8.611,0.30287087204718516,-0.34180612552273576,-8.750568603299989
17.263,-8.049,0.3047104448903371,-0.35006474052896164,-8.756987645463063
17.275,-8.296,0.3065500177334885,-0.358323355535185,-8.763406687626135
17.3025,-8.285,0.3107596384566542,-0.37048306060191605,-8.7713567719697
17.3275,-8.073,0.31453141145598185,-0.3200256319727954,-8.717127570341251
17.354,-7.603,0.3185294908352685,-0.26654075762593477,-8.659644616615104
17.3905,-7.9,0.32403627941428637,-0.19287291182742441,-8.580469982237577
17.42,-8.523,0.32843567972698523,-0.16721541870105808,-8.550413088798512
17.45,-8.367,0.33288486958641617,-0.15748991333010473,-8.536238393568128
17.4865,-8.186,0.3382980505820576,-0.14565721512877713,-8.518992514371158
17.5155,-7.925000000000001,0.34255708070831575,-0.07821943986061235,-8.447295708976736
17.5415,-7.256,0.34634283954233935,0.02756080169630166,-8.337729708585798
17.567,-7.519,0.35005579532186265,0.13130680783866436,-8.230270746663912
17.595,-7.6,0.3541327663738879,0.24522399105379808,-8.112276592396753
17.625,-7.975,0.35843011030982574,0.3608888596116195,-7.992314379902994
17.6525,-7.2669999999999995,0.3623563550398522,0.46574362546510034,-7.883533369319486
17.684,-7.234,0.3668536899124281,0.5858499936245473,-7.758929666287464
17.702,-7.3309999999999995,0.369417666501988,0.6433676086215651,-7.698848074700885
17.7195,-7.356,0.37186430667141074,0.612840659136938,-7.72692838401609
17.7365,-7.955,0.37424104283599297,0.5831859082090125,-7.754206398779433
17.7545,-8.401,0.37675758701025663,0.5517867601676776,-7.783089002646505
17.792,-7.531000000000001,0.38200038737330605,0.4863718684148963,-7.843261094036237
17.824,-7.714,0.3864000128095471,0.28550882634226066,-8.039724510672631
17.854,-8.803,0.390501464508035,0.05187399488556614,-8.269257890430838
17.886,-8.722,0.39487634631975577,-0.19733649200159495,-8.514093495506279
17.9225,-8.063,0.3997940244024379,-0.4399780345109959,-8.751817359932996
17.999,-9.2,0.4100064931886222,-0.8942586797983034,-9.19588553643412
18.0515,-8.413,0.41684295033500335,-0.43795603396016236,-8.732746433449599
18.1035,-8.396,0.42359887189195194,-0.0011211742807031202,-8.28915565221319
18.18,-9.139,0.43329086391835103,0.03211397359574001,-8.246228512310347
18.205,-8.271,0.4364402865647751,0.04351399408066931,-8.231679069178995
18.228,-8.43,0.43927190176540265,0.05598502158412313,-8.216376426474913
18.252,-8.273,0.44222663067040446,0.06899826767468037,-8.200408451479355
18.2775,-8.858,0.44536603013196946,0.08282484164589948,-8.18344247804657
18.2925,-8.688,0.4472127356975959,0.09095812045249896,-8.173462493674345
18.3075,-8.253,0.44903174361200915,0.08851528261908108,-8.174086323593349
18.3225,-8.325,0.4508230538752092,0.07549632814564584,-8.185313967803584
18.3375,-8.164,0.45261436413840883,0.0624773736722137,-8.196541612013817
18.3605,-8.277,0.45536103987531545,0.04251497681294737,-8.213757333136176
18.3815,-8.417,0.4578688742437955,0.024288440550138044,-8.229476035030505
18.4045,-8.694,0.46059843279586854,0.0419962344520984,-8.209038682576471
18.414,-7.989000000000001,0.46169679301680233,0.11327685489264129,-8.136659701914995
18.423,-8.038,0.4627373448050547,0.18080586373100688,-8.068090141288376
18.432,-8.766,0.4637778965933075,0.2483348725693991,-7.999520580661732
18.4415,-8.457,0.4648762568142413,0.31961549300994196,-7.9271416000002555
18.4505,-8.777,0.46591680860249407,0.3871445018483342,-7.858572039373611
18.46,-8.692,0.4670151688234275,0.45842512228885046,-7.78619305871216
18.469,-9.116,0.46805572061168027,0.5259541311272427,-7.717623498085516
18.4785,-8.93,0.4691540808326136,0.597234751567759,-7.645244517424066
18.49,-7.960000000000001,0.4704836747842697,0.6835218184167979,-7.557627856623371
18.502,-7.984,0.47186325458468725,0.7513328914717496,-7.488437203768002
18.5135,-8.901,0.47314786867880654,0.7098112272923585,-7.528674253853274
18.525,-9.144,0.47443248277292543,0.6682895631129802,-7.568911303938533
18.541,-8.953,0.4762197719473522,0.6105202912112202,-7.624893286665866
18.5565,-8.983,0.47795120833507787,0.5545563090563987,-7.6791258324329625
18.572,-9.173,0.47968264472280353,0.4985923269015773,-7.733358378200058
18.6015,-8.39,0.48297193613327183,0.3741175943043183,-7.854543819386849
18.628,-8.22,0.4858257274088523,-0.03890269195119983,-8.264710314366786
18.6585,-8.163,0.4891102796316904,-0.514265662924556,-8.736788733117304
18.6705,-8.317,0.4904025624734628,-0.7012937170780149,-8.92252450442899
18.6835,-8.24,0.49180253555204934,-0.9039074424108917,-9.12373825668328
18.696,-10.011,0.49314866351222925,-1.098728332154115,-9.317213018466324
18.708,-10.135,0.49440801952998176,-1.0725066893891777,-9.289732019683633
18.722,-9.217,0.49585806090334905,-0.9175191162943683,-9.133294405215457
18.7355,-9.149000000000001,0.4972563150848097,-0.7680668136672953,-8.982443848406923
18.749,-9.488,0.49865456926627083,-0.618614511040183,-8.83159329159835
18.763,-9.229,0.5001046106396381,-0.46362693794537363,-8.675155677130174
18.7775,-8.466,0.5016064392049109,-0.30310409438294583,-8.513131005002473
18.786,-8.733,0.5024868214673124,-0.20900449643252866,-8.418151024789655
18.794,-8.92,0.5033154165378078,-0.12044016894980854,-8.328758102236439
18.802,-8.972,0.5041355861188295,-0.05164152274335267,-8.259139286448962
18.8105,-7.795,0.5049801600509685,-0.04154607021712047,-8.24819925999059
18.819,-8.512,0.5058247339831071,-0.03145061769089249,-8.237259233532225
18.825,-9.094,0.506420903817558,-0.024324415907670753,-8.229536861914552
18.831,-9.87,0.507017073652009,-0.017198214124449017,-8.221814490296879
18.837,-9.074,0.50761324348646,-0.010072012341227283,-8.214092118679206
18.8425,-8.938,0.5081597325013734,-0.0035396607066059504,-8.20701327802967
18.8485,-9.351,0.5087559023358244,0.003586541076615786,-8.199290906411997
18.8545,-9.314,0.5093520721702753,0.010712742859837523,-8.191568534794326
18.862,-8.684,0.5100972844633387,0.019620495088860473,-8.181915570272238
18.869,-8.924,0.5107928159368649,0.02793439716928724,-8.172906136718286
18.876,-8.026,0.5114883474103911,0.036248299249714004,-8.163896703164333
18.8835,-7.772,0.5122335597034549,0.045156051478741174,-8.154243738642242
18.893,-8.49,0.5131774952746687,0.05643920430217418,-8.142016650247596
18.902,-8.874,0.5140631381889844,0.06543772588749212,-8.132132485747961
18.9115,-8.264,0.514966167532735,0.06868966853574092,-8.127977513755962
18.921,-8.348,0.5158691968764856,0.07194161118398971,-8.123822541763964
18.93,-8.628,0.5167246983600389,0.07502239895601527,-8.119886252508385
18.94,-8.634,0.5176752555639871,0.07844549648048853,-8.115512597779963
18.9495,-8.524000000000001,0.5185782849077377,0.08169743912873732,-8.111357625787964
18.9585,-8.499,0.519433786391291,0.08477822690076288,-8.107421336532385
18.968,-8.449,0.5203368157350415,0.08803016954901169,-8.103266364540385
18.9775,-8.496,0.5212398450787921,0.09128211219726048,-8.099111392548386
18.9925,-9.031,0.5226656808847143,0.09641675848396976,-8.092550910455754
19.0075,-8.249,0.5240585520518388,0.11074230095081357,-8.076832496821787
19.022,-8.19,0.5253731283625548,0.1334748583095556,-8.052785363152328
19.0365,-7.949,0.5266877046732711,0.15620741566830323,-8.028738229482865
19.0465,-8.028,0.5275943090254892,0.17188504143295733,-8.012153999365992
19.0565,-8.56,0.528500913377707,0.18756266719760586,-7.995569769249126
19.066,-8.523,0.529362187512314,0.20245641167402365,-7.979814750638101
19.076,-8.343,0.5302687918645321,0.21813403743867774,-7.963230520521229
19.086,-8.469,0.53117539621675,0.23381166320332628,-7.946646290404363
19.0965,-8.385,0.5321273307865789,0.2502731702562111,-7.929232848781649
19.107,-8.203,0.5330479000497599,0.2237048273123218,-7.954880622462357
19.1175,-8.137,0.5339527866596169,0.17562155937002355,-8.002059003794798
19.1285,-8.651,0.5349007631080385,0.125248612001907,-8.051483974714493
19.1395,-8.668,0.5358487395564603,0.07487566463377421,-8.100908945634204
19.151,-8.254,0.5368398058434463,0.022213037839839356,-8.152580506141154
19.163,-7.824,0.5378739619689972,-0.03273926837993006,-8.206498656235372
19.1755,-7.945,0.5389512079331126,-0.08998125402551779,-8.262663395916844
19.188,-8.233,0.5400284538972279,-0.1472232396711055,-8.318828135598316
19.1985,-8.699,0.540933340507085,-0.19530650761340376,-8.366006516930758
19.2095,-8.016,0.5418379755335812,-0.1812419380662731,-8.351037312357132
19.22,-9.065,0.5426949584665735,-0.15810479257592083,-8.327043183933787
19.231,-8.683,0.5435927501106608,-0.13386587825268945,-8.301906477966469
19.2415,-7.968,0.5444497330436527,-0.11072873276234503,-8.277912349543131
19.252,-7.808,0.5453067159766449,-0.08759158727199277,-8.253918221119788
19.2635,-8.06,0.546245316331827,-0.06225090411589009,-8.227638937608502
19.312,-8.27,0.5501480849450122,0.03809483500571282,-8.123390429873714
19.3635,-8.18,0.5541124377965018,0.12357030480347127,-8.033950607224465
19.4235,-7.74,0.5586203456009694,0.11323941826607745,-8.039773585957391
19.444,-7.9,0.560101772284249,0.05138124537781661,-8.100150332162373
19.465,-8.040000000000001,0.5616193313256574,-0.011985663434555467,-8.161999681933336
19.486,-8.21,0.5631368903670659,-0.07535257224692754,-8.223849031704301
19.5055,-8.07,0.5645197506737104,-0.09994080426502394,-8.247054403415753
19.5255,-7.74,0.5658694025974879,-0.035735808422078914,-8.18149975564903
19.5455,-7.5,0.5672190545212653,0.028469187420866113,-8.115945107882307
19.565,-8.06,0.5685349651469485,0.09106905836774122,-8.05202932630975
19.5845,-7.9399999999999995,0.5698508757726313,0.15366892931460494,-7.988113544737203
19.6045,-7.65,0.5711787163635903,0.19277742517971536,-7.947677208281133
19.624,-7.9399999999999995,0.5724001112137258,0.14662579622259958,-7.992607442388113
19.6435,-8.0,0.5736215060638614,0.1004741672654754,-8.037537676495102
19.663,-8.22,0.5748429009139971,0.054322538308351195,-8.082467910602091
19.682,-8.43,0.5760329779474626,0.009354284452697334,-8.12624608742428
19.702,-7.84,0.5772758756660432,-0.03999830270375445,-8.17435577686215
19.721,-7.48,0.5783727106913682,-0.1041335959890269,-8.237394235122098
19.741,-7.68,0.5795272738759208,-0.1716444310261602,-8.303750506974678
19.7605,-7.75,0.5806529729808598,-0.23746749518736907,-8.368447872030949
19.7795,-8.17,0.5817498080061848,-0.30160278847264155,-8.431486330290896
19.799,-8.19,0.5828755071111238,-0.3674258526338504,-8.496183695347167
19.8185,-8.22,0.5839093797145888,-0.2990792543703062,-8.426803224480157
19.838,-8.15,0.5849382887233796,-0.22348024192163116,-8.35017530302269
19.8575,-8.05,0.5859671977321704,-0.1478812294729561,-8.273547381565225
19.8785,-7.98,0.5870752535877911,-0.06646690837439675,-8.191025004611044
19.899,-7.75,0.5881569271611353,0.013008976507548262,-8.110467446155754
19.9205,-7.9399999999999995,0.5891885522751021,0.047617473559883015,-8.074827323989453
19.942,-8.040000000000001,0.5902151621196089,0.07984820181891296,-8.041569985885916
19.9585,-8.38,0.591003025488649,0.10458341187816984,-8.01604691245762
19.974,-7.66,0.5917431395625958,0.12781951829747001,-7.992070691964373
19.99,-7.449999999999999,0.5925071282840891,0.15180517653674588,-7.967321045003604
20.005,-7.619999999999999,0.5931980554726674,0.15597691958826562,-7.962458374763506
20.02,-7.970000000000001,0.5938383581856017,0.123519039544163,-7.994275952094674
20.035,-8.16,0.5944786608985361,0.0910611595000604,-8.026093529425843
20.05,-7.41,0.5951189636114704,0.05860327945595779,-8.057911106757011
20.0655,-7.32,0.5957806097481692,0.025063470077054315,-8.090789269999215
20.081,-7.33,0.5964422558848679,-0.008476339301849153,-8.12366743324142
20.0965,-7.76,0.5971039020215667,-0.042016148680752624,-8.156545596483625
20.13,-7.5600000000000005,0.5983807589447814,-0.03579395687729599,-8.149046547756953
20.163,-7.67,0.5996209571973311,-0.02061869001549994,-8.132631082642607
20.1925,-7.59,0.60072961927158,-0.0070529211541985005,-8.117956651707058
20.2225,-7.890000000000001,0.6017413517754266,0.03521560687345526,-8.074676391175556
20.251,-7.890000000000001,0.602665852843959,0.08438710494523904,-8.02458039203524
20.2795,-7.630000000000001,0.6035903539124913,0.1335586030170167,-7.974484392894931
20.3085,-7.42,0.6044870735695976,0.15895633602553552,-7.948189940229306
20.3365,-7.52,0.6052504117451739,0.1261099007214693,-7.9802730373577955
20.3655,-7.529999999999999,0.6060410119984492,0.09209037844226066,-8.01350195938373
20.394,-7.640000000000001,0.6068179812128748,0.05865739965062739,-8.046157968960937
20.424,-7.460000000000001,0.6075109157762868,0.022830127401080876,-8.081292306647072
20.452,-7.67,0.6081285048897067,-0.010756748064041944,-8.114261592998774
20.48,-7.65,0.6087460940031266,-0.0443436235291605,-8.147230879350472
20.5095,-7.779999999999999,0.6093470889101257,-0.07024296535540663,-8.17252922626972
20.54,-8.06,0.6098603230882877,-0.07637094988883325,-8.178143976624984
20.5725,-7.960000000000001,0.6104072119666571,-0.08290076947363262,-8.184126907331414
20.6075,-7.720000000000001,0.6109568034287917,-0.10106984958135615,-8.201746395977004
20.661,-7.9,0.6115762573466799,-0.1912626330610198,-8.291319725538779
20.706,-7.949999999999999,0.6120657129052294,-0.22086156180310929,-8.32042919872232
20.745,-7.609999999999999,0.6123120045370222,0.014107468889078404,-8.085213876398338
20.786,-7.24,0.6125709265089069,0.2611261934629096,-7.837936229852622
20.825,-7.49,0.6126853857698511,0.2269831017453734,-7.8719648623092136
20.8645,-7.869999999999999,0.6127265398407262,0.039767402500609166,-8.059139407483103
20.9035,-7.77,0.6127486984987203,-0.11781135452964316,-8.216696005855361
20.9445,-7.5600000000000005,0.612575000100621,0.007278361493781945,-8.091779988230035
20.9845,-7.540000000000001,0.6124055382488168,0.12931710883370517,-7.969910702741917
21.0235,-7.290000000000001,0.6121162615958134,0.08465605811864498,-8.01486103010998
21.064,-7.859999999999999,0.6117308908507121,-0.0738127991165125,-8.173715258090239
21.1045,-7.790000000000001,0.6113217854410372,-0.20736911361668275,-8.307680678000084
21.149,-7.9,0.610663643926997,-0.13513184896488709,-8.236101554862328
21.2015,-7.6,0.6098792870511309,-0.04876016330885897,-8.150514226082167
21.2525,-7.68,0.6088564877738378,0.07305879155313923,-8.029718070497461
21.298,-7.359999999999999,0.6079439903793902,0.18174040814569492,-7.9219489512993535
21.338,-7.300000000000001,0.6069422473709468,0.15368051841552854,-7.951010584037963
21.3775,-7.460000000000001,0.6059426549315233,0.11954721330947618,-7.986143481583439
21.417,-7.4399999999999995,0.6048541090067336,0.019178565886295827,-8.087600674931409
21.4565,-7.9,0.6036478305277833,-0.1688545051918639,-8.27684002448852
21.4965,-8.0,0.602426282700998,-0.3592677417267377,-8.468474808850178
21.536,-7.4,0.6010324755309812,-0.1756048760477021,-8.28620575034116
21.5765,-7.460000000000001,0.5995846885789117,0.04975965081258788,-8.06228901043294
21.6215,-7.390000000000001,0.5978646451949644,0.17191506328960338,-7.941853641339871
21.672,-7.67,0.5957977401525879,0.1516876789854169,-7.964147930686434
21.693,-7.51,0.594938235085461,0.1432762914529825,-7.9734188232859955
21.714,-7.470000000000001,0.5940066558971585,0.1424889435731644,-7.975137750354116
21.734,-7.43,0.5930851166125009,0.14536958352220175,-7.973178649689736
21.7545,-7.619999999999999,0.592140538845727,0.14832223946996434,-7.971170571508747
21.774,-7.84,0.5912420380431859,0.1511308634202754,-7.969260448360977
21.7935,-7.48,0.5903435372406448,0.1539394873705865,-7.967350325213207
21.814,-7.550000000000001,0.5893274103278862,0.1369287064230736,-7.9853772330734785
21.8345,-7.550000000000001,0.5882780641687774,0.1106491869170408,-8.01270609873862
21.856,-7.720000000000001,0.5871775303921509,0.08308773963021972,-8.041368079802067
21.8765,-7.75,0.5861281842330421,0.05680822012418693,-8.06869694546721
21.948,-7.369999999999999,0.5822249803743177,-0.2638416841868501,-8.39325005363697
22.0035,-8.25,0.5790851881416952,-0.5591805980238654,-8.691728759706608
22.0545,-7.83,0.5759600128378343,-0.27655213370282083,-8.412225470689425
22.1035,-7.5600000000000005,0.5729399965622806,-0.019706897003213045,-8.158400250265371
22.154,-7.220000000000001,0.5695944483088213,0.048054185496395514,-8.093984716019222
22.2045,-7.390000000000001,0.5662267836482653,0.11667986896975442,-8.02872669720642
22.254,-7.07,0.5627042033970071,0.1926097585667663,-7.956319387860665
22.3035,-7.17,0.5591646323019149,0.2568099294324783,-7.895658788090046
22.3555,-7.34,0.5552117085630499,0.1623045550734301,-7.994117086187958
22.481,-7.27,0.5452834975231371,0.16014931080363604,-8.006200541497666
22.506,-7.210000000000001,0.543234980448075,0.15301979097768784,-8.015378578398675
22.5305,-7.630000000000001,0.5411395300827896,0.048508512502380016,-8.12198530723927
22.554,-7.630000000000001,0.5391296083038424,-0.05173699950454263,-8.224240741025138
22.577,-7.460000000000001,0.5371624508180639,-0.14984962827729542,-8.324320527283671
22.5995,-7.6899999999999995,0.5352380576254551,-0.24582937381583292,-8.422224666014817
22.622,-7.609999999999999,0.5332114155642772,-0.1972502344859714,-8.375672168746133
22.645,-7.4399999999999995,0.5311373615340863,-0.14423311998717667,-8.324729108277529
22.6675,-7.460000000000001,0.5291083956349865,-0.09236855145574437,-8.274893505645197
22.6925,-7.529999999999999,0.5268539890804311,-0.03474125308749171,-8.219520613831499
22.719,-7.470000000000001,0.5243774840532596,-0.036604403766542226,-8.223860269537722
22.7615,-7.380000000000001,0.5203507587856696,-0.07944292787469295,-8.270725518913462
22.7985,-7.68,0.5168451391409445,-0.11673764298061107,-8.311525853664106
22.8315,-7.540000000000001,0.5135771141006702,-0.16993691967298138,-8.36799315539675
22.865,-7.75,0.5102527385963606,-0.224905983616461,-8.42628659484454
22.898,-7.91,0.5069779806368914,-0.27905461376974133,-8.48370998295729
22.9305,-7.640000000000001,0.5036185504055223,-0.12225155414315972,-8.330266353562077
22.9635,-7.3100000000000005,0.5001984952672847,0.05095494513500077,-8.160479909422154
22.996,-7.42,0.49683025914629325,0.2215371035149949,-7.993265987163151
23.029,-7.4,0.49328511861938856,0.24851468208969607,-7.9698335491153545
23.063,-7.4399999999999995,0.48961477361167016,0.255529059580791,-7.966489516631977
23.1,-7.4399999999999995,0.4856205746326821,0.2631623527328656,-7.9628504224588905
23.1405,-7.65,0.4810776470190505,0.08458741117283297,-8.145968291632554
23.154,-7.6899999999999995,0.4795633378145065,0.02506243065281687,-8.207007581357114
23.1675,-7.779999999999999,0.47804902860996246,-0.034462549867199224,-8.268046871081674
23.1805,-7.279999999999999,0.47659080493151296,-0.09178290147905613,-8.32682544637198
23.1935,-8.08,0.475132581253063,-0.1491032530909287,-8.385604021662303
23.207,-7.74,0.47358941561063406,-0.15143495779125365,-8.389478892005057
23.22,-7.9399999999999995,0.47207760140468397,-0.10253922573800722,-8.342094974157762
23.233,-7.050000000000001,0.4705657871987335,-0.05364349368474745,-8.294711056310453
23.2465,-7.119999999999999,0.46899582629255426,-0.0028671565525207644,-8.245504680084405
23.2595,-7.609999999999999,0.4674840120866041,0.04602857550072565,-8.198120762237108
23.2735,-7.68,0.4658559044801962,0.09868551771191925,-8.147091927632323
23.2865,-7.470000000000001,0.46434409027424567,0.14758124976517903,-8.099708009785013
23.3,-7.5600000000000005,0.46277412936806644,0.19835758689740574,-8.050501633558966
23.334,-7.52,0.45868343164934045,0.10480338426589239,-8.148146533909205
23.3645,-7.630000000000001,0.45501383516636557,0.020879761317032234,-8.23573975334104
23.3925,-7.67,0.45164502528035594,-0.0561648761442129,-8.316153200688294
23.4205,-8.25,0.4481959273150616,-0.08167495917165425,-8.34511238168103
23.4485,-7.68,0.4447174556622246,-0.08833093691843233,-8.355246831080647
23.4765,-7.57,0.44123898400938716,-0.09498691466521125,-8.365381280480264
23.507,-7.859999999999999,0.4374232770968982,-0.08860044352995111,-8.362810516257491
23.5405,-8.01,0.4331339593661911,-0.03130233941759055,-8.309801729875838
23.565,-7.9,0.4299969956526889,0.010602244186971106,-8.271034109984779
23.5875,-7.42,0.42711611060967697,0.049086045456462286,-8.2354311937583
23.61,-7.58,0.4241982607918153,0.05441202725225884,-8.233023061780365
23.6315,-7.74,0.42136594081812195,0.019896125485751398,-8.270371283520566
23.6525,-7.550000000000001,0.41859948875079345,-0.013817080890839122,-8.306850941964486
23.674,-7.9399999999999995,0.4157671687771001,-0.04833298265734656,-8.344199163704685
23.6965,-7.5,0.41280311299067673,-0.08445427520369356,-8.383284512037456
23.7195,-7.48,0.4097033517479895,-0.0609266488856618,-8.362856646962111
23.7435,-7.42,0.40645573833490317,-0.0250540408272475,-8.330231652316783
23.769,-7.109999999999999,0.4030051490834994,0.013060605234812384,-8.295567595506126
23.794,-7.130000000000001,0.3996222184448676,0.050427905295662385,-8.261583226083909
23.817,-7.130000000000001,0.39645104926900765,0.005082559709327751,-8.310099740846102
23.84,-7.35,0.393259101391388,-0.06840040763311943,-8.38677465606617
23.8625,-7.27,0.3901365436850208,-0.14028591916377797,-8.461782725303195
23.8855,-7.42,0.38694459580740115,-0.21376888650622514,-8.538457640523262
23.909,-7.09,0.3836531824663282,-0.2313681630760764,-8.559348330434187
23.934,-6.960000000000001,0.38010013142536186,-0.15157110204240276,-8.483104320441479
23.96,-7.210000000000001,0.37640495834275733,-0.06858215856738988,-8.403810550049071
24.0245,-6.369999999999999,0.3671592635058505,0.08446484148199411,-8.260009244836594
24.073,-6.34,0.3601103068196858,0.1346904564282283,-8.216832586576524
24.119,-6.52,0.3533659893861442,0.10048356294764219,-8.257783797490651
24.1635,-6.8100000000000005,0.3467608872238929,-0.045119371629011557,-8.409991834229558
24.208,-6.720000000000001,0.3401321062677272,-0.13380046421200323,-8.505301707768716
24.252,-6.290000000000001,0.3334709853699828,0.035302720205469595,-8.342859644248987
24.2975,-6.42,0.32658278080526987,0.21017078590990187,-8.174879783109267
24.3425,-6.68,0.3196501193609199,0.13289265502084116,-8.259090575442679
24.388,-6.779999999999999,0.31263328208312857,0.039873240439345446,-8.359126827301965
24.437,-6.99,0.3049770914260909,0.21420371439614072,-8.192452544002208
24.4985,-6.52,0.29532724907679153,0.5447463795049484,-7.871559721242699
24.516,-7.01,0.2925404933472923,0.3763987966409472,-8.0426940598362
24.5335,-6.790000000000001,0.2897499064649702,0.18345079764040967,-8.238432645719058
24.55,-6.18,0.28711878169020955,0.0015283985827722764,-8.422986169551457
24.567,-6.85,0.2844079258616684,-0.18590680044629562,-8.613132224409066
24.584,-7.26,0.2816970700331273,-0.3733419994753635,-8.803278279266674
24.601,-8.0,0.2789838000843094,-0.5454950833260598,-8.978144633066188
24.619,-7.5600000000000005,0.2760700279832246,-0.4688778090866893,-8.904441130927903
24.6625,-7.859999999999999,0.26902841207226974,-0.28371939634154403,-8.726324334093713
24.701,-7.790000000000001,0.2627939053140743,-0.12469258048182827,-8.573532024992192
24.735,-8.26,0.2572128660289238,-0.14483776653969532,-8.59925825033521
24.7695,-7.85,0.2515497526366383,-0.16527920533370888,-8.62536280252151
24.8035,-8.06,0.24596126594014153,-0.18022029691597732,-8.645892380800275
24.839,-7.859999999999999,0.24005846630421782,-0.14846985435833648,-8.620044737878558
24.8765,-7.8100000000000005,0.233823114576129,-0.11493065447350236,-8.592740889721812
24.919,-8.23,0.2267187286121751,-0.012503749031800333,-8.497418370244064
24.95,-7.460000000000001,0.22150273570104018,0.12032147266625759,-8.369809141457141
24.98,-7.5600000000000005,0.21645500062574796,0.24886200979342024,-8.24631633940527
25.008,-7.640000000000001,0.2117291092593273,0.30558045559465247,-8.194323784970459
25.036,-7.859999999999999,0.20696653798586864,0.20416709593558405,-8.300499715902987
25.0625,-8.01,0.202459104459203,0.10818659482969264,-8.400987650535543
25.09,-7.84,0.19778157910134223,0.008584188021687533,-8.505267582701409
25.1165,-8.040000000000001,0.19324634991762613,-0.01229129255521967,-8.530678292462033
25.1435,-7.949999999999999,0.18860838667291643,0.012816377989826216,-8.510208585161697
25.1695,-7.65,0.18414219984467767,0.03699413481098041,-8.490497015168781
25.197,-7.75,0.1794183483917328,0.06256676221797049,-8.469648239214736
25.2245,-7.5,0.1746569213451167,0.10034159824890279,-8.43663483023042
25.253,-7.52,0.16971758309122623,0.1410385453300854,-8.400877221403126
25.283,-7.34,0.16451827966607838,0.1838774369944881,-8.363237633163871
25.3145,-7.59,0.15903897972361328,0.13572117339608689,-8.416873196704739
25.3275,-7.800000000000001,0.15676798910153505,0.0707824656691535,-8.48408289505375
25.3405,-8.16,0.15449699847945741,0.005843757942237864,-8.551292593402744
25.3545,-7.73,0.15205131627106527,-0.06409023499446508,-8.623672268547839
25.3675,-7.35,0.14978032564898766,-0.1290289427213807,-8.690881966896832
25.38,-7.710000000000001,0.14759668082006666,-0.19147000784342044,-8.755506676847792
25.3935,-7.449999999999999,0.1452383444048318,-0.2589063581752297,-8.825301363594837
25.407,-8.36,0.1428714116443097,-0.2747626521026892,-8.843524590282819
25.42,-8.02,0.1405844563809838,-0.2439098265072661,-8.814958719950722
25.4335,-8.0,0.13820954129983853,-0.21187035377356883,-8.78529416229817
25.447,-8.05,0.1358346262186926,-0.17983088103986314,-8.755629604645609
25.48,-7.66,0.13002927824255817,-0.10151216991302699,-8.683116241494908
25.5125,-7.5600000000000005,0.12429847044600394,-0.04533813967641443,-8.632673019054849
25.5425,-7.08,0.1189886742450138,-0.024438592383933568,-8.617083267963359
25.571,-7.5600000000000005,0.11394436785407316,-0.004584022456076751,-8.602273004426442
25.599,-7.529999999999999,0.10898855806648279,0.014922221683570403,-8.587722570074385
25.6275,-7.17,0.10391900172321235,0.07135893029309348,-8.536355417808133
25.655,-7.869999999999999,0.09902643858664177,0.1270989873261997,-8.485507923911596
25.684,-7.67,0.09386700836989462,0.1858794111065664,-8.431886930347977
25.712,-7.1,0.08887634530050878,0.1807183820969331,-8.442038622426995
25.7395,-7.41,0.08396282661525983,0.09457094790572676,-8.533099575303451
25.7685,-7.75,0.07878129781990639,0.0037245627586362223,-8.629127489245896
25.7965,-7.75,0.07377844243128887,-0.08398918841787227,-8.721844095811022
25.825,-7.529999999999999,0.06867111946742041,-0.05835810637369467,-8.701320336730713
25.854,-7.34,0.063472038860682,-0.015907557281857474,-8.664068868245614
25.882,-7.390000000000001,0.05845223689555484,0.025079179772333572,-8.62810193315655
25.911,-7.84,0.0532482286232563,0.017846113379862007,-8.64053900782132
25.941,-7.859999999999999,0.047856430287015396,-0.07374029499326974,-8.737517214530692
25.972,-7.76,0.04228490533956559,-0.1683795836455207,-8.837728028130394
26.003,-8.12,0.036712509284382515,-0.24147695341820546,-8.916397793958263
26.0345,-8.08,0.03104197440012291,-0.11145253397467407,-8.792043909398991
26.0655,-8.05,0.02546144800609008,0.016508005795140713,-8.669663896023208
26.0955,-7.82,0.020060938592509507,0.14034078621755158,-8.551231625014378
26.1235,-7.65,0.015017347528673711,0.13686133120977353,-8.559754671085992
26.1525,-8.01,0.009793010298794137,0.10964529759006765,-8.592195041935577
26.1805,-7.859999999999999,0.0047488226285658025,0.08336774788828379,-8.62351677930759
26.209,-8.08,-0.00038521252599183647,0.01652380209502591,-8.695494760255405
26.237,-8.53,-0.00542869305467508,-0.13450044935233824,-8.851562492231453
26.2665,-8.15,-0.010742360040252731,-0.29361528569868817,-9.01599099556338
26.2975,-8.61,-0.01632621348272351,-0.4608207069439855,-9.188780270251149
26.331,-9.45,-0.022354705056852157,-0.14878739059037074,-8.882775445471662
26.3615,-8.3,-0.027842915211222816,0.17147994966177837,-8.567996315373884
26.3905,-7.65,-0.03306121339078835,0.47599643711464085,-8.268698126100587
26.4185,-7.91,-0.038093271475072105,0.45507126065677994,-8.29465536064273
26.4455,-8.18,-0.042942494209340626,0.2789428502222355,-8.475632993811544
26.4725,-7.800000000000001,-0.04779171694360978,0.10281443978766797,-8.656610626980381
26.5,-8.49,-0.052730740098883705,-0.07657560787716164,-8.840939697800485
26.5295,-8.01,-0.05801428663848736,0.1006364540439443,-8.669011182418982
26.5605,-8.23,-0.06356648808688507,0.2868592987746201,-8.488340539136704
26.581,-8.23,-0.06723810517372816,0.41000666383843515,-8.368864791159732
26.6015,-7.9399999999999995,-0.07090874106798213,0.5042525525216152,-8.278289538370807
26.621,-7.869999999999999,-0.07438849937862937,0.24567353609725995,-8.540348313105808
26.6405,-7.84,-0.07786825768927724,-0.012905480327142322,-8.802407087840859
26.6595,-8.49,-0.08125879142785741,-0.264854265561191,-9.057746406813488
26.6785,-8.790000000000001,-0.08464932516643697,-0.5168030507951926,-9.313085725786069
26.698,-9.37,-0.08812908347708484,-0.7753820672195949,-9.57514450052112
26.7175,-8.9,-0.0915946666596039,-0.6866921223437831,-9.489920138827825
26.737,-8.47,-0.09505862982747906,-0.5583142961765678,-9.365006275828486
26.757,-8.51,-0.09861141256376234,-0.4266447308768202,-9.236889493265021
26.7765,-8.58,-0.10207537573163748,-0.2982669047096049,-9.11197563026568
26.8215,-8.73,-0.110048388032703,-0.06590446723807307,-8.887586205095214
26.864,-8.290000000000001,-0.11755703616768697,0.08759109905888025,-8.741599286933246
26.903,-8.26,-0.12444396758482558,0.21430330294455066,-8.621774014464714
26.9415,-8.78,-0.1312028320256572,0.17185615565330237,-8.670980026196794
26.979,-8.6,-0.13778614154594693,0.13051153166832546,-8.718907959702062
27.017,-8.11,-0.14443560220624668,0.07159508821271897,-8.784473863817967
27.0545,-8.32,-0.15097120660831445,-0.007294883899089201,-8.869899440331842
27.0925,-8.56,-0.1575939524024096,-0.087236722305719,-8.956464024532567
27.13,-8.33,-0.1640868406260101,-0.018088949881722414,-8.89380914033217
27.168,-8.06,-0.17065547926071414,0.08948368812367405,-8.792805140961478
27.206,-8.28,-0.17721467255947246,0.16493034728953437,-8.723917675094377
27.2465,-8.28,-0.18415170245514195,0.06272977536526234,-8.833055276914319
27.2885,-8.62,-0.19134565938398376,-0.043256002926566374,-8.94623501213499
27.332,-8.4,-0.19874140577613636,-0.05890862182298873,-8.969283377423563
27.3695,-8.28,-0.20509996726577645,-0.04324382113363359,-8.959977138223849
27.4055,-8.69,-0.2111939001089563,-0.019273687822275617,-8.94210093775567
27.4405,-8.58,-0.21706309994644515,0.05218631331840865,-8.876510136452476
27.4735,-8.47,-0.22259691693607767,0.11956288582248467,-8.814667380938031
27.5065,-8.57,-0.22811763260039836,0.17486891293649687,-8.764882069488339
27.54,-8.67,-0.23366777308692913,0.18105660866634557,-8.764244514245021
27.573,-8.98,-0.23913507565575068,0.18715195072858481,-8.763616474751604
27.606,-8.57,-0.24458942401679182,0.1792446343564533,-8.776978139484777
27.638,-8.94,-0.24982196164203213,0.1104744241001651,-8.850980887366307
27.671,-8.86,-0.2552180160680608,0.03955514477337289,-8.927296221119127
27.7035,-8.93,-0.2605242606114316,-0.04088634004207823,-9.013043950477948
27.7365,-9.290000000000001,-0.2658444010618316,-0.21171773959435777,-9.189195490480628
27.7685,-9.41,-0.2710033251349465,-0.3773724300692894,-9.360009105028675
27.8015,-9.43,-0.27631980614556906,-0.5365249254239685,-9.524478081393976
27.8355,-9.45,-0.28171821567163197,-0.44781120557465015,-9.44116277107072
27.8705,-8.98,-0.28727540194846163,-0.35648825867093686,-9.355397010443838
27.906,-9.1,-0.29289651749733125,-0.23726568417071137,-9.241795551492482
27.9445,-8.69,-0.298910226488726,0.033840897701517256,-8.976702678611646
27.973,-7.98,-0.3033619331446929,0.23453018558092803,-8.780465097388204
28.001,-8.24,-0.30773282871243435,0.42184252281130147,-8.59752365572557
28.0285,-8.51,-0.3119537834198532,0.3444477176824161,-8.679139415561876
28.0555,-8.11,-0.31609799349622775,0.2684600908286081,-8.759271252492058
28.083,-8.77,-0.3203189482036466,0.19106528569972275,-8.840887012328363
28.111,-8.08,-0.32458537600019655,0.13115514358548624,-8.90506358223915
28.149,-8.45,-0.3303099389965659,0.08947231913553909,-8.952470969685466
28.1845,-8.290000000000001,-0.3356578860063319,0.05053178576782667,-8.996759450062944
28.2185,-8.38,-0.3407248798340188,0.006851335947619055,-9.045506893710838
28.252,-8.5,-0.34567196917510107,-0.041457918711685596,-9.098763237711225
28.317,-8.39,-0.35521812456386404,-0.11046620159243603,-9.177317675980738
28.3505,-8.91,-0.3600614138080761,-0.11005051058410863,-9.181745274216624
28.383,-8.36,-0.3647601272539533,-0.10964722826259697,-9.18604070534099
28.417,-8.56,-0.36962092994213885,-0.0882878439955435,-9.169542123762122
28.453,-8.51,-0.37470966571824665,-0.04350291944951355,-9.129845934992199
28.4905,-8.48,-0.38001043215169283,0.0031480436192722412,-9.08849573835686
28.5225,-8.48,-0.38445854604731255,0.06451779840386436,-9.031574097467887
28.5535,-8.21,-0.3887368947157665,0.1327887688492904,-8.967581475690915
28.6145,-8.57,-0.3971054123347993,0.22971725623299727,-8.879021505926241
28.644,-8.93,-0.40107467724392837,0.21857242420603212,-8.894135602862335
28.673,-8.7,-0.4049766664766317,0.2076164876371507,-8.90899352866392
28.702,-8.790000000000001,-0.40887150764385294,0.19542070231382871,-8.925084155154464
28.731,-9.17,-0.4126698499270592,0.16648695880560027,-8.957816240945897
28.761,-9.2,-0.41659916953037573,0.136555500003987,-8.991677019350828
28.7885,-9.13,-0.4202010458334161,0.1091183294358394,-9.022716066222015
28.8175,-9.12,-0.42393490346924223,0.03682731044461906,-9.098740942849062
28.846,-9.42,-0.42756273923808846,-0.062217995489227615,-9.201414084551756
28.8765,-9.48,-0.4314451599731694,-0.16821384920790153,-9.31129235900551
28.904,-9.67,-0.43493053442427376,-0.25968436906542286,-9.406248253314136
28.934,-9.36,-0.43863554265811394,-0.3331962444586106,-9.483465136941163
28.963,-9.1,-0.4422170506174926,-0.40425772400535587,-9.558108124447287
28.992,-9.99,-0.4457985585768713,-0.47531920355210117,-9.63275111195341
29.0225,-9.82,-0.4494776557677085,-0.45012450446371777,-9.611235510055865
29.0525,-9.68,-0.45306578242790363,-0.39039401665052853,-9.555093148902872
29.085,-9.69,-0.4569529196431156,-0.32568598818623024,-9.494272257653785
29.1165,-9.68,-0.4606545140733207,-0.16428419781428144,-9.336572061712042
29.1515,-8.84,-0.4647007921644582,0.11473271893045231,-9.061601423058445
29.1855,-8.97,-0.46863146231013486,0.3857777237682123,-8.794487088366362
29.2175,-8.44,-0.4722592926943719,0.42712083915657467,-8.756771803362236
29.2475,-8.83,-0.47560474728017427,0.29983579813429156,-8.88740229897032
29.279,-8.86,-0.47911747459526716,0.16618650506087854,-9.024564319358827
29.31,-8.98,-0.4825325891749926,0.08160654049891856,-9.112559398500512
29.341,-8.87,-0.48585980792095046,0.09561718937523365,-9.101875968370155
29.3745,-8.72,-0.489455350759324,0.11075772928996014,-9.090330971293803
29.409,-8.66,-0.49311975394629837,0.14271390279630342,-9.062039200974434
29.451,-8.4,-0.4974480753531815,0.23805989906414626,-8.971021526113473
29.491,-8.34,-0.5015702862168794,0.3288656097954198,-8.884338026245898
29.528,-8.0,-0.5052612718809436,0.1495384039174118,-9.067356217787971
29.5645,-8.37,-0.5088636761673803,-0.11086105729431316,-9.331358083286132
29.601,-8.84,-0.5124616403162828,-0.3603573099534092,-9.58445230009413
29.637,-8.11,-0.5158548516475655,-0.22467414736255997,-9.452162348834564
29.6735,-8.07,-0.5192951909140049,-0.08710649640239787,-9.318035037140842
29.7115,-8.48,-0.5228249694385588,0.008460378528331492,-9.225997940734665
29.7515,-8.22,-0.5264145275646414,-0.006534434143252953,-9.244582311532334
29.7935,-8.34,-0.5301835635970281,-0.022278987448417553,-9.264095900869885
29.829,-8.34,-0.5332361998608862,-0.07675059939439582,-9.32162014907972
29.8645,-7.949999999999999,-0.5362590041342352,-0.1404485614110506,-9.388340915369724
29.8975,-8.52,-0.5390689348672077,-0.1996607514547055,-9.450363036146351
29.9305,-8.22,-0.5417367985691173,-0.19149574757640134,-9.444865895969958
29.963,-8.06,-0.5443527716920624,-0.17801541265287962,-9.434001534169381
29.995,-8.46,-0.5469284990746545,-0.16474246749741306,-9.423304316396507
30.0275,-8.46,-0.5494146156864017,-0.008824885678184154,-9.269872851189024
30.059,-8.42,-0.5518013525976325,0.1673960616079566,-9.096038640814115
30.0915,-7.91,-0.5542638589346165,0.3492113246809457,-8.91668588407811
30.126,-8.0,-0.5567535762282583,0.28030000628689744,-8.9880869197658
30.1595,-8.28,-0.5591316602803247,0.13024190680575426,-9.14052310329901
30.195,-8.46,-0.5616517194996786,-0.028774885181720826,-9.302059954505838
30.23,-8.34,-0.5639911674971015,-0.05230005611197554,-9.327924573433515
30.2665,-8.36,-0.5664056547601332,-0.05367299103701615,-9.331711995621587
30.3015,-8.55,-0.5687135841792991,-0.05299996354666579,-9.333346897550403
30.3355,-8.58,-0.5707964958978716,-0.009182612037151802,-9.291612457759461
30.3695,-8.41,-0.5728794076164443,0.03463473947236219,-9.24987801796852
30.4035,-8.55,-0.5749450477515549,0.07040180423860612,-9.216176593337387
30.4385,-8.7,-0.5769165057448749,0.03500503394806544,-9.253544821621247
30.481,-8.74,-0.5793104190224777,-0.007976758547591369,-9.298920527394507
30.5315,-8.83,-0.5819981837783406,0.06770086883485402,-9.225930664767924
30.582,-8.58,-0.5845913903646416,0.21983094365774294,-9.076393796531338
30.631,-8.65,-0.5869521302752813,0.11897445306448333,-9.179611027035236
30.68,-9.03,-0.5892226142738505,-0.1261536925546965,-9.427009656652986
30.7275,-9.47,-0.5912847977221316,-0.2678006444747308,-9.570718792021301
30.7735,-9.47,-0.5931841047453168,-0.33737714589077056,-9.642194600460526
30.821,-9.41,-0.595038761340525,-0.28140345460944494,-9.588075565774409
30.8705,-9.1,-0.5968313463090819,-0.054986197073149286,-9.36345089320667
30.916,-8.95,-0.5983974893778833,0.10663711807505331,-9.203393721127268
30.964,-8.68,-0.5998909939435343,0.18670045156082102,-9.124823892207152
31.012,-8.86,-0.6013230794833351,0.2311758288199086,-9.081780600487864
31.061,-8.67,-0.6025969043718821,0.16758966049433763,-9.146640593701983
31.1095,-8.94,-0.6038089702673567,0.1082982501448407,-9.207144069946954
31.159,-8.8,-0.6048417240420794,0.06306040299084452,-9.253414670875674
31.2285,-8.96,-0.6061451897356257,-0.0026755130852841457,-9.32045405264535
31.295,-8.89,-0.6071906478465235,-0.06862994262859018,-9.387453940299553
31.3595,-8.94,-0.6078983740444924,-0.060688473166392656,-9.380220197035325
31.426,-8.66,-0.6084676534044886,-0.08238867486341599,-9.402489678092344
31.492,-8.82,-0.6088257150839084,-0.15976397711355853,-9.480223042021905
31.559,-8.63,-0.6088856943901505,-0.057858296739543534,-9.378377340954133
31.6285,-8.5,-0.6087588607991163,-0.03971925716790356,-9.360111467791459
31.7105,-8.8,-0.6083070069924453,-0.13792848202759184,-9.457868838844476
31.7895,-8.35,-0.6075188456120294,0.24048658999155198,-9.078665605444916
31.863,-8.39,-0.606463983330922,0.2150070476787133,-9.103090285476648
31.937,-8.86,-0.6051599546618845,0.11863192853291708,-9.198161375953406
32.0085,-8.99,-0.6036753359703247,0.015524034719470003,-9.299784651075294
32.082,-9.34,-0.601821819827577,-0.11232216284816121,-9.425777332500177
32.156,-9.52,-0.5996743787997962,-0.09059416715715433,-9.40190189578139
32.236,-9.49,-0.5970755129001694,0.09303442211278938,-9.215674440611819
32.3285,-9.15,-0.593675832755708,0.20545054692752543,-9.099858635652621
32.385,-9.889999999999999,-0.5914058728152394,-0.07199596786973829,-9.375035190509417
32.4415,-9.5,-0.5889324550636474,-0.26922290623827033,-9.569788711126357
32.495,-10.04,-0.5865207349841515,-0.42852214915485914,-9.72667623396345
32.5465,-9.7,-0.5839734803476527,-0.4460222317527524,-9.741629061924844
32.5965,-9.85,-0.5814768564373887,-0.4488311595872197,-9.741941365849046
32.647,-9.61,-0.5787296505122694,0.030538478959666993,-9.259824521377041
32.6975,-8.57,-0.5759656434123601,0.5458171237791124,-8.741781869457686
32.75,-8.64,-0.5728550272734094,0.48368866165170077,-8.800799715446146
32.8015,-8.5,-0.5697850077591378,0.38854066918862634,-8.89287768839495
32.8535,-8.58,-0.5664488468801766,0.12817020272272686,-9.149911993981888
32.9245,-8.93,-0.5617806226651405,-0.10265343783489801,-9.376067410324477
33.001,-8.69,-0.5565149797403689,-0.09712952198197447,-9.365277851546782
33.0775,-8.71,-0.5509061232126718,-0.1478413070914258,-9.410380780128536
33.151,-8.86,-0.5452891372770027,-0.07494543967479313,-9.331867926776235
33.224,-8.59,-0.5395049468748537,0.061638190453877396,-9.189500106245415
33.298,-8.62,-0.5334232278426664,0.22263784532057204,-9.022418732346532
33.3775,-9.01,-0.5265551931591784,0.048949724977746814,-9.18923881800587
33.4575,-9.2,-0.5193921409572355,-0.06880613474407174,-9.299831625525746
33.5335,-9.51,-0.512358167022341,-0.10614017437157588,-9.330131691218355
33.6095,-9.48,-0.5051097889199356,-0.07299367166072765,-9.2897368104051
33.682,-9.47,-0.49793842891878054,0.0057791697251747265,-9.203792609018045
33.752,-9.35,-0.4908088321825524,0.11906214786890554,-9.083380034138086
33.8235,-9.17,-0.48336323143086524,0.1126703275399376,-9.082326253715367
33.8945,-9.47,-0.4757860194039151,-0.1680296623604198,-9.355449031588773
33.9625,-9.94,-0.4682945003320066,-0.2832506023642333,-9.463178452520678
34.0335,-9.07,-0.4603287760499313,-0.15741116953625864,-9.329373295410628
34.102,-8.73,-0.45250453465778856,0.20481299707843462,-8.959324887403792
34.175,-8.37,-0.4439155459756738,0.24455111629148849,-8.910997779508625
34.2485,-8.790000000000001,-0.43510151478528886,0.12771863991917362,-9.019016224690555
34.3195,-8.63,-0.42643991015485455,-0.01559394783615377,-9.153667207815447
34.3725,-8.62,-0.41984683377947085,-0.02864723608788595,-9.160127419691795
34.422,-8.73,-0.41361882348059104,-0.03067206629265067,-9.15592423959768
34.471,-8.69,-0.40736670312864964,-0.020096747358317856,-9.139096800311405
34.524,-8.78,-0.40053034600580656,-0.011978904791660474,-9.124142600621905
34.573,-8.540000000000001,-0.3941274289719323,-0.008183486597055648,-9.113944265393426
34.6245,-9.22,-0.38732541317769836,-0.022263846828633835,-9.12122260983077
34.6745,-9.16,-0.3806440298373032,-0.05526734298031468,-9.147544722642056
34.7235,-9.21,-0.3740297229337104,-0.062090867704327875,-9.147753940462477
34.776,-9.37,-0.36686559214649467,-0.03973199274898438,-9.118230934719918
34.8255,-9.41,-0.3600418414674256,0.031359518467337665,-9.040315672824526
34.8745,-9.55,-0.35322273348151223,0.14832599888302747,-8.916530084422924
34.924,-9.22,-0.34627217993384113,0.16797480710809565,-8.889930722650185
34.9765,-9.639999999999999,-0.33883066787156046,0.07780276927006466,-8.972661248425934
35.027,-9.83,-0.3316065610784856,-0.06798545236404012,-9.111225363266964
35.0785,-10.24,-0.32418074889619203,-0.2690748318700144,-9.304888930590646
35.1315,-10.18,-0.3164657148318108,-0.25742519273813175,-9.285524257394382
35.1805,-10.02,-0.3092869228284712,-0.10871474388075403,-9.129635016533665
35.2455,-9.67,-0.2996647673121866,0.14584370971289823,-8.865454407423728
35.311,-9.34,-0.2899032137260438,0.3284371290630866,-8.673099434487396
35.374,-9.629999999999999,-0.28040696496322276,0.03388064805363401,-8.958159666734026
35.4385,-9.79,-0.27061109161492636,-0.19460694251397873,-9.176851383953343
35.5005,-9.75,-0.2611462897718261,-0.3619222227490843,-9.33470186234535
35.565,-8.78,-0.2511864923307893,0.0878170540928042,-8.875002788062423
35.6275,-8.83,-0.24149063377783994,0.28814631645200306,-8.664977667150275
35.6915,-8.69,-0.23150356804780406,0.18640887594050998,-8.756728041931733
35.756,-8.99,-0.22135491661287893,-0.04998317292750218,-8.982971439364821
35.8235,-8.89,-0.2106892129419494,-0.20053403656611413,-9.122856599332502
35.892,-8.73,-0.19980517414333698,-0.12891751463362025,-9.040356038601395
35.9705,-8.17,-0.18724698627417166,0.10144598990619942,-8.79743434619241
36.0435,-8.44,-0.17551328534421956,0.0875462185456979,-8.79960041662296
36.115,-8.540000000000001,-0.16397602282731652,-0.04869492906678047,-8.924304301718536
36.1835,-8.56,-0.15287285933501862,-0.03742781406191342,-8.90193402322137
36.254,-8.59,-0.1414034000437715,-0.05005599905924482,-8.903092748927454
36.3255,-8.790000000000001,-0.1297419781021913,-0.002521918080230392,-8.84389724600686
36.4025,-8.64,-0.1171507744133581,0.1698408435637677,-8.658943280674029
36.484,-9.1,-0.10378488925361658,0.01681561938136669,-8.798602619696688
36.566,-8.66,-0.0903139898123315,0.09680583539739604,-8.705141504239373
36.642,-9.47,-0.07781497869236637,-0.06387804974701242,-8.853326378263818
36.714,-9.74,-0.0659663359801658,-0.30186018298525147,-9.079459868789856
36.7885,-9.32,-0.053702567876932894,0.0290867917232959,-8.736249125978077
36.8665,-9.53,-0.04086803103762326,0.031690598760163224,-8.7208107821019
36.9505,-9.43,-0.027058493912540803,-0.040127553905792264,-8.778819397642772
36.997,-9.61,-0.01941806713590718,-0.08376840779683138,-8.814819824757178
37.0435,-9.73,-0.011793504218183263,-0.012657451446659657,-8.736084305489282
37.0895,-9.52,-0.0042520081431195005,0.06551769302001818,-8.65036766494754
37.135,-9.28,0.003189827096837372,0.08898859992252998,-8.619454922805073
37.1785,-9.6,0.010299475533402403,0.09598163562238755,-8.60535223866865
37.223,-9.32,0.017557727109174855,0.08857374141015119,-8.605501881305113
37.2665,-9.67,0.02463931415960834,0.0680261907240932,-8.618967844940737
37.31,-9.5,0.031713064138516156,0.0551716388264019,-8.624748646859521
37.354,-9.73,0.03884156562653977,0.06823710406562195,-8.604554680132278
37.396,-9.540000000000001,0.04564604431965397,0.08070868452124241,-8.585278620983543
37.4395,-9.66,0.0526571566883755,-0.05631729758381807,-8.715293490719882
37.484,-9.959999999999999,0.0598256749582764,-0.21202646086014595,-8.863834135726309
37.5265,-9.94,0.06664399841849336,-0.2086302148897076,-8.853619566295652
37.5715,-9.92,0.07384549053191891,-0.1077935982988584,-8.745581457591378
37.616,-9.7,0.08094789877125652,-0.015275140565833263,-8.645960591619016
37.6585,-10.01,0.08769866048701576,0.06084041300187018,-8.563094276335553
37.704,-9.6,0.09492064786034603,0.1309358989945556,-8.485776802969538
37.75,-9.22,0.10216641962195802,0.0823010951999492,-8.527165835002531
37.7965,-9.78,0.10949094977228356,0.03313765223365977,-8.569004747818495
37.842,-9.37,0.11659681423742536,0.005128133029625894,-8.589908402557388
37.877,-9.73,0.12205894402421766,-0.015129404472271443,-8.604703810272493
37.9115,-9.79,0.1274248119416486,-0.009380583905497251,-8.593589121788288
37.945,-10.1,0.13259974146330333,0.04614469500073019,-8.532888913360406
37.9795,-9.55,0.13792914649306678,0.10332744491907979,-8.470376758412293
38.014,-9.49,0.1432345722026215,0.14273461567042714,-8.42566416195139
38.046,-9.37,0.14812297858734874,0.15514379281960433,-8.408366578417485
38.0805,-9.15,0.15339329172088353,0.16852243693356297,-8.389717621169993
38.1145,-9.46,0.15856056946300984,0.07384325760880857,-8.47922952275262
38.148,-9.6,0.1636165398697693,-0.16236875792753538,-8.710385567882204
38.182,-9.77,0.16874797252140505,-0.4021063259345374,-8.944991703237571
38.2165,-9.889999999999999,0.1739225037347348,-0.48338546523354514,-9.021096311323248
38.2515,-9.629999999999999,0.17913621063906865,-0.38657175386350034,-8.91906889304887
38.284,-9.69,0.18397750990737896,-0.2966733075913103,-8.82432914750837
38.332,-8.58,0.1910611004656081,-0.03608809495899613,-8.556660344317827
38.393,-8.36,0.2000208218077405,0.37628623242741105,-8.135326295589287
38.4495,-8.67,0.20821063417860589,0.27703965923414847,-8.226383056411684
38.5045,-8.45,0.21615759399743575,0.11855362763570733,-8.376922128191296
38.558,-8.45,0.22377400192029404,0.012066749801925975,-8.475792598102219
38.611,-8.49,0.23129249352843279,-0.056683019664417446,-8.537023875960424
38.6645,-8.43,0.23877887246255952,0.015529362387396026,-8.457325114974482
38.718,-8.1,0.24621950943886994,0.06543128356258579,-8.399982556822982
38.7725,-8.08,0.2537073242061309,0.07144231211065238,-8.386483713507655
38.8235,-8.13,0.2606520138185757,0.07387569846423549,-8.377105637541627
38.879,-7.93,0.2681301888072217,0.07245938228349397,-8.371043778733723
38.934,-8.22,0.27544734623942624,-0.027338005677814508,-8.463524009262827
38.988,-8.24,0.28257467553841525,-0.1849885987732576,-8.614047273059281
39.0415,-8.36,0.28951746825466507,-0.09328884292505792,-8.515404724494832
39.0835,-7.960000000000001,0.2949409755789688,0.03497128433234349,-8.381721089913126
39.1275,-7.76,0.30054146774859103,0.0003245139226818014,-8.410767368153167
39.1705,-8.39,0.3059670178886299,-0.13263880005913062,-8.53830513199494
39.2135,-7.98,0.3113513728044437,-0.21776525153309842,-8.618047228553094
39.254,-7.970000000000001,0.316337898310174,-0.19948755275982047,-8.594783004274085
39.2965,-7.99,0.321570671989028,-0.18030725157798114,-8.570369929413392
39.342,-7.98,0.3270407597487109,-0.14068836288119835,-8.525280952956926
39.3835,-7.82,0.3320199232833259,-0.10310187761941204,-8.482715304160525
39.424,-7.9399999999999995,0.33680149817446436,0.008278924945829443,-8.366552926704145
39.468,-7.6899999999999995,0.34193832852093864,0.18507968517081141,-8.184615336132689
39.5105,-7.460000000000001,0.34686518175585,0.3222029482020467,-8.042565219866542
39.552,-7.59,0.35157237506068023,0.35595980689534984,-8.00410116786841
39.5945,-7.51,0.35639299471020486,0.3905300838704175,-7.964710271243817
39.6385,-8.12,0.36125275865532364,0.13320475923747613,-8.21717583193164
39.68,-8.5,0.3658187493188519,-0.14899429777760054,-8.494808898283187
39.7225,-8.53,0.3704164265697962,-0.18069610917725842,-8.521913032431902
39.767,-8.49,0.3751575551081012,0.025581631696878642,-8.31089416301946
39.8085,-8.33,0.37954882003426543,0.206260102450947,-8.125824427339227
39.8535,-8.39,0.38418314160799155,0.35295195304443605,-7.974498255172011
39.8985,-8.35,0.3888174631817184,0.49964380363794825,-7.823172083004772
39.9405,-8.6,0.39299584264937165,0.030226008364346666,-8.28841149881072
39.9729,-9.489,0.39621496431486164,-0.3492200105370449,-8.664638396046621
40.0147,-9.972,0.4003136727382428,-0.628668569434564,-8.93998824652076
40.045,-9.633,0.4032121078189072,-0.5504912992162455,-8.858912541221777
40.0765,-9.78,0.4062253324077164,-0.4692178994843378,-8.77462591690106
40.118300000000005,-9.673,0.41015498276148404,-0.3555840690994982,-8.657062436162454
40.1495,-9.759,0.4130221249232808,-0.26522120706674795,-8.563832431967906
40.1798,-9.581,0.4158065610611794,-0.17746496605417755,-8.473291754817437
40.2218,-9.396,0.41958282876060854,-0.02440070341338154,-8.316451224477213
40.2545,-9.497,0.4224627941718529,0.11743944953522151,-8.171731106117365
40.2854,-9.113,0.42518422937697414,0.2514718876426349,-8.03497723280483
40.3264,-8.857,0.4286927538248339,0.2620341010569109,-8.020906494942693
40.357,-9.008000000000001,0.43126902848182824,0.20087231722698484,-8.079492004115625
40.3936,-9.183,0.434350455032351,0.12771802676373945,-8.149564868028348
40.4416,-8.772,0.4382280311090681,0.15577713066065693,-8.117628188054713
40.477,-8.735,0.4410691767248407,0.190539854901635,-8.080024318197964
40.5121,-9.033,0.44383805001063575,0.18015588107404124,-8.087639418739762
40.5583,-9.136,0.447361969210645,0.05427071439792435,-8.210000666215869
40.5925,-9.189,0.4499705847223397,-0.03891700638827571,-8.300579771490375
40.6312,-8.941,0.4527967480176334,-0.06272684693727722,-8.321563448744083
40.6818,-9.031,0.4564524333893945,-0.06819868044726082,-8.323379596882305
40.719,-9.282,0.45906267933773215,-0.03180644828749917,-8.284377118774206
40.756800000000005,-8.972,0.46163975434512805,0.04451048242695448,-8.205483113052356
40.806599999999996,-9.029,0.46500783681274566,0.12279605827154146,-8.123829454740152
40.8435,-9.029,0.467371974457824,0.07284814255198278,-8.171413232814633
40.8801,-9.303,0.4697168914716414,0.023306307448034125,-8.218610150904764
40.9287,-9.241,0.472711772202275,-0.08169569380776907,-8.320617271429933
40.965,-9.414,0.4748871315231506,-0.18043336388679057,-8.417179582188078
41.001599999999996,-9.705,0.4770737950254455,-0.27417558700979144,-8.508735141808785
41.05,-9.657,0.47977238577768305,-0.23002912584295446,-8.46189008988971
41.086,-9.834999999999999,0.481779602039678,-0.19719291505770314,-8.427046662842464
41.1229,-9.561,0.48374088746642485,-0.05055146135822437,-8.278443923716239
41.1725,-9.215,0.4862982143534573,0.239406708166883,-7.985928427304099
41.21,-9.237,0.4881894895794062,0.38579028082326744,-7.837653579421765
41.2511,-9.491,0.4901351736732401,0.32669043156638683,-7.894807744584812
41.3047,-9.379,0.49265269906923415,0.22837086713018792,-7.9906097836250165
41.344,-9.406,0.4943466744503211,-0.0057876086057088,-8.223074283979827
41.380300000000005,-9.838,0.4959113387336152,-0.22207139153733987,-8.437793402628163
41.4283,-10.022,0.49786003147577657,-0.22374886075465056,-8.437522179103313
41.464,-9.62,0.49924709614855334,-0.0777955539333081,-8.290181807609194
41.4988,-9.343,0.5005991928043696,0.0644782577581075,-8.146555899261962
41.545,-9.598,0.5022025098515605,-0.12088257019648796,-8.330313410169367
41.5795,-9.612,0.5033959745037359,-0.26675379998339566,-8.4749911753041
41.613099999999996,-9.515,0.504502420197663,-0.29040832830956526,-8.49753925793634
41.658699999999996,-9.228,0.5058853377965855,-0.07103202198785023,-8.276780034015703
41.6935,-8.788,0.5069407222799738,0.0963867380997933,-8.108305889444672
41.726800000000004,-8.975,0.5078362348627122,0.054686218634389744,-8.149110896327336
41.7712,-8.346,0.5089932626976054,-0.06620647393474256,-8.268846561061576
41.8045,-8.952,0.5098418368269718,-0.12372287070657578,-8.325514383704041
41.838699999999996,-8.947000000000001,0.5105871656943601,0.03512081449259467,-8.165925369637483
41.883900000000004,-8.294,0.5115722202208502,0.24505457387868104,-7.955006555724907
41.9175,-8.197000000000001,0.5122299226558338,0.2629743686793985,-7.936429058489207
41.950199999999995,-8.372,0.5128032587499454,0.15673207690103427,-8.04209801417346
41.994,-8.512,0.513571213518205,0.014425887913478928,-8.183636248392755
42.027,-8.543,0.5140350532502019,0.07388178699050188,-8.123716509583735
42.059400000000004,-8.402,0.5144654217886104,0.16862166407266724,-8.028546263963161
42.102599999999995,-8.278,0.5150282313619505,0.2740461097014263,-7.922559008761062
42.126400000000004,-8.314,0.5152435353375054,0.1523657925869789,-8.044024021899954
42.2027,-8.981,0.5159223828703084,-0.21702914593081896,-8.412740112884949
42.276,-8.922,0.5162762198331973,-0.0298759689572607,-8.225233098948502
42.3539,-8.939,0.5164259944374306,0.09135557493349303,-8.103851780453516
42.4305,-9.139,0.5163469256746385,-0.05168160556783111,-8.246968029717632
42.5185,-10.121,0.5159584162363696,-0.40252878420150473,-8.598203717789573
42.6265,-9.405,0.5150191488114197,0.010252947981373129,-8.186361253031645
42.6645,-9.866999999999999,0.5145707493268504,0.021392600692318887,-8.175669999805269
42.7025,-9.633,0.5141121594011048,0.038613094013410995,-8.158908096409922
42.739,-9.108,0.5135326794550155,0.13809329649920876,-8.060007373870214
42.7765,-9.173,0.5129373233460196,0.24029898398463068,-7.958397042493788
42.813,-9.545,0.512305365156347,0.25567632814321756,-7.943651656524874
42.849,-9.977,0.511588498924865,0.1208935650693118,-8.079151285830262
42.886,-9.887,0.5108517197425083,-0.017633163645580843,-8.218414793727511
42.9225,-9.604,0.5100350335571662,-0.14306076501720505,-8.344659081284478
42.964,-10.456,0.5090428979023386,-0.2777274947743312,-8.480317946696431
43.0241,-9.804,0.5075109553068915,-0.15001435190133827,-8.354136746418884
43.0901,-8.851,0.5056725546139359,0.5196596452312747,-7.686301149979228
43.152300000000004,-9.75,0.5037361319011404,0.3500980481938997,-7.8577991697293985
43.218300000000006,-9.314,0.5015700909173529,0.029418203522637146,-8.18064505538445
43.2787,-9.566,0.4994199813608908,-0.21619484748366802,-8.428408215947217
43.34,-10.067,0.49708626786303156,-0.21184638311028198,-8.426393465071689
43.4011,-9.364,0.49467561996806014,-0.07491084133905813,-8.291868571195437
43.462,-9.738999999999999,0.49204979760194917,-0.047780027819456054,-8.267363580041945
43.5205,-8.847,0.48945226726818947,-0.08980767790713502,-8.311988760463384
43.581,-9.489,0.486621793465848,-0.26380144269318034,-8.48881299905177
43.6495,-8.622,0.4832387157906723,-0.03271491355107343,-8.261109547584839
43.723,-8.4,0.47945396017942443,0.2437795959893822,-7.988399793655632
43.789,-8.349,0.47589512591131905,0.20071604056737313,-8.035022183345747
43.857,-8.417,0.47203102115861656,0.1259090529357418,-8.11369327573008
43.9215,-8.332,0.4682567786526522,0.02107572614678465,-8.222300845025002
43.9845,-8.675,0.4644279261549816,-0.1366130068422416,-8.383818430511699
44.05,-8.229,0.46028143993239923,-0.1307397230192816,-8.38209163291132
44.116,-8.618,0.4559997801276942,-0.05917279541443304,-8.314806365111178
44.208400000000005,-8.463000000000001,0.44975249697620634,0.06987234801480871,-8.192008504833424
44.28,-8.552,0.44470622527377957,-0.033821553430204994,-8.300748677980865
44.3285,-9.156,0.44120049654955223,0.024063059210760247,-8.246369794064128
44.373,-8.866,0.4379275518048822,0.1596700008370844,-8.114035797182472
44.421,-8.575,0.43433449939566715,0.22848629758654831,-8.048812552842223
44.4645,-8.922,0.4310052563795913,0.20060057633737619,-8.080027517107471
44.5122,-8.977,0.4273192231929289,0.1398444407830041,-8.144469685848504
44.5555,-9.173,0.42387983765198817,0.004979766380744688,-8.282773745791705
44.5967,-9.438,0.4206072583382066,-0.12334412704586786,-8.414370218532099
44.638,-9.305,0.41722005447037025,-0.33728285451220763,-8.631696149866276
44.6841,-10.257,0.41342883924345813,-0.5843550248906023,-8.882559535471582
44.756699999999995,-9.31,0.40730431306352605,-0.17563066431050486,-8.479959701071417
44.838699999999996,-9.087,0.4002365572916144,0.20424928875822568,-8.107147503774598
44.9107,-9.148,0.39390399260282355,0.1898990245348668,-8.127830332686749
44.9795,-9.424,0.3877048606901271,0.07039940298852268,-8.253529086145788
45.0488,-8.771,0.3813420899009503,0.17290218731456,-8.157389072608929
45.119,-8.892,0.37480191943272734,0.2144665772034729,-8.12236485318824
45.192099999999996,-9.354,0.3678672540651121,-0.18311040957211175,-8.526876505331439
45.2652,-9.158,0.3607870596308416,-0.0939400866043532,-8.44478637679795
45.3455,-9.015,0.3528931659796334,-0.1675886235231527,-8.526328807367957
45.396800000000006,-9.449,0.34780273969611086,-0.330142656505225,-8.693973266633552
45.4466,-9.084,0.3427666065802549,-0.11522555391522757,-8.48409229715941
45.491699999999994,-8.992,0.3381998912477407,0.10258704976472044,-8.270846408811977
45.5354,-9.065,0.33370676282431694,0.14917754481802634,-8.228749042182095
45.5796,-9.041,0.32914605850439205,0.1572999174883486,-8.225187373831698
45.625,-9.168,0.3244159909368737,0.18172747746060802,-8.205489881426956
45.667,-9.267,0.3200057773884309,0.21646781540501758,-8.17515975703099
45.709,-9.133000000000001,0.31558011232452793,0.22590715193180208,-8.170146085568108
45.7505,-10.024,0.311151152663707,0.14356818566544827,-8.256914011495283
45.7795,-10.001,0.30805621699710956,0.08603011285282158,-8.317547019974509
45.8085,-9.325,0.3049475857764001,0.009585252419063568,-8.397100511628976
45.837,-9.610999999999999,0.30186009068225683,-0.11035413138501665,-8.520127390527199
45.866,-9.544,0.2987184290075151,-0.232397714904938,-8.645312635721861
45.894,-10.046,0.29568510049397106,-0.3502328989931472,-8.766181148323614
45.9225,-10.306,0.2925637414994113,-0.3546909469476267,-8.773760555272654
45.9505,-10.244,0.2894882712431267,-0.3288160242007895,-8.750961102782101
45.9766,-9.705,0.2866214936113756,-0.3046968997832012,-8.729708755996265
46.002199999999995,-10.179,0.2838065585886778,-0.2680226685315189,-8.69584945976728
46.0283,-10.311,0.2809032824480205,-0.08947270294138593,-8.520202770317805
46.054,-10.26,0.2780445009608605,0.08634086470862687,-8.347247984154953
46.08,-9.582,0.27515234848357845,0.2642067308136691,-8.172274270527192
46.1055,-9.534,0.27230871162779763,0.37032507515944985,-8.068999563037192
46.1282,-9.807,0.2697543252809756,0.24361139418853345,-8.19826763035493
46.151900000000005,-9.955,0.2670874109012533,0.11131561273429022,-8.333230326188895
46.1757,-9.943999999999999,0.2644092437182423,-0.02153837876822222,-8.468762484874418
46.1996,-10.153,0.26171982373194097,-0.1549505803190832,-8.604864106411581
46.223,-9.946,0.2590594325008735,-0.050054021878082076,-8.502627939201647
46.2485,-9.902,0.25615977204623697,0.06871987660785843,-8.386753701170342
46.276,-9.695,0.2530326872422169,0.1968093749750602,-8.261791287607162
46.3155,-9.689,0.24852436670544523,0.26983465843677,-8.193274324682223
46.3685,-9.921999999999999,0.24244055365762815,0.1372939164366229,-8.331898879730186
46.4185,-9.916,0.23668317463391803,-0.09309077462082191,-8.568040949811342
46.466,-9.836,0.23118465712306419,-0.4823609169148673,-8.962809609616242
46.513,-11.020999999999999,0.22573281255282338,-0.6080969318577791,-9.093997469129395
46.5615,-9.498,0.22007672906570558,-0.03766434850844034,-8.529220969267174
46.6085,-9.451,0.21458915941883697,0.3849914052002395,-8.112052785205362
46.658,-9.7,0.2087790885294568,0.20934290307339942,-8.293511358221583
46.7075,-9.756,0.2029641570585497,0.0760779542837428,-8.432591238482146
46.7605,-9.936,0.1967089249665243,0.18752030468018252,-8.327404120177732
46.808,-9.361,0.19109848728084058,0.2598608444180766,-8.26067401812552
46.8495,-9.447000000000001,0.18617804274591523,0.2042739205174825,-8.321181386561042
46.8915,-9.484,0.18119831574671338,0.14801727464217923,-8.382417759435548
46.933,-9.509,0.1762634894614691,0.0475414141788514,-8.48782844618412
46.9745,-9.635,0.1713249587859912,-0.06449674812638946,-8.604805139164837
47.016,-9.61,0.1663811389791464,-0.16960437529155936,-8.714856586136852
47.06,-9.661999999999999,0.16113056134448855,-0.2693328528474724,-8.819835641327423
47.105,-9.661999999999999,0.15575952206833885,-0.37240529519325327,-8.928279122949354
47.1475,-9.32,0.15067833357977597,-0.47789191038234713,-9.03884692662701
47.19,-9.613999999999999,0.145597145091214,-0.5833785255714233,-9.149414730304649
47.232,-9.917,0.1405718184771467,-0.2696697638474481,-8.84073129519474
47.2735,-8.453,0.13560510774714132,0.1693602168835871,-8.40666802519371
47.314,-8.348,0.13075780135294707,0.4448487660669103,-8.136026782404581
47.474,-8.042,0.11161195811147347,0.31111336512575305,-8.288908026587213
47.6095,-8.464,0.09542646355869736,-0.186521778582012,-8.802728664847754
47.734,-8.261,0.08060483085398075,-0.16425280817730015,-8.795281327147759
47.8625,-8.235,0.06537226134412752,-0.15082716279122788,-8.79708825127154
47.9885,-8.224,0.050517456961600454,-0.048365656432980866,-8.70948154929582
48.075900000000004,-7.621,0.040278747824317666,0.24002190561154604,-8.431332696388575
48.1494,-8.31,0.03171220716688928,0.24734380027154307,-8.432577342386006
48.238,-7.960000000000001,0.021439901205765614,0.10591251514678977,-8.584280933471883
48.329,-8.601,0.01096046224890953,-0.033886758217099036,-8.73455964579263
48.4148,-8.712,0.0011496201749309997,-0.12977004200291783,-8.840253771652426
48.532,-8.814,-0.012117245778317982,-0.09397323166686607,-8.817723827269623
48.6246,-9.059,-0.022495786591446746,-0.14570774886881804,-8.879836885284703
48.645,-9.28,-0.02476441019138178,-0.159220925735073,-8.895618685750893
48.674099999999996,-9.15,-0.0280005350324644,-0.1784970750884002,-8.918130959945303
48.7155,-9.26,-0.03258485439633311,-0.13788940226163257,-8.882107606482403
48.7485,-8.99,-0.0362128468216714,-0.014907752626648774,-8.762753949272758
48.7854,-9.02,-0.040269601988186195,0.12260809196520206,-8.629294859847423
48.821,-9.01,-0.0441551749355105,0.1723012928739177,-8.583487231886032
48.8375,-8.78,-0.04594696583674349,0.1685951868100513,-8.588985128851132
48.8531,-8.76,-0.04764102268881816,0.16509123198603248,-8.594183140527225
48.874300000000005,-9.22,-0.049943202513433385,0.16032944722518444,-8.601247105112687
48.8905,-9.22,-0.051702415398280015,0.15669072490793443,-8.606645040314785
48.905800000000006,-9.23,-0.05335564998564704,0.1403695816262293,-8.624619418183856
48.9268,-9.2,-0.055606261268055804,0.08900168207176996,-8.678237929020725
48.943,-9.31,-0.05734244711448571,0.04937501670118058,-8.719600780237744
48.9586,-9.46,-0.059014329781418344,0.011216005603572771,-8.759431674002284
48.9792,-9.57,-0.06122207227749636,-0.03917345776891624,-8.812028879870851
48.9945,-9.66,-0.06286180335468075,-0.07659864173004195,-8.851093794909161
49.009800000000006,-9.7,-0.06448688585250364,-0.04393204978653319,-8.820052285463476
49.041599999999995,-9.91,-0.0678474212205904,0.10572293433359262,-8.673757836711436
49.074,-9.51,-0.07127136291637827,0.2582015973994424,-8.524703115341374
49.104,-9.39,-0.07443541644775069,0.3750896217040166,-8.410979144568174
49.1424,-9.51,-0.07843329802582064,0.32256421363166526,-8.467502434218595
49.17,-9.43,-0.08130677541005815,0.2848115765796661,-8.508128548654831
49.1967,-9.74,-0.0840865524448095,0.24829000377936458,-8.547429898489884
49.232699999999994,-9.45,-0.0877811264194565,0.0501493840828986,-8.749265092160998
49.26,-10.06,-0.09057875530399298,-0.11150227910122479,-8.913714384229657
49.2903,-10.379999999999999,-0.09368381593408287,-0.29091786131656866,-9.09623502707509
49.3321,-10.51,-0.09791278476724116,-0.3063804389811359,-9.115926573572816
49.3645,-10.379999999999999,-0.10117795736942739,-0.26401406386033216,-9.076825371054198
49.3933,-10.29,-0.10408033301581532,-0.22635506375294895,-9.042068746593204
49.432300000000005,-10.31,-0.10795366056713333,-0.3736307399582289,-9.1932177503498
49.462,-10.78,-0.1108943486953803,-0.5171071404895708,-9.33963483900939
49.488699999999994,-10.719999999999999,-0.1135379976187531,-0.6460909753106405,-9.471262322753832
49.5241,-10.65,-0.11699908132749623,-0.5022166720376374,-9.330849103189571
49.5505,-9.78,-0.11956485026435106,-0.2848132554137738,-9.116011455502562
49.5766,-9.56,-0.12210146273601408,-0.06988033216065913,-8.903615144721112
49.6104,-9.799999999999999,-0.1253668387997057,0.16542385873178525,-8.671576329892359
49.635,-9.37,-0.12771134127636996,0.26620274490542495,-8.573141946195383
49.6599,-9.25,-0.13008443524665234,0.368210641886072,-8.473507143185019
49.6935,-9.22,-0.13328668253185233,0.505859852269582,-8.33906018008671
49.719,-8.91,-0.13568011866095517,0.5364783827417459,-8.310835085743648
49.743300000000005,-8.89,-0.13794891216344995,0.541581335404385,-8.308000926583503
49.7757,-8.92,-0.1409739701667755,0.5483852722879019,-8.304222047703313
49.8,-8.96,-0.14324276366926963,0.5534882249505395,-8.301387888543168
49.8249,-9.14,-0.14551797407399678,0.3870962874182643,-8.47005503648017
49.8583,-9.17,-0.14856986272933329,0.16390388928262103,-8.69629932327115
49.8835,-9.47,-0.15087248530761097,-0.004492770388568665,-8.866998605520617
49.9069,-9.53,-0.1529965418383816,-0.11677048868010269,-8.981400380342922
49.9399,-9.51,-0.15594447959497482,-0.12642179613504995,-8.993999625554464
49.966,-9.61,-0.1582760303660984,-0.134055102940326,-9.003964483130863
49.9912,-9.49,-0.16052718283476933,-0.1414251922695576,-9.013585724928765
50.0244,-9.44,-0.16344198766167436,-0.1510131018457537,-9.026088439331867
50.049,-9.39,-0.16558812401653544,-0.15808482310271943,-9.035306296943693
50.073,-9.49,-0.16768191558225368,-0.1649840633534181,-9.044299328760111
50.1054,-9.48,-0.17049700489390293,-0.1769980296639191,-9.05912838438226
50.13,-9.76,-0.17259061887266522,-0.19636971434914238,-9.080593683046246
50.155199999999994,-9.540000000000001,-0.17473529660700632,-0.21621387914863271,-9.102582525580077
50.187599999999996,-9.629999999999999,-0.17749273940830326,-0.2417278053194172,-9.130853894552159
50.211,-9.5,-0.17946027647319873,-0.2561058718355757,-9.147199498133213
50.2386,-9.09,-0.18174911800124627,-0.2676815062595878,-9.161063974085273
50.272400000000005,-9.13,-0.1845521195826964,-0.28185746435856207,-9.178042933765697
50.2955,-9.75,-0.18646778042682255,-0.2915457670830039,-9.189646897334265
50.3183,-9.07,-0.1883179986935264,-0.18772730427680923,-9.087678652794775
50.3525,-9.28,-0.1910783640121694,0.009821229717518502,-8.892890484119091
50.381,-9.08,-0.19337866844437213,0.1744450080461386,-8.730567010222673
50.4077,-9.05,-0.19551634082528235,0.3107840371406324,-8.596365653509089
50.442699999999995,-9.24,-0.19826241397426064,0.43164696233196015,-8.478248801466739
50.4685,-9.03,-0.2002866621812223,0.5207402043301608,-8.3911798076755
50.4946,-8.74,-0.20233444815803198,0.6108694142585582,-8.303098383723912
50.531400000000005,-8.76,-0.2051499359086636,0.35897160582785065,-8.557811679905251
50.5605,-9.48,-0.20736654768244583,0.10824338203245984,-8.810756515474425
50.5893,-9.709999999999999,-0.20956030778845797,-0.13990001471359112,-9.06109367232649
50.6335,-9.44,-0.21284946680304645,-0.27796915438977354,-9.20245197101726
50.671,-9.84,-0.21561899985986516,-0.3293239770534814,-9.256576326737786
50.727,-9.82,-0.21969148808448682,-0.21537057993957973,-9.146695417848505
50.7825,-9.32,-0.22366018207218544,0.10050210630302416,-8.8347914255936
50.836,-9.290000000000001,-0.22740048167767737,0.15211712540424588,-8.78691670609787
50.885,-9.47,-0.2307881642015432,0.08680492119642932,-8.855616592829552
50.9365,-9.53,-0.23426129800935375,-0.007990008528785564,-8.953884656362577
50.984,-9.75,-0.23743154969480182,-0.10533429336934813,-9.054399192888589
51.0365,-9.67,-0.2408473984784626,-0.0771652622027925,-9.029646010505694
51.0825,-9.55,-0.2438064896691247,-0.00034061808362763677,-8.955780457577191
51.129,-9.629999999999999,-0.24672724191915893,-0.03494226885957065,-8.993302860603169
51.1825,-9.74,-0.2500387277962789,-0.15269469435894498,-9.114366771979663
51.2325,-9.95,-0.2530540972590654,-0.037991652430708435,-9.002679099514213
51.2735,-9.38,-0.2554916079994177,0.1553015109138783,-8.811823446909978
51.3335,-9.32,-0.25897638630430464,0.17450030095734023,-8.796109435171404
51.3785,-9.74,-0.2615411365151862,0.032468754063838465,-8.940705732275786
51.4255,-9.62,-0.2641569950538146,-0.042511460530887314,-9.018301805409141
51.4745,-9.68,-0.2668288937296425,-0.056194369924437125,-9.034656613478518
51.5325,-9.81,-0.26991120624155135,0.002876646541064056,-8.978667909524926
51.579,-9.58,-0.27233183117311893,0.09758171456621816,-8.88638346643134
51.6215,-9.55,-0.27449100424952527,0.09622965199450725,-8.889894702079458
51.6695,-9.799999999999999,-0.2768708835948808,-0.0022754865195569974,-8.990779719938876
51.7255,-9.81,-0.2795842575771369,-0.07072457727847771,-9.061942184680053
51.77,-9.94,-0.28168039776064663,-0.0809461120928857,-9.074259859677971
51.8195,-9.81,-0.2839637992239712,-0.05321716929334394,-9.048814318341753
51.867,-9.709999999999999,-0.2860836956015014,0.031113271447715286,-8.966603773978225
51.9215,-9.709999999999999,-0.2884628785590699,0.03746859483168056,-8.962627633551827
51.968,-10.0,-0.2904232598234117,-0.07549859321514038,-9.07755520286299
52.0255,-9.95,-0.2927845567190005,-0.10952329233995439,-9.113941198883394
52.0695,-9.86,-0.2945311277737603,-0.034091484319274466,-9.040255961917474
52.1115,-9.799999999999999,-0.29617007949756013,0.02845448403345759,-8.979348945288542
52.1625,-9.82,-0.29806932138002595,0.07394653068829188,-8.935756140516173
52.213,-9.719999999999999,-0.29991818207554627,0.08315144598564361,-8.928400085914342
52.2655,-9.959999999999999,-0.3017450177560158,-0.014761534622286313,-9.02813990220274
52.3205,-9.959999999999999,-0.3036090467789115,-0.04613591172705107,-9.0613783083304
52.3635,-9.98,-0.3050008561050071,0.02301739876568423,-8.993616807163761
52.4155,-9.78,-0.3066465736932244,0.07608143556143586,-8.942198487956226
52.4705,-10.08,-0.3082940828815167,0.0560832003143233,-8.963844232391631
52.515,-9.85,-0.3095911511864484,0.04784980696776825,-8.97337469404312
52.5625,-9.959999999999999,-0.31090026475801136,0.05574409426733189,-8.966789520315118
52.617,-9.969999999999999,-0.3123619472440961,0.012615004335329692,-9.011380292733206
52.6715,-10.24,-0.3137346155709943,-0.14563190740460322,-9.170999872800037
52.722,-10.36,-0.31495481870431186,-0.13536389565996412,-9.161952064188714
52.7845,-9.93,-0.3163820509524984,0.1289002632574188,-8.89911513751952
52.831,-9.9,-0.3173718078179727,0.08668417389861773,-8.942320983743794
52.8955,-10.28,-0.3186946888109113,-0.13751283415564566,-9.167840872790995
52.9615,-10.29,-0.3199069460644506,-0.09815007513219187,-9.12969037102108
53.025,-10.11,-0.32100657781072767,-0.04901656788171371,-9.08165649551688
53.087,-10.17,-0.32199489886223476,-0.012560935562882387,-9.046189184249556
53.1435,-9.83,-0.322798133563006,0.08398316726205902,-8.950448316125385
53.1985,-9.84,-0.32355170448543924,0.1963856935969046,-8.838799360712972
53.2605,-9.99,-0.32426767176761995,0.04745422251665413,-8.988446799075405
53.319,-10.07,-0.32489881992397396,-0.002369483279779922,-9.038901653028192
53.3685,-9.67,-0.32536025540217833,0.1263669939820942,-8.910626611244524
53.426,-9.78,-0.32584071462597575,0.08420977478725068,-8.953264289663164
53.481,-10.17,-0.32623590753257975,-0.1782680621312769,-9.216137319488295
53.5475,-10.11,-0.3266140250230006,-0.1632165378981774,-9.201463912745616
53.6035,-9.86,-0.3268916441052415,-0.04777183248098674,-9.086296826410667
53.669,-9.83,-0.32708985810531366,-0.07415897997206748,-9.11288218790182
53.7165,-9.879999999999999,-0.3272002771963687,-0.06737516079440306,-9.10620878781521
53.771,-9.709999999999999,-0.3272551335435089,-0.0037178633660885415,-9.042606346734036
53.831,-9.68,-0.3272542126305865,0.11423385636812428,-8.9246537060869
53.891,-9.290000000000001,-0.3271959341876862,0.2769674615800465,-8.761861822432078
53.943,-9.79,-0.32706222978517147,0.15581796249236413,-8.882877617117245
54.0115,-9.639999999999999,-0.32684141978290054,-0.045922676040823625,-9.084397445648163
54.053,-9.68,-0.32664235743020925,-0.07764174156401307,-9.115917448818662
54.1155,-9.68,-0.3263139632963425,-0.10204449721955809,-9.139991810340339
54.178,-9.49,-0.3258988422334802,-0.055592717207405544,-9.093124909265324
54.229,-9.56,-0.32550793477773343,-0.0019034098897661943,-9.039044694491938
54.277,-9.3,-0.3251027736605705,0.05989788239166322,-8.976838241093347
54.343,-9.22,-0.3244703558601261,0.08233373893972824,-8.953769966744836
54.402,-9.13,-0.3238655904349227,0.06939529952364738,-8.966103640735714
54.4575,-9.19,-0.3232053587751935,-0.025631621517835948,-9.060470330117468
54.513,-9.1,-0.32252361615525,-0.11043048012726858,-9.144587446106957
54.578,-9.06,-0.32164281706800835,-0.17058295837601334,-9.20385912526846
54.629,-8.98,-0.32090517906462174,-0.15309079051987673,-9.185629319408937
54.684,-8.67,-0.3200716040160566,-0.08130352326965108,-9.113008477110146
54.752,-8.95,-0.31896014033790426,-0.013903888698811479,-9.044497378861154
54.798,-8.55,-0.31819143688686186,0.027244938842461076,-9.002579847868839
54.8535,-8.69,-0.3171834932726563,-0.018409923523095232,-9.047226766620192
54.915,-8.64,-0.31604144795526756,-0.01662779310101038,-9.044302590880717
54.97,-8.41,-0.3149596672267287,0.14110653709404003,-8.885486479957128
55.0325,-8.57,-0.31368480530683096,0.27209388837640414,-8.753224266754867
55.0845,-8.61,-0.3125891257799012,0.3440145986215933,-8.680207876982747
55.132,-8.48,-0.3115450513767774,0.3186023759731733,-8.704576025228043
55.2005,-8.99,-0.31000855151724677,0.21619801901581887,-8.805443882325868
55.2605,-9.27,-0.30858536174342954,-0.12554251659439045,-9.14576122816226
55.311,-9.969999999999999,-0.3073737953392863,-0.33283984698771485,-9.351846992151438
55.371,-10.16,-0.30587579641357593,-0.2363933621693546,-9.25390250840737
55.4205,-9.62,-0.30461544989899847,-0.169616673785747,-9.185865473509184
55.475,-9.639999999999999,-0.30318964030502804,-0.11601821707110149,-9.130841207200568
55.5425,-10.11,-0.3013751405874825,-0.22880186952200038,-9.241810359933922
55.602,-10.08,-0.2997483151002368,-0.4054739498405281,-9.416855614765204
55.6525,-9.36,-0.29831428585393954,-0.17363892748541498,-9.183586563163793
55.72,-9.52,-0.29637670584870757,0.05486538255466751,-8.953144673118478
55.77,-9.27,-0.2949048543108307,0.08096954568130257,-8.925568658453967
55.826,-9.21,-0.29323065487428585,0.20552716279471858,-8.799336841904006
55.886,-8.67,-0.29140506599624216,0.4568235918041713,-8.54621482401651
55.9435,-8.67,-0.28961470098795333,0.3233608133639476,-8.677887237448445
55.995,-9.040000000000001,-0.28799938363372224,0.09593372114326149,-8.903699012314899
56.052,-9.12,-0.28616533644516884,0.056512193783534,-8.941286492486073
56.117,-9.12,-0.28405454192359475,0.02741544319719593,-8.968272448550836
56.172,-9.11,-0.28223439391140814,-0.014932822658541152,-9.008800566394388
56.2315,-9.57,-0.28024042329106974,-0.04565341379670037,-9.037527186912207
56.2915,-9.47,-0.2782073760260519,-0.06310384041619753,-9.052944566266687
56.346,-9.889999999999999,-0.2763265413948494,-0.17150017551938732,-9.159460066738674
56.4015,-9.95,-0.2744037273457734,-0.29172115122795617,-9.277758228398168
56.461,-9.540000000000001,-0.27230209443096914,-0.12810352462381946,-9.112038968879228
56.528,-10.02,-0.2699173901488478,-0.03240815106209336,-9.01395889103538
56.595,-9.93,-0.2675073920610367,-0.06004515683208568,-9.03918589871756
56.662,-10.209999999999999,-0.26506000855647965,-0.06861826961111438,-9.045311627992033
56.7035,-9.98,-0.26354027001074726,-0.06832769925325372,-9.04350131908844
56.746,-9.91,-0.2619621804581773,-0.01634450986666097,-8.989940040149277
56.786,-9.84,-0.2604769197028175,0.03258084485012658,-8.93952942467713
56.825,-9.959999999999999,-0.2590159186527843,0.12075178089859223,-8.84989748757863
56.863,-9.58,-0.2575853557785854,0.2287433149829024,-8.740475390620121
56.903,-9.6,-0.2560780827845024,0.32912038477280187,-8.638591047836139
56.9425,-10.0,-0.2545723887189162,0.2662813908290279,-8.699924347714328
56.9795,-9.879999999999999,-0.25316199174608883,0.20741954840069002,-8.757375793169837
57.015,-9.69,-0.25180230525675523,0.1270513308148694,-8.836384324266325
57.05,-10.049999999999999,-0.2504530544897582,0.015621655443159443,-8.946464748871037
57.0865,-10.129999999999999,-0.2490459786898896,-0.10058357744450422,-9.061262905958833
57.1305,-10.1,-0.2473378477932056,-0.10171304722556619,-9.06068424484321
57.164,-10.04,-0.24603331869064096,-0.055746052032518326,-9.013412720547597
57.186800000000005,-10.02,-0.2451454600775521,-0.024461052319039292,-8.981239862221031
57.217800000000004,-10.04,-0.2439320115276046,-0.05101525766826227,-9.006580619020305
57.2415,-10.129999999999999,-0.24300075445602226,-0.11048704387185,-9.065121148152311
57.266400000000004,-10.08,-0.24202234512765078,-0.1729700597566431,-9.126625754708732
57.2992,-10.33,-0.2407335167754188,-0.25527700437594764,-9.207643870975804
57.3235,-10.129999999999999,-0.2397712825009497,-0.16858374529332582,-9.119988377618714
57.348099999999995,-10.07,-0.23879691372900974,-0.07573104996554811,-9.026161313518996
57.3821,-9.82,-0.23745022518242537,0.05260194357697125,-8.896481631429893
57.4085,-10.049999999999999,-0.23640219073368712,0.08129327298117058,-8.866742267576955
57.4289,-10.06,-0.23558848864381043,-0.01200004828951418,-8.959221886757764
57.4611,-10.139999999999999,-0.23430411573724041,-0.15925715343245617,-9.105194618994135
57.489,-10.43,-0.23319125846726232,-0.2868494898761519,-9.231674098167852
57.5151,-10.459999999999999,-0.23214651073427015,-0.25155468902962397,-9.195334549588333
57.5465,-9.83,-0.2308863792383535,-0.07355199198647522,-9.016071721049267
57.5675,-10.07,-0.23004361613598895,0.04549439775574364,-8.896182568204685
57.594199999999994,-9.86,-0.22897210304869728,0.19685337899936553,-8.743752073873772
57.627,-9.889999999999999,-0.22765008963855515,0.2035442611959696,-8.735739178267025
57.6495,-9.83,-0.22674238108223513,0.18172043046672023,-8.756655300439954
57.673199999999994,-9.879999999999999,-0.2257862614029118,0.15873266209858722,-8.778686949128764
57.706199999999995,-9.95,-0.22445384366446877,0.1328829763114563,-8.803204217177452
57.732,-9.92,-0.22340837776493985,0.13348603666992984,-8.80155569091945
57.7566,-9.86,-0.2224115381863194,0.13406104770940452,-8.799983840301355
57.789199999999994,-9.84,-0.22109052313497704,0.1348230542088709,-8.797900818750545
57.8135,-9.969999999999999,-0.22010382632312508,0.1115040582372759,-8.820233117910288
57.838699999999996,-10.17,-0.21907891446559485,0.06750403719779079,-8.863208227092244
57.8729,-10.65,-0.21768796265894633,0.007789722929903967,-8.921531589553481
57.899,-10.02,-0.21662644680650422,-0.03778172743242255,-8.966041524063366
57.9227,-10.1,-0.2156598044680716,-0.04396949457112924,-8.97126264886364
57.9541,-9.98,-0.21437894558192983,-0.05011356792417938,-8.976125863330548
57.9775,-9.94,-0.21342442016996413,-0.05469227227008374,-8.979750042264486
58.0024,-9.98,-0.21240848262956188,-0.05885780769571837,-8.982899640149718
58.034800000000004,-10.0,-0.21108379993176268,-0.05565743145168647,-8.978374581207888
58.0585,-9.969999999999999,-0.21011481906948382,-0.05331641549540426,-8.975064584389326
58.0846,-9.879999999999999,-0.20904771356292345,-0.050738334632156594,-8.971419398019519
58.118,-9.87,-0.20768091773313518,-0.0808670621710358,-9.00018132972861
58.142,-9.879999999999999,-0.20669803413893623,-0.12306692087135565,-9.04139830483473
58.1663,-9.84,-0.20570286449980996,-0.165794277805422,-9.083130492129671
58.1989,-9.95,-0.204367780951023,-0.2231157525400248,-9.139116883315486
58.2235,-9.6,-0.20335927965149975,-0.08277623944700957,-8.997768868922948
58.2511,-9.44,-0.20222773547617293,0.08431964917526126,-8.82954143612535
58.2849,-9.31,-0.20084200384117123,0.2889515707489108,-8.623523782916699
58.308,-9.13,-0.1998947710119064,0.33442339308934904,-8.577104727746995
58.3317,-9.06,-0.19892258702524654,0.19830664837965606,-8.712249288470028
58.365300000000005,-9.05,-0.19754430086694358,0.005331010310162124,-8.90384664038122
58.392,-9.59,-0.19644905561614953,-0.14801570208430417,-9.056098107524893
58.419,-9.709999999999999,-0.1953414646884682,-0.2479775739723679,-9.154952388485274
58.454800000000006,-9.639999999999999,-0.19387285908171378,-0.34975375460155805,-9.25525996350771
58.4815,-10.219999999999999,-0.19277755825209594,-0.42565945356239016,-9.330070361638924
58.5079,-9.6,-0.1916946951426697,-0.4064326642988931,-9.309760709266001
58.5421,-9.56,-0.1902922925216963,-0.0955129938839939,-8.997438636230129
58.567,-8.78,-0.1892712449994085,0.13085834510232408,-8.770046249721524
58.5976,-8.790000000000001,-0.18801646370695857,0.4090496291577704,-8.490600184373628
58.6424,-8.8,-0.186180819730293,0.4199494421153312,-8.477864727439401
58.679,-8.77,-0.18468122989232172,0.41052398284823904,-8.48579059686852
58.709900000000005,-8.790000000000001,-0.1834156653497709,0.35008425306452823,-8.54496476210968
58.7497,-8.74,-0.18178690404473638,0.1288457844276945,-8.76457446944148
58.7785,-9.14,-0.18060830289938437,-0.0312463737819256,-8.923488026505748
58.812400000000004,-9.49,-0.179221762994992,-0.14607001239034684,-9.036925125209777
58.853199999999994,-9.540000000000001,-0.17755461770894176,-0.1306397008116326,-9.019827668345014
58.8805,-9.48,-0.17643910137783417,-0.12031500703469486,-9.00838745823697
58.9108,-9.34,-0.17520180021061715,-0.11484582950385107,-9.001680979538907
58.9512,-9.52,-0.17355398974493963,-0.12197419904377692,-9.007161538613156
58.9815,-9.540000000000001,-0.17231813189568154,-0.127320476198721,-9.011271957918842
59.01,-9.47,-0.1711565319367562,-0.1138070381609131,-8.996596919922109
59.047,-9.52,-0.16965050878119878,-0.051729671504972895,-8.93301353011061
59.074,-9.58,-0.16855151891092707,-0.006429971512797417,-8.886614840248164
59.1046,-9.38,-0.16730642200847884,0.030135190911513732,-8.848804580921405
59.1424,-9.35,-0.16577132817485815,-0.02785305693122882,-8.905257734930526
59.1685,-9.75,-0.1647113824325964,-0.06789256139406968,-8.944237293651105
59.200300000000006,-9.62,-0.16341998398338717,-0.11671820263767262,-8.9917715364455
59.2389,-9.629999999999999,-0.16185622234557828,-0.18132191284258775,-9.054811485012605
59.265,-9.719999999999999,-0.1607988602018784,-0.22500473243710747,-9.097436942463425
59.2977,-9.81,-0.1594741191252889,-0.27973378227391776,-9.150841251223646
59.337300000000006,-9.73,-0.15787372078869835,0.09214668094111236,-8.777360389672024
59.364,-9.32,-0.15679482544949494,0.36110079673806234,-8.507327378535871
59.3943,-8.76,-0.15557046107579164,0.6663183888223838,-8.200885422077846
59.432300000000005,-8.790000000000001,-0.1540384143519352,0.5077614117415821,-8.357910352434791
59.459,-9.4,-0.15296237893108383,0.3292316981781678,-8.535364030577355
59.489,-9.35,-0.15175335036832963,0.1286365143990767,-8.734750185793692
59.531,-9.33,-0.15006407891208925,0.03575312453614995,-8.825944304200378
59.564,-9.21,-0.14873773334929563,0.01517408770555216,-8.845196995468182
59.5931,-9.23,-0.1475681377166504,-0.0029728811359740945,-8.862174368677064
59.6315,-9.42,-0.14602817353150174,-0.30708892197939974,-9.164750445335342
59.66,-10.02,-0.1448857873254329,-0.5783484398441747,-9.434867576994046
59.6918,-10.08,-0.1436111248218188,-0.8810169545144473,-9.736261429160706
59.735800000000005,-9.79,-0.14185126573021667,-0.493112625786504,-9.34659724134116
59.77,-9.24,-0.14048405621443272,-0.047986321365141006,-8.900103727404012
59.7958,-8.52,-0.13945265254463088,0.28781071530357893,-8.56327528706549
59.832,-8.39,-0.13800880190257422,0.3155608693084166,-8.534081282418596
59.8605,-8.23,-0.13687241096528138,0.29159016067291926,-8.5569156001168
59.888400000000004,-8.35,-0.13575994404772096,0.2681240985350102,-8.57926919533715
59.9246,-8.4,-0.1343189545866992,0.22313884567569237,-8.622813458735445
59.951,-8.51,-0.1332689016558242,0.18533237806932681,-8.659569873410936
59.9777,-8.26,-0.13220691630528034,0.14709629151289505,-8.696743974616824
60.012699999999995,-8.34,-0.13081597180673962,0.09381170449238393,-8.748637617138796
60.0385,-8.15,-0.1297921628601976,0.050440120029330786,-8.790985392655307
60.0667,-8.41,-0.128673115872117,0.003033969569724547,-8.83727249612683
60.1031,-8.32,-0.1272289335704191,-0.051102505268711546,-8.889964788663569
60.1295,-8.14,-0.12618354061907405,-0.03540618629891461,-8.873223076742427
60.159800000000004,-8.19,-0.12498371461809843,-0.017391092935851494,-8.854008157378388
60.257400000000004,-8.15,-0.12112322936389382,0.013008471831100177,-8.819748107357233
60.3735,-8.07,-0.11653928956460209,0.02307315214569032,-8.80509948724335
60.482699999999994,-8.24,-0.1122346492450321,-0.07117078135607102,-8.895038780425542
60.6169,-8.290000000000001,-0.10695110984770186,-0.08989506945219065,-8.908479529124332
60.709,-8.21,-0.10332751371685407,-0.01839015400044817,-8.833351017541741
60.8032,-8.23,-0.0996219267358661,-0.01485620113333617,-8.82611147769364
60.9224,-8.19,-0.09493120987188268,0.04560001466808825,-8.760964545028234
61.007,-8.12,-0.09159983734021601,0.11333212680709676,-8.689901060357558
61.0955,-8.1,-0.08811108700218852,0.14499587894158386,-8.654748557885043
61.2175,-8.19,-0.0832923045242467,0.03991434773206859,-8.755011306616616
61.312,-8.44,-0.07955101807262799,-0.15874842459954247,-8.94993279249661
61.3879,-8.41,-0.07653880163197814,-0.18043222376521573,-8.968604375221632
61.4953,-8.41,-0.07226376863079545,-0.20494680461868403,-8.988843923073919
61.5805,-7.93,-0.06885851382212319,0.12086310270082616,-8.659628760945736
61.675599999999996,-7.859999999999999,-0.06504308783180693,0.17962907454478766,-8.597047363111459
61.7956,-7.970000000000001,-0.06020457428478995,0.042323446344914646,-8.729514477764313
61.8805,-8.09,-0.0567592053504484,-0.05228693246076623,-8.820679487635653
61.9576,-8.02,-0.05361468552203757,-0.059655737197751246,-8.824903772544227
62.0746,-8.15,-0.04881420316035336,-0.031717751268085806,-8.792165304252878
62.173,-7.93,-0.04474429022243987,0.08202246391541018,-8.674355176131469
62.259699999999995,-8.21,-0.041131406489435404,0.031364822362515705,-8.721399933951359
62.3777,-8.33,-0.036173840596260026,-0.05880733557403836,-8.806614525994737
62.468,-8.49,-0.03234253263102438,-0.06819997202877831,-8.812175854484241
62.5541,-8.36,-0.02865877512459603,-0.00871932876979036,-8.749011453718825
62.6633,-8.42,-0.02394200895028729,0.04306412008838999,-8.692511238686336
62.741,-8.42,-0.020552345753527504,0.03628077863298831,-8.69590491694498
62.8376,-8.48,-0.01629839236190673,0.020334122967978395,-8.707597619218367
62.959,-8.47,-0.010885328761481001,0.006443908787484078,-8.716074769798436
63.0445,-8.48,-0.007026148344819338,-0.015619546559106821,-8.734279044728364
63.127900000000004,-8.51,-0.003224283751754679,-0.056397519170426534,-8.771255152746619
63.2415,-8.56,0.0020215441653682613,-0.03651213594303477,-8.746123941602105
63.3285,-8.27,0.006089046831551044,0.04701457700361105,-8.658529725989277
63.42,-8.41,0.010417300734710293,0.040197074445710246,-8.661018974644017
63.542,-8.25,0.01627629712974657,0.07445404689631191,-8.62090300579838
63.6335,-8.42,0.020732483576366662,-0.0011415632711787031,-8.692042429519251
63.7226,-8.540000000000001,0.02512561448904286,-0.10965846954458207,-8.79616620487998
63.839,-8.62,0.030952864434899394,-0.09086340926864096,-8.77154389465818
63.9245,-8.36,0.035291514936271945,0.03808263188158536,-8.63825920300658
64.0199,-8.39,0.04019691814899682,0.09160414826958482,-8.579832283405857
64.1351,-8.46,0.04621481558832141,0.08313368295432819,-8.582284851281788
64.2125,-8.44,0.05030848148090917,0.0928750880082009,-8.568449780335328
64.298,-8.55,0.05488574831488522,0.025532690156146867,-8.631214911353407
64.4196,-9.05,0.06150449353113676,-0.28942378777201305,-8.939552644065316
64.5165,-8.62,0.06685741451882996,-0.024456877283667737,-8.669232812589275
64.6035,-8.66,0.07172382001158709,0.04848970718744614,-8.591419822625404
64.7229,-8.42,0.07851308134497313,0.20866103795867688,-8.424459230520789
64.815,-8.93,0.08382225598720483,-0.02412470443630169,-8.651935798273536
64.9251,-8.75,0.09026397894429222,0.03965916261180831,-8.581710208268337
65.07509999999999,-9.16,0.0991945980008615,-0.14673616939794493,-8.759174921221522
65.19,-8.82,0.10615416901100666,0.05248639480583182,-8.5529927860076
65.2329,-8.7,0.10878638701504272,0.04181016304398673,-8.561036799765409
65.28869999999999,-8.88,0.11222049321066552,-0.019683881827920437,-8.619096738441694
65.3295,-8.64,0.11475476288152638,-0.039854957461094534,-8.636733544404008
65.3709,-8.75,0.11733536156423886,-0.0506862928415201,-8.64498428110172
65.4243,-8.67,0.12068291365428054,-0.010239921439335917,-8.601190357609495
65.463,-8.55,0.12312539808710812,0.06629960292252161,-8.522208348814809
65.5047,-8.32,0.12576083004971556,0.13174840823444048,-8.454124111540283
65.5595,-8.17,0.12926150217581506,0.04163718033374179,-8.540734667314881
65.6,-8.34,0.13184867774346123,-0.024959621308188566,-8.604744293389166
65.6402,-8.38,0.13444695657963973,-0.0023336830137179712,-8.579520076258516
65.6934,-8.12,0.13788547484045344,0.027609100997873164,-8.546138773986112
65.733,-8.18,0.14046926045114275,-0.07686176311069123,-8.648025852483988
65.7765,-8.24,0.1433128455887458,-0.21947001499593488,-8.787790519231628
65.8357,-8.5,0.14720832225177422,-0.12229210814126851,-8.686717135713934
65.881,-7.8100000000000005,0.15020203935798762,0.09877588432264539,-8.462655426143806
65.9215,-7.779999999999999,0.15289348547176693,0.1969437456618688,-8.361796118690803
66.0321,-7.77,0.16030106562743568,0.14073624923213973,-8.410596034964863
66.1575,-8.32,0.16879669300604602,-0.09035421733567242,-8.633190874154065
66.2688,-8.23,0.17641829456352726,-0.04622056415720173,-8.581435619418114
66.406,-8.34,0.18591102038321042,0.016903801113595348,-8.508818528327632
66.5005,-8.33,0.19251198954928783,0.07914433276207473,-8.439977027513075
66.592,-8.49,0.19895026620591796,-0.04698551141653175,-8.559668595035053
66.71260000000001,-8.42,0.2074952465184801,-0.06767990131034098,-8.571818004616299
66.802,-8.73,0.21386804793870154,-0.35962048442000366,-8.857385786305741
66.8929,-8.16,0.2203826056281709,0.11595892144559584,-8.375291822750672
67.0135,-7.9399999999999995,0.22906898598082553,0.2673866166718049,-8.215177747171808
67.1035,-8.25,0.2355778653157883,0.03686670003475677,-8.439188784473894
67.18660000000001,-8.16,0.24160747688423878,0.09582886481333987,-8.37419700812686
67.29960000000001,-8.55,0.24982593454426952,-0.17820220963171446,-8.640009624911883
67.386,-8.48,0.2561237190499843,-0.05862253960569027,-8.514132170380144
67.47930000000001,-8.36,0.2629309577970567,0.03345573663671236,-8.41524665539067
67.60589999999999,-8.55,0.27217135869644904,-0.12658442213361454,-8.566046413261605
67.7025,-8.44,0.27921841423195287,-0.10843810145019966,-8.540853037042686
67.7862,-8.2,0.2853158378826121,0.02841889301632312,-8.397898618925504
67.8994,-7.83,0.2935452461859167,0.23382631425600187,-8.184261789382521
67.9855,-7.970000000000001,0.2997822163541681,-0.000380334977423231,-8.412231468447693
68.0842,-8.06,0.30690559590666683,-0.14552490618953456,-8.550252660107306
68.2086,-7.859999999999999,0.31583257655141184,-0.006744289150120019,-8.402545062423147
68.2965,-8.0,0.3220985890641492,-0.041582773495616496,-8.431117534255906
68.38980000000001,-8.05,0.32870160530464754,0.048251568142509846,-8.334680176377281
68.5138,-8.3,0.33739565940753985,0.1520186276964455,-8.222219062720454
68.6065,-7.99,0.34382850008066684,0.5251509284051474,-7.842653921338624
68.70219999999999,-9.1,0.35039885818617816,-0.2840699086050062,-8.645304400243267
68.84360000000001,-9.08,0.3599475731841133,-0.20358454735456277,-8.555270323994888
68.96,-9.1,0.3676708172325492,-0.24902474437537986,-8.59298727696727
69.06110000000001,-8.89,0.37426066764788735,-0.2505866308115086,-8.58795931298806
69.1581,-8.62,0.3804708183463776,-0.01678923321742402,-8.347951764695486
69.2025,-8.17,0.3832888002883264,0.1563738408811013,-8.171970708655012
69.25110000000001,-7.8100000000000005,0.3863141966445928,0.43368316123657863,-7.891635991943267
69.31110000000001,-7.4,0.3900339383905803,0.6635422516017753,-7.658057159832083
69.3525,-7.08,0.3925540052633608,0.48018121925809937,-7.838898125302978
69.3996,-7.869999999999999,0.3954210378650027,0.27157482738882266,-8.044637484570613
69.46039999999999,-7.9399999999999995,0.39903317765773955,0.16574351239214133,-8.146856659774558
69.5045,-8.12,0.40164571024906726,0.07745317259902612,-8.232534466976345
69.5492,-8.08,0.40423107934533387,-0.12186672175316704,-8.429268992232272
69.6028,-8.72,0.4073265760585754,-0.3503543210665046,-8.654661094832367
69.6385,-8.5,0.40933233446220896,-0.37543932032297483,-8.677740335685204
69.6913,-9.01,0.41229883428607134,-0.41253982342499357,-8.71187433896336
69.7551,-8.43,0.41578708013724625,-0.2623706570755572,-8.55821692676275
69.798,-8.84,0.41812240321139305,-0.14069168397765697,-8.434202630590702
69.8397,-8.290000000000001,0.420319338356904,-0.11442228563713469,-8.405736297104669
69.8953,-8.92,0.4232436774623367,-0.08557650293745292,-8.373966175299556
69.937,-8.7,0.42536538082520664,0.01070309146392726,-8.275564877535306
69.9859,-8.790000000000001,0.4278427632452461,0.1347256396869757,-8.149064946892217
70.0441,-8.58,0.43070189788864854,0.31900240255598705,-7.961929049379804
70.0825,-8.35,0.43256947656069844,0.4483221609295496,-7.8307417123341905
70.1251,-8.66,0.4345880865185739,0.3499332818998604,-7.9271119814060045
70.1815,-9.07,0.43721147271654653,-0.003574873148595627,-8.277996750256488
70.2235,-9.31,0.43911302025079585,-0.17365847254575828,-8.4461788021194
70.2688,-9.5,0.4411197902998323,-0.27799865696810117,-8.548512216492707
70.3282,-9.48,0.4436861097359792,-0.20426609590554243,-8.472213335994002
70.372,-8.92,0.4455253574367494,0.021872371154804303,-8.244235621232885
70.4173,-9.17,0.44738606511709317,0.15540772886837728,-8.10883955583897
70.4715,-8.96,0.4495319242431005,0.12085743481880748,-8.141243990762531
70.5075,-9.33,0.45093852198475015,0.09127838061244622,-8.169416447227242
70.5531,-9.41,0.45263022169024725,0.021896678508308547,-8.237106449625882
70.6131,-9.55,0.4548222847848718,-0.05109765497047124,-8.307908720010039
70.6575,-9.3,0.45635471217398715,-0.056637975951027326,-8.311916613601479
70.70039999999999,-9.629999999999999,0.45783429816332605,-0.061075047469183005,-8.314874099130295
70.754,-9.06,0.45954084818945035,0.05499088226168276,-8.197101619373305
70.7915,-9.53,0.460734796435339,0.13619372489051504,-8.114704828498583
70.8425,-9.15,0.462241029194969,0.12484512308146543,-8.124547197548004
70.8983,-9.540000000000001,0.4638633052084598,0.08577911050465745,-8.161990934111323
70.931,-9.55,0.4647255012767447,-0.1137510083485685,-8.360658856896263
70.9814,-10.299999999999999,0.46604691105702206,-0.43621335538049827,-8.681799794147915
71.04339999999999,-9.73,0.46754475246654936,-0.2010560062675687,-8.445144603625458
71.086,-9.2,0.46853630994515894,0.1465769851622989,-8.096520054716981
71.12589999999999,-9.25,0.46938657134371264,0.19594868465014792,-8.046298093830577
71.17989999999999,-9.22,0.47047990963236797,0.060690392537966105,-8.180463047654104
71.221,-9.49,0.47124666579067476,0.026980724895158025,-8.213405959138605
71.2735,-8.93,0.4721461441678312,0.06857191094815927,-8.170915294708447
71.3329,-9.46,0.4730586390185606,-0.014698491182281937,-8.25327320198816
71.3695,-9.21,0.47356867217975485,-0.13068828365384186,-8.368752961298526
71.4142,-9.51,0.47414501447951724,-0.17784279496029393,-8.415331130305216
71.4736,-9.290000000000001,0.4747779786433752,0.029235849810233507,-8.20761952137083
71.518,-8.89,0.47519063618042623,0.12970345381918252,-8.10673925982483
71.563,-8.56,0.47551898650765634,0.1507850807632738,-8.08532928255351
71.624,-9.36,0.47588159063855545,0.16989903947998625,-8.065852719705898
71.6705,-8.98,0.47606105582921027,0.17334813157019147,-8.062224162425037
71.7248,-9.22,0.47618350269466386,0.16285244871204974,-8.072597398417726
71.793,-9.21,0.47620713235763185,0.12797195320015992,-8.107454264266647
71.841,-9.34,0.4760767166410651,-0.07842244942252428,-8.313979082605899
71.8689,-9.11,0.47598631992754437,-0.216435102540682,-8.452082132437576
71.9073,-9.889999999999999,0.4758352024222927,-0.34853588092592497,-8.584334028328072
71.937,-9.86,0.47563034276697275,-0.2600816200514505,-8.496084627108917
71.9652,-9.87,0.47543582955889113,-0.17609474608980868,-8.412292266355356
72.0018,-9.35,0.4751766691406077,-0.07568194961872407,-8.312138630302556
72.0285,-9.58,0.4748930136457071,-0.12360221824106786,-8.3603425544198
72.0564,-9.34,0.4745966095892378,-0.17367620680151571,-8.410712947036718
72.0944,-9.44,0.47419290513956636,-0.24187733817415674,-8.47931778285903
72.1235,-9.14,0.4737946390899235,-0.2524400914705692,-8.490278802205085
72.1478,-9.2,0.4734443336378196,-0.2529695835609558,-8.491158599747575
72.184,-8.9,0.47292247942522053,-0.25375837424704606,-8.492469244646264
72.214,-9.3,0.472436031480362,-0.11791469961823445,-8.357112017962312
72.2395,-9.39,0.4719701207085417,0.1301498675677532,-8.109513361548144
72.2733,-8.96,0.47135256054824676,0.45895701936710914,-7.781323769909083
72.2985,-7.790000000000001,0.4708921310796246,0.7041031798802245,-7.53663803886459
72.327,-7.9399999999999995,0.47026569408696633,0.5328684015277417,-7.70849925420973
72.365,-7.17,0.4694226141568398,0.27133437022336454,-7.970876365444234
72.3935,-8.07,0.4687903042092446,0.07518384674500829,-8.167659198870185
72.4196,-8.23,0.468133382407461,0.05318375359358667,-8.19031621382339
72.4546,-7.92,0.4672178274769181,0.09378373779120458,-8.150631784556316
72.481,-7.970000000000001,0.4665272374721658,0.12440772587169106,-8.120698386480582
72.5089,-7.460000000000001,0.46576157525260603,0.11161430859250589,-8.134257465979326
72.5443,-7.49,0.4646930255134361,-0.026936552981379275,-8.273876877292382
72.5695,-7.73,0.46393236298724766,-0.1255659798644491,-8.373266966701639
72.5974,-7.699999999999999,0.4630902009046821,-0.2347628453420958,-8.483305994261851
72.6352,-7.4399999999999995,0.4618056998396423,-0.20005090135601106,-8.449878551340808
72.664,-7.290000000000001,0.4608189561944828,-0.16332435920193675,-8.414138752831892
72.69160000000001,-7.300000000000001,0.4598733268678715,-0.12812808963761174,-8.379888112594179
72.7288,-7.26,0.45848000931343225,-0.1406765439718433,-8.39382988448285
72.757,-7.34,0.4573975235997604,-0.16345231554969836,-8.417688141774377
72.7864,-7.140000000000001,0.4562689746642302,-0.18719726889682167,-8.442561644057031
72.82539999999999,-7.32,0.4546660599790327,-0.153270089331421,-8.410237379176827
72.8545,-7.0,0.4534277463266554,-0.10181666126608235,-8.360022264763867
72.8755,-7.3100000000000005,0.4525341179177237,-0.06468532142513264,-8.323784553331848
72.9033,-6.93,0.4513372387591708,-0.027012706694014916,-8.287308817759284
72.924,-7.540000000000001,0.45036927739361127,-0.062436564944033233,-8.323700637374861
72.9453,-7.24,0.44937325917687654,-0.09888720169403728,-8.3611472923416
72.9745,-7.4399999999999995,0.44800782575299564,-0.1488570886940561,-8.4124826127655
72.997,-7.199999999999999,0.44695569383390976,-0.1873612824440559,-8.452038938434585
73.0186,-7.41,0.44586671097959113,-0.09804671390161715,-8.363813352746465
73.04660000000001,-7.07,0.44443856255183145,0.044133765086983315,-8.223061022185624
73.067,-6.960000000000001,0.4433980544116077,0.1477223997785594,-8.120512895634272
73.0868,-7.01,0.4423881494519777,0.24826430992049572,-8.020980890451966
73.114,-6.859999999999999,0.44094093847132215,0.3907671106977408,-7.879925300655376
73.135,-6.6899999999999995,0.4397800269599693,0.5039794017216316,-7.767873921142838
73.1554,-6.609999999999999,0.4386522843489412,0.6139570558590948,-7.659024009616402
73.18180000000001,-6.75,0.4371928527346686,0.7562810788606034,-7.518159418229167
73.201,-6.720000000000001,0.43612714339297237,0.8456810873997933,-7.429825119031673
73.2226,-7.01,0.4348400851048367,0.6573871838781082,-7.619406080841493
73.2494,-7.66,0.4332431794510395,0.4237632665457664,-7.854626903827633
73.268,-7.98,0.43213487925847816,0.2616212940687529,-8.017877176497208
73.2878,-7.699999999999999,0.4309550758276872,0.08901854917389558,-8.191659724822856
73.3154,-8.32,0.4292438381960237,-0.1322898530005377,-8.414679364628952
73.337,-8.44,0.42786327834351084,-0.29352854546846213,-8.57729861694939
73.35889999999999,-8.7,0.4264635440486032,-0.4570066642205248,-8.74217646999636
73.3885,-8.7,0.4245716657321972,-0.6779633909357776,-8.965025075028018
73.411,-9.47,0.42308574535461624,-0.6859278718734259,-8.974475476343247
73.42960000000001,-9.33,0.42181604157328456,-0.5542395450323947,-8.844056853283549
73.4554,-9.09,0.4200548395540193,-0.3715750916723911,-8.66315360194281
73.4755,-9.1,0.4186827403064517,-0.22926673847326587,-8.522217347991253
73.4953,-8.62,0.41733112015213103,-0.08908239054573933,-8.383384620218047
73.52210000000001,-9.02,0.4154051964412922,-0.09253569759030288,-8.388763850973449
73.5425,-8.76,0.4139235799028641,-0.12643974955958515,-8.424149519481158
73.56439999999999,-8.8,0.412333020971905,-0.16283674652659763,-8.46213707537913
73.59360000000001,-9.19,0.41021227573062374,-0.21136607581600275,-8.512787149909817
73.6155,-8.73,0.40855388832920153,-0.22200846130040827,-8.525087922795645
73.6371,-9.07,0.40689059562113417,-0.22201657197600805,-8.526759326179313
73.66510000000001,-8.72,0.4047344754440101,-0.2220270858147485,-8.528925960195178
73.6855,-9.14,0.4031635878863918,-0.2220347458972594,-8.530504507835307
73.70739999999999,-9.15,0.4014447597720759,-0.1785634489403113,-8.488752038992674
73.73780000000001,-9.18,0.3989705864282986,4.3705837388026924e-05,-8.312619057558752
73.7615,-8.49,0.3970417078675265,0.13928678373961995,-8.175304858217293
73.7843,-8.52,0.3951860778596941,0.27324214982285266,-8.043205122141892
73.81569999999999,-8.62,0.3925616662628357,0.3552132978424509,-7.963858385719153
73.84,-8.77,0.3904773898162042,0.33931761992978815,-7.981838340078447
73.86189999999999,-8.78,0.38859896783343945,0.32499188551468655,-7.998042496476313
73.8923,-8.52,0.38599147795781813,0.3051059345457581,-8.020535937320863
73.916,-8.8,0.3838885335542837,0.27532006519185004,-8.052424751078306
73.93910000000001,-8.77,0.381805931881252,0.23958874365347263,-8.090238674289715
73.9699,-8.65,0.379029129650546,0.19194698160235407,-8.140657238571539
73.993,-8.83,0.3769465279775156,0.15621566006399865,-8.178471161782925
74.0155,-8.57,0.37485018642677775,0.11604105052739716,-8.220742112870264
74.0455,-8.51,0.37201421842419585,0.05924052857291724,-8.280378602827327
74.068,-8.71,0.3698872424222601,0.016640137107070758,-8.325105970295107
74.0908,-8.93,0.36773190674029765,-0.02652825957833936,-8.37042970266248
74.121,-9.02,0.3647853730467802,-0.04743638414199944,-8.394284360919658
74.1435,-9.02,0.3625601907188584,-0.051174917532322665,-8.400248076637903
74.16510000000001,-9.05,0.36042401568405363,-0.05476390958703277,-8.405973243727418
74.1947,-8.97,0.3574966647104343,-0.059682157958298676,-8.413818843072303
74.2175,-9.25,0.35516571825684334,-0.10086831132142893,-8.457335942889024
74.23939999999999,-8.99,0.352904646632197,-0.15130779195395824,-8.510036495146199
74.2692,-9.3,0.3498279372982008,-0.2199423363763616,-8.581747748902599
74.292,-9.36,0.347473944921855,-0.27245467237738824,-8.63661407727997
74.3205,-9.35,0.3444427513998904,-0.21870465462784813,-8.585895253052396
74.3599,-9.31,0.3402044044430487,-0.07998705888055559,-8.451416004261946
74.3905,-9.06,0.3369126933547396,0.02774792664909015,-8.346972729820608
74.4193,-9.2,0.3337316079313976,0.050010901649115744,-8.327890840243926
74.4585,-8.63,0.32934618618037287,0.02729488546297842,-8.354992278181088
74.4885,-9.22,0.32598999606479206,0.009910179198074045,-8.375733174561573
74.5182,-9.3,0.32258966214033646,0.016766439029682934,-8.37227724865442
74.55760000000001,-9.290000000000001,0.3180136457349535,0.04603587040257725,-8.347583833686908
74.587,-9.12,0.3145990548131721,0.06787651208690813,-8.329157782924359
74.6155,-9.36,0.31122337553458973,0.08126929341697432,-8.319140680872875
74.6535,-9.39,0.30664909207030955,0.09042693728332303,-8.314557320470806
74.682,-9.32,0.30321837947209807,0.09729517018308713,-8.311119800169253
74.7117,-9.14,0.29959416855394055,0.07574784996888294,-8.336291331301615
74.7501,-9.23,0.2948107591043976,-0.009208544761275127,-8.426031135481317
74.778,-9.4,0.2913353131762146,-0.07093467530739503,-8.49123271195562
74.808,-9.38,0.2875651086312226,-0.09914924888871089,-8.523217490081928
74.8472,-9.52,0.28251953184671663,0.0010967195185644099,-8.428017098459158
74.876,-9.06,0.27881257747442545,0.0747468187565841,-8.35807395359343
74.9039,-9.03,0.275205497640701,0.11809313106268868,-8.31833472112105
74.94189999999999,-9.15,0.27015879373667173,-0.057571811221220515,-8.499046367308988
74.971,-9.01,0.2662940810101629,-0.19209417491765846,-8.637433443731934
75.0004,-9.37,0.2623879107843122,-0.32436972723185237,-8.773615166271979
75.03760000000001,-8.98,0.2572972489687777,-0.15840795193342247,-8.612744052789083
75.064,-8.71,0.25368452122872476,-0.04062862752820992,-8.498577456123924
75.0943,-8.73,0.2495380950725232,0.09454991525519166,-8.367545339496724
75.1327,-9.01,0.2441532010175668,0.05628629420962821,-8.411193854597244
75.16,-8.86,0.2403087655161557,0.0031111973341969626,-8.468213386974085
75.19,-8.75,0.23608411111900002,-0.055322975056395954,-8.530872213761835
75.2294,-9.05,0.23042079992033726,-0.003683966555876148,-8.484896516459978
75.2585,-8.66,0.22620912617106262,0.066707415061622,-8.418716808591753
75.26885,-8.72,0.22471115973446454,0.09174352501836741,-8.395178665071606
75.2925,-8.4,0.22128827024407413,0.14895164100648067,-8.341393438573883
75.3165,-8.63,0.21775140970074794,0.1609162632610747,-8.332965676862615
75.3405,-8.26,0.2141857695287402,0.15193082848334277,-8.345516751812356
75.3645,-8.45,0.21062012935673244,0.14294539370561085,-8.358067826762095
75.3885,-8.59,0.2070544891847268,0.13395995892788426,-8.370618901711827
75.4125,-8.27,0.2034418466049668,0.1189764688619189,-8.389215034357553
75.4365,-8.32,0.19978596181007463,0.09847476793076784,-8.413372620083596
75.4605,-8.4,0.19613007701518245,0.07797306699961679,-8.43753020580964
75.4845,-8.03,0.19247419222029027,0.05747136606846572,-8.461687791535683
75.5085,-8.74,0.18878704457838402,0.01621702750629618,-8.506629277739759
75.5325,-8.790000000000001,0.18504288821545206,-0.06288035614774692,-8.589470817756734
75.56905,-8.87,0.17934085008773631,-0.18333908000423002,-8.715631579740933
75.60560000000001,-8.8,0.17361870420566058,-0.25934645732781214,-8.79736110294659
75.64215,-8.22,0.16778542707404423,-0.0896807676534127,-8.633528690403807
75.67869999999999,-8.28,0.16195214994242785,0.07998492202098677,-8.469696277861024
75.71525,-8.39,0.15606552400035834,0.1438151268883115,-8.41175269893577
75.7518,-8.44,0.1501043846377901,0.05982265461504456,-8.501706310571604
75.78835000000001,-8.55,0.14414324527522188,-0.024169817658222383,-8.59165992220744
75.8249,-8.56,0.13809742475202835,-0.05888643861156449,-8.632422363683975
75.86144999999999,-8.25,0.1320119843283806,-0.07054829378674837,-8.650169659282806
75.898,-8.540000000000001,0.1259265439047305,-0.08221014896193678,-8.667916954881644
75.9346,-8.3,0.11971865369813006,-0.06645306987651557,-8.658367766002824
75.9712,-8.09,0.11350416667262744,-0.04911015914075447,-8.647239342292565
76.0078,-8.45,0.10726478980455269,-0.02044197528300643,-8.624810535302892
76.0444,-8.27,0.10093351197929984,0.05004260164047623,-8.560657236204662
76.081,-7.84,0.09460223415404452,0.12052717856398626,-8.496503937106409
76.11760000000001,-8.2,0.08821677141678055,0.10846474701076884,-8.514951831396889
76.1542,-7.949999999999999,0.08177281360405528,0.007289067670335746,-8.622571468550047
76.1908,-7.99,0.07532885579133,-0.09388661167009735,-8.730191105703206
76.22739999999999,-8.48,0.06880375248421615,-0.07972938514692199,-8.722558982487145
76.264,-7.699999999999999,0.06225140324467728,-0.026847241326406722,-8.676229187906168
76.31605,-7.790000000000001,0.05288752856767504,0.03003006694593895,-8.628715754310825
76.36810000000001,-7.779999999999999,0.04342143018849451,0.04579776264959381,-8.62241415698635
76.42014999999999,-7.380000000000001,0.03390066775177568,0.03957803408277292,-8.63815464798989
76.4722,-7.5600000000000005,0.02429336519417632,-0.0014505696318724275,-8.688790554262134
76.52425,-7.359999999999999,0.014623460827353014,-0.03138427267129625,-8.728394161668382
76.5763,-7.460000000000001,0.0048817902627332765,-0.04859887308099688,-8.755350432642702
76.62835000000001,-7.300000000000001,-0.004929213459040589,-0.07495029629454608,-8.791512859578024
76.68039999999999,-7.640000000000001,-0.014798178232821455,-0.10893991000017533,-8.835371438057434
76.73245,-7.09,-0.024741947832569996,-0.05664518690526453,-8.793020484562273
76.7845,-7.43,-0.03473090000824375,0.04776580741587532,-8.698598442416808
76.8334,-7.02,-0.04418749320486658,0.16228575967593908,-8.593535083353366
76.8823,-7.029999999999999,-0.053677573706218354,0.2844293817944952,-8.480881541736162
76.9312,-7.5,-0.06323041078206293,0.2491264898829596,-8.525737270723543
76.98010000000001,-7.84,-0.07281885014536016,0.12450297943509238,-8.659949220534706
77.029,-7.42,-0.08246117768795341,0.029287442936458356,-8.764807084575935
77.0779,-7.93,-0.0921404836708269,-0.04574813902464995,-8.849521972519916
77.1268,-8.25,-0.10186537479325335,-0.18440963542567212,-8.997908360043365
77.17569999999999,-8.5,-0.11162785664642767,-0.3755387702266875,-9.198799976697554
77.22460000000001,-8.96,-0.1214282156889922,-0.3944913499123498,-9.22755291542578
77.2735,-8.78,-0.1312659900039918,-0.2433670885693795,-9.086266428397812
77.32575,-8.57,-0.14181312064186452,-0.049295271042488674,-8.902741741508793
77.378,-8.46,-0.15239668066896248,0.17832036237985388,-8.685709668113548
77.4306875,-8.49,-0.16310586758880746,0.24023611525362923,-8.634503102159618
77.483375,-8.6,-0.17384158610873204,0.18199458689889655,-8.703480349034274
77.5360625,-9.22,-0.1846145833004671,0.13924117960819013,-8.757006753516716
77.58875,-8.99,-0.19540476615372868,0.10362787665550166,-8.803410239322666
77.6414375,-9.28,-0.20623050500614654,0.11290917257260939,-8.804954682257977
77.694125,-9.17,-0.2170658970710087,0.1343790473683867,-8.79432019952706
77.7468125,-9.17,-0.2279330817614739,-0.019565113455951032,-8.959131545041863
77.7995,-9.62,-0.23880425644767272,-0.19552385284939916,-9.14596145912151
77.8514,-9.83,-0.24953849643531917,-0.13080347330366804,-9.091975319563426
77.9033,-9.540000000000001,-0.2602740151677194,-0.07146959591786382,-9.043376960910022
77.95519999999999,-9.73,-0.2710247056199832,-0.12556745848466686,-9.108225513929089
78.00710000000001,-9.66,-0.2817762796031422,-0.1445784587681474,-9.137988088195728
78.059,-9.24,-0.2925334285417658,0.05780370014441041,-8.946363078221793
78.1109,-9.23,-0.30328985915745243,0.17358744611906685,-8.841335762862824
78.1628,-9.4,-0.3140435878244661,-0.03636595748919526,-9.062042895138099
78.2147,-9.61,-0.32479351394009554,-0.16873328591770184,-9.205160149682236
78.26660000000001,-9.52,-0.33553381727264353,-0.10476034246273805,-9.15192750955982
78.3185,-9.22,-0.346265727017397,0.008559446274589934,-9.049339630567246
78.3727,-8.95,-0.3574574066059649,0.2199403338908062,-8.849150422539598
78.42689999999999,-8.75,-0.368631579427735,0.23025646491896856,-8.850008464333206
78.48110000000001,-9.06,-0.37978798515904305,0.0365180288518826,-9.054903306131598
78.5353,-9.33,-0.3909143931513151,-0.07909431695378107,-9.181642059929535
78.5895,-9.31,-0.4020247400311886,-0.15287711301616586,-9.266535202871793
78.63239999999999,-9.21,-0.4107846878239488,-0.08672127075484314,-9.20913930840323
78.67530000000001,-9.15,-0.4195336056732165,0.019799902423808597,-9.111367053073847
78.7182,-9.03,-0.4282597254265191,0.09762838819564416,-9.042264687055313
78.7611,-9.19,-0.4369549049067368,0.136516798201187,-9.01207145652999
78.804,-9.06,-0.44564425994728796,0.16453718168437376,-8.992740428087354
78.84615,-9.03,-0.4541260507672415,0.08822389490295135,-9.07753550568873
78.8883,-9.27,-0.462607841587198,0.011910608121503217,-9.162330583290133
78.93045,-9.58,-0.4710390650311451,-0.05686906745749413,-9.239541482313077
78.9726,-9.540000000000001,-0.4794508586458907,-0.12275405498828892,-9.313838263458617
79.01475,-9.66,-0.48783512708705223,-0.17866450709404882,-9.37813298400554
79.0569,-9.84,-0.4961682640193159,-0.21604599169838354,-9.423847605542138
79.09905,-9.799999999999999,-0.5045014009515824,-0.2534274763027308,-9.469562227078752
79.1412,-9.87,-0.5127491618967207,-0.14602003045633358,-9.370402542177493
79.18335,-9.74,-0.5209949542207994,-0.035274004902943225,-9.26790230894818
79.2255,-9.43,-0.5291826367943121,0.07301191486689942,-9.167804071751851
79.2671,-9.35,-0.5372260341253701,0.17829950682092502,-9.070559877128883
79.3087,-9.45,-0.545247806382147,0.25202269066861216,-9.004858465537973
79.3503,-9.46,-0.5531878010591719,0.20638161857400963,-9.0584395323096
79.39189999999999,-9.56,-0.561127795736194,0.16074054647942265,-9.112020599081209
79.4335,-9.74,-0.5689775918248022,0.11496107593496475,-9.165649865714276
79.47510000000001,-9.68,-0.5768055787024826,0.06914814188470522,-9.219290786642215
79.5167,-9.81,-0.5845851496691579,-0.013688508728566766,-9.309907008222163
79.5583,-9.77,-0.5922925316427884,-0.15172818583406208,-9.455654067301289
79.59989999999999,-10.139999999999999,-0.5999999136164164,-0.2897678629395103,-9.601401126380367
79.6415,-10.219999999999999,-0.6075784214326597,-0.2554893751171669,-9.574701146374267
79.6822,-10.34,-0.6149926673253873,-0.22154624792323344,-9.54817226507306
79.7229,-9.799999999999999,-0.6223310911902344,-0.06829414635515452,-9.402258587369829
79.76360000000001,-9.540000000000001,-0.6296105791556835,0.17769593529429595,-9.163547993685826
79.8043,-9.540000000000001,-0.6368749494277407,0.38063143478526973,-8.96787686446691
79.845,-9.6,-0.6440113466674103,0.21910488995956484,-9.136539806532284
79.8857,-9.95,-0.65114774390708,0.057578345133859975,-9.30520274859766
79.9264,-10.0,-0.6581859493850766,-0.0194982524704803,-9.389317551679996
79.9671,-10.03,-0.6651709676588337,-0.050831128663221564,-9.427635446146494
80.0078,-10.07,-0.6721253966444672,-0.06489357078875878,-9.448652317257665
80.0485,-9.84,-0.6789508015814777,-0.006110207682148675,-9.396694359088066
80.0901,-9.799999999999999,-0.6859271368487908,0.05397303323271777,-9.343587453440513
80.1317,-10.31,-0.6927727898454956,-0.02379764441097581,-9.42820378408091
80.1733,-10.28,-0.6995776303980704,-0.1446204922038526,-9.555831472426362
80.2149,-10.16,-0.7063180813279895,-0.20034251573376607,-9.618293946886194
80.2565,-10.06,-0.7129431495112707,-0.1394073575306739,-9.563983856866383
80.2981,-10.049999999999999,-0.7195682176945519,-0.07847219932758172,-9.509673766846571
80.3397,-9.87,-0.72601390463219,-0.04142639211394041,-9.47907364657057
80.3813,-9.85,-0.7324510065731874,-0.005523903965267485,-9.449608260362893
80.4229,-10.06,-0.7387801775448238,0.0810962355841611,-9.369317291785102
80.4645,-9.55,-0.74502121274672,0.2091320992032369,-9.247522463367922
80.50869999999999,-9.66,-0.7516096357455053,0.29254212195880086,-9.170700863611144
80.5529,-9.73,-0.7580239173575607,0.16120537194879983,-9.3084518952332
80.59710000000001,-9.959999999999999,-0.764438198969618,0.029868621938756588,-9.4462029268553
80.6413,-9.879999999999999,-0.770642059786392,0.039537490505179115,-9.442737919105651
80.6855,-9.879999999999999,-0.776831145293088,0.05910747998853249,-9.429357015128994
80.7297,-10.08,-0.7828633689581617,-0.029194088231576827,-9.523690807014177
80.7739,-10.25,-0.7888190102426482,-0.17016022166049868,-9.670612581727585
80.8181,-10.35,-0.7946757352114663,-0.24237820359565931,-9.748687288631563
80.8623,-10.09,-0.800389823946088,-0.21546211072492263,-9.72748528449545
80.9065,-10.33,-0.8060672198787674,-0.16863937935753326,-9.686339949060738
80.9365,-10.09,-0.8097762092552998,-0.058493744980873036,-9.579903304060611
80.9665,-9.99,-0.8134851986318323,0.05165188939578719,-9.473466659060483
80.9965,-9.959999999999999,-0.8171941880083647,0.1617975237724474,-9.367030014060356
81.0265,-10.06,-0.8207489079559296,0.120650304565633,-9.411731953214735
81.0565,-10.24,-0.8242832526958949,0.059521010357212294,-9.47639559216312
81.0865,-10.23,-0.8278175974358601,-0.0016082838512084098,-9.541059231111507
81.1165,-10.2,-0.8312530396842492,-0.03295026864428536,-9.575836658152973
81.1465,-10.209999999999999,-0.834607561712258,-0.039920818461195245,-9.586161729997892
81.1765,-10.24,-0.8379620837402667,-0.04689136827810513,-9.596486801842811
81.2065,-10.29,-0.8412765486580615,-0.02027324334172555,-9.573183141824227
81.23545,-9.94,-0.8443352542088284,0.12259896594759806,-9.43336963808567
81.2644,-9.98,-0.8473939597595952,0.26547117523692165,-9.293556134347114
81.29335,-9.84,-0.8504526653103636,0.4083433845263154,-9.153742630608487
81.3223,-9.77,-0.8533702811160794,0.30925413446974653,-9.255749496470772
81.35125,-9.969999999999999,-0.856245823074056,0.13801045819575666,-9.429868714702739
81.3802,-10.299999999999999,-0.8591213650320338,-0.03323321807831727,-9.60398793293479
81.40915,-10.52,-0.861937554052319,-0.16199081109271163,-9.735561714969469
81.4381,-10.379999999999999,-0.864625307207437,-0.1988113059059261,-9.775069962937803
81.46705,-10.33,-0.8673130603625537,-0.2356318007191225,-9.814578210906117
81.496,-10.62,-0.8700008135176706,-0.27245229553231887,-9.854086458874429
81.5244,-10.52,-0.8724754461617501,-0.17782359603595868,-9.761932392022148
81.5528,-10.5,-0.8749235119462966,-0.06176052465410119,-9.648317386424837
81.5812,-10.25,-0.8773715777308418,0.05430254672769824,-9.534702380827582
81.6096,-10.2,-0.879754441767127,0.10301544704427144,-9.488372344547294
81.638,-10.209999999999999,-0.8820096190464006,0.01983426235808759,-9.573808706512752
81.6664,-10.66,-0.8842647963256731,-0.06334692232805464,-9.659245068478166
81.6948,-10.52,-0.8865199736049466,-0.1465281070142385,-9.744681430443624
81.72319999999999,-10.54,-0.8886142158657461,-0.11192736382618718,-9.71217492951637
81.75160000000001,-10.52,-0.890672386484476,-0.05092722301107675,-9.653232959319991
81.78,-10.36,-0.8927305571032038,0.010072917803972629,-9.59429098912367
81.80855,-10.31,-0.8947390940299195,0.05794592995571597,-9.548426513898642
81.8371,-10.41,-0.8966061004034719,0.0743585619772973,-9.533880888250613
81.86564999999999,-10.4,-0.8984731067770224,0.09077119399886228,-9.519335262602599
81.8942,-10.26,-0.9003401131505748,0.1071838260204436,-9.50478963695457
81.92275,-10.44,-0.9020430767971197,0.05124620120988152,-9.562430225411676
81.9513,-10.58,-0.9037042185616154,-0.023136763804109815,-9.638474332190164
81.97985,-10.459999999999999,-0.9053653603261104,-0.09751972881806413,-9.714518438968613
82.0084,-10.67,-0.9069648537874103,-0.10877942245978454,-9.727377626071632
82.03694999999999,-10.639999999999999,-0.9084164647118794,0.03138158844032718,-9.58866822609599
82.0655,-10.56,-0.9098680756363493,0.17154259934050867,-9.449958826120278
82.09415,-10.32,-0.911324771012393,0.3121945419775899,-9.310763578859241
82.1228,-9.7,-0.9126113423696744,0.23087998441251503,-9.393364707781597
82.15145,-10.53,-0.9138542634852999,0.09261349587457411,-9.532874117435163
82.18010000000001,-10.73,-0.915097184600926,-0.0456529926634354,-9.6723835270888
82.20875,-10.79,-0.9162737984693411,-0.13482118642180113,-9.76272833471558
82.2374,-10.709999999999999,-0.917299610712674,-0.11232582976727438,-9.741258790304387
82.26605,-10.67,-0.9183254229560074,-0.08983047311273648,-9.719789245893182
82.29469999999999,-10.76,-0.9193512351993398,-0.06733511645822089,-9.698319701482
82.32335,-10.95,-0.9201975308611993,-0.04349783625953979,-9.675328716945177
82.352,-10.6,-0.9210030797186981,-0.019355965277831528,-9.651992394820969
82.38225,-10.79,-0.9218536155979071,0.006134142826761363,-9.627352822595585
82.4125,-10.81,-0.9226067549887097,0.009780096191277749,-9.624460008621872
82.4553125,-10.9,-0.9234769263077733,-0.028960257653791666,-9.664070533786004
82.498125,-10.959999999999999,-0.9243470976268368,-0.06770061149884822,-9.703681058950124
82.5409375,-10.85,-0.9248943241180805,0.016112676869376223,-9.620414997073143
82.58375,-10.77,-0.9254267592431644,0.10553910915576134,-9.53152099991184
82.6265625,-10.77,-0.9257472537806476,0.05636559585019105,-9.581015007754894
82.669375,-10.9,-0.9259380905468925,-0.07759847240568639,-9.715169912777018
82.7121875,-11.129999999999999,-0.9260306693328834,-0.14533441314259762,-9.782998432299921
82.755,-11.08,-0.9258763434505436,-0.046650956524100465,-9.684160649799084
82.79995,-10.78,-0.9257143125387498,0.056959469753313965,-9.580388192609876
82.8449,-11.04,-0.9251868703443459,-0.02408304192616367,-9.660903262094948
82.88985000000001,-10.879999999999999,-0.9246590212331461,-0.10533118048535858,-9.741623551542943
82.93480000000001,-10.91,-0.9238455608329778,-0.04708404385536758,-9.682562954512784
82.97975,-10.6,-0.9229487971401937,0.051849214704742526,-9.582732932259889
83.0247,-10.58,-0.9218477963576405,0.09337486414481092,-9.540106282037268
83.06965,-10.469999999999999,-0.9205793542363089,0.08783557088520613,-9.544377133175542
83.11460000000001,-10.58,-0.9191894012229049,0.07512516957940457,-9.555697581467939
83.15955,-10.53,-0.917546855361942,0.047507704629663375,-9.581672500556717
83.2045,-10.58,-0.9158666491734438,0.02062656026858232,-9.6068734387293
83.30165,-10.62,-0.9114897137274178,-0.02307902270576809,-9.646202086257624
83.39880000000001,-10.68,-0.9063098637294213,-0.06172406760497589,-9.679667281158837
83.49595,-10.6,-0.9003203767452482,0.03529527996716325,-9.576658446602524
83.5931,-10.59,-0.8935330681161968,0.04786847832222384,-9.557297939618412
83.69025,-10.61,-0.885946597822427,-0.0013730770436039214,-9.59895302469047
83.78739999999999,-10.54,-0.8775603504391597,0.0014022474948827762,-9.587791452768716
83.88455,-10.139999999999999,-0.8683744420809207,0.11745405472931318,-9.462553737176046
83.9817,-10.389999999999999,-0.8583897266673651,-0.17986045484799382,-9.749883531339798
84.07885,-10.129999999999999,-0.8476078014991951,-0.23850022337078142,-9.797741374694414
84.176,-9.85,-0.8360310121333755,-0.14726231197411122,-9.694926673931926
84.27758333333333,-9.26,-0.8230888441791765,0.0983629326686413,-9.436359261334973
84.37916666666668,-9.18,-0.8092847790279273,0.24828848867428488,-9.272629640178081
84.48075,-8.45,-0.794624129816679,0.5756568894957294,-8.930600590145389
84.58233333333334,-9.46,-0.7791131225658606,-0.03717111025140263,-9.527917582641702
84.68391666666668,-9.86,-0.7627588976754712,-0.36333135861286603,-9.837723606112775
84.7855,-9.629999999999999,-0.7455695104285118,-0.2856567301614001,-9.74285959041435
84.847,-10.15,-0.7347083631131315,-0.2835933154615433,-9.729935028399114
84.9085,-9.74,-0.7236641495730891,-0.26187701984719763,-9.697174519244726
84.97,-9.25,-0.7122012841316049,0.033381428088747694,-9.390453205867296
85.0315,-9.28,-0.7004928801926827,0.21222496458195203,-9.19990126543517
85.09110000000001,-9.06,-0.6889195776306177,0.2780972029366927,-9.122455724518364
85.1507,-9.03,-0.6769567910822696,0.2312022963960777,-9.157387844510632
85.2103,-9.05,-0.6648477562367628,0.15773884636821184,-9.218742259692991
85.26989999999999,-9.17,-0.6523659686815061,0.05185644617442614,-9.312142872331519
85.3295,-9.040000000000001,-0.6396649590525263,-0.03680792386114625,-9.38810623273811
85.3891,-9.15,-0.6267402685957848,-0.10790406651491935,-9.446277684935144
85.4487,-8.98,-0.6134603972704827,-0.028324058436828652,-9.35341780553175
85.5083,-8.82,-0.6000417100654145,0.05784515447151024,-9.253829905418343
85.5679,-8.89,-0.5862563851861079,-0.023699709177582486,-9.321589444188128
85.6275,-8.92,-0.5722787689667728,-0.061701287915066655,-9.345613406706278
85.6955,-8.81,-0.5560750619093223,-0.047068383664919174,-9.31477679539868
85.7635,-8.94,-0.5394376644986573,-0.09290075794855532,-9.34397177227165
85.842875,-8.7,-0.5196957888432557,-0.05168659836964631,-9.28301573703734
85.92225,-8.58,-0.49956666423755847,0.02355518128957842,-9.187644832772419
86.001625,-8.64,-0.47905711169082116,-0.028018291282025227,-9.218708752797285
86.081,-8.46,-0.45805818905667006,0.100601973779026,-9.069089565102082
86.160375,-8.43,-0.43669097257427647,0.06456259415371955,-9.083761728244996
86.23975,-8.7,-0.41497338757387886,0.03982861431520864,-9.086778123083109
86.319125,-8.49,-0.3929132604348649,0.06534913335151514,-9.03919747690779
86.3985,-8.59,-0.370510336992381,0.05095263454408444,-9.031191052272735
86.47364999999999,-8.85,-0.34889677053926876,-0.09380590169514363,-9.154336022058851
86.5488,-8.78,-0.3270187890963187,-0.11172510894277589,-9.150377247863533
86.62395,-8.77,-0.3048822400426992,-0.04935194912436819,-9.065867538991506
86.6991,-8.65,-0.2824886703138595,0.03517358553486987,-8.958948434603428
86.77425,-8.71,-0.2597399591180986,-0.03160607364464759,-9.002979382587185
86.84939999999999,-8.69,-0.2367626852298734,0.0006040396384248407,-8.947791995415887
86.92455,-8.45,-0.21356319906963864,0.04409548035553203,-8.881101068538545
86.99969999999999,-8.51,-0.19014664471756945,0.002517963162711664,-8.899262031379296
87.07485000000001,-8.42,-0.16642814496119557,0.024018951705966275,-8.854042543079668
87.15,-8.38,-0.14251982441417338,0.018286269605931816,-8.835866904632681
87.2343,-8.36,-0.11547387652559372,0.001456965101134595,-8.825650261248898
87.3186,-8.32,-0.08819258183929894,0.006764430146692374,-8.793061501517045
87.40289999999999,-8.22,-0.06069039507537637,0.05937034940612543,-8.71295339549369
87.4872,-8.32,-0.03294778777162279,-0.016588882491693716,-8.761170020087755
87.5715,-8.08,-0.005014247821785007,0.05099821006906051,-8.665649387577163
87.6558,-8.27,0.023086414508394527,-0.022136311793534615,-8.710683247109579
87.74010000000001,-8.33,0.05133878820324942,-0.0907557901120474,-8.751050351733236
87.8244,-8.2,0.07972730180971757,-0.07014738599106299,-8.702053434005784
87.9087,-8.23,0.10823622913632452,-0.07010448400302972,-8.673501604691145
87.993,-8.23,0.13685801500764805,-0.047419692342860725,-8.622195027159652
88.0714,-8.11,0.16356147957107517,0.04455751362763596,-8.503514356625727
88.1498,-8.26,0.19031713354693378,0.04343463357821963,-8.477881582699284
88.2282,-8.44,0.21711405944531373,0.04581011132743199,-8.448709179051692
88.3066,-8.43,0.24394129936750591,0.15376879636141105,-8.31392325409552
88.385,-8.45,0.270786958882775,0.22987850554136455,-8.210967885400299
88.4634,-9.08,0.2976288409391747,0.08502978720211815,-8.328974721683146
88.54180000000001,-9.040000000000001,0.32445403189629196,-0.07028757583178,-8.457466893759927
88.6202,-9.540000000000001,0.3512512871845433,-0.1745206534750032,-8.5349027161149
88.6986,-9.61,0.3780079075950651,-0.2370434400555588,-8.570668882284933
88.777,-9.709999999999999,0.4046859825751025,-0.21676394609712163,-8.523711313346459
88.857,-9.36,0.4318304858422082,-0.08018625343893518,-8.359989117421167
88.937,-9.28,0.45888240060157065,0.06639775485583346,-8.186353194367035
89.017,-9.0,0.48582874932594544,0.15881562823174972,-8.066988972266744
89.097,-8.85,0.512649588127063,0.20612404608183957,-7.992859715615537
89.177,-8.77,0.5392919886030705,0.09843151298368981,-8.07390984823768
89.257,-9.02,0.5657768111918785,-0.007342022993706269,-8.153198561626267
89.3395,-8.69,0.5929093931419513,-0.014369024753563726,-8.13309298143605
89.422,-8.61,0.619841959615651,0.05893154017662458,-8.032859850032164
89.5045,-8.55,0.6465591141761925,0.04798905204987473,-8.017085183598372
89.587,-8.71,0.672994305839147,-0.1284405727989518,-8.167079616784244
89.66825,-8.55,0.6987602729945822,-0.11968373034688838,-8.132556807176744
89.7495,-8.5,0.7242643295422747,-0.06166799341802411,-8.049037013700188
89.83075,-8.22,0.7494925214188352,-0.017546900397171893,-7.979687728802776
89.912,-8.18,0.7744309476059477,-0.040012473938660614,-7.977214876157151
89.99325,-8.34,0.7990306278898366,-0.2269448242356207,-8.139547546170222
90.0745,-7.779999999999999,0.8232425294124676,0.10455044298298843,-7.783840377428983
90.15575,-7.65,0.8471118033932159,0.2671300792925749,-7.597391467138648
90.237,-7.6,0.870624987530787,0.27252732467221147,-7.56848103762144
90.31825,-7.75,0.8937687076908151,0.13279586910344293,-7.6850687730301805
90.3995,-8.26,0.9165264669556523,-0.2666775126071996,-8.061784395475986
90.47875,-8.07,0.9382179870514308,-0.13790136468422204,-7.91131672745723
90.558,-8.38,0.9595164537055414,-0.12269811236384563,-7.874815008482742
90.63725,-8.1,0.980410887326051,-0.07948140705955821,-7.810703869557946
90.7165,-8.08,1.0008903916034135,0.012862771208722878,-7.697880187012302
90.79575,-8.08,1.0209119427935252,-0.01167813168676698,-7.70239953871768
90.875,-8.14,1.0403650904640083,-0.045163724859371916,-7.716431984219803
90.95425,-7.9,1.0593599581720705,-0.019284654082996726,-7.671558045735365
91.0335,-7.9399999999999995,1.0778863560086687,0.0535050420588161,-7.580241951756954
91.11275,-7.6899999999999995,1.0959341973298995,0.16225504805299062,-7.453444104441549
91.192,-7.460000000000001,1.113424354445388,0.32094761601523625,-7.277261379363814
91.22189999999999,-7.529999999999999,1.1198338849848786,0.27211579654974444,-7.319683668289816
91.2518,-7.58,1.1261742723182369,0.1835745806030352,-7.4018844969031665
91.2817,-7.85,1.132514659651592,0.095033364656368,-7.484085325516479
91.31160000000001,-7.67,1.1387518901885203,-0.03531338112527219,-7.608194840761191
91.3415,-7.76,1.1448263819862472,-0.2316119541462135,-7.798418921984404
91.3714,-7.68,1.150900873783977,-0.4279105271672481,-7.988643003207709
91.4013,-8.4,1.1569634891478011,-0.6066237661322055,-8.161293626808842
91.4312,-7.779999999999999,1.1627648229656382,-0.39845965586151094,-7.947328182720311
91.4611,-7.609999999999999,1.1685661567834753,-0.1902955455908164,-7.733362738631779
91.491,-7.68,1.1743674906013122,0.017868564679878084,-7.519397294543248
91.52080000000001,-7.550000000000001,1.1799544991350321,0.11844699777170821,-7.413231852917698
91.5506,-7.49,1.1854571660596671,0.17277517676395193,-7.353401007000819
91.5804,-7.27,1.190959832984302,0.22710335575619564,-7.293570161083941
91.61019999999999,-7.49,1.1963645874210584,0.21802946724705383,-7.297239295156326
91.64,-7.49,1.2015811962928742,0.08712415491164732,-7.422927998619917
91.66980000000001,-7.5600000000000005,1.2067978051646897,-0.04378115742375916,-7.548616702083508
91.6996,-7.800000000000001,1.2120144140365028,-0.17468646975910324,-7.674305405547039
91.7294,-7.6,1.216942333512075,-0.10275517733963162,-7.5974461936519955
91.75919999999999,-7.57,1.2218663252407598,-0.028064203222821608,-7.517831227806501
91.789,-7.460000000000001,1.2267903169694467,0.04662677089402402,-7.438216261960968
91.8179,-7.52,1.2313860366322864,0.059493816957061595,-7.420753496235091
91.8468,-7.58,1.2358714116041345,0.03575473094355485,-7.440007207276749
91.8757,-7.630000000000001,1.2403567865759806,0.012015644930059778,-7.459260918318399
91.9046,-7.48,1.244795080962175,-0.010799284554740834,-7.477637553417004
91.9335,-7.460000000000001,1.2489846670371976,-0.028732256724839932,-7.491380939512081
91.96239999999999,-7.540000000000001,1.25317425311222,-0.04666522889493903,-7.505124325607158
91.99130000000001,-7.5,1.2573638391872466,-0.06459820106505576,-7.5188677117022475
92.0202,-7.5600000000000005,1.261342742514753,-0.044713998998614966,-7.4950046063083
92.04910000000001,-7.390000000000001,1.2652309062430835,-0.008542202087726181,-7.454944645669081
92.078,-7.4399999999999995,1.2691190699714123,0.02762959482314482,-7.4148846850298815
92.10764999999999,-7.34,1.2730269261294718,0.06103195358904228,-7.377574470105924
92.1373,-7.380000000000001,1.2767012329526881,0.08377034410020454,-7.351161772771546
92.16695,-7.369999999999999,1.2803755397759045,0.10650873461136678,-7.324749075437167
92.1966,-7.279999999999999,1.2840498465991208,0.12924712512252903,-7.298336378102789
92.22625,-7.32,1.287440842593962,0.09517856432694485,-7.329013942903532
92.2559,-8.19,1.2907951430910345,0.05375215079065794,-7.367086055942746
92.28555,-7.34,1.294149443588107,0.012325737254371034,-7.405158168981961
92.31519999999999,-7.540000000000001,1.297337146692007,-0.0085363695202896,-7.422832572652721
92.34485000000001,-7.77,1.300366472668849,-0.009848855722235804,-7.421115732877825
92.3745,-7.48,1.3033957986456883,-0.011161341924180751,-7.419398893102931
92.40381249999999,-7.460000000000001,1.306348253729035,-0.014115715866713967,-7.419400811962118
92.433125,-7.41,1.3090171910583959,-0.028151821335846556,-7.43076798010189
92.4624375,-7.66,1.3116861283877541,-0.04218792680496553,-7.4421351482416505
92.49175,-7.51,1.3143550657171137,-0.05622403227409132,-7.4535023163814165
92.5210625,-7.57,1.3167867013807857,-0.07203718268225566,-7.466883831125909
92.55037499999999,-7.66,1.3191253880240688,-0.08854638630095565,-7.481054348101326
92.5796875,-7.6,1.3214640746673538,-0.10505558991967165,-7.495224865076756
92.609,-7.58,1.323700118410834,-0.10881026404053487,-7.496743495454139
92.668,-7.59,1.3277345296974707,-0.058426849733464965,-7.442325669860432
92.727,-7.4,1.3314575552071788,0.004367249080079122,-7.375808545537181
92.78405000000001,-7.32,1.3347006791679568,0.07930876555370985,-7.297623905102772
92.84110000000001,-7.35,1.3374649682293511,0.07807638991827527,-7.296091991676812
92.89815,-7.35,1.340043432068235,0.04728261333057672,-7.324307304425627
92.95519999999999,-7.34,1.3419728749699686,0.00953034339361343,-7.360130131460856
93.01225,-7.4,1.3437353539418877,-0.019379123532662895,-7.387277119415214
93.0693,-7.49,1.3449667707064656,-0.015096312934338267,-7.381762892052311
93.12635,-7.25,1.345883577569405,0.012812879155353583,-7.35293689309968
93.18339999999999,-7.290000000000001,1.3464338370327125,0.06824882311541726,-7.296950689676309
93.24045,-7.18,1.3464981202890327,0.059433273010743255,-7.305701956524663
93.2975,-7.32,1.3463629670796917,0.024249989865877005,-7.341020392878869
93.3525,-7.4399999999999995,1.3455985908829893,-0.0714973574187496,-7.437532116360199
93.4075,-7.529999999999999,1.344713046084311,-0.14126093005544643,-7.508181233795574
93.4625,-7.34,1.3432513304653544,-0.0278139607490078,-7.396195980108092
93.5175,-7.32,1.3415766266295968,0.040776096716093634,-7.329280626478749
93.5725,-7.279999999999999,1.3394455194721213,0.013244200235533412,-7.358943630116784
93.6275,-7.5,1.3369789086245942,0.0011486986160154965,-7.373505742583829
93.6825,-7.369999999999999,1.3341767940870144,0.004489591857525662,-7.3729669638798985
93.7375,-7.449999999999999,1.3309165060594916,-0.021424794458807437,-7.402141638223754
93.7925,-7.51,1.3274424037366606,-0.06099164456881129,-7.445182590656589
93.8475,-7.279999999999999,1.3233876540907414,-0.002145123228413152,-7.390390818962111
93.90175,-7.359999999999999,1.3192763828870113,0.06822580008196906,-7.324131166855459
93.956,-7.470000000000001,1.3145236324909548,0.048590602363856455,-7.348519114969628
94.01025,-7.4,1.309645817781,0.031843961283471445,-7.370143570759968
94.0645,-7.5,1.304231141626018,0.027496977965039162,-7.379905230233382
94.11875,-7.42,1.29858823396658,0.016250501403340455,-7.396794614454518
94.173,-7.5,1.2925132079920434,-0.008059015698925847,-7.427179157531321
94.22725,-7.550000000000001,1.2861075994178754,-0.030806791196749637,-7.456332541603313
94.2815,-7.59,1.2793744411119625,-0.0520071529947585,-7.484266061707235
94.33575,-7.619999999999999,1.2722094674466469,-0.025156759082467735,-7.46458064146026
94.39,-7.550000000000001,1.2648210368820627,0.026559060861714723,-7.420253252080661
94.4445,-7.51,1.2568639272800173,0.02779947551051422,-7.426969947033907
94.499,-7.6,1.248786675886886,0.01764354700284166,-7.445203126934711
94.5535,-7.550000000000001,1.2400707543388867,-0.07770978006124638,-7.549272375546798
94.608,-7.859999999999999,1.2312480989447865,-0.14653067586483062,-7.626915926744482
94.6625,-7.52,1.2218744412996694,-0.05187555554433465,-7.541634464069104
94.717,-7.75,1.2123010428185081,0.04455550863681245,-7.454776798369118
94.7715,-7.630000000000001,1.2022870395519611,0.14490409603993146,-7.364442214232546
94.826,-7.4399999999999995,1.1919704573385268,0.1742529092286439,-7.345409983257268
94.8805,-7.67,1.1813222020486904,0.1257750468362012,-7.404536100939547
94.935,-7.619999999999999,1.1702709519664052,0.09776785420860745,-7.443594543649426
94.989,-7.699999999999999,1.1590986236980076,0.08131806191306142,-7.47121666421337
95.043,-7.73,1.1474369992008213,-0.20682461525202697,-7.771020965875644
95.097,-8.43,1.1356502059009244,-0.5644701234301224,-8.140453267353637
95.151,-7.5,1.12329056707942,-0.17600645879754687,-7.764349241542566
95.205,-7.58,1.1108418610816901,0.2083028907256827,-7.392488598017066
95.259,-7.640000000000001,1.0978505253517543,0.12178995843886047,-7.491992866033824
95.313,-7.74,1.0847174308967,0.0558658060334076,-7.571050112894331
95.367,-7.609999999999999,1.0711372512316562,0.054875497869165415,-7.585620600723617
95.421,-7.75,1.0573318738087958,0.06368299157890606,-7.590618484436737
95.475,-7.68,1.0431726141950846,0.08788703109061334,-7.5805737045387405
95.52995,-7.57,1.028448830324881,0.10771844598927527,-7.575466073510282
95.58489999999999,-7.57,1.013461752489163,0.12354448825080552,-7.57462710908447
95.63985000000001,-7.630000000000001,0.9980630710587931,-0.09822630373411123,-7.811796582499756
95.6948,-8.21,0.9825084244018536,-0.41002751471813903,-8.139152440140723
95.74975,-7.550000000000001,0.9664505542275968,-0.16367873477058054,-7.908861530367423
95.8047,-7.6,0.9502936000527598,0.11502911558953251,-7.6463106341821465
95.85964999999999,-7.540000000000001,0.9336396438309331,0.11596966544369325,-7.662024040549812
95.91460000000001,-7.630000000000001,0.9168447155087737,0.10172053837968145,-7.693068095935984
95.96955,-7.73,0.8996601827860696,0.04549172202470626,-7.766481445013663
96.0245,-7.73,0.8822450968309081,0.008291634696897861,-7.821096618296632
96.07860000000001,-7.6899999999999995,0.8648172857269478,-0.0050488597261316055,-7.851864923823623
96.1327,-7.93,0.8470901086759228,-0.0181960876387138,-7.88273932878723
96.1868,-7.880000000000001,0.8291670162956185,-0.031216835327339373,-7.91368316885616
96.2409,-7.74,0.8108803397671854,-0.008787917881032331,-7.909540927938286
96.295,-7.83,0.7924763206774916,0.02508196728609184,-7.894075061860856
96.3491,-7.76,0.773649327082311,0.005371506721882181,-7.932612516020246
96.4032,-7.92,0.7547526045898904,-0.01988695118062534,-7.976767696415173
96.4573,-7.99,0.7354318829181125,-0.04660481259197623,-8.022806279498303
96.5114,-8.0,0.7160195474316583,-0.05699547675335999,-8.052609279146141
96.5655,-7.949999999999999,0.6962640619551201,-0.006230761741611188,-8.02160004961093
96.62095,-7.93,0.675853583927216,0.01999950774802828,-8.015780258149196
96.6764,-7.99,0.6551762976714285,0.0037408987386532877,-8.052716153414357
96.73185000000001,-8.0,0.6342626169107424,0.03329543705632287,-8.044075295857374
96.7873,-7.859999999999999,0.6131737741307333,0.09679629490044847,-8.001663280793258
96.84275,-8.03,0.591781311780973,0.062180810349969334,-8.057671227693497
96.8982,-8.03,0.5702986513368018,-0.0015826870288553076,-8.142917385516492
96.95365,-7.790000000000001,0.5484525588560878,0.019463805780228056,-8.143716985188123
97.0091,-8.01,0.5265356856895524,0.02608594067833699,-8.15901172345655
97.06455,-7.82,0.5043204038218501,-0.05525403896437519,-8.262566984966965
97.12,-8.26,0.48198322992818526,-0.13138542659538482,-8.361035546491639
97.17535000000001,-8.290000000000001,0.45947067550689896,-0.19816393717003414,-8.450326611487574
97.2307,-8.07,0.43678178762255093,-0.09603973689272229,-8.370891299094609
97.28605,-7.74,0.41395131602925195,0.14170178659311852,-8.155980247202068
97.3414,-7.699999999999999,0.39089786592830167,0.11917779211754101,-8.201557691778596
97.39675,-7.92,0.36776928176498275,0.008955633981071175,-8.334908434078386
97.4521,-7.66,0.3443790771957197,0.07759100508669156,-8.289663267542029
97.50744999999999,-7.77,0.32093790468782746,0.12808533658078128,-8.26261010855583
97.56280000000001,-7.790000000000001,0.29727396151101537,-0.009793859624916171,-8.42415324793834
97.61815,-8.14,0.2735324449986467,-0.09134225606937571,-8.529443160895168
97.6735,-7.970000000000001,0.24963193520345336,-0.0574357901935025,-8.519437204814489
97.72810000000001,-8.06,0.22594592500084035,-0.03130158827596514,-8.516989013099565
97.78269999999999,-8.08,0.20215678589528946,-0.012063824397962577,-8.521540388327113
97.8373,-8.0,0.17823694648132257,0.01619684816440653,-8.51719955517871
98.3,-8.68,-0.02769443716356125,-0.08642356587052763,-8.825751352858527
98.5,-8.65,-0.11795313644555126,0.14010798728507295,-8.689478498984917
98.8,-9.17,-0.2537421597528596,-0.1431575416244275,-9.108533051201725
99.1,-9.07,-0.38900860302691115,0.13078078548504046,-8.96986116736631
99.3,-9.41,-0.478334886427632,-0.09410569560284349,-9.284073931854914
99.64275609763189,-9.37,-0.628687314698016,0.024728407502787042,-9.315592257019668
99.67535772364818,-9.53,-0.642779326352037,-0.03733822346367517,-9.39175089964015
99.70795934966448,-9.629999999999999,-0.6568366945865743,-0.08742675820489273,-9.455896802615905
99.74056097568076,-8.96,-0.6707868062294458,-0.10043091170961362,-9.482851067763498
99.77316260169705,-9.38,-0.684736917872317,-0.1134350652143345,-9.50980533291109
99.80576422771335,-9.74,-0.6986595703278832,-0.11733417955646186,-9.527627099708784
99.83836585372964,-9.33,-0.7124543768371003,-0.07884156776947146,-9.502929294431011
99.87096747974593,-9.53,-0.7262491833463175,-0.04034895598248106,-9.478231489153238
99.90356910576222,-9.59,-0.7400255312045857,0.002627991900920941,-9.449030889128105
99.93617073177852,-9.629999999999999,-0.7536517290832161,0.08208230616661179,-9.383202772741043
99.9687723577948,-9.5,-0.7672779269618405,0.16153662043226802,-9.31737465635401
100.00137398381109,-9.36,-0.7808964630664462,0.23097479513463076,-9.261555017756253
100.0339756098274,-9.49,-0.7943408638313363,0.07276805871443462,-9.43320615494134
100.06657723584368,-9.03,-0.8077852645962205,-0.08543867770569258,-9.60485729212635
100.09917886185997,-9.889999999999999,-0.8212296653611048,-0.24364541412581978,-9.776508429311363
100.13178048787626,-9.75,-0.8344841167341112,-0.14863788223952545,-9.694755348798076
100.16438211389256,-9.709999999999999,-0.8477336602312293,-0.047087848736638474,-9.606454858792306
100.19698373990884,-9.629999999999999,-0.8609832037283418,0.05446218476620422,-9.518154368786576
100.22958536592513,-9.59,-0.8740441945142471,0.08684000077768075,-9.498837543561004
100.26218699194143,-10.03,-0.8870859621470852,0.11216563431611337,-9.48655367765541
100.29478861795772,-9.639999999999999,-0.9001277297799176,0.13749126785453494,-9.47426981174982
100.32739024397401,-9.51,-0.9129842110021761,0.06480260153019789,-9.559814959296416
100.3599918699903,-9.98,-0.9258054388592708,-0.026534674228786803,-9.663973462912496
100.3925934960066,-10.16,-0.938626666716371,-0.11787194998781131,-9.768131966528621
100.42519512202288,-9.4,-0.9512677228944171,-0.07538418582049054,-9.738285258539346
100.45779674803917,-10.18,-0.9638558147621827,0.006443562163227474,-9.669045602423394
100.49039837405547,-9.69,-0.976443906629954,0.08827131014698117,-9.599805946307411
100.52300000931346,-10.18,-0.9888587686954057,0.0814337566106996,-9.619058361909143
100.68435136067974,-9.94,-1.0492772878690526,0.10055395592817065,-9.66035668176532
100.84570271204603,-10.59,-1.1074864962131434,-0.20260902808356493,-10.021728874121147
101.00705406341231,-10.03,-1.163538802209372,0.1696056122134526,-9.705566539820358
101.16840541477859,-10.18,-1.2169997175072487,0.04784845626418237,-9.880784611067506
101.32975676614488,-10.25,-1.2679546039676457,-0.030922290696796372,-10.01051024448888
102.03970271215653,-10.23,-1.4581891589089173,-0.005683041176119665,-10.175505549909476
102.07197298242978,-10.299999999999999,-1.4654442594505621,-0.01839434133433581,-10.195471950609337
102.10424325270303,-10.219999999999999,-1.4726460181918446,-0.0354304126386056,-10.219709780654888
102.13651352297629,-10.26,-1.4794954501497588,-0.08103193723561691,-10.272160737209814
102.16878379324953,-10.2,-1.4863448821076697,-0.12663346183260812,-10.324611693764716
102.2010540635228,-10.32,-1.493180818939817,-0.16902866737009362,-10.373842836134349
102.23332433379606,-10.049999999999999,-1.4996170961432558,-0.11646838255463063,-10.327718828522325
102.2655946040693,-10.18,-1.5060533733466916,-0.06390809773919079,-10.281594820910321
102.29786487434258,-10.1,-1.5124896505501333,-0.011347812923704648,-10.235470813298276
102.33013514461582,-9.94,-1.5185334653109304,0.03107153666497146,-10.199095278470397
102.36240541488908,-10.1,-1.5245494734478848,0.07277238394452142,-10.163410439327802
102.39467568516235,-9.93,-1.530565481584842,0.11447323122408974,-10.12772560018519
102.4269459554356,-9.74,-1.53622493804479,0.15607975402609142,-10.091778533843137
102.45921622570886,-9.7,-1.5418139426186017,0.1976676390323032,-10.055779653410736
102.4914864959821,-9.62,-1.5474029471924107,0.23925552403849665,-10.019780772978352
102.52375676625537,-10.0,-1.5526729271660078,0.14307815555563044,-10.121228121434816
102.55602703652863,-10.0,-1.5578285810909074,-0.002468938861182903,-10.27193086977653
102.58829730680188,-10.26,-1.5629842350158047,-0.14801603327793217,-10.422633618118176
102.62056757707514,-9.93,-1.5678598974732894,-0.14340004336220427,-10.422893290659934
102.6528378473484,-10.04,-1.572576248300178,-0.05334314326018664,-10.337552741384805
102.68510811762165,-9.75,-1.5772925991270663,0.03671375684183098,-10.252212192109674
102.71737838789491,-9.969999999999999,-1.5817693843601763,0.03344783801020899,-10.259954896174406
102.74964865816816,-10.08,-1.5860408811242952,-0.04978823980160327,-10.347462470750337
102.78191892844143,-10.02,-1.5903123778884176,-0.13302431761348885,-10.434970045326345
102.81418919871467,-10.2,-1.5943860114813422,-0.16884170804899076,-10.474861069354771
102.84645946898793,-9.92,-1.5982075111638825,-0.14423421495827102,-10.454075075946593
102.8787297392612,-10.01,-1.6020290108464248,-0.11962672186754043,-10.433289082538403
102.91100000953445,-10.11,-1.6056955074489039,-0.08416460547397538,-10.401493462747318
102.9432702798077,-9.91,-1.609062281044976,-0.027713355648243617,-10.348408986517658
102.97554055008094,-10.17,-1.612429054641045,0.02873789417743843,-10.295324510288046
103.00781082035422,-9.879999999999999,-1.6156847215406018,0.08068051512042772,-10.246637556244613
103.04008109062748,-10.24,-1.618592459726409,0.11850444207720343,-10.211721367473645
103.07235136090073,-10.11,-1.6215001979122148,0.1563283690339625,-10.176805178702692
103.10462163117398,-9.86,-1.6243416384026528,0.1816748976901038,-10.154300090536989
103.13689190144724,-10.15,-1.6267864567950994,0.1323761183317037,-10.206043688287835
103.1691621717205,-10.04,-1.6292312751875457,0.08307733897330362,-10.257787286038681
103.20143244199376,-10.12,-1.631655391731031,0.0360209661132497,-10.30726777544222
103.233702712267,-10.04,-1.6336338357334155,0.03723946011009991,-10.308027725447754
103.26597298254028,-9.99,-1.6356122797358015,0.03845795410695119,-10.308787675453289
103.29824325281352,-10.18,-1.637590723738186,0.039676448103801394,-10.309547625458823
103.33051352308678,-10.04,-1.6391253261437169,-0.0027459177271276177,-10.353504593695282
103.36278379336005,-10.43,-1.6406343753715873,-0.04768080751343314,-10.399948532709459
103.3950540636333,-10.36,-1.6421434245994562,-0.0926156972996991,-10.446392471723595
103.42732433390655,-10.28,-1.6432528349161855,-0.0932474497558452,-10.44813363449647
103.4595946041798,-10.07,-1.6442899071978527,-0.08585995830911006,-10.441783215331402
103.49186487445307,-10.379999999999999,-1.645326979479521,-0.07847246686236842,-10.435432796166328
103.52413514472633,-10.16,-1.6460094563270482,-0.09400459254173085,-10.451647398693218
103.55640541499957,-10.08,-1.6465724112737203,-0.11726213130323279,-10.475467892401392
103.58867568527283,-10.33,-1.647135366220393,-0.14051967006474497,-10.499288386109576
103.62094595554609,-10.4,-1.6473894810552936,-0.10958273386275941,-10.468605564742493
103.65321622581936,-10.0,-1.647476623196188,-0.049345855263308945,-10.408455828283936
103.68548649609261,-10.08,-1.647563765337082,0.01089102333608846,-10.348306091825433
103.71775676636585,-10.1,-1.6473884041070233,0.07719381698478513,-10.281827936946677
103.75002703663912,-9.78,-1.646998485585308,0.14845459002889488,-10.210177245380851
103.78229730691237,-9.69,-1.6466085670635928,0.2197153630729419,-10.138526553815089
103.81456757718563,-9.83,-1.646002931637611,0.22364850000861206,-10.133987781453436
103.84683784745891,-10.04,-1.6451351544634585,0.14576429263535085,-10.211004211652545
103.87910811773214,-9.62,-1.6442673772893077,0.06788008526222683,-10.288020641851519
103.9113783880054,-10.06,-1.6432309866629011,-0.014215280787238967,-10.36907961727458
103.94364865827865,-10.12,-1.6418850045204025,-0.104042764183538,-10.45756111852838
103.97591892855192,-9.66,-1.6405390223779026,-0.19387024757991617,-10.546042619782257
104.00818919882518,-10.25,-1.6390717136517268,-0.2420870690970244,-10.59279213257319
104.04045946909842,-10.17,-1.637247633256865,-0.1679440184084943,-10.516825001489797
104.07272973937168,-10.36,-1.6354235528620025,-0.09380096771993156,-10.440857870406372
104.10500000964494,-9.73,-1.6335254819931093,-0.023377917628688287,-10.368536749446235
104.1372702799182,-10.29,-1.63122386400049,0.026756094434610283,-10.316101119390318
104.16954055019146,-9.719999999999999,-1.6289222460078705,0.07689010649790885,-10.2636654893344
104.2018108204647,-9.68,-1.626593888332573,0.121437457704985,-10.216789780452027
104.23408109073797,-9.92,-1.623815747789044,0.0720127010944701,-10.263436396519014
104.26635136101122,-10.03,-1.6210376072455173,0.022587944483998732,-10.310083012585958
104.29862163128448,-9.879999999999999,-1.6182594667019896,-0.026836812126494403,-10.356729628652923
104.33089190155775,-10.35,-1.6150265641168884,-0.005361410371842609,-10.33202132431317
104.363162171831,-10.049999999999999,-1.6117733704606838,0.019277492342200445,-10.304129227942923
104.39543244210425,-9.98,-1.6085201768044781,0.043916395056254345,-10.276237131572662
104.4277027123775,-9.629999999999999,-1.604860820541809,0.08409130784397392,-10.232402862522273
104.45997298265077,-10.18,-1.6011344971462855,0.12682776133986046,-10.185940085630863
104.49224325292403,-9.9,-1.5974081737507637,0.16956421483572817,-10.139477308739474
104.52451352319727,-9.98,-1.59332425115037,0.1438975359627193,-10.161060065012089
104.55678379347053,-10.03,-1.5891271744119728,0.09658624106613037,-10.20417428317028
104.5890540637438,-10.0,-1.5849300976735738,0.04927494616952062,-10.247288501328491
104.62132433401705,-10.48,-1.58042381388115,0.033292567888793693,-10.258764595816794
104.6535946042903,-10.7,-1.5757588118515848,0.033391551116394955,-10.254000610559629
104.68586487456355,-10.26,-1.5710938098220215,0.033490534343996174,-10.249236625302464
104.71813514483682,-10.11,-1.5661676867061811,0.013532653568759231,-10.26426838296186
104.75040541511007,-10.4,-1.5610380372693928,-0.022058203457422904,-10.294729590551254
104.78267568538332,-10.31,-1.5559083878326023,-0.057649060483620715,-10.32519079814066
104.8149459556566,-10.18,-1.5505652626721584,-0.12012411472379589,-10.382322727220393
104.84721622592984,-10.459999999999999,-1.5449746912670945,-0.2137614647348969,-10.47036950582643
104.8794864962031,-10.31,-1.5393841198620284,-0.30739881474603914,-10.558416284432507
104.91175676647634,-10.389999999999999,-1.5336271438040359,-0.33089469066020516,-10.57615518428868
104.94402703674962,-10.32,-1.5275798206947,-0.2320059467807508,-10.47121911729989
105.00856757729612,-9.719999999999999,-1.5153651338746725,-0.10580930570226238,-10.332807789401373
105.04083784756938,-9.87,-1.5088656709694692,-0.27653391795887844,-10.497032938752787
105.13764865838915,-10.139999999999999,-1.4888456772682386,0.07151682858046482,-10.128962198512212
105.1699189286624,-9.06,-1.4818991244909936,0.6381273827496657,-9.555405091565767
105.20218919893567,-7.93,-1.4749226133839066,1.1342658067693632,-9.052290156438982
105.23445946920891,-8.51,-1.4675344545995548,0.6620695857203835,-9.517098218703609
105.26672973948217,-9.2,-1.4601462958151998,0.18987336467119592,-9.981906280968442
105.2990000005183,-9.27,-1.452758139145651,-0.2823227212153096,-10.446714210185398
105.33639156678353,-9.41,-1.443706142775342,-0.06135306687425273,-10.216692559474033
105.37378313304879,-8.82,-1.4346406450464135,0.1807232103863377,-9.965550784484513
105.41117469931402,-8.42,-1.4254264682855846,0.29229742906557404,-9.84476238904445
105.44856626557927,-9.1,-1.4158634769134182,0.09770187882815522,-10.029794947909702
105.48595783184453,-9.1,-1.406300485541252,-0.09689367140926362,-10.214827506774954
105.52334939810976,-9.06,-1.3964317201074772,-0.1375042442186373,-10.245569314150552
105.56074096437501,-9.16,-1.3863790642466007,-0.08550930590110814,-10.183521719972148
105.59813253064026,-9.06,-1.376326408385728,-0.03351436758359875,-10.121474125793766
105.63552409690551,-9.01,-1.3658164367161278,-0.03636527844255191,-10.113815064983118
105.67291566317076,-9.23,-1.3552824243717527,-0.04209938554765315,-10.109015159743846
105.710307229436,-9.23,-1.344618143129992,-0.07626834034176071,-10.132519833296193
105.74769879570125,-9.57,-1.3336115539269,-0.18515562728129992,-10.23040053103264
105.78509036196648,-9.85,-1.3226049647238163,-0.2940429142207564,-10.328281228769011
105.82248192823174,-9.43,-1.3113197932705971,-0.23102516047264568,-10.253978303567681
105.859873494497,-9.66,-1.2998498707377935,-0.05400286465990374,-10.065486085222135
105.89726506076222,-9.32,-1.2883799482049985,0.12301943115270365,-9.876993866876733
105.93465662702748,-9.67,-1.2764895718372506,0.05255960415081602,-9.935563317510873
105.97204819329271,-9.77,-1.2645660152154166,-0.03743035680774907,-10.013629721847604
106.00943975955796,-9.66,-1.2525304970309856,-0.09070206127710698,-10.05486590813253
106.04683132582319,-9.51,-1.240163452610447,-0.03524836848242273,-9.987045170917307
106.08422289208845,-9.36,-1.227796408189899,0.020205324312303676,-9.919224433702034
106.1216144583537,-9.959999999999999,-1.2151791208033504,0.011204357892334343,-9.915608112735454
106.15900602461896,-10.11,-1.2023791728007414,-0.044844195711685034,-9.958856718336865
106.19639759088419,-9.799999999999999,-1.189579224798142,-0.1008927493156618,-10.002105323938244
106.23378915714942,-10.07,-1.1763980319525404,0.13825544017405927,-9.74977594160292
106.27118072341467,-10.049999999999999,-1.1631761929347941,0.40887583933103844,-9.465933703428194
106.30857228967993,-8.91,-1.1498602529370554,0.5499775123263378,-9.311516090435155
106.34596385594519,-10.04,-1.1362279538018398,0.2556487307290593,-9.59221257289722
106.38335542221041,-10.02,-1.1225956546666347,-0.03868005086799558,-9.872909055359068
106.42074698847566,-10.07,-1.1087421775165547,-0.16186924426454236,-9.982244771605536
106.45813855474091,-9.99,-1.094711257038819,-0.1477591765164098,-9.954103783379667
106.49553012100615,-10.1,-1.0806803365610886,-0.13364910876828262,-9.92596279515381
106.53292168727141,-10.1,-1.0663092199885928,-0.14148476402535426,-9.919427333838385
106.57031325353665,-10.01,-1.0518919139433325,-0.1523000577637972,-9.91582532153157
106.60770481980188,-10.28,-1.037397590934211,-0.138890127429654,-9.887921068188303
106.64509638606714,-10.08,-1.0226065208059396,-0.03214017052086752,-9.766380041151246
106.6824879523324,-10.09,-1.0078154506776682,0.07460978638791899,-9.644839014114188
106.71987951859764,-9.94,-0.9928325751118219,0.08270306933964612,-9.621762855596614
106.75727108486288,-9.540000000000001,-0.9776807364018574,0.0038887962266770347,-9.68542528999962
106.7946626511281,-10.24,-0.9625288976918985,-0.0749254768862621,-9.7490877244026
106.83205421739336,-10.56,-0.9470792380145916,-0.047320134707746236,-9.706032722546777
106.86944578365862,-10.1,-0.93157998815748,-0.0019948586231000394,-9.645208196605019
106.90683734992388,-10.209999999999999,-0.916019717784237,0.027195555776733268,-9.600457511831943
106.9442289161891,-10.18,-0.9001867636853081,-0.015716241944358993,-9.627536355454106
106.98162048245433,-10.56,-0.8843538095863793,-0.058628039665451256,-9.65461519907627
107.01901204871959,-10.04,-0.8683583213838484,-0.027930323552678476,-9.607921994760966
107.05640361498484,-10.26,-0.8522057065900299,0.07392791665681064,-9.489911139757659
107.0937951812501,-9.99,-0.8360530917962115,0.17578615686629978,-9.371900284754352
107.13118674751533,-10.15,-0.8196458442560405,0.09228500765221659,-9.438994186428262
107.16857831378056,-10.12,-0.8031879357728454,-0.028094671918329966,-9.542915957515614
107.20596988004581,-10.36,-0.7866836278657492,-0.119136719956285,-9.617453697646472
107.24336144631107,-10.45,-0.7699351026331783,-0.05576396478750613,-9.537332417245123
107.28075301257633,-10.41,-0.7531865774006073,0.00760879038127275,-9.457211136843773
107.31814457884155,-9.9,-0.7363042936812506,0.026376544269399785,-9.421561099236289
107.3555361451068,-10.16,-0.7192801247224612,-0.002170765265962839,-9.433084239812862
107.39292771137205,-10.29,-0.7022559557636653,-0.03071807480133631,-9.44460738038944
107.4303192776373,-10.03,-0.6850206482873721,-0.03018594183974217,-9.426839939951552
107.46771084390255,-9.9,-0.667736090543499,-0.022870724764508875,-9.402240165132447
107.5051024101678,-10.32,-0.6504181186133515,-0.01645621824875869,-9.378507686686548
107.54249397643302,-10.049999999999999,-0.6328886944790145,-0.015741603136732358,-9.360263647440185
107.57988554269828,-10.459999999999999,-0.6153592703446642,-0.015026988024705486,-9.342019608193809
107.61727710896353,-10.2,-0.5977239925216339,0.0016432187389337854,-9.307714123607138
107.65466867522878,-10.36,-0.5799654770952777,0.03688933815537932,-9.254709488764338
107.69206024149406,-10.35,-0.5622069616689014,0.07213545757186504,-9.201704853921475
107.72945180775929,-10.049999999999999,-0.5442806130136828,0.09234034227856001,-9.16357362055956
107.7668433740245,-10.03,-0.5263090190778626,0.10849033934634543,-9.129452029555956
107.80423494028977,-10.31,-0.5083151308179105,0.11406663159317615,-9.105881849049172
107.84162650655502,-10.32,-0.49014669356432894,0.03685819679898033,-9.164921846589788
107.87901807282024,-10.62,-0.47197825631075435,-0.040350237995186146,-9.223961844130379
107.91640963908547,-10.34,-0.4537306482870176,-0.018290175764452105,-9.183654173875908
107.95380120535073,-10.56,-0.43538180980197183,0.13069799042850516,-9.016317169197904
107.99119277161599,-9.879999999999999,-0.417032971316926,0.27968615662146246,-8.848980164519903
108.02858433788124,-10.2,-0.39855893883743193,0.13693480098879202,-8.973257487673079
108.06597590414647,-10.49,-0.3800463323631301,-0.09570552139313791,-9.187385203580707
108.1033674704117,-10.35,-0.361520490768038,-0.3029964724764034,-9.37615031306888
108.14075903667695,-9.879999999999999,-0.3428609247556838,-0.2541635877287773,-9.3086578623089
108.17815060294221,-10.549999999999999,-0.3242013587433296,-0.2053307029811512,-9.24116541154892
108.21554216920745,-9.46,-0.30548776028142244,-0.19032148847654576,-9.207442598582407
108.2529337354727,-9.52,-0.28669820225243764,-0.22286205876883708,-9.221193610845713
108.29032530173794,-9.62,-0.2679086442234529,-0.25540262906112843,-9.23494462310902
108.3277168680032,-9.56,-0.2490354114894814,-0.17850569264424687,-9.139174453958168
108.36510843426844,-8.3,-0.23013297172091451,-0.06340909904242514,-9.00517542058778
108.43989156679893,-9.53,-0.1922260521654136,-0.08402557205426921,-8.987884974044121
108.47728313306416,-9.26,-0.17322796721632133,-0.2040204221448016,-9.088881739185561
108.55206626559468,-7.76,-0.13512276914360813,0.519998718226042,-8.326757400742006
108.58945783185992,-6.99,-0.11604638523903288,1.0923101057748557,-7.735369629288616
108.62684939812517,-6.91,-0.09692630032587415,0.8813317166604965,-7.927227933489817
108.66424096439039,-7.73,-0.07778905661542813,0.3628018327426463,-8.426620573697221
108.70163253065564,-8.18,-0.05864992046328545,-0.1358875805552575,-8.906170850842983
108.7390240969209,-8.22,-0.03946933217117457,-0.1999903029510353,-8.95109298494665
108.77641566318616,-8.4,-0.02028874387906368,-0.2640930253468131,-8.996015119050314
108.81380722945138,-8.16,-0.0010986396605439925,-0.30013444524365473,-9.012866434728636
108.85119879571661,-8.28,0.01810771885538236,-0.28824393122870673,-8.981769562197762
108.88859036198187,-7.9399999999999995,0.03731407737132331,-0.27635341721374973,-8.950672689666865
108.92598192824713,-8.85,0.056526101605600294,-0.23548248149466855,-8.890589729713508
108.96337349451238,-8.16,0.07574061386904554,-0.18188515695209204,-8.817777892907486
109.00076506077761,-8.12,0.09495493200514137,-0.12788653498101474,-8.744564952800312
109.03815662704287,-7.949999999999999,0.11415995649282246,-0.05467620735355589,-8.652149600685172
109.0755481933081,-8.19,0.13336498098048893,0.018534120273847307,-8.559734248570104
109.11293975957335,-7.869999999999999,0.15256061433174317,0.07349862073266122,-8.485574114760036
109.15033132583861,-7.8100000000000005,0.1717385015841441,0.09398462595110373,-8.445910222289191
109.18772289210384,-7.869999999999999,0.19091638883653045,0.11447063116953064,-8.406246329818378
109.22511445836908,-8.16,0.21006420078743746,0.0799129730418725,-8.421656175995128
109.26250602463433,-8.24,0.22919731054107814,0.018447428470084036,-8.463988610813276
109.29989759089958,-8.14,0.24833042029471158,-0.043018116101681075,-8.506321045631408
109.33728915716483,-8.09,0.26740130949789515,0.021091132732003286,-8.42314090759454
109.37468072343007,-7.6899999999999995,0.28647202782162323,0.08554525397914726,-8.339616068023668
109.4120722896953,-8.07,0.3055169295404527,0.10880024289671339,-8.297316177387273
109.44946385596054,-8.23,0.32450768595828666,0.04564807524150313,-8.341477588624649
109.48685542222582,-8.17,0.3434984423761351,-0.017504092413755123,-8.385638999862058
109.52424698849106,-7.890000000000001,0.3624259920685471,-0.041370334704489385,-8.390577692460381
109.5616385547563,-8.27,0.3813192766513573,-0.04393921457949057,-8.374253287752571
109.59903012102153,-8.01,0.4002125612341603,-0.046508094454490785,-8.357928883044769
109.63642168728678,-8.36,0.418993922078072,-0.09441670109438627,-8.387056128840753
109.67381325355204,-8.290000000000001,0.4377723024867089,-0.14353266662274908,-8.417393713960479
109.7112048198173,-8.0,0.45651105505063905,-0.12953104672419113,-8.384653341497991
109.78598795234775,-7.540000000000001,0.4938033319751559,0.19349598335822304,-8.02433403449106
109.82337951861301,-7.6899999999999995,0.5123560136429522,0.21530083342480932,-7.983976502756677
109.86077108487827,-7.74,0.5308526838470694,0.15337408475916323,-8.027406581218207
109.89816265114352,-7.710000000000001,0.5493493540511866,0.09144733609351714,-8.070836659679737
109.93555421740875,-7.779999999999999,0.5676876426832027,0.012948232799309761,-8.130997474341926
109.97294578367399,-8.07,0.5860177465703046,-0.06640728638719888,-8.192022889641335
110.01033734993923,-7.82,0.6042971142901289,-0.10968597135781497,-8.217022206892125
110.04772891620449,-8.52,0.6224436987286409,-0.05854679459676949,-8.147736445692567
110.08512048246975,-7.73,0.6405902831671529,-0.007407617835724019,-8.07845068449301
110.12251204873498,-7.720000000000001,0.6586162678552627,-0.029414934602500376,-8.082432016571676
110.15990361500022,-7.380000000000001,0.6765625411798705,-0.09976900761239461,-8.134839816256964
110.19729518126547,-7.91,0.6945088145044849,-0.1701230806223156,-8.187247615942269
110.23468674753072,-7.710000000000001,0.7122538547463176,-0.08200839294388765,-8.08138788802201
110.27207831379597,-7.48,0.7299832031446997,0.018463442730878254,-7.963186703948861
110.30946988006122,-7.66,0.7476534540983539,0.09060977857493024,-7.873370117151155
110.34686144632644,-7.82,0.7651494578285633,0.07923914137059078,-7.867244750625285
110.3842530125917,-7.74,0.7826454615587859,0.06786850416624268,-7.86111938409941
110.42164457885696,-7.5,0.7999970076361123,0.03914873896798425,-7.872487603220342
110.4590361451222,-7.74,0.8172434570582268,-0.002192962737813805,-7.896582855504025
110.49642771138744,-7.76,0.8344899064803414,-0.04353466444361186,-7.920678107787709
110.53381927765267,-7.67,0.8514961866659383,-0.01522117769393366,-7.875358340852434
110.57121084391792,-7.220000000000001,0.8684770980711298,0.020449900754821858,-7.822706350998487
110.60860241018318,-7.800000000000001,0.8853932973563821,0.04595928544310834,-7.780280767024949
110.64599397644844,-7.65,0.9020929285773753,0.03746115578383282,-7.772079265463231
110.87034337403989,-7.890000000000001,1.0003518386932544,-0.015332531593228432,-7.726614042724413
110.94512650657038,-7.609999999999999,1.0321390834190374,-0.017483945331324642,-7.6969782117367265
111.01990963910089,-7.93,1.063485195717309,-0.03255234711821323,-7.680700501225343
111.09469277163136,-7.82,1.0943301005548312,0.0028862786915582824,-7.614416970578049
111.16947590416186,-7.68,1.1245138342234413,0.07300217755739649,-7.514117338043601
111.24425903669236,-7.76,1.1542093210352145,0.1176800353872514,-7.439743993401973
111.31904216922284,-7.630000000000001,1.1834076325075498,0.07321144746846976,-7.4550142698484185
111.39382530175334,-7.960000000000001,1.212034314972348,-0.17550720545828108,-7.675106240310372
111.46860843428381,-8.01,1.23993304557188,-0.18299653664579354,-7.654696840898352
111.51773972617754,-7.84,1.258024664363965,-0.14823326620016158,-7.601841951660635
111.54121917823241,-7.6899999999999995,1.2665061526074342,-0.11012329001928743,-7.555250487236292
111.56469863028728,-7.9399999999999995,1.2749876408509033,-0.07201331383841325,-7.5086590228119485
111.58817808234214,-7.550000000000001,1.2834691290943676,-0.033903337657562156,-7.462067558387633
111.611657534397,-7.83,1.2918189976104326,-0.005616121434559622,-7.425430473648565
111.63513698645185,-7.77,1.3000353904251643,0.012709823782078375,-7.398888135617196
111.65861643850673,-7.68,1.308251783239901,0.031035768998727464,-7.37234579758581
111.6820958905616,-7.699999999999999,1.3164681760546375,0.04936171421537655,-7.345803459554425
111.70557534261644,-7.529999999999999,1.3246198111838605,0.08777736912901701,-7.299236169511561
111.72905479467133,-7.75,1.3325634898218117,0.1907071509308647,-7.188362709071762
111.75253424672619,-7.790000000000001,1.3405071684597532,0.2936369327325878,-7.077489248632098
111.77601369878104,-7.529999999999999,1.3484508470976946,0.3965667145343109,-6.966615788192433
111.7994931508359,-7.1,1.3563945257356362,0.499496496336034,-6.855742327752769
111.82297260289077,-7.24,1.3640641725540872,0.2992353122599217,-7.04833386501043
111.84645205494564,-7.5,1.3717277733533169,0.09228476484315529,-7.247620811627967
111.86993150700049,-7.33,1.379391374152537,-0.11466578257336064,-7.4469077582452625
111.89341095905536,-8.07,1.3870549749517667,-0.32161632999012707,-7.6461947048628
111.91689041111022,-7.720000000000001,1.3945119876417544,-0.316376060188717,-7.633497422371401
111.94036986316509,-7.49,1.4018884091903256,-0.22835900220815644,-7.53810394284227
111.96384931521995,-7.58,1.4092648307388924,-0.14034194422764917,-7.442710463313196
111.9873287672748,-7.57,1.4166412522874592,-0.052324886247141884,-7.347316983784121
112.01080821932968,-7.619999999999999,1.423882332479788,0.006889675245352399,-7.280861342099298
112.03428767138453,-8.13,1.4309647425184102,0.03233705225214137,-7.248331555053887
112.05776712343939,-8.040000000000001,1.4380471525570324,0.057784429258930334,-7.215801768008475
112.08124657549426,-7.27,1.4451295625956588,0.0832318062657347,-7.1832719809630445
112.10472602754912,-7.550000000000001,1.4521514732427012,0.0897125818680278,-7.169769294713709
112.12820547960399,-7.550000000000001,1.4589333152991946,0.020931687098648025,-7.231768347426596
112.15168493165883,-7.4,1.4657151573556797,-0.04784920767064849,-7.293767400139408
112.1751643837137,-7.880000000000001,1.4724969994121733,-0.11663010244002828,-7.3557664528522935
112.19864383576858,-7.790000000000001,1.4792788414686666,-0.18541099720940804,-7.41776550556518
112.22212328782344,-7.76,1.4857715643124858,-0.1359349179923334,-7.361796703504287
112.2456027398783,-7.619999999999999,1.4922465640611677,-0.07920965052092599,-7.298596436284197
112.26908219193315,-7.529999999999999,1.4987215638098499,-0.022484383049518584,-7.235396169064107
112.29256164398802,-7.460000000000001,1.5051965635585358,0.03424088442192316,-7.17219590184398
112.31604109604288,-7.710000000000001,1.5114578398121628,0.025900098924685495,-7.17427541108759
112.33952054809774,-7.59,1.5176200111517555,-0.012612220050120884,-7.206625558722804
112.36300000015261,-7.51,1.5237821824913522,-0.051124539024950566,-7.238975706358037
112.38647945220747,-7.65,1.529944353830945,-0.08963685799975694,-7.27132585399325
112.40995890426233,-7.710000000000001,1.535971423417907,-0.0703711968766111,-7.2460331232831425
112.43343835631718,-7.550000000000001,1.5418150742616836,0.027335818907047196,-7.142482456655708
112.45691780837204,-7.49,1.54765872510546,0.12504283469070548,-7.038931790028273
112.48039726042691,-7.49,1.5535023759492403,0.22274985047442292,-6.935381123400775
112.50387671248177,-7.1899999999999995,1.559292545227764,0.287348586627015,-6.86499221796966
112.52735616453663,-7.470000000000001,1.5648122830000708,0.18453408633951024,-6.9622869804848575
112.5508356165915,-7.460000000000001,1.570332020772381,0.08171958605194324,-7.059581743000114
112.57431506864636,-7.67,1.5758517585446878,-0.021094914235561535,-7.156876505515313
112.59779452070121,-7.65,1.5813714963169947,-0.12390941452306631,-7.25417126803051
112.62127397275609,-7.550000000000001,1.5865931369705473,-0.11638871655129507,-7.241428929405187
112.64475342481094,-7.57,1.5917838738041101,-0.09742953464060553,-7.217279010660934
112.66823287686582,-7.43,1.5969746106376763,-0.07847035272990452,-7.193129091916667
112.69171232892066,-7.51,1.6021653474712363,-0.05951117081922645,-7.168979173172429
112.71519178097553,-7.529999999999999,1.6071401209781402,-0.02905786982311502,-7.133551098669413
112.7386712330304,-7.52,1.6119970786068756,0.007665892712703206,-7.09197037850486
112.76215068508526,-7.619999999999999,1.616854036235608,0.04438965524849921,-7.050389658340332
112.78563013714012,-7.16,1.6217109938643406,0.0811134177842952,-7.008808938175803
112.80910958919497,-7.41,1.6264367194106686,0.09651163927899356,-6.988684991134777
112.83258904124985,-7.449999999999999,1.6309554337530243,0.07827002327779675,-7.0024078927936175
112.8560684933047,-7.529999999999999,1.6354741480953776,0.060028407276611,-7.01613079445245
112.87954794535956,-7.4,1.6399928624377307,0.04178679127542524,-7.029853696111283
112.90302739741443,-7.33,1.6444674297824957,0.018379796626790155,-7.048786123415153
112.92650684946929,-7.0,1.6486437552107402,-0.039922717794839704,-7.102912312408538
112.94998630152415,-7.33,1.6528200806389848,-0.09822523221646957,-7.1570385014019235
112.97346575357902,-7.4399999999999995,1.656996406067232,-0.1565277466381347,-7.211164690395341
112.99694520563388,-7.550000000000001,1.6611727314954765,-0.21483026105976458,-7.2652908793887265
113.02042465768875,-7.42,1.6650478887204845,-0.1674866862114676,-7.214072147315422
113.0439041097436,-7.35,1.6688780020116052,-0.10434225520092068,-7.147097603013754
113.06738356179847,-7.4399999999999995,1.6727081153027303,-0.04119782419029734,-7.080123058712005
113.09086301385334,-7.279999999999999,1.6765382285938557,0.021946606820326,-7.013148514410257
113.1143424659082,-7.1,1.6801547213078705,0.03881854147033364,-6.992660087046235
113.13782191796305,-7.390000000000001,1.6836351252721422,0.02621220084160203,-7.001786023710695
113.16130137001791,-7.3100000000000005,1.6871155292364142,0.01360586021287042,-7.010911960375155
113.18478082207278,-7.199999999999999,1.690595933200688,0.0009995195841311804,-7.02003789703962
113.20826027412765,-7.220000000000001,1.6939521919234524,0.017590082815629023,-7.000091075085358
113.2313267322939,-7.18,1.6970247067993884,0.08673657351164085,-6.92787206951341
113.25398019764036,-7.220000000000001,1.7000422099100472,0.15464503260504076,-6.8569461073093505
113.27663366298681,-7.01,1.7030597130207041,0.22255349169839808,-6.786020145105336
113.29928712833328,-6.859999999999999,1.7060772161313629,0.290461950791798,-6.715094182901278
113.32194059367974,-7.15,1.7087623201573559,0.21506328019013637,-6.787807749476946
113.3445940590262,-7.08,1.7114366242071513,0.13500841869911673,-6.865188306918171
113.36724752437267,-7.27,1.7141109282569467,0.05495355720809707,-6.942568864359395
113.38990098971912,-7.16,1.7167852323067403,-0.025101304282872366,-7.019949421800571
113.41255445506559,-7.220000000000001,1.71926799981595,-0.07240358262531259,-7.064768932633802
113.43520792041205,-7.25,1.7215966921795287,-0.093359144028224,-7.083395801673134
113.4578613857585,-7.32,1.7239253845431062,-0.11431470543112228,-7.102022670712455
113.48051485110497,-7.02,1.726254076906685,-0.1352702668340337,-7.1206495397517875
113.50316831645142,-7.290000000000001,1.7285341400566565,-0.15274424398677405,-7.135843453754556
113.52582178179789,-7.1,1.7305151335012223,-0.1488064750134366,-7.129924691336653
113.54847524714435,-7.3100000000000005,1.7324961269457881,-0.1448687060400992,-7.124005928918749
113.57112871249082,-7.24,1.7344771203903542,-0.14093093706676174,-7.118087166500846
113.59378217783728,-7.25,1.73645811383492,-0.13699316809342432,-7.112168404082943
113.61643564318373,-7.130000000000001,1.738185566329945,-0.11741924422742119,-7.090867027721915
113.6390891085302,-7.290000000000001,1.7398171009154875,-0.09192995524034668,-7.063746204149298
113.66174257387667,-7.0,1.74144863550103,-0.06644066625327219,-7.036625380576681
113.68439603922312,-7.18,1.7430801700865712,-0.040951377266213694,-7.009504557004082
113.70704950456958,-7.0600000000000005,1.7446025116569261,-0.013844078759016677,-6.980874916926529
113.72970296991603,-6.83,1.7458831563095356,0.016844656832062006,-6.948905536682841
113.7523564352625,-6.9399999999999995,1.7471638009621457,0.04753339242315994,-6.916936156439133
113.77500990060896,-7.109999999999999,1.7484444456147559,0.07822212801425787,-6.884966776195425
113.8203168313019,-6.85,1.75069005078334,0.1348436946615938,-6.826099604379505
113.84297029664835,-7.109999999999999,1.7516187045401526,0.16022955024296265,-6.799785095041323
113.86562376199481,-7.16,1.7525473582969657,0.18561540582434743,-6.773470585703126
113.88827722734128,-7.02,1.7534760120537787,0.21100126140573222,-6.747156076364928
113.91093069268773,-6.73,1.75423445254787,0.19770563834388946,-6.759693258932679
113.9335841580342,-6.82,1.7548103454725266,0.14292552814176251,-6.813897476210149
113.95623762338064,-7.199999999999999,1.7553862383971828,0.08814541793966994,-6.868101693487586
113.97889108872711,-7.02,1.7559621313218392,0.033365307737542996,-6.922305910765057
114.00154455407358,-7.140000000000001,1.7565139424917589,-0.01903073021504376,-6.974150137547723
114.02419801942003,-7.02,1.7567366362596155,-0.03884443877904169,-6.993741152343865
114.04685148476649,-6.970000000000001,1.7569593300274724,-0.058658147343052046,-7.013332167140018
114.06950495011296,-7.220000000000001,1.7571820237953293,-0.0784718559070624,-7.032923181936172
114.09215841545942,-7.23,1.7574047175631862,-0.09828556447107276,-7.052514196732325
114.11481188080589,-7.24,1.7573964038193863,-0.08933712221419528,-7.043574068219248
114.13746534615234,-7.040000000000001,1.7572657919720645,-0.06516165779949105,-7.019529215651866
114.1601188114988,-7.25,1.7571351801247423,-0.04098619338477168,-6.9954843630844685
114.18277227684526,-7.26,1.7570045682774202,-0.01681072897006746,-6.9714395105170865
114.20542574219172,-7.08,1.756789390004527,-0.005842472979341772,-6.960686432799254
114.22807920753819,-7.26,1.7563056978737244,-0.03680951769694858,-6.9921371696476635
114.25073267288464,-7.17,1.755822005742922,-0.06777656241453596,-7.023587906496053
114.2733861382311,-7.1899999999999995,1.7553383136121192,-0.09874360713214277,-7.055038643344463
114.29603960357757,-7.27,1.7548546214813163,-0.1297106518497496,-7.086489380192872
114.31869306892403,-7.040000000000001,1.754080035782594,-0.10753322937828104,-7.065086543420126
114.3413465342705,-7.0,1.7532438200834488,-0.07409638457317765,-7.032485914314168
114.36399999932851,-6.98,1.7524076043949512,-0.0406595401938335,-6.999885285623321
114.45321212054012,-7.09,1.7482885045982495,0.06135069250917345,-6.901994152717015
114.5424242417517,-6.640000000000001,1.7429543511775767,0.02735081339699694,-6.941328185249865
114.6316363629633,-7.119999999999999,1.7364092358845291,-0.06307925622635979,-7.03830337016627
114.72084848417492,-6.74,1.72865807247321,-0.045881792087958666,-7.028857069439187
114.81006060538652,-6.85,1.7197065930618223,-0.06035948281100073,-7.0522862395736166
114.89927272659813,-6.460000000000001,1.7095503550640598,0.25320976639432435,-6.748873228366054
114.98848484780972,-6.49,1.6980571323365583,0.21174959886549738,-6.801826618622383
115.07769696902132,-6.630000000000001,1.6853886701866627,0.05779630431331903,-6.968448375324457
115.16690909023293,-6.9399999999999995,1.6715543749139503,-0.17086368765359353,-7.210942662564082
115.25612121144454,-7.07,1.6565644385701412,-0.2511719966496999,-7.306240907903997
115.34533333265612,-6.83,1.640429831608744,-0.17982859948002214,-7.251032117695717
115.43454545386773,-6.75,1.6231622950600106,0.0032747544303688087,-7.08519630033406
115.52375757507933,-6.3100000000000005,1.6047743322358825,0.17217837888827464,-6.934680638700281
115.61296969629095,-6.59,1.5852791999697293,0.07145729555586555,-7.0548968542988435
115.70218181750255,-6.43,1.5646908993959567,0.1673311298771786,-6.979611320551303
115.79139393871414,-6.609999999999999,1.5429080391103864,0.03555707921463389,-7.133168231499418
115.88060605992574,-6.66,1.5200375090010996,0.03662338044758529,-7.154972460375754
115.92521212053155,-6.66,1.5082101429597183,-0.00578285793902709,-7.209206064803747
115.96981818113734,-6.890000000000001,1.4961258250527012,-0.086674381064586,-7.302181905836324
116.01442424174314,-6.93,1.4838541025595968,-0.13706791904871038,-7.364847166313552
116.05903030234896,-6.8100000000000005,1.471190247753961,-0.12364634081341516,-7.364089442883893
116.10363636295475,-6.970000000000001,1.458480125046447,-0.10699774028944319,-7.360150965067436
116.14824242356056,-6.73,1.4452487172046267,-0.05399134789324261,-7.320375980513055
116.19284848416635,-6.93,1.432017309362815,-0.0009849554970758065,-7.2806009959587
116.23745454477215,-6.66,1.4183198406453366,9.97802593040861e-05,-7.293213728919798
116.32666666598375,-7.040000000000001,1.3904228795877625,-0.009266138189404555,-7.330476608426081
116.41587878719535,-6.880000000000001,1.3615777365523571,-0.0032709174598109124,-7.353326530731892
116.50509090840697,-6.9,1.3318049414211548,-0.010598295507673083,-7.390426703910957
116.59430302961857,-6.779999999999999,1.3010617653385304,0.07390440580079384,-7.336667178685114
116.68351515083016,-6.6899999999999995,1.2693822519373241,0.13100744949831616,-7.311243648388799
116.77272727204176,-6.67,1.236847771995282,0.08962936158978504,-7.385156216239372
116.86193939325337,-6.9,1.2034815243166352,-0.05110735338838756,-7.559259178896191
116.951151514465,-6.970000000000001,1.1693072460131861,-0.14678379822928264,-7.689109902040536
117.04036363567658,-6.98,1.1343491962570118,-0.14817417991146323,-7.72545833347889
117.12957575688817,-6.93,1.0986321397301335,-0.09571343272171368,-7.708714642816019
117.21878787809977,-6.890000000000001,1.0621813297807863,0.02544276775690693,-7.624009252286746
117.30800000058889,-6.6,1.0250224907533938,0.29184566147864893,-7.394765197592396
117.33227642335316,-6.77,1.0147189885006036,0.2846349139162459,-7.41227944740759
117.35655284611742,-6.359999999999999,1.0044154862478192,0.27742416635384715,-7.429793697222772
117.3808292688817,-6.73,0.994111983995029,0.2702134187914441,-7.447307947037966
117.40510569164597,-6.74,0.9837661791488679,0.24843178084279455,-7.479435389832776
117.42938211441025,-7.02,0.9732615375183193,0.17193970577446735,-7.566432106531652
117.45365853717452,-7.27,0.9627568958877708,0.09544763070614014,-7.653428823230528
117.47793495993878,-7.58,0.9522522542572284,0.01895555563785771,-7.740425539929353
117.50221138270305,-7.109999999999999,0.9417301797748231,-0.05746637646643601,-7.827369546516052
117.52648780546733,-7.4399999999999995,0.9310341613730463,-0.13318842640683515,-7.913787614858228
117.5507642282316,-7.01,0.9203381429712695,-0.20891047634723428,-8.000205683200404
117.57504065099587,-7.58,0.9096421245694926,-0.2846325262876334,-8.08662375154258
117.59931707376013,-7.57,0.8989461061677221,-0.3603545762279882,-8.173041819884705
117.6235934965244,-7.6,0.8880737428920259,-0.3065191970473193,-8.130078803979732
117.64786991928868,-7.82,0.8771962752206528,-0.24893370953386582,-8.083370784137651
117.67214634205297,-7.380000000000001,0.8663188075492734,-0.19134822202037863,-8.036662764295544
117.69642276481723,-7.449999999999999,0.8554413398779066,-0.13376273450695886,-7.989954744453491
117.72069918758149,-7.34,0.8444177571180963,-0.06829982162523095,-7.935515414331573
117.74497561034576,-7.220000000000001,0.8333689227375066,-0.0014755314881363599,-7.879739958575068
117.76925203311004,-7.390000000000001,0.8223200883569168,0.06534875864895823,-7.823964502818564
117.79352845587431,-7.18,0.8112712539763272,0.13217304878605282,-7.768189047062059
117.81780487863858,-7.42,0.8001042365540215,0.1382822994125815,-7.773246813857836
117.84208130140284,-7.41,0.7888942631091123,0.12232343796370221,-7.800415648751624
117.86635772416712,-6.98,0.7776842896641963,0.10636457651481358,-7.827584483645429
117.89063414693139,-7.4,0.7664743162192804,0.09040571506592497,-7.854753318539234
117.91491056969566,-7.34,0.7551717359439322,0.08343872817109646,-7.8730228857094104
117.93918699245992,-7.199999999999999,0.7438109860624196,0.08211985383022925,-7.88570250993179
117.9634634152242,-7.15,0.7324502361809003,0.08080097948936127,-7.898382134154177
117.98773983798847,-7.300000000000001,0.7210894862993811,0.07948210514849328,-7.911061758376564
118.01201626075274,-7.5600000000000005,0.709659296626171,0.06484713060689001,-7.937126922591378
118.04843089489916,-7.65,0.6924077382371066,0.02251509117270155,-7.996710520414631
118.07270731766341,-7.460000000000001,0.6809066993110703,-0.005706268450074236,-8.036432918963442
118.09698374042769,-7.58,0.6694056603850274,-0.03392762807286654,-8.076155317512278
118.52182113880244,-7.6,0.46275242363466434,-0.013452426069420398,-8.262333352259196
118.54609756156671,-7.4,0.4507108893647332,0.02655720005400526,-8.234365260405701
118.57037398433097,-7.279999999999999,0.4386693550948091,0.0665668261774075,-8.206397168552222
118.59465040709524,-7.41,0.42662782082487793,0.10657645230083315,-8.178429076698729
118.6189268298595,-7.470000000000001,0.41452755727272694,0.09074595693192038,-8.206359835619791
118.64320325262379,-7.57,0.402410694123385,0.05913247413438237,-8.250090181566671
118.66747967538807,-7.73,0.39029383097405007,0.02751899133686286,-8.293820527513526
118.69175609815233,-7.630000000000001,0.37817696782472227,-0.004094491460638143,-8.337550873460355
118.7160325209166,-7.390000000000001,0.3660176652009403,-0.0013953109316803636,-8.347010995555179
118.74030894368084,-7.279999999999999,0.3538365402534327,0.018947397403481087,-8.338849412167525
118.76458536644515,-7.470000000000001,0.34165541530589655,0.03929010573869017,-8.330687828779853
118.78886178920942,-7.43,0.32947429035837467,0.05963281407387544,-8.32252624539219
118.81058285673242,-7.51,0.31855218838182864,0.04735187059060355,-8.345729290852008
118.82974857101807,-7.470000000000001,0.3088934874824068,0.008207980470824116,-8.394531881871208
118.84891428530375,-7.58,0.2992347865829706,-0.030935909649013365,-8.443334472890482
118.8872457138751,-7.67,0.2799173847840983,-0.10922368988868833,-8.540939654929028
118.90641142816078,-7.710000000000001,0.270247586867098,-0.1303077902225858,-8.571693553179927
118.92557714244643,-7.82,0.2605557135975388,-0.11546546035882949,-8.566543096585729
118.9447428567321,-7.52,0.2508638403279653,-0.10062313049505116,-8.561392639991524
118.96390857101777,-7.630000000000001,0.24117196705839905,-0.08578080063128385,-8.556242183397323
118.98307428530345,-7.640000000000001,0.23148009378882556,-0.07093847076750552,-8.551091726803119
119.00223999958912,-7.66,0.22178537277190066,-0.052673558092425805,-8.542521535144964
119.04057142816045,-7.640000000000001,0.2023528948737446,0.03557918762849369,-8.4737012673222
119.05973714244612,-7.65,0.19263665592465937,0.07970556048898617,-8.439291133410793
119.07890285673179,-7.73,0.18292041697558134,0.12383193334944591,-8.404880999499412
119.09806857101746,-7.43,0.17320417802649613,0.16795830620993837,-8.370470865588004
119.11723428530311,-7.960000000000001,0.16347395356117897,0.15352387216790184,-8.394635524095358
119.13639999958879,-7.710000000000001,0.15374216175313843,0.13252658752295401,-8.425364600548345
119.15556571387447,-7.710000000000001,0.14401036994509786,0.1115293028780062,-8.456093677001334
119.17473142816014,-7.880000000000001,0.13427857813705732,0.09053201823305838,-8.486822753454323
119.19389714244582,-7.699999999999999,0.12454678632901678,0.06953473358811058,-8.517551829907312
119.21306285673147,-7.59,0.11481039906904468,0.01950416383562723,-8.577318786919767
119.23222857101715,-7.49,0.10507186485229363,-0.044090514211474065,-8.65065199918362
119.25139428530281,-7.75,0.09533333063554979,-0.1076851922585282,-8.723985211447417
119.27055999958849,-7.91,0.08559479641879873,-0.1712798703056295,-8.79731842371127
119.28972571387416,-8.06,0.07585626220204768,-0.23487454835273078,-8.870651635975122
119.30889142815981,-8.1,0.06611868236521652,-0.23135787296243404,-8.876872540421656
119.32805714244549,-7.9399999999999995,0.05638220534020781,-0.15029221048990699,-8.805543354974137
119.34722285673116,-7.949999999999999,0.04664572831519909,-0.06922654801737994,-8.73421416952662
119.36638857101684,-7.800000000000001,0.03690925129019038,0.011839114455147109,-8.662884984079101
119.3855542853025,-7.6,0.027172774265188892,0.09290477692761405,-8.591555798631637
119.40471999958817,-7.800000000000001,0.017438966222860147,0.14668560111505524,-8.547508782486524
119.42388571387383,-8.05,0.007713326690189729,0.11696027618723945,-8.58695974694701
119.4430514281595,-7.859999999999999,-0.0020123128424879015,0.08723495125940162,-8.626410711407525
119.46221714244518,-7.640000000000001,-0.011737952375165532,0.05750962633156378,-8.66586167586804
119.48138285673086,-7.98,-0.021463591907843162,0.027784301403725942,-8.705312640328556
119.50054857101651,-8.0,-0.03118867072304377,-0.0016432780859428244,-8.744465298633425
119.51971428530219,-7.9,-0.04089472017465671,-0.02096611395542118,-8.773494183954517
119.53887999958785,-7.9399999999999995,-0.050600769626262455,-0.040288949824885206,-8.802523069275587
119.55804571387353,-7.859999999999999,-0.0603068190778754,-0.05961178569436356,-8.831551954596678
119.5772114281592,-8.09,-0.07001286852948833,-0.07893462156384191,-8.86058083991777
119.59637714244485,-8.22,-0.07971891798108689,-0.09825745743329162,-8.889609725238817
119.61554285673051,-8.05,-0.08940201158005312,-0.05942590286163455,-8.860461264266126
119.6347085710162,-7.880000000000001,-0.0990797544391014,-0.007039242145179372,-8.817752346408719
119.67303999958754,-8.074,-0.11843524015717646,0.09773407928761446,-8.732334510694
119.68262285673038,-8.006,-0.12327411158669342,0.1239274096458032,-8.710980051765329
119.69220571387321,-7.663,-0.12811298301621038,0.15012074000399195,-8.689625592836657
119.70178857101605,-8.063,-0.13294840354065623,0.16844688633075894,-8.676134867034337
119.71137142815887,-8.068,-0.1377687856118559,0.15248919220443527,-8.69691294323186
119.72095428530172,-7.654,-0.1425891676830699,0.1365314980780643,-8.717691019429445
119.73053714244455,-7.803000000000001,-0.14740954975427673,0.12057380395171699,-8.738469095626998
119.74011999958738,-7.843999999999999,-0.15222993182548356,0.10461610982536967,-8.759247171824553
119.74970285673022,-8.03,-0.15705031389669752,0.0886584156989987,-8.780025248022138
119.75928571387306,-8.07,-0.16187069596790435,0.07270072157265138,-8.800803324219691
119.7688685710159,-8.166,-0.16669107803911834,0.0567430274462804,-8.821581400417276
119.77845142815872,-8.19,-0.171511460110318,0.040785333319956756,-8.8423594766148
119.78803428530155,-7.91,-0.17633184218152484,0.02482763919360944,-8.863137552812354
119.7976171424444,-8.21,-0.18115222425273883,0.00886994506723846,-8.88391562900994
119.80719999958723,-8.2,-0.18595547640833102,0.0048832757484564915,-8.892705550484314
119.81678285673007,-7.800000000000001,-0.1907530593762652,0.004858446505555562,-8.897527962695149
119.82636571387289,-7.82,-0.19555064234418512,0.004833617262654705,-8.90235037490597
119.83594857101572,-8.01,-0.20034822531211216,0.004808788019753813,-8.907172787116798
119.84553142815857,-8.39,-0.20514580828004633,0.004783958776852884,-8.911995199327633
119.8551142853014,-8.3,-0.20994339124797337,0.004759129533951991,-8.91681761153846
119.86469714244424,-7.67,-0.21474097421590754,0.004734300291051061,-8.921640023749296
119.87427999958707,-8.053,-0.21953855718383458,0.0047094710481501685,-8.926462435960124
119.88386285672989,-8.351,-0.22433614015175452,0.004684641805249313,-8.931284848170945
119.89344571387274,-7.993,-0.2291337231196887,0.004659812562348383,-8.93610726038178
119.90302857101557,-8.346,-0.23392274820254436,0.007922115106123753,-8.93763398292086
119.91261142815841,-8.216,-0.23869325272666378,0.018298268425481025,-8.932028334125622
119.92219428530125,-8.297,-0.24346375725077615,0.028674421744822907,-8.926422685330392
119.93177714244406,-8.137,-0.24823426177488142,0.039050575064149405,-8.92081703653517
119.94135999958692,-8.262,-0.2530047662990079,0.04942672838352206,-8.915211387739925
119.95094285672974,-8.486,-0.2577752708231132,0.05980288170284855,-8.909605738944704
119.96052571387258,-8.226,-0.2625457753472326,0.07017903502220582,-8.904000090149466
119.97010857101542,-8.183,-0.267316279871345,0.0805551883415477,-8.898394441354236
119.97969142815825,-8.511,-0.2720867843954573,0.09093134166088959,-8.892788792559006
119.9892742853011,-8.284,-0.2768572889195767,0.10130749498024685,-8.88718314376377
119.99885714244391,-8.114,-0.28162779344368205,0.11168364829957336,-8.881577494968548
120.01802285672959,-8.34,-0.2911098914669688,-0.02325282833640965,-9.025996069627817
120.02760571387242,-8.381,-0.2958490726584566,-0.09565730137655483,-9.103139723859451
120.03718857101526,-8.14,-0.30058825384995147,-0.1680617744168074,-9.180283378091199
120.0467714281581,-8.06,-0.3053274350414393,-0.24046624745695258,-9.25742703232283
120.05635428530094,-7.960000000000001,-0.3100666162329341,-0.31287072049720516,-9.334570686554578
120.06593714244376,-7.9,-0.31480579742441483,-0.38527519353724293,-9.411714340786096
120.07551999958659,-8.13,-0.31954497861590264,-0.4576796665773881,-9.48885799501773
120.08510285672943,-8.13,-0.32428415980739744,-0.5300841396176407,-9.566001649249477
120.09468571387227,-8.18,-0.32902334099888525,-0.6024886126577859,-9.643145303481111
120.10426857101511,-9.42,-0.33374669587371186,-0.6016619600530041,-9.647042005751155
120.11385142815793,-8.17,-0.33845034729862866,-0.5096640106011374,-9.559747707724204
120.12343428530076,-8.36,-0.34315399872355246,-0.41766606114913424,-9.472453409697126
120.1330171424436,-8.2,-0.3478576501484832,-0.3256681116969946,-9.385159111669918
120.14259999958644,-8.15,-0.352561301573407,-0.23367016224499146,-9.297864813642837
120.15218285672928,-8.08,-0.3572649529983377,-0.1416722127928519,-9.210570515615629
120.16176571387211,-8.15,-0.3619686044232615,-0.049674263340848714,-9.123276217588549
120.17134857101493,-8.23,-0.3666722558481783,0.04232368611101803,-9.0359819195616
120.18093142815778,-8.26,-0.3713759072731091,0.13432163556315763,-8.948687621534392
120.19051428530061,-8.14,-0.37607955869803283,0.22631958501516078,-8.861393323507311
120.20009714244345,-7.890000000000001,-0.3807828077427803,0.31718868862135113,-8.775227468945868
120.20967999958629,-8.12,-0.3854467653770483,0.29782884127816367,-8.799251273923323
120.2192628567291,-8.1,-0.3901107230113095,0.27846899393500496,-8.823275078900744
120.22884571387196,-8.19,-0.39477468064559135,0.2591091465917601,-8.84729888387827
120.23842857101478,-8.27,-0.39943863827985254,0.2397492992486014,-8.87132268885569
120.24801142815762,-8.06,-0.4041025959141275,0.22038945190538523,-8.89534649383318
120.25759428530054,-8.22,-0.40876655354843705,0.20102960456202554,-8.91937029881085
120.26717714244339,-8.5,-0.413430511182712,0.1816697572188094,-8.943394103788341
120.27675999958623,-7.890000000000001,-0.41809446881698703,0.16230990987559324,-8.967417908765832
120.28634285672906,-8.03,-0.42275842645125505,0.1429500625324058,-8.991441713743288
120.2959257138719,-7.970000000000001,-0.42742238408552313,0.12359021518921838,-9.015465518720744
120.30550857101471,-8.28,-0.43206115729235095,0.11731879320415108,-9.026375713912637
120.31509142815756,-8.07,-0.43668130342457334,0.1207279199009054,-9.027586733348107
120.32467428530039,-7.790000000000001,-0.4413014495567889,0.12413704659765466,-9.028797752783573
120.33425714244324,-7.800000000000001,-0.4459215956890113,0.12754617329440898,-9.030008772219041
120.34383999958607,-8.34,-0.45054174182122686,0.13095529999115824,-9.031219791654507
120.35342285672888,-8.0,-0.4551618879534356,0.13436442668790244,-9.032430811089972
120.36300571387174,-8.2,-0.4597820340856648,0.1377735533846618,-9.033641830525442
120.37258857101448,-7.98,-0.4644021802178324,0.14118268008137566,-9.034852849960895
120.3821714281573,-8.07,-0.469022326350048,0.14459180677812494,-9.036063869396362
120.39175428530015,-7.85,-0.47364247248227037,0.14800093347487925,-9.03727488883183
120.40133714244298,-8.16,-0.478255937818335,0.14776061700215093,-9.042128670640622
120.4109199995858,-8.11,-0.4828282048966318,0.1250153928833966,-9.069446161837673
120.42050285672865,-8.18,-0.48740047197494224,0.10227016876457483,-9.096763653034806
120.43008571387148,-8.31,-0.4919727390532459,0.07952494464578679,-9.124081144231898
120.43966857101432,-8.08,-0.49654500613155633,0.056779720526965005,-9.151398635429029
120.44925142815715,-8.24,-0.50111727320986,0.03403449640817696,-9.17871612662612
120.45883428529997,-8.15,-0.5056895402881568,0.011289272289422647,-9.206033617823172
120.46841714244282,-8.23,-0.5102618073664673,-0.011455951829399128,-9.233351109020305
120.47799999968173,-8.18,-0.5148340744906134,-0.034201176176235214,-9.260668600491286
120.4948495572038,-8.55,-0.5228735011453055,-0.07419415075885116,-9.308701001728595
120.51169911472587,-8.26,-0.5308495752773759,-0.08685401004562787,-9.329336935147442
120.52854867224795,-8.68,-0.538797758962067,-0.08748068134584087,-9.337911790132345
120.54539822977002,-8.36,-0.5467459426467516,-0.08810735264605335,-9.346486645117244
120.56224778729207,-8.56,-0.5546941263314294,-0.08873402394626531,-9.355061500102133
120.57909734481413,-8.3,-0.562642310016114,-0.08936069524647779,-9.36363635508703
120.59594690233621,-8.6,-0.5705904937008052,-0.08998736654669079,-9.372211210071935
120.61279645985827,-8.73,-0.5784641000137853,-0.05471439503815675,-9.34481184487638
120.62964601738035,-9.03,-0.5863140849991257,-0.00807071944342796,-9.306018154266992
120.6464955749024,-8.98,-0.5941640699844529,0.03857295615122215,-9.26722446365767
120.66334513242447,-8.83,-0.6020140549697868,0.0852166317459116,-9.228430773048313
120.68019468994655,-8.44,-0.6098640399551272,0.1318603073406404,-9.189637082438924
120.69704424746861,-8.53,-0.6177140249404609,0.17850398293532982,-9.15084339182957
120.71389380499068,-8.76,-0.6254773906209334,0.09401332215105243,-9.243097418294319
120.73074336251273,-8.77,-0.6332223290073798,-0.018374710660788236,-9.363230389492607
120.7475929200348,-9.13,-0.6409672673938395,-0.1307627434728185,-9.483363360691097
120.76444247755686,-8.69,-0.648712205780286,-0.24315077628465914,-9.603496331889385
120.78129203507895,-8.81,-0.656457144166752,-0.3555388090967842,-9.723629303087975
120.79814159260101,-9.55,-0.6642020825532051,-0.46792684190871964,-9.843762274286364
120.81499115012306,-8.96,-0.6718475692938982,-0.3053401651496665,-9.688821084268005
120.83184070764514,-9.1,-0.6794807273158073,-0.10866570789278539,-9.499779785033033
120.8486902651672,-9.52,-0.6871138853377099,0.08800874936392983,-9.31073848579822
120.86553982268927,-9.639999999999999,-0.6947470433596126,0.28468320662064506,-9.121697186563408
120.88238938021135,-9.45,-0.7023802013815217,0.48135766387752615,-8.932655887328435
120.8992389377334,-8.52,-0.7100133594034178,0.6780321211340755,-8.743614588093783
120.91608849525547,-9.719999999999999,-0.7175334712246781,0.537012351791069,-8.892154469258049
120.93293805277754,-9.38,-0.7250482354235397,0.3800180410483428,-9.056663544199637
120.94978761029961,-9.75,-0.7325629996223948,0.22302373030574893,-9.221172619141084
120.96663716782169,-9.52,-0.7400777638212563,0.06602941956302266,-9.385681694082672
120.98348672534374,-9.68,-0.7475925280201052,-0.09096489117943879,-9.550190769023983
121.0003362828658,-9.75,-0.7551047998496739,-0.24512495775567714,-9.71186310742979
121.01718584038787,-9.77,-0.762494683110696,-0.26010858353935756,-9.734236616474492
121.03403539790995,-10.34,-0.7698845663717243,-0.2750922093230506,-9.756610125519213
121.05088495543201,-9.91,-0.7772744496327463,-0.290075835106731,-9.778983634563916
121.06773451295406,-10.26,-0.7846643328937621,-0.3050594608903988,-9.8013571436086
121.08458407047614,-10.35,-0.7920542161547903,-0.32004308667409187,-9.823730652653321
121.1014336279982,-10.02,-0.7994329333458157,-0.3273381028658713,-9.838404386036125
121.11828318552028,-9.85,-0.806691580791877,-0.2519568154745524,-9.770281746090868
121.13513274304236,-10.129999999999999,-0.8139502282379382,-0.17657552808323346,-9.70215910614561
121.1519823005644,-9.95,-0.821208875683981,-0.10119424069210528,-9.634036466200525
121.16883185808646,-10.129999999999999,-0.8284675231300362,-0.025812953300849945,-9.565913826255324
121.18568141560854,-10.16,-0.8357261705760974,0.049568334090468964,-9.497791186310067
121.2025309731306,-9.7,-0.8429641712418291,0.11463049641649417,-9.439967024649773
121.21938053065269,-9.58,-0.8500853659790888,0.12131382361941638,-9.44040489218411
121.23623008817474,-10.04,-0.8572065607163364,0.1279971508223273,-9.440842759718448
121.2530796456968,-9.86,-0.8643277554535901,0.13468047802524385,-9.441280627252786
121.26992920321888,-10.29,-0.8714489501908497,0.14136380522816608,-9.441718494787123
121.28677876074094,-9.51,-0.8785701449281034,0.14804713243108264,-9.44215636232146
121.30362831826301,-9.95,-0.8856604333281355,0.1427423212484229,-9.45455146190415
121.32047787578506,-10.639999999999999,-0.8926381020378791,0.09375389843720605,-9.510517553425112
121.33732743330714,-10.719999999999999,-0.8996157707476343,0.044765475625906576,-9.566483644946167
121.35417699082937,-10.42,-0.9065934394574544,-0.00422294718584738,-9.62244973646774
121.37102654835145,-10.01,-0.9135711081672098,-0.05321136999714685,-9.678415827988795
121.3878761058735,-10.28,-0.9205487768769534,-0.1021997928083637,-9.734381919509756
121.40472566339557,-10.219999999999999,-0.9274845304211242,-0.1307712763203331,-9.769889156565895
121.42157522091765,-10.23,-0.934312748792515,-0.1069622177301244,-9.752908316347078
121.43842477843971,-10.68,-0.9411409671639,-0.08315315913993576,-9.735927476128275
121.45527433596179,-10.6,-0.9479691855352907,-0.05934410054972704,-9.718946635909457
121.47212389348384,-10.59,-0.95479740390667,-0.03553504195955848,-9.701965795690668
121.48897345100573,-10.51,-0.9616256222779859,-0.011725983369610797,-9.684984955472036
121.5058230085278,-9.98,-0.9684001983175575,0.019511843060710535,-9.660521705081287
121.52267256604988,-9.56,-0.9750731963159759,0.06481691190797641,-9.621889634232438
121.53952212357194,-10.34,-0.9817461943143886,0.11012198075520406,-9.583257563383624
121.556371681094,-10.42,-0.9884191923128012,0.1554270496024317,-9.54462549253481
121.57322123861607,-10.36,-0.9950921903112139,0.20073211844965935,-9.505993421685995
121.59007079613814,-10.41,-1.0017651883096266,0.246037187296887,-9.467361350837178
121.6069203536602,-9.629999999999999,-1.0083721307086222,0.24855343158808674,-9.471452048944975
121.62376991118228,-10.53,-1.0148842976748875,0.18967700971115367,-9.536840637788172
121.64061946870434,-10.299999999999999,-1.0213964646411475,0.13080058783427026,-9.602229226631316
121.6574690262264,-10.6,-1.027908631607402,0.07192416595743649,-9.667617815474404
121.67431858374847,-10.049999999999999,-1.0344207985736673,0.013047744080503408,-9.733006404317603
121.69116814127054,-10.19,-1.0409329655399273,-0.045828677796380016,-9.798394993160747
121.70801769879259,-10.5,-1.047366011019862,-0.09102194986362981,-9.85002131070793
121.72486725631468,-10.459999999999999,-1.0537119005953919,-0.12114261204392533,-9.886487862463756
121.74171681383673,-10.19,-1.0600577901709056,-0.15126327422414465,-9.922954414219488
121.7585663713588,-10.5,-1.066403679746425,-0.18138393640438938,-9.959420965975253
121.77541592888088,-10.629999999999999,-1.0727495693219493,-0.2115045985846595,-9.995887517731047
121.79226548640294,-10.74,-1.0790954588974686,-0.24162526076490423,-10.03235406948681
121.80911504392502,-10.4,-1.0853485431489571,-0.2350855807783702,-10.032067473751766
121.82596460144707,-10.19,-1.0915228780223152,-0.1974379963984208,-10.000594224245175
121.84281415896913,-10.29,-1.0976972128956783,-0.15979041201843963,-9.969120974738557
121.85966371649138,-10.41,-1.1038715477691092,-0.12214282763804568,-9.937647725231594
121.87651327401345,-10.4,-1.1100458826424724,-0.08449524325806453,-9.906174475724976
121.8933628315355,-10.4,-1.1162202175158304,-0.04684765887811511,-9.874701226218384
121.91021238905758,-10.43,-1.1222874810707542,0.0017246919159791135,-9.832196138979214
121.92706194657964,-10.49,-1.1282851575413746,0.057397194762292464,-9.78252131260352
121.9439115041017,-10.299999999999999,-1.1342828340119953,0.11306969760860582,-9.732846486227828
121.96076106162378,-10.0,-1.1402805104826208,0.1687422004549661,-9.683171659852093
121.97761061914584,-9.95,-1.1462781869532364,0.2244147033012325,-9.633496833476443
121.9944601766679,-10.1,-1.152275863423857,0.28008720614754584,-9.58382200710075
122.01130973418998,-10.18,-1.1581516572823234,0.2699533813887319,-9.59983162571803
122.02815929171204,-10.48,-1.1639677496369942,0.2275857814639571,-9.648015317997475
122.04500884923394,-10.35,-1.169783841991606,0.1852181815396111,-9.696199010276434
122.06185840675602,-10.5,-1.1755999343462817,0.14285058161480058,-9.74438270255592
122.07870796427807,-10.49,-1.1814160267009475,0.1004829816900615,-9.792566394835324
122.09555752180013,-10.34,-1.1872321190556183,0.05811538176528672,-9.84075008711477
122.11240707932221,-10.6,-1.1929110100619484,0.027141050595237772,-9.87740330929115
122.12925663684427,-10.61,-1.1985407747603662,0.0002461926641371047,-9.909927931920668
122.14610619436634,-10.44,-1.204170539458784,-0.026648665266963564,-9.942452554550187
122.16295575188839,-10.49,-1.209800304157197,-0.05354352319804155,-9.974977177179676
122.17980530941047,-10.469999999999999,-1.2154300688556197,-0.0804383811291649,-10.007501799809223
122.19665486693253,-10.65,-1.2210598335540372,-0.10733323906026557,-10.040026422438741
122.21350442445461,-10.28,-1.226536609516537,-0.10070441235518879,-10.038874371696163
122.23035398197668,-10.29,-1.2319754891820665,-0.08577155267212587,-10.02938039167863
122.24720353949873,-10.35,-1.2374143688475912,-0.07083869298907554,-10.019886411661105
122.2640530970208,-10.37,-1.242853248513125,-0.055905833306000026,-10.010392431643563
122.28090265454287,-10.549999999999999,-1.2482921281786543,-0.04097297362293711,-10.00089845162603
122.29775221206494,-10.459999999999999,-1.2537310078441835,-0.026040113939874182,-9.991404471608497
122.31460176958701,-10.52,-1.2590006823936972,-0.04947341869433377,-10.020107450912471
122.33145132710906,-10.34,-1.264244309605852,-0.0788127885337569,-10.054690447964049
122.34830088463113,-10.719999999999999,-1.2694879368180114,-0.10815215837320476,-10.089273445015655
122.36515044215322,-10.209999999999999,-1.2747315640301795,-0.1374915282127021,-10.123856442067321
122.38199999936118,-10.35,-1.2799751911445891,-0.16683089750521748,-10.158439438474247
122.40118181754293,-10.61,-1.2859306364513061,-0.19452814041499839,-10.192092126690744
122.42036363572466,-10.41,-1.291673039130382,-0.13536141471405563,-10.138667803668877
122.4395454539064,-10.29,-1.297415441809466,-0.0761946890130252,-10.08524348064693
122.45872727208815,-10.219999999999999,-1.3031578444885505,-0.01702796331199478,-10.031819157624984
122.4779090902699,-10.31,-1.3089002471676348,0.04213876238903564,-9.978394834603037
122.49709090845167,-10.219999999999999,-1.3146426498467234,0.1013054880901099,-9.924970511581051
122.51627272663339,-10.2,-1.3201886126043776,0.07918452995694766,-9.952637432471867
122.53545454481514,-10.7,-1.325699457601628,0.04253169161994896,-9.994801115806117
122.55463636299689,-10.0,-1.3312103025988786,0.005878853282950246,-10.036964799140366
122.57381818117864,-10.33,-1.336721147596129,-0.030773985054048464,-10.079128482474616
122.59299999936039,-10.41,-1.3422319925933794,-0.06742682339104718,-10.121292165808864
122.61218181754211,-10.2,-1.3475930514550047,-0.06448075470266523,-10.123707155982109
122.63136363572386,-10.62,-1.3528680391666232,-0.03878008691220311,-10.103281475903264
122.65054545390561,-10.4,-1.3581430268782415,-0.013079419121740984,-10.08285579582442
122.66972727208736,-10.51,-1.3634180145898598,0.01262124866872114,-10.062430115745578
122.6889090902691,-9.95,-1.368693002301478,0.038321916459183265,-10.042004435666733
122.70809090845083,-10.27,-1.3738667891340646,0.06523024299538198,-10.020269895963121
122.72727272663258,-10.27,-1.3789018511472193,0.09379401208378149,-9.996741188887876
122.74645454481433,-9.77,-1.3839369131603738,0.122357781172181,-9.97321248181263
122.76563636299608,-10.12,-1.3889719751735283,0.15092155026058052,-9.949683774737386
122.78481818117783,-10.23,-1.394007037186683,0.17948531934898002,-9.92615506766214
122.80399999935956,-9.87,-1.3989912677841596,0.19584860307651247,-9.914776014532086
122.82318181754131,-10.18,-1.4037825700149393,0.16590548981722705,-9.94951043002215
122.84236363572306,-10.129999999999999,-1.408573872245719,0.13596237655794163,-9.984244845512215
122.86154545390481,-10.03,-1.413365174476499,0.10601926329865623,-10.018979261002281
122.88072727208656,-10.2,-1.4181564767072787,0.07607615003937081,-10.053713676492345
122.89990909026828,-10.09,-1.4229477789380514,0.04613303678012976,-10.08844809198236
122.91909090845003,-9.79,-1.4274928968398197,0.02398278756882315,-10.115143459095435
122.93827272663178,-9.98,-1.4320368424269567,0.0018696474967607084,-10.141800544754634
122.95745454481353,-10.41,-1.4365807880140935,-0.020243492575301735,-10.168457630413833
122.97663636299528,-10.27,-1.4411247336012303,-0.042356632647364174,-10.195114716073034
122.995818181177,-10.29,-1.4456686791883604,-0.06446977271939386,-10.221771801732194
123.01499999935875,-9.95,-1.4500165690977749,-0.06767118314737953,-10.229321102069594
123.0341818175405,-10.1,-1.4543098010499556,-0.06560023154989972,-10.231543382424293
123.05336363572225,-10.219999999999999,-1.4586030330021362,-0.06352927995241989,-10.233765662778994
123.072545453904,-10.03,-1.462896264954317,-0.06145832835494006,-10.235987943133695
123.09172727208573,-10.209999999999999,-1.4671894969064945,-0.05938737675746177,-10.238210223488394
123.11090909026748,-10.26,-1.4713383715075725,-0.06672386196196757,-10.24969558329398
123.13009090844923,-10.299999999999999,-1.4753777751024704,-0.08119432104744455,-10.268205445974353
123.14927272663098,-10.03,-1.479417178697368,-0.09566478013292151,-10.286715308654728
123.16845454481273,-10.32,-1.4834565822922656,-0.11013523921839849,-10.305225171335103
123.18763636299445,-10.04,-1.4874959858871573,-0.12460569830385403,-10.323735034015451
123.2068181811762,-10.5,-1.491444145890588,-0.11885297778246703,-10.321930473497494
123.22599999935795,-10.54,-1.4952268508239894,-0.07642888621713317,-10.283289086865562
123.2451818175397,-10.02,-1.4990095557573908,-0.03400479465179933,-10.24464770023363
123.26436363572145,-10.219999999999999,-1.5027922606907922,0.008419296913534527,-10.206006313601696
123.28354545390319,-10.379999999999999,-1.506574965624191,0.05084338847883695,-10.167364926969793
123.30272727208494,-10.1,-1.5103208000473587,0.07813597777547435,-10.143818172096323
123.32190909026669,-10.049999999999999,-1.5138441823310411,0.014135144985930858,-10.211342387169548
123.34109090844844,-10.049999999999999,-1.5173675646147236,-0.049865687803612634,-10.278866602242775
123.36027272663017,-9.81,-1.5208909468984033,-0.11386652059310871,-10.346390817315951
123.3794545448119,-10.17,-1.5244143291820833,-0.1778673533826048,-10.413915032389127
123.39863636299366,-10.49,-1.5279377114657657,-0.24186818617214828,-10.481439247462353
123.4178181811754,-10.5,-1.5312179992531432,-0.14596156604791946,-10.3888129151255
123.43699999935716,-10.5,-1.5344796828604452,-0.03781712444024142,-10.283930157125125
123.4561818175389,-10.29,-1.5377413664677473,0.07032731716743663,-10.17904739912475
123.47536363572063,-10.32,-1.5410030500750445,0.17847175877495444,-10.07416464112453
123.49454545390238,-9.86,-1.5442647336823465,0.28661620038263247,-9.969281883124152
123.51372727208432,-10.139999999999999,-1.5473376133757621,0.27091563661109613,-9.988055326589105
123.53290909026607,-10.129999999999999,-1.5503354716340385,0.20600512882091268,-10.055963692637564
123.55209090844781,-10.29,-1.5533333298923127,0.14109462103077733,-10.123872058685974
123.57127272662954,-10.41,-1.5563311881505866,0.07618411324064195,-10.191780424734382
123.5904545448113,-10.43,-1.559329046408863,0.01127360545045849,-10.259688790782842
123.60963636299304,-10.15,-1.5621934242871625,-0.015159394300557742,-10.288986168412158
123.6288181811748,-10.48,-1.564925581016616,-0.0034778762583315506,-10.280036807099385
123.64799999935653,-9.99,-1.5676577377460674,0.008203641783885987,-10.27108744578662
123.66718181753828,-10.35,-1.5703898944755208,0.019885159826112178,-10.262138084473847
123.68636363572003,-10.16,-1.5731220512049744,0.03156667786833837,-10.253188723161076
123.70554545390178,-10.28,-1.5757769240278545,0.036722696664272844,-10.250687577188021
123.72472727208353,-10.17,-1.5782417544264928,0.025832403218271273,-10.264042701032661
123.74390909026525,-10.41,-1.5807065848251278,0.014942109772285835,-10.277397824877282
123.763090908447,-10.26,-1.5831714152237661,0.00405181632628426,-10.290752948721922
123.78227272662875,-10.103,-1.5856362456224047,-0.006838477119717315,-10.304108072566562
123.8014545448105,-10.338,-1.588080700741049,-0.017164939694539996,-10.316878990260028
123.82063636299225,-10.288,-1.5902768320157912,-0.020619710234584695,-10.322529892074815
123.83981818117398,-10.447,-1.5924729632905317,-0.024074480774626837,-10.328180793889597
123.85899999935553,-10.434,-1.594669094565251,-0.027529251314635707,-10.333831695704326
123.87818181753728,-10.485999999999999,-1.5968652258399931,-0.030984021854680407,-10.339482597519112
123.89736363571903,-10.384,-1.5990613571147354,-0.03443879239472511,-10.3451334993339
123.91654545390078,-10.179,-1.6010247530689161,-0.031035960888335695,-10.34369406378169
123.93572727208253,-10.17,-1.6029510648131544,-0.026540434240623703,-10.341124848878216
123.95490909026425,-10.58,-1.60487737655739,-0.022044907592918373,-10.338555633974748
123.974090908446,-10.2,-1.6068036883016283,-0.017549380945206382,-10.335986419071274
123.99327272662775,-10.29,-1.6087300000458666,-0.013053854297494392,-10.3334172041678
124.0124545448095,-10.45,-1.6104805574040901,-0.02727458944774931,-10.349388496676278
124.05081818117299,-10.44,-1.6137918060404544,-0.07593509007770888,-10.401360245942602
124.08918181753647,-10.469999999999999,-1.6171030546768184,-0.12459559070766844,-10.453331995208925
124.12754545389997,-10.51,-1.62002470716001,-0.08749525985270752,-10.419153316837155
124.16590909026345,-10.709999999999999,-1.6227933499201652,-0.01671327951047155,-10.351139979255075
124.24263636299042,-9.79,-1.6277267891803637,0.04634193514135939,-10.293018203863443
124.24853191425325,-9.9,-1.6280687648024905,0.046363579944261234,-10.293338534682668
124.2919999997415,-10.5,-1.6305901618550844,0.04652316775903379,-10.29570034392049
124.29808982010078,-10.28,-1.630943406193597,0.046545525797410184,-10.296031230220626
124.30417964046006,-10.36,-1.6312374310816748,0.04365425748690557,-10.299216523419208
124.31026946081934,-10.139999999999999,-1.631504391487785,0.03943140323291518,-10.303706338079309
124.31635928117862,-10.19,-1.6317713518938952,0.03520854897892478,-10.30819615273941
124.3224491015379,-10.129999999999999,-1.6320383123000053,0.03098569472493438,-10.31268596739951
124.32853892189716,-10.11,-1.632305272706115,0.026762840470953838,-10.3171757820596
124.33462874225644,-10.35,-1.632572233112225,0.02253998621696344,-10.3216655967197
124.34071856261572,-10.129999999999999,-1.632839193518335,0.018317131962973045,-10.326155411379801
124.346808382975,-10.32,-1.6331061539244454,0.01409427770898265,-10.330645226039902
124.35289820333428,-10.41,-1.6333731143305554,0.009871423454992253,-10.335135040700003
124.35898802369354,-10.32,-1.633640074736665,0.005648569201011712,-10.339624855360091
124.36507784405283,-10.32,-1.6339070351427758,0.0014257149470114606,-10.344114670020202
124.3711676644121,-10.41,-1.6341739955488852,-0.002797139306969082,-10.348604484680292
124.37725748477138,-10.049999999999999,-1.6344409559549955,-0.007019993560959478,-10.353094299340393
124.38334730513066,-10.23,-1.6347079163611056,-0.011242847814949875,-10.357584114000494
124.38943712548992,-10.2,-1.634974876767215,-0.015465702068930417,-10.362073928660584
124.39552694584921,-10.11,-1.635241837173326,-0.019688556322930668,-10.366563743320695
124.40161676620848,-10.48,-1.6354859020071153,-0.01842429703855,-10.365543548870104
124.40770658656777,-10.299999999999999,-1.63566662241036,-0.001979020325574609,-10.349278992560373
124.41379640692703,-10.549999999999999,-1.635847342813604,0.014466256387324029,-10.333014436250718
124.4198862272863,-10.33,-1.6360280632168478,0.030911533100222665,-10.316749879941064
124.42597604764559,-10.549999999999999,-1.6362087836200925,0.04735680981319806,-10.300485323631333
124.43206586800486,-10.58,-1.6363895040233365,0.06380208652609669,-10.284220767321678
124.43815568836415,-10.69,-1.6365702244265812,0.08024736323907208,-10.267956211011947
124.44424550872341,-10.35,-1.636750944829825,0.09669263995197072,-10.251691654702293
124.45033532908269,-10.54,-1.6369316652330694,0.11313791666490773,-10.2354270983926
124.45642514944197,-10.6,-1.6371123856363137,0.12958319337784474,-10.219162542082907
124.46251496980123,-10.41,-1.6372931060395575,0.14602847009074338,-10.202897985773253
124.46860479016053,-10.42,-1.6374738264428024,0.16247374680371876,-10.186633429463523
124.47469461051979,-10.31,-1.6376545468460462,0.1789190235166174,-10.170368873153867
124.48078443087907,-10.69,-1.6378352672492904,0.19536430022955442,-10.154104316844176
124.48687425123835,-10.49,-1.6380159876525349,0.21180957694249145,-10.137839760534483
124.49296407159761,-10.62,-1.6381967080557787,0.22825485365539008,-10.121575204224827
124.4990538919569,-10.09,-1.6383774284590233,0.24470013036836546,-10.105310647915097
124.50514371231617,-10.299999999999999,-1.6384854109917537,0.227898362801673,-10.12222039801452
124.51123353267545,-10.36,-1.6385800144939127,0.20498130455212843,-10.145232059766224
124.51732335303473,-10.36,-1.6386746179960714,0.1820642463025839,-10.168243721517927
124.523413173394,-10.51,-1.6387692214982301,0.15914718805303935,-10.191255383269631
124.52950299375328,-10.27,-1.638863825000389,0.1362301298034948,-10.214267045021334
124.53559281411255,-10.209999999999999,-1.6389584285025476,0.11331307155400372,-10.237278706772983
124.54168263447183,-10.28,-1.6390530320047063,0.09039601330445918,-10.260290368524686
124.55386227519038,-10.469999999999999,-1.639242239009024,0.04456189680537007,-10.306313692028093
124.55995209554966,-10.81,-1.6393368425111827,0.021644838555825524,-10.329325353779797
124.56604191590894,-10.49,-1.6394314460133417,-0.0012722196937190251,-10.3523370155315
124.5721317362682,-10.67,-1.6395260495155002,-0.024189277943210095,-10.37534867728315
124.57822155662748,-10.6,-1.639620653017659,-0.047106336192754644,-10.398360339034852
124.58431137698676,-10.379999999999999,-1.6397152565198179,-0.0700233944422992,-10.421372000786556
124.59040119734604,-10.48,-1.6398098600219766,-0.09294045269184374,-10.44438366253826
124.59649101770532,-10.7,-1.6399044635241353,-0.1158575109413883,-10.467395324289964
124.60258083806458,-10.37,-1.639962656615762,-0.1261265711817612,-10.477722577621963
124.60867065842388,-10.32,-1.6399713450570768,-0.11919904644993719,-10.470803741331453
124.61476047878314,-10.35,-1.6399800334983916,-0.1122715217181455,-10.463884905040976
124.62085029914242,-10.4,-1.6399887219397065,-0.10534399698633765,-10.456966068750484
124.6269401195017,-10.24,-1.6399974103810213,-0.0984164722545298,-10.45004723245999
124.63302993986096,-10.19,-1.640006098822336,-0.09148894752273812,-10.443128396169513
124.63911976022025,-10.34,-1.6400147872636508,-0.0845614227909141,-10.436209559879003
124.64520958057952,-10.11,-1.6400234757049656,-0.07763389805912242,-10.429290723588528
124.65129940093881,-10.34,-1.6400321641462805,-0.0707063733272984,-10.422371887298018
124.65738922129808,-10.23,-1.6400408525875954,-0.06377884859550671,-10.41545305100754
124.66347904165734,-10.31,-1.6400495410289102,-0.05685132386371503,-10.408534214717065
124.66956886201662,-10.52,-1.6400582294702248,-0.04992379913190718,-10.401615378426571
124.67565868237591,-10.57,-1.6400669179115397,-0.04299627440008316,-10.394696542136062
124.68174850273519,-10.459999999999999,-1.6400756063528545,-0.036068749668275314,-10.387777705845568
124.68783832309445,-10.73,-1.6400842947941694,-0.029141224936483627,-10.380858869555093
124.69392814345373,-10.549999999999999,-1.6400929832354842,-0.02221370020467578,-10.3739400332646
124.700017963813,-10.4,-1.6401014190698415,-0.015357582579021388,-10.367092351473302
124.70610778417229,-10.45,-1.640024472518544,-0.03263741565640271,-10.384295237999385
124.71219760453157,-10.629999999999999,-1.6399475259672467,-0.049917248733743716,-10.40149812452543
124.71828742489083,-10.27,-1.6398705794159496,-0.06719708181104439,-10.418701011051432
124.72437724525011,-10.389999999999999,-1.6397936328646523,-0.0844769148883854,-10.435903897577477
124.73046706560937,-9.95,-1.6397166863133552,-0.10175674796568607,-10.45310678410348
124.73655688596867,-10.5,-1.6396397397620577,-0.1190365810430674,-10.470309670629565
124.74264670632795,-10.16,-1.6395627932107604,-0.1363164141204084,-10.487512557155608
124.74873652668721,-10.35,-1.6394858466594633,-0.15359624719770906,-10.504715443681611
124.75482634704649,-10.389999999999999,-1.639408900108166,-0.17087608027505008,-10.521918330207654
124.76091616740575,-10.25,-1.6393319535568687,-0.18815591335235074,-10.539121216733658
124.76700598776506,-10.44,-1.6392550070055711,-0.2054357464297724,-10.556324103259783
124.77309580812432,-10.35,-1.639178060454274,-0.22271557950707307,-10.573526989785785
124.77918562848359,-10.57,-1.6391011139029767,-0.23999541258437376,-10.590729876311789
124.78527544884287,-10.45,-1.6390241673516794,-0.2572752456617148,-10.607932762837832
124.79136526920213,-10.45,-1.6389472208003824,-0.2745550787390154,-10.625135649363836
124.79745508956144,-10.7,-1.6388702742490848,-0.29183491181643706,-10.64233853588996
124.8035449099207,-10.639999999999999,-1.6387436874345886,-0.2801452032770849,-10.630522240536111
124.80963473027998,-10.57,-1.6385814636005869,-0.2476581005839001,-10.597872914008926
124.81572455063925,-10.48,-1.6384192397665858,-0.21517099789079105,-10.565223587481816
124.82181437099851,-10.5,-1.6382570159325844,-0.18268389519768205,-10.532574260954705
124.82790419135782,-10.67,-1.638094792098582,-0.1501967925043456,-10.499924934427366
124.83399401171708,-10.389999999999999,-1.6379325682645807,-0.11770968981123656,-10.467275607900255
124.84008383207636,-10.57,-1.6377703444305791,-0.08522258711805172,-10.434626281373069
124.84617365243562,-10.29,-1.6376081205965778,-0.05273548442494269,-10.401976954845958
124.8522634727949,-10.639999999999999,-1.6374458967625762,-0.02024838173175785,-10.369327628318773
124.8583532931542,-10.43,-1.6372836729285742,0.012238720961502794,-10.33667830179151
124.86444311351346,-10.43,-1.637121449094573,0.04472582365461182,-10.3040289752644
124.87053293387274,-10.28,-1.6369592252605714,0.07721292634779665,-10.271379648737213
124.876622754232,-10.27,-1.63679700142657,0.10970002904090569,-10.238730322210102
124.88271257459128,-10.41,-1.6366347775925683,0.14218713173409053,-10.206080995682916
124.88880239495057,-10.469999999999999,-1.6364725537585663,0.17467423442735117,-10.173431669155654
124.89489221530985,-10.08,-1.6363103299245647,0.207161337120536,-10.140782342628468
124.90098203566912,-10.12,-1.6361344244961915,0.2333545101151305,-10.1144132642055
124.90707185602838,-10.36,-1.6358873580698352,0.22681156285852944,-10.120709145035745
124.91316167638766,-10.15,-1.6356402916434782,0.2202686156019131,-10.127005025866003
124.91925149674695,-10.709999999999999,-1.6353932252171206,0.2137256683452815,-10.133300906696277
124.92534131710623,-10.5,-1.6351461587907634,0.2071827210886652,-10.139596787526537
124.9314311374655,-10.66,-1.6348990923644071,0.20063977383206413,-10.145892668356781
124.93752095782477,-10.5,-1.6346520259380501,0.1940968265754478,-10.152188549187041
124.94361077818404,-10.379999999999999,-1.6344049595116936,0.18755387931884673,-10.158484430017285
124.94970059854333,-9.74,-1.634157893085336,0.18101093206221514,-10.16478031084756
124.95579041890261,-10.12,-1.633910826658979,0.1744679848055988,-10.171076191677818
124.96188023926187,-10.33,-1.6336637602326225,0.16792503754899776,-10.177372072508064
124.96797005962115,-10.67,-1.6334166938062655,0.16138209029238143,-10.183667953338322
124.97405987998042,-10.52,-1.633169627379909,0.15483914303578036,-10.189963834168568
124.98014970033972,-10.389999999999999,-1.632922560953551,0.1482961957791335,-10.196259714998856
124.98623952069899,-9.92,-1.6326754945271944,0.14175324852253243,-10.2025555958291
124.99232934105825,-10.35,-1.632428428100838,0.1352103012659314,-10.208851476659344
124.99841916141753,-10.17,-1.632181361674481,0.12866735400931506,-10.215147357489604
125.0045089817768,-10.18,-1.6318718549985072,0.11902340906716226,-10.224481795755784
125.0105988021361,-10.27,-1.6315404569154286,0.108292261508437,-10.23488154523143
125.01668862249537,-10.49,-1.6312090588323522,0.09756111394978685,-10.245281294707004
125.02277844285464,-10.129999999999999,-1.630877660749275,0.08682996639111168,-10.255681044182602
125.02886826321391,-10.17,-1.6305462626661986,0.07609881883246153,-10.266080793658176
125.03495808357317,-9.81,-1.6302148645831223,0.06536767127381139,-10.276480543133749
125.04104790393248,-10.389999999999999,-1.6298834665000437,0.05463652371508612,-10.286880292609396
125.04713772429173,-10.53,-1.629552068416968,0.04390537615646103,-10.297280042084946
125.05322754465102,-10.76,-1.62922067033389,0.0331742285977608,-10.307679791560568
125.05931736501029,-10.29,-1.6288892722508137,0.02244308103911066,-10.318079541036141
125.06540718536957,-9.92,-1.6285578741677367,0.011711933480435477,-10.32847929051174
125.07149700572886,-10.23,-1.6282264760846588,0.000980785921735252,-10.338879039987363
125.07758682608812,-10.41,-1.6278950780015824,-0.00975036163691489,-10.349278789462936
125.0836766464474,-10.2,-1.6275636799185054,-0.02048150919559007,-10.359678538938535
125.08976646680667,-10.049999999999999,-1.627232281835429,-0.031212656754240214,-10.370078288414108
125.09585628716594,-10.219999999999999,-1.6269008837523518,-0.041943804312915396,-10.380478037889707
125.10194610752524,-10.31,-1.626542723414004,-0.049875710807015826,-10.388051784045459
125.1080359278845,-10.31,-1.62612758004713,-0.051847385929236024,-10.389608315800805
125.11412574824378,-9.98,-1.625712436680255,-0.05381906105146082,-10.391164847556155
125.12021556860304,-9.67,-1.625297293313381,-0.05579073617368102,-10.392721379311501
125.12630538896232,-9.639999999999999,-1.6248821499465058,-0.05776241129590581,-10.394277911066851
125.13239520932161,-10.0,-1.6244670065796298,-0.05973408641813521,-10.395834442822204
125.1384850296809,-10.25,-1.624051863212755,-0.06170576154036001,-10.397390974577554
125.14457485004016,-10.15,-1.6236367198458808,-0.0636774366625802,-10.3989475063329
125.15066467039942,-9.85,-1.6232215764790068,-0.0656491117848004,-10.400504038088247
125.1567544907587,-9.78,-1.622806433112132,-0.06762078690702521,-10.402060569843597
125.162844311118,-9.99,-1.622391289745256,-0.0695924620292546,-10.40361710159895
125.16893413147727,-9.84,-1.6219761463783808,-0.0715641371514794,-10.4051736333543
125.17502395183654,-10.07,-1.6215610030115069,-0.0735358122736996,-10.406730165109645
125.1811137721958,-9.82,-1.6211458596446326,-0.0755074873959198,-10.408286696864991
125.18720359255508,-10.08,-1.6207307162777578,-0.07747916251814459,-10.40984322862034
125.19329341291437,-10.129999999999999,-1.6203155729108818,-0.07945083764037399,-10.411399760375694
125.19938323327365,-10.23,-1.6199004295440067,-0.08142251276259879,-10.412956292131044
125.20547305363291,-10.24,-1.619410616466904,-0.07941414878498311,-10.410458115076326
125.2115628739922,-10.23,-1.6189123887467463,-0.07695726815632806,-10.407503006727513
125.3,-10.1,-1.61167706404607,-0.041278143170079516,-10.364588557040587
125.326,-10.04,-1.6091983347843897,-0.032386436731850134,-10.353218121340678
125.352,-9.889999999999999,-1.606719605522708,-0.023494730293615894,-10.341847685640762
125.378,-9.83,-1.6042408762610276,-0.014603023855386513,-10.330477249940852
125.405,-10.01,-1.601599861262864,-0.0022598043938490556,-10.31549301548115
125.431,-10.06,-1.5987729920238085,0.02280142847794005,-10.287604913370307
125.457,-9.95,-1.5959461227847531,0.04786266134972916,-10.259716811259462
125.484,-9.81,-1.5930105278057336,0.0738877877935149,-10.230756089836657
125.51,-9.799999999999999,-1.5900512013551373,0.07247101475179517,-10.229213536427782
125.536,-10.01,-1.58687994336608,0.02868943224847082,-10.269823860942049
125.562,-9.98,-1.5837086853770228,-0.015092150254853524,-10.310434185456316
125.589,-9.969999999999999,-1.5804154559268473,-0.06055763977754478,-10.352606445528831
125.615,-9.85,-1.5770478495646512,-0.05289646068180162,-10.341577660070891
125.641,-9.68,-1.573536254395485,-0.007510589746733719,-10.292680193966657
125.668,-9.76,-1.56988959787366,0.03962089160889654,-10.241902056089202
125.694,-9.639999999999999,-1.5663780027044956,0.08500676254393964,-10.193004589984994
125.72,-10.0,-1.5626079533278845,0.09293220736733368,-10.18130909578499
125.746,-9.5,-1.5587603676890394,0.08961952435723035,-10.180774193156248
125.773,-9.879999999999999,-1.554764797987161,0.08617943046212241,-10.180218717349478
125.799,-9.75,-1.5509172123483137,0.08286674745201726,-10.179683814720736
125.825,-9.73,-1.5467510170065035,0.024905937159035434,-10.233478429671907
125.852,-9.81,-1.542411348825423,-0.0375541342015701,-10.291598832851431
125.878,-9.74,-1.5382324090954942,-0.09770086958584594,-10.347566628505778
125.904,-10.08,-1.5340032487840072,-0.14543012468030153,-10.391066723288747
125.93,-9.959999999999999,-1.5294978752739452,-0.12486323818055822,-10.365994463278941
125.957,-9.93,-1.5248192181673468,-0.10350531758468998,-10.339957885576474
125.983,-9.879999999999999,-1.520313844657285,-0.08293843108494667,-10.314885625566669
126.009,-10.1,-1.5156972742333752,-0.0627862485397568,-10.29011687259757
126.036,-9.959999999999999,-1.5106850263852232,-0.042672439807503924,-10.264990816017166
126.062,-9.93,-1.5058584173462626,-0.023303586954226907,-10.240795354124929
126.088,-10.03,-1.501031808307302,-0.003934734100949889,-10.216599892232692
126.114,-10.06,-1.4960351716492406,0.03262208758715816,-10.175046433886521
126.141,-10.24,-1.4906950133928278,0.08588412192939945,-10.116444241287867
126.167,-10.129999999999999,-1.4855526387755422,0.13717348833302986,-10.06001250026695
126.193,-9.91,-1.4804102641582566,0.1884628547366603,-10.003580759246034
126.22,-10.06,-1.4748316209706764,0.1526724565375289,-10.033792514257586
126.246,-10.03,-1.4693792159428734,0.08819366063736848,-10.092818905129944
126.272,-10.11,-1.4639268109150674,0.023714864737172832,-10.151845296002334
126.298,-10.31,-1.4584744058872643,-0.04076393116298757,-10.21087168687469
126.325,-10.09,-1.4525199499536965,-0.07184351665089804,-10.235996816429033
126.351,-10.33,-1.4467635081850116,-0.09900798188631327,-10.257404839895763
126.377,-10.45,-1.4410070664163266,-0.12617244712172848,-10.278812863362495
126.404,-10.48,-1.4349834089626876,-0.13762481363576376,-10.284241572422891
126.43,-10.36,-1.4289291756839755,-0.0558695208730394,-10.196432046381453
126.456,-10.01,-1.4228749424052667,0.02588577188964029,-10.108622520340065
126.482,-10.2,-1.4168207091265579,0.10764106465231998,-10.020812994298677
126.509,-10.209999999999999,-1.4104327854571774,0.15403709657256365,-9.968029038709053
126.535,-10.219999999999999,-1.4040872503030548,0.12455949215010602,-9.991161107977387
126.561,-10.36,-1.3977417151489286,0.09508188772763228,-10.014293177245735
126.587,-10.35,-1.3913961799948058,0.06560428330517465,-10.03742524651407
126.614,-10.299999999999999,-1.3846533529947316,0.02648654628008821,-10.069800156539083
126.64,-9.94,-1.3780232426377101,-0.018788618374194883,-10.108445210836344
126.666,-10.23,-1.3713931322806885,-0.06406378302847797,-10.147090265133606
126.693,-10.42,-1.364508017679165,-0.11108030016947283,-10.187221667673077
126.719,-10.59,-1.3576750318566855,-0.139530022835545,-10.208838404516671
126.745,-10.36,-1.350767302441665,-0.1617808984533338,-10.224181550719438
126.771,-10.29,-1.3438595730266485,-0.18403177407111043,-10.239524696922198
126.798,-10.49,-1.336686161711053,-0.2071384525972673,-10.25545796413276
126.824,-10.43,-1.329528794268029,-0.1324375384707496,-10.173599682563218
126.85,-10.49,-1.322350623656004,-0.04965730853222653,-10.08364128201267
126.877,-10.209999999999999,-1.3148963695589,0.036306776403947714,-9.990222942979392
126.903,-10.07,-1.3076878470747926,0.10051590880782556,-9.918805288091406
126.929,-10.209999999999999,-1.3002466269047523,0.02234662677906036,-9.98953334995013
126.955,-10.36,-1.2928054067347123,-0.05582265524970484,-10.060261411808856
126.982,-10.52,-1.2850779857889,-0.13699844812574502,-10.133709783739084
127.008,-10.219999999999999,-1.2775581649260461,-0.14242860058851467,-10.131620115339
127.034,-10.53,-1.2698614925043572,0.01580428847238902,-9.965690553856406
127.061,-10.5,-1.2618687942202986,0.18012305788172914,-9.793379086163007
127.087,-9.75,-1.254172121798614,0.33835594694254634,-9.627449524680506
127.113,-9.56,-1.2463516206010479,0.38314681204968115,-9.574838158375805
127.139,-9.66,-1.2384072906276011,0.31449565320325745,-9.635544987248782
127.166,-9.79,-1.230157409501328,0.24320406517041981,-9.698586694155347
127.192,-9.84,-1.222213079527881,0.1745529063239961,-9.759293523028324
127.218,-10.06,-1.2141028214795115,0.1246591576039172,-9.801077013700034
127.245,-10.379999999999999,-1.205604048240861,0.08150368476065312,-9.835733713304647
127.271,-10.57,-1.1974200443814211,0.03994656276344342,-9.869106831442418
127.297,-10.06,-1.1892360405219813,-0.0016105592337662803,-9.902479949580187
127.323,-10.36,-1.1808472395086673,-0.08677479052393619,-9.979255379857042
127.35,-10.41,-1.1721080522198166,-0.1811212177545989,-10.064862619798854
127.376,-10.41,-1.1636925385342536,-0.27197333286564057,-10.147299221224333
127.402,-10.51,-1.1552598576118949,-0.3501669056431243,-10.217060113079457
127.429,-10.18,-1.1462889126262394,-0.27362301137102085,-10.131545273821699
127.455,-10.09,-1.1376502248622766,-0.19991407614604575,-10.049197650832761
127.481,-10.51,-1.1290115370983136,-0.12620514092107066,-9.966850027843824
127.507,-10.219999999999999,-1.1203150520914087,-0.08688144363912219,-9.91882984555497
127.534,-10.35,-1.1111211748829957,-0.14296632429018719,-9.965720848997622
127.56,-10.25,-1.1022678116452662,-0.19697398713935102,-10.010875148609056
127.586,-10.66,-1.0934144484075365,-0.25098164998851485,-10.05602944822049
127.613,-10.54,-1.0841175597201664,-0.18555763428372335,-9.981308543828328
127.639,-10.25,-1.0750581735245226,0.0034524955786929996,-9.783239027770268
127.665,-9.58,-1.0659987873288739,0.19246262544121265,-9.5851695117121
127.691,-9.82,-1.0569394011332303,0.381472755303629,-9.38709999565404
127.718,-10.27,-1.047395036219876,0.4071203546276957,-9.351908031416619
127.744,-10.24,-1.0381384244428553,0.349661822053466,-9.400109952213828
127.756,-9.889999999999999,-1.0338661420842297,0.32314249932689365,-9.422356992581774
127.767,-9.99,-1.0299498832554912,0.29883312016087943,-9.44275011291905
127.779,-9.94,-1.0256776008968653,0.27231379743430706,-9.464997153286996
127.79,-10.2,-1.0217613420681217,0.24800441826826142,-9.485390273624299
127.802,-10.31,-1.0174745756718448,0.22088703348968047,-9.508220892006602
127.813,-10.23,-1.013478654636025,0.19328831303763594,-9.531823691422828
127.825,-10.41,-1.0091194680514923,0.16318061799902894,-9.557572199876901
127.837,-10.65,-1.0047602814669598,0.13307292296042195,-9.583320708330977
127.854,-10.43,-0.9985847671388737,0.09042035498907391,-9.619797761974239
127.865,-10.23,-0.9945888461030538,0.06282163453702938,-9.643400561390463
127.871,-10.42,-0.9924092528107875,0.04776778701772588,-9.6562748156175
127.883,-10.5,-0.9880500662262549,0.01766009197911889,-9.682023324071576
127.894,-10.42,-0.9840541451904299,-0.009938628472961297,-9.70562612348783
127.906,-10.85,-0.9796535971646143,-0.0364236630796207,-9.727710610068675
127.918,-10.53,-0.975211687697516,-0.05928603725433253,-9.746131074776288
127.929,-10.57,-0.9711399373526776,-0.08024321358114268,-9.76301650075826
127.941,-10.66,-0.9666980278855792,-0.1031055877558545,-9.781436965465874
127.952,-10.92,-0.9626262775407408,-0.12406276408266466,-9.798322391447845
127.964,-10.68,-0.9581843680736425,-0.1469251382573765,-9.816742856155457
127.975,-10.74,-0.9541126177288041,-0.16788231458418665,-9.833628282137429
127.987,-10.94,-0.9496707082617057,-0.19074468875889847,-9.852048746845043
128.01,-10.86,-0.9410916422365829,-0.21809283542035685,-9.870817827481378
128.022,-10.799999999999999,-0.9365712453136614,-0.22118952498697358,-9.869394120125074
128.033,-11.11,-0.9324275481343184,-0.2240281570897044,-9.868089055048461
128.045,-10.94,-0.9279071512113968,-0.22712484665632116,-9.866665347692157
128.056,-10.87,-0.9237634540320431,-0.2299634787590593,-9.86536028261554
128.079,-10.73,-0.9150993599297784,-0.23589880042840686,-9.862631510182624
128.103,-10.98,-0.9060400155164664,-0.2293121513955923,-9.846985516736497
128.114,-10.19,-0.901828299589738,-0.18529068022305561,-9.798752329637233
128.126,-11.04,-0.8972337003969413,-0.13726725712572221,-9.746134307347102
128.137,-11.06,-0.8930219844702129,-0.09324578595318553,-9.697901120247838
128.149,-11.06,-0.8884273852774162,-0.04522236285585211,-9.645283097957707
128.172,-10.459999999999999,-0.879621070157891,0.04682253141401798,-9.544431888568313
128.184,-10.26,-0.8750264709650944,0.0948459545113514,-9.491813866278182
128.195,-10.56,-0.870814755038366,0.13886742568388807,-9.443580679178918
128.207,-10.459999999999999,-0.8661793973690884,0.15577510848463777,-9.42203763870889
128.218,-10.4,-0.8619036324078901,0.15090041633402562,-9.422636565898303
128.23,-10.35,-0.8572391615411263,0.14558257035153738,-9.423289941014028
128.241,-10.34,-0.852963396579917,0.14070787820091263,-9.423888868203443
128.253,-9.81,-0.8482989257131643,0.13539003221843696,-9.424542243319166
128.276,-10.02,-0.8393586898851912,0.12519749408532396,-9.425794545624306
128.3,-10.459999999999999,-0.8300297481516636,0.11456180212034744,-9.427101295855755
128.323,-10.09,-0.8209639705847508,0.0819275806935761,-9.450669739715613
128.347,-10.48,-0.8115040287757963,0.04787448007432942,-9.475262898525905
128.37,-10.2,-0.8024382512088836,0.01524025864755808,-9.498831342385765
128.394,-10.43,-0.7929783093999291,-0.018812841971688598,-9.523424501196057
128.417,-10.379999999999999,-0.7838259851923054,-0.002800249384990977,-9.498259584401735
128.441,-10.2,-0.7742438598905826,0.03182450507362002,-9.454052704641402
128.464,-10.18,-0.7650609898097668,0.06500656142978206,-9.411687778204422
128.488,-10.11,-0.755478864508044,0.09963131588839305,-9.36748089844409
128.511,-9.9,-0.7462440641640005,0.11428335010701511,-9.343594063881424
128.534,-9.79,-0.7369526126237084,0.10872081472103934,-9.339865147727107
128.546,-9.76,-0.7321048987765985,0.10581862234574703,-9.337919626255289
128.558,-9.33,-0.7272571849294885,0.10291642997045472,-9.335974104783473
128.57,-9.62,-0.7224094710823786,0.10001423759516243,-9.334028583311655
128.581,-9.81,-0.7179657333891964,0.09735389458447896,-9.332245188629155
128.593,-9.83,-0.7131180195420865,0.09445170220918665,-9.330299667157337
128.605,-9.55,-0.708248562865858,0.08084273788067703,-9.339039174809619
128.617,-9.32,-0.7033486662288634,0.05224429281763883,-9.362737723235663
128.628,-9.79,-0.6988570943116202,0.026029051509865096,-9.384461392626193
128.64,-9.799999999999999,-0.6939571976746256,-0.002569393553173109,-9.408159941052237
128.652,-9.76,-0.689057301037631,-0.031167838616211314,-9.43185848947828
128.659,-9.68,-0.6861990279993823,-0.04785026490299489,-9.445682642726815
128.666,-9.73,-0.6833407549611334,-0.06453269118977846,-9.45950679597535
128.675,-9.25,-0.6796658324833816,-0.08598152498709098,-9.477280707294911
128.682,-9.03,-0.6768075594451445,-0.10266395127380683,-9.49110486054339
128.689,-9.6,-0.6739492864068957,-0.1193463775605904,-9.504929013791925
128.699,-9.43,-0.6698660392093924,-0.1431784151131674,-9.524677804146998
128.706,-9.73,-0.6669839207053878,-0.150845608812896,-9.529462879342722
128.713,-9.53,-0.6640978279570771,-0.15701026374818738,-9.532741441529703
128.722,-9.57,-0.6603871372806742,-0.16493624866499776,-9.53695673577011
128.729,-9.47,-0.6575010445323635,-0.17110090360028912,-9.540235297957091
128.736,-9.540000000000001,-0.6546149517840645,-0.17726555853555548,-9.543513860144058
128.746,-9.45,-0.6504919621436155,-0.18607220844312533,-9.548197520411179
128.753,-9.15,-0.6476058693953165,-0.1922368633783917,-9.551476082598146
128.76,-9.14,-0.6447197766470057,-0.19840151831368308,-9.554754644785127
128.769,-8.86,-0.6410090859706029,-0.20632750323049343,-9.558969939025536
128.776,-8.69,-0.6381229932222922,-0.21249215816578482,-9.562248501212515
128.783,-9.040000000000001,-0.6352369004739931,-0.21865681310105117,-9.565527063399482
128.793,-9.34,-0.6311139108335442,-0.22746346300862103,-9.570210723666603
128.804,-8.93,-0.626564228888233,-0.24409430243326583,-9.582291881145938
128.816,-9.19,-0.6215734612972201,-0.2754928559014004,-9.608699667023059
128.828,-8.92,-0.6165826937062072,-0.30689140936953496,-9.635107452900181
128.839,-9.05,-0.6120078234144474,-0.33567341671531264,-9.6593145899542
128.851,-8.98,-0.6070170558234343,-0.3670719701834472,-9.68572237583132
128.863,-9.26,-0.6020262882324214,-0.3984705236515818,-9.712130161708442
128.875,-9.02,-0.5970355206414085,-0.4298690771197164,-9.738537947585565
128.886,-9.0,-0.5924606503496487,-0.458651084465494,-9.762745084639581
128.898,-8.85,-0.5874698827586358,-0.4900496379336286,-9.789152870516704
128.91,-8.83,-0.5824469031205906,-0.3727266253459944,-9.666806878291025
128.922,-8.63,-0.577417481073139,-0.2256592995470374,-9.514710130444616
128.933,-8.85,-0.5728071775296437,-0.09084758423138486,-9.375288111585467
128.945,-8.48,-0.567777755482192,0.05621974156757214,-9.22319136373906
128.957,-8.040000000000001,-0.5627483334347404,0.20328706736652916,-9.071094615892651
128.968,-7.699999999999999,-0.5581380298912452,0.3380987826821817,-8.931672597033502
128.98,-7.65,-0.5531086078437936,0.48516610848113867,-8.779575849187093
128.992,-7.119999999999999,-0.5480791857963419,0.6322334342800957,-8.627479101340686
129.004,-7.18,-0.5430383908772258,0.7081879181649096,-8.546483822536755
129.015,-7.5600000000000005,-0.5383968119366531,0.6474393182162899,-8.602590843544803
129.027,-7.58,-0.5333332712742079,0.5811681182723125,-8.663798502826335
129.039,-7.6,-0.5282697306117629,0.5148969183283353,-8.725006162107867
129.051,-7.050000000000001,-0.5232061899493177,0.44862571838435794,-8.7862138213894
129.062,-7.52,-0.518564611008733,0.38787711843558126,-8.84232084239759
129.074,-7.57,-0.5135010703462878,0.3216059184916039,-8.903528501679123
129.093,-7.23,-0.5054837976307597,0.21667651858043732,-9.000440628874761
129.111,-7.48,-0.49786137451260215,0.14249153825388117,-9.06700318608316
129.13,-7.35,-0.4897972717638524,0.08112709945156785,-9.120303522136723
129.148,-7.52,-0.482157595475565,0.02299236795465392,-9.17079857734535
129.167,-7.609999999999999,-0.4740934927268153,-0.03837207084765941,-9.224098913398914
129.185,-7.49,-0.4664538164385279,-0.09650680234457334,-9.27459396860754
129.204,-7.34,-0.4583813691749472,-0.14295768556949667,-9.312972404568884
129.223,-7.15,-0.45027762998075077,-0.13348273537952526,-9.295393715184716
129.241,-7.4399999999999995,-0.4426004033757245,-0.12450646677850195,-9.278740219978665
129.26,-7.3100000000000005,-0.4344966641815402,-0.11503151658854471,-9.261161530594524
129.278,-7.35,-0.4268194375765139,-0.1060552479875214,-9.244508035388474
129.297,-7.140000000000001,-0.4187156983823175,-0.09658029779755001,-9.226929346004306
129.316,-7.27,-0.41058463521816796,-0.09658943477270587,-9.218807419815313
129.334,-7.130000000000001,-0.4028766691469444,-0.09828276423245706,-9.21279278320384
129.353,-7.17,-0.3947404827384287,-0.10007016755108378,-9.206444000113951
129.371,-7.210000000000001,-0.3870325166672052,-0.10176349701083497,-9.20042936350248
129.39,-7.17,-0.3788963302587016,-0.103550900329459,-9.1940805804126
129.409,-7.07,-0.3707481742624868,-0.06333848346258918,-9.145720007549516
129.427,-7.26,-0.36301626901586503,0.01896782744878533,-9.05568179139152
129.446,-7.48,-0.35485481347776227,0.1058467111885912,-8.96064145211361
129.464,-6.380000000000001,-0.3471229082311405,0.1881530220999657,-8.870603235955613
129.483,-6.540000000000001,-0.33896145269303773,0.27503190583977155,-8.775562896677705
129.502,-6.710000000000001,-0.3307980909521169,0.3423222858191565,-8.7001091549574
129.52,-6.98,-0.32304902988013257,0.24833206288757817,-8.786350316816993
129.539,-7.5,-0.31486946541527044,0.1491201609043691,-8.87738265433534
129.557,-8.72,-0.30712040434328614,0.055129937972790755,-8.963623816194934
129.576,-6.880000000000001,-0.2989408398784118,-0.044081964010566695,-9.054656153713417
129.594,-7.290000000000001,-0.2911917788064275,-0.13807218694214507,-9.14089731557301
129.725,-7.48,-0.23471855118127066,-0.19763545523049525,-9.143987356236204
129.743,-6.470000000000001,-0.226955429193602,-0.18863891306215913,-9.127227692080199
129.762,-7.52,-0.21876102265106084,-0.1791425629955797,-9.109536935471079
129.78,-6.9399999999999995,-0.2109979006633922,-0.1701460208272436,-9.092777271315075
129.799,-7.52,-0.20280349412085102,-0.1606496707606642,-9.075086514705953
129.818,-6.970000000000001,-0.19461211725284422,-0.10924682319373337,-9.015492290271016
129.836,-7.07,-0.18685202493970993,-0.058343783525045816,-8.956829158289194
129.855,-6.9399999999999995,-0.1786608163869673,-0.00461279720816482,-8.89490696341957
129.873,-7.66,-0.170900724073833,0.04629024246052273,-8.836243831437748
129.892,-7.279999999999999,-0.1627095155210781,0.1000212287774841,-8.774321636568033
129.901,-7.279999999999999,-0.15883000729233054,0.12317142172977123,-8.747291935386999
129.911,-7.220000000000001,-0.1545242241744063,0.12843761939151108,-8.737719954607334
129.92,-7.4,-0.15064901936827696,0.13317719728707392,-8.729105171905642
129.929,-7.25,-0.14677381456213534,0.13791677518265175,-8.720490389203922
129.948,-7.34,-0.13859282663806952,0.14792255073996943,-8.70230362572254
129.967,-7.380000000000001,-0.13041183871400366,0.1579283262972871,-8.684116862241154
129.986,-7.199999999999999,-0.12223085078995007,0.1679341018545898,-8.6659300987598
130.004,-7.279999999999999,-0.11448406070485365,0.18056751510734048,-8.645549895421953
130.023,-7.300000000000001,-0.10632026553486695,0.20555601360734496,-8.61239760175196
130.042,-7.4,-0.09815647036488026,0.23054451210734947,-8.579245308081969
130.061,-7.4399999999999995,-0.08999267519489357,0.25553301060735395,-8.546093014411978
130.079,-7.300000000000001,-0.08225855345490811,0.27920632497577336,-8.514685578303574
130.098,-7.09,-0.07409475828492142,0.30419482347577786,-8.481533284633583
130.117,-7.390000000000001,-0.0659525335144744,0.2297920719043852,-8.547793811434529
130.136,-7.290000000000001,-0.057812846438077235,0.14369623208928184,-8.625749964173234
130.154,-7.32,-0.05010156394465027,0.06213175226446745,-8.699603161504621
130.173,-7.43,-0.041961876868253103,-0.023964087550635883,-8.777559314243328
130.192,-7.42,-0.03382218979185594,-0.11005992736573922,-8.855515466982034
130.211,-7.65,-0.025700427200298904,-0.14465238593839289,-8.88198616296313
130.229,-7.26,-0.018018475682064806,-0.14193860554847115,-8.871590431054974
130.248,-7.32,-0.00990974907949448,-0.13907405958133512,-8.860617158485269
130.267,-7.09,-0.0018010224769120203,-0.1362095136141948,-8.849643885915546
130.286,-7.619999999999999,0.006307704125670438,-0.1333449676470545,-8.838670613345823
130.304,-7.33,0.013981709575241547,-0.1340451672572625,-8.831696807506459
130.323,-6.48,0.022052692351674712,-0.14739702629078097,-8.836977683763545
130.342,-6.34,0.03012367512810788,-0.16074888532429943,-8.84225856002063
130.361,-7.18,0.03819465790452897,-0.17410074435779793,-8.847539436277707
130.379,-6.98,0.04584085211377954,-0.18674987396849646,-8.852542371679155
130.398,-7.33,0.05391183489021271,-0.20010173300201492,-8.85782324793624
130.417,-7.1899999999999995,0.06194304465228575,-0.18919879892517502,-8.838889104097328
130.436,-7.449999999999999,0.06996957523619876,-0.17544235977651396,-8.817106134364753
130.454,-7.15,0.07757365684200918,-0.16240994374094356,-8.796469636723373
130.473,-6.92,0.0856001874259222,-0.1486535045922825,-8.774686666990798
130.492,-7.199999999999999,0.09362671800982318,-0.134897065443642,-8.752903697258256
130.511,-6.890000000000001,0.10162367611796343,-0.09992731603237905,-8.709936989738853
130.529,-6.380000000000001,0.10917936639978203,-0.05218221047617247,-8.654636193900828
130.548,-6.609999999999999,0.11715481725281475,-0.0017845990557196214,-8.596263131627342
130.567,-6.93,0.1251302681058475,0.04861301236473323,-8.537890069353859
130.586,-6.65,0.1331057189588802,0.09901062378518607,-8.479517007080373
130.604,-6.630000000000001,0.14064927856267373,0.1324227872534758,-8.438561284008289
130.623,-6.960000000000001,0.14856710869507575,0.1147389237566558,-8.448327317372707
130.642,-6.9399999999999995,0.15648493882748962,0.09705506025980934,-8.45809335073714
130.661,-6.720000000000001,0.16440276895990347,0.07937119676296289,-8.467859384101573
130.679,-7.02,0.1719038711906095,0.06261806292384937,-8.47711141570998
130.698,-6.540000000000001,0.17982170132302333,0.04493419942700292,-8.486877449074413
130.717,-7.029999999999999,0.18768220605270727,0.0724445955026084,-8.451506548269123
130.736,-6.9399999999999995,0.1955359666173525,0.10527196329251311,-8.410825419914573
130.754,-6.93,0.20297637136281516,0.1363715748829879,-8.372285403578635
130.773,-6.59,0.21083013192747213,0.16919894267294172,-8.331604275224025
130.826,-6.1,0.23264162502576088,0.2451625117638416,-8.233829213034836
130.879,-6.029999999999999,0.25435304644672524,0.30491828254748155,-8.152362020830232
130.932,-6.5,0.2759353409262648,0.06547318632595883,-8.370224822572215
130.984,-7.25,0.2970272816066504,-0.3620999191475053,-8.776705987365293
131.037,-6.710000000000001,0.31836357628072554,-0.33906310726521366,-8.732332880808926
131.09,-6.710000000000001,0.33963013679257187,-0.11761225124200485,-8.489615464273871
131.143,-6.960000000000001,0.3606956465959318,-0.017236815900267405,-8.368174519128774
131.196,-6.73,0.3817144004205739,0.054981544864413485,-8.27493740453945
131.249,-6.619999999999999,0.4024888109528758,0.1060051245741732,-8.20313941429739
131.302,-6.720000000000001,0.42323269282251375,0.1503931789724442,-8.13800747802948
131.354,-6.8100000000000005,0.443320424242804,0.07121769176795843,-8.197095233813675
131.407,-6.9399999999999995,0.4637553353951435,-0.003815241338662043,-8.251693255767957
131.46,-6.619999999999999,0.4839331538929523,-0.04161998265022599,-8.269320178581712
131.513,-7.130000000000001,0.5040345340743763,-0.07296152032495591,-8.280560336075018
131.566,-6.77,0.523900719436155,-0.08441627757866998,-8.272148907966955
131.619,-7.119999999999999,0.5436497961840848,-0.09331463032728948,-8.261298183967645
131.672,-6.76,0.5631893101493377,-0.09763836448784743,-8.246082404162948
131.725,-7.1,0.582567824659226,-0.0627519523325304,-8.191817477497743
131.777,-6.59,0.6014037896825027,0.014562997733723501,-8.095666562408212
131.83,-6.880000000000001,0.6204007218354037,0.02780101447114905,-8.063431613517887
131.883,-6.6899999999999995,0.6392433523802693,-0.009226517581753356,-8.081616515025923
131.936,-6.779999999999999,0.6578350709644882,0.12581410121355224,-7.9279841776463975
131.989,-6.25,0.6763083033450685,0.34210912457604453,-7.693215921903326
132.042,-6.33,0.6944781771068128,0.19938275260915536,-7.81777242010847
132.095,-6.68,0.7125685998017192,-0.03737303242015035,-8.036437782442869
132.147,-6.84,0.7299667104368739,-0.1002399481521355,-8.0819065875397
132.412,-6.550000000000001,0.8158202995165076,0.056558973300837624,-7.8392540770070935
132.465,-6.66,0.832254128880648,0.004796953731590068,-7.8745822672122
132.517,-6.619999999999999,0.8482357197484967,-0.048574954325737434,-7.9119725844016795
132.57,-6.720000000000001,0.8642263249397402,-0.10840086268544152,-7.95580788757014
132.623,-6.6899999999999995,0.8800199445771629,-0.13593673124587488,-7.96755013649315
132.676,-6.540000000000001,0.8955566265356892,-0.1213551565898595,-7.937431879878609
132.745,-6.8100000000000005,0.9153895421586001,-0.12948464741935656,-7.925728455085195
132.814,-6.609999999999999,0.934887102031291,-0.051104074329435915,-7.8278503221225835
132.883,-5.790000000000001,0.9538928956646976,0.42394575999903766,-7.333794694160703
132.952,-6.619999999999999,0.9724246707105404,0.1697163716596162,-7.569492307454282
133.021,-6.880000000000001,0.9906065776068856,-0.12130823369727184,-7.8423350059148245
133.09,-6.640000000000001,1.0083429975676153,0.04851971041617461,-7.654770641840649
133.125,-6.85,1.0171038115138982,0.09967034879123861,-7.594859189519302
133.159,-6.57,1.0255226444016268,0.1357618830691318,-7.550348822353681
133.194,-6.76,1.0341890900213486,0.17291493306108605,-7.504529326742004
133.228,-6.790000000000001,1.0423395922541399,0.17008971525777491,-7.499204042312524
133.263,-6.34,1.0506706245551816,0.15859682514822548,-7.502365900121031
133.297,-6.9399999999999995,1.0587636273619068,0.1474323033275219,-7.50543741913501
133.332,-7.130000000000001,1.0667836153725878,0.021115193932813876,-7.623734540519036
133.366,-7.220000000000001,1.074546133620811,-0.11205006087852026,-7.749137277082148
133.401,-7.460000000000001,1.0825271137561865,-0.24831819760367216,-7.877424433671925
133.435,-6.960000000000001,1.0899548179195493,-0.3538161826767315,-7.975494714581621
133.47,-7.790000000000001,1.0976009839700707,-0.4624170496637198,-8.076449415518088
133.504,-7.790000000000001,1.1049888272696036,-0.5373024292833338,-8.143946951838169
133.539,-7.619999999999999,1.112286210761613,-0.3780429985520781,-7.977390137614904
133.573,-7.960000000000001,1.119375097582427,-0.22333383727017964,-7.815592089512191
133.608,-7.08,1.1265918944031135,-0.05927353311755855,-7.644314988538883
133.642,-6.949999999999999,1.1333382878707998,0.1158393402049831,-7.462455721748656
133.677,-6.790000000000001,1.140283104675772,0.29610259215468415,-7.275247652993982
133.711,-6.59,1.146917608254441,0.3776086312097416,-7.187107110360255
133.746,-7.0,1.1535064117761595,0.260031955944936,-7.2980949821033425
133.78,-6.9,1.1599069637686852,0.1458146142591412,-7.405911771796612
133.815,-6.83,1.1663418578483014,0.060104679883949096,-7.485186812092188
133.849,-7.08,1.1723935484387278,0.018118617547993154,-7.521121183837717
133.884,-7.07,1.1786232299288735,-0.025102328974320628,-7.558112448869886
133.953,-6.220000000000001,1.1903565926724355,0.1971956588417463,-7.324081098310256
133.987,-6.359999999999999,1.1960567301032674,0.3524769528628972,-7.163099666858274
134.022,-6.34,1.2016955134510245,0.2790630342669824,-7.230874802106432
134.056,-6.609999999999999,1.2070417337793427,0.07384803178780869,-7.4307435842572875
134.091,-6.91,1.2125451958820195,-0.13740270605825325,-7.636490860000673
134.125,-7.050000000000001,1.2176296853929405,-0.19696473055937652,-7.6909683949908745
134.16,-7.109999999999999,1.2227667243512677,-0.20430129923647436,-7.693167924709646
134.194,-7.029999999999999,1.2277569907679275,-0.21142825166565407,-7.695304610722165
134.229,-6.869999999999999,1.2325889628700684,-0.12939026351039346,-7.608434650464764
134.263,-6.68,1.2372215646967122,-0.0317332527569159,-7.506145037884642
134.401,-7.02,1.2549472953608745,-0.11758028724528832,-7.574266341708852
134.47,-6.91,1.262889272913982,0.004515762963424536,-7.444228313947033
134.539,-6.82,1.2704173289940144,0.02899356424571182,-7.412222456584713
134.608,-6.960000000000001,1.277541977564356,-0.00971683065009495,-7.443808202910177
134.677,-6.84,1.2840184525134342,0.042331354030219086,-7.385283543280785
134.746,-6.84,1.2900059973194051,-0.0036388141160653975,-7.425266166621099
134.815,-6.960000000000001,1.2955897348750856,-0.05696854031699918,-7.473012155266352
134.884,-6.73,1.3005998405873247,0.03964035957313763,-7.371393149663977
134.987,-6.880000000000001,1.3071558348979309,-0.04345847058678802,-7.447935985513295
135.09,-6.699999999999999,1.3125896101049426,0.08587006249755709,-7.313173677221939
135.193,-6.9,1.3169046410703726,-0.011057370267597845,-7.405786079021664
135.296,-7.130000000000001,1.320105390830744,-0.1044436875742547,-7.495971646567949
135.398,-7.17,1.3221773928163527,0.026858202041397706,-7.362597754966688
135.501,-6.970000000000001,1.3231669180712222,0.41560857747432034,-6.972857854278896
135.604,-8.03,1.3230409093954028,-0.3703937169622589,-7.758986157391295
135.707,-7.73,1.32182849398283,0.018187285979568982,-7.37161756986204
135.81,-8.27,1.3195389097739043,-0.237488551399391,-7.629582991449926
135.913,-7.9399999999999995,1.3161822835127692,0.09616600433598144,-7.299285061975689
135.924,-8.12,1.3157278951303562,0.1143161473284634,-7.2815893073656195
135.935,-7.82,1.315273506747943,0.13246629032094537,-7.26389355275555
135.946,-8.05,1.31481911836553,0.15061643331342733,-7.246197798145482
135.958,-7.91,1.314323421948352,0.17041658930523437,-7.226893338570853
135.969,-8.06,1.3138690335659389,0.18856673229771634,-7.209197583960783
135.98,-8.21,1.313414645183526,0.2067168752901983,-7.191501829350715
135.991,-8.2,1.3129602568011116,0.22486701828272718,-7.1738060747406
136.002,-7.8100000000000005,1.312486125380432,0.233843038773688,-7.165304185670319
136.013,-7.98,1.3119231502875528,0.2015355080080645,-7.198174691528822
136.025,-7.800000000000001,1.3113089956407753,0.16629092899100548,-7.234033425192658
136.036,-8.26,1.310746020547896,0.13398339822538194,-7.266903931051161
136.047,-8.1,1.310183045455017,0.10167586745975843,-7.299774436909663
136.058,-8.290000000000001,1.3096200703621377,0.06936833669413492,-7.332644942768166
136.069,-8.31,1.3090570952692586,0.037060805928511395,-7.3655154486266685
136.08,-8.13,1.308494120176378,0.004753275162804402,-7.398385954485256
136.092,-8.15,1.3078799655296003,-0.030491303854254612,-7.434244688149093
136.103,-8.21,1.3072877203545932,-0.04448492551496162,-7.448830554984807
136.114,-8.06,1.3066174216272448,-0.009641456229571552,-7.414657384426765
136.125,-7.92,1.3059471228998965,0.02520201305581851,-7.380484213868724
136.136,-8.1,1.3052768241725483,0.06004548234120857,-7.346311043310681
136.147,-8.26,1.3046065254452,0.09488895162659863,-7.31213787275264
136.158,-8.44,1.3039362267178516,0.1297324209119887,-7.277964702194598
136.17,-7.85,1.3032049917425623,0.16774347831424877,-7.2406848797676275
136.181,-7.76,1.3025346930152122,0.20258694759972887,-7.206511709209497
136.192,-7.890000000000001,1.3018643942878638,0.23743041688511893,-7.172338538651456
136.203,-7.84,1.3011651917269296,0.25534746593802504,-7.155120692159484
136.214,-7.85,1.3003889122764332,0.22812739437129492,-7.18311704317671
136.225,-7.790000000000001,1.2996126328259365,0.20090732280456478,-7.211113394193937
136.237,-7.779999999999999,1.2987657825163035,0.17121269927721,-7.241654868030925
136.248,-7.720000000000001,1.297989503065807,0.14399262771047985,-7.269651219048152
136.259,-7.859999999999999,1.2972132236153104,0.1167725561437497,-7.2976475700653785
136.27,-7.92,1.296436944164812,0.08955248457694923,-7.325643921082677
136.281,-8.16,1.2956606647143154,0.06233241301021908,-7.353640272099905
136.292,-8.040000000000001,1.294884385263819,0.03511234144348893,-7.3816366231171315
136.304,-8.040000000000001,1.2939995131188946,-0.00022329453228388897,-7.417857131237828
136.315,-7.970000000000001,1.2931186736213465,-0.042956150332193785,-7.461470826535287
136.326,-8.05,1.2922378341237981,-0.08568900613210369,-7.505084521832744
136.337,-8.24,1.29135699462625,-0.12842186193201358,-7.548698217130203
136.348,-8.13,1.2904761551286996,-0.1711547177320339,-7.592311912427773
136.359,-7.99,1.2895953156311513,-0.2138875735319438,-7.635925607725231
136.37,-8.35,1.2887144761336031,-0.2566204293318537,-7.67953930302269
136.382,-8.22,1.2877535603180956,-0.30323809020450276,-7.727117879710846
136.393,-8.51,1.2868727208205475,-0.34597094600441264,-7.770731575008304
136.404,-8.24,1.285954403602161,-0.3708747977779613,-7.7965537440002395
136.415,-8.52,1.2849705003723078,-0.36457789250528283,-7.791240741957414
136.426,-8.33,1.2839865971424544,-0.3582809872326044,-7.785927739914589
136.437,-8.5,1.2830026939125985,-0.35198408195990966,-7.78061473787175
136.449,-8.34,1.2819293449345763,-0.34511473075334836,-7.774818735643211
136.46,-8.32,1.280945441704723,-0.3388178254806699,-7.769505733600386
136.476,-8.65,1.2795143097340274,-0.32965869053859365,-7.761777730629005
136.482,-8.12,1.2789776352450162,-0.326224014935313,-7.758879729514736
136.488,-8.32,1.2784409607560052,-0.32278933933203235,-7.755981728400466
136.504,-8.13,1.2769729218916064,-0.3073784839137912,-7.742038911846624
136.51,-8.4,1.2763808870620401,-0.2945662275962411,-7.729818690358639
136.516,-8.13,1.275788852232474,-0.281753971278691,-7.717598468870656
136.532,-8.540000000000001,1.2742100926869624,-0.24758795443185022,-7.685011211569327
136.543,-8.21,1.2731246954994249,-0.2240988178496851,-7.662607472174699
136.549,-8.06,1.2725326606698586,-0.211286561532135,-7.650387250686715
136.56,-7.970000000000001,1.271447263482321,-0.1877974249499699,-7.627983511292087
136.571,-8.08,1.2703618662947835,-0.16430828836780478,-7.60557977189746
136.582,-7.41,1.269276469107246,-0.1408191517856397,-7.583176032502832
136.588,-7.59,1.2686844342776797,-0.12800689546808958,-7.570955811014849
136.599,-7.960000000000001,1.2675990370901422,-0.10451775888592447,-7.548552071620221
136.612,-6.800000000000001,1.2662073644667116,0.008841999971733145,-7.436583985385994
136.633,-7.040000000000001,1.2639446142009971,0.2034846698801292,-7.244204065743313
136.654,-7.8100000000000005,1.2616818639352856,0.3981273397882618,-7.051824146100891
136.675,-6.949999999999999,1.2594191136695712,0.5927700096966579,-6.859444226458209
136.696,-6.890000000000001,1.2571563634038598,0.7874126796047906,-6.667064306815789
136.717,-6.869999999999999,1.254741937609181,0.6787442476519674,-6.77814716456329
136.738,-8.040000000000001,1.2522918234547495,0.49870849761466385,-6.9606330287550255
136.759,-7.92,1.249841709300318,0.3186727475773603,-7.14311889294676
136.78,-7.93,1.2473915951458832,0.1386369975398131,-7.325604757138742
136.801,-7.73,1.2449327204105836,-0.035322500379675756,-7.502023129793531
136.822,-7.93,1.2422986340579172,-0.08775695594000535,-7.557091671706527
136.843,-7.720000000000001,1.2396645477052546,-0.14019141150026398,-7.612160213619448
136.864,-7.77,1.2370304613525882,-0.19262586706059356,-7.667228755532444
136.885,-8.0,1.2343963749999256,-0.2450603226208522,-7.722297297445365
136.906,-8.06,1.231710729277221,-0.2728097290968657,-7.752732349644083
136.927,-7.59,1.2288961851294238,-0.2388465128620765,-7.721583677557091
136.948,-7.48,1.226081640981623,-0.20488329662724133,-7.690435005470056
136.969,-8.07,1.2232670968338262,-0.17092008039245213,-7.659286333383064
136.99,-7.98,1.2204525526860255,-0.13695686415761696,-7.62813766129603
137.011,-7.98,1.2175453857853349,-0.08285524554547843,-7.576943209584583
137.032,-7.699999999999999,1.2145540163820097,-0.01044598840838835,-7.507525321850817
137.053,-7.5600000000000005,1.2115626469786887,0.061963268728603735,-7.438107434117146
137.074,-7.699999999999999,1.2085712775753634,0.13437252586569381,-7.368689546383382
137.094,-7.74,1.205722354334106,0.20333372313900094,-7.302577272351332
137.115,-7.790000000000001,1.202607356915536,0.18700005393479632,-7.3220259389741065
137.136,-8.07,1.1994429082908722,0.1351692141941776,-7.377021227339389
137.157,-7.960000000000001,1.1962784596662042,0.08333837445348875,-7.4320165157047455
137.199,-8.11,1.1899495624168723,-0.02032330502781882,-7.5420070924353855
137.241,-8.1,1.1832902746830447,0.032802316989642734,-7.495540758151751
137.283,-8.040000000000001,1.1766229286447218,0.0897520195313332,-7.445258401648384
137.325,-8.05,1.169758837926664,0.016912139741439867,-7.5249623721563355
137.367,-8.44,1.1627609608263891,-0.14418465603416322,-7.693057045032213
137.409,-8.44,1.1556939948254357,-0.2727779753441337,-7.828717330343136
137.451,-8.15,1.148373702855327,-0.28219188094654507,-7.845451527915657
137.493,-8.48,1.141053410885218,-0.2916057865489564,-7.862185725488176
137.535,-8.08,1.133471360660507,-0.0931187742668117,-7.671280763430743
137.576,-7.52,1.1260187302581053,0.14123253597655835,-7.444382083589775
137.618,-7.91,1.1182533458390487,0.25515282272406314,-7.338227181261327
137.66,-7.880000000000001,1.110313318028759,0.2008772306561215,-7.400442801139558
137.702,-7.74,1.102359148657329,0.14636464155529919,-7.462909559611811
137.744,-7.890000000000001,1.094122148063101,0.08711211179688703,-7.530399089964451
137.786,-7.790000000000001,1.0858851474688727,0.027859582038474905,-7.597888620317091
137.828,-7.710000000000001,1.0774560399883457,0.004319824540076586,-7.629857485296016
137.87,-7.68,1.0689308790646694,-0.0013635468282967005,-7.644066017588067
138.54,-7.630000000000001,0.9180677622127066,0.059237525284373205,-7.734328062327359
138.582,-7.880000000000001,0.9077835231031837,-0.08844516961696776,-7.892294996338222
138.624,-8.21,0.8973775022428453,-0.19813510342037327,-8.012390951001967
138.666,-8.3,0.8868801450693953,-0.27933046640032727,-8.10408367115537
138.708,-8.2,0.876344060511051,-0.33424967136693845,-8.169538960680326
138.75,-8.42,0.8656433845669063,-0.27749520477700623,-8.12348517003454
138.792,-8.02,0.8549427086227616,-0.22074073818707401,-8.077431379388752
138.834,-8.25,0.8440854228951866,-0.1457751058900298,-8.013323032819283
138.876,-7.880000000000001,0.8331912878068046,-0.06652449342660001,-7.944966555444235
138.918,-7.83,0.8222184889208356,0.09293022420792492,-7.796484636695678
138.96,-7.720000000000001,0.811140804971417,0.3593237487372433,-7.5411687961157785
139.002,-7.1899999999999995,0.8000548544736321,0.602118658768226,-7.3094598365825805
139.043,-7.34,0.7890714606624539,0.3783978831189954,-7.5441640060429895
139.085,-8.06,0.7778201791973433,0.14922050318561073,-7.784592667441485
139.127,-7.33,0.7664637169108401,0.020666558760007007,-7.924503074153591
139.169,-7.84,0.7550488208346746,-0.05198547705024529,-8.00857000604001
139.211,-8.13,0.7435936936862434,-0.09805818363042365,-8.066097839768618
139.253,-8.05,0.7320251880614356,-0.06922550783517706,-8.04883366959818
139.404,-8.2,0.69006537478204,-0.023774845494096794,-8.045342820536495
139.554,-8.47,0.6476005655825554,-0.12759637537190416,-8.191629159613788
139.705,-8.48,0.6042721571380585,-0.12675216244618415,-8.234113355132564
139.855,-7.890000000000001,0.5606268907733427,0.23147060936339242,-7.919535849687703
140.006,-8.31,0.5162556332981036,-0.06751720226651846,-8.262894918792853
140.157,-8.16,0.47145275518611274,-0.021383009667833856,-8.26156360430616
140.307,-8.24,0.42665834602493113,-0.07253960143444192,-8.35751460523395
140.458,-8.15,0.38130785832164654,-0.004777939189746447,-8.335103430692538
140.608,-8.2,0.336111754820936,-0.007143407040176803,-8.382665002043678
140.759,-8.03,0.29052397453321116,0.0889660802852138,-8.332143295006015
140.91,-8.290000000000001,0.244930027234689,-0.09261812685060566,-8.559321449440356
141.06,-8.07,0.19970751593454808,-0.020098367192134408,-8.532024201082026
141.211,-8.19,0.1543146583166957,-0.13536111007384366,-8.692679801581587
141.362,-7.390000000000001,0.10914467936608108,0.25390189895536797,-8.34858677150299
141.512,-7.91,0.06453619664896766,-0.1736459036262178,-8.820743056801689
141.663,-7.9399999999999995,0.01999631153387122,-0.23664231841638195,-8.92827935670695
141.813,-7.199999999999999,-0.023859942714695683,0.27837037952558213,-8.457122913013553
141.964,-7.1899999999999995,-0.06750800928607847,0.296865121334906,-8.482276237775611
141.996,-7.369999999999999,-0.0767163531721012,0.2689230443872271,-8.519426658609314
142.028,-7.15,-0.08585657635543112,0.04643887335543122,-8.751051052824439
142.06,-7.42,-0.09498706800981424,-0.20383702540283646,-9.01045744323709
142.092,-8.19,-0.10411755966419735,-0.45411292416110416,-9.26986383364974
142.124,-8.33,-0.11318549447176043,-0.4714942501541278,-9.296313094450328
142.156,-8.22,-0.12223257699706094,-0.4112440518922747,-9.245109978713774
142.187,-8.22,-0.13099693819344457,-0.35287667232611286,-9.195506960343996
142.219,-8.09,-0.1399912770691488,-0.271525016093146,-9.123149642986734
142.251,-8.43,-0.1489495281846165,-0.17573552019564118,-9.036318398204696
142.283,-8.11,-0.1579077793000762,-0.07994602429822141,-8.949487153422735
142.315,-7.9399999999999995,-0.16682191320186446,0.01835749095676661,-8.860097772069537
142.347,-7.390000000000001,-0.17568604759481588,0.11951022815024227,-8.767809169269013
142.379,-7.619999999999999,-0.1845501819877594,0.2206629653436281,-8.67552056646857
142.411,-8.0,-0.19338019475710796,0.2784540240029391,-8.626559520578608
142.443,-7.470000000000001,-0.20214506624503287,0.25346369636966226,-8.660314719699809
142.475,-7.43,-0.21090993773294994,0.22847336873640758,-8.694069918820981
142.507,-8.31,-0.2196520005994255,0.19946328325019275,-8.731822067173672
142.539,-8.43,-0.22831260410357435,0.15609691971781636,-8.783849034210197
142.571,-8.28,-0.23697320760773088,0.11273055618540148,-8.835876001246769
142.602,-8.42,-0.24535634661658468,0.07317363509456709,-8.883816061346456
142.634,-8.61,-0.2539078199479876,0.0690751688609657,-8.89646600091146
142.666,-8.87,-0.2624592932793982,0.06497670262736067,-8.909115940476477
142.698,-8.51,-0.27101076661080875,0.06087823639375564,-8.921765880041493
142.73,-9.09,-0.27945550756187404,0.024903017175770165,-8.966185840210542
142.762,-8.68,-0.28789313302092434,-0.013197318907854623,-9.012723801753218
142.794,-8.72,-0.29633075847997464,-0.05129765499147941,-9.059261763295893
142.826,-8.76,-0.30467216795879176,-0.0798853989428396,-9.096190916726071
142.858,-8.51,-0.3129913737498718,-0.10627792932524527,-9.130902652899556
142.89,-8.68,-0.32131057954094444,-0.1326704597076275,-9.165614389073012
142.922,-9.05,-0.32954532985633755,-0.22668608297240392,-9.267864762653181
142.954,-8.98,-0.33774169131914566,-0.3514394757292385,-9.400814516872824
142.986,-9.11,-0.3459380527819465,-0.47619286848596226,-9.533764271092348
143.017,-9.08,-0.35381074502225296,-0.46247528556059025,-9.527919380407283
143.049,-8.85,-0.36187998568169594,-0.33391586484238395,-9.407429200348519
143.081,-8.62,-0.3699492263411317,-0.20535644412429177,-9.286939020289863
143.113,-8.51,-0.37796514741010945,-0.026719637066288143,-9.116318134300837
143.145,-8.59,-0.38590313984686897,0.22510719618064154,-8.872429293490667
143.177,-8.07,-0.39384113228362144,0.47693402942734753,-8.628540452680712
143.209,-7.4399999999999995,-0.40174109243807077,0.6337581824120823,-8.479616259850427
143.248,-7.800000000000001,-0.41125071416368775,0.5289938542961975,-8.593890209691928
143.287,-7.74,-0.42076033588931167,0.4242295261802364,-8.708164159533514
143.326,-7.83,-0.4301569768134108,0.23762656909671148,-8.904163757541138
143.365,-8.74,-0.4394971273367578,0.010104297529155957,-9.14102617963204
143.404,-8.26,-0.44881943660011425,-0.21793100099781207,-9.378383787422365
143.444,-8.22,-0.45822066556267843,-0.45641744656018973,-9.626271461947306
143.483,-9.040000000000001,-0.467386863801184,-0.6889417309836477,-9.867961944609272
143.522,-8.84,-0.4764525109907743,-0.510544242773529,-9.698630103588743
143.561,-8.83,-0.48544045964257815,-0.014616293891731124,-9.211690103358748
143.6,-7.82,-0.49442840829437545,0.4813116549897054,-8.724750103129109
143.639,-7.880000000000001,-0.503233993854081,0.3692742411966048,-8.845593102481915
143.678,-8.07,-0.51203957941378,0.2572368274035859,-8.966436101834633
143.717,-8.51,-0.5207639603398156,0.16358261471545574,-9.068814695448799
143.756,-8.68,-0.52938325291639,0.09371842698670659,-9.147298175754122
143.795,-8.74,-0.5380025454929643,0.02385423925795744,-9.225781656059445
143.834,-8.78,-0.5464561624899166,0.017751877177567786,-9.240337635136788
143.873,-9.01,-0.5548854154310349,0.021026254163165465,-9.245492511092309
143.913,-8.96,-0.5634662685249869,0.022324892087200347,-9.252774726262226
143.952,-8.78,-0.5717019178521913,0.019420176735367407,-9.263915090941262
143.991,-9.11,-0.5799375671794017,0.01651546138353235,-9.275055455620308
144.03,-9.37,-0.5880216890698777,-0.04092606327218201,-9.3405811021665
144.069,-9.44,-0.5960603527293356,-0.11472863071903497,-9.42242233327281
144.147,-9.49,-0.6118964293787019,-0.15929161293039454,-9.482821392133536
144.225,-9.41,-0.6274431217771362,-0.17622025032520566,-9.51529672192678
144.303,-9.5,-0.6426978098278866,-0.2702939941618214,-9.624625153814147
144.382,-9.24,-0.6577467398221917,-0.15405370684788333,-9.523433796494514
144.46,-9.26,-0.6722840758005184,0.074972818361499,-9.308944607263458
144.538,-8.4,-0.6865192913619057,0.4546296338377589,-8.943523007348585
144.616,-8.08,-0.7004502872525417,0.7005838238619191,-8.711499813215061
144.694,-9.14,-0.7140418386919841,-0.04615742324611319,-9.471832611762537
144.773,-9.26,-0.7274039592170831,-0.16019371388829168,-9.599231022929814
144.851,-9.48,-0.7402795740593657,-0.2093340503724706,-9.661246974256276
144.929,-9.56,-0.752841337616448,-0.21081182510947025,-9.675286512550358
145.15,-9.59,-0.7865161378353189,-0.05680856757937501,-9.554958055239132
145.23,-9.57,-0.7980349428416103,0.02322553509489132,-9.486442757571156
145.3,-9.36,-0.8078627474429971,0.16576404713597365,-9.353732050131462
145.38,-9.45,-0.8186329002301153,0.10039937134911876,-9.429866878705436
145.46,-9.26,-0.8290552897404581,0.046330966009163865,-9.494357673555733
145.54,-9.59,-0.8391290418799546,0.02500101694529262,-9.525761374759101
145.61,-9.36,-0.8476815889470717,0.030919475563613165,-9.528395463207898
145.69,-9.38,-0.8570557503184904,0.03240864213085333,-9.536280458012076
145.77,-9.5,-0.8660203973730242,-0.02081309132269302,-9.598466838520157
145.84,-9.5,-0.8735788419917062,-0.029157596468243587,-9.614369788284389
145.92,-9.51,-0.881898766100317,-0.03049517874461486,-9.624027294669371
146.0,-9.67,-0.8898666210935124,-0.12311302368261055,-9.724612994600562
146.07,-9.59,-0.8964275015804577,-0.02647151466279005,-9.634532366067686
146.15,-9.54,-0.9036320804536354,0.0345644039768456,-9.580701026301229
146.23,-9.57,-0.9104844726881591,0.03958518968495902,-9.582532632827638
146.31,-9.63,-0.9169848410130886,0.005989938929706046,-9.622628251907821
146.38,-9.61,-0.9223136376436077,0.0092464583855148,-9.624700529082531
146.46,-9.68,-0.9280525724855642,0.023021915262250486,-9.616664007047753
146.54,-9.56,-0.9334408986240014,-0.01846674849207817,-9.663540996940519
146.61,-9.81,-0.9378930759133692,-0.08569640939443836,-9.735222835132246
146.69,-9.74,-0.9425819527186394,-0.022909549589359514,-9.677124852132438
146.77,-9.82,-0.9468644881739996,0.00592337866380907,-9.652574459334629
146.85,-9.78,-0.950799802596187,-0.029663819459048477,-9.692096971879673
146.92,-10.1,-0.9539762013098045,-0.015918235060166947,-9.68152778619441
147.0,-9.85,-0.9572772685121533,0.21738644493148274,-9.45152417340511
147.08,-10.13,-0.9601197337197915,0.10067816519443096,-9.5710749183498
147.15,-10.12,-0.9623217300135363,0.07950004316976957,-9.594455036668204
147.23,-10.27,-0.9645377942408548,0.04293371060082036,-9.633237433464473
147.31,-10.43,-0.9664139120945323,-0.09716618574364552,-9.775213447662617
147.39,-10.78,-0.9678954158615913,-0.38608012090040394,-10.065608886586434
147.46,-10.55,-0.9688556740614698,-0.22051735027914354,-9.901006374165052
147.54,-10.08,-0.9696666052820896,-0.0072241451970234795,-9.688524100303551
147.62,-9.93,-0.9701446061046183,0.14390993525431883,-9.537868020674738
147.69,-9.64,-0.9702729658766986,0.2589594339583139,-9.422946881742824
147.77,-9.55,-0.9700361284704159,0.15226288553155115,-9.529406592763303
147.85,-9.79,-0.9694727771968922,0.02173835743788883,-9.659367769583442
147.92,-9.62,-0.9687294295830722,-0.07078490191624501,-9.751147681323756
148.0,-9.67,-0.9675720021934638,-0.12986358312724341,-9.809068935145145
148.08,-9.54,-0.9659873884883523,-0.04056684361997373,-9.718187581932764
148.16,-9.56,-0.9640853777170306,0.030791315284178614,-9.64492741225729
148.23,-9.46,-0.9621713899819704,0.023725646985031826,-9.650079092821377
148.31,-9.75,-0.9596926477214697,-0.070077156931514,-9.741403154477423
148.39,-9.8,-0.9568509226202684,-0.07840654767262614,-9.746890820117333
148.46,-9.95,-0.9540565521323174,0.09697294667467721,-9.568716955282078
148.54,-9.29,-0.9506013381006414,0.0958493541431938,-9.566385333781886
148.62,-10.21,-0.9468427553761417,-0.014020669766469407,-9.67249677496705
148.7,-9.65,-0.9427830892670073,0.2589234625433643,-9.395492976548082
148.77,-10.15,-0.9388837032630352,-0.07788376876211892,-9.728400821849593
148.85,-9.95,-0.934182254583444,-0.12911385258367522,-9.774929456991558
148.93,-9.65,-0.9291886161155718,-0.12614629454007859,-9.76696826048009
149.0,-9.88,-0.92460745393895,-0.336492361493542,-9.97273316525693
149.08,-9.34,-0.9189896140097336,0.01068711263657889,-9.619935851197592
149.16,-8.92,-0.9130888645369956,0.11757600499325664,-9.507146209368177
149.23,-9.06,-0.9077036464244053,0.18169630257505617,-9.437640693673789
149.31,-8.62,-0.9012905972605594,0.25946134104446433,-9.353462606040534
149.39,-9.03,-0.8945564506149698,-0.06527160958164334,-9.671461410021053
149.47,-8.75,-0.8875057760121235,-0.08484113704210024,-9.683980262878663
149.54,-9.23,-0.881118638501894,-0.0011238861568810623,-9.593875874483214
149.62,-8.69,-0.8735785028847021,0.055275853293264274,-9.529935999415876
149.7,-9.2,-0.8657750264918026,-0.16737188784282764,-9.744780264159068
149.77,-8.73,-0.8586444748666803,0.023697341643834854,-9.546580483047284
149.85,-9.54,-0.8502825985686135,0.002650822138490473,-9.559265126254562
149.93,-9.2,-0.8416675732010672,-0.08167894981126338,-9.63497987283677
150.01,-9.33,-0.8328021513716168,-0.03244365168384493,-9.5768791528799
150.08,-9.18,-0.8247928280760727,0.00834528539296505,-9.528080892507546
150.16,-9.48,-0.8153965666578846,0.019374800328672306,-9.507655116153652
150.24,-8.94,-0.8057603663850318,0.02714171316764585,-9.490252003041824
150.31,-9.14,-0.7971504980639089,0.038180452787494455,-9.470603395100852
150.39,-9.02,-0.7870428880991394,0.02829167898884732,-9.47038455893473
150.47,-9.13,-0.7766669207904783,-0.027670952554174212,-9.51597122316909
150.55,-8.87,-0.7660645120016705,-0.08680427683775967,-9.564502138663869
150.62,-9.13,-0.7566148470521347,-0.05974396324967983,-9.527992160126253
150.7,-8.74,-0.7456043663011066,0.19121367140552975,-9.266024044720016
150.78,-9.2,-0.734304465279452,-0.07306516879163077,-9.51900298389552
150.85,-8.92,-0.7242398005337709,-0.01648748301996964,-9.452360633378179
150.93,-9.0,-0.712552138922031,0.10001181646235056,-9.324173672284118
151.01,-9.13,-0.7006568946815942,0.07952202906651104,-9.332768215439522
151.08,-9.32,-0.6900403963158458,0.03651242416139887,-9.365161321978885
151.16,-9.24,-0.6777077693187533,0.07959212964403341,-9.309748989499159
151.24,-9.37,-0.6651786198596468,-0.04407222552704456,-9.42088419521113
151.32,-9.88,-0.6524559180367034,-0.27488666355998503,-9.638975931421127
151.39,-9.76,-0.6411568001926055,-0.2397107579332532,-9.592500907950297
151.47,-9.17,-0.6280264163572011,-0.04996730439732722,-9.389627070578968
151.55,-9.65,-0.6147136950082076,0.16412471434063267,-9.162222330492014
151.62,-8.7,-0.6029265987626422,0.18971784227352054,-9.124842106313562
151.7,-9.4,-0.5892870006448225,-0.24761773667067563,-9.548538087139937
151.78,-8.42,-0.5754173785611858,0.25807752562855774,-9.028973202757067
151.86,-9.4,-0.5613798038105319,0.11923215849550638,-9.153780995139465
151.93,-8.76,-0.5489662566927217,-0.06099295951204218,-9.321592566029203
152.01,-9.04,-0.5346284167772416,-0.05745497909818478,-9.303716745699864
152.09,-8.82,-0.5201053599046057,0.033923459989416704,-9.197815249739628
152.16,-9.2,-0.5072435591776224,-0.08741886040556619,-9.306295769407628
152.24,-8.98,-0.49241535377185036,-0.11050109572544303,-9.314549799321732
152.32,-8.9,-0.47743923739849314,-0.0007922802292440758,-9.189864867452176
152.39,-8.81,-0.4642084433093555,0.03969412095388818,-9.136147672179908
152.47,-9.12,-0.44892410237912,-0.07416805017759846,-9.234725502381156
152.58,-8.68,-0.4276955591506743,0.09827804647430533,-9.041050862500809
152.69,-8.79,-0.4062034489651536,0.058706120973508684,-9.059130677816084
152.8,-8.81,-0.3844581342093737,0.02592276288277279,-9.07016872115104
152.9,-8.85,-0.36446896480760904,-0.007847095655837518,-9.083949410287886
153.01,-8.87,-0.34224942800312075,-0.027140007502824866,-9.081022785330385
153.12,-9.05,-0.31980903667665234,-0.09903027226052274,-9.130472658761613
153.23,-8.67,-0.297158468487573,0.06551591105136884,-8.943275907260643
153.33,-9.0,-0.2763959794463248,-0.018369288346333175,-9.006398617617096
153.44,-8.82,-0.25337265984465046,-0.010841056254964669,-8.975847065924054
153.55,-8.93,-0.2301708777678265,0.00386723839872484,-8.93793698919354
153.66,-8.73,-0.2068016675170111,0.04589695126582249,-8.872538066075627
153.76,-8.87,-0.18541945141594554,0.034573481906383804,-8.862479319334
153.87,-8.74,-0.16176068994940487,0.024615942708160473,-8.848778097065683
153.98,-8.94,-0.1379673421921565,-0.0754088591686495,-8.925009551185246
154.09,-8.74,-0.11405085577483792,0.007044358204491671,-8.818639847394785
154.2,-8.93,-0.09002279215655967,-0.1796525167136496,-8.981308658694648
154.3,-8.61,-0.06808828101577694,0.12248032467073969,-8.657241306169476
154.41,-8.68,-0.04387313600032185,0.05156498253518205,-8.703941503289577
154.52,-8.78,-0.01958274821599107,0.009379336938853998,-8.721836761101576
154.63,-8.7,0.004770815862845978,0.047516888837168064,-8.659345645124425
154.73,-8.96,0.026954462977636772,-0.009996101314043613,-8.694674988160846
154.84,-8.87,0.05139499733652399,0.005881233879965225,-8.65435711860795
154.95,-9.08,0.07586268941942524,-0.05643500501287494,-8.692205665417887
155.06,-9.11,0.10034495389130355,-0.072062505408325,-8.68335090134146
155.16,-8.94,0.12260333325173205,-0.017528314113316516,-8.606558330686024
155.27,-8.96,0.1470776881356206,0.008227571015522744,-8.556328090673295
155.38,-8.72,0.17152903958332838,0.10261446984689135,-8.43748984039422
155.49,-8.74,0.1959442609486551,0.06080584147473353,-8.45488324740105
155.6,-8.88,0.22031008655721554,-0.09755864809137584,-8.588881911358598
155.7,-8.82,0.24240374597694783,-0.0376494977333067,-8.506879101580797
155.81,-8.71,0.2666293760851184,0.07622740190917418,-8.368776571830146
155.92,-8.89,0.2907639116227784,-0.025056167253326357,-8.445925605454988
156.03,-9.04,0.31479351784800513,-0.062319650124140334,-8.459159482100574
156.13,-8.94,0.3365372895382999,-0.0024261618053860083,-8.377522222091525
156.24,-9.15,0.36032672048421993,-0.005704432773174028,-8.357011062113392
156.35,-9.07,0.3839700264218515,0.049767339563365695,-8.277895983839223
156.46,-9.17,0.4074528637586697,0.06597839540213563,-8.238202090663634
156.57,-9.23,0.43076076752456743,0.03016581778515616,-8.250706764514716
156.67,-9.32,0.45178189340168806,-0.033442225011557476,-8.293293681434308
156.78,-9.33,0.47471337199696206,-0.07922031129650457,-8.31614028912398
156.89,-9.18,0.49742697900695154,-0.052812261787337555,-8.267018632604824
157.0,-9.19,0.5199078183967953,-0.1683810728877633,-8.360106604315407
157.1,-8.61,0.5401197093516925,0.2961918332356857,-7.875321807237061
157.21,-8.81,0.5620887830021637,-0.000267368816310893,-8.149811935638587
157.32,-8.86,0.5837786771571902,-0.07856362802655328,-8.206418300693802
157.43,-8.51,0.6051741462707884,0.05437077804930712,-8.052088425504342
157.53,-8.77,0.6243599219026698,0.03781921720134005,-8.049454210720429
157.64,-8.35,0.645148339055723,0.11974307977031645,-7.9467419309983995
157.75,-8.81,0.6655974327575066,-0.1021851912909127,-8.148221108357845
157.86,-8.92,0.6856917583310569,-0.2161881261749735,-8.242129717668355
157.97,-8.35,0.7054158446660755,-0.012038501933442166,-8.018256007091805
158.07,-8.33,0.723005047087543,0.03936531631200947,-7.949262986424886
158.18,-8.05,0.7419759230366596,0.11729052956406245,-7.852366897223717
158.29,-7.94,0.7605312891174812,0.13265306514743402,-7.818448995559524
158.4,-8.19,0.7786556797140705,-0.11549819087200625,-8.048475860982375
158.5,-7.97,0.7947265715027282,0.14451167649308072,-7.7723951018286295
158.61,-8.69,0.8119415739250008,-0.345567371768065,-8.245259147667504
158.72,-7.92,0.82867827663178,0.22978727583175584,-7.6531677973609025
158.83,-8.7,0.8449214333903464,0.012970720424052647,-7.85374119601004
158.93,-8.62,0.8592529516708775,-0.0034271441100796845,-7.855807542263641
159.04,-8.96,0.8745079690988263,-0.060151956007093194,-7.897277336732706
159.15,-9.01,0.8892254418481538,-0.03060878046049341,-7.853016688436779
159.26,-8.85,0.9033905616936715,0.058220609285843904,-7.750022178844923
159.37,-9.02,0.9169886703072313,0.0012147988633012883,-7.793429880653906
159.47,-9.03,0.9288352646295704,-0.06427737048134258,-7.847075455676211
159.58,-9.13,0.9413059819878057,-0.1012800380498126,-7.871607405886445
159.69,-8.86,0.9531678581613968,0.09288572242378616,-7.6655797692392555
159.8,-9.0,0.9644069837307709,0.024801685048460274,-7.722424681045208
159.9,-8.95,0.9740458002218114,0.12383414402786304,-7.613753405574764
160.01,-9.08,0.9839976319561987,0.043500869882614895,-7.684134847985625
160.12,-9.01,0.9932854790906861,0.06129037961251606,-7.657057491121236
160.23,-8.94,1.001896512620696,-0.010776358235184864,-7.720513195438928
160.34,-8.82,1.0098182107412714,-0.19338528879772113,-7.895200427880888
160.44,-8.71,1.0164141798437223,-0.23804893653316606,-7.933268106513882
160.55,-7.55,1.022980859028376,-0.08207852937145099,-7.7707310201675135
160.66,-7.6,1.028823533874465,-0.04816208964146459,-7.7309719055914385
160.77,-6.18,1.03393106556248,0.36120860470370375,-7.3164936795582545
160.87,-6.09,1.0379132250732692,0.36231229518756136,-7.311407829563608
160.98,-6.32,1.041581874557935,0.03951465929289474,-7.630536815973609
161.09,-6.51,1.044485173814893,-0.1725275446860594,-7.839675720695605
161.29,-6.51,1.0477138144701494,-0.10094332939567127,-7.7648628647499605
161.49,-6.68,1.0483042659286497,-0.16711257402754004,-7.830441657923329
161.7,-6.46,1.046063002178534,0.19023192036923087,-7.475338427276673
161.9,-6.76,1.0411019003248552,0.3528691815323464,-7.317662267967237
162.1,-8.09,1.0333753643582688,-0.259379553184633,-7.937637538650803
162.3,-8.68,1.0228550824789648,-0.24414301059468557,-7.932921277940159
162.5,-8.54,1.0095199255152987,0.1269492280326962,-7.575164196276444
162.71,-8.5,0.9924417963344883,0.09469344355811454,-7.624498109931836
162.91,-8.52,0.9733021039527515,-0.04367533706042301,-7.78200658293211
163.11,-8.35,0.9513307202596081,0.02022362410820763,-7.740079005456623
163.31,-8.46,0.9265386197832504,-0.12121492241627163,-7.90630965245746
163.52,-8.08,0.8974683672320369,0.10184022904863312,-7.7123247535437685
163.72,-8.27,0.8669647642161776,-0.09517230962680394,-7.939840895235065
163.92,-7.61,0.8337276324777395,0.23340032735738173,-7.644505389989318
164.12,-7.91,0.7978036854171953,-0.23068457095817954,-8.144514235365422
164.33,-7.04,0.7572370842359778,-0.004320458882651553,-7.958716724471112
164.53,-6.79,0.7159904201496835,-0.04738451038423237,-8.043027440058989
164.73,-6.47,0.6722563226239511,0.24927488075142237,-7.790102146449065
164.86,-6.89,0.6425256734237479,0.1376675799187735,-7.931440096481917
164.98,-8.07,0.6142336589851686,-0.25435918252482514,-8.351758873364094
165.11,-8.27,0.5826505488098521,-0.01777119232943016,-8.146753993344017
165.23,-9.11,0.5526131214480802,-0.13310014378955062,-8.29212037216591
165.36,-9.22,0.5192264228540243,0.06299322767339578,-8.12941369929702
165.48,-9.62,0.4876552598070422,0.06762957089734226,-8.156348519120055
165.61,-10.06,0.45263348533935516,-0.07370183236922753,-8.332701696854311
165.73,-9.91,0.41953843863286977,0.10515298265800026,-8.18694192853357
165.86,-10.2,0.3829602307162551,0.031266217426762395,-8.297406901681422
165.98,-10.18,0.3485586532781265,0.012532444525144177,-8.35054225202117
166.11,-10.21,0.3106065383521907,-0.03851326651869244,-8.43954007799094
166.23,-10.29,0.2749443798443309,-0.15948504737969982,-8.596174017359807
166.36,-10.33,0.23572670266826512,-0.10758163885187595,-8.58348828600805
166.49,-9.55,0.19595294532894436,0.4023633091114647,-8.11331709538403
166.61,-10.34,0.15873318145294107,-0.1199931406247888,-8.672893308996287
166.74,-10.03,0.1179112564252291,0.12317916929832487,-8.470542924100885
166.86,-10.51,0.07984607916382923,0.0034782394469915667,-8.628309031213618
166.99,-10.98,0.038232518019672784,-0.23107860690267068,-8.904479438707435
167.11,-11.02,-0.0005175173107759032,-0.1320776344327651,-8.84422850156798
167.24,-10.89,-0.042810607054009374,0.0774818257004361,-8.676962131178012
167.36,-10.84,-0.08207326780004143,0.13572795484714517,-8.657978662777335
167.49,-11.11,-0.12480691086071781,-0.013046329656638628,-8.849486590341796
167.57,-11.02,-0.1511998596220836,0.0016783167166720054,-8.86115489272985
167.65,-11.16,-0.1776373595655407,-0.0071171785559328475,-8.896387887945913
167.73,-11.11,-0.2041096093806243,-0.022010941920175373,-8.93775390112524
167.81,-11.11,-0.23060675515081297,-0.005166664706578552,-8.94740676968183
167.89,-11.07,-0.25711846494990304,0.002217684277044771,-8.966534130497298
167.98,-11.24,-0.28694073560230016,-0.0925475875511803,-9.091121672977918
168.06,-10.98,-0.3134313259869612,-0.03660953856509751,-9.061674214376497
168.14,-10.99,-0.3398940124284302,0.07979070087725543,-8.971736661375614
168.22,-10.67,-0.36631857272541224,0.1005816863761257,-8.977370236173725
168.3,-11.03,-0.3926947498756007,-0.19521529688699205,-9.299543396587032
168.38,-10.72,-0.41898577966854567,-0.011042718621302848,-9.141661848114287
168.46,-10.67,-0.44519739245573137,0.054768794388139405,-9.10206194789203
168.54,-10.51,-0.471319173137691,0.051063576665580895,-9.131888946296549
168.63,-10.59,-0.5005795390049599,-0.005020963815679874,-9.217233852645078
168.71,-10.62,-0.5264692677161973,-0.06613294127012971,-9.304235558810765
168.79,-10.5,-0.5522114939851217,0.01912702091012171,-9.244717822899439
168.87,-10.32,-0.5777878526871306,0.05385270784236204,-9.235568494669208
168.95,-10.59,-0.6032089107963433,-0.006567628716904142,-9.321409889337685
169.03,-10.51,-0.6284641662284338,-0.0503842987798736,-9.390481814832746
169.11,-10.4,-0.6535431196396279,0.02046908940938728,-9.344707380054679
169.19,-10.26,-0.6784010868884832,0.08481555371426644,-9.305218882998656
169.27,-10.35,-0.7030197415051451,0.011039468333981912,-9.403613622995602
169.36,-10.18,-0.7304564768423056,-0.005233887031432529,-9.447323713698177
169.44,-10.09,-0.7545889586882275,-0.10928303030460562,-9.575505338817273
169.52,-10.34,-0.7784798644429684,-0.18686874829224343,-9.676981962559651
169.6,-9.64,-0.8021188370883311,0.20225163522308598,-9.311500551689683
169.68,-9.94,-0.8254012999170581,-0.06769695115095768,-9.604731600892453
169.76,-9.58,-0.8484010318175541,-0.0021131060954721437,-9.562147487737464
169.84,-9.52,-0.8711078771674247,0.06412820709048403,-9.518613019901379
169.92,-9.62,-0.8935117235421263,0.04803831405664116,-9.557106759309924
170.01,-9.56,-0.9183091776558894,0.11651044961658831,-9.51343207786374
170.09,-9.71,-0.9399625851827719,0.10047541133655732,-9.551120523670653
170.17,-9.67,-0.9612160252404712,0.05005016662406839,-9.622799208440842
170.25,-10.35,-0.9821144457521865,-0.04498003897281436,-9.73872783454944
170.33,-10.15,-1.0026481881438525,-0.14082668597939962,-9.85510822394769
170.41,-10.46,-1.0228076586652262,-0.1851391816027119,-9.919580190092375
170.49,-10.49,-1.0425166348090908,-0.1370319875214825,-9.891181972155012
170.57,-10.12,-1.061758755801813,0.023543176785157157,-9.749848928841095
170.65,-10.51,-1.0805892206703192,0.0533691489680231,-9.738853421526734
170.74,-10.24,-1.1012556409925427,0.061943663032745684,-9.750945327784235
170.82,-10.28,-1.119162190527619,0.09655061942566705,-9.734244920926391
170.9,-10.48,-1.1366279442962843,-0.03495734498470954,-9.883218639105433
170.98,-10.01,-1.1534886110318852,0.21152515534912816,-9.653596805507195
171.06,-10.98,-1.1698827284775497,0.07950761333078644,-9.802008464971202
171.14,-10.4,-1.1858020066123094,-0.17857745154205004,-10.076012807978799
171.22,-11.4,-1.2012382595136,-0.23932344648357937,-10.152195055821618
171.3,-10.63,-1.216183405357221,0.2916502945801206,-9.636166460601538
171.38,-11.48,-1.230458012025779,-0.1760366262832497,-10.118127988133468
171.47,-10.89,-1.2459168539139316,0.0006362817524154338,-9.956913921985954
171.55,-11.3,-1.259067749922597,0.127776750093502,-9.842924349653535
171.63,-11.03,-1.271687802282819,0.04050587992774436,-9.942815272179514
171.71,-11.56,-1.2837699105763845,-0.13756879067976155,-10.132972051080584
171.79,-11.21,-1.2952143365943232,0.09142172390751381,-9.915425962511248
171.87,-11.58,-1.3060094354765406,-0.010857547470763286,-10.028500332771742
171.95,-11.31,-1.316239983177074,-0.03505544753225358,-10.062928780533767
172.03,-11.52,-1.3258997969367758,0.03951398968133838,-9.998019157079877
172.12,-11.26,-1.3360330353619376,0.094654244134136,-9.95301214105224
172.2,-11.55,-1.3444346566571488,-0.08300087648136396,-10.13906888296295
172.28,-11.47,-1.3520464285687948,-0.0400548531283762,-10.10373463152161
172.36,-11.57,-1.3590579387077308,-0.00890405716166282,-10.079595345693832
172.44,-11.32,-1.3654642391224139,-0.0003500467546499015,-10.077447635701501
172.52,-11.46,-1.3712605360274766,-0.022808273841055986,-10.10570215969297
172.6,-11.45,-1.376442189803713,-0.08230808411487724,-10.170383623743028
172.68,-11.16,-1.3807956692616292,0.052055307308768436,-10.040373711777299
172.76,-11.39,-1.384522011128015,0.07960236526019877,-10.016552995692255
172.85,-10.85,-1.387951756512158,-0.04393174554164295,-10.14351685187824
172.93,-11.57,-1.39030667469906,-0.019770070417986858,-10.121710094941486
173.01,-10.6,-1.3920231651442485,0.2553988425088893,-9.848257672459798
173.09,-11.27,-1.3929904336971874,-0.22502625032034612,-10.329650033841972
173.17,-10.8,-1.3932038108029972,-0.08910248356069009,-10.193939644188127
173.25,-10.83,-1.3927680926188015,0.05689017912917962,-10.047511263314062
173.33,-10.4,-1.3916812199225004,0.04036585836932513,-10.062948711377615
173.41,-10.74,-1.3899413097360025,-0.11374236760135562,-10.215317027161797
173.5,-10.29,-1.3871241459814947,0.14834812083729423,-9.95040937496864
173.58,-10.48,-1.3837440706148465,-0.02171408723178312,-10.11709150767107
173.66,-10.18,-1.379705701677532,-0.049515173416597946,-10.14085422491857
173.74,-10.44,-1.375008506227224,-0.016848656554041545,-10.103490512605704
173.82,-10.14,-1.3696521349446338,0.02964616067579193,-10.05163932409328
173.9,-10.15,-1.3636364221334982,0.07848419174952725,-9.99678558020841
173.98,-10.34,-1.356741995149995,-0.0103528552602481,-10.078728200234682
174.06,-10.13,-1.3491893959556491,0.01947221996447611,-10.041350525815613
174.14,-10.37,-1.3409795735559675,0.06876006817586953,-9.983852855204537
174.21,-10.26,-1.3333037483723809,0.04546348910093485,-9.999473609095883
174.29,-10.88,-1.3237830761121598,-0.31608862621716255,-10.351505052153762
174.37,-10.19,-1.3135014878801599,-0.010776023537717361,-10.035910861242316
174.44,-10.58,-1.3039772506042728,0.12554014188669171,-9.89007045854202
174.52,-10.41,-1.2925063538327346,0.0730190464833953,-9.931120657173778
174.6,-10.67,-1.2803900367461378,-0.053659598004946185,-10.045682984575523
174.67,-10.52,-1.2690402208441924,-0.002764989594381,-9.983438560263012
174.75,-10.89,-1.2555386971134492,0.0307852671279442,-9.936386779809943
174.83,-10.59,-1.2414034930687234,-0.003320016356659266,-9.956356859249821
174.9,-10.93,-1.2285750897674854,-0.11028833509557294,-10.050496774687497
174.98,-10.82,-1.213080645015064,-0.017377246738500995,-9.942091241578003
175.06,-11.12,-1.1969676354017922,0.037440555095450585,-9.87116043013078
175.13,-10.78,-1.1823825805835968,0.05741427027031959,-9.836601660137717
175.21,-11.04,-1.1651473802888548,0.05408696745348361,-9.82269376265981
175.29,-11.07,-1.1472076208019193,0.04774623181034936,-9.811094738816008
175.37,-11.14,-1.1285728169394464,0.01333271226271269,-9.826873454501172
175.44,-11.2,-1.1117891157261428,-0.056455954513217124,-9.879878420063799
175.52,-11.35,-1.0920796823946262,-0.1354837038366897,-9.939196736055756
175.6,-11.27,-1.0717924405371437,-0.11931651428357101,-9.902742304645153
175.67,-10.91,-1.0533784017063672,-0.004568872989025148,-9.769580624519831
175.75,-11.31,-1.0318690170523244,-0.01591060559165607,-9.75941297246842
175.83,-11.01,-1.0098073253926425,0.05933714435818929,-9.662103530858893
175.9,-10.61,-0.9901045702153755,0.37612691160848577,-9.325611008431329
175.98,-11.01,-0.9668730774374045,0.021865448682333758,-9.65664097857951
176.06,-10.96,-0.9431178976349609,-0.058273056269110016,-9.71302430372851
176.13,-10.91,-0.9219237086262125,-0.08930176294664291,-9.722858821397296
176.21,-11.01,-0.8972291143121539,-0.13758143738560288,-9.746443901522197
176.29,-10.53,-0.8719529612863994,0.16025129256897883,-9.42333501854186
176.36,-10.71,-0.8493511825195778,0.0873107800827136,-9.473673752261304
176.44,-10.59,-0.8231139452457703,-0.053538579555642486,-9.588285874625852
176.52,-10.75,-0.7964101288423404,-0.12743752943994408,-9.635481008106723
176.59,-10.42,-0.7726443583827868,-0.03221832899084857,-9.516496037198074
176.67,-10.71,-0.744967417154336,-0.08572622814648988,-9.542326995125265
176.75,-10.0,-0.7168607793124059,-0.055629226212032236,-9.484123355348878
176.83,-10.4,-0.6883347735821248,0.09824844119355268,-9.30171968221301
176.9,-9.91,-0.6630744173465033,0.31995935188254765,-9.054748415288394
176.98,-10.53,-0.6336780433916666,-0.09226486090375093,-9.437576254119856
177.06,-10.27,-0.6039025513295763,-0.007929736879316102,-9.323465638033332
177.09,-10.23,-0.5926893520428884,0.08576585173122522,-9.218556850136103
177.12,-10.29,-0.5813553878447333,0.1182324859544867,-9.174756251714685
177.15,-10.45,-0.5699610411908446,0.12008464298415174,-9.161509748031131
177.19,-10.41,-0.5547685789856632,0.1225541856903712,-9.14384774311973
177.22,-10.31,-0.5432592024895624,0.09053877129845465,-9.164353781015546
177.25,-10.62,-0.5316923110723554,0.04158957119577139,-9.201736089701022
177.28,-10.5,-0.5201254196551485,-0.007359628906911874,-9.2391183983865
177.31,-10.76,-0.5085039422394545,-0.05588459283184258,-9.276021884895735
177.35,-10.86,-0.4928630763559007,-0.11945324825772669,-9.323949674438065
177.38,-10.64,-0.4811324269432325,-0.16712973982715104,-9.359895516594822
177.41,-11.07,-0.46935017952482827,-0.1782190684073686,-9.359202597756635
177.44,-10.51,-0.45746473609495186,-0.11613407100906845,-9.285232156928458
177.48,-11.04,-0.4416174781884537,-0.0333540744780212,-9.186604902490915
177.51,-10.59,-0.4296834814331218,0.007469270566674401,-9.133847560690887
177.54,-10.57,-0.41765237802687877,0.005769310904100583,-9.123516416947217
177.57,-10.36,-0.4056212746206358,0.004069351241526765,-9.113185273203548
177.6,-10.67,-0.39359017121439277,0.0023693915789529466,-9.102854129459878
177.64,-10.43,-0.37736688239436544,0.03633807594243122,-9.052662156276373
177.67,-10.27,-0.36519941577934206,0.06181458921504596,-9.015018176388736
177.7,-10.41,-0.3530319491643187,0.08729110248766071,-8.977374196501097
177.73,-10.36,-0.34073757131730104,0.030680004567804876,-9.021690916573936
177.77,-10.25,-0.3243450675212697,-0.044801459325371995,-9.08077987667108
177.8,-10.34,-0.31205068967425204,-0.10141255724522784,-9.12509659674392
177.83,-10.16,-0.29963900008851846,-0.053553432021209546,-9.064825781934168
177.86,-10.23,-0.2872273105027848,-0.005694306797191249,-9.004554967124415
177.9,-9.87,-0.27067839105514396,0.058117860168151375,-8.924193880711432
177.93,-10.36,-0.258159128879399,-0.019181764573384694,-8.988974243277223
177.96,-9.77,-0.2456398667036541,-0.09648138931492076,-9.053754605843015
177.99,-9.92,-0.23312060452790917,-0.17378101405645682,-9.118534968408806
178.02,-9.58,-0.22053620781320912,-0.17564275503586935,-9.107812312673518
178.06,-9.68,-0.20371358916764307,-0.1278331538337531,-9.043180092825835
178.09,-9.47,-0.1910966251834655,-0.09197595293215743,-8.994705927940062
178.12,-9.25,-0.17842118948539462,-0.04940033520903511,-8.939454874518868
178.15,-9.14,-0.1657165179303771,-0.003465509075154242,-8.88081537682997
178.19,-9.1,-0.14877695585702438,0.057780925770005744,-8.802629379911457
178.22,-8.84,-0.13602055216792863,0.14345784972672343,-8.704196052265644
178.25,-8.98,-0.12323828241179383,0.24900582259483128,-8.585865809641401
178.28,-8.52,-0.110456012655659,0.35455379546293914,-8.467535567017158
178.31,-8.49,-0.0976512821786178,0.40822664608502923,-8.401057985918028
178.35,-8.48,-0.08051841295348311,0.3414567875915877,-8.450694975186334
178.38,-8.43,-0.06766876103462906,0.29137939372149474,-8.487922717137572
178.41,-8.62,-0.05480008643211356,0.23788352106284008,-8.528549915193711
178.44,-8.63,-0.04189336646227514,0.17755069082705233,-8.575976025459662
178.48,-8.56,-0.02468440650249466,0.09710691717935437,-8.639210839147578
178.51,-8.71,-0.011762131670849324,0.010793832534419335,-8.712601648960868
178.54,-8.68,0.0011912528844098963,-0.12747976092888402,-8.837921857868913
178.57,-8.93,0.014144637439669117,-0.2657533543921874,-8.963242066776957
178.61,-9.01,0.03142787704726254,-0.3947163438616614,-9.074921816638838
178.64,-8.81,0.04441744220422823,-0.3667845318802527,-9.034000439500463
178.67,-8.8,0.057407007361206235,-0.33885271989881743,-8.993079062362051
178.7,-8.7,0.07039657251818424,-0.31092090791738225,-8.952157685223638
178.73,-8.73,0.0834117627188595,-0.342965848624274,-8.971187435729854
178.77,-8.27,0.1007653496531014,-0.38569243623348315,-8.99656043640482
178.8,-8.54,0.11378053985377665,-0.4177373769403749,-9.015590186911037
178.83,-8.06,0.12681073700957238,-0.2999289004604014,-8.884751513275269
178.86,-8.22,0.1398409341653681,-0.18212042398042785,-8.753912839639499
178.9,-7.84,0.15721453037309163,-0.02504245534050034,-8.579461274791848
178.93,-7.48,0.17024906300020579,0.15779058195189952,-8.383593704872334
179.02,-6.78,0.20934840742209695,0.538214282868643,-7.964070659533698
179.12,-6.98,0.25276416172639626,0.26482721628100575,-8.194041971817036
179.21,-7.3,0.29178792457327346,-0.07536838434769523,-8.49521380959886
179.31,-7.1,0.3350520745904452,0.025757768365551877,-8.35082350686844
179.4,-7.5,0.3738853223645627,-0.2276843966624309,-8.565432424122307
179.5,-7.44,0.41686838278665705,-0.0082434327661398,-8.303008399803922
179.59,-7.7,0.45537225589636626,-0.09491659183817944,-8.351177685766253
179.69,-7.83,0.49794110517175194,-0.07564353138527748,-8.289335776037966
179.78,-7.9,0.5360135091802165,-0.0195836327838714,-8.195203473428094
179.88,-7.83,0.5780390188759362,0.08387261727076639,-8.049721713677737
179.98,-7.87,0.6197274612032686,0.07837977974887865,-8.013526108872291
180.07,-7.98,0.6569193463668795,0.007649018227047396,-8.047064985230511
180.17,-7.97,0.6978688551608118,-0.014254693238641586,-8.028019187902268
180.26,-7.9,0.7343414204107381,-0.004928348367711322,-7.982220277781411
180.36,-7.93,0.7744256880710306,-0.003370560204838326,-7.940578221958247
180.45,-7.87,0.8100674472807663,-0.0015172383395517296,-7.903083140883225
180.55,-7.92,0.8491619997588059,-0.01516508294245538,-7.877636433008088
180.64,-7.96,0.8838632653468457,0.0135713019838488,-7.814198782493745
180.74,-7.77,0.9218458639824758,0.06255684120842943,-7.727230644633534
180.83,-7.99,0.9554990965256599,-0.02669045628493542,-7.782824709583714
180.93,-8.18,0.9922501350287047,-0.07628441143930076,-7.795667626235034
181.02,-7.73,1.0247502880851487,0.07049274781654893,-7.616390313922741
181.12,-8.18,1.0601531833209366,-0.10636234834751188,-7.757842514851014
181.21,-7.77,1.091398042319606,0.07625358834835493,-7.543981719156478
181.31,-7.85,1.1253396175737163,0.01816461109840049,-7.568129121152322
181.4,-7.69,1.155230131643108,0.10534395696706342,-7.451059261214267
181.5,-7.82,1.1876009910612124,-0.07995305053040394,-7.60398540929363
181.59,-7.68,1.2159517383636709,-0.009595790727424352,-7.5052774021881925
181.69,-7.8,1.246643843774311,-0.10350421243866764,-7.568493718488796
181.78,-7.49,1.2734446994479434,0.05811096396485437,-7.380077686411641
181.88,-7.66,1.302357585750699,-0.013495124628291603,-7.422770888702031
181.97,-7.65,1.3275214840201364,0.003863909392367535,-7.380247956411935
182.07,-7.47,1.3545595550569933,0.08974814185082201,-7.2673256529166235
182.16,-7.6,1.3780038783453283,0.06015717180892307,-7.273472299670187
182.26,-7.65,1.4030767315437127,0.010281616411709786,-7.298275001869016
182.35,-7.62,1.424723587753786,-0.1123868730834651,-7.399296635154117
182.45,-8.07,1.447746323696742,-0.1693845334918525,-7.433271559619549
182.55,-7.3,1.469657865949681,0.031750899343668905,-7.210224584531089
182.64,-7.37,1.4884163257831757,0.13312902179855315,-7.09008800224271
182.74,-7.38,1.508159338367804,0.05460192219470401,-7.148872089261931
182.83,-7.34,1.5249460433655357,0.018833646496079274,-7.167853659962824
182.93,-7.34,1.5424508175479472,-0.014912315752288265,-7.18409484802878
183.02,-7.32,1.5572065853579158,-0.038462176846286576,-7.19288894131281
183.12,-7.34,1.572409872672191,-0.03679916861741216,-7.17602264576966
183.21,-7.13,1.5850813209035788,0.08591519021708,-7.04063683870378
183.31,-7.21,1.5979265616715839,0.006713103640309451,-7.106993684512545
183.4,-7.35,1.6084662994654624,-0.14809790224977062,-7.2512649526087465
183.5,-7.11,1.6189038309776271,0.0630040645352935,-7.029725454311518
183.59,-7.06,1.627141055759568,0.07373397002250286,-7.010758324042368
183.69,-7.13,1.6351273358289449,-0.024261824311324582,-7.100767838306818
183.78,-7.31,1.6411540453763376,-0.14369663451532924,-7.214175938963431
183.88,-7.11,1.646654180655608,-0.024241299431093714,-7.089220468599925
183.97,-7.02,1.6504428032603837,0.0725132393720661,-6.988677307191989
184.07,-7.05,1.6534293035275531,0.15769893304334562,-6.90050511325354
184.16,-6.86,1.654958856493191,0.18989718656264512,-6.866777306768602
184.26,-7.27,1.6554117515294386,-0.07698915784244864,-7.133210756137449
184.35,-7.82,1.6546679327376204,-0.25679597971344215,-7.313761396800261
184.45,-7.23,1.6525748657538246,-0.12162430443252055,-7.180682788503134
184.52,-7.24,1.6503714802702136,0.024218399293826968,-7.0370434702603974
184.59,-7.15,1.647496735881945,0.06544930275039333,-6.998687311192101
184.66,-7.01,1.6438166039041227,0.07455067545901331,-6.993266070461303
184.73,-7.1,1.639600010173857,0.0439658328437679,-7.0280675068068135
184.8,-7.11,1.6348471091269,-0.03239406781489241,-7.109180308512431
184.87,-6.93,1.6291575494777217,0.02487197833391116,-7.057603822012806
184.94,-7.06,1.6229342862576788,0.07139620138498719,-7.017302862181773
185.01,-6.89,1.6161778158652003,0.09490640722406272,-7.000549126735176
185.08,-6.9,1.6086237685069966,0.0286707137308086,-7.074338867586634
185.15,-7.31,1.6004081242446253,0.0003481947826800089,-7.110877030797133
185.22,-6.96,1.5916646495028934,-0.02720340624060282,-7.147172106562148
185.29,-7.17,1.5822631954669304,-0.0907408869967961,-7.220111041354305
185.36,-7.23,1.572077185410323,-0.18583744973702254,-7.325393614151139
185.42,-7.4,1.5629746195664673,-0.14216434432096361,-7.2908230745789355
185.49,-6.73,1.5517491778997101,0.21140434411071338,-6.948479827814015
185.56,-7.56,1.5397512396268835,0.05490612380289536,-7.116975986394659
185.63,-6.92,1.5272418197859094,-0.037901644846723495,-7.222293174885253
185.7,-7.04,1.5142220904331993,0.06755939065651376,-7.129851868734725
185.77,-7.11,1.500318296302135,-0.04003357707015612,-7.251348630592459
185.84,-7.3,1.4859148896986993,-0.015657286320123864,-7.241375746445863
185.91,-6.97,1.471013370902222,0.0960959855971457,-7.144523993325071
185.98,-6.91,1.455371435073191,0.13824948137266962,-7.118012433378578
186.05,-7.09,1.4391205230438058,0.0260339072660726,-7.24647891951456
186.12,-7.26,1.42238585747622,-0.08532914703935449,-7.374576639387573
186.19,-7.13,1.4050507842634647,-0.040191831959984714,-7.346774397520959
186.26,-7.19,1.3870061329971848,-0.06778162046046854,-7.392408837287722
186.33,-7.16,1.3684941954874807,-0.07010498461041455,-7.413244138947372
186.4,-7.07,1.3495168936651234,-0.022578204386332144,-7.384694660545647
186.47,-7.04,1.3297393712385948,-0.05617720280370527,-7.4380711813895495
186.54,-7.13,1.3095130766239473,0.01965171906390031,-7.382468554136591
186.61,-6.77,1.2888402326600221,0.13670832458964108,-7.286084792574775
186.68,-7.05,1.267507567447024,0.008705390781803806,-7.435420391595612
186.75,-6.85,1.245636649839404,0.04107371305052054,-7.424922986934514
186.82,-6.88,1.223339959846111,0.0749714684108599,-7.4133219215674675
186.89,-7.06,1.2005170912832546,-0.04767844957629374,-7.558794708117477
186.96,-7.28,1.1770778555933372,0.07403592575138986,-7.460519568479712
187.03,-6.66,1.1532355052676062,0.05658136397577388,-7.501816480581058
187.1,-7.37,1.128992639233456,-0.20073495689639673,-7.7833756674873795
187.17,-7.25,1.1040676859100063,-0.12982251087428923,-7.737388174788721
187.24,-7.47,1.0787640670337986,-0.030529418245416988,-7.663398701036058
187.31,-7.2,1.0530846417549031,0.06458030324192059,-7.593968404827614
187.38,-7.33,1.026854373047186,0.006876888149948273,-7.677902088627304
187.45,-7.49,1.0001797746441699,-0.019548323268030417,-7.731001898448299
187.52,-7.42,0.9731557545346252,-0.011143990127960919,-7.749621585417774
187.59,-7.37,0.9457025098540967,0.05305600073318095,-7.712874839237161
187.66,-7.48,0.9177527852136116,0.12824428888253897,-7.665636275728288
187.73,-7.18,0.8894815926815612,0.09638420813333164,-7.7257675490095465
187.8,-7.59,0.8608921051740692,-0.08064887498915713,-7.931390119639527
187.87,-7.55,0.8317683160532384,-0.10673611142691787,-7.986601145198119
187.93,-7.75,0.8065860246256265,-0.05609023245031515,-7.961137557649128
188.0,-7.46,0.776951133748704,0.08817072159950258,-7.846511494476232
188.07,-7.65,0.7468288068718768,-0.03377654848183922,-7.998581091434401
188.14,-7.64,0.7164417233438376,-0.08887261037582085,-8.084064236856422
188.21,-7.67,0.6857933885584385,-0.0773744627336743,-8.103214423999676
188.28,-7.52,0.6547689511594222,0.032858505281829195,-8.024005893383187
188.35,-7.56,0.623448911381453,0.08547742366065555,-8.002707014782331
188.42,-7.52,0.5918996260915622,0.07987619043497121,-8.039857533297905
188.49,-7.76,0.5600728294008075,-0.013661372165401581,-8.165221892589033
188.56,-7.56,0.5279350393305042,-0.031847765310592815,-8.215546075804527
188.63,-8.03,0.49560107676667403,0.03751901878744933,-8.178513254270316
188.7,-7.69,0.4630746605180434,0.20687866821976292,-8.041680021086632
188.77,-8.3,0.4302378012998456,-0.006251914227583244,-8.287647462752176
188.84,-7.83,0.39723877353105636,-0.11523259016022522,-8.429627166453606
188.91,-8.3,0.364081423277901,-0.12832867927274916,-8.475880605819286
188.98,-8.11,0.33070389659627086,-0.03479182678035376,-8.41572128000852
189.05,-8.3,0.2971622996240353,0.002437508878966288,-8.412033541321437
189.12,-8.13,0.2634972757496107,-0.002872195854661369,-8.45100826992949
189.19,-8.3,0.22968775491027135,-0.05822198473747137,-8.540167579651639
189.26,-8.06,0.1957285016571138,0.03322683504151978,-8.482678013125806
189.33,-8.11,0.16168133668018903,0.09842735273332386,-8.451524660410927
189.4,-8.07,0.12755022994134418,0.09600822127285977,-8.488074898610234
189.47,-8.31,0.09330017299342448,0.03647837641243336,-8.581854800418581
189.54,-7.89,0.058998191471695424,-0.00542348178997976,-8.658058640142723
189.61,-8.19,0.024648312889205593,-0.0409862328409425,-8.727971269776175
189.68,-8.29,-0.009755287475608936,-0.1178402809441022,-8.83922891824415
189.75,-8.1,-0.04418345676223505,-0.02050400693826385,-8.776320813524938
189.82,-7.93,-0.0786231837271826,0.07446653194646702,-8.715790001605155
189.89,-8.07,-0.11306723596612223,-0.010667589080575607,-8.835368174871135
189.96,-8.17,-0.1474921536105277,-0.09589026482066626,-8.955015768255633
190.03,-8.21,-0.18189214652168897,-0.0541566978594716,-8.9476821942056
190.1,-7.88,-0.2162631585873318,0.15687153819513142,-8.771024970216638
190.17,-8.08,-0.25055507196518856,0.06771626203712221,-8.894472159752505
190.24,-7.88,-0.28478558761288514,0.03212329795930509,-8.964295639478019
190.31,-7.98,-0.3189506643589966,0.026454859090204334,-9.004129155093231
190.38,-8.02,-0.3529993974814639,-0.04069683288755821,-9.105329580193462
190.45,-8.02,-0.38693103127900924,0.014314792977638798,-9.08424958812581
190.52,-7.71,-0.42076095782123185,0.044647647249971,-9.0877466603957
190.59,-7.95,-0.4544537155500218,-0.10887974530291335,-9.274966810677375
190.66,-7.63,-0.487957900143399,-0.09810243485010497,-9.297693684817943
190.73,-7.74,-0.5213244507256367,-0.019540850299872896,-9.252498650849947
190.8,-7.31,-0.5545493944342379,0.11288761015684573,-9.15329513410183
190.87,-7.32,-0.5874988955492537,0.013330243561615806,-9.285802001812076
190.94,-7.13,-0.6202753281074518,0.04086500762066007,-9.29104367031123
191.01,-6.81,-0.6528748063011244,0.1314550064153765,-9.233053149710187
191.08,-6.83,-0.6851913668133367,0.028461825679531788,-9.368362890958243
191.15,-6.85,-0.7172529121817941,-0.13430137068821996,-9.563187632694452
191.22,-7.08,-0.7491028233360926,-0.2212752422572945,-9.682011415417826
191.29,-6.79,-0.7806786640987354,-0.0590057861980078,-9.551317800121183
191.36,-6.95,-0.8119030079285995,-0.039664334674455154,-9.563200692427493
191.43,-7.04,-0.8428818508691548,-0.011272485791452392,-9.565787686485047
191.5,-7.25,-0.873611469720158,0.06094833835659788,-9.524296481188
191.57,-7.26,-0.9038792252116,0.029625464800381505,-9.585887110235657
191.64,-8.54,-0.9338685685548074,0.2664878334988701,-9.379014084880376
191.7,-7.82,-0.9593947407536947,0.6419175195471196,-9.029110571031014
191.77,-8.12,-0.988663080923999,0.43985307927237327,-9.260443351476065
191.84,-9.71,-1.0176247009224793,-0.13865795809775266,-9.86791600884467
191.91,-10.86,-1.0462761523838182,-0.8187475575658751,-10.576657059774131
191.98,-10.64,-1.074446833395464,-0.4142988426909701,-10.200379025910873
192.05,-10.76,-1.1021999508489635,-0.20636399269799538,-10.020197293371398
192.12,-10.93,-1.1296123827925937,-0.05891650454703222,-9.900162237164066
192.19,-10.82,-1.1565906645197361,0.1338264438811448,-9.734397570463031
192.26,-10.76,-1.1830284809407747,0.24411336544200798,-9.650548465323206
192.33,-10.66,-1.2090964624834484,0.24804008724856635,-9.672689725059321
192.4,-10.76,-1.2347914342563007,0.12847677090870846,-9.817948013172032
192.47,-10.59,-1.2598119421156637,0.10123189660950142,-9.870213395330602
192.54,-10.58,-1.2844349558896289,0.0639178399472697,-9.932150465766798
192.61,-10.35,-1.3086575346541514,0.0002004398565164077,-10.020090444622074
192.68,-10.42,-1.3322662267462446,-0.1766257001713489,-10.220525276742032
192.75,-10.21,-1.3553490576836678,-0.3505193661295204,-10.417501773637627
192.82,-10.43,-1.3780056553181026,-0.37291282282952204,-10.462551827972064
192.89,-9.65,-1.4001225308497356,-0.01948823045336226,-10.131244111127536
192.96,-10.0,-1.4215756345982413,0.10380978264823269,-10.029399201774448
193.03,-9.17,-1.4425784420580678,0.28878232342007987,-9.865429468462427
193.1,-9.14,-1.463128359307031,0.6071268075911989,-9.56763490154027
193.17,-9.9,-1.4828682088592016,0.3581642579579723,-9.836337300725669
193.24,-9.37,-1.5021355356452675,0.015041165863542406,-10.198727719606165
193.31,-10.7,-1.5209280296690082,-0.3395812678504062,-10.572142647343854
193.38,-10.72,-1.5389978795663515,-0.33947731020738015,-10.590108539598171
193.45,-10.9,-1.5564544696689688,-0.2584420598020726,-10.526529879295481
193.52,-10.81,-1.573416230646421,-0.14024903937555744,-10.425298619846417
193.59,-10.8,-1.5897541786056624,-0.010092886658545018,-10.311480415088646
193.66,-10.85,-1.6053315017244438,0.07093046749730286,-10.24603438405158
193.73,-10.73,-1.6203960295130355,0.11901749111945617,-10.213011888218018
193.8,-10.77,-1.634945857937038,0.13410780704361244,-10.212471400717865
193.87,-10.89,-1.6485823748768427,0.04975516078686803,-10.310460563914413
193.94,-10.81,-1.6616902360409946,0.034423574221385325,-10.338900011644048
194.01,-10.74,-1.674267859362859,0.05653390265225531,-10.329367306535042
194.08,-10.77,-1.6860430066214418,-0.007299047549617125,-10.404975403995497
194.15,-10.84,-1.6971420643424298,-0.0398571181489184,-10.448632532315786
194.22,-10.76,-1.7076975295130719,-0.03826762912107339,-10.457598508458583
194.29,-10.7,-1.7175701028454387,0.01741587937208151,-10.411787573297795
194.36,-10.61,-1.72661571886257,-0.016961572503216685,-10.455210641190225
194.43,-10.87,-1.7351066275001277,-0.024178689634900916,-10.470918666959466
194.5,-10.7,-1.7430416945905343,0.024831519640114857,-10.429843524774858
194.57,-10.74,-1.7499969024353144,0.010007761159054702,-10.451622491100698
194.64,-10.73,-1.7563885748586132,-0.003163937773314896,-10.471185862456368
194.71,-10.77,-1.762215924221094,-0.01157390097020776,-10.485423175015741
194.78,-10.76,-1.767193244615315,0.0011522822766343644,-10.477674312163119
194.85,-10.73,-1.771458854369375,-0.0098057843374028,-10.492897988531217
194.92,-10.8,-1.7751539895215611,-0.03881120499873208,-10.525598544344732
194.99,-10.87,-1.778134648809224,-0.089250760917437,-10.579018759551099
195.06,-10.72,-1.7802553272143191,0.003333117781282582,-10.488555559257476
195.13,-10.65,-1.7818017354656133,0.07335354615855895,-10.420081539131493
195.2,-10.67,-1.7827735570412981,0.08150638863675488,-10.412900518228982
195.27,-10.69,-1.782738467415146,0.07980399871987777,-10.414567818519707
195.34,-10.66,-1.782127684458556,0.025376438109578816,-10.468384596173417
195.41,-10.84,-1.7809412482886222,-0.056365530758194164,-10.548940128871255
195.48,-10.79,-1.7788915128255962,-0.06473068105028403,-10.55525554370032
195.54,-10.88,-1.7765597002020548,-0.010775430454194568,-10.498968480480688
195.61,-10.62,-1.7733604496491921,0.0534163031543401,-10.431577496319292
195.68,-10.84,-1.7693005219372717,-0.08886714372099268,-10.569801015482703
195.75,-10.77,-1.764525346054083,-0.08409075423677992,-10.560249450115302
195.89,-10.5,-1.7531199827739758,0.048321159884570086,-10.416432172713844
195.93,-10.56,-1.749231980324118,0.04554060045450395,-10.415324729694053
195.96,-10.57,-1.7462095519568377,0.03309525088617,-10.424747650895107
196.0,-10.5,-1.7421796474671316,0.016501451461728666,-10.437311545829841
196.03,-10.62,-1.738733763244933,0.0074452888416186615,-10.442921824227753
196.07,-10.44,-1.7341392509486693,-0.0046295946518584855,-10.450402195424966
196.1,-10.49,-1.7306933667264706,-0.01368575727196849,-10.456012473822877
196.13,-10.47,-1.7268266271054065,0.03501354450332492,-10.40344643242652
196.17,-10.53,-1.7216709742773224,0.09994594687036741,-10.333358377231393
196.2,-10.31,-1.7178042346562583,0.1486452486456608,-10.280792335835036
196.24,-10.59,-1.7120913726099285,0.074407115914118,-10.349317606520248
196.27,-10.48,-1.707806726075183,0.01872851636548726,-10.400711559534134
196.3,-10.5,-1.7035220795404378,-0.036950083183143474,-10.45210551254802
196.34,-10.64,-1.6972564003546369,-0.03002650186997763,-10.438916252049053
196.37,-10.42,-1.692557140965285,-0.024833815885102015,-10.429024306674826
196.41,-10.53,-1.6861544697903432,-0.02055819653282619,-10.418346016147607
196.44,-10.38,-1.681044234433568,-0.023309396430628168,-10.415986980688634
196.48,-10.55,-1.674230587291203,-0.026977662961029936,-10.412841600076671
196.51,-10.53,-1.6689846855058152,-0.03346301270281076,-10.414081048033065
196.54,-10.62,-1.6634674508632015,-0.047416662132559885,-10.4225174628202
196.58,-10.55,-1.6561111380063798,-0.06602152803890086,-10.433766015869718
196.61,-10.63,-1.6504596746542386,-0.06511940711773331,-10.427212431596411
196.65,-10.52,-1.6425664469593135,-0.024301191620521027,-10.378500988404273
196.68,-10.5,-1.6366465261881185,0.00631247000239544,-10.341967406010163
196.72,-10.52,-1.628487938429006,0.01085079758964881,-10.329270490663797
196.75,-10.57,-1.62216997756153,-0.012955372652347344,-10.346758700038317
196.78,-10.58,-1.6158520166940538,-0.036761542894343496,-10.364246909412836
196.82,-10.59,-1.6071660254920117,-0.030543096187034106,-10.349342471503485
196.85,-10.51,-1.600454999556421,0.002590744115968801,-10.309497605264891
196.89,-10.44,-1.5915069649756355,0.046769197853295544,-10.256371116946779
196.92,-10.5,-1.5845374289079235,0.055935450075992196,-10.24023532865637
196.96,-10.38,-1.575072374062888,0.052178727652669725,-10.234526996234656
196.99,-10.43,-1.5679735829291148,0.0493611858351792,-10.230245746918374
197.02,-10.49,-1.5606200285208622,0.03316053709406054,-10.23909284125124
197.06,-10.57,-1.5506454471268751,0.002637600823503478,-10.25964119612781
197.09,-10.49,-1.5431645110813832,-0.020254601379419743,-10.275052462285242
197.13,-10.56,-1.5328137207863868,0.011252001115273613,-10.233195069495551
197.16,-10.34,-1.5249565758398853,0.05038933767760081,-10.186200587986724
197.19,-10.33,-1.5170994308933838,0.08952667423992801,-10.139206106477895
197.23,-10.46,-1.5062532755102562,0.04364845340992351,-10.174238171924772
197.26,-10.5,-1.4980261684426266,-0.015275546274177725,-10.224935064541244
197.3,-10.55,-1.4870566923524484,-0.09384087918634994,-10.292530921363237
197.33,-10.47,-1.4784661754993624,-0.07995485978987667,-10.270054385113678
197.37,-10.55,-1.4670121530285836,-0.06144016726125002,-10.240085670114272
197.4,-10.5,-1.4584216361754976,-0.04755414786477674,-10.217609133864713
197.43,-10.51,-1.4494745619614684,-0.047499736335920445,-10.208607648121827
197.47,-10.7,-1.437545129676099,-0.04742718763077874,-10.196605667131317
197.5,-10.5,-1.4285980554620699,-0.04737277610192244,-10.187604181388432
197.54,-10.43,-1.416202742425713,0.011598907272000617,-10.116237184978152
197.57,-10.43,-1.4069062576484435,0.055827669802453385,-10.06271193767043
197.61,-10.33,-1.394396952828227,0.09631678616503017,-10.009713516487636
197.64,-10.19,-1.3847584926994148,0.08509784766143412,-10.01129399486242
197.67,-10.26,-1.3751200325705932,0.07387890915782745,-10.012874473237204
197.71,-10.44,-1.362157333091048,0.04715936529689168,-10.026631317618595
197.74,-10.51,-1.3521846150388956,0.0006575492249925178,-10.063160415638341
197.78,-10.71,-1.3388876576360291,-0.06134487220419168,-10.11186587966466
197.81,-10.47,-1.3288061846809478,-0.08194837361974146,-10.122387908125127
197.85,-10.5,-1.3150742076663644,-0.040357536423454486,-10.067065093914257
197.88,-10.36,-1.3047752249054247,-0.009164408526231878,-10.025572983256096
197.91,-10.48,-1.2943702413561002,0.01358420681192964,-9.99241938436861
197.95,-10.47,-1.280214261187978,0.021396993771948234,-9.970450617240468
197.98,-10.4,-1.269597276061884,0.027256583991963568,-9.95397404189436
198.02,-10.41,-1.2552349773798426,0.03931852952989914,-9.927549797674383
198.05,-10.42,-1.2443085144828845,0.05155185761677861,-9.904390006690544
198.09,-10.27,-1.229739897286944,0.06786296173261402,-9.873510285378769
198.12,-10.47,-1.218612969043681,0.01641497432253798,-9.913831344545581
198.15,-10.45,-1.2073858081272661,-0.06687367083597057,-9.985892828787675
198.19,-10.56,-1.1924162602387163,-0.17792519771395565,-10.08197480777711
198.22,-10.6,-1.180994652380054,-0.16794157835552898,-10.06056958056002
198.26,-10.4,-1.1656362106070104,-0.09244857619977623,-9.969718136631224
198.29,-10.41,-1.154117379277225,-0.03582882458294825,-9.901579553684611
198.32,-10.17,-1.1424102796423945,-0.0012117571770102976,-9.855255386643844
198.36,-10.31,-1.1266753012592499,0.030275876556953497,-9.808032774526735
198.39,-10.17,-1.114874067471908,0.053891601857392786,-9.772615815438954
198.43,-10.22,-1.0988661872358212,0.0636737793812912,-9.74682575767897
198.46,-10.19,-1.0867920515955265,0.0655840484716875,-9.732841352948277
198.5,-10.09,-1.0706932040751371,0.06813107392554861,-9.714195479974027
198.53,-10.03,-1.058355891945159,0.08574229633088522,-9.684246945438712
198.56,-9.99,-1.0460185798151806,0.10335351873622182,-9.654298410903397
198.6,-9.92,-1.029568830308547,0.1268351486099984,-9.614367031522988
198.63,-9.94,-1.016978283738186,0.08517322471599964,-9.643438408846626
198.67,-9.89,-1.0001908883110417,0.029623992857347792,-9.682200245278134
198.7,-9.91,-0.9876003417406806,-0.012037931036650948,-9.711271622601771
198.74,-9.83,-0.9704888343761066,-0.020164511948674888,-9.702286696149221
198.77,-9.76,-0.9576552038526822,-0.026259447632689958,-9.695548001309811
198.8,-9.73,-0.9448215733292578,-0.032354383316705024,-9.688809306470402
198.84,-9.63,-0.9273997547059271,-0.018888115009974105,-9.65792121954034
198.87,-9.45,-0.914333390738426,-0.008788413779923525,-9.63475515434279
198.91,-9.43,-0.8968375082848273,-0.015989758984969363,-9.624460617094236
198.94,-9.51,-0.883548952826522,-0.06789289829030777,-9.66307520094127
198.98,-9.4,-0.8658308788821192,-0.1370970840307426,-9.7145613127373
199.01,-9.23,-0.8524718344823605,-0.15859748193508438,-9.722702666241885
199.04,-9.15,-0.8389718121996949,-0.11929239703734652,-9.66989755906148
199.08,-8.83,-0.8209717824894653,-0.06688561717367121,-9.599490749487575
199.11,-8.77,-0.807404904099447,-0.03766934890468683,-9.556707602828574
199.15,-7.92,-0.7891374499598205,-0.02561783555597671,-9.526388635340236
199.18,-8.01,-0.7754368593550973,-0.01657920054444198,-9.503649409723979
199.2,-8.38,-0.7663031322852906,-0.010553443870091203,-9.48848992597982
199.21,-7.6,-0.7616731004170961,-0.02206670798802437,-9.49537315822956
199.23,-7.98,-0.7524130366807337,-0.04509323622382526,-9.509139622728997
199.25,-7.96,-0.743152972944358,-0.06811976445965887,-9.522906087228455
199.27,-8.04,-0.7338929092079823,-0.09114629269549247,-9.536672551727914
199.28,-7.72,-0.7292628773398011,-0.10265955681339292,-9.543555783977633
199.3,-8.14,-0.7200028136034254,-0.12568608504922654,-9.55732224847709
199.32,-7.64,-0.710623892530673,-0.02442520380844491,-9.446682446163557
199.33,-7.78,-0.7059344319942835,0.0262052368120898,-9.391362545006633
199.35,-7.15,-0.6965555109215311,0.12746611805287142,-9.280722742693099
199.37,-7.72,-0.6871765898487654,0.22872699929379697,-9.170082940379407
199.39,-7.38,-0.677797668776013,0.3299878805345786,-9.059443138065873
199.45,-7.15,-0.6493827045471928,0.1006348997519095,-9.260381154619722
199.52,-7.92,-0.6160633872508487,-0.09106696215296331,-9.41876369922825
199.59,-7.09,-0.5824850396372194,0.21791849609156386,-9.076199893370095
199.66,-7.55,-0.5486191155247738,0.11464971301152027,-9.145602752337693
199.73,-7.26,-0.5145732216204866,-0.06088546035850531,-9.28709203180343
199.8,-7.68,-0.4803512738823559,-0.2411637671543167,-9.433148390861112
199.86,-7.2,-0.4507778073181454,-0.08866194418770813,-9.251073101330293
199.93,-7.69,-0.41616720001592034,0.02879020306339283,-9.099010346776966
200.0,-7.46,-0.38141228652171655,0.06562015536795528,-9.0274254809782
200.07,-7.72,-0.3464329381080658,-0.025193544351994803,-9.083259832284499
200.14,-7.38,-0.31134150381513365,-0.07047488093874782,-9.09344973457832
200.21,-7.54,-0.2761420472272718,-0.07161378139412067,-9.059389178445832
200.27,-7.02,-0.24584787245534787,-0.021196568051231702,-8.97867779033102
200.34,-7.7,-0.21042516968682592,-0.041785000026744984,-8.96384351953801
200.41,-7.21,-0.17492706745029887,-0.08076815366764478,-8.967328570942383
200.48,-6.86,-0.1393343133115106,0.12721867663939582,-8.723748986496554
200.55,-6.81,-0.10368324392580287,0.13168628083320316,-8.683630312917039
200.62,-6.88,-0.06799376586918442,0.06192378016881879,-8.717703335524805
200.68,-6.99,-0.03737046488030049,0.017507891571743022,-8.731495923132996
200.75,-6.69,-0.0016262133694212979,-0.020336633926001036,-8.733596197119862
200.82,-7.12,0.03412343052267224,-0.03904610795514875,-8.716556027256916
200.89,-7.08,0.06986948834394892,-0.023891964511588502,-8.66565582599208
200.96,-7.18,0.10558646302300226,-0.006942771571581048,-8.612989658373017
201.03,-7.29,0.1412716710727654,0.009738658236041125,-8.560623020515632
201.09,-7.38,0.17182822718524907,0.023389097444345152,-8.516416025194845
201.16,-7.67,0.20739899238998413,0.017077283534393552,-8.487157073900061
201.23,-7.61,0.24290506733153328,0.03464433076870546,-8.4340839517242
201.3,-7.73,0.27834234420214327,0.08899148759974128,-8.344299518022554
201.37,-7.9,0.3136305685535201,-0.06831429138647577,-8.466317072657395
201.44,-8.32,0.3488173150284926,-0.17505554240305793,-8.537871577199004
201.5,-8.25,0.37891214765792747,-0.2340422752939347,-8.566763477460446
201.57,-8.1,0.4138168110636293,-0.04683811109089795,-8.344654649851707
201.64,-7.88,0.44858764902194853,0.06178155821767399,-8.201264142584815
201.71,-7.93,0.4832206574763534,0.12225256821626804,-8.106160124131817
201.78,-7.65,0.5176289034203951,0.24746184937987561,-7.946542597024168
201.85,-7.87,0.5518299800406002,0.23141804102895003,-7.928385328754889
201.91,-7.76,0.5810287856181731,0.11079932946141337,-8.019805234744853
201.98,-8.51,0.6148293802078031,-0.3708064307276814,-8.467610400344316
202.05,-8.22,0.6483835946015523,-0.2852227083662972,-8.348472463589182
202.12,-7.83,0.6817329801163817,0.014106339013147834,-8.01579403069491
202.19,-7.47,0.7148166736298411,0.2806092163872543,-7.716207459807343
202.26,-7.82,0.7475586226086748,0.07861645013506795,-7.885458277080696
202.33,-7.92,0.7800614241332375,-0.07856474223535852,-8.01013666792656
202.39,-7.84,0.8077127511178743,-0.07284098580669232,-7.976761584513257
202.46,-7.72,0.8395859139422942,-0.07469171891261503,-7.94673915479476
202.53,-7.83,0.8711902525375851,0.01673461751299926,-7.823708479773854
202.6,-7.43,0.9025220963068725,0.23442559085605066,-7.5746856626615156
202.67,-7.74,0.933351768244985,-0.04093965993025318,-7.819221241509707
202.74,-7.85,0.96388025791129,-0.07946817700273144,-7.82722126891588
202.8,-7.56,0.9898539175933743,0.03975956575114252,-7.682019866479922
202.87,-7.45,1.0196049832801009,0.040106952062691756,-7.651921414481646
202.94,-7.66,1.0490271592587384,-0.008512179650317853,-7.671118370216018
203.01,-7.65,1.0781170809919352,-0.0667401073314835,-7.700256376163987
203.08,-7.5,1.106693480938901,0.03772852028917821,-7.567211348596359
203.15,-7.5,1.1348254711811296,0.020003059459128343,-7.556804819184181
203.21,-7.62,1.1586941319284978,-0.02841161847430021,-7.581350836370241
203.28,-7.65,1.1860036253583612,-0.03429888295705956,-7.559928607423137
203.35,-7.54,1.2128368554762428,-0.02584354965095415,-7.52464004399915
203.42,-7.64,1.2392829336991555,0.006296945391058936,-7.4660534707342245
203.49,-7.5,1.2652373954966396,0.0833077469840465,-7.363088207343752
203.56,-7.6,1.2905839726544837,0.04388616569246015,-7.3771632114774945
203.62,-7.61,1.3120143241011166,0.0016707825704039743,-7.397948243152918
203.69,-7.67,1.336530028061843,-0.028429101478802784,-7.403532423241399
203.76,-7.52,1.3604034511317713,-0.03997716651705734,-7.391207065209724
203.83,-7.74,1.3838404750616637,-0.013428156154240907,-7.341221030917016
203.9,-7.51,1.4068383625583298,0.05979432829645945,-7.24500065896965
203.97,-7.61,1.4290492231418055,0.023974352610227557,-7.258609774072406
204.03,-7.42,1.4477421347779542,-0.0337130952793604,-7.297604310325845
204.1,-7.6,1.469148068012153,-0.1324971646688155,-7.374982446481101
204.17,-7.34,1.489731825478289,-0.0838520892434405,-7.305753613589591
204.24,-7.65,1.5098362924269433,0.03148173398333244,-7.1703153234141634
204.31,-7.11,1.5294591969099312,0.16426576722417882,-7.017908385690329
204.38,-7.2,1.548349533927671,0.10165169544362386,-7.061632120453144
204.44,-7.33,1.5640441805055019,0.04734914793478504,-7.100240021384152
204.51,-7.32,1.581938303190171,-0.0206089602108086,-7.150304006845076
204.58,-7.33,1.5990743839688777,-0.11398118372895898,-7.22654014958452
204.65,-7.79,1.6155689110753109,-0.06211523314282299,-7.158179671891951
204.72,-7.14,1.631546461906009,-0.009644087389559566,-7.089730975307989
204.79,-7.56,1.6468731257196347,-0.10089812782243839,-7.1656583519272425
204.85,-7.11,1.6593505719041866,0.04978123867486595,-7.002501539245387
205.18,-7.61,1.7199850830642838,-0.15379162852696598,-7.1454398952871205
205.5,-7.13,1.7645359183818883,0.1417590654349929,-6.8053383660075575
205.82,-7.25,1.7944102568360303,-0.0631759320325072,-6.980399025020915
206.14,-7.12,1.8096433674653052,0.02524979533326156,-6.876740187025872
206.47,-7.17,1.8099105967047042,-0.015021389883601593,-6.916744143003336
206.79,-7.07,1.7951817244315085,0.025821119060744177,-6.890630506332186
207.11,-7.07,1.7656677826633682,-0.06008856452347241,-7.006054131684543
207.43,-6.85,1.7216172419320124,0.08471845114818688,-6.9052976567442395
207.76,-7.15,1.6615050424882183,-0.07823298082982034,-7.12836128816604
208.08,-6.89,1.5894740783209231,0.05941118970377613,-7.0627480817997395
208.4,-6.82,1.5044872676348937,-0.048828565997262714,-7.2559746481868075
208.72,-6.8,1.4070103247661923,0.04492999176551976,-7.259693033292726
209.05,-7.41,1.2945086410434559,0.10212317054462608,-7.3150015382363565
209.37,-8.57,1.1747401521478058,-0.26731322584431083,-7.804206423520943
209.69,-8.09,1.045418961750777,0.3243054545205983,-7.3419089335530625
210.01,-9.06,0.9075246904175664,-0.1922447993027573,-7.996353458709629
210.81,-9.41,0.5331187034004401,-0.03020772174794228,-8.20872236817194
211.61,-9.26,0.1319300944272944,0.020751697884265705,-8.558951557512879
212.41,-9.41,-0.27547642169562375,0.03288249783388471,-8.954227273686179
213.21,-10.22,-0.668214174518314,-0.035700460525194905,-9.415547984867947
214.01,-10.27,-1.026143444189104,-0.003539530524153961,-9.741316324537697
214.81,-10.34,-1.330905321621037,-0.04867625263560881,-10.091214924081084
214.9,-10.37,-1.3611931973572067,-0.07762871420734442,-10.15045526138899
215.0,-10.14,-1.3937424751195802,0.1628491980959519,-9.942526626848068
215.09,-10.3,-1.422019730295593,0.043975588164238806,-10.089677491955793
215.18,-10.26,-1.4493726810153351,0.08352594304416372,-10.07748008779561
215.27,-10.27,-1.475784287979872,0.002898142355498783,-10.184519495448813
215.36,-10.75,-1.5012380839215853,-0.12733940775279762,-10.340210841498822
215.46,-10.39,-1.5283837264162188,-0.06638622233599746,-10.306403298576654
215.55,-10.45,-1.551750139343909,-0.005893792473091668,-10.26927728164144
215.64,-10.46,-1.574110824821722,-0.010251535612011599,-10.295995710258172
215.73,-10.38,-1.5954517994979496,0.018888080712671396,-10.288197068609717
215.82,-10.38,-1.615759698696776,0.049400912690220525,-10.277992135830996
215.91,-10.28,-1.635021784383542,0.10139233565292571,-10.245262798555055
216.01,-10.52,-1.6551147765662284,-0.05433338881879937,-10.421081515209465
216.1,-10.34,-1.672114190472467,0.10510892395091889,-10.278638616345987
216.19,-10.64,-1.6878952289050764,-0.12945704928313323,-10.528985628012649
216.28,-10.48,-1.7025820376610157,-0.008377491711960972,-10.422592879197415
216.37,-10.34,-1.7161655679087788,0.05688795973453709,-10.37091095799868
216.47,-10.53,-1.729976789760676,-0.0215191458911735,-10.463129285476288
216.56,-10.4,-1.7411889913985792,-0.03878126529026972,-10.491603606513287
216.65,-10.36,-1.7512738683869629,0.11710440679359208,-10.345802811417808
216.66,-10.5,-1.7523316221968712,0.14540528561098798,-10.318559686410321
216.67,-10.33,-1.7533893760067794,0.1737061644283839,-10.291316561402834
216.68,-10.39,-1.7544471298166908,0.20200704324586025,-10.264073436395268
216.69,-10.43,-1.755504883626599,0.23030792206325615,-10.23683031138778
216.7,-10.01,-1.7565626374365073,0.2586088008806521,-10.209587186380293
216.71,-10.27,-1.757478279291347,0.1972157621973039,-10.27189586691848
216.72,-10.21,-1.7583939211461843,0.13582272351413022,-10.334204547456492
216.73,-10.33,-1.7593095630010216,0.07442968483095654,-10.396513227994504
216.74,-10.33,-1.7602252048558613,0.01303664614760836,-10.458821908532691
216.75,-10.36,-1.7611408467106986,-0.048356392535565326,-10.521130589070703
216.76,-10.31,-1.7620564885655357,-0.10974943121873901,-10.583439269608714
216.77,-10.8,-1.7629721304203754,-0.17114246990208717,-10.645747950146902
216.78,-10.38,-1.7638877722752127,-0.23253550858526087,-10.708056630684913
216.79,-10.44,-1.76480341413005,-0.29392854726843454,-10.770365311222925
216.8,-10.53,-1.7657190559848897,-0.3553215859517827,-10.832673991761112
216.81,-10.65,-1.7664918626374035,-0.3440236778535444,-10.822148890315388
216.82,-10.63,-1.7672646692899174,-0.33272576975530604,-10.811623788869664
216.83,-10.6,-1.7680374759424335,-0.3214278616570356,-10.801098687423908
216.84,-10.61,-1.7688102825949474,-0.31012995355879724,-10.790573585978184
216.85,-10.35,-1.7695830892474613,-0.2988320454605589,-10.78004848453246
216.86,-10.5,-1.7703558958999772,-0.2875341373622885,-10.769523383086705
216.87,-10.4,-1.771128702552491,-0.27623622926405017,-10.75899828164098
216.88,-10.4,-1.771901509205005,-0.26493832116581184,-10.748473180195255
216.89,-10.4,-1.772674315857519,-0.2536404130675735,-10.73794807874953
216.9,-10.34,-1.773447122510035,-0.24234250496930304,-10.727422977303776
216.91,-10.2,-1.7740764868833212,-0.2251604564389484,-10.710870293146709
216.92,-10.44,-1.7747058512566074,-0.20797840790859376,-10.694317608989639
216.93,-10.42,-1.7753352156298954,-0.19079635937819028,-10.677764924832523
216.94,-10.38,-1.7759645800031816,-0.17361431084783563,-10.661212240675455
216.95,-10.31,-1.7765939443764678,-0.156432262317481,-10.644659556518388
216.96,-9.91,-1.777223308749756,-0.13925021378707753,-10.628106872361272
216.97,-10.31,-1.7778526731230422,-0.12206816525672289,-10.611554188204204
216.98,-10.28,-1.7784820374963284,-0.10488611672636824,-10.595001504047135
216.99,-10.26,-1.7791114018696164,-0.08770406819596477,-10.578448819890019
217.0,-10.13,-1.7797407662429026,-0.0705220196656101,-10.561896135732951
217.01,-9.96,-1.780226197974095,0.02701414854623427,-10.4648453992523
217.02,-9.96,-1.7807116297052887,0.12455031675835586,-10.367794662771372
217.03,-10.12,-1.7811970614364812,0.22208648497020023,-10.27074392629072
217.04,-9.94,-1.7816824931676736,0.3196226531820446,-10.173693189810068
217.05,-9.82,-1.7821679248988673,0.4171588213941662,-10.07664245332914
217.06,-9.52,-1.7826533566300595,0.5146949896060106,-9.979591716848487
217.07,-9.59,-1.783138788361252,0.612231157817855,-9.882540980367835
217.08,-9.45,-1.7836242200924457,0.7097673260299765,-9.785490243886908
217.09,-9.43,-1.7841096518236381,0.8073034942418209,-9.688439507406256
217.1,-9.17,-1.7845950835548305,0.9048396624536652,-9.591388770925604
217.11,-9.11,-1.7849362094445795,0.8128272828597165,-9.683742276409301
217.12,-9.0,-1.7852773353343274,0.7208149032660294,-9.776095781892737
217.13,-9.46,-1.7856184612240755,0.6288025236723421,-9.868449287376173
217.14,-9.47,-1.7859595871138234,0.536790144078655,-9.960802792859607
217.15,-9.32,-1.7863007130035724,0.44477776448470624,-10.053156298343305
217.16,-9.67,-1.7866418388933203,0.35276538489101905,-10.14550980382674
217.17,-9.39,-1.7869829647830682,0.26075300529733186,-10.237863309310175
217.18,-9.49,-1.7873240906728172,0.1687406257033832,-10.330216814793873
217.19,-9.49,-1.7876652165625653,0.07672824610969599,-10.422570320277307
217.20145714925502,-10.257507692307694,-1.7880349848144417,-0.01996146698131685,-10.519629801620198
217.30850015269993,-10.61945,-1.7900160721170064,-0.32723843651921886,-10.828887858460664
217.41834177053522,-10.608307692307694,-1.7903203240478787,-0.20485665137602507,-10.706810325248343
217.6464208493759,-10.558907692307693,-1.7854146088200937,0.08359305856304368,-10.41345490008149
217.76465831038172,-10.41005,-1.7799678023845507,0.16707229354006878,-10.32452885866892
217.88569438577747,-10.727707692307694,-1.7723711379695295,-0.01406554005099492,-10.498070027844962
218.0095290755636,-10.671081081081079,-1.7623770235207157,-0.025283130526359894,-10.499293503871513
218.13616237973997,-10.706081081081079,-1.7497717606057226,-0.12905093605331286,-10.590456046483474
218.20052851222442,-10.80308108108108,-1.7427062477427355,-0.22156716460845557,-10.67590676217563
218.26559429830638,-10.409081081081078,-1.7346563289894683,0.025062789074784514,-10.421226889739122
218.33135973798596,-10.35808108108108,-1.7260820295995023,0.13155682095599586,-10.306158558467946
218.39782483126316,-10.42208108108108,-1.7169310562440407,0.08086029324747944,-10.347704112820999
218.46498957813787,-10.531081081081078,-1.7067838779711633,0.0824708458358365,-10.335946381959765
218.5328539786101,-10.273081081081079,-1.6960497953862002,0.07166766752067671,-10.336015477689962
218.60141803267982,-10.424081081081079,-1.684700478915298,0.04392746529734999,-10.352406363442388
218.74064510161202,-10.60208108108108,-1.6592563394731117,-0.10700997589099932,-10.47789966518855
218.8113081164745,-10.53008108108108,-1.6455201697661714,-0.09876514210160921,-10.45591866169222
218.88267078493448,-10.31508108108108,-1.63085224959184,0.023773339117722846,-10.318712260298556
218.95473310699197,-10.34908108108108,-1.615323258951026,0.018034205346985674,-10.308922403428479
219.02749508264696,-10.301081081081081,-1.5990588617732895,0.0056135403362193035,-10.305078671261509
219.1009567118997,-10.168081081081079,-1.5820352542814569,0.04948583523725298,-10.244182768868642
219.17511799474994,-10.19008108108108,-1.5639175985632838,-0.011576481306990186,-10.287127429694712
219.24997893119757,-10.08208108108108,-1.5450027986560215,-0.04474818690946021,-10.30138433538992
219.32553952124283,-10.084081081081079,-1.525281970085853,-0.03370352340822213,-10.270618843318514
219.4017997648857,-9.90408108108108,-1.504734948152974,0.036253692925931134,-10.18011460505148
219.4787596621262,-9.78408108108108,-1.483090592938737,0.06804555929950262,-10.126678383463673
219.556419212964,-9.87308108108108,-1.4605802272477726,0.04124279542430372,-10.130970781647909
219.6347784173995,-9.81508108108108,-1.4372087310322335,0.01635037008677673,-10.132491710769896
219.71383727543264,-9.83208108108108,-1.412960349276967,0.003398223120018403,-10.121195475981388
219.79359578706305,-9.981081081081081,-1.3877494007577673,-0.09924365326047573,-10.198626403842683
219.8740539522911,-9.88308108108108,-1.3614948328957663,-0.012349730070868961,-10.085477912791074
219.95521177111675,-9.84408108108108,-1.3343419471500655,0.017060417659470566,-10.028914879315034
220.03706924353992,-9.95408108108108,-1.3062800883511625,-0.00032020417210366106,-10.018233642347706
220.11962636956093,-9.96508108108108,-1.2773000023508916,-0.006589510091105106,-9.995522862266435
220.20288314917923,-9.87808108108108,-1.2473938948310612,0.06399787237386229,-9.895029372281638
220.28683958239492,-9.96908108108108,-1.2164282663647046,-0.007415668184486554,-9.93547728437363
220.37149566920846,-9.949081081081081,-1.184513438502106,-0.030363163527828658,-9.926509951854372
220.4568514096194,-10.03508108108108,-1.1516747747422635,-0.043622697837535085,-9.906930822404238
220.54290680362783,-9.95108108108108,-1.1179105101858138,-0.040832198463914525,-9.870376058474168
220.629661851234,-10.00608108108108,-1.083220548698775,-0.012205047388892814,-9.807058945912107
220.71711655243757,-9.967081081081082,-1.0476065071140839,0.03588507331922288,-9.7233547836193
220.80527090723876,-9.99508108108108,-1.0110717564953915,0.08151005480986089,-9.64119505150997
220.89412491563746,-10.10208108108108,-0.9735763421003333,0.07162538303594618,-9.613584308888825
220.98367857763378,-10.220081081081078,-0.9351430639201043,0.05591726581323377,-9.590859147931308
221.0739318932275,-10.41008108108108,-0.8958225355210984,-0.044567116194482954,-9.65202300154002
221.16488486241894,-10.78908108108108,-0.8556249044802953,-0.12448793305974167,-9.691746187364476
221.256537485208,-10.581081081081079,-0.8145621962342098,-0.05103144346808244,-9.57722698952673
221.34888976159436,-10.685081081081082,-0.7726483378720437,0.018988334397211048,-9.465293353299272
221.44194169157834,-10.71308108108108,-0.7298991785158925,0.007717052726228964,-9.433815475614104
221.53569327515993,-10.752081081081078,-0.686332506227777,0.013183536014279205,-9.384782320037937
221.63014451233926,-10.66308108108108,-0.6419680613856256,0.04757957084960991,-9.306021840360454
221.72529540311575,-10.609081081081081,-0.5968275464783273,0.05599260975474661,-9.25246828654802
221.8211459474901,-10.644081081081081,-0.5509346322720245,-0.007092630309494037,-9.269660612405957
221.91769614546183,-10.656081081081078,-0.504314960310428,-0.06225756864420632,-9.278205878779072
222.01494599703108,-10.548081081081081,-0.4569961417101242,-0.03714040187259699,-9.20576989340716
222.11289550219806,-10.491081081081079,-0.4090077522241159,-0.025644298519910822,-9.146285400568464
222.21154466096255,-10.427081081081079,-0.360381323548789,0.0038141070459520115,-9.068200566327276
222.31089347332443,-10.281081081081078,-0.31115033085533217,0.09152319209443126,-8.93126048858534
222.41094193928393,-10.363081081081079,-0.26135017653372505,0.02732469410262231,-8.94565883225554
222.51169005884105,-10.35808108108108,-0.21101817014292326,0.015046904452890374,-8.907604615514472
222.6131378319957,-10.42208108108108,-0.16019350456535975,-0.0370804198510347,-8.908907274240834
222.71528525874794,-10.46608108108108,-0.10891722837112286,-0.06687271646189095,-8.887423294657452
222.8181323390976,-10.37508108108108,-0.05723221440318828,-0.01769347248366393,-8.78655903671129
222.92167907304486,-10.39308108108108,-0.005183124599350615,-0.013367516402310953,-8.7301839908261
223.02592546058975,-10.252081081081078,0.04718362892480668,0.047633901762658366,-8.616815819136974
223.13087150173214,-10.25408108108108,0.09981992650451893,0.03909196936830056,-8.572721453951619
223.23651719647205,-10.25708108108108,0.15267598723080852,0.008111793761316386,-8.550845568832314
223.34286254480946,-10.23008108108108,0.20570041889102184,-0.006901422908410851,-8.512834353841829
223.4499075467445,-10.20108108108108,0.25884027149858846,-0.011377734956136315,-8.464170813281987
223.55765220227704,-10.150081081081082,0.3120410943591225,-0.023304393758550947,-8.422896649223867
223.66609651140698,-10.16908108108108,0.3652469966150873,-0.03148274469532863,-8.37786909790468
223.775240474135,-9.98608108108108,0.41840071120466915,0.031877506206809875,-8.261355132412959
224.3314550917363,-9.91408108108108,0.681110504639272,-0.006937372012969394,-8.037460217198136
224.44479697604936,-9.99208108108108,0.7325853982694199,-0.025752268807405124,-8.004800220362425
224.55883851395993,-9.99808108108108,0.7835604145072534,-0.0040092503609100135,-7.932082185678095
224.67357970546811,-9.97208108108108,0.8339694318003341,0.061958829945925345,-7.81570508807818
224.78902055057358,-9.866081081081079,0.8837457096381075,0.14251146255315147,-7.685376177633179
224.90516104927678,-9.999081081081082,0.9327805870228311,-0.009716090493520763,-7.7885688532951285
225.1395410074757,-9.97408108108108,1.0282597039862778,-0.259379186207914,-7.942752832046075
225.25778046697155,-9.671081081081079,1.074651284313116,0.17660050977026948,-7.460381555741053
225.28597415666445,-8.829,1.0855831529380964,0.40268864760290335,-7.223361549283439
225.3224501265213,-8.715,1.0995168302969116,0.4034709810548533,-7.208645538472674
225.35982360839262,-8.826,1.113659197915659,0.21753293535181653,-7.380441216556964
225.39809296204476,-9.058,1.1281405692190813,0.027137808323086748,-7.5563549722822705
225.43725587174413,-8.899,1.1426007523944657,0.030970679013416196,-7.538061918416557
225.47730934631545,-8.717,1.157370949510073,0.04529158527990581,-7.50897081503446
225.51824971841415,-8.879,1.1722866956660107,0.027785889686805232,-7.511560764471623
225.56007264528307,-8.69,1.1872934439365168,-0.03092436302504376,-7.555264268912966
225.6027731085196,-8.787,1.2025866748069702,-0.08963001465572715,-7.598676689673195
225.64634541393025,-8.501,1.217775024747024,-0.1313680432816634,-7.625226368359078
225.69078319199616,-8.795,1.233265059471209,-0.17393511049347463,-7.652303400846704
225.73607939720387,-8.607,1.2486746915921767,-0.05403119569078776,-7.516989853923049
225.78222630819073,-8.351,1.2642749295756597,0.11062281272273793,-7.336735607526041
225.82921552858897,-8.274000000000001,1.2798444753288094,0.10550557208752147,-7.3262833024081075
225.8770379856287,-8.663,1.295494802759562,-0.006677478534353865,-7.42281602559923
225.92568393147667,-8.331999999999999,1.3111304917470674,-0.024524362744426334,-7.425027220821797
225.97514294224675,-8.428,1.3267692479587612,0.04483465585680475,-7.340029446008873
226.0254039184365,-8.223,1.34237403906796,0.06050133601932576,-7.308757974737153
226.0764550853346,-8.38,1.3579383877340632,0.021934104053716787,-7.331760858036659
226.1282839916821,-8.318,1.3734127357184995,0.027309021438571304,-7.3109115926673685
226.18087751121493,-8.2,1.38883904741314,0.07037869503964533,-7.2524156073716535
226.23422184208175,-8.177,1.4040816927650368,-0.0007629511078879797,-7.30831460816729
226.28830250620376,-8.424,1.4193059384465547,-0.13793485041809225,-7.430262261795976
226.34310435052612,-7.98,1.4342147172275834,-0.17896506774817725,-7.456383700345032
226.39861154562095,-8.213,1.4491728700414281,-0.1935942132967072,-7.456054693079718
226.45480758696795,-7.768,1.4636455398150416,-0.04388514076879883,-7.291872950778196
226.5116752939357,-7.744,1.4781286190122302,0.07923062635362281,-7.154274104458586
226.56919681071304,-7.688,1.4922090629787335,0.07612273869675612,-7.1433015481489495
226.6273536052031,-7.463,1.5060991029699857,0.07796026414187257,-7.127573982712581
226.68612647030386,-7.4,1.519742623512987,0.08548439486726421,-7.106406331444187
226.74549552291865,-7.335,1.5329408240571136,0.024768399089516974,-7.153924126677808
226.8054402040143,-7.3839999999999995,1.5460165222228233,-0.04046020691069392,-7.206077034512309
226.86593927931972,-7.08,1.5584978394453934,0.066722281344584,-7.086413229034462
226.92697083900566,-7.1,1.5707339166163141,0.09963584898015174,-7.041263584227973
226.98851229686989,-7.149,1.582620036306926,0.03704733835289058,-7.091965975164622
227.05054039199604,-6.9,1.5939271056259179,-0.04704959965408317,-7.164755843852604
227.11303118686192,-7.225,1.6049890453067197,-0.08407192865454338,-7.190716233172262
227.17596006894019,-6.71,1.6154583170593004,0.07935885702360984,-7.016816175741528
227.23930174985435,-6.909,1.6254623688350849,-0.009044622015599062,-7.095215603004953
227.30303026529145,-7.019,1.6351574331446939,-0.23982638951361762,-7.3163023061933625
227.36711897599162,-7.151,1.6440709679246863,-0.19386556826227663,-7.261427950162029
227.4315405660018,-6.3309999999999995,1.652595359930649,-0.024428725024280184,-7.08346671491807
227.4962670445966,-6.022,1.6607040009947454,0.2748928693678137,-6.77603647946188
227.56126974482322,-5.8,1.6679956806142044,0.1447005991192828,-6.898937070090952
227.62651932463632,-6.059,1.6748922432803517,0.019277952357276706,-7.017463154186811
227.69198576561757,-5.768,1.681268492500717,-0.0602425609841785,-7.090607418307901
227.75763837396516,-5.778,1.6868531299531495,-0.08693879400016091,-7.11171901387145
227.8234457805811,-5.367999999999999,1.6920073603357237,-0.0753642108862825,-7.094990200374998
227.88937594022718,-5.219,1.696572549021592,-0.007761536856516,-7.022822337659362
227.95539613225264,-4.982,1.700360078615181,0.09114582809744168,-6.9201274431118165
228.02147296007024,-4.823,1.7036958281931263,0.12004259438159957,-6.887894927249713
228.08757235188386,-4.906,1.706399860306095,-0.00915265647405274,-7.014386145992396
228.15365955978632,-5.557,1.7083412001585834,-0.02517807478612822,-7.028470224451984
228.21969916045782,-4.889,1.709824762748456,-0.11572627237132195,-7.117534859447305
228.28565505470033,-5.969,1.71064865163309,-0.44279441547263143,-7.44377911366398
228.3514904679032,-5.074,1.7107393960519366,-0.04895220685506615,-7.049846160627568
228.41716794960666,-5.187,1.7103829083401028,0.4507510046861387,-6.550499436798197
228.4826493737055,-5.133,1.7093410211959101,0.6858748692885356,-6.316417459339993
228.5478959386528,-5.189,1.7076243963607094,0.28070377806795044,-6.723305175395779
228.6128681669361,-6.812,1.7054884700161055,-0.27120398844237437,-7.277348868250708
228.67871087322266,-7.191,1.7025780648860758,-0.49308466621958386,-7.502139951157947
228.78647802970772,-7.046,1.6965974460065711,-0.22590930816253146,-7.2409452119803985
228.8942451861928,-6.949,1.6889968888588023,0.06558337513500623,-6.95705308583063
229.00201234267786,-7.022,1.6797576535925427,0.09748914665076144,-6.934386549581134
229.10977949916293,-6.972,1.6688395819378965,0.1467503508799948,-6.896043417006547
229.217546655648,-7.07,1.6563353638652534,0.047914709666712116,-7.007383276292473
229.32531381213306,-7.062,1.6422590391562113,-0.003700564252466347,-7.073074874920694
229.43308096861813,-7.098,1.626626167250469,-0.041146839529722604,-7.126154022103693
229.5408481251032,-7.036,1.609453811344756,-0.008819464434943693,-7.110999002914626
229.64861528158826,-6.951,1.5907605209892128,0.004845456327313723,-7.116027372507912
229.75638243807333,-7.137,1.570566313197371,-0.047675548579131845,-7.1887425852061995
229.8641495945584,-7.014,1.5488926520873902,-0.01898487047145036,-7.181725568208499
229.97191675104347,-6.983,1.5257624270737977,0.014196013661767608,-7.171674909088874
230.07968390752853,-6.974,1.501199929630468,0.014977752967045066,-7.195455667226926
230.1874510640136,-6.89,1.4752308286471174,0.0401669759262114,-7.196235545251111
230.29521822049867,-6.957,1.447882144403097,-0.041093840598655305,-7.304845046019997
230.40298537698374,-6.831,1.4191481012201292,0.03303085093659373,-7.259454397667716
230.5107525334688,-6.822,1.3890405066180498,0.00370086319566665,-7.318891980010722
230.61851968995387,-6.819,1.3576462910700926,-0.02491895567754849,-7.3789060144318945
230.72628684643894,-6.765,1.3249978064306605,-0.023017720074618917,-7.409653263468397
230.834054002924,-6.763,1.2911285984359417,-0.024055544765165936,-7.4445602961536625
230.94182115940907,-6.677,1.256073372650342,0.017362802620702826,-7.438197174553394
231.04958831589414,-6.608,1.2198679592470878,0.04157871591130904,-7.450186674666042
231.1573554723792,-6.669,1.1825492766581742,0.023860489959474127,-7.50522358320679
231.26512262886428,-6.585,1.144155294130234,0.01887899730253131,-7.548599058391673
231.37288978534934,-6.619,1.1047249932239673,-0.01769392737846667,-7.624602283978938
231.4806569418344,-6.507,1.0642983282960676,-0.007650226500742386,-7.654985248029114
231.58842409831948,-6.322,1.022916186003551,0.028172105870458795,-7.660545057950429
231.69619125480455,-6.359,0.9806203438715855,-0.11753464965047701,-7.84854765560333
231.8039584112896,-6.176,0.9374251175063223,-0.07687452707857838,-7.851082759396696
231.91172556777468,-6.11,0.8933792134324557,-0.07121301038810521,-7.889467146780088
232.01949272425975,-5.805,0.8485555366899892,0.14727777382930937,-7.715800039305139
232.12725988074482,-5.848,0.802999114973961,0.18538405429756144,-7.723250180552916
232.23502703722988,-6.155,0.7567556368093229,0.056501774584445275,-7.89837593843067
232.34279419371495,-6.636,0.7098714052534636,-0.08108875940812854,-8.082850703979103
232.45056135020002,-6.766,0.6623932909909274,-0.07408075011255114,-8.123320808946062
232.55832850668506,-7.027,0.6143686848687293,-0.06906967580124125,-8.16633434075695
232.66609566317013,-7.246,0.5658454499210979,-0.06550949091211185,-8.211297390815453
232.7738628196552,-7.194,0.5168718729335366,0.007358305028515979,-8.187403171862385
232.88162997614026,-7.35,0.4674966155959973,-0.012669512384626587,-8.256806246613069
232.98939713262533,-7.236,0.41776866529611084,0.08156812408776842,-8.21229656044056
233.0971642891104,-7.236,0.36773728560332763,0.10706676434956236,-8.23682929987155
233.20493144559546,-7.31,0.3174432961121326,0.05835409078438458,-8.335835962927922
233.31269860208053,-7.42,0.2669451762505571,-0.02302764610987625,-8.467715819683757
233.4204657585656,-7.661,0.21629886133974963,-0.1408138535636271,-8.636148342048317
233.52823291505067,-7.546,0.1655542232588724,-0.0379888763890522,-8.584068002954618
233.63600007153573,-7.583,0.11476114841352437,0.00781457223894155,-8.589057629171972
233.7437672280208,-7.769,0.06396948747155522,-0.01128719814474442,-8.658951060497627
233.9040293275569,-7.865,-0.011464864749560629,0.07105243005152075,-8.65204578452248
234.06429142709302,-8.046,-0.08660047018133418,0.09041093718323144,-8.707822882822542
234.22455352662914,-8.747,-0.1613070912324392,-0.153126995288693,-9.02606743634557
234.38481562616525,-8.672,-0.23541470959487684,0.05927696784557958,-8.887771091573736
234.5450777257014,-9.056,-0.30872520120526753,-0.04067788558935371,-9.06103643661906
234.7053398252375,-9.118,-0.3811695055084122,-0.006038862542369783,-9.09884171787522
234.8656019247736,-9.097,-0.4524542867093407,0.08381989321917704,-9.080267743314602
235.02586402430973,-9.414,-0.522547257147866,-0.027822227104758023,-9.262002834077062
235.18612612384584,-9.456,-0.5912691401852032,0.012401084183457662,-9.290501405826184
235.34638822338195,-9.725,-0.6583942885322627,-0.06534243918413171,-9.435370077540833
235.50665032291806,-9.645,-0.7239482472095201,0.050400962197450216,-9.385180634836509
235.66691242245417,-9.687,-0.787566807329464,0.04652964534902445,-9.452670511804879
235.8271745219903,-9.941,-0.8493007693157109,-0.08316221247327098,-9.64409633161342
235.9874366215264,-9.766,-0.9089872022224093,0.053643553322529035,-9.56697699872432
236.14769872106254,-9.841,-0.9663712821974582,0.02488188227640284,-9.653122749745494
236.30796082059865,-9.947,-1.021578150938433,-0.033667208206124385,-9.766878708968996
236.46822292013476,-10.059,-1.074201136357825,-0.02511704448332847,-9.810951530665593
236.548,-9.886,-1.09947220129658,0.02259534927032171,-9.788510201850698
236.57,-9.768,-1.10635374678777,0.0355382304221019,-9.782448866190107
236.59099999999998,-9.97,-1.1129224947566314,0.04789279879425267,-9.776663045786819
236.613,-9.992,-1.119671171270493,0.052004192461049696,-9.779300328633882
236.635,-9.925,-1.1263278615692662,0.05000147940745735,-9.787959731986248
236.656,-9.938,-1.1326819750362842,0.04808979876538981,-9.796225526095332
236.678,-9.96,-1.1393386653350575,0.04608708571179746,-9.804884929447699
236.7,-10.044,-1.1459953556338307,0.04408437265820511,-9.813544332800063
236.721,-10.012,-1.1521298868487797,0.03765457895379944,-9.826108657719418
236.743,-10.015,-1.158556538597767,0.030918604596810485,-9.839271283825395
236.765,-10.057,-1.1649831903467542,0.02418263023982153,-9.85243390993137
236.786,-10.134,-1.1711177215617032,0.017752836535415862,-9.864998234850725
236.808,-10.14,-1.1774589163653566,0.00764583909286907,-9.881446427096925
236.82999999999998,-10.142,-1.1836505615146753,-0.008360448749421906,-9.903644360088535
236.851,-10.204,-1.1895607682481224,-0.023639178053443847,-9.924833296126005
236.873,-10.268,-1.1957524133974413,-0.039645465895734824,-9.947031229117615
237.595,-10.555,-1.367759000084353,-0.02122159938003139,-10.100613949288823
237.658,-10.467,-1.3797318284734503,-0.036527983295235086,-10.127893161593123
237.722,-10.597,-1.3915637346053151,-0.0524364371448069,-10.15563352157456
237.786,-10.594,-1.4028812834387816,-0.06976922294493522,-10.184283856208156
237.849,-10.379,-1.4134160643892466,-0.02011552920020083,-10.145164943413887
237.913,-10.404,-1.4237800309303066,0.022590855086950537,-10.112822525667795
237.977,-10.52,-1.4335078235794827,-0.04101674981056959,-10.186157923214491
238.04,-10.37,-1.4425807916714843,0.05343820197275468,-10.100775939523169
238.104,-10.138,-1.4514534359618856,0.2203635798061111,-9.942723205980213
238.168,-10.501,-1.4595667219993325,0.0756351900989919,-10.09556488172478
238.231,-10.256,-1.467158614953201,-0.032279512294474115,-10.211071477072114
238.295,-10.502,-1.4744571954644696,-0.10567410850593811,-10.291764653794846
238.359,-10.532,-1.4810010442704977,-0.06529863475504484,-10.257933028849981
238.423,-10.4,-1.4871855481867882,-0.0233118663861519,-10.222130764397379
238.486,-10.418,-1.4927550915397718,0.003927757174046045,-10.200460684190165
238.55,-10.447,-1.4977689408834518,0.07394815910633941,-10.135454131601552
238.614,-10.268,-1.502421707989823,0.10743405223989994,-10.106621005574363
238.677,-10.487,-1.5063663812749273,-0.02973161379388787,-10.247731344893253
238.741,-10.583,-1.5098437171682204,-0.09993862907897094,-10.32141569607163
238.805,-10.551,-1.512959112703074,-0.13009945707609444,-10.354691919603606
238.868,-10.536,-1.5152748726984333,-0.14512263614839413,-10.372030858671266
238.932,-10.568,-1.5172138521911038,-0.03143227615287746,-10.260279478168421
238.996,-10.141,-1.5187392930859207,0.21121008607055686,-10.019162556839802
239.059,-10.245,-1.5194795310690694,0.16210937950035056,-10.069003501393157
239.123,-10.235,-1.5198829666989238,0.0844134372001573,-10.147102879323205
239.187,-10.375,-1.5197585457536749,-0.007514548563173383,-10.238906444141286
239.25,-10.37,-1.5189944104909545,-0.006438450384716029,-10.237066210700108
239.314,-10.321,-1.5178697403614627,0.01417545398864139,-10.215327636197259
239.378,-10.333,-1.5161060472356331,0.018129438385277308,-10.209609958674793
239.441,-10.294,-1.5138485351216033,-0.01113072234260897,-10.23661260728865
239.505,-10.382,-1.5112077787403695,-0.06298217322467782,-10.285823301789486
239.569,-10.446,-1.5078211803056847,-0.16268738522089105,-10.382141915351015
239.632,-10.544,-1.5040857305326623,-0.1339849520784339,-10.349704032435534
239.696,-10.199,-1.4998955982202213,0.020009338327772623,-10.191519609716888
239.76,-10.241,-1.4949579803802344,0.048288400942566145,-10.158302929262106
239.824,-10.036,-1.4896741269119562,0.061993382279527325,-10.139314094456868
239.887,-10.031,-1.4839865470560367,0.06532372422628704,-10.13029617265419
239.951,-10.161,-1.4775848828195783,0.0597352873094527,-10.129482945334564
240.015,-10.001,-1.4708426755518649,0.04615905279009594,-10.136316972586208
240.078,-10.072,-1.4636220705565188,0.014462962687665042,-10.160792457693292
240.142,-10.101,-1.4557844227961436,0.0047198723423087716,-10.162697900278273
240.206,-10.093,-1.4476127210669405,0.007093586222661152,-10.152152484668719
240.269,-10.096,-1.4388942693482087,0.012799491296748554,-10.1377281278759
240.333,-10.129,-1.4296528889270639,-0.0037342791379075526,-10.14502051788941
240.397,-10.192,-1.4200502734157123,-0.0412449467952159,-10.172928570035367
240.46,-10.307,-1.409908727657003,-0.06723323856547027,-10.188775316046911
240.524,-10.22,-1.3992999320290243,-0.06896955782325405,-10.179902839676716
240.559,-10.104,-1.3932509886960378,-0.04794476582882687,-10.152829104349303
240.593,-10.194,-1.3873748723154233,-0.027520682177100533,-10.126528904316963
240.628,-10.165,-1.381014734658403,-0.02319529823220664,-10.115843382715049
240.663,-10.045,-1.374576798420369,-0.023044766299700176,-10.109254914544508
240.698,-10.169,-1.3681388621823403,-0.022894234367193834,-10.102666446373973
240.732,-10.077,-1.3615355676255025,0.026422295706355698,-10.046746621743585
240.767,-10.172,-1.3547155852188375,0.08035284222849567,-9.98599609281478
240.802,-9.958,-1.3478741867919943,0.1294124148363462,-9.930095121780086
240.837,-9.935,-1.3406794240322095,0.09810091785762454,-9.954211855999024
240.871,-9.993,-1.3336902259226993,0.06768403507827388,-9.977639540668864
240.906,-10.017,-1.3264325140519695,0.03149316627382303,-10.006572697602586
240.941,-10.223,-1.318870548145006,-0.028281333021648487,-10.058785230991093
240.976,-10.078,-1.3113085822380428,-0.08805583231712,-10.110997764379603
241.01,-10.161,-1.3038600089238461,-0.11820024674852055,-10.133693605496806
241.045,-10.16,-1.2959387205008661,-0.08024689894924053,-10.087818969274545
241.08,-9.916,-1.2880174320778794,-0.04229355114992969,-10.041944333052248
241.115,-10.037,-1.2799456522150874,-0.008244412879897373,-9.999823414919423
241.149,-9.963,-1.2719095723882392,0.019775011954066352,-9.963767910258612
241.184,-9.923,-1.263637137272365,0.048618537518444915,-9.926651949578359
241.219,-9.793,-1.2551786736068204,0.07122480919559147,-9.895587214235668
241.254,-10.01,-1.2465635543205018,0.08857865654665233,-9.869618247598288
241.288,-9.753,-1.2381945812995006,0.10543667968769456,-9.844391251436244
241.323,-9.812,-1.229360013301462,0.08790965217739687,-9.853083710948503
241.358,-9.767,-1.220410950323396,0.05218390734812573,-9.879860392799708
241.392,-9.818,-1.2117175748589901,0.017478898085410175,-9.905872026598018
241.427,-9.84,-1.2025178483234953,-0.0009981537581074758,-9.915149351906042
241.462,-9.895,-1.193243851104318,-0.014364481753985723,-9.919241682682742
241.497,-9.787,-1.1839698538851329,-0.027730809749874824,-9.923334013459446
241.531,-9.77,-1.1746812389843284,-0.07116329583149306,-9.95747788464026
241.566,-9.796,-1.1650915767304362,-0.118906458053066,-9.995631384607941
241.601,-9.813,-1.1554931674619455,-0.16317682006257125,-10.030303337348956
241.636,-9.486,-1.1455973596971143,-0.0893719748623663,-9.946602684383919
241.67,-9.547,-1.135984289296994,-0.017675839525034636,-9.865293478646468
241.705,-9.438,-1.1260461407720777,0.034735148056065965,-9.80294434254045
241.74,-9.298,-1.1158539476867064,-0.04121701007714956,-9.868704307588294
241.775,-9.432,-1.1056617546013352,-0.11716916821036509,-9.934464272636138
241.809,-9.505,-1.0956871227798424,-0.13984053582966816,-9.94716100843395
241.844,-9.043,-1.08520853537784,-0.01702874842333574,-9.813870633625614
241.879,-9.004,-1.0747299479758377,0.10578303898299668,-9.68058025881728
241.914,-8.865,-1.0641408875560714,0.17281410233670608,-9.602960135043805
241.948,-8.962,-1.0536933967509774,0.15664950883202533,-9.608677237743391
241.983,-8.725,-1.0429386268045644,0.1400094861066302,-9.614562490522374
242.018,-8.745,-1.0320471801680158,0.11838062799035695,-9.625299902002098
242.052,-8.742,-1.0213415222815627,0.09279267874736699,-9.640182193358635
242.087,-8.574,-1.0103209921043304,0.06645214276193237,-9.655502199166836
242.122,-8.554,-0.9991400896120449,0.03555006833045934,-9.675223371106025
242.157,-8.63,-0.9878644216608793,0.0019525393627321513,-9.697545232122586
242.191,-8.429,-0.976910915651177,-0.03068506020591244,-9.719229325681527
242.334,-8.228,-0.9296796713994842,-0.13869341062603907,-9.780006431849962
242.477,-7.811,-0.8811701423497666,-0.0574400318350091,-9.650243524009214
242.62,-7.287,-0.8314047633508415,0.15379519538551878,-9.389242917789762
242.763,-7.172,-0.7804620360723714,0.09943037679936198,-9.392665009097449
242.906,-7.349,-0.7285286184549579,-0.10998295169091332,-9.55014491997031
243.049,-7.325,-0.6755529003904275,-0.08918379909816578,-9.476370049313031
243.191,-7.157,-0.6221766635191766,0.04939124818626475,-9.28441876515735
243.334,-7.247,-0.5676151593166853,0.024943373282865455,-9.254305135858258
243.477,-7.218,-0.5124309707922609,0.046589451211642506,-9.177474869405058
243.62,-7.472,-0.45669187843249204,-0.06880184718023524,-9.237127075437167
243.763,-7.326,-0.4004936351149935,0.04156086819955121,-9.070566116739881
243.906,-7.521,-0.34396973981507045,-0.029541300620226005,-9.085144390259735
244.048,-7.523,-0.28757825004508797,-0.002522648282460999,-9.001734248151987
244.191,-7.579,-0.2306624549202501,-0.016579969960210647,-8.958875774704898
244.334,-7.629,-0.1737058878665057,-0.028020104864204923,-8.91335934255515
244.477,-7.58,-0.11681026658171328,0.02320144152519328,-8.80524217488096
244.62,-7.61,-0.060080613219540516,0.04546035990719452,-8.726253603136785
244.763,-7.616,-0.0036204968273909587,0.0459348444947046,-8.669319002157126
244.906,-7.85,0.0524995577415014,-0.10403306751252227,-8.76316685959546
245.048,-7.786,0.10773031640591797,-0.038407716592306754,-8.642310750010829
245.136,-7.707,0.1417044520023631,-0.0075852573180362004,-8.577514155140113
245.223,-7.714,0.17507010876665063,0.0034915363156139043,-8.533071704742174
245.31,-7.624,0.20819496449643757,0.040629391860001494,-8.462808993468
245.397,-7.562,0.24104813513850307,0.07248422653180314,-8.398100988154132
245.484,-7.571,0.27357867634146843,0.03710357877593042,-8.40095109470704
245.571,-7.596,0.3058031670824838,-0.0047230809835584284,-8.410553263725513
245.658,-7.618,0.33770315772799664,-0.029322226218078593,-8.403252418314521
245.745,-7.6,0.369260462852619,-0.036182773413744804,-8.378555660385565
245.832,-7.608,0.4004571701350078,-0.027868525699153705,-8.339044705388584
245.919,-7.582,0.4312756491064333,-0.012048647137785265,-8.292406347855792
246.006,-7.607,0.46169855974974433,-0.011279776696153317,-8.261214566770848
246.093,-7.605,0.49166774526824375,0.011905016761646542,-8.208060587794549
246.18,-7.645,0.5211670373152207,0.03212215069485797,-8.158344161814359
246.268,-7.582,0.5505463564541107,0.0816700542620871,-8.079416939108242
246.355,-7.706,0.5791185687518574,0.03577983365681366,-8.096734947415769
246.442,-7.947,0.6072068075849232,-0.07568240427722517,-8.180108946516741
246.529,-8.123,0.634795955514034,-0.10865589485285582,-8.18549328916326
246.616,-8.003,0.6618712509546755,0.00299409196025803,-8.046768006909506
246.703,-8.159,0.6884182949397312,0.00831255810153973,-8.014902496783169
246.765,-8.252,0.7068964151973337,0.009757933815804278,-7.994979000811301
246.827,-8.345,0.7251699090391179,0.02609869569309581,-7.9603647450922255
246.889,-8.378,0.7431781464159414,0.061748291485444695,-7.906706911923052
246.95,-8.591,0.7605063545404366,0.04447564812203857,-7.906651347161963
247.012,-8.655,0.7779355688468975,0.023049283031380277,-7.910648497946161
247.074,-8.856,0.794964985049093,0.03426718358361585,-7.88240118119173
247.136,-8.726,0.8116994869921856,0.016457198784052687,-7.8834766640482
247.198,-9.021,0.8282209953037175,-0.022317369880697237,-7.905729724401418
247.26,-9.102,0.8442397254435808,-0.04746151466790501,-7.914855139048763
247.322,-9.238,0.8600534082226892,-0.05422460454635302,-7.905804546148103
247.383,-9.184,0.8752752112680917,-0.02881030868721348,-7.86516844724356
247.445,-9.346,0.8903537615210778,-0.028902829056289252,-7.85018241735965
247.507,-9.263,0.9052216948655688,-0.030789695450116235,-7.837201350408987
247.569,-9.104,0.919600683172401,0.030172370714821525,-7.7618602959372165
247.631,-9.198,0.9336993652268512,0.04263053678352204,-7.735303447814066
247.693,-9.148,0.9475177410289128,0.006584802755957362,-7.7575308060395685
247.755,-9.106,0.9608309272396716,-0.008172865163238023,-7.758975287748005
247.817,-9.052,0.9739213900592772,-0.016996625899600777,-7.754708585664763
247.878,-9.0,0.9863881159680622,-0.01728025099775051,-7.742525484854127
247.94,-8.875,0.9986814589043214,-0.016817912840405767,-7.729769803760523
248.002,-8.838,1.0107479178217862,-0.013712801109837266,-7.71459823311249
248.064,-8.653,1.022240822394266,0.05629040583716627,-7.633102121593006
248.126,-8.588,1.0334824316912243,0.06255453625454253,-7.615596381878672
248.188,-8.643,1.0443760936836026,-0.019435439292155188,-7.686692695432991
248.25,-8.633,1.0547816690923162,-0.03711049004588071,-7.693962170778003
248.311,-8.515,1.0647958245700513,-0.018801182433698726,-7.665638707688086
248.373,-8.347,1.074473634405318,0.09457613685046029,-7.54258357856866
248.435,-8.081,1.0838040223386565,0.10981772746548579,-7.518011600020297
248.497,-8.183,1.0928663990905034,0.04935461310708952,-7.569412337626846
248.559,-8.105,1.1013391079146122,-0.012159243155716742,-7.622453485065543
248.621,-8.086,1.1095707233087833,-0.07528271928353651,-7.677345345799192
248.683,-7.949,1.117390170945148,-0.14144447563662957,-7.735687654515921
248.745,-8.049,1.1247550357191904,-0.19975493025544042,-7.786633244360689
248.806,-7.794,1.131771303175441,-0.24005602658399022,-7.819918073232988
248.868,-7.559,1.1383356767438109,-0.1491769550902554,-7.722474628170883
248.93,-7.302,1.1445949133220743,0.07029331371926824,-7.496745122783096
248.973,-6.186,1.148710261003563,0.31763639666055127,-7.245286692160324
249.016,-6.901,1.1526625414480405,0.4373569291851407,-7.1216138791912575
249.059,-6.341,1.156339645930068,0.34171440788175816,-7.213579296012613
249.102,-6.714,1.1599963449438726,0.24274705819392453,-7.308889946686642
249.145,-6.892,1.16323473185911,0.07562072662517388,-7.472777891340155
249.188,-7.0,1.1664731187743453,-0.0915056049434663,-7.6366658359935595
249.231,-6.979,1.1693951700632035,-0.10876529769236253,-7.651003477453598
249.274,-6.872,1.172194768851528,-0.06801209799487233,-7.607450678967783
249.317,-6.883,1.174821024065032,-0.06635237946973989,-7.603164705229147
249.36,-6.901,1.17718216557587,-0.12448269097295771,-7.658933875221527
249.403,-7.067,1.1795127679376138,-0.1770021662905725,-7.709122748177397
249.446,-7.208,1.1814361816447874,-0.1547104924669744,-7.684907660646625
249.489,-7.114,1.183359595351961,-0.13241881864337632,-7.6606925731158535
249.532,-7.047,1.184958095292963,-0.09135974983821699,-7.618035004369692
249.575,-7.132,1.186444906126843,-0.04384938900818204,-7.569037832705778
249.618,-7.117,1.1877495879241855,-0.00760272693983258,-7.531486488840086
249.661,-7.231,1.1888013127263355,0.012999909070573794,-7.509832128027529
249.704,-7.253,1.1898127416032493,0.038582182218441785,-7.483238426002747
249.747,-7.426,1.1904312852091123,0.1127159174563129,-7.408486147159013
249.79,-7.265,1.1910498288149751,0.18684965269413503,-7.333733868315329
249.832,-7.36,1.1913333233879402,0.16163250581238675,-7.358667520624112
249.875,-7.569,1.1915209743435295,0.10458017242812136,-7.415532203052788
249.918,-7.713,1.1915293683070114,0.07347802535147237,-7.446625956165955
249.961,-7.805,1.1912887942258992,0.07841780370207521,-7.441926751896464
250.004,-7.887,1.1910086682051026,0.0755175134475618,-7.4451071681717735
250.047,-7.645,1.1903429107723806,-0.0038234457070090012,-7.525113884759067
250.09,-8.331,1.1896771533396588,-0.0831644048615798,-7.60512060134636
250.133,-8.13,1.1886877096994337,-0.09895462520121423,-7.62190026532622
250.2,-8.455,1.1869931856349067,-0.0935516528016276,-7.6181918169911595
250.267,-8.472,1.1846473600648102,-0.10996165157240212,-7.63694764133203
250.333,-8.727,1.1820189264418006,-0.10094327380883292,-7.630557697191471
250.4,-8.603,1.1790282352621502,-0.06622323533624308,-7.598828349898532
250.466,-8.711,1.175453818639993,-0.04572945101859422,-7.58190898220304
250.533,-8.43,1.1715147659816705,0.0328835521870402,-7.507235031655728
250.6,-8.313,1.1672558266842252,0.17105704139726757,-7.373320481742946
250.666,-8.245,1.1624474208413205,0.1471217716612739,-7.402064157321845
250.733,-8.291,1.1572638589068083,0.10423145893395655,-7.450138031983673
250.8,-8.257,1.1517688348644417,0.042185353138928836,-7.517679161821068
250.866,-8.066,1.1457601477810606,0.11475096194780371,-7.451122240095574
250.933,-7.979,1.1393672844672307,0.01795408564303291,-7.554311979714175
251.0,-8.28,1.132672402741875,-0.254470268758512,-7.833431215841076
251.066,-7.82,1.125501051169461,-0.18337902986379173,-7.769511328518769
251.133,-8.177,1.1179380135562758,-0.12267150267141214,-7.716366838939575
251.199,-7.746,1.1102006035863332,-0.07450196714788021,-7.675934713385986
251.266,-7.577,1.1017906810785971,0.025289664366250585,-7.584553004379591
251.333,-7.257,1.0931003107622153,0.017934980789396114,-7.600598058272827
251.399,-7.45,1.084263552759566,-0.09883804885750914,-7.726207845922382
251.482,-7.042,1.0724891411707191,0.15867321055759753,-7.480470998096122
251.566,-7.034,1.0600442921037911,0.15598176813049944,-7.495607289590148
251.649,-7.234,1.0472302070823558,0.09594938221964579,-7.568453760522438
251.732,-7.237,1.0339143285305266,0.01635524775487737,-7.661363773539035
251.815,-7.569,1.020106233946026,-0.08645988907665052,-7.7779870049550635
251.898,-7.648,1.0058014759753504,-0.07837424008904571,-7.784206113938135
251.981,-7.851,0.9909216618868152,-0.10678245885997052,-7.827494146797594
252.064,-7.833,0.9755866832196673,-0.04306516251565969,-7.779111829120431
252.147,-7.934,0.9598070206629412,0.02832386613876025,-7.723502463022737
252.23,-7.907,0.9435932984537382,0.02900248621897416,-7.739037565151726
252.303,-8.115,0.9290133222195804,-0.05100151961130564,-7.833621547216164
252.376,-8.068,0.9139969190212204,-0.0019316587456019683,-7.79956808954882
252.449,-8.113,0.8986861278883431,0.020201018725195828,-7.7927462032109
252.522,-8.088,0.8831040430769491,0.03281235968620285,-7.795716947061287
252.595,-8.087,0.8672273088492417,0.05393695903071027,-7.790469081944487
252.668,-8.028,0.8509736171711942,0.07109962085331509,-7.789560111799929
252.741,-8.132,0.83447464852709,0.045547866969453996,-7.831610834327895
252.814,-8.174,0.8177349504182021,-0.012504206353664022,-7.906402605759901
252.887,-8.269,0.8006963459903057,-0.06798392082663078,-7.978920924660764
252.96,-8.159,0.7833683382849149,-0.04974189347643392,-7.978006905015958
253.033,-8.238,0.7658265483861358,-0.04427347954427724,-7.99008028098258
253.106,-8.234,0.7480756493671361,-0.06785351416306751,-8.03141121462037
253.179,-8.183,0.7300345946766277,-0.02671171898619097,-8.008310474134003
253.252,-8.125,0.7117813115797147,0.003842838982475613,-7.996009199262249
253.325,-8.123,0.6933465636777137,0.050443338481897866,-7.967843447664827
253.398,-8.009,0.6747279619911966,0.13606122657112596,-7.900844161262117
253.471,-8.206,0.655855332503802,0.008807605765427695,-8.04697041155521
253.544,-8.258,0.6368292788862765,-0.0452954429201184,-8.12009951385828
253.617,-8.29,0.6176546340903367,-0.025990884225002717,-8.119969599959106
253.69,-8.247,0.5983080791958273,0.06328920051084834,-8.050036070117764
253.763,-8.141,0.5787841958922723,0.0743195430836077,-8.05852961084856
253.836,-8.486,0.5591400311901117,0.01154358529738294,-8.140949733336944
253.909,-8.578,0.5393804398436648,-0.10226807443226076,-8.274520984413035
253.982,-8.653,0.5194734114587433,-0.13035413109311894,-8.322514069458816
254.055,-8.717,0.4994537285284527,-0.09456125202839141,-8.306740873324378
254.128,-8.579,0.47934696691850426,0.030555099518683338,-8.20173128338725
254.201,-8.321,0.45915797200256075,0.2598209317152205,-7.992654446106657
254.274,-8.546,0.43885818401040816,0.07095114674464645,-8.201824019069385
254.347,-8.621,0.4184979890818789,-0.0005293463170670258,-8.293664707059627
254.42,-8.524,0.39808372079418813,-0.02524025060872069,-8.338789879638972
254.493,-8.612,0.3776147121029106,-0.09809945130924445,-8.432118089030773
254.566,-8.556,0.35709410568067995,-0.09845545147876215,-8.452994695622522
254.639,-8.546,0.3365472659731469,-0.06973676096339777,-8.44482284481469
254.712,-8.435,0.31597891066542066,-0.01977282350401442,-8.415427262663032
254.785,-8.359,0.2953931884422941,0.04341769739469913,-8.372822463987445
254.858,-8.357,0.27480519617553656,0.10883602663568319,-8.32799212701322
254.931,-8.247,0.2542229452185244,0.11315659670988581,-8.34425380789603
255.004,-8.474,0.23365104787668636,0.038606789269387876,-8.439375512678366
255.077,-8.531,0.2131098497980313,0.044922082662451165,-8.453601417363956
255.15,-8.549,0.19260280027067161,0.013823388063454626,-8.505207161490313
255.223,-8.762,0.17213257521060274,-0.05332907760838168,-8.592829852222218
255.296,-8.932,0.15170825478900896,-0.16144531848989874,-8.721370413525328
255.369,-8.822,0.1313632895850529,-0.07259663040167029,-8.652866690641057
255.442,-8.889,0.11108083084684822,-0.04514838206023164,-8.645700901037822
255.515,-8.934,0.09086516973640375,-0.05571777700125045,-8.676485957089286
255.588,-8.894,0.070742530434886,-0.0054664778650217,-8.646357297254573
255.661,-8.799,0.050731228532620395,0.0963035102417784,-8.56459861105004
255.734,-8.7,0.030811279849406344,0.10053233826915016,-8.580289731705882
255.807,-8.97,0.01098678761207779,-0.016470368626046245,-8.717116930838406
255.88,-9.145,-0.008688805645406573,-0.11198392086688214,-8.832306076336726
255.953,-9.101,-0.028233745670684443,0.17734131605995046,-8.562525779435173
256.026,-8.354,-0.04765996692640051,0.2680485128017667,-8.491244803949073
256.099,-9.447,-0.06696070602194636,-0.26280161985990363,-9.041395675706289
256.172,-9.377,-0.08605481104667398,-0.14726897453188587,-8.944957135403
256.245,-9.377,-0.1050081097267541,-0.0787007820298468,-8.895342241581039
256.318,-9.435,-0.12381697880907704,-0.03986152291995889,-8.875311851553475
256.391,-9.406,-0.14244678473475123,0.014498176467429466,-8.839581958091761
256.464,-9.473,-0.16085636055265026,-0.014206490925816991,-8.886696201302906
256.537,-9.551,-0.17910097752476767,0.05208413144749264,-8.838650195901714
256.61,-9.255,-0.19717726432223595,0.17236614576198875,-8.736444468384686
256.683,-9.532,-0.21501438729563424,-0.021102445480790176,-8.947750182600863
256.756,-9.642,-0.23262942794681685,-0.07530158506893797,-9.019564362840194
256.829,-9.501,-0.2500572887721306,-0.0376414899861093,-8.99933212858268
256.902,-9.374,-0.26729486567506355,0.07180427968488665,-8.907123935814615
256.975,-9.358,-0.2842279912560692,0.05910581010433885,-8.93675553097617
257.048,-9.386,-0.30094796679790103,0.0030993806663656034,-9.009481935955973
257.121,-9.477,-0.3174605919771857,-0.06706928989999289,-9.096163231701617
257.194,-9.519,-0.33373467404734625,-0.11645284741260685,-9.161820871284393
257.267,-9.315,-0.34969196765345484,-0.0465130307947264,-9.10783834827262
257.34,-9.478,-0.3654263720250821,0.03965829633176177,-9.037401425517759
257.412,-9.238,-0.3807270548922879,0.10220266982192329,-8.990157734894803
257.485,-9.402,-0.39593658263095277,0.028947735999167883,-9.078622196456225
257.563,-9.439,-0.411865654514691,0.035490325203950124,-9.088008679135179
257.641,-9.396,-0.427503549570839,0.0468559143219383,-9.092280985073339
257.719,-9.494,-0.4428464283271169,0.02968933520927076,-9.124790442942285
257.797,-9.587,-0.45787419161348025,-0.03300269447496371,-9.202510235912882
257.875,-9.741,-0.47249359284630443,-0.1138832684836205,-9.298010211154365
257.953,-9.692,-0.4868029126291622,-0.08810920985421321,-9.286545472307814
258.031,-9.6,-0.5007990303757531,-0.03150020582536015,-9.243932586025553
258.109,-9.595,-0.5144789018348485,-0.007978298492919852,-9.234090550152208
258.187,-9.64,-0.5277641986340145,-0.007777868208883101,-9.247175416667336
258.265,-9.273,-0.5406726936818042,0.10856635084208748,-9.143739692664155
258.343,-9.513,-0.5532534595698858,0.13306228024294875,-9.131824529151377
258.421,-9.427,-0.5655041792130792,0.050285784659788654,-9.22685174437773
258.499,-9.581,-0.5774166180463614,-0.06941873314459472,-9.358468701015394
258.577,-9.55,-0.5888675122926987,-0.037937280915397005,-9.338438143032533
258.655,-9.386,-0.599979824089066,-0.016476700652201973,-9.328089874565707
258.733,-9.446,-0.6107519613631671,0.0017295103461549566,-9.320655800841452
258.811,-9.28,-0.6211824077556286,0.013165574350824334,-9.319650183229243
258.889,-9.253,-0.6312018739509564,-0.03123011905867582,-9.374065342834072
258.967,-9.162,-0.6408080778301687,-0.09249800824319263,-9.4449394358978
259.044,-9.216,-0.6499515252552363,-0.09256029578737837,-9.454145170867053
259.122,-8.904,-0.6588698109317753,-0.03476023738587657,-9.40526339814209
259.2,-8.787,-0.6674399120037128,0.04819403807988116,-9.330879223748271
259.278,-8.818,-0.6755238302068467,0.049821100561731495,-9.337336079469555
259.356,-8.558,-0.6832581637008666,0.11391293077942734,-9.28097858274588
259.434,-8.746,-0.6906427942515863,0.11735601177919432,-9.28492013229683
259.512,-8.935,-0.697677674649223,0.04146844714310856,-9.367842577330553
259.59,-8.884,-0.7043004761042931,0.1356038613547931,-9.280329964573939
259.668,-9.351,-0.7104992744042155,-0.03740402044139131,-9.459536644670045
259.746,-9.466,-0.7163495391337309,-0.18080958734782035,-9.60879247630599
259.824,-9.794,-0.7218518832720248,-0.21767082145997568,-9.65115605455644
259.902,-9.705,-0.7270069875403047,-0.12295720940576359,-9.561597546770507
259.98,-9.707,-0.7316926887745956,-0.04059588818965185,-9.483921926788687
260.058,-9.628,-0.7360219431752852,0.1537654093569531,-9.293889883642771
260.136,-9.242,-0.7400083407387205,0.22574283070538428,-9.225898859857775
260.214,-9.623,-0.7436531814406508,0.10995706089734132,-9.345329470367748
260.292,-9.66,-0.7469096547392339,-0.005483751270577554,-9.464026755834249
260.37,-9.591,-0.7497446023189169,-0.07850892468981341,-9.539886876833169
260.448,-9.787,-0.752244798888992,-0.1409362250744677,-9.604814373787898
260.6939,-9.164,-0.7578658523732306,0.13770482445800866,-9.33179437773966
261.1074,-9.29,-0.7593813983926234,-0.024874362014189393,-9.495889110231252
261.529,-9.48,-0.7512706694713038,0.0069391027120135835,-9.45596491658373
261.9589,-9.91,-0.7337388596680492,0.03726897224676105,-9.408103237245728
262.3972,-10.328,-0.7071291208112765,-0.1651908329496561,-9.583953303585371
262.8442,-9.476,-0.6717764825202781,0.11326014226562128,-9.270149690079094
263.3,-9.806,-0.6285099215635261,-0.07270701456843796,-9.412850285956402
263.7648,-9.656,-0.5779878614781033,-0.03217740556196421,-9.321798616864506
264.2386,-8.948,-0.521293062005558,0.06243191773079432,-9.170494494099202
264.7217,-8.911,-0.45946242489793915,-0.07575688048768464,-9.246852655210063
265.2143,-8.221,-0.393653796553293,0.09358545828900651,-9.011701688088724
265.7164,-8.499,-0.32512069925563614,-0.02502218098537713,-9.061776230065453
266.2282,-8.604,-0.25510900461594244,-0.02158216384181907,-8.9883245182822
266.7498,-8.432,-0.18484565946805087,0.05535155552034173,-8.841127453772147
267.2815,-8.982,-0.11544949820278531,-0.1057843104249467,-8.93286715845217
267.8234,-8.242,-0.04797241281610828,0.07266070400040013,-8.686945058640147
268.3755,-8.413,0.01669945904988428,-0.014095420921932712,-8.709029311696488
268.9381,-8.502,0.07789054150217051,0.013896591422432809,-8.619846216899836
269.5114,-8.793,0.13514104889067827,-0.04060484182249642,-8.617097142756256
270.0954,-8.534,0.18814430439706206,0.024628425734342273,-8.498860619693033
270.6903,-8.574,0.23683384042872,-0.028886249773493355,-8.503685759169212
271.2962,-8.209,0.28131678623008044,0.036086790656401094,-8.394229772937956
271.9134,-8.302,0.3217982967915307,-0.006216238424956404,-8.396051291457864
272.5419,-8.294,0.35852354594276964,-0.03187130197841468,-8.384981105860083
273.1819,-7.669,0.3917072674742002,0.017446553437326234,-8.302479528912913
273.8335,-7.31,0.4213716979382704,0.023928514709542322,-8.266333137176627
274.497,-7.403,0.4473303396136064,-0.009835461917265077,-8.274138472128097
275.1725,-7.352,0.4689734643748487,0.0008935476613392568,-8.24176633778825
275.8601,-7.348,0.4853116277534527,0.010698238279780942,-8.215623483791205
276.5599,-7.524,0.4948450652797229,0.0152336399690764,-8.201554644575639
277.2723,-8.041,0.49560134426804875,-0.011848713261170603,-8.227880718817561
277.9972,-8.318,0.48520447090378493,-0.04881672891926566,-8.275245607839919
278.7349,-8.026,0.4609298765793768,-0.04572285779859624,-8.296426331043659
279.4856,-6.566,0.42015999098116696,0.0815831008600453,-8.209890257983226
280.2494,-6.55,0.360375545086095,0.0659378276679945,-8.28531997707035
281.0265,-8.041,0.2798361793107691,-0.026566421692722903,-8.458363592206393
281.8172,-8.877,0.17775343759001255,-0.04317927744537971,-8.577059189679806
282.6215,-8.971,0.05490574135415082,-0.009524288099524854,-8.666251896569813
283.4397,-8.943,-0.08602456476586781,0.0043627507786374526,-8.793295163811669
284.2719,-9.045,-0.2400784005880304,0.001493148228174379,-8.950218602184295
285.1185,-9.127,-0.3999645932481009,0.011514803124036107,-9.100083139948504
285.9795,-9.437,-0.5559383387156814,0.010604619915067698,-9.256967068625052
286.8552,-10.07,-0.6962700906999278,-0.025805065873762703,-9.43370850639813
287.7459,-9.928,-0.8079022973808327,-0.00822417843634558,-9.527759825641617
288.6517,-9.69,-0.8773526631079056,-0.00892541959431292,-9.597911432526658
289.573,-9.122,-0.8921560803036132,0.020797937365399817,-9.582991492762652
290.5098,-9.112,-0.8423583774183316,0.01769400978917032,-9.5362977174536
291.4626,-9.478,-0.722098613292254,-0.013069182496476955,-9.44680114561317
292.4315,-9.366,-0.5316834048788215,0.013848403681032247,-9.229468351022229
293.4168,-9.955,-0.27837980744243135,-0.11829414953512199,-9.108307306801992
294.4188,-7.271,0.022575340922332033,0.11189445939654001,-8.577163549505567
295.4379,-7.751,0.3480013705411202,0.007199745847142682,-8.356432233436177
296.4742,-8.329,0.667848359597607,-0.027983856376636636,-8.071768846603469
297.5281,-8.027,0.9476153617961212,0.01559620908580678,-7.748421778942511
298.5999,-8.244,1.151808306542177,0.005475801912210253,-7.554349241370051
299.69,-8.586,1.2479598452018752,-0.033846783905861454,-7.497520288528425
300.7986,-8.073,1.212372680635954,-0.05216171898756511,-7.551422388176049
301.9262,-6.36,1.0342009042537021,0.062338485345424466,-7.615093960225312
303.0731,-6.67,0.7204150102343603,0.03316402708412726,-7.958054312505951
304.2398,-8.092,0.2972315812952393,-0.0446513518238876,-8.459053120353087
305.4265,-7.872,-0.18955422050050388,0.013596618169718184,-8.887590952155225
306.6337,-8.097,-0.67850249731193,-0.0002022396479090264,-9.390338086784277
307.8618,-8.357,-1.0993020022081663,0.03158393684371196,-9.779351415188893
309.1113,-9.807,-1.3829685927166981,-0.061586446232420135,-10.156188388773558
310.3827,-9.49,-1.4733182940490623,0.022801734858897915,-10.162149909014603
311.6763,-9.837,-1.3395838312021746,-0.016172510412256844,-10.067389691438871
312.9927,-9.604,-0.9858403547366521,-0.02173876633672864,-9.719212470897821
314.258,-8.813,-0.4881461222950181,0.09120157969762574,-9.108577892421831
314.364,-9.05,-0.4416704149239125,0.03785392085067507,-9.115449843897675
314.471,-9.092,-0.3942305930412411,-0.0009847811508418235,-9.10684872401652
314.577,-9.361,-0.3467622440906554,-0.10973076005813018,-9.168126353973225
314.684,-9.453,-0.29842292985149793,-0.13732984285636982,-9.147386122532307
314.79,-9.324,-0.25016559570624486,0.001384856591616246,-8.960414088939066
314.897,-9.142,-0.20113435032573862,0.16936857739777308,-8.743399122752404
315.003,-9.237,-0.15229020972278792,0.05017919613882463,-8.813744363408402
315.109,-9.188,-0.1032337702347654,0.030452877455202976,-8.784414242604
315.216,-9.157,-0.05355956446237895,-0.03397836767520226,-8.79917128196202
315.322,-9.219,-0.004250123116848871,-0.13666886407316603,-8.852552337014453
315.429,-8.999,0.04557123793661368,-0.05862710811320981,-8.724689220001034
315.535,-8.751,0.09491958164874746,0.04958997880680696,-8.567123789368884
315.642,-8.688,0.14467170494334655,0.08053373049496698,-8.486427914386125
315.748,-8.597,0.19384411348192276,0.06855959401810585,-8.44922964232441
315.855,-8.664,0.24331034979156965,0.009351180338711957,-8.458971819694156
315.961,-8.645,0.29209221537749624,-0.01659324790329953,-8.436134382350243
316.067,-8.494,0.34059998220799964,0.000767499752689916,-8.370265867863749
316.174,-8.456,0.38923455050958516,-0.04968859079360831,-8.372087390108462
316.28,-8.357,0.4370328588965133,-0.11361690032738833,-8.388217391255314
316.387,-8.141,0.4848456461392815,-0.1013933242558574,-8.328181027941014
316.493,-7.714,0.5317246931414595,0.07611512987984108,-8.10379352680314
316.6,-7.317,0.5785058257240543,0.256697295688311,-7.876430228412073
316.706,-7.376,0.624225347520783,0.018933751716989113,-8.068474250586666
316.812,-7.336,0.6693040152733453,-0.08439282789055134,-8.126722162441643
316.919,-7.251,0.7141059325022936,-0.08152475583743922,-8.079052173159583
317.025,-6.994,0.7577489305025246,0.03313867217155726,-7.920745747150357
317.132,-7.004,0.8010042382951086,0.021916851111570993,-7.888712260417759
317.238,-7.01,0.8430189513963812,-0.035428826724571615,-7.904043225152629
317.345,-7.083,0.8845367845458679,-0.042387326620008124,-7.869483891898579
317.451,-6.824,0.9247374863433355,0.0444258374204241,-7.742470026060679
317.558,-6.913,0.9643343585299153,0.010526964384795508,-7.736772026909728
317.664,-7.149,1.002543066321596,-0.06304313820536288,-7.772133421708206
317.77,-6.96,1.0396964564096585,0.03412168580653099,-7.6378152076082495
317.877,-7.13,1.0760910112712188,0.0556873619053771,-7.579854976647843
317.983,-7.226,1.1110020776333203,0.052926639845390804,-7.547704632345727
318.09,-7.566,1.1450550230922178,-0.06929997597143765,-7.6358783027036585
318.196,-7.534,1.1775686326688293,0.06784141898335942,-7.46622329817225
318.29,-7.837,1.2052997259109965,-0.0878198868594326,-7.594153510772875
318.383,-7.934,1.2317402363575107,-0.09135423002150742,-7.571247343488435
318.477,-7.852,1.2574450202293004,0.012962260916871884,-7.441226068678266
318.57,-7.806,1.2818380523579107,0.059643452569736445,-7.3701518448967915
318.664,-7.899,1.3054289693907257,0.016693944745905374,-7.389510435687808
318.757,-7.91,1.3276915331737342,0.01755257776516382,-7.3663892388855405
318.851,-7.713,1.3490881324862776,0.03573882968274133,-7.326806387655419
318.944,-7.838,1.369144392965444,0.01514803159641068,-7.327340925262583
319.038,-7.705,1.3882736147864683,-0.02514356675400916,-7.34850330179198
319.131,-7.761,1.4060551601486286,-0.06184888032438616,-7.367427070000196
319.224,-7.673,1.4226828539510958,-0.06349836748137165,-7.352448863354715
319.318,-7.557,1.4382976797800893,0.0031169223807749726,-7.2702187476635745
319.411,-7.351,1.452562643848535,0.10737229114039987,-7.151698414835503
319.505,-7.499,1.4657615639175385,-0.029668821109905038,-7.275540607016805
319.598,-7.376,1.4775866556480826,0.0500655411268224,-7.183981153049534
319.692,-7.344,1.4882386278217627,0.05496750633748756,-7.168427215665188
319.785,-7.433,1.4975384848573203,-0.02986968159367621,-7.243964546560795
319.879,-7.451,1.5056900950449439,-0.0672859957470937,-7.2732292505265885
319.972,-7.433,1.512503488995776,-0.06880329289962174,-7.2679331537282845
320.066,-7.386,1.5181273192185556,-0.016515723604616776,-7.2100217542105
320.159,-7.197,1.5224314272757067,0.03660140458369407,-7.152600517965038
320.253,-7.309,1.5255086638279138,0.018888784305417627,-7.167235901691107
320.346,-7.281,1.5272891903243584,0.035622695130638614,-7.148721464369442
320.44,-7.099,1.5278096937981145,0.07674600940873237,-7.107077646617592
320.533,-7.277,1.527060924458965,0.017752261859948607,-7.166820163505525
320.627,-7.333,1.525023269873891,-0.04165251545232894,-7.228262595402876
320.72,-7.262,1.5217480965602352,-0.044861075158476295,-7.23474632842268
320.814,-7.447,1.517159583426327,-0.1389073475718772,-7.333381113969989
320.907,-7.193,1.5113694992547873,0.028724454683879377,-7.171539395885772
321.001,-7.152,1.5042461315000115,0.065729690250431,-7.141657528073996
321.094,-7.202,1.4958754677864436,0.01334367204992833,-7.202414209988066
321.188,-7.027,1.486157445092406,0.11481986817206145,-7.110656036559972
321.281,-7.275,1.4753092266610157,-0.03164542111375905,-7.267969544277182
321.375,-7.156,1.4631176788093356,-0.02113982345325304,-7.269655494468356
321.468,-7.26,1.4498443814168984,-0.030744950709555987,-7.292533919117097
321.562,-7.139,1.4352220585355728,-0.022041414793299168,-7.298452706082165
321.655,-7.236,1.4195700335641945,-0.03622641903032163,-7.328289735290565
321.749,-7.194,1.4025679767291754,-0.005337005730603113,-7.314402378825866
321.842,-7.009,1.384591671940138,0.0756357047574966,-7.251405973126804
321.935,-7.019,1.3654826505192574,0.032244062703335,-7.313906636601846
322.029,-7.323,1.345030810444753,-0.094055084947423,-7.4606576243271086
322.122,-7.099,1.3236937236104447,-0.02364355550890634,-7.4115831817229
322.216,-7.056,1.301024570296517,0.054596336966181484,-7.35601244256174
322.309,-7.014,1.277533204564683,0.09408288435081091,-7.340017260908945
322.403,-7.067,1.2527252082196325,0.053830516366761644,-7.405077625238045
322.496,-7.175,1.2271143901379895,-0.05184651385632519,-7.536365473542774
322.59,-7.323,1.2001867646035516,-0.16495475473594598,-7.676401339956833
322.683,-7.078,1.1725633414062988,-0.008876764894963718,-7.547946773313104
322.777,-7.101,1.1436831668805716,0.015522151653541358,-7.552428031290326
322.87,-7.026,1.1141784545015643,0.03693492156088249,-7.560519973761992
322.964,-7.079,1.0834459385645616,0.010653125524884404,-7.617534285734992
323.057,-7.165,1.052162053692081,0.024406153232140855,-7.635065142900217
323.097,-7.076,1.0385514843462598,0.04856157317564063,-7.624520292302538
323.137,-7.197,1.0245828451635957,0.07898714604946158,-7.608063358611382
323.177,-7.121,1.0105851732914586,0.10992110970142145,-7.591127066831558
323.217,-7.016,0.9964289523332215,0.09096276630895192,-7.624241631182265
323.257,-7.263,0.9820582237878602,0.004503066326975386,-7.725072059709603
323.296,-7.341,0.9680467634561447,-0.07979514115538108,-7.8233817275236746
323.336,-7.352,0.9533532567558757,-0.0801801379101651,-7.838460230978728
323.376,-7.308,0.9386238858161933,-0.07100127875078434,-7.84401074275903
323.416,-7.439,0.9237569650237918,-0.054169865215858704,-7.842046250016506
323.456,-7.104,0.9086837194523435,-0.025859620117648918,-7.828809250489744
323.496,-7.385,0.8936104738809167,0.0024506249805206367,-7.815572250963001
323.535,-7.298,0.8786263868393026,-0.01471676573889241,-7.847723728724028
323.575,-7.491,0.8632243725713702,-0.03757209742942226,-7.8859810746824905
323.615,-7.476,0.8477048557088958,-0.04398607635479323,-7.907914570470337
323.655,-7.561,0.8319895011889097,-0.022997800671479433,-7.902641649307008
323.695,-7.47,0.8162741466689013,-0.002009524988135811,-7.897368728143673
323.735,-7.45,0.8002983875136261,-0.02651962684372565,-7.937854589154538
323.775,-7.398,0.7842854276961927,-0.0575294969191085,-7.984877419047355
323.814,-7.683,0.768574238821559,-0.051387331546998705,-7.9944464425498785
323.854,-7.654,0.752279698853828,0.021536480365077538,-7.937817170605533
323.894,-7.414,0.7359851588860737,0.09446029227725741,-7.881187898661107
323.934,-7.596,0.7194651297036517,0.0989963120078991,-7.893171908112888
323.974,-7.427,0.7029053083069002,0.0914638978242364,-7.917264143693302
324.014,-7.568,0.6862584327977851,0.07847094805311519,-7.946903968973538
324.054,-7.607,0.6694498853657762,0.05533700361962696,-7.986846460839035
324.093,-7.663,0.653061551619534,0.0327814077969299,-8.025790390407973
324.133,-7.611,0.6360616610007476,0.015441711101021592,-8.060129977722669
324.173,-7.759,0.6190211824332262,-0.0006689027414811366,-8.093281070132694
324.213,-7.801,0.601910856769338,-0.027977355647404653,-8.137699848702505
324.253,-7.742,0.5846554640591738,-0.07854285891567406,-8.205520744680939
324.293,-8.032,0.5674000713489851,-0.12910836218401534,-8.273341640659469
324.333,-7.931,0.5499815821632709,-0.08054682704278789,-8.242198594703956
324.372,-7.846,0.5329648238906848,-0.012698056427254883,-8.19136658236101
324.412,-7.977,0.515457653087986,0.040909477564213495,-8.155266219172239
324.452,-8.279,0.4978242830304293,0.05722813127654778,-8.15658093551746
324.492,-7.937,0.48019091297287264,0.07354678498888206,-8.157895651862683
324.532,-8.16,0.46242737648467613,0.04324999726681617,-8.205955976072946
324.572,-8.196,0.4446312983887882,0.0012993491861171148,-8.265702702249532
324.611,-8.136,0.4272402524503437,-0.037833656272384886,-8.32222675364648
324.651,-8.184,0.40929919328184333,-0.07335202646162403,-8.37568618300422
324.691,-8.29,0.3913581341133685,-0.10887039665081269,-8.429145612361884
324.731,-8.288,0.3733185553076735,-0.06950467367341187,-8.407819468190178
324.771,-8.165,0.3552503740266639,-0.008398407518568442,-8.364781383316345
324.811,-8.173,0.3371521765922348,0.03310981659881267,-8.341371356633392
324.851,-8.279,0.31897484566233325,0.022950475344769475,-8.369708028817335
324.89,-8.19,0.30125194800569405,0.013045117622085654,-8.397336284196658
324.93,-8.329,0.28300630536320326,0.01820170170314323,-8.410425342758092
324.97,-8.175,0.2647378921498494,0.028463594229224717,-8.418431863445365
325.01,-8.25,0.24645124425926995,0.0325260804109262,-8.432656025154243
325.05,-8.153,0.22810989233690993,0.01799034755951076,-8.465533109928018
325.09,-8.28,0.20976854041457602,0.0034546147081159747,-8.498410194701746
325.13,-8.4,0.1913861352253658,0.034481665913922176,-8.48576554868515
325.169,-8.36,0.17344994785417447,0.07954094565822667,-8.458642456312036
325.209,-8.217,0.1550456461841065,0.10192443940153743,-8.454663264238794
325.249,-8.643,0.13661305853450487,0.042222853522966244,-8.532797437766968
325.289,-8.437,0.11818047088492946,-0.017478732355520103,-8.61093161129503
325.329,-8.53,0.09973466024976736,-0.03287566606862918,-8.6447743556433
325.369,-8.533,0.08128383399939265,-0.03146738689135164,-8.661816902716398
325.408,-8.525,0.0632942827588866,-0.03249893405641844,-8.680838001121971
325.448,-8.522,0.04484347827650919,-0.04311375169363083,-8.70990362324156
325.488,-8.68,0.026392673794105558,-0.0537285693308583,-8.738969245361192
325.528,-8.474,0.007954654267882803,-0.07270525449823809,-8.776383950054795
325.568,-8.462,-0.010477885991379101,-0.09526559717850579,-8.817376832994324
325.608,-8.802,-0.028903132260657754,-0.10428714227493105,-8.844823624360027
325.648,-8.533,-0.04729920256989853,-0.059153497035665886,-8.818086049430002
325.687,-8.655,-0.06523537112139326,-0.015148192927419235,-8.792016913873251
325.727,-8.72,-0.08359457280597016,0.050738307419010635,-8.744489615211398
325.767,-8.477,-0.10193602293056239,0.12661692318753448,-8.686952449567466
325.807,-8.555,-0.12026475121432109,0.17334872442469618,-8.658549376614063
325.847,-8.716,-0.13853350510555287,0.08267411429988493,-8.767492740630106
325.887,-8.797,-0.15680225899681063,-0.008000495825055187,-8.876436104646304
325.927,-8.892,-0.1750098042300424,-0.025609090880410582,-8.91225224493489
325.966,-8.684,-0.19273342676796643,-0.00847703620740248,-8.912843812799807
326.006,-8.881,-0.21089521844494913,0.004235709708111768,-8.918292858561275
326.046,-8.684,-0.22896474137031797,-0.010583566903464564,-8.951181658098221
326.086,-9.017,-0.24703426429568684,-0.025402843515040897,-8.984070457635166
326.126,-8.862,-0.26502169624511507,-0.003906694392098147,-8.980561740461653
326.166,-8.936,-0.2829649253613837,0.03714391474183534,-8.957454360443988
326.206,-8.937,-0.30088657123391394,0.06304960721912983,-8.949470313839223
326.245,-9.062,-0.31824092853796265,0.004631992857030204,-9.02524228550537
326.285,-9.074,-0.3360402693626429,-0.05528350905286578,-9.102957128239947
326.325,-9.303,-0.35373878713855733,-0.058455640390794865,-9.12382777735379
326.365,-9.126,-0.3713768110852525,-0.027581749385551056,-9.110591910295243
326.405,-9.15,-0.38899251481749925,-0.004857672934675271,-9.105483537576614
326.445,-9.145,-0.4064519770488074,-0.03918229836411728,-9.157267625237363
326.484,-9.362,-0.4234749527243187,-0.07264880815779519,-9.207757110706552
326.524,-9.17,-0.4408170518603669,-0.02951167902032047,-9.181962080705127
326.564,-9.252,-0.45808090893290837,0.06526661982849322,-9.104447638928853
326.604,-9.071,-0.47532352302641784,0.1400183304978872,-9.04693854235297
326.644,-9.22,-0.4923749503088825,0.03453074755185862,-9.169477552581462
326.684,-9.36,-0.5094263775913471,-0.07095683539416994,-9.292016562809955
326.724,-9.424,-0.5263403938117459,-0.06931117216740253,-9.307284915803587
326.763,-9.332,-0.5427422424363173,0.0019299594907922352,-9.252445632769962
326.803,-9.225,-0.559546249717807,0.06627867772530602,-9.20490092181694
326.843,-9.398,-0.576123304373685,0.02309171696935738,-9.264664937228765
326.883,-9.349,-0.5927003590295392,-0.02009524378652988,-9.324428952640506
326.923,-9.408,-0.6091270969425006,-0.028123260390056522,-9.348883707156995
326.963,-9.304,-0.6254427311759149,-0.010164231315740044,-9.347240312316092
327.003,-9.375,-0.6417375753487837,0.008721237569804825,-9.344649687603416
327.042,-9.552,-0.6573750479395581,0.03827500846360222,-9.330733389300395
327.082,-9.509,-0.673413481366007,0.06858656835470188,-9.316460262835744
327.122,-9.142,-0.6892909411594791,0.0522065220672075,-9.34871776891671
327.162,-9.518,-0.7050366952532204,-0.0023757474573175594,-9.419045792534977
327.202,-9.54,-0.7207670573308447,-0.054881781135349965,-9.487282188290633
327.242,-9.659,-0.7362049711018194,-0.06793933372872525,-9.515777654654983
327.281,-9.491,-0.7512569370285072,-0.08067044750725548,-9.5435607343602
327.321,-9.795,-0.7665254498628044,-0.04635010048367869,-9.524508900170922
327.361,-9.761,-0.7816406951829433,0.030835965240821966,-9.46243807976656
327.401,-9.5,-0.7967475117841755,0.10534559839721501,-9.403035263211398
327.441,-9.49,-0.8115256083471991,0.07547436139667511,-9.447684596774963
327.481,-9.614,-0.8263037049102436,0.04560312439609276,-9.49233393033859
327.521,-9.669,-0.8408973864744721,0.034266993085284,-9.518263743213627
327.56,-9.814,-0.8549635456256275,0.03956487614785572,-9.527032019302212
327.6,-9.676,-0.8693903755242606,0.04499860236588255,-9.536025122982817
327.64,-9.884,-0.8834521974294914,-0.04687186878198249,-9.641957416035913
327.68,-9.963,-0.8975140193347422,-0.1387423399299781,-9.74788970908916
327.72,-9.925,-0.9113866617512362,-0.15865609649728582,-9.781676108072961
327.76,-9.606,-0.9250701246789543,-0.10661313848418418,-9.743316612987577
327.8,-9.843,-0.938753587606692,-0.05457018047100856,-9.70495711790214
327.834,-9.757,-0.9500519207593972,-0.033099409030839834,-9.694784679614676
327.868,-9.77,-0.9613502539121023,-0.011628637590671113,-9.684612241327212
327.902,-9.807,-0.972628395215039,0.012042955367514867,-9.672218789671962
327.936,-9.543,-0.9835834669216824,0.0709276926137892,-9.624289124132332
327.971,-9.604,-0.9948607466197085,0.13154433389677656,-9.574949762547371
328.005,-9.668,-1.0057638259903694,0.17680363599970964,-9.540593539815099
328.039,-9.542,-1.0163653498123313,0.14303541427120145,-9.58496328536557
328.073,-9.834,-1.026966873634293,0.10926719254269328,-9.629333030916039
328.107,-9.78,-1.0374935675648616,0.07120273687671431,-9.677924180512585
328.141,-9.843,-1.0477316319142553,0.016567093166499396,-9.742797888572195
328.176,-10.025,-1.0582708158033303,-0.039675481241037175,-9.809579646868805
328.21,-9.978,-1.0683991782589795,-0.07570327795096492,-9.855735806034383
328.244,-9.94,-1.0782642561696585,-0.06707224186014661,-9.856969847854243
328.278,-9.945,-1.0881293340803209,-0.05844120576934274,-9.858203889674101
328.312,-10.046,-1.0978595463096559,-0.052786598672924255,-9.86227949480702
328.347,-10.028,-1.1076214153334205,-0.05258295981307144,-9.87183772497093
328.381,-10.069,-1.1171043738136557,-0.05238513920635715,-9.881122862844451
328.415,-10.041,-1.1264148986808347,-0.046905919124382855,-9.884954167629656
328.449,-9.947,-1.135507007638108,-0.034736926373784,-9.88187728383633
328.483,-10.047,-1.1445991165953815,-0.022567933623185137,-9.878800400043005
328.518,-10.069,-1.153747316165605,-0.0033416485660829813,-9.868722314556125
328.552,-10.029,-1.1624402568941838,0.021481730055173728,-9.852591876663448
328.586,-10.026,-1.171133197622748,0.046305108676388936,-9.836461438770797
328.62,-10.013,-1.1795866868772251,0.03113066907550263,-9.860089367626161
328.654,-10.212,-1.187872560099841,-0.012042243280900205,-9.91154815320518
328.689,-10.175,-1.1964021354760712,-0.0564849471772397,-9.96452043247775
328.723,-10.193,-1.2044075847386557,-0.03238953277486741,-9.948430467337962
328.757,-9.828,-1.2122789181942695,0.023877690077223734,-9.900034577941485
328.791,-10.019,-1.2201502516498832,0.08014491292931487,-9.851638688545007
328.825,-10.127,-1.2277116013658746,0.05708646172409107,-9.882258489466222
328.86,-10.245,-1.235380467393542,0.003952659214995424,-9.943061158002985
328.894,-10.254,-1.2428302229632688,-0.04766303465093389,-10.00212660743864
328.928,-10.124,-1.249927363657791,-0.01225126027998351,-9.973811973762214
328.962,-10.199,-1.2569489440219124,0.041809257284482995,-9.926773036561867
328.996,-10.095,-1.2639705243860337,0.0958697748489495,-9.879734099361523
329.031,-10.145,-1.2708026191172042,0.09558944104006979,-9.886846527901573
329.065,-10.026,-1.2773898739366583,0.08830642749939997,-9.900716796261698
329.099,-10.143,-1.2839771287561126,0.08102341395873017,-9.914587064621822
329.133,-10.137,-1.2901373022311664,0.01729980828257276,-9.984470843773032
329.167,-10.15,-1.2962845338472988,-0.04813411836744623,-10.056052002039182
329.202,-10.354,-1.302586374453964,-0.11102176449917982,-10.125241488777583
329.236,-10.2,-1.308288343100993,-0.10045195901262506,-10.120373651938056
329.27,-10.191,-1.3139903117480223,-0.08988215352607029,-10.115505815098532
329.304,-10.316,-1.3196393344983641,-0.08102437992503221,-10.112297064247835
329.338,-10.265,-1.324891263023557,-0.08500684546550967,-10.121531458313505
329.372,-10.417,-1.3301431915487407,-0.08898931100598048,-10.13076585237916
329.407,-10.255,-1.3354560458226656,-0.08641637563790973,-10.133505771285014
329.441,-10.184,-1.340253623909583,-0.05798939883115576,-10.109876372565177
329.475,-10.156,-1.3450512019965082,-0.029562422024354267,-10.0862469738453
329.509,-10.174,-1.3497274944433542,0.003916180625181814,-10.057444663642611
329.543,-9.862,-1.3540668823344473,0.051427077282410576,-10.014273154876475
329.578,-10.014,-1.358533899281158,0.10033535325305452,-9.969831895852543
329.612,-9.986,-1.3627103849924291,0.13925413931591601,-9.935089595500953
329.646,-9.937,-1.36658821670734,0.16242072262221927,-9.91580084390956
329.68,-9.732,-1.3704660484222506,0.18558730592852252,-9.896512092318167
329.714,-10.025,-1.3741526378032722,0.14971634171189388,-9.936069645915817
329.749,-10.003,-1.3776664175574318,0.02597042630813435,-10.063329341073736
329.783,-10.368,-1.3810798036043266,-0.09423989151254578,-10.18695304494131
329.817,-10.132,-1.3842597614165881,-0.14233854825460598,-10.238231659495632
329.851,-10.169,-1.3872062909942167,-0.11832554391804628,-10.2171651847367
329.885,-10.246,-1.390152820571845,-0.09431253958148658,-10.19609870997777
329.92,-10.108,-1.39291025579064,-0.03952738860513047,-10.14407099422021
329.954,-10.147,-1.3953879984793667,0.035597614802103925,-10.071423733501701
329.988,-9.959,-1.397865741168093,0.11072261820933832,-9.998776472783193
330.022,-10.031,-1.4000392136669308,0.08214945541697238,-10.029523108074397
330.056,-10.257,-1.4020467206076477,-0.002986343484290839,-10.116666413916377
330.091,-10.247,-1.4041132718701523,-0.09062613647096907,-10.20637275816556
330.125,-10.289,-1.4057743064723274,-0.08135041833132581,-10.198758074628092
330.159,-10.317,-1.4073106110326268,-0.03808655405687038,-10.157030514913936
330.193,-10.16,-1.4088469155929264,0.0051773102175850525,-10.11530295519978
330.227,-10.128,-1.4100086454743244,0.007830779340683052,-10.11381121595808
330.262,-10.064,-1.4111045756939224,-0.000275994614408476,-10.12301392013277
330.296,-10.193,-1.412169193621531,-0.008151146456489866,-10.13195368990246
330.33,-10.212,-1.4128176154930396,-0.002107531770553659,-10.126558497088032
330.364,-10.355,-1.4134105445570682,0.005791918452462111,-10.119251975929044
330.398,-10.19,-1.4140034736210974,0.013691368675491087,-10.111945454770044
330.433,-10.133,-1.414156490948287,-0.003446686556550516,-10.129236527329276
330.467,-10.233,-1.4142782100693907,-0.021582831354570266,-10.147494391248399
330.501,-10.254,-1.414386098271378,-0.03846280444929485,-10.164482252545112
330.535,-10.249,-1.4140375661425209,-0.013889111334237923,-10.139560027301197
330.569,-9.985,-1.4136890340136643,0.01068458178077792,-10.114637802057326
330.603,-10.217,-1.4132991358844167,0.03333174959002918,-10.091600736118826
330.638,-10.274,-1.4124577494726966,0.03615206981754292,-10.087939029479593
330.672,-10.386,-1.4116404026727385,0.038891809467134095,-10.084381943030044
330.706,-10.171,-1.4107406612968159,0.04012313789079806,-10.082250873230457
330.74,-10.296,-1.4094564118997233,0.03431521392686589,-10.086774547797296
330.774,-10.141,-1.4081721625026309,0.028507289962933714,-10.091298222364136
330.809,-10.291,-1.4067271804385886,0.019177286689756507,-10.09918324357327
330.843,-10.203,-1.4049784131215914,0.0007090546647139829,-10.115902708281316
330.877,-10.445,-1.4032296458045943,-0.017759177360328542,-10.132622172989361
330.911,-10.286,-1.4013315165960594,-0.027443096366881012,-10.140407962787378
330.945,-10.331,-1.3991210852506737,-0.01875981542574755,-10.12951425050086
330.98,-10.265,-1.396845641218657,-0.009821143868689862,-10.118300134911786
331.014,-10.398,-1.394446479659736,-0.010654000035422672,-10.116733829519598
331.048,-10.361,-1.3917777035100503,-0.02508133778479951,-10.128492391119288
331.082,-10.392,-1.3891089273603645,-0.03950867553417634,-10.14025095271898
331.116,-10.432,-1.3862262384496933,-0.0405456150927,-10.138405203366831
331.151,-10.383,-1.3830110347191804,-0.026105790262727475,-10.120750174806346
331.185,-10.354,-1.3798876939523992,-0.01207853185648185,-10.10359957563332
331.219,-10.439,-1.376512699125292,-0.0021226670641729005,-10.090268716013904
331.253,-10.453,-1.3729390300400333,0.004618939611874099,-10.079953440252597
331.287,-10.349,-1.3693653609547742,0.0113605462879211,-10.069638164491291
331.322,-10.433,-1.3653982278610997,0.014805702775217762,-10.06222587491032
331.356,-10.478,-1.3613789175394426,0.016146358856091947,-10.056865908507788
331.39,-10.465,-1.3573596072177856,0.017487014936966135,-10.051505942105257
331.419,-10.194,-1.353685205055171,0.03019217431435307,-10.035126380565256
331.447,-10.03,-1.3500124125338913,0.048334477758057166,-10.013311284600272
331.476,-10.349,-1.3462084488511403,0.0671247206104492,-9.99071707806513
331.504,-10.277,-1.342484487109277,0.07854052053545453,-9.975577316398262
331.533,-10.303,-1.3383095465772985,0.048563612877519445,-10.001379283524217
331.562,-10.389,-1.3341346060453203,0.018586705219584363,-10.027181250650175
331.59,-10.439,-1.3301036289799666,-0.010356515967352996,-10.052093494771759
331.619,-10.197,-1.3256889891581805,-0.03377539243139928,-10.071097731414019
331.648,-10.221,-1.3211481918154553,-0.05374267353015538,-10.08652421517005
331.676,-10.293,-1.31676397369145,-0.07302142769444868,-10.101418751210337
331.705,-10.391,-1.3121610428311292,-0.08291589157050064,-10.106710284226068
331.733,-10.354,-1.3074288770085791,-0.04578686928759824,-10.064849096120616
331.762,-10.038,-1.302527705263799,-0.00733181049462449,-10.021492865582863
331.791,-10.169,-1.297626533519019,0.031123248298349258,-9.978136635045109
331.819,-10.199,-1.2926620854199145,0.01669076146893623,-9.987604673775417
331.848,-10.175,-1.287406377568815,-0.02355332522527582,-10.022593052618529
331.877,-10.175,-1.2821506697177156,-0.06379741191948786,-10.057581431461642
331.905,-10.263,-1.2770161330385505,-0.09182138888614041,-10.080470871749128
331.934,-10.246,-1.2714120764144043,-0.06923765649952447,-10.052283082738366
331.962,-10.161,-1.266001263122142,-0.04743267350561913,-10.025067286452199
331.991,-10.066,-1.2603972064980067,-0.024848941119047445,-9.996879497441492
332.02,-10.173,-1.2545574122117655,0.022738598268099406,-9.943452163768104
332.048,-10.225,-1.2488165661925437,0.07954891106291109,-9.88090100495407
332.077,-10.206,-1.2428706899583546,0.1383881636003452,-9.816115876182447
332.106,-9.736,-1.2368555124465679,0.17061096729575279,-9.777877894975253
332.134,-10.13,-1.2307912604652222,0.10321118549376829,-9.839213424795892
332.163,-10.169,-1.2245104280559764,0.033404268627485835,-9.902739509252928
332.191,-10.026,-1.2184461760746432,-0.033995513174361836,-9.964075039073444
332.22,-10.016,-1.2119392978951973,-0.04077635429261033,-9.964349002012247
332.249,-9.997,-1.2053306991191797,-0.019195461324233207,-9.936159510267851
332.277,-10.115,-1.1989499830595842,0.0016412629210716377,-9.90894206996295
332.306,-9.857,-1.1922751239216711,0.015278135913223814,-9.888630337832886
332.334,-10.036,-1.1855851928398806,-0.0009572330640128373,-9.898175775728332
332.363,-10.065,-1.1786563356480322,-0.017772436647565244,-9.908062122120036
332.392,-9.889,-1.1717274784561835,-0.03458764023111765,-9.91794846851174
332.42,-10.068,-1.164822070908774,-0.02286026757559038,-9.899315688308803
332.449,-9.868,-1.1575807728417786,0.00087050420828145,-9.868343618457937
332.478,-9.795,-1.150339474774783,0.024601275992153282,-9.837371548607068
332.506,-9.845,-1.143284913342488,0.03557867321392442,-9.819339589953001
332.535,-9.963,-1.1357392926653238,0.0016232632447562812,-9.845749379245007
332.563,-9.727,-1.1284538658046361,-0.031161270518475195,-9.87124848614755
332.592,-9.974,-1.1209082451274865,-0.06511668048757678,-9.897658275439502
332.621,-9.798,-1.1131483427758966,-0.054789136315607535,-9.879570828915943
332.649,-9.853,-1.1055772070159398,-0.028529731223984653,-9.845740288064363
332.678,-9.87,-1.0977356735502766,-0.0013324902362552276,-9.81070151361097
332.707,-9.777,-1.0898248109091848,0.0188744765892553,-9.782583684144369
332.735,-9.745,-1.0819763584475133,0.01717278503200262,-9.77643692323995
332.764,-9.764,-1.0738476041122174,0.01541031877627811,-9.770070635160378
332.792,-9.794,-1.0659991516505618,0.013708627219028886,-9.76392387425597
332.821,-9.691,-1.0576689011610518,-0.020597465763284965,-9.789899716748776
332.85,-9.656,-1.0492618902318633,-0.06730113083187604,-9.828196370888179
332.878,-9.857,-1.0411447762312773,-0.1123943246911517,-9.865172450746869
332.907,-9.888,-1.0326728270331254,-0.12652473259116745,-9.870830909448731
332.936,-9.473,-1.023996786132516,-0.038282046532917,-9.773912182489871
332.964,-9.652,-1.015619919056059,0.04691778828201708,-9.680335480598481
332.993,-9.543,-1.0069438781554498,0.13516047434026754,-9.583416753639622
333.021,-9.48,-0.9983790601587293,0.13085026586003237,-9.579162144123135
333.05,-9.671,-0.9894434679872806,0.09548384451077196,-9.605592973300947
333.079,-9.569,-0.9805078758158319,0.06011742316151156,-9.63202380247876
333.107,-9.611,-0.9718201034760654,0.03673732746461126,-9.646716125835892
333.136,-9.671,-0.9626346802971234,0.045976195053886906,-9.628291835067674
333.165,-9.483,-0.9534492571181814,0.055215062643162546,-9.609867544299458
333.193,-9.542,-0.9445805726695583,0.06413534859141806,-9.59207857390258
333.222,-9.457,-0.9352131716114848,0.022175991671890813,-9.624670529764034
333.25,-9.635,-0.9261128789530396,-0.03406509902747504,-9.671811327804955
333.279,-9.514,-0.9166875758425151,-0.09231480010891216,-9.720635725775866
333.308,-9.737,-0.9071989047275562,-0.1251990761250666,-9.744031330677062
333.336,-9.612,-0.8978768240535897,-0.0926611790956726,-9.702171352973702
333.365,-9.521,-0.8882218119269897,-0.058961214315257165,-9.658816376066685
333.393,-9.525,-0.8788997312530421,-0.026423317285929244,-9.61695639836341
333.422,-9.461,-0.8690783312721997,-0.0149074558545457,-9.595619136951184
333.451,-9.462,-0.8592039897013963,-0.010450172761509816,-9.581287512287345
333.479,-9.308,-0.8496701426675286,-0.00614658908548029,-9.567450081577446
333.508,-9.487,-0.8397382141734034,-0.0030356188783500675,-9.554407182876192
333.537,-9.381,-0.8296551200055582,-0.0034587199967329677,-9.54474718982673
333.565,-9.277,-0.8199197187400442,-0.00386723142137887,-9.535420299985862
333.594,-9.315,-0.8098366245721988,-0.00429033253976177,-9.5257603069364
333.622,-9.579,-0.7999510239655393,0.011222451309589977,-9.500361922480389
333.651,-9.32,-0.789669939757093,0.0317865121433005,-9.469516777438232
333.68,-9.355,-0.7793888555486467,0.05235057297701102,-9.438671632396074
333.708,-9.163,-0.769410690516229,0.06102363191725159,-9.420020408423417
333.737,-9.198,-0.7589425527948617,0.041053318491485524,-9.429522584127815
333.766,-9.25,-0.7484744150734943,0.021083005065719463,-9.439024759832213
333.794,-9.178,-0.738367247618393,0.0018013231374165585,-9.448199274305415
333.823,-9.205,-0.7277595594503601,0.005204782799052843,-9.434188126475746
333.851,-9.117,-0.7174825044949493,0.014378128977173934,-9.414737725342214
333.88,-9.123,-0.7068384118625686,0.023879094661648514,-9.394592667025359
333.909,-8.976,-0.6961432034889129,0.026921590903876046,-9.380854962409476
333.937,-9.081,-0.6857071217828692,0.016001921039468917,-9.381338550567838
333.966,-8.842,-0.6748983228730473,0.004692262965628177,-9.381839409731857
333.995,-8.917,-0.6640895239632254,-0.006617395108212564,-9.382340268895877
334.023,-8.821,-0.6535318438053515,-0.016876170960489045,-9.382041364590279
334.052,-8.743,-0.6425697251084396,-0.027352527888600837,-9.381555602821479
334.08,-8.721,-0.631985610504537,-0.037467631129524316,-9.3810865914585
334.109,-8.749,-0.620979482511024,-0.03810128213677558,-9.37071411447224
334.138,-8.585,-0.6098755560806187,-0.01686225331974727,-9.338371159224804
334.166,-8.556,-0.599154523665046,0.0036443951932628093,-9.307143478296222
334.195,-8.425,-0.5880505972346407,0.02488342401029112,-9.274800523048789
334.223,-8.495,-0.5772263166173114,0.012420372078549381,-9.2764392943632
334.252,-8.409,-0.5659922076716478,-0.007911090969494564,-9.28553664846558
334.281,-8.279,-0.5547580987259844,-0.02824255401753851,-9.294634002567962
334.309,-8.238,-0.5438746104473448,-0.041660057182074696,-9.297168017453858
334.338,-8.103,-0.5325220448792696,-0.0419722564996914,-9.2861276512034
334.367,-8.249,-0.5211694793111944,-0.0422844558173081,-9.27508728495294
334.395,-8.002,-0.5102083815213417,-0.04258588964121353,-9.264427620986993
334.424,-7.888,-0.4987675599898611,-0.04402898347812102,-9.254429893292421
334.452,-7.768,-0.4877034969093464,-0.04564979424120054,-9.244986640974986
334.481,-7.698,-0.4762442887188229,-0.04732849110296006,-9.235206129646222
334.51,-7.736,-0.4647524070294475,-0.040166936337430646,-9.216552693191318
334.538,-7.553,-0.4535968581521472,-0.017035042544060963,-9.182265250520647
334.567,-7.501,-0.44204289681495296,0.006922990313337513,-9.146753256326054
334.596,-7.429,-0.43048893547775874,0.03088102317073599,-9.111241262131461
334.624,-7.221,-0.4192648617374482,0.057434374596089244,-9.073463836965798
334.671,-7.217,-0.4004052815986108,0.1029632651356311,-9.00907536628742
334.717,-7.035,-0.3819054665370264,0.11868416870452915,-8.974854647656937
334.763,-7.201,-0.363334852947635,0.08520864121538502,-8.98975956155669
334.81,-6.978,-0.34434026869795736,0.04933152212692395,-9.006642096395472
334.856,-7.037,-0.3256764514302501,0.008156226029942362,-9.029153575224747
334.902,-7.016,-0.3070094138479431,-0.03212537658358104,-9.050768140255963
334.949,-7.029,-0.2878641840291345,-0.05319399095195706,-9.05269152480553
334.995,-7.016,-0.269126299525633,-0.07381433692950191,-9.054573986279573
335.042,-6.944,-0.2499309326673149,-0.0733048368323543,-9.034869119324108
335.088,-7.029,-0.23113813616811152,-0.07029200982386251,-9.013063495816413
335.134,-6.846,-0.21231890974176312,-0.04576582286287129,-8.969718082429074
335.181,-6.916,-0.19308103870070642,-0.012948443210151676,-8.917662831735298
335.227,-6.903,-0.17424272545205202,0.013166042961083682,-8.872710032315407
335.273,-6.862,-0.15539754503146222,0.03505503372999601,-8.831975861125905
335.32,-6.876,-0.13614375851914864,0.046604457395990714,-8.801172650947596
335.366,-6.803,-0.11730104310857006,0.04361799428979067,-8.785316398643218
335.413,-6.912,-0.0980547779240868,0.04186182983527019,-8.767826297913256
335.459,-6.771,-0.07923355680670754,0.04345845912010054,-8.747408447511047
335.505,-6.888,-0.06041673158379839,0.03738228395708525,-8.734667797451152
335.552,-6.908,-0.041227674893611975,-0.03311073923565799,-8.78597176395371
335.598,-7.007,-0.022446896005357743,-0.10210391087105984,-8.836184156700856
335.645,-7.076,-0.0033158395427517486,-0.04279087959265565,-8.757740068959846
335.691,-6.857,0.015405650223999503,0.020906582231348877,-8.67532111736909
335.737,-6.787,0.03406438844546132,0.017039879118651385,-8.660529082260327
335.784,-6.891,0.05311315569775192,-0.003702681681112114,-8.6622228758078
335.83,-6.771,0.07169362884637251,-0.02446333381332448,-8.664403054791391
335.876,-6.781,0.09024050136383684,-0.04546901123262257,-8.666861859693226
335.923,-6.921,0.10913305220749593,-0.02748985788179946,-8.629990155498744
335.969,-6.938,0.12756489561569415,0.03038741656165603,-8.55368103764709
336.016,-6.558,0.14635107357125215,0.053094930312024106,-8.512187345941163
336.062,-6.637,0.1646496385900591,0.006241813110162267,-8.540741898124217
336.108,-6.786,0.18292188517959201,-0.025710566627212064,-8.554422031272058
336.155,-6.724,0.20146362431811768,0.013959602748832204,-8.496210122757489
336.201,-6.66,0.21960718079423222,0.05178498064004322,-8.440241188390162
336.247,-6.647,0.23758524642283038,0.04457681877438381,-8.429471284627224
336.294,-6.698,0.25595413956508456,0.03721195773773549,-8.41846725252162
336.34,-6.548,0.2737697942305181,0.005752966601866618,-8.432110588992055
336.387,-6.782,0.29194785449107585,-0.030106618827328083,-8.449792114160692
336.433,-6.734,0.3095927095211485,-0.03911259015563498,-8.441153230458925
336.479,-6.773,0.3271798768578419,-0.0378404289210716,-8.422293901887668
336.526,-6.8,0.34502434210670335,-0.015191980019715447,-8.381800987737451
336.572,-6.692,0.3623902993134911,0.02385083780859031,-8.325392212702358
336.618,-6.733,0.37966312265738666,0.022213878292858598,-8.309756348874194
336.665,-6.886,0.3971634178088112,-0.044113965590259874,-8.358583897605888
336.711,-6.857,0.41423050642366976,-0.08046047389900977,-8.377863317299779
336.758,-6.715,0.4314707641144736,-0.02471605159057529,-8.304878637300542
336.804,-6.735,0.4483206702780547,0.026778860110928247,-8.236533819435456
336.85,-6.764,0.4649234323366512,0.04610745159307989,-8.200602465894708
336.897,-6.653,0.48188712400518774,0.06585622984654838,-8.163889995972703
336.943,-6.701,0.4982220490037247,0.04043253249803468,-8.172978768322679
336.989,-6.713,0.5145382876957474,0.011886582440421596,-8.18520847968827
337.036,-6.474,0.5309728682320064,0.01576327900795005,-8.164897202584482
337.082,-6.49,0.5469870926502044,0.029439209361858152,-8.135207047812377
337.129,-6.62,0.5631495168463091,0.027780300098496868,-8.120703532879633
337.175,-6.397,0.5788466021391614,0.016660418288655814,-8.116126329396621
337.221,-6.5,0.5943921755710557,-0.029113063309410558,-8.146354237562793
337.268,-6.465,0.6100914038740028,-0.11803273834910748,-8.219574684299543
337.314,-6.537,0.6253512311089526,-0.16010392547935492,-8.246386044194841
337.36,-6.542,0.6403702013520698,-0.0994172156266939,-8.170680364099063
337.407,-6.201,0.6556608622183095,-0.033853102364516066,-8.089825589970646
337.453,-6.297,0.6703196608072659,0.05021558562905812,-7.991098103388115
337.5,-5.948,0.6852971289307754,0.13611185379646665,-7.890224367097197
337.546,-6.144,0.6995822386055242,0.06378789822737439,-7.94826321299154
337.65,-5.883,0.7314586052553985,0.01941130545067824,-7.960763439118362
337.755,-5.843,0.7627055250339068,0.042890734883539984,-7.906037089906992
337.859,-5.895,0.7926969585710901,0.016028543293456255,-7.902907847959892
337.964,-5.866,0.8219813523572568,-0.0008435650379320963,-7.890495562505114
338.068,-5.972,0.8499708550296672,-0.030454632847915313,-7.8921171276426865
338.172,-5.864,0.8769234219247397,0.0019196937189565311,-7.8327902341807425
338.277,-5.825,0.903060037220823,-7.623472902006235e-05,-7.808649547332636
338.381,-5.823,0.9278540141864009,-0.06535153050487451,-7.849130866142913
338.486,-5.792,0.9517646890851554,-0.11393159116366192,-7.873800251902945
338.59,-5.589,0.9743084771866748,-0.028503410749960236,-7.765828283387724
338.694,-5.495,0.995701527498502,0.03418179423599416,-7.681750028089942
338.799,-5.096,1.0161190172241452,0.40024744696335773,-7.295266885636936
338.903,-5.568,1.0351115962231596,-0.014290752288966315,-7.6908125058902455
339.007,-5.894,1.0528894408000349,-0.22993351042587393,-7.888677419450278
339.112,-5.703,1.0695982791429441,0.00029997894512290963,-7.641735091736372
339.216,-5.735,1.084915626277408,0.04606027472252914,-7.5806574488245015
339.321,-5.936,1.0991164397391355,-0.05817904997643167,-7.670695960061735
339.425,-5.926,1.1119270752958725,-0.08449156003035917,-7.684197834558925
339.529,-5.936,1.123476528878012,-0.04839445649014051,-7.636551277436567
339.634,-5.57,1.1338484953914032,0.07436087638168322,-7.5034239780513525
339.738,-5.786,1.1428438530884055,0.04030220225887953,-7.528487294477154
339.843,-5.591,1.150628127212139,0.10922230052749975,-7.451782922084799
339.947,-5.493,1.157052415947129,0.10923207845004529,-7.445348855427264
340.051,-5.976,1.1621944114536495,-0.06368617304103065,-7.6131251114118195
340.156,-5.922,1.1660857807852612,-0.13093306635907986,-7.676480635398257
340.26,-6.061,1.1686532133176524,-0.11937822118889153,-7.662358357695678
340.365,-5.969,1.169950981704504,-0.023245819638667353,-7.5649281877586025
340.469,-5.829,1.1699560422885955,0.09740227011526136,-7.444275037420582
340.573,-5.944,1.1686939358950483,0.08874199445009903,-7.454197419479292
340.678,-6.039,1.1661446531352437,0.038900071963908996,-7.506588624725286
340.782,-6.228,1.162359823582541,-0.028917248510407934,-7.578190774752305
340.887,-6.25,1.1572835353797486,0.0032451400826444465,-7.551104674362046
340.982,-6.434,1.1515715602822805,-0.04167210924537095,-7.601733898787529
341.078,-6.46,1.144772283469827,-0.026862325436639935,-7.593723391791252
341.174,-6.654,1.1369470034705123,-0.051333131936220196,-7.6260194782901465
341.269,-6.602,1.1282026954647992,0.013662852398411838,-7.569767801961228
341.365,-6.636,1.1183729374322742,0.05487477625882357,-7.538385636133341
341.461,-6.752,1.1075555300734021,0.02927312921623497,-7.574804690534802
341.556,-6.863,1.0958921864858386,-0.003382692647260839,-7.619123855985861
341.652,-6.925,1.0831545599791494,-0.00330498918000441,-7.631783779025294
341.748,-6.954,1.0694755651130667,-0.03345537543781196,-7.675613160149184
341.844,-7.213,1.0548723742880435,-0.05819989983773621,-7.714960875374131
341.939,-7.063,1.0395302065616097,0.025016141495975964,-7.647087001766853
342.035,-7.04,1.0231428875865618,0.0943418942705038,-7.594148567967373
342.131,-7.263,1.0058874604099035,0.03065456804605665,-7.675091321368479
342.226,-7.358,0.987979295459425,-0.04348412413259546,-7.767138178497609
342.322,-7.556,0.9690580569972731,-0.09578961961049552,-7.838364912437661
342.418,-7.42,0.9493314903709861,0.0011473150230256672,-7.761154544430427
342.514,-7.535,0.9288219906862746,0.002457227886928056,-7.780354131251236
342.609,-7.452,0.9077813497785594,0.08639112194089783,-7.717460878104981
342.705,-7.614,0.8857835123620512,-0.006972331578814754,-7.8328221690412025
342.801,-7.684,0.8630734795081183,-0.04047982113954021,-7.88903969145586
342.896,-7.595,0.8398985410680052,0.07201872356250442,-7.7997160851939284
342.992,-7.755,0.8158198022975485,-0.04032629230989232,-7.936139839836782
343.088,-7.816,0.7911072139471462,-0.0670301817492658,-7.9875563176265585
343.183,-7.714,0.7660518449187403,0.022799590675053986,-7.922781914230645
343.279,-7.687,0.7401577844328291,0.051736595772404546,-7.919738969619205
343.375,-7.78,0.7137104239708028,-0.005953098304430077,-8.003876024158066
343.471,-7.837,0.6867375684721454,-0.0403252236656272,-8.065221005017921
343.566,-7.785,0.6595551574768395,-0.012884799581829927,-8.064962991929429
343.662,-7.769,0.6316212124254451,0.006464454469679577,-8.073547682929314
343.758,-7.82,0.60324702444854,0.015834640941115283,-8.092551684434783
343.853,-7.762,0.5747634832955157,0.03976050143778448,-8.097109365091137
343.949,-7.805,0.5456005129363825,0.02633038063155536,-8.1397024562565
344.045,-7.92,0.5160851661572787,-0.025403063686541025,-8.220951247353701
344.14,-7.938,0.48656000078938527,-0.03101966608379204,-8.256093015118845
344.236,-7.858,0.45643258848892204,-0.013207780818193302,-8.26840854215371
344.332,-7.948,0.42604248614474244,-0.021376441581846824,-8.306967305261544
344.428,-7.824,0.3954199701524839,0.005390161340828825,-8.310823218331127
344.523,-7.855,0.3649179457575725,0.007456047548275727,-8.33925935651859
344.619,-7.775,0.333923332383151,0.0305309821936483,-8.34717903524764
344.715,-7.805,0.3027871722755817,0.00889547289564904,-8.39995070465321
344.81,-7.819,0.2718661905116189,-0.00604584555426982,-8.44581300486709
344.906,-7.826,0.24053875818337878,-0.00130613948333568,-8.472400731124395
345.002,-7.88,0.2091605975429885,-0.0219365929218822,-8.524409345203333
345.098,-7.922,0.17776220154334813,-0.018707344906873948,-8.552578493187964
345.193,-7.894,0.14670266746230282,0.049749878633558564,-8.515180803728578
345.289,-8.036,0.11535801707592706,-0.010073738299104639,-8.606349071047616
345.385,-8.061,0.08408507046885107,0.008929813094119648,-8.618618466261468
345.48,-8.101,0.053237893502122415,0.010041895886709706,-8.648353560435606
345.576,-8.216,0.02219525517038679,-0.02966728389853057,-8.719105378552582
345.672,-8.222,-0.008688147758962643,-0.031766514358431405,-8.752088011941833
345.767,-8.254,-0.039064459910858086,-0.013013523573164315,-8.76371133330846
345.863,-8.169,-0.06954597009951198,0.025869212604222275,-8.755310107319728
345.959,-8.199,-0.09978336517401401,0.028501388586092462,-8.782915326412361
346.055,-8.22,-0.1297489596410566,0.018137110294014807,-8.823245199171481
346.15,-8.189,-0.1591080317013755,0.010192568888340957,-8.860548812637473
346.246,-8.252,-0.18845229093410018,-0.018848407147232887,-8.918934047905772
346.342,-8.281,-0.21744449954480702,-0.0440340286919342,-8.973111878061179
346.437,-8.273,-0.24576324133563396,-0.022603698984063184,-8.980000290144135
346.533,-8.197,-0.27397860067878493,0.008280145899102783,-8.97733180460412
346.629,-8.288,-0.30176589416071514,0.024244970508740953,-8.989154273476412
346.725,-8.119,-0.32910073980995413,0.0811408455983036,-8.95959324403609
346.82,-8.308,-0.3556837472956423,0.00422652715952618,-9.063090569960556
346.916,-8.322,-0.3820484685724613,-0.029904511733443547,-9.123586330130344
347.012,-8.323,-0.40789131442367454,-0.035670049328708923,-9.155194713576822
347.107,-8.353,-0.43293236600218526,-0.06221443105957995,-9.206780146886203
347.203,-8.279,-0.4576724412632192,-0.008864466635422372,-9.17817025772308
347.299,-8.294,-0.4818201876138291,-0.02867794624680841,-9.222131483685075
347.394,-8.184,-0.5050963392805158,0.07027171208074041,-9.146457977024214
347.49,-8.255,-0.5279974647673955,0.036142070114568325,-9.203488744477268
347.586,-8.209,-0.5502534909276452,0.07390142136519011,-9.187985419386894
347.682,-8.382,-0.5718466121813056,-0.004876739007148526,-9.288356701012894
347.777,-8.388,-0.5925433115229164,-0.012992740415008584,-9.317169401762364
347.873,-8.505,-0.6127677941322306,-0.050915344011472075,-9.375316487968142
347.969,-8.53,-0.6322806377486274,-0.07179766242723082,-9.415711650000297
348.064,-8.581,-0.6508739475819797,-0.05992028649216661,-9.422427583898585
348.16,-8.462,-0.6689280998290987,0.012481177465277786,-9.368080272188259
348.256,-8.389,-0.6862288371469256,0.07474984982207131,-9.323112337149293
348.352,-8.404,-0.7027637828285462,0.08416644406999906,-9.330230688582986
348.447,-8.412,-0.7183614915849762,0.0350669188631343,-9.39492792254628
348.543,-8.582,-0.733339630344189,-0.021510959921111645,-9.46648394008974
348.639,-8.494,-0.747519891117911,-0.04144568688305237,-9.500598927825402
348.734,-8.6,-0.7607595065606668,-0.050570513132005133,-9.522963369517111
348.83,-8.52,-0.7733265513693054,-0.02449420661658656,-9.509454107810331
348.926,-8.501,-0.7850711058167734,-0.0015191077996111538,-9.498223563440824
349.021,-8.551,-0.79587990692899,-0.006133985598228622,-9.513647242351658
349.117,-8.489,-0.8059698163343869,0.037240480261180584,-9.480362685897644
349.213,-8.609,-0.8152202042083093,-0.005023292403660784,-9.53187684643641
349.309,-8.721,-0.8236270747569375,-0.03443185975334264,-9.56969228433472
349.324,-8.823,-0.8248155667573879,-0.023872914578706914,-9.560321831160532
349.34,-8.925,-0.8260832915578665,-0.01261003972577814,-9.550326681108084
349.356,-8.944,-0.8273510163583497,-0.001347164872809356,-9.540331531055598
349.371,-9.005,-0.8285395083588001,0.009211780301826372,-9.530961077881413
349.387,-8.933,-0.8298072331592833,0.020474655154795157,-9.520965927828927
349.402,-8.714,-0.8309772700972115,0.034138093630252865,-9.508472526291397
349.418,-8.66,-0.8320973543975175,0.07023691488970933,-9.473493789332247
349.434,-8.661,-0.8332174386978236,0.10633573614916579,-9.438515052373097
349.449,-8.552,-0.8342675177293583,0.1401783810798341,-9.405722486473964
349.465,-8.136,-0.8353876020296604,0.1762772023391623,-9.370743749514936
349.481,-8.364,-0.8365076863299665,0.21237602359861876,-9.335765012555786
349.496,-8.632,-0.8375577653615012,0.24621866852928706,-9.302972446656653
349.512,-8.655,-0.8385669272067721,0.2119789548782212,-9.33822132215299
349.527,-8.733,-0.8394783531695128,0.15789843117081978,-9.393213271823132
349.543,-8.806,-0.840450540863105,0.10021253921613535,-9.451871351471409
349.559,-8.919,-0.8414227285566973,0.0425266472614509,-9.510529431119686
349.574,-9.059,-0.842334154519438,-0.01155387644595048,-9.565521380789827
349.59,-9.046,-0.8433063422130268,-0.06923976840042999,-9.624179460437896
349.606,-9.165,-0.8442230331739049,-0.10968835786488772,-9.665544740863231
349.621,-9.358,-0.8449957173048596,-0.12067562534655901,-9.677304692475857
349.637,-9.351,-0.845819913711213,-0.13239537732703338,-9.689848640862685
349.652,-9.357,-0.8465925978421677,-0.1433826448087047,-9.701608592475312
349.668,-9.315,-0.8474167942485211,-0.15510239678917906,-9.71415254086214
349.684,-9.307,-0.8482409906548746,-0.16682214876965343,-9.726696489248967
350.004,-9.18,-0.859036926825631,0.06904700189478981,-9.50162327475528
350.325,-9.191,-0.860327149079672,-0.029648320283697988,-9.60160881918781
350.646,-9.025,-0.8523973154626835,0.02382645223214537,-9.540204213054977
350.967,-8.975,-0.8355244797523023,-0.013367073498169247,-9.56052490307491
351.287,-8.706,-0.8101674072393186,-0.04179590193263853,-9.563596658996396
351.608,-8.302,-0.7765675260894528,0.08950329905453093,-9.39869757685936
351.929,-8.525,-0.7353049827608646,-0.015403059511068795,-9.462341392096372
352.249,-8.732,-0.687255434649714,-0.02645802406211874,-9.425346808536272
352.57,-8.531,-0.6327926478592422,0.00697899910867369,-9.337446998575007
352.891,-8.304,-0.572790378898309,-0.003801209476124359,-9.288224938198871
353.211,-8.186,-0.5081916594340173,0.10675097061569656,-9.11307403864276
353.318,-8.53,-0.4856681571893916,-0.09963211156218635,-9.296933618576016
353.424,-8.526,-0.4629575049438206,-0.08989024016284856,-9.264481094931108
353.531,-8.526,-0.4396604551305549,-0.04527414930128144,-9.196567954256276
353.638,-8.536,-0.4160220960771171,0.008987199204808428,-9.118668246696748
353.744,-8.422,-0.39229952418501846,0.06406941007914359,-9.039863463930313
353.851,-8.562,-0.3680764184507416,0.04567317888328823,-9.034036589391892
353.957,-8.548,-0.34383722506325076,0.02543363225453097,-9.030036942633158
354.064,-8.658,-0.31915667712585316,-0.01876345115421256,-9.049553478104505
354.17,-8.751,-0.29452745277588566,-0.04419324364145056,-9.050354046241775
354.277,-8.648,-0.2695173067824326,0.010498814721762548,-8.97065184188511
354.383,-8.752,-0.24462486052297916,-0.015514985388929925,-8.971773195736349
354.49,-8.608,-0.21941286338302443,0.05977050208157336,-8.871275711125891
354.596,-8.822,-0.19438359405098857,-0.12880189981293264,-9.03481884368836
354.703,-8.619,-0.1690970533561576,0.028279540565488807,-8.852450862615107
354.809,-8.524,-0.14405924405585405,0.0863247327821308,-8.769367861098162
354.916,-8.613,-0.11882987642208753,-0.0026842302473583796,-8.833147456493885
355.023,-8.699,-0.0936763355246576,-0.0746091955826829,-8.879918880931779
355.129,-8.716,-0.06886273554943874,-0.02005278601935883,-8.800548871393236
355.236,-8.415,-0.04395164501488159,0.12609589708860564,-8.629489097750714
355.342,-8.717,-0.019437857840021753,0.030655912648465414,-8.700415295015995
355.449,-8.874,0.005111364182057125,-0.05505499544377524,-8.761576981086158
355.555,-8.744,0.029208552382030243,-0.03963636253349452,-8.722061159975903
355.662,-8.915,0.05327992765562124,-0.06084936867223633,-8.719202790841054
355.768,-8.745,0.07684741078758474,-0.011876263626981142,-8.646662202663835
355.875,-8.752,0.1003289339754464,0.016945392314037924,-8.594359023534954
355.981,-8.698,0.12325780251542956,0.03425758591855845,-8.554117961390451
356.088,-8.834,0.14604194841862947,-0.021938693794445047,-8.587530095200254
356.194,-8.7,0.1682279792065024,0.12422345215465683,-8.419181918463279
356.301,-8.816,0.19020832323731388,0.09175974470224504,-8.42966528188488
356.408,-9.047,0.21172525524819819,-0.06020354342438961,-8.56011163800063
356.514,-9.187,0.23258396689158545,-0.1388097589511692,-8.617859141884022
356.621,-9.187,0.2531521800239745,-0.10388479903604814,-8.562365968836513
356.727,-8.985,0.27302636898910965,0.028786995757189272,-8.40981998507814
356.834,-8.9,0.2925581051750707,0.08872139651954505,-8.330353848129823
356.94,-8.832,0.3113638807117706,0.060066177132495506,-8.340203291980172
357.047,-8.954,0.3297778036977715,-0.011246126921301896,-8.393101673047969
357.153,-8.788,0.3474378120096838,0.001618888296344653,-8.36257664951841
357.26,-8.763,0.36465933299464076,0.01424817009345856,-8.33272584673634
357.366,-8.744,0.3811030620374733,-0.013886449770468835,-8.344416737557435
357.473,-8.78,0.3970646279398257,-0.05351038491289562,-8.36807910679751
357.579,-8.721,0.4122286745787914,-0.034352197453318044,-8.333756872698965
357.686,-8.621,0.4268700178988296,0.024934634405197678,-8.259828697520412
357.793,-8.636,0.44082797777302773,0.011998535271333509,-8.258806836780076
357.899,-8.698,0.4539666659426192,-0.03426222873855599,-8.291928912620374
358.006,-8.646,0.46649025346566364,0.05084051324381706,-8.194302583114958
358.112,-8.622,0.4781844733223824,0.10437813777849926,-8.129070738723557
358.219,-8.861,0.4892620820040842,-0.02405808952586204,-8.246429357346216
358.325,-8.952,0.4995120572447434,-0.06602083272872716,-8.278142125308422
358.432,-8.979,0.5091171644014437,-0.0560365506775704,-8.258552736100565
358.538,-8.985,0.5178943513087144,-0.031714466863147946,-8.225453465378873
358.645,-8.939,0.5260021466266137,0.020885074235285135,-8.164746128962541
358.751,-8.834,0.5332858765970515,0.06443066713548053,-8.113916806091908
358.858,-8.899,0.5398794947894549,0.02586904518433928,-8.145884809850646
358.964,-8.977,0.545656978577761,-0.0209797375971442,-8.186956108843823
359.071,-8.901,0.5507274836355683,-0.0039317399517927246,-8.164837606140663
359.177,-8.976,0.554993775992994,-0.020687067027355937,-8.177326640858801
359.284,-8.949,0.5585401058221906,-0.0014732399981442267,-8.154566484000393
359.391,-8.984,0.5613230389907107,-0.005615683463153399,-8.155925994296881
359.497,-8.927,0.5633269032766965,0.04966537362419372,-8.098641072923547
359.604,-8.975,0.5645722406696334,0.0007946949417294699,-8.146266414213077
359.71,-8.963,0.5650471758542971,-0.013999504704436503,-8.160585678674577
359.817,-8.964,0.5647808810878974,-0.042722149140685894,-8.189574617877227
359.923,-8.875,0.5637892392859688,-0.018641648984329403,-8.166485759522798
360.03,-8.79,0.5620573197597408,0.006847756248348911,-8.14272827381635
360.136,-8.73,0.5596285340623922,0.019098939460443068,-8.132905876301603
360.243,-8.693,0.5564642129831925,0.03076814266397122,-8.124400994177275
360.349,-8.652,0.5526346676852422,0.026014520681950787,-8.132984161457246
360.456,-8.758,0.5480780407333601,-0.010962923357799546,-8.174518232448879
360.562,-8.755,0.5428907976290067,-0.015105113221229467,-8.183847665416662
360.669,-8.776,0.5369885415441812,-0.007875835550498497,-8.182520643830756
360.776,-8.827,0.5304300848652133,-0.02615907389818384,-8.20736233885741
360.882,-8.874,0.5232980869409257,-0.0341838415432967,-8.22251910442681
360.989,-8.76,0.5154757664981371,0.051077088380985666,-8.145080494945317
361.095,-8.788,0.5071209992060441,0.0330708398299138,-8.171441510788481
361.202,-8.803,0.49808634678924063,0.006697133897807285,-8.20684986913739
361.308,-8.812,0.4885434077347294,-0.019153830861075943,-8.242243772950784
361.415,-8.867,0.478351485845342,-0.05855670084970281,-8.291838564828799
361.521,-8.726,0.4677224519245071,0.020623979545768705,-8.223286918354162
361.628,-8.812,0.45647162092232907,0.000455361596739019,-8.25470636730537
361.734,-8.791,0.4448304514203445,0.009429052075677735,-8.257373846328417
361.841,-8.854,0.43259746832253254,0.026735825188377388,-8.252300056313528
361.947,-8.821,0.4200223199109637,0.04328045056716054,-8.248330579346314
362.054,-8.978,0.4068879451256902,-0.0037944089235898973,-8.308539813622339
362.161,-9.069,0.39333247817319855,-0.052139989842422046,-8.370440861493663
362.267,-9.082,0.37950924939479713,-0.040697265140300753,-8.372821365569942
362.374,-9.008,0.3651801981826827,0.003259131923382093,-8.343194019718373
362.48,-9.033,0.35063391389491266,0.002867558898215141,-8.358131877031312
362.587,-8.962,0.33561998994522635,0.032809548510522736,-8.343203811368689
362.693,-9.031,0.3204398383695091,-0.018236839871543703,-8.409430351326472
362.8,-8.964,0.30483207741034024,0.04973901568153845,-8.35706225673256
362.906,-9.115,0.2890966876087282,-0.06149867981394541,-8.484035342029657
363.013,-9.022,0.27297578205976114,0.039464760318538544,-8.39919280744614
363.119,-9.091,0.25679550567838877,0.0343147670705071,-8.420523077075542
363.226,-9.088,0.24027315854397702,0.033624051303149424,-8.437736139977313
363.332,-9.15,0.22374191390108683,-0.0116418042309582,-8.49953324015431
363.439,-9.116,0.20691315588865633,-0.05594626754000405,-8.560666461475787
363.546,-9.088,0.18996647451417362,-0.07170429206728926,-8.593371167377555
363.652,-8.837,0.17308550767551178,-0.04147600823280421,-8.580023850381732
363.759,-8.79,0.15597550833810608,0.002579441340792023,-8.55307840014554
363.865,-8.446,0.13897973912319095,0.0901912315559642,-8.482462379145284
363.972,-8.584,0.12180119347996167,0.05606684831253044,-8.533765308031946
364.078,-8.568,0.10478418640856468,0.05029055853357103,-8.556558604882303
364.185,-8.765,0.08763090482355518,-0.0058070592904030365,-8.629809504291288
364.291,-8.967,0.07068503305811095,-0.052457650230020345,-8.693405966996348
364.398,-9.156,0.05364938889199949,-0.0661863452682324,-8.724170306200671
364.504,-9.252,0.03686944539934451,-0.0005810902097254452,-8.67534499463482
364.611,-9.375,0.02005106679412558,0.014622979310813033,-8.6769593037195
364.717,-9.462,0.0035277964200419194,0.0060867787541242875,-8.702018774650272
364.824,-9.62,-0.012989539657854229,-0.05243436206101253,-8.777057251543306
364.931,-9.529,-0.02932338301338277,0.010901109806513766,-8.730055623031307
365.037,-9.41,-0.045303163284226025,0.06712817458247969,-8.689808338526184
365.144,-9.452,-0.061209339258134585,0.0244861211401103,-8.748356567942462
365.25,-9.449,-0.07672510540649069,-0.011616548964611133,-8.799975004195542
365.365,-9.267,-0.09326581975318234,0.02186710584022179,-8.783032063737398
365.48,-9.14,-0.10948154841943049,0.025168123423662415,-8.795946774820207
365.596,-9.065,-0.12548741165130947,-0.048071112642819505,-8.885191874118568
365.711,-9.011,-0.1409507286973802,-0.1609002576139333,-9.013484336135752
365.826,-8.953,-0.15600812207623227,-0.10964244665205601,-8.977283918552727
365.941,-8.001,-0.17065096233084054,0.286843181981045,-8.595441130174235
366.056,-8.417,-0.18485993067009787,0.13933233440649434,-8.757160946088042
366.171,-8.628,-0.19861649040336604,-0.08867235001056954,-8.998922190238375
366.287,-8.653,-0.21201752054122738,-0.11642610483749853,-9.040076975203165
366.402,-8.752,-0.22480535294397969,-0.14131829089440567,-9.077756993662824
366.517,-8.58,-0.23703772236446835,0.06228762964430514,-8.8863834425446
366.632,-8.683,-0.2487487158541912,0.08665030268999765,-8.873731762988632
366.747,-8.664,-0.2599242656296131,0.07934224381639365,-8.892215371637658
366.862,-9.0,-0.2705512024862275,-0.06877740711637348,-9.05096195942704
366.978,-9.205,-0.28070336366154963,-0.1507460374418616,-9.143082750927851
367.093,-9.095,-0.2901928037243724,0.02742018619951165,-8.974405967349298
367.208,-9.241,-0.2990631070108949,0.06337126925005593,-8.947325187585278
367.323,-9.282,-0.3073080433191405,0.1422603723355981,-8.87668102080798
367.438,-9.682,-0.3149508449347426,0.01879553296741041,-9.007788661791771
367.553,-9.868,-0.3219842474634718,-0.05165025721869901,-9.08526785450661
367.669,-9.962,-0.32845581494799925,-0.06748500344874514,-9.107574168221182
367.784,-9.896,-0.3342477031518379,-0.04777418654761512,-9.09365523952389
367.916,-9.76,-0.340089089551227,-0.03485790416909522,-9.086580343544762
368.049,-9.45,-0.34509349759804686,0.00985811808841209,-9.046868729334074
368.181,-9.393,-0.3492613807016695,-0.03348504631725436,-9.094379776843361
368.314,-9.003,-0.3525875834448888,0.15630202003152427,-8.907918913237804
368.446,-9.245,-0.3549986065892838,0.04093465095680323,-9.02569730545692
368.578,-9.199,-0.3566138462713819,0.07321432147483557,-8.995032874620986
368.711,-9.647,-0.3573893408475515,-0.14274376796914356,-9.211766458641133
368.843,-9.8,-0.3572675289432034,-0.13922326233822896,-9.20812414110587
368.976,-9.665,-0.3563577294996523,0.01201164270687744,-9.055979436617212
369.108,-9.578,-0.35464377412897835,0.12610841231387424,-8.940168711639544
369.241,-9.646,-0.35203584443498054,0.05559673446719284,-9.008072459792226
369.373,-9.841,-0.34869841935231505,-0.054878789457514975,-9.115210558634269
369.506,-9.814,-0.3445673406159866,-0.005395907577765055,-9.061596598018191
369.638,-9.91,-0.3396300918657686,0.010018363976076286,-9.041245077714132
369.771,-9.948,-0.33394563942005834,0.041163092416874804,-9.004415896827624
369.903,-10.2,-0.32760316389968613,-0.0633154720193177,-9.102551985743442
370.035,-10.292,-0.32047697439392653,-0.050506792261730375,-9.082617116480096
370.168,-10.264,-0.3126453977235512,0.011661922755509695,-9.012616824792481
370.3,-10.249,-0.30424586518142505,0.047917627102818106,-8.967961587903046
370.433,-10.191,-0.2950566151791545,0.059355643810351987,-8.94733432119324
370.565,-10.196,-0.28536028068650354,0.004388547203891803,-8.99260508330705
370.698,-10.007,-0.27503288833893497,-0.0007921366042057008,-8.987458374767579
370.831,-9.898,-0.2640748278678056,-0.11483778002251192,-9.090545957714756
370.965,-9.786,-0.2525204369981858,-0.14184320684188767,-9.105996993664514
371.098,-9.08,-0.2405745545337292,0.25448729458505054,-8.697720609773118
371.231,-9.185,-0.22809992875759036,0.08937466087188917,-8.850358617710139
371.364,-9.273,-0.21520633967777128,0.031246047061565148,-8.895593642440645
371.497,-9.477,-0.20192703477631388,3.337758836546023e-05,-8.913527007012387
371.63,-9.833,-0.18823112522215518,-0.10819422594560466,-9.008058700992198
371.763,-9.942,-0.17421008741791263,-0.052409920094377914,-8.938253357336729
371.896,-9.922,-0.15989970745276424,0.0623288508918631,-8.809204206385338
372.029,-10.03,-0.1452897505729812,0.007804559739125325,-8.849118540658294
372.163,-10.123,-0.13034197697033728,-0.03363778923084888,-8.875613116025624
372.296,-9.977,-0.11531619946053007,0.07680966236566457,-8.750139886919305
372.429,-10.141,-0.10010974980514682,0.011397561605950667,-8.800345538023635
372.562,-10.1,-0.08478198678031078,0.0541371434355279,-8.742278193169222
372.695,-10.469,-0.06936729531427913,-0.0912997677546133,-8.872300412893331
372.828,-10.524,-0.053892174467060495,-0.016950678384750978,-8.782476202676252
372.961,-10.591,-0.038400044285272016,0.01595165513558801,-8.734081738974123
373.094,-10.736,-0.022922865558732648,-0.04286339095296178,-8.777419606336133
373.227,-10.729,-0.007503277919480673,-0.01654307559212572,-8.735679703336045
373.361,-10.636,0.007944313720899552,0.03078579167564998,-8.67290324442789
373.494,-10.634,0.02316150433287397,0.0247098400936307,-8.663762005397935
373.627,-10.605,0.03820633901276224,0.01767355909812669,-8.65575345171355
373.76,-10.695,0.053063400647264725,-0.031074806277004118,-8.689644755454177
373.893,-10.615,0.06770991134947878,0.01069518181604838,-8.633228256658912
374.026,-10.584,0.08207647743068013,0.012951826225075343,-8.616605046168685
374.159,-10.641,0.0961585897692089,-0.050386255495199914,-8.66586101555043
374.26,-10.593,0.10664279979712422,-0.024170676958478354,-8.629161226985794
374.36,-10.348,0.1168276344834618,0.048074670465537865,-8.54673104487544
374.46,-10.385,0.12680542848471513,0.04608558088030656,-8.538742340459416
374.561,-10.295,0.13666060296638663,0.013538248367164022,-8.561434498490888
374.661,-10.333,0.14618548064110254,-0.03798672722059819,-8.603434596403934
374.762,-10.333,0.15555924702407212,-0.058448454397360176,-8.614522557197727
374.862,-10.221,0.16458436227219173,-0.01594584333348806,-8.562994830885735
374.962,-10.223,0.17334427710217393,0.02126316489321983,-8.517025907829044
375.063,-10.208,0.18191227002585822,0.05270408260933582,-8.477016997189246
375.163,-10.248,0.19010777321295383,0.04237878492138647,-8.479146791690098
375.263,-10.438,0.19800765291706218,-0.014544243063011171,-8.528169939970388
375.364,-10.463,0.2056774179844519,-0.01557226274241219,-8.521528194582398
375.464,-10.445,0.21295540000204788,0.021632792132595238,-8.477045157689796
375.565,-10.424,0.21997942888305191,0.019072911725547384,-8.472581009215839
375.665,-10.468,0.22660139282129113,-0.04107170853140016,-8.526103665534547
375.765,-10.427,0.23288537125706021,-0.11185936797330305,-8.590607346540683
375.866,-10.407,0.23888243137552329,-0.10082728479037881,-8.573578203239295
375.966,-9.95,0.2444660434554647,0.058851801653356885,-8.408315504715617
376.067,-9.877,0.2497427150019868,0.15139425481039287,-8.310496380012058
376.167,-9.681,0.254601026467975,0.15161979328305858,-8.305412530073406
376.267,-9.986,0.2590903944238906,0.00031114800171240547,-8.452231807398837
376.368,-10.021,0.26324600510991547,-0.09221750800399306,-8.540604852718516
376.468,-10.134,0.26697998314972066,-0.13003294221120826,-8.574686308885926
376.569,-10.179,0.27036454759123535,-0.10431198509126857,-8.545580787324472
376.669,-10.075,0.27332798868198993,0.004546955611399301,-8.43375840553105
376.769,-10.036,0.2759036786582186,0.08874429746592999,-8.34698537370029
376.87,-10.02,0.2781100074471755,0.11583555112723548,-8.317687791250027
376.97,-10.02,0.2799000041304724,0.08411278794906837,-8.347620557744898
377.07,-10.028,0.2812969689639265,0.026287514122667763,-8.404048866737845
377.171,-9.832,0.2823089992551039,0.002935248037758724,-8.426389102531576
377.271,-9.66,0.28291420069959705,-0.0883534800277744,-8.517072629152617
377.372,-9.553,0.28312658398184004,-0.25758151933270534,-8.686088285175304
377.472,-9.246,0.2829410205779467,-0.1987608003989636,-8.627453129645456
377.572,-8.135,0.2823636619643262,0.20384156594453395,-8.225428121915579
377.673,-7.92,0.2813854754484221,0.24221278230877635,-8.18803509206724
377.773,-7.945,0.2800263375715501,0.048024560846534295,-8.383582451406355
377.874,-8.034,0.27826360394023986,-0.07035553428995743,-8.503725280174157
377.974,-7.959,0.27613360735257886,-0.0019097033489318966,-8.437409445820792
378.074,-8.078,0.2736253702090832,0.02815725685776663,-8.40985072275759
378.142,-8.382,0.27169640497124414,0.04622198634025749,-8.393714958512938
378.209,-8.421,0.26966710233641245,0.06019683568583442,-8.381769411802193
378.277,-8.704,0.26739070452782204,-0.027989839543991944,-8.472232484840609
378.345,-9.068,0.26495088734366085,-0.11212153460870518,-8.558803997089484
378.412,-9.233,0.26242174580781297,-0.16830378335008347,-8.61751538736671
378.48,-9.331,0.2596552642174223,-0.1105654236699087,-8.562543509276926
378.547,-9.295,0.25676424912359797,-0.027567361414167577,-8.48243646211501
378.615,-9.324,0.2537069698967895,0.048471119237051614,-8.409455260690597
378.682,-9.404,0.2505144541423239,0.05559406764187475,-8.405524828040239
378.75,-9.341,0.2471051922315417,0.08002410475839601,-8.384504052834501
378.818,-9.397,0.2435754914668362,0.08655205117067886,-8.381505807186924
378.885,-9.477,0.23993467553387732,0.027039439731838043,-8.444659234558724
378.953,-9.538,0.23606820596730577,0.029990888705587117,-8.445574255151547
379.02,-9.449,0.23214779113825046,0.02813297591720714,-8.451352582768981
379.088,-9.559,0.2280185235722247,-0.027255094333630443,-8.510869920585845
379.155,-9.673,0.22378128187204355,-0.04047858307898307,-8.528330651031379
379.223,-9.59,0.21937492007479947,-0.045230982708004144,-8.537489412457644
379.291,-9.679,0.2148344947745859,-0.0509382214330418,-8.547737076482896
379.358,-9.592,0.21019335940822742,-0.008572071375408072,-8.51001206179162
379.426,-9.667,0.20538396905505377,0.015092386591042797,-8.491156994178343
379.493,-9.717,0.20052974005505692,-0.00439294053736422,-8.515496550306747
379.561,-9.677,0.1954387046826021,0.025699682165658266,-8.490494962976179
379.628,-9.72,0.19033135234928802,0.03392887068477941,-8.48737312679037
379.696,-9.774,0.18504513726747812,0.004028489434904041,-8.522559723122056
379.764,-9.899,0.17959965839525716,-0.009892881548986258,-8.541926572978168
379.831,-9.766,0.17415063585785384,-0.007977853173812987,-8.545460567140397
379.899,-9.816,0.16853328264446962,0.011229840756304664,-8.531870226423663
379.966,-9.941,0.16284864336872698,-0.03249141133817419,-8.581276117793886
380.034,-9.85,0.15700346586461014,-0.03107659437011526,-8.585706478329943
380.101,-9.83,0.15116989489022098,0.015390770191751989,-8.545072684742467
380.169,-9.86,0.1451123816383422,-0.0038371157398660724,-8.570358083925962
380.237,-9.864,0.13898360906149954,0.013963746603769544,-8.55868599415917
380.304,-9.789,0.13287891435523203,0.05797973588057591,-8.520774699588632
380.372,-9.795,0.12656760663411668,0.037258610988282044,-8.54780713220204
380.439,-9.876,0.12028340694729998,-0.009802469372673536,-8.601152412249812
380.507,-9.94,0.11384660698230857,-0.06407471071532389,-8.661861453557455
380.574,-9.865,0.10741062684915824,-0.006733855798208618,-8.61095657877349
380.642,-9.832,0.10081826868731149,0.027942918519883075,-8.582872162617244
380.71,-9.822,0.09417547574203579,0.036491422547913405,-8.58096645153449
380.777,-9.887,0.08755553866618442,-0.02119535233361321,-8.645273163491868
380.845,-9.938,0.08078363380004934,-0.03790170410590624,-8.668751420130295
380.912,-9.874,0.07407191812601702,-0.029922360560869648,-8.667483792259292
380.98,-9.808,0.06720129862903466,-0.006152701484242446,-8.650584752679645
381.047,-9.893,0.06038839614823536,0.010596467867749856,-8.640648485808454
381.115,-9.765,0.05344324168483894,0.0183057479505514,-8.639884360189049
381.183,-9.821,0.04645619233587704,0.0033705584771531426,-8.661806599011408
381.25,-9.727,0.03953897047827718,-0.002421826382975057,-8.674516205729137
381.318,-9.809,0.0324976796497642,0.0041563825981887756,-8.674979287576486
381.385,-9.72,0.02553402978051434,0.036304458358638776,-8.649794861685287
381.453,-9.766,0.01844562192239422,0.021463191822806482,-8.671724536079237
381.771,-9.763,-0.014822132854263278,-0.021568965760480695,-8.748024448439182
382.088,-9.602,-0.04788704550197643,-0.0018737783754904874,-8.761394173701905
382.406,-9.401,-0.08053268935868824,0.0393284405052256,-8.752837598677901
382.724,-9.433,-0.11222757667635845,-0.04240956198970905,-8.866270488490507
383.042,-9.413,-0.1425801156697599,0.041375083345644686,-8.812838382148554
383.359,-9.664,-0.17112348084099266,0.008600702739100003,-8.87415612792633
383.677,-9.831,-0.19768171142992957,-0.10520344742612671,-9.014518508680494
384.0,-9.315,-0.22219678427587225,0.18920236516951788,-8.744627768930792
384.0646192391963,-9.432164931080234,-0.2267376797622047,0.07596846792692286,-8.86240256165972
384.24005334706453,-9.488931805201045,-0.23856096830791595,-0.06500749636968939,-9.015201814502044
384.41548745493276,-9.50704971649128,-0.24951047125382106,-0.09242892668872636,-9.053572747766985
384.590921562801,-9.316369624865011,-0.25951847635218595,0.07772722753078563,-8.89342459864584
384.7663556706692,-9.416697211033506,-0.2685245884559455,0.03209216047936863,-8.948065777801016
384.9417897785375,-9.540898942411625,-0.2765440504003302,-0.003943081011195439,-8.992120481235965
385.1172238864057,-9.561017815032542,-0.28354859803687227,0.013565198316211037,-8.9816167495451
385.29265799427395,-9.71362140094145,-0.2894874532739283,-0.10446134933974903,-9.105582152438116
385.6435262100104,-9.298001767657523,-0.2980356014345081,0.08369018841489684,-8.92597876284405
385.788954169072,-9.362231271929387,-0.300315807477066,-0.03783361365075273,-9.049782770952257
385.9343821281335,-9.275368849043431,-0.3017725742737803,-0.05612118391859154,-9.06952710801681
386.0798100871951,-9.09740844840285,-0.3024875753053669,-0.0013776488532529114,-9.015498573983058
386.22523804625666,-8.994357325491647,-0.3024068009981765,0.012668407627743654,-9.001371743194872
386.37066600531824,-9.046568868576676,-0.30154898952736414,-0.019235966923696942,-9.032418306275499
386.51609396437976,-8.814252130492328,-0.2999313453261758,0.12020313159776444,-8.89136156355285
386.66152192344134,-9.123607310712071,-0.2975094913386807,-0.05152505119097242,-9.060667892354092
386.8069498825029,-9.02610022242006,-0.2943708710693166,-0.01003305313863003,-9.016037274032385
386.9523778415645,-8.976887048680727,-0.29040995722090457,0.00992034854825241,-8.992122958497092
387.0978058006261,-8.944547360254763,-0.2857736150518767,-0.025204852762736474,-9.022611817639053
387.2432337596876,-8.914901772018641,-0.28032214795380983,-0.04298016731872655,-9.034935665096976
387.3886617187492,-8.586868636002926,-0.27421103935320384,0.11668165815171547,-8.869162731025927
387.53408967781075,-8.753881145213695,-0.2673478539946429,-0.014562943966710045,-8.99354414778579
387.67951763687233,-8.73898575082439,-0.25982499204911214,0.0036952414460990532,-8.967763100427453
387.82494559593385,-8.81476081470738,-0.2516177474539977,0.021021287642190765,-8.942229809636247
387.97037355499543,-9.036759018808604,-0.24276055392954862,-0.035474280494500854,-8.98986818424849
388.115801514057,-9.130769800728777,-0.2332899536873127,-0.024931123296381072,-8.969854426808132
388.2612294731186,-9.167858479546473,-0.22318940468805207,0.009385607202884423,-8.925437147309607
388.4066574321801,-9.230262316862014,-0.2125483581679188,-0.003081382962985378,-8.927263090955343
388.5520853912417,-9.16485965436262,-0.2013079964408329,0.03358438942853622,-8.879356956836736
388.69751335030327,-9.231471424832236,-0.18959486095292852,-0.03397039063994678,-8.935198601417314
388.84294130936485,-9.131025803997717,-0.17733549141977312,0.00400208410034465,-8.884966757143866
388.9883692684264,-9.09409375666866,-0.16465263477624478,-0.008220358384249326,-8.884506342984933
389.13379722748795,-9.052759529535637,-0.15151148543813514,-0.015091611134117021,-8.878236446396691
389.2792251865495,-8.932114064274025,-0.13798833651500036,0.016686725705628836,-8.83293496063381
389.4246531456111,-9.099865884305876,-0.12409354068225217,-0.06280989241323848,-8.89853678291993
389.5700811046727,-8.755142145964887,-0.10986781649373308,0.13985670893420288,-8.68164445738397
389.7155090637342,-9.15099160999782,-0.09535455309912601,-0.05567928195668394,-8.86266718488025
389.8609370227958,-9.147086938850826,-0.08057082268941891,-0.04207447932599865,-8.834278651839856
390.00636498185736,-9.218485983148295,-0.06557998111197189,-0.05973753705867194,-8.836950867995082
390.15179294091894,-9.048481820501102,-0.05038816710345247,0.04659157990908004,-8.715429937018811
390.2972208999805,-9.116317056576817,-0.035063541900762066,-0.022442865713380594,-8.76913975743858
390.44264885904204,-9.077646684057253,-0.019618796838784983,-0.014467108565090104,-8.745719255228313
390.5880768181036,-8.83755429774125,-0.00410971600492623,0.09908755942885819,-8.616655506400507
390.7335047771652,-8.974716667580461,0.011433200888346116,-0.026383759703839535,-8.726583908639933
390.8789327362268,-8.766042272909214,0.02697029234762367,0.016915036840822285,-8.667748020635994
391.0243606952883,-8.835175401160756,0.042461630095599515,-0.08991964264526839,-8.759091362374107
391.1697886543499,-8.656727665666411,0.05787037083666509,-0.034894924431082476,-8.688657903418855
391.31521661341145,-8.332830244803567,0.07316122384678768,0.13545696133368404,-8.503015164643967
391.46064457247303,-8.336250335777589,0.08828692057329414,0.05302804452624868,-8.570318384724896
391.59748621852157,-8.549654001720992,0.10235684822390433,-0.1513589103215122,-8.760635411922047
391.7343278645702,-8.287135287000213,0.11620046684645195,-0.021585002752700106,-8.617017885730688
391.8711695106188,-8.728299196987665,0.12982315195335314,-0.16648677970246228,-8.748296977573547
392.00801115666746,-8.00033521668032,0.14319095011715383,0.3568454778722695,-8.211596921835016
392.1448528027161,-7.991334996508816,0.15624274767416652,0.16957843679929768,-8.385812165350975
392.2816944487647,-9.285155582574292,0.16899688815162908,-0.6330718953278858,-9.175708357000696
392.41853609481336,-8.076570339845127,0.18139399868013723,0.11803833051486858,-8.412201020629434
392.55537774086196,-8.24411899363982,0.19340681927133238,0.12672600618032093,-8.391500524372786
392.6922193869106,-8.184803186509866,0.20504851549305417,0.16507037678735006,-8.341514457544035
392.82906103295926,-8.275992857457616,0.2162295235153166,0.06963115679195345,-8.425772669517169
392.96590267900785,-9.001926303284776,0.2269744583595662,-0.256670394766727,-8.7413292862316
393.1027443250565,-8.464480809265023,0.23727494516730732,0.12037146343334355,-8.353986941223788
393.2395859711051,-8.41517385797681,0.24702689048713197,0.07763832331827343,-8.386968136019034
393.37642761715375,-8.70211243105008,0.2563003524526047,-0.18206667407156737,-8.637399671443402
393.5132692632024,-8.208877529424782,0.265040046698703,-0.0011107952224580662,-8.447704098348193
393.650110909251,-7.839696948790865,0.2731968344683058,0.11397358920241725,-8.324462926153716
393.78695255529965,-7.803840442214549,0.2808243707522682,0.05559769322420159,-8.37521128584797
393.92379420134824,-7.77426832970861,0.2878333442827577,-0.0013158036160619494,-8.425115809157743
394.0606358473969,-7.850449098789353,0.2942425710063703,-0.05180809550854109,-8.46919887432661
394.19747749344555,-7.805457666315665,0.30008208655746904,-0.01371837511813674,-8.425269638385107
394.33431913949414,-7.853306282699976,0.3052255502068138,-0.027502026383682696,-8.433909826001308
394.4711607855428,-7.719108941530983,0.30976902432250425,0.02650354283549667,-8.375360782666439
394.6080024315914,-7.730216382742561,0.3136854084537934,-0.011993438109420947,-8.409941379480067
394.74484407764004,-7.599242007462122,0.31689416287383626,0.020147779766305125,-8.374591407184298
394.8816857236887,-7.597644273135945,0.31949000461090016,-0.008571423311576058,-8.400714768525114
395.0185273697373,-7.568320185695716,0.3214026330383021,-0.011093989326126742,-8.401324706112263
395.15536901578594,-7.516591007347865,0.32262918375434485,0.03262903711724475,-8.356375128952848
395.29221066183453,-7.461624649607001,0.323233208840536,0.07765427949140213,-8.310745861492501
395.4290523078832,-7.689708469113914,0.323109968438313,-0.09693317681237928,-8.485456558198505
395.56589395393183,-7.668003870762116,0.32233659715386714,-0.08303732503226403,-8.472334077702836
395.70273559998043,-7.396161641397986,0.3209332476966227,0.12311181083788894,-8.267588291289927
395.8395772460291,-7.508065599654077,0.3187922210267284,0.030281736719775545,-8.362559392077934
395.9764188920777,-7.530035613807252,0.31603956063022526,0.00778329744260344,-8.38781049175161
396.1132605381263,-7.593886459402229,0.3126349245666674,-0.002638825062714149,-8.401637250320487
396.250102184175,-7.654913704462507,0.30855087681651316,-0.017788554256725334,-8.420871027264651
396.3869438302236,-7.805434226505946,0.30387729892742943,-0.0651459341770322,-8.472901985074042
396.5237854762722,-7.621280680121893,0.2985448231814718,0.07642017678954222,-8.336668349853424
396.6606271223208,-7.870761062257881,0.2926014613697488,-0.044200225353102814,-8.463232113807791
396.79746876836947,-7.861534492634535,0.28610173912938,-0.05750613736964332,-8.483037748064703
396.9343104144181,-7.687477917269931,0.2789525929330073,0.08496157516959744,-8.347719181721834
397.0056295257198,-7.775799471463655,0.2750421042088968,0.07120301395733233,-8.365388231658208
397.0769486370215,-7.9396904378942335,0.2709348693209747,-0.015274625609495026,-8.455973106112959
397.1482677483232,-7.901890078388069,0.26668636464314616,-0.0057517564084880795,-8.45069874158978
397.2195868596248,-7.89275682592503,0.26231446861909685,0.016836652765108734,-8.432482228440232
397.29090597092653,-8.029238333478856,0.25779486577822985,-0.04715699803474763,-8.500995482080956
397.3622250822282,-8.064148442064932,0.2531022495383072,-0.03475649827164877,-8.49328759855778
397.4335441935299,-8.03215987058239,0.24829369237122775,-0.031091771301448662,-8.49443142875466
397.50486330483153,-8.119801781334724,0.24337029585193776,-0.043189976137683515,-8.511453030110184
397.5761824161332,-8.092061636202738,0.2382726732201494,0.03554927451770552,-8.437811402086584
397.6475015274349,-7.924037835243461,0.23305449699176878,0.060659677454912186,-8.417919175377758
397.71882063873653,-8.114505652964379,0.22772973962970608,0.05026686208952532,-8.433636748105206
397.79013975003824,-8.114332356071351,0.22227629353856396,0.015847870525152265,-8.473509185760722
397.8614588613399,-8.262397363970257,0.2166776829941832,-0.10871909533609754,-8.603674762166353
397.9327779726416,-8.43036891681175,0.21098137434746192,-0.0977570667042734,-8.59840904218125
398.00409708394324,-8.101266010346551,0.20518866051643664,0.07690077180260722,-8.429543917505395
398.07541619524494,-8.213339425073048,0.19924969279662028,0.043703401080963426,-8.468680255946856
398.1467353065466,-8.194869684180537,0.19321356603022222,0.038105076924899006,-8.480314706869317
398.2180544178483,-8.265287347566703,0.18709058546312246,0.04701350994103968,-8.477529254420276
398.28937352914994,-8.282110150354585,0.18086214597691844,0.055889633063574,-8.474881570783946
398.3606926404516,-8.400104569518907,0.17451968046458435,-0.008392527363676022,-8.54550619672353
398.4320117517533,-8.54513584498178,0.16810041140204438,-0.06246202948047027,-8.605994967902864
398.50333086305494,-8.592515785477048,0.16160578515269525,-0.0857794508270396,-8.635807015498782
398.57464997435665,-8.616885220727381,0.1549975845385674,-0.058401678788380755,-8.615037444074252
398.6459690856583,-8.632174233636574,0.14831750394237608,-0.01871205657356913,-8.582027902455632
398.71728819696,-8.615928418619783,0.14157262720196043,0.05613715509499319,-8.513923567527485
398.78860730826165,-8.340185048252293,0.1347491260498611,0.21965168621483075,-8.357232537559748
398.85992641956335,-8.986167369497958,0.12784501341199242,0.0038731786775758055,-8.57991515773487
398.931245530865,-8.813286228823156,0.12088702523819171,-0.12309567754559388,-8.713842002131841
399.00256464216665,-8.809104716939268,0.11387671939505055,-0.04559819035395643,-8.643354820783344
399.07388375346835,-8.779389672872181,0.10678932959746701,-0.019480416090490896,-8.624324436317462
399.14520286477,-8.823777715164708,0.0996564030653315,0.009396695240274118,-8.602580251518832
399.2165219760717,-8.754840454776922,0.09248241929032144,0.03184365231937089,-8.587307278214746
399.28784108737335,-8.785075397739774,0.08525952165194413,0.027676784212405,-8.59869704396009
399.35916019867506,-8.83740777622893,0.07799065470975039,0.0032716910929499734,-8.630371004021738
399.4304793099767,-8.86895721352656,0.0706922019972425,-0.016394316443730718,-8.657335464270927
399.5017984212784,-8.896021850096428,0.06336578812239402,-0.02354205641849586,-8.671809618120541
399.57311753258006,-8.932244214620747,0.05600156875257847,-0.007691827885818184,-8.663323608957679
399.64443664388176,-8.876377776267416,0.048618399378915975,0.027394795874032457,-8.635620154571491
399.7157557551834,-8.896249393568352,0.0412189007894354,0.05961664480141347,-8.61079780423359
399.78707486648506,-8.915325871691914,0.0338022448979689,0.04069635843699705,-8.637134746489473
399.85839397778676,-9.2145880225201,0.026374438485453837,-0.036507138821632,-8.721766050160618
399.9297130890884,-9.099958193217677,0.018941992477044953,-0.06592889172003638,-8.75862024906743
400.0010322003901,-9.118488507485168,0.011506551934361908,-0.011192042217885782,-8.711318840107962
400.07235131169176,-9.091793327478811,0.0040742524034780075,-0.01177649110975652,-8.719335588530717
400.14367042299347,-9.271987579379115,-0.003350962799454256,0.0061193194976450005,-8.708864993126248
400.2149895342951,-9.12642548462213,-0.010767504918608024,0.02484555180521556,-8.69755530293783
400.2863086455968,-9.228793978013412,-0.01816830943029389,0.002723756010245517,-8.727077903244489
400.35762775689847,-9.189737593517298,-0.025546291101264967,0.003762241994981388,-8.733417398930722
400.4289468682001,-9.282649692882272,-0.03290402815726408,-0.010319093705922254,-8.754856471687626
400.5002659795018,-9.342434570256252,-0.04023990157132303,-0.054057229895304856,-8.805930481291066
400.57158509080347,-9.281542371603392,-0.047531204039604764,0.043786458605404886,-8.715378095258638
400.64290420210517,-9.187141353021062,-0.0547906878178979,0.05207003895842042,-8.714353998683915
400.7142233134068,-9.399662624107002,-0.06201693875147664,0.013184018129665749,-8.76046627044625
400.7855424247085,-9.38147704866238,-0.06919437760819964,0.023050637353945642,-8.757777090078694
400.8568615360102,-9.400777726414537,-0.07631682897908244,-0.013371229869560287,-8.80132140867308
400.9281806473119,-9.550916255571584,-0.08339492410162648,-0.050107800131720545,-8.845136074057786
400.9994997586135,-9.551752332898234,-0.09042652142492952,-0.06930989702516867,-8.871369768274537
401.07081886991523,-9.494425848940855,-0.09737403666322511,-0.002222822335084621,-8.811230208822748
401.1421379812169,-9.467379319263996,-0.1042663830276289,-0.02965415525926875,-8.845553888111336
401.2134570925185,-9.677287227555023,-0.11110207745293912,-0.07817856368872593,-8.900913990966103
401.28477620382023,-9.454411147026148,-0.11785668717886792,0.06585801907288535,-8.763632017930421
401.3560953151219,-9.478309914388348,-0.12452683108170153,0.10569400047400465,-8.730466180432135
401.4274144264236,-9.465196926329776,-0.1311299621628339,0.08987131121938412,-8.752892000767888
401.49873353772523,-9.581684690298877,-0.1376624831225008,0.030199864589916206,-8.819095968357022
401.57005264902693,-9.712488840844784,-0.1440753021489689,-0.04334565552705469,-8.899054307500462
401.6413717603286,-9.724702384220272,-0.15041119455496138,-0.09481721357113419,-8.956861757950534
401.7126908716303,-9.80700466362039,-0.15666881612569392,-0.10260083261856434,-8.970902998568697
401.78400998293193,-9.674441833307238,-0.1628148566132461,0.016786778112088143,-8.857661428325597
401.8553290942336,-9.52433359734853,-0.168850407624943,0.07410114426334842,-8.806382613186033
401.99796731683693,-9.733429410863236,-0.18065306696812733,-0.045614467464524626,-8.93790088425709
402.06928642813864,-9.641087579674036,-0.18635691883289573,-0.028363788819460656,-8.926354057476795
402.1406055394403,-9.751211125603703,-0.19196445220154368,-0.03096143779132857,-8.934559239817311
402.211924650742,-9.69391831059665,-0.19747449835493594,-0.03468939360169778,-8.943797241781072
402.28324376204364,-9.531725241545711,-0.20284518080116165,0.04425366489167233,-8.87022486573393
402.35456287334534,-9.762821761377785,-0.20808344453219207,-0.003819031407723788,-8.923535825764356
402.425881984647,-9.686838675935972,-0.21321622204799115,-0.023200374802443427,-8.948049946674875
402.49720109594864,-9.595223820972468,-0.21823520395335808,0.07626525338938507,-8.85360330038841
402.56852020725034,-9.664575236020097,-0.2230774715760443,0.05085285151867652,-8.883857969881806
402.639839318552,-9.699387693703326,-0.22780692827178017,-0.0010166453002233274,-8.940456923396443
402.65403510548595,-9.832245923084026,-0.22873170032222415,-0.014699950022941955,-8.955065000169606
402.68242667935385,-9.75158776866188,-0.23058124442311206,-0.042066559468379214,-8.98428115371593
402.69662246628786,-9.833356588206232,-0.23150601647355973,-0.05574986419115263,-8.998889230489151
402.7108182532218,-9.806460922830631,-0.23240137653781,-0.045552063528063305,-8.989586789890312
402.72501404015577,-9.838902042927883,-0.23328755397591233,-0.027898416078115253,-8.972819319878466
402.7392098270898,-9.824001328665524,-0.2341737314140182,-0.01024476862809651,-8.956051849866553
402.75340561402373,-9.850682385086548,-0.23505990885212055,0.007408878821851543,-8.939284379854707
402.7676014009577,-9.836624589515525,-0.23594608629022287,0.0250625262717996,-8.922516909842862
402.79599297482565,-9.733642472598149,-0.23771844116643107,0.0603698211717664,-8.888981969819103
402.8101887617596,-9.815694786217376,-0.23857625546479247,0.05829865352161805,-8.891910951767612
402.8243845486936,-9.939441737433267,-0.23942291513832187,0.04847013198186052,-8.902586132980899
402.83858033562757,-9.854848194256787,-0.24026957481184785,0.03864161044214235,-8.913261314194143
402.8527761225615,-9.894401588440353,-0.24111623448537384,0.02881308890242418,-8.923936495407387
402.86697190949553,-9.861723392149205,-0.2419628941589032,0.01898456736266665,-8.934611676620674
402.8811676964295,-9.854585057576237,-0.2428095538324292,0.009156045822948477,-8.945286857833919
402.89536348336344,-9.866139275848003,-0.24365621350595518,-0.0006724757167696968,-8.955962039047163
402.90955927029745,-9.894482174079672,-0.24447567246101573,-0.01634404812509194,-8.972453070410547
402.9237550572314,-9.94193957973154,-0.24528193829779285,-0.03484966557204962,-8.99176495369428
402.93795084416536,-9.92959763929412,-0.24608820413457,-0.0533552830190073,-9.011076836978017
402.95214663109937,-9.91156525549109,-0.24689446997135037,-0.07186090046603907,-9.03038872026183
402.9663424180333,-9.838942789625202,-0.24770073580812751,-0.09036651791299675,-9.049700603545563
402.9947339919013,-9.968921738312439,-0.249313267481685,-0.1273777528069862,-9.08832437011311
403.00892977883524,-10.171505199650598,-0.25009360291870414,-0.1226888787867797,-9.084415831529924
403.0231255657692,-9.905175974322797,-0.2508586468577311,-0.1043219078993052,-9.066813904581476
403.0373213527032,-10.048173700910196,-0.2516236907967612,-0.08595493701175717,-9.049211977632957
403.05151713963716,-9.891004422970134,-0.25238873473578827,-0.06758796612428267,-9.03161005068451
403.0657129265711,-9.788645149079496,-0.2531537786748153,-0.04922099523680818,-9.014008123736064
403.0799087135051,-9.919675532259973,-0.2539188226138454,-0.03085402434926014,-8.996406196787545
403.108300287373,-9.948501316593767,-0.25542435243221473,-0.004253294662308079,-8.971310996918962
403.12249607430704,-9.906773962732448,-0.2561473952974109,-0.0032169188847802647,-8.97099766400663
403.136691861241,-9.936611451365142,-0.2568704381626041,-0.0021805431072566,-8.970684331094299
403.15088764817494,-9.893392755339306,-0.2575934810277973,-0.0011441673297329352,-8.97037099818197
403.16508343510895,-9.93091460710914,-0.2583165238929934,-0.0001077915522051205,-8.970057665269637
403.1792792220429,-9.98337130476138,-0.2590395667581866,0.0009285842253185443,-8.969744332357307
403.19347500897686,-10.007803227679307,-0.2597626096233798,0.001964960002842209,-8.969430999444976
403.2076707959109,-9.877790998796925,-0.2604625627277843,0.006330299601865518,-8.965765612950356
403.2218665828448,-9.95192172715706,-0.26114287504345396,0.013527347840214641,-8.959248877027678
403.2360623697788,-9.994493250845563,-0.2618231873591237,0.020724396078563762,-8.952732141104999
403.2502581567128,-10.048520253687213,-0.2625034996747961,0.027921444316941706,-8.946215405182294
403.26445394364674,-10.017305072909092,-0.2631838119904658,0.03511849255529083,-8.939698669259613
403.2786497305807,-10.125316337904442,-0.2638641243061355,0.04231554079363995,-8.933181933336934
403.2928455175147,-9.926584877623409,-0.26454443662180793,0.04951258903201789,-8.926665197414229
403.30704130444866,-9.890558723513204,-0.2652032171978935,0.052209747602999096,-8.924626819419334
403.3212370913826,-9.876087675545312,-0.2658401199451114,0.050334687766755,-8.927138782002796
403.3354328783166,-9.918787676645376,-0.26647702269233187,0.0484596279305034,-8.929650744586267
403.3496286652506,-9.883766353706122,-0.26711392543954976,0.04658456809425931,-8.932162707169729
403.36382445218453,-10.00801098094517,-0.26775082818676765,0.044709508258015215,-8.934674669753191
403.37802023911854,-10.05069837637332,-0.2683877309339881,0.042834448421763614,-8.937186632336664
403.3922160260525,-9.805966232165185,-0.269024633681206,0.04095938858551952,-8.939698594920126
403.40641181298645,-10.040782356958603,-0.26964164603464436,0.04294390190690768,-8.938331093952176
403.42060759992046,-9.815535757621559,-0.270234511347722,0.049613956895056,-8.932253904277104
403.4348033868544,-10.04725212542036,-0.2708273766607972,0.05628401188317761,-8.92617671460206
403.44899917378837,-9.864547908342537,-0.2714202419738724,0.06295406687129922,-8.920099524927013
403.4631949607224,-9.89317101979322,-0.27201310728695,0.06962412185944754,-8.914022335251941
403.47739074765633,-9.967929637124683,-0.2726059726000252,0.07629417684756915,-8.907945145576894
403.4915865345903,-9.876466091953692,-0.27319883791310046,0.08296423183569075,-8.90186795590185
403.5057823215243,-9.927230751026094,-0.27377353095687007,0.07622852751419348,-8.909178353267116
403.51997810845825,-10.025524141418398,-0.274321782759244,0.04998700848346131,-8.935968124100222
403.5341738953922,-10.125445992184813,-0.274870034561618,0.023745489452729134,-8.962757894933327
403.5483696823262,-9.992440808092807,-0.2754182863639942,-0.002496029578108118,-8.989547665766542
403.56256546926016,-9.981671445161359,-0.2759665381663681,-0.028737548608840292,-9.016337436599647
403.5767612561941,-10.019392973829136,-0.27651478996874207,-0.05497906763957247,-9.043127207432754
403.5909570431281,-10.11256743572832,-0.27706304177111823,-0.08122058667040973,-9.069916978265967
403.6051528300621,-10.117780077443193,-0.2775949095263797,-0.09201272349106993,-9.081240982841889
403.61934861699604,-9.987788119774955,-0.278098024105301,-0.07569197373474225,-9.065423347664483
403.63354440393005,-9.960903179177986,-0.27860113868422426,-0.05937122397834923,-9.049605712487013
403.647740190864,-9.936393357014088,-0.2791042532631456,-0.04305047422202155,-9.033788077309605
403.66193597779795,-10.034470362815652,-0.27960736784206686,-0.026729724465693883,-9.0179704421322
403.67613176473196,-10.206052250787717,-0.2801104824209901,-0.010408974709300857,-9.00215280695473
403.6903275516659,-10.079189391282895,-0.28061359699991145,0.005911775047026814,-8.986335171777323
403.70452333859987,-10.003692563935312,-0.2811021790490801,0.014959298685338008,-8.97777623018818
403.7187191255339,-10.096310635958835,-0.28155968556850824,0.008454171931635003,-8.984738863461311
403.73291491246783,-10.134742454343822,-0.2820171920879345,0.0019490451779580473,-8.991701496734414
403.7471106994018,-10.0691195162882,-0.2824746986073608,-0.004556081575718909,-8.998664130007517
403.7613064863358,-10.038828639622944,-0.2829322051267889,-0.011061208329421913,-9.005626763280649
403.77550227326975,-10.096611946968485,-0.28338971164621524,-0.01756633508309887,-9.012589396553754
403.7896980602037,-10.225866105446281,-0.2838472181656415,-0.024071461836775825,-9.019552029826857
403.8038938471377,-10.049784563085007,-0.2842921000572306,-0.02972380624386408,-9.025649256125533
403.81808963407167,-10.001414894180776,-0.2847035810084758,-0.03311994693171434,-9.029456877764629
403.8322854210056,-10.007414703467962,-0.285115061959721,-0.036516087619564604,-9.033264499403725
403.84648120793963,-10.061681298613202,-0.28552654291096785,-0.03991222830742846,-9.037072121042835
403.8606769948736,-9.977906003175795,-0.285938023862213,-0.04330836899527872,-9.04087974268193
403.87487278180754,-10.149050177298044,-0.2863495048134582,-0.04670450968312898,-9.044687364321026
403.88906856874155,-10.090118998597982,-0.28676098576470505,-0.050100650370992844,-9.048494985960136
403.9032643556755,-10.15534665707448,-0.2871617993696228,-0.04904950290747568,-9.047844652101537
403.91746014260946,-9.94127685083269,-0.2875268909593318,-0.033105607978486,-9.032265848762256
404.06328577879157,-10.113275255380684,-0.29106909145391885,0.006579066470091881,-8.996123374808265
404.2091114149737,-10.164681075269712,-0.29394859738452933,-0.045853682390557676,-9.051435629599526
404.35493705115584,-9.911367088184267,-0.2960694730789396,0.09785574121779979,-8.909847081685578
404.50076268733795,-10.18769751436087,-0.29754854837392314,-0.08890420734707036,-9.098086105545432
404.64658832352006,-10.109952314165993,-0.298236899941648,-0.030455694578569573,-9.040325944344657
404.7924139597022,-10.100989612619559,-0.298285625159709,-0.017182110252490945,-9.02710108523664
404.9382395958843,-10.004831931638796,-0.2975697690700833,0.03851542296706207,-8.97068769592746
405.0840652320664,-10.034416948021104,-0.29619510115125675,0.013567138505978816,-8.994261312469716
405.2298908682485,-10.085850987818318,-0.29409404994827604,-0.02987248417470909,-9.035599883947423
405.5215421406128,-10.02347929214221,-0.28786288657314013,0.025853435830771536,-8.973642800566807
405.6673677767949,-10.066382361726163,-0.28372597348937,0.005243729178507566,-8.9901155941353
405.813193412977,-10.119495906496967,-0.2789559363342241,-0.026156668040667824,-9.01674595419933
405.9590190491591,-10.10606753225053,-0.2735072714092045,-0.006144842063905487,-8.99128546329755
406.1048446853412,-10.085368495037493,-0.2674784535298997,0.018839662162155164,-8.960272141192183
406.2506703215234,-10.06271123898889,-0.2607814756097423,0.019125512645951286,-8.953289312788229
406.3964959577055,-10.170568576338596,-0.2535507035227945,-0.06428802749889441,-9.029472080846128
406.5423215938876,-10.053299132633844,-0.24569032343725167,0.011709406952089909,-8.945614266309601
406.6881472300697,-10.121668395075915,-0.2373243287210674,-0.018505127015486886,-8.967462805560993
406.8339728662518,-10.02901323292907,-0.228397775079092,0.04866194515114892,-8.891369179752381
406.88731410822027,-10.030465152052424,-0.22502358248884946,0.06472063434702426,-8.871936297966263
406.94065535018865,-9.97688518382431,-0.2215549935853445,0.00844164003926363,-8.924746703370518
406.99399659215703,-10.1792313434837,-0.21805694972919643,-0.07040924259963172,-9.000099542153267
407.0473378341254,-10.012548818914219,-0.21445285047203608,-0.02071494544272421,-8.9468011457392
407.1006790760938,-10.027971580598466,-0.21083383678864964,0.043756422294655394,-8.878710764318434
407.1540203180622,-10.221445671303165,-0.20710125718075825,-0.010042797320628854,-8.928777404325826
407.20736156003056,-10.098630052814569,-0.2033534370495927,-0.05704883273463498,-8.972035619608667
407.2607028019989,-10.086286182803077,-0.19951042589780502,-0.06162521361583937,-8.972768989338084
407.3140440439673,-10.117143273995163,-0.1956395815064629,-0.05489647669515981,-8.962169408026062
407.36738528593565,-9.969310129218032,-0.19169085582051845,-0.01653444001249519,-8.919858645657452
407.42072652790404,-10.058305070277815,-0.18770292977421174,0.01765334806195178,-8.881682931536698
407.5274090118408,-9.931978501369935,-0.17955440580838153,0.052427775418684784,-8.838759980214135
407.5807502538092,-9.959567953445623,-0.1754088463493133,0.04022132421617416,-8.846820871957577
407.63409149577757,-10.037584457307975,-0.1712051833143845,0.04546411059954048,-8.837374422539282
407.68743273774595,-9.985603069785656,-0.16696871212414932,0.06055960033577615,-8.818042461612812
407.74077397971433,-9.902005343797846,-0.16266667086440037,0.01950419144031813,-8.85479582924852
407.7941152216827,-10.09201282892314,-0.15834441974862637,-0.03885791829347193,-8.908835687866537
407.8474564636511,-10.000366741830117,-0.15395049674129954,-0.015987986483721774,-8.88157183304946
407.9007977056195,-10.018692364631779,-0.14954656070792396,0.016063050820222493,-8.84511685971214
407.95413894758786,-10.028484563612796,-0.14506849352941245,-0.010638507262263218,-8.867340350616114
408.00748018955625,-10.054400344561582,-0.140580627225734,-0.037425140223478606,-8.889639117273651
408.06082143152463,-10.04549877896013,-0.13603268247223899,-0.06473336738268053,-8.912399399679359
408.11416267349296,-10.07151552784723,-0.13146763117756752,-0.0715242427987942,-8.9146252238008
408.16750391546134,-9.868614482594353,-0.1268552576174033,-0.02155743961693632,-8.860046047058779
408.2208451574297,-9.946917421469127,-0.12221986006117765,-0.010602522279883182,-8.8444557321655
408.2741863993981,-9.96609299620158,-0.11754856976943526,-0.06046429796605879,-8.889646217559934
408.3275276413665,-9.924757534198578,-0.11284974842162873,-0.029887462338134142,-8.854370560584202
408.38086888333487,-9.656107613720653,-0.10812511027114277,0.07611938045208176,-8.7436390796435
408.43421012530325,-9.73925684182145,-0.1033698615365696,0.10567233143279699,-8.709330879928212
408.48755136727164,-9.676394178850142,-0.09859749463448993,0.09247044562929731,-8.717760398829633
408.54089260924,-9.615160434024817,-0.09379287896449502,0.060129256749077195,-8.745296972039856
408.5942338512084,-9.719249766170517,-0.08897844604206305,0.021961632258438918,-8.778650163608063
408.6475750931768,-9.578359402932712,-0.08413157797704193,-0.020911068873779762,-8.81667599667526
408.70091633514517,-9.777975707357703,-0.07928025244719078,-0.06302403676528794,-8.853937639036918
408.75425757711355,-9.633045572361858,-0.07439881689668248,-0.029046099077725644,-8.815078265798848
408.80759881908193,-9.726032502962013,-0.06951383663472105,-0.0013472739396076434,-8.782494460398768
408.8609400610503,-9.695565837286999,-0.06460751836108286,-0.011446666984069556,-8.78768753516959
408.9142813030187,-9.75290916815343,-0.059696083071151616,-0.013195785884001323,-8.78452521877959
408.9676225449871,-9.733298192681268,-0.054770652535566074,0.007893431316824994,-8.758510571043178
409.0209637869554,-9.676736021282958,-0.04983998248870565,0.006100902739808391,-8.755372429573335
409.0743050289238,-9.780115365350829,-0.04490122029507646,-0.03103126633800269,-8.787565836457517
409.12764627089217,-9.7359252180972,-0.03995854622999359,-0.0379252595171114,-8.789517155571543
409.18098751286055,-9.665253300242995,-0.03501223639702548,-0.016715315707890303,-8.763360901929355
409.23432875482894,-9.755523112734181,-0.03006478942564363,-0.006097239802904996,-8.747795379052988
409.2876699967973,-9.633440089507767,-0.025116712666505878,-0.0013453176024536735,-8.7380953800934
409.3410112387657,-9.741787813642999,-0.020171714197725392,-0.010868172893901948,-8.742673236916067
409.3943524807341,-9.654915228328422,-0.015227641215009368,-0.024682731081681165,-8.751543722121129
409.44769372270247,-9.633693595484402,-0.010292292910320484,0.015079440182150973,-8.706846202552608
409.5010349646708,-9.538407635622063,-0.005358278232033496,0.06003941397095495,-8.656952214085518
409.5566083666657,-9.555322569077882,-0.0002336143532134311,0.04652150362000826,-8.665345460557644
409.6121817686606,-9.548169967031088,0.0048862104656300425,0.031890231505669005,-8.674856907853139
409.66775517065554,-9.583336921146355,0.00998879848399352,0.013293148945207162,-8.688351402395238
409.7233285726505,-9.579189440931323,0.015079642301449472,0.008689135333806964,-8.687864572189183
409.7789019746454,-9.595967935398413,0.02015425324603644,0.023426387346655548,-8.668052709231747
409.8344753766403,-9.50608562503458,0.025207875357264466,0.016235636020568,-8.670189838446607
409.8900487786352,-9.614469246815982,0.03024865285354589,-0.004374477630358775,-8.685759174601252
409.94562218063015,-9.591010481376355,0.03525688989273326,-0.047662556724454956,-8.72403901665616
410.0011955826251,-9.708623522918778,0.04025705273737215,-0.09416125736234585,-8.765537554449413
410.05676898461996,-9.67162201131034,0.045212807112942344,-0.06170492681663932,-8.728125469528136
410.1123423866149,-9.644263085381944,0.05015722000911861,-0.027505282912398395,-8.688981412727719
410.16791578860983,-9.581354222621233,0.05506190771391741,0.012800571157289277,-8.643770870953231
410.27906259259964,-9.554412373638575,0.06479065018178932,0.012716500602191323,-8.634126199040459
410.3346359945946,-9.661618819580267,0.06959988839612447,0.02089359197257358,-8.62113986945574
410.3902093965895,-9.542841856237299,0.07438568882224346,0.04393688091949198,-8.593310780082703
410.44578279858445,-9.557400870499311,0.07911575004461358,0.03363520603095159,-8.598882393748873
410.5013562005793,-9.573650379863608,0.08383210958893221,0.016780198377151036,-8.611021041858356
410.55692960257426,-9.501310322466006,0.08847723331607396,0.023010176913903134,-8.600145939594462
410.6125030045692,-9.583509561973052,0.09310474541015044,0.012974049587458812,-8.60555455482683
410.723649808559,-9.722691557333432,0.10220292338552982,-0.07486252027073918,-8.684292946709649
410.77922321055394,-9.677125866922651,0.10668632625176411,-0.03682751320380996,-8.641774536776484
410.83479661254887,-9.572021933523793,0.11111432031976647,0.0031253775925410513,-8.597393651912132
410.8903700145438,-9.583215638939926,0.1155092302209492,0.04422342199751696,-8.551900697605973
410.94594341653874,-9.552631114760576,0.11982689870005044,0.060864821529700006,-8.530941629594688
411.0015168185336,-9.569170955841532,0.12412569530313099,0.07071072399693025,-8.516796930524377
411.05709022052855,-9.62635719066254,0.12832892249348843,0.021067538169661497,-8.562236889161289
411.1126636225235,-9.67549270748563,0.13250869120064382,-0.02994591520219988,-8.609070573825994
411.1682370245184,-9.732596011138433,0.13660897251475104,-0.08560242217475487,-8.660626799484442
411.2238104265133,-9.787608326123234,0.1406631908244249,-0.08602827344127985,-8.656998432441293
411.27938382850823,-9.562961463947337,0.14465596134443498,-0.01277673963277592,-8.57975412811278
411.33495723050316,-9.732304887905345,0.14857831799699547,0.013479497360707233,-8.549575534466737
411.3905306324981,-9.635857669465071,0.15245914777955377,0.012020063389974814,-8.54715413865491
411.446104034493,-9.533615708082468,0.15624355179539573,0.019198907610278322,-8.536190890418764
411.5016774364879,-9.59395815766314,0.1600045173443254,0.027686063254452963,-8.52394276922566
411.55725083848284,-9.716777943985738,0.16364874018141692,0.02120336500769499,-8.526781244635327
411.6128242404778,-9.55955706965627,0.16726426259048385,0.021396462209393584,-8.522972625024561
411.66839764247266,-9.538082470930496,0.17078411311664982,0.04384309234947151,-8.497006144358318
411.7239710444676,-9.558846845675365,0.17424865943425477,0.0432174472061778,-8.494167243184005
411.7795444464625,-9.596400945124408,0.17764029514614182,0.012174341803261313,-8.521818712875035
411.83511784845746,-9.60673286182556,0.18094858118029766,-0.02364289367727959,-8.55432766232142
411.89069125045233,-9.65608889665885,0.18420831743506294,-0.062240979286344936,-8.589666011675721
411.94626465244727,-9.680094063688724,0.1873553151988571,-0.05850047564314631,-8.582778510268728
412.0018380544422,-9.618613539232005,0.19047503920984893,-0.0448996192569862,-8.566057929871576
412.05741145643714,-9.430220446752829,0.19346057401801192,0.007921403081503122,-8.510251372724923
412.112984858432,-9.519078477622333,0.19641293792058342,0.033856781112950055,-8.481363630790906
412.16855826042695,-9.583437834969413,0.1992565058308817,-0.02838904358355819,-8.540765887577114
412.2241316624219,-9.566259801102978,0.2020371182505768,-0.03191575822581421,-8.541511989799677
412.2797050644168,-9.411634458484256,0.20473570440512565,0.041064107325570136,-8.465833538093744
412.33527846641175,-9.377702194042364,0.20734045280511232,0.07169553795235656,-8.432597359066971
412.3908518684066,-9.332040664832203,0.20989121838277397,0.07796483364920569,-8.42377729779246
412.44642527040156,-9.393452513506867,0.21231627471760914,0.002902489216917509,-8.496414585889912
412.5019986723965,-9.464027365865661,0.21471105888582184,-0.08392290166821297,-8.58084519260683
412.55757207439143,-9.284909824648198,0.21695838590883076,-0.05646692946516983,-8.551141893380777
412.6131454763863,-9.398982216043677,0.21916898931051135,-0.027640457588728684,-8.520104818102656
412.66871887838124,-9.380340486321943,0.2212610647084981,0.00560939587408367,-8.484762889241857
412.7242922803762,-9.20015565361975,0.2232843556038248,0.027520604346217593,-8.460828389874395
412.7798656823711,-9.21984904623776,0.225219072830485,0.03483106198505825,-8.451583215008895
412.835439084366,-9.277483432048575,0.22705222015999918,0.026164056983624225,-8.458417072680815
412.8910124863609,-9.253151951848677,0.2288276616935777,0.008419636087874877,-8.474386052042986
412.94658588835586,-9.271722258758565,0.23046813879400868,-0.011981092504846334,-8.493146303535276
413.0021592903508,-9.285569245622193,0.23207626278154453,-0.03130867816351269,-8.510865765206406
413.05773269234567,-9.238942198555497,0.23352816595594608,-0.011413285614893383,-8.489518469483386
413.1133060943406,-9.248888484835483,0.23494083189293397,-0.0024059230829996422,-8.479098441014504
413.16887949633553,-9.360250065431313,0.23622885927386747,-0.027984796202856904,-8.503389286753428
413.22445289833047,-9.240856221298577,0.23744427605982396,-0.03096026999921443,-8.50514934376383
413.28002630032535,-9.26894909500465,0.23856728342025754,-0.00516904456963111,-8.478235110973813
413.3355997023203,-9.21139446311707,0.23958397368835277,0.029711908194384958,-8.442337467941702
413.3911731043152,-9.182777831427764,0.24054101329831695,0.06969277674614223,-8.40139955977998
413.44674650631015,-9.127503511740565,0.2413578151033671,0.033500684792583564,-8.436774849928488
413.502319908305,-9.259634442779266,0.24214115384028362,-0.013724425348887844,-8.483216621333044
413.6134667122949,-9.164355429646772,0.24334663597177358,0.029440413815042882,-8.438846300037623
413.6690401142898,-9.189598893184975,0.2438020617764078,-0.0077231836823561,-8.475554471730387
413.72461351628476,-9.207616391869635,0.24418317728254715,-0.031608363871754745,-8.499058536413646
413.78018691827964,-9.148854317133194,0.24447082226127873,-0.03879140863639891,-8.505953936199559
413.8357603202746,-9.150756622314542,0.2446505310827356,-0.04031766460363156,-8.507300483345334
413.8913337222695,-9.058814255784922,0.2447704376460401,-0.038709764672437585,-8.505572676850836
413.94690712426444,-9.1087326249887,0.2447489662955582,-0.03266073068469445,-8.499545114213575
414.0024805262593,-8.958235322295492,0.24469391805570695,-0.02409960776765417,-8.491039039536386
414.05805392825425,-8.841667407982653,0.24447926630262432,0.02066770668527645,-8.446486376836537
414.1136273302492,-8.782854331677266,0.24422380473329203,0.05070280343848356,-8.416706741652664
414.1692007322441,-8.714191326835781,0.24384272710791355,0.03539089169420554,-8.43239973102232
414.224774134239,-8.782793166365284,0.24338782830522368,0.014532830108485684,-8.453712691410729
414.28034753623393,-8.788138548470014,0.2428411548239858,-0.013220219303405736,-8.48201241430386
414.33592093822887,-8.691648567361344,0.2421881074171564,-0.009441902069045287,-8.478887144476328
414.3914943402238,-8.695471225012781,0.241476862484833,0.011587329842499825,-8.458569157497106
414.4470677422187,-8.70774170497415,0.24062726523230418,0.01892451402203068,-8.452081570570103
414.5026411442136,-8.696770853953907,0.23974496967741357,0.024510647236964292,-8.447377732910061
414.55821454620855,-8.639136654608402,0.23870842513406407,0.044591790728190916,-8.428333133962184
414.6137879482035,-8.705869567676272,0.23763209783171463,0.054638676866113185,-8.41936257512661
414.66936135019836,-8.748445596682888,0.23643520577140825,0.034275962476028994,-8.440922181577003
414.7249347521933,-8.771978546439948,0.2351671697737252,-0.00812258071674545,-8.48458876076746
414.7805081541882,-8.902644481217102,0.23381171545458235,-0.07759771310277468,-8.55541934747263
414.83608155618316,-8.942285081291475,0.23235459227208397,-0.09578513124612997,-8.575063888798486
414.89165495817804,-8.91937452998738,0.23084254590949127,-0.08626608869853393,-8.567056892613481
414.94722836017297,-8.889574263598009,0.22919925115880802,-0.05144780167520651,-8.533881900340837
415.0028017621679,-8.839306737633192,0.2275250968433926,-0.012595621094036143,-8.496703874075083
415.05837516416284,-8.839293279068443,0.22570650403552828,0.01803744625313605,-8.467889399535775
415.1139485661578,-8.74629968714511,0.2238503631087385,0.03703393701766526,-8.450749049698034
415.16952196815265,-8.75775729194304,0.2218821723648876,0.021304952455116325,-8.468446225004435
415.2250953701476,-8.786139010234741,0.219847638893019,0.027392293414119303,-8.4643934175173
415.2806687721425,-8.714923812140148,0.21773253295836498,0.05997530509356069,-8.433925511772513
415.33624217413745,-8.643353890031802,0.21552347694944812,0.05882065022676321,-8.437289222648227
415.39181557613233,-8.69895857050247,0.21326430887258988,0.03967064781510238,-8.458698393136746
415.44738897812726,-8.734463638713914,0.21088487011389062,0.03819756738258943,-8.46255091232796
415.5029623801222,-8.682339025984941,0.20847731103245162,0.03591621204990816,-8.467239826742079
415.55853578211713,-8.705566189406662,0.205939241244036,-0.03493910647497241,-8.540633215055376
415.614109184112,-8.827141838691489,0.20336701969672022,-0.07416284397706292,-8.582429174104782
415.66968258610694,-8.726734883368163,0.20069443260303205,-0.020427360230301367,-8.531366277451708
415.7252559881019,-8.636909204729497,0.19796230188451025,-0.023684494764640036,-8.537355542704569
415.7808293900968,-8.852716508304463,0.19515869470220926,-0.09535585210846464,-8.611830507230694
415.8364027920917,-8.630003331419948,0.19227165379176744,-0.06362068744226539,-8.582982383474937
415.8919761940866,-8.590310633814802,0.1893406746182635,0.022570907101896392,-8.499721768104278
415.94754959608156,-8.530007088007293,0.1863039603948831,0.022498462173608545,-8.502830927255948
416.0031229980765,-8.567058091927565,0.18324268046857475,0.008682720110647836,-8.519707949245216
416.05869640007137,-8.468732027875713,0.18006848292784242,0.008528237252584371,-8.523036629644013
416.1142698020663,-8.544789787035686,0.1768646107155763,0.022988651930941968,-8.51178008717792
416.16984320406124,-8.422891186976793,0.17357484587808536,0.07975153710179646,-8.458306966844557
416.22541660605617,-8.366031721433341,0.17023414970571232,0.07806345453322701,-8.4633357455855
416.336563410046,-8.566439401915492,0.16336148031177303,-0.000875087674402232,-8.549146957187068
416.3921368120409,-8.4464861181426,0.15985332599583466,0.024055064060199107,-8.527724959768406
416.44771021403585,-8.449640746841208,0.15625711210344673,-0.02083824255443646,-8.576214480275429
416.5032836160308,-8.552459718258122,0.15264059450992531,-0.07431924198610765,-8.633311997300622
416.55885701802566,-8.586963398607562,0.14893186673366976,-0.08130067807961215,-8.644002161170382
416.6144304200206,-8.549086101183674,0.1451989078429356,-0.06705181781743258,-8.633486259798936
416.67000382201553,-8.437359751643099,0.14139686293082201,0.007727345722627366,-8.56250914117099
416.72557722401046,-8.41065340345351,0.13755407380267123,0.042380176338785415,-8.531699099682982
416.78115062600534,-8.403606470010626,0.13366350111695038,0.02997408360361893,-8.547995765103868
416.8367240280003,-8.514320512377367,0.1297176585935858,0.016864344342354457,-8.565051346888499
416.8922974299952,-8.464924674939972,0.12574344767228054,0.0033934438127744284,-8.582496458339385
416.94787083199014,-8.421388128557494,0.12170148408038987,-0.001019996515164641,-8.590951862259214
417.003444233985,-8.458188384188457,0.11764405853823384,-0.002250047183630222,-8.596239338469836
417.05901763597996,-8.36873888819768,0.11351761151002956,0.022643488395770493,-8.57547224991864
417.1145910379749,-8.412011027094938,0.10937319873602744,0.02817391911478946,-8.574086231973622
417.1701644399698,-8.471866094240246,0.10517832493687772,-0.02068148709662591,-8.627136511984187
417.2257378419647,-8.475642008321573,0.10095418338734995,-0.02647390064324044,-8.637153067080328
417.28131124395964,-8.408896506336523,0.09669611437316569,0.01765273125655028,-8.597284504194723
417.33688464595457,-8.299198859574025,0.09239962098380763,0.019305283566731942,-8.5999284452739
417.3924580479495,-8.374187563684215,0.08808365868658716,-0.0005629810089979955,-8.624112672146849
417.4480314499444,-8.366595065666584,0.08372229774976107,0.021794981186707134,-8.60611607088797
417.5036048519393,-8.2641230454777,0.07935075284828036,0.045503804342669214,-8.586778792633488
417.55917825393425,-8.218967879435981,0.07493516016895171,-0.0068988140774574646,-8.643597003732944
417.6147516559292,-8.326914956978616,0.07050851765552427,-0.04271849379375549,-8.68384332596267
417.67032505792406,-8.128913539933981,0.06605129731925784,-0.03264878210595449,-8.678230834611135
417.725898459919,-8.261853280224043,0.06157725032777631,-0.04557464582401862,-8.695630745320681
417.78147186191393,-8.280395438136017,0.05708392303853709,-0.0848492719899694,-8.73939869877587
417.83704526390886,-7.993450931586047,0.052570232753841144,-0.055344514532003924,-8.714407631602601
417.8711909169952,-8.027978973673067,0.0497906537773878,-0.016079925958595385,-8.677922622005646
417.90533657008154,-7.982706855053623,0.04700867835713585,0.019296382919673387,-8.64532828854763
417.9394822231679,-7.859839429816687,0.04421376591043146,0.03368209844473837,-8.633737485469268
417.9736278762542,-7.966139365275379,0.041418853463727076,0.048067813969803364,-8.622146682390909
418.00777352934057,-7.862272703913246,0.03862123599077468,0.06196854046186763,-8.611043573371797
418.0419191824269,-7.769737209588772,0.035814441568225414,0.07422391511523888,-8.601594993140974
418.07606483551325,-7.906820819009179,0.03300764714567614,0.08647928976861013,-8.592146412910152
418.1102104885996,-7.777083895876425,0.03019833531015656,0.08376023738551626,-8.597674777128764
418.144356141686,-7.99944784722129,0.027383122219962842,0.04593851868841754,-8.638311708916058
418.17850179477233,-7.8372780745870045,0.024567909129773812,0.008116799991381795,-8.678948640703283
418.21264744785867,-7.97374134847556,0.021750863476160034,-0.010835987823682735,-8.700718474171962
418.246793100945,-7.876216587397905,0.018930702820607673,0.002284742517615388,-8.690417904486216
418.28093875403135,-7.86890695886663,0.016110542165055308,0.01540547285891351,-8.68011733480047
418.3150844071177,-7.93821522289233,0.013289730922557743,0.015716234684353778,-8.682627384217527
418.3833757132904,-8.009650225459541,0.007646464223416208,-0.01603659470715766,-8.72002348030818
418.4175213663767,-7.974437525243247,0.004825858131566098,-0.03431136340771279,-8.741118855100584
418.45166701946306,-8.027669401260447,0.0020062267026792315,-0.05486169234424536,-8.764488815466004
418.4858126725494,-8.08376321692204,-0.0008134047262076347,-0.07541202128077792,-8.787858775831424
418.51995832563574,-8.106013956112855,-0.0036298375903220173,-0.058140256489221755,-8.773403443903982
418.5541039787221,-8.126989388121387,-0.0064439967624129605,-0.01398274795437614,-8.732060094541229
418.5882496318084,-8.001202082090563,-0.009258155934503904,0.030174760580469473,-8.690716745178474
418.62239528489476,-7.978010464659567,-0.012066455320911851,0.028064513904754056,-8.695635291240595
418.6565409379811,-8.015368619600475,-0.014871680192321542,0.0016784805320578559,-8.724826549484701
418.69068659106745,-8.082506558799995,-0.017676905063731235,-0.024707552840638344,-8.754017807728808
418.7248322441538,-8.076584735180887,-0.020473123699722828,-0.02292099894062994,-8.755027472464791
418.75897789724013,-7.975640309127559,-0.023265964519643023,-0.010568230230017168,-8.7454675445741
418.79312355032647,-8.034654152663407,-0.02605880533956322,0.0017845384805956037,-8.735907616683406
418.82726920341287,-8.030128160924153,-0.02883901405893241,-0.0007773301427838934,-8.741249694026155
418.8614148564992,-7.953105964556924,-0.03161603735324341,-0.007100208997133912,-8.750349596174816
418.89556050958555,-8.026504076394868,-0.034393060647554416,-0.013423087851483932,-8.759449498323477
418.9297061626719,-8.005593849957574,-0.03715335349252917,-0.024103229055371708,-8.77288993237234
418.96385181575823,-8.002331365927699,-0.0399111460256906,-0.03543454909536695,-8.786979044945497
418.9979974688446,-8.033662196433134,-0.042668938558852024,-0.0467658691353622,-8.801068157518653
419.0321431219309,-7.78843701866219,-0.04540543784849247,-0.007383427607976942,-8.76442221528091
419.06628877501726,-7.7850097375676075,-0.04814061055935061,0.03515850439347671,-8.724615455990312
419.1004344281036,-7.858652734788555,-0.05087545272179961,0.07698789818480642,-8.685520904361432
419.13458008118994,-7.911481851611351,-0.05358464462889807,0.06352497614140709,-8.70169301831193
419.1687257342763,-7.835278674355914,-0.05629383653599654,0.050062054098007756,-8.717865132262428
419.2028713873626,-7.872521557825138,-0.05900056371091759,0.03807194156183082,-8.732561971973526
419.23701704044896,-7.7765186767876,-0.06168044578299481,0.04212321601812996,-8.731190579589304
419.2711626935353,-7.83579391810591,-0.06436032785507202,0.0461744904744291,-8.729819187205083
419.30530834662164,-7.845189633338175,-0.06703514139107666,0.04310887232226529,-8.73555961889325
419.339453999708,-7.8661775678926515,-0.0696824203784787,0.001381119261592949,-8.779934650941325
419.3735996527943,-7.902196551531733,-0.07232969936588075,-0.04034663379907939,-8.8243096829894
419.40774530588067,-7.9850614109455895,-0.07496884491358734,-0.06757246260210004,-8.854174657340126
419.441890958967,-7.8976961459820805,-0.07758026713632213,-0.04536759861523431,-8.834581215575994
419.47603661205335,-7.990807972052291,-0.08019168935905692,-0.023162734628368587,-8.814987773811865
419.51018226513975,-7.878819017969673,-0.08279146172639328,-0.0073213350088145,-8.801746146559648
419.5443279182261,-7.919633275949626,-0.08536381681469087,-0.006455990640878857,-8.803453157280009
419.57847357131243,-7.945077195322765,-0.08793617190298844,-0.005590646272943213,-8.80516016800037
419.61261922439877,-7.915162604450452,-0.09049291984449348,-0.003690939692007418,-8.805817209360939
419.6467648774851,-7.860071209904352,-0.09302304442771353,-2.677249830217474e-05,-8.804683166750454
419.68091053057145,-7.888769259040281,-0.09555316901093358,0.003637394695403068,-8.80354912413997
419.7150561836578,-7.968002097149889,-0.09806329994523522,-0.0013820851690882398,-8.811078734938762
419.74920183674413,-7.922946172105805,-0.10054808128508003,-0.01741140782064665,-8.829592838930166
419.7833474898305,-7.979432262395851,-0.10303286262492484,-0.03344073047220507,-8.84810694292157
419.8174931429168,-8.013762958783671,-0.10549284727456963,-0.03948384511131526,-8.856610042210324
419.85163879600316,-7.8945725819761545,-0.10792922683862802,-0.03602063882952144,-8.855583215492588
419.8857844490895,-7.945236813093877,-0.1103656064026864,-0.03255743254772761,-8.854556388774853
419.91993010217584,-8.078715969792427,-0.11277198335072199,-0.012596561717269127,-8.83700189489243
419.9540757552622,-7.958539344770282,-0.11515696032239235,0.019131604043546642,-8.807658706103284
419.9882214083485,-7.931859184468804,-0.11754193729406273,0.05085976980436241,-8.77831551731414
420.02236706143486,-7.906427736259338,-0.11989131745180552,0.05972436234306693,-8.771800304933178
420.0565127145212,-7.963724737422381,-0.12222195217280118,0.056548897967672325,-8.777306404029568
420.09065836760755,-7.944180821460122,-0.12455258689379684,0.05337343359227772,-8.782812503125959
420.1248040206939,-7.966482419802592,-0.12684165787436805,0.041112245084848974,-8.797362762613957
420.1589496737802,-8.006930681828416,-0.12911507521601134,0.025429212356740418,-8.81531921268371
420.1930953268666,-8.002891395621683,-0.13138849255765842,0.009746179628605753,-8.833275662753492
420.22724097995297,-8.078795026691179,-0.133614022949978,-0.011738373100629269,-8.856985745875045
420.2613866330393,-7.924685286178945,-0.1358274156096241,-0.034693416221678035,-8.882154181655741
420.29553228612565,-8.130721945038188,-0.13804080826927018,-0.0576484593427268,-8.907322617436435
420.329677939212,-7.984906925915729,-0.14019965180735872,-0.04245861979682684,-8.894291621428623
420.36382359229833,-8.003662437027192,-0.14235028352637602,-0.021526453591727366,-8.875510086942542
420.3979692453847,-8.079156116593762,-0.14450091524539332,-0.0005942873866278944,-8.85672855245646
420.432114898471,-8.085240098625347,-0.14659001486792209,-0.012808921798548742,-8.871032286490909
420.46626055155735,-8.158098280420468,-0.1486752235677053,-0.027119562162234094,-8.887428135554378
420.5004062046437,-8.151896544813809,-0.150759623230058,-0.04094521266334995,-8.903338185717848
420.53455185773004,-8.177871297441984,-0.15277682406271423,-0.01448749684325721,-8.87889767073041
420.5686975108164,-8.221979670947766,-0.15479402489537045,0.011970218976835536,-8.854457155742974
420.6028431639027,-8.094133752814523,-0.1568053544489647,0.03672563793662177,-8.831713066336782
420.63698881698906,-8.1210624925789,-0.15875204275934482,0.042739214751266456,-8.827646177832518
420.6711344700754,-8.181023201918924,-0.16069873106972493,0.04875279156591115,-8.823579289328253
420.70528012316174,-8.103803230296672,-0.16263414119174505,0.04937900269146413,-8.82488848832472
420.7394257762481,-8.177144936898431,-0.16450789538763863,0.020553407344092934,-8.855587837867985
420.7735714293344,-8.286757815698486,-0.1663816495835322,-0.008272188003278258,-8.886287187411249
420.80771708242077,-8.207786729923015,-0.16823839242581742,-0.02777782197686649,-8.907649564227123
420.8418627355071,-8.2016838608012,-0.17003687675323356,-0.015365530970784618,-8.897035757548457
420.8760083885935,-8.131309218775623,-0.17183536108065267,-0.0029532399646820815,-8.886421950869773
420.91015404167985,-8.243931517102826,-0.17361079380814026,0.0009383897846648286,-8.884305753847913
420.9442996947662,-8.300649736070683,-0.1753317610286682,-0.01530229824079778,-8.902267409093904
420.9784453478525,-8.154560714238718,-0.17705272824919618,-0.03154298626626039,-8.920229064339894
421.01259100093887,-8.344087227676784,-0.17874431644445815,-0.03463767849865353,-8.92501534476755
421.0467366540252,-8.18373458906942,-0.1803856104118732,-0.01522761770724166,-8.907246577943553
421.08088230711155,-8.223919685510301,-0.18202690437928826,0.004182443084170211,-8.889477811119557
421.1150279601979,-8.232892396598222,-0.18363222530913506,0.01786711686398463,-8.877398458269589
421.14917361328423,-8.235977354650633,-0.18519178344247195,0.024268287818786167,-8.872556845448123
421.1833192663706,-8.222537119911909,-0.1867513415758088,0.030669458773587708,-8.86771523262666
421.2174649194569,-8.214640099649683,-0.188268087316075,0.01401738537804691,-8.885884051762467
421.25161057254326,-8.21748791651285,-0.18974394296654654,-0.02465282725084363,-8.926030120041828
421.2857562256296,-8.325773256946116,-0.19121979861701807,-0.06332303987973417,-8.96617618832119
421.31990187871594,-8.35908364059363,-0.1926457790318521,-0.051836708679570284,-8.956115837535862
421.3540475318023,-8.162590054526719,-0.19403606374110813,-0.004453339631966431,-8.910122753197513
421.3881931848886,-8.192302130541876,-0.1954263484503642,0.04293002941563742,-8.864129668859166
421.42233883797496,-8.244678519005523,-0.196759494022505,0.043020833026603,-8.86537201082034
421.4564844910613,-8.36943926813372,-0.19806243966981996,0.01811595078867301,-8.891579838705585
421.49063014414764,-8.302656306861303,-0.19936538531713494,-0.006788931449256976,-8.917787666590831
421.524775797234,-8.27986128875481,-0.20060374982585794,-0.0008594197381914409,-8.913096519388489
421.5589214503204,-8.348917816287376,-0.20181769066200958,0.01673122335318951,-8.896719817133258
421.5930671034067,-8.253997181903248,-0.20303163149815923,0.034321866444541174,-8.880343114878057
421.62721275649307,-8.2917466383364,-0.20417339454175595,0.025836174477334165,-8.88997056988886
421.6613584095794,-8.32418501880653,-0.2052967691074258,0.01070710793910923,-8.906223010992754
421.69550406266575,-8.341112333923242,-0.20642014367309564,-0.0044219585991157025,-8.922475452096648
421.7296497157521,-8.216315915737267,-0.2074636130329458,-0.013196396243961891,-8.932293359101346
421.76379536883843,-8.357751681028821,-0.20849496595967232,-0.02100724916085118,-8.941135564944961
421.79794102192477,-8.3665958921399,-0.20952631888639886,-0.028818102077740465,-8.949977770788578
421.8320866750111,-8.334686379703264,-0.21046993272989883,-0.010810094048497918,-8.932913376602835
421.86623232809745,-8.382715213608021,-0.2114079164216725,0.008854691088293804,-8.914186575157817
421.9003779811838,-8.31744855121056,-0.21234485283946367,0.02803727961113315,-8.89594092305277
421.93452363427014,-8.21938792170674,-0.2131882290332356,0.00414191148010805,-8.920679667377566
421.9686692873565,-8.340254195488999,-0.2140316052270075,-0.01975345665091705,-8.945418411702365
422.0028149404428,-8.393402327065708,-0.21486708910443614,-0.04066309500213671,-8.967163533931013
422.03696059352916,-8.322739947652964,-0.21561473030793743,-0.028341109572123786,-8.9555891897045
422.0711062466155,-8.2923937211929,-0.2163623715114387,-0.01601912414211086,-8.944014845477987
422.10525189970184,-8.349491455905646,-0.2170951316586099,-0.0015828423093865046,-8.930311323792434
422.1393975527882,-8.229983497266344,-0.2177460224639974,0.024485413153865817,-8.90489395913457
422.1735432058745,-8.19332349584354,-0.2183969132693849,0.05055366861711814,-8.879476594476706
422.20768885896086,-8.251363548794863,-0.21902581484661238,0.06356516499606775,-8.867093999674983
422.24183451204726,-8.222106527049842,-0.21957905311861325,0.03164932055665178,-8.8995630823864
422.2759801651336,-8.366250200461062,-0.22013229139061324,-0.000266523882711057,-8.932032165097763
422.31012581821994,-8.263086353545264,-0.22065633739818083,-0.021183737815042004,-8.95347342503766
422.3442714713063,-8.312286847207485,-0.22111113533553695,-0.016010685973543,-8.948755171133518
422.3784171243926,-8.257305516960253,-0.2215659332728931,-0.010837634132043998,-8.944036917229376
422.41256277747897,-8.218867905904947,-0.22198426586851752,-0.016696890102488864,-8.950314505795445
422.4467084305653,-8.36845009285902,-0.22233995093767808,-0.04150967188085251,-8.97548297264297
422.48085408365165,-8.25899600989269,-0.22269563600683862,-0.06632245365921616,-9.000651439490493
422.514999736738,-8.260465331501704,-0.22300753764938197,-0.06809227609855226,-9.002733163572374
422.54914538982433,-8.060603468385146,-0.22326355338951917,-0.04044967753145532,-8.975346580745414
422.5832910429107,-8.153674585293528,-0.22351956912965637,-0.012807078964358388,-8.947959997918455
422.73668940902576,-8.040865728027493,-0.22416104989226543,0.04428469446906532,-8.891509705247639
422.77644031336865,-8.066691011281145,-0.2242256317845539,0.03404887380184945,-8.901810107807142
422.81619121771155,-8.116324943722898,-0.2242424939234674,0.02279116464164001,-8.913084679106266
422.85594212205444,-8.093320353005055,-0.22418991950389158,0.01004651527124708,-8.925776754057082
422.89569302639734,-8.160642269595717,-0.22413734508431574,-0.002698134099145852,-8.9384688290079
422.93544393074023,-8.110829439570084,-0.22398021811604601,0.01523273721462838,-8.920380830725856
422.97519483508313,-8.22661677038664,-0.22381038643196435,0.03689114819667733,-8.898552588059726
423.014945739426,-8.101429328015673,-0.22359648154438497,0.04205521766092388,-8.893174613707899
423.054696643769,-8.164813894686347,-0.22330942918313296,0.019843936205276178,-8.915098842802296
423.0944475481119,-8.285362322664668,-0.2230223768218814,-0.0023673452503397653,-8.93702307189666
423.13419845245477,-8.134796112324338,-0.22263462712873283,-0.00600115150453093,-8.940269128457702
423.17394935679766,-8.26781467691251,-0.22223052824284337,-0.0066187236938706285,-8.940482601761152
423.21370026114056,-8.358999033242162,-0.22178619633304997,-0.014831518154558496,-8.948251064312046
423.25345116548345,-8.32403582647885,-0.22126536251282447,-0.03748640414934998,-8.970385116486613
423.29320206982635,-8.447024737143431,-0.220744528692599,-0.060141290144141456,-8.992519168661179
423.33295297416925,-8.398718759504778,-0.22012729516148147,-0.07018205119242375,-9.001942696178345
423.37270387851214,-8.462405638278328,-0.21949017515516933,-0.07762062100455754,-9.008744145984165
423.41245478285504,-8.515922339244353,-0.2188168037159898,-0.06417802998698269,-8.99462818352741
423.45220568719793,-8.549686288875549,-0.21806398299799332,-0.004971919087303854,-8.934669251909735
423.4919565915408,-8.362363631400811,-0.21731116227999686,0.054234191812374974,-8.87471032029206
423.5317074958837,-8.44871021296761,-0.21646662794641597,0.023670700887553464,-8.9044292768833
423.5714584002266,-8.429508617068258,-0.21559882813409406,-0.02966512050889168,-8.956897298467425
423.6112093045695,-8.578763691005133,-0.21469884719186155,-0.05179897316837618,-8.978131170184676
423.6509602089124,-8.583079952662063,-0.21371692531168138,0.0055149310166209345,-8.919835344119498
423.6907111132553,-8.387172456832348,-0.2127350034315012,0.06282883520161806,-8.861539518054322
423.7304620175982,-8.507266010392502,-0.21166638707675045,0.10770594586860004,-8.81559379103259
423.7702129219411,-8.458960375437186,-0.21057133468068762,0.14879066274277378,-8.773414021762353
423.809963826284,-8.300784749406365,-0.20944820737485081,0.15050262462877828,-8.770578932570512
423.8497147306269,-8.629607610205257,-0.208241149508093,0.03450886857056715,-8.885365630761966
423.8894656349698,-8.616724384154136,-0.20703409164133518,-0.08148488748764397,-9.000152328953419
423.9292165393127,-8.812983327008148,-0.2057456349580454,-0.08532836701945369,-9.002707351801938
423.96896744365563,-8.726257765167723,-0.20442782897923323,-0.04873475239293669,-8.964795931196608
424.0087183479985,-8.589261689659992,-0.20308603772232223,-0.02492605383650002,-8.939645441383261
424.0484692523414,-8.66483134944079,-0.20165887197769602,-0.046624672534244925,-8.959916894336379
424.0882201566843,-8.755782152907944,-0.20023170623306982,-0.06832329123198982,-8.980188347289499
424.1279710610272,-8.629100760046935,-0.19872865661905145,-0.06182772457739807,-8.972189731020888
424.1677219653701,-8.776579480549014,-0.19719364897202313,-0.04345834714595643,-8.952285345942418
424.2472237740559,-8.619959804885127,-0.19399747347173346,0.007511195477907888,-8.898119627818264
424.3267255827417,-8.694821598553482,-0.19064485874785725,0.049159478745107135,-8.85311872982719
424.3664764870846,-8.742114534993217,-0.1888992307474475,0.05117596679719781,-8.849356613774688
424.4459782957704,-8.608421917148714,-0.18528938461968875,0.056426361261723505,-8.840496373182404
424.48572920011327,-8.674555306233517,-0.18344122857397008,0.059495378120645065,-8.835579200277763
424.52548010445616,-8.699968851918593,-0.18152864641429658,0.024455544984043193,-8.868706451254692
424.56523100879906,-8.779603329714414,-0.17957998072202566,-0.03192814775624188,-8.923141478302707
424.60498191314196,-8.81695556012197,-0.17761898633642217,-0.07501072368014214,-8.964263059841002
424.64473281748485,-8.713062942003756,-0.1755719494571448,-0.025264219614812386,-8.912469518896396
424.68448372182775,-8.579588486419766,-0.1735249125778674,0.024482284450517363,-8.860675977951788
424.72423462617064,-8.766797836825512,-0.1714192780324839,0.019306865247782953,-8.86374576260914
424.76398553051354,-8.733637103725243,-0.1692761261892827,-0.021032448507358213,-8.90194192452108
424.80373643485643,-8.695059153273984,-0.16712416282017853,-0.05510688612511085,-8.933864398769728
424.8434873391993,-8.71487949337958,-0.1648872675727049,-0.028795903106188295,-8.905316520503332
424.8832382435422,-8.567431996896687,-0.16265037232523125,-0.0024849200872657357,-8.876768642236936
424.9229891478852,-8.549749912729773,-0.16036069920747972,-0.011738256346766595,-8.883732305378686
424.9553407111719,-8.636,-0.15846591385026473,-0.040372890692085196,-8.910472154366788
425.18809553085606,-8.274,-0.1442237347633794,0.052967938506240826,-8.802889146081577
425.4255995698557,-8.209,-0.12849484544049433,0.012480870194554699,-8.827647325070378
425.66764102758805,-7.828,-0.11135680358819693,0.09045485595901698,-8.732535297453618
425.9140119720159,-7.683,-0.09288388739924058,-0.32524675562606414,-9.129763992849742
426.16450833964717,-6.029,-0.07314173829475785,0.1849003990363849,-8.599874689082812
426.418929935535,-5.523,-0.05227418668110628,0.08510299385904453,-8.6788045426465
426.67708043327804,-5.678,-0.030399522374120466,-0.10347772828006518,-8.845510600478624
426.9387673750203,-5.737,-0.007683283416157954,-0.010359617615657297,-8.729676250856254
427.20380217145106,-5.697,0.01569050155026011,0.062035215294560485,-8.633907632979618
427.4720001018048,-5.743,0.03953377924980878,-0.03271784459113816,-8.704817415165769
427.7431803138615,-5.659,0.06362269606949186,0.0012736149547308395,-8.646737038800216
428.0171658239465,-5.769,0.08773395229224745,0.01935780807064176,-8.60454158946155
428.29378351693043,-6.063,0.11162508203903253,0.011711529643048153,-8.588296738142358
428.57286414622905,-6.416,0.13503201681175847,-0.029433371031859046,-8.60603470404454
428.8542423338036,-6.583,0.15771142016318174,-0.0006401648275280406,-8.554562094488785
429.13775657016083,-6.72,0.17940616468010642,0.031452081083559055,-8.500775104060773
429.42324921435255,-6.973,0.19985915171851132,-0.009578488988907377,-8.521352687094835
429.71056649397605,-7.145,0.2188172707151875,-0.0596148011296635,-8.552430880238916
429.9995585051738,-7.093,0.23603425884525697,0.09624431505781719,-8.379354775921366
430.2900792126338,-7.547,0.2512534616532609,-0.023642083220207315,-8.484021971391385
430.5819864495893,-7.962,0.264281696082558,0.009873975126633053,-8.437477678615249
430.8751419178188,-8.265,0.27492109232691514,-0.05847995862833916,-8.495192216125863
431.1694111876461,-8.018,0.28299576601682225,0.03956014069447236,-8.389077443113143
431.46466369794064,-7.956,0.2883547259959732,-0.0027185213932396876,-8.425997145221706
431.7607727561168,-8.025,0.2908744200707203,0.006062257840092661,-8.414696671913626
432.0576155381346,-8.228,0.2904608801422366,-0.014731973100196636,-8.435904442782398
432.3550730884991,-8.323,0.2870514357588793,0.0031050088305696177,-8.42147690523499
432.65303032026094,-8.423,0.2806159730700283,0.011093413106074004,-8.419923963648337
432.951376015016,-8.568,0.2711577242778629,-0.0018450214521776782,-8.442320646998754
433.25000282290546,-8.649,0.25871358082795315,-0.026146005346146167,-8.479065774342631
433.5488072626158,-8.497,0.24335393161476632,0.03359576874350641,-8.434683649466166
433.847689721379,-8.533,0.22518203527256841,-0.027407342373314086,-8.513858656925184
434.14655445497215,-8.466,0.20433294305141067,0.026642004731058183,-8.48065840204197
434.44530958771776,-8.577,0.1809719957278267,-0.02615051659184951,-8.556811870688461
434.7438671124839,-8.459,0.15529292436785525,0.025832593030312965,-8.53050783242627
435.04214289068346,-8.469,0.12751559045458682,-0.046969787183128185,-8.63108754655298
435.34005665227517,-8.24,0.09788340583670435,0.07218700823824004,-8.541562935749495
435.6375319957627,-8.401,0.06666047708567581,-0.055748743430886746,-8.70072161616965
435.9344963881953,-8.201,0.0341285221180678,-0.005332802583982221,-8.682837630290352
436.2308811651676,-8.017,0.0005836093149055148,0.04731963305453425,-8.663730107454999
436.5266215308192,-8.229,-0.033667229167549585,-0.016394888761917827,-8.761695467753905
436.82165655783547,-8.51,-0.06830945765218875,-0.01289829809373416,-8.79284110557036
437.1159291874468,-8.688,-0.10302451886988488,0.018866177092599457,-8.795791691601725
437.4093862294291,-8.804,-0.13749328689914175,-0.04214372828500476,-8.891270365008586
437.70197836210343,-8.637,-0.17139944251293862,0.023317694936334104,-8.859715097401043
437.99366013233623,-8.517,-0.2044246466073359,0.007641453346284779,-8.90841654308549
438.2843899555395,-8.469,-0.23626643030296574,-0.03835454389528092,-8.986254324022685
438.57413011567024,-8.336,-0.2666366311669514,0.06810348880322153,-8.91016649218817
438.86284676523104,-8.628,-0.2952601148379066,-0.04664164359313471,-9.05353510825548
439.15050992526955,-8.776,-0.32187898287001404,-0.009003610924914876,-9.042515943619367
439.437093485379,-8.79,-0.3462547046496472,0.09642990968316537,-8.961458144790921
439.72257520369794,-9.226,-0.368169942309153,-0.19174569946556974,-9.271548991599163
440.00693670691004,-8.687,-0.38743005677871745,0.21576296109273668,-8.88330044551042
440.29016349024437,-9.108,-0.40382812460567497,-0.11247066368272296,-9.227932138112838
440.5722449174756,-9.072,-0.41721866149710884,0.036538114705070984,-9.092313896616476
440.85317422092334,-9.228,-0.42750566619460795,-0.021863903273052952,-9.1610029192921
441.13294850145274,-9.128,-0.4345952038563827,0.012778223607688882,-9.133450330073133
441.4115687284743,-9.12,-0.43841917149400506,-0.0007937237419131647,-9.150846245060357
441.68903973994384,-9.163,-0.43888689552097193,0.01316839632883222,-9.137351849016579
441.9653702423623,-9.296,-0.435971272752251,-0.01150005815650016,-9.15910468073319
442.2405728107763,-9.33,-0.42973104955656594,-0.0009457010885851523,-9.14231010046959
442.787663788503,-9.318,-0.40737492444705575,0.018378377234898373,-9.100629897036596
443.05959669063526,-9.442,-0.39132429980088185,-0.01871674482627169,-9.121674394451592
443.33049064440206,-9.485,-0.3722107137489401,0.021823228775560883,-9.062020834797819
443.6003775675764,-9.634,-0.35015125472280606,-0.03753558456787533,-9.09932018911512
443.86929324647684,-9.618,-0.3251616480521437,0.02022653517124518,-9.016568462705338
444.08381797867526,-9.605,-0.30326480943757667,0.03250154119586632,-8.982396618066149
444.3545122980244,-9.738,-0.273175495307561,-0.0804829782759546,-9.065291823407955
444.6252066173735,-9.439,-0.24057361261063398,0.1193728848066295,-8.832834077628442
444.8959009367227,-9.779,-0.2056291175916768,-0.1087196755173106,-9.025982142933426
445.16659525607184,-9.711,-0.1684919166061892,0.034554087064238195,-8.84557117936639
445.43728957542095,-9.846,-0.12946341885326587,0.009197634911053713,-8.831899133766651
445.7079838947701,-9.967,-0.08877903504481409,-0.036718652146239684,-8.837131037015492
445.9786782141192,-9.941,-0.04665605676763053,0.018959840238905495,-8.739329566353165
446.2493725334684,-9.935,-0.0033996913682468365,0.018077681404772603,-8.696955359787912
446.52006685281754,-9.964,0.04069869633837851,-0.06142357692978642,-8.732358230415846
446.8636821667269,-9.66,0.09744478730945141,0.05885404828888743,-8.5553345142261
447.2072974806362,-9.673,0.15445744524458346,-0.04547075604222446,-8.60264666062208
447.5509127945456,-9.386,0.21109052654068064,-0.013602484360200296,-8.514145307643957
447.89452810845495,-9.031,0.2667166234487774,0.05717240024173784,-8.387744326133923
448.2381434223643,-9.16,0.3206408038646018,0.0026642898751971507,-8.38832825608464
448.5817587362736,-9.479,0.37227004496649907,-0.03618189126153559,-8.375545196119475
448.925374050183,-9.45,0.42093305590240143,0.021367518165063413,-8.269332775756974
449.26898936409236,-9.274,0.4660366587588975,-0.04228939326198435,-8.287886084327525
449.61260467800173,-8.756,0.5070207141191462,0.04178504060369771,-8.162827595101595
449.95621999191104,-8.432,0.5432670072428738,-0.016913492891431764,-8.185279835472997
450.2998353058204,-8.039,0.5744036921774286,-0.01421905398135282,-8.151448711628364
450.6434506197298,-7.648,0.5997719312715192,0.05519086432252341,-8.056670554230395
450.98706593363914,-7.684,0.6191813655503052,-0.08140046660443888,-8.173852450878572
451.3306812475485,-7.418,0.6321318534791506,0.0814322600392079,-7.998069236306081
451.6742965614578,-7.677,0.6384428794082143,-0.059436415727293544,-8.132626886143518
452.0179118753672,-7.632,0.6378789883616143,0.038330075195226736,-8.035424286267599
452.36152718927656,-7.782,0.6302582540212802,-0.02424441647184093,-8.105619512275
452.48448891102436,-7.761,0.6258538358066252,0.017691409691452598,-8.06808810432636
452.60745063277216,-7.822,0.620529003338132,0.023952763506772494,-8.067151582979534
452.73041235451996,-7.942,0.6142364281456965,-0.008780866838391422,-8.106177788517135
452.85337407626776,-8.034,0.607071343655686,-0.009760304784355685,-8.114322310953108
452.9763357980156,-8.095,0.5990369824884902,0.011568448752961619,-8.101027918582986
453.0992975197634,-8.186,0.5901376681609977,0.014248508291416884,-8.107247173372023
453.2222592415112,-8.298,0.5802486991290164,-0.016327606543630514,-8.147712257239053
453.345220963259,-8.394,0.5695046303868285,-0.027627021393717026,-8.169755740831327
453.4681826850068,-8.403,0.5579175862559045,0.002290048603483395,-8.15142571496505
453.5911444067546,-8.454,0.5454966442375223,0.021196431950385966,-8.14494027363653
453.7290695639864,-8.548,0.5304723870386173,0.013150165908687315,-8.168010796877134
453.86699472121813,-8.627,0.5144247506858721,0.015754683102388048,-8.181453916036178
454.0049198784499,-8.75,0.4973936156560192,-0.007399770204025454,-8.221639504372444
454.14284503568166,-8.868,0.47925079781583857,-0.03392670726802493,-8.266309259276625
454.28077019291345,-8.921,0.4601945189248827,-0.022162682090779446,-8.273601512990336
454.4186953501452,-8.828,0.44015342132203816,0.06781860405800991,-8.203661324444392
454.5566205073769,-8.936,0.4191534147639883,-0.005294227901560245,-8.29777416296201
454.6945456646087,-9.069,0.39731564001862124,-0.10951686595754499,-8.423834575763362
454.83247082184045,-8.825,0.3745206018366501,0.06894369413878432,-8.268169053849004
454.97039597907224,-9.001,0.35092479259982856,0.006060977064179375,-8.35464758016043
455.10832113630397,-9.056,0.32654794695607925,-0.023213801543391012,-8.408299204411751
455.2462462935357,-9.061,0.30134005038910566,0.00764059766510299,-8.402652701770231
455.4676871628517,-9.131,0.25941705231870343,-0.0036763765921497063,-8.455892674097884
455.68912803216773,-9.092,0.21579046063842283,-0.016719897935093556,-8.512562787121109
455.91056890148377,-8.929,0.17060269451416937,0.004135763932645787,-8.536894891377623
456.13200977079975,-8.782,0.12404493171998553,-0.004289137296055033,-8.591877555400508
456.3534506401158,-8.674,0.0763406822352166,0.012855064393511806,-8.62243760319571
456.5748915094318,-8.626,0.027686734649634892,0.041633220178467455,-8.642313394996336
456.7963323787478,-8.746,-0.021713644591904276,-0.05601021398177687,-8.78935720839812
457.01777324806386,-8.795,-0.07166358776489319,-0.0835705443507219,-8.866867481940053
457.23921411737984,-8.573,-0.12192362780973516,0.14368891270797116,-8.689868064926204
457.4606549866959,-9.068,-0.17227174238913825,-0.007857266334599723,-8.891762358548176
457.6820958560119,-9.506,-0.22248697223102198,-0.11791082349185837,-9.05203114554732
457.9035367253279,-9.418,-0.272342111580423,0.08611876209727645,-8.897856699307585
458.12497759464395,-9.588,-0.32158527139181275,-0.062494652632179334,-9.09571327384843
458.34641846395994,-9.258,-0.37000648953919923,0.0857986452991552,-8.995841194064482
458.567859333276,-9.39,-0.41738284376013174,-0.046018616103343846,-9.175034809687915
458.789300202592,-9.323,-0.4634934395732226,-0.07050814298704149,-9.245634932384704
459.010741071908,-8.899,-0.5080828537806422,0.13930598163780045,-9.08041022196728
459.23218194122404,-8.751,-0.5509246176565379,-0.034020699579920044,-9.296578667060897
459.4536228105401,-8.679,-0.591843539023706,-0.23888937619199074,-9.542366265040135
459.53835478653394,-8.386,-0.6069489481701864,-0.14085884427847062,-9.459441142273096
459.62308676252775,-8.19,-0.6217399962111919,0.17788914849034151,-9.15548419754529
459.70781873852155,-7.365,-0.6362066801553815,0.7463228269539819,-8.601517203025837
459.79255071451536,-8.438,-0.6503018130621433,-0.006608450321895474,-9.368543613208477
459.8772826905092,-8.708,-0.664009841286743,-0.10098260256440848,-9.47662579367559
459.962014666503,-8.753,-0.6773591107021303,-0.08822106331468661,-9.477213523841256
460.0467466424968,-9.22,-0.6903403500549432,-0.09628591165137007,-9.498259611530752
460.1314786184907,-9.336,-0.702944445806504,-0.13128097543539877,-9.545858771066342
460.2162105944845,-9.641,-0.7151624463312423,-0.1341900991189637,-9.560985895274644
460.3009425704783,-9.648,-0.7269855660905414,-0.023219823176108954,-9.461838739091089
460.38567454647216,-9.685,-0.7383193310875972,0.05409561104269096,-9.395857069869345
460.47040652246596,-9.701,-0.7492311190657144,0.08451462032526483,-9.376349848564889
460.55513849845977,-9.803,-0.7597183983700759,0.06861342003511359,-9.402738328159401
460.6398704744536,-9.821,-0.7697733247460173,0.03719949186178913,-9.444207182708668
460.72460245044743,-9.873,-0.7793882499920872,0.002326960510076129,-9.48869463930645
460.80933442644124,-9.94,-0.7885557256908271,-0.04057874533693571,-9.540767820852203
460.89406640243504,-9.888,-0.7972288446252634,0.01379110804769592,-9.495071086402007
460.9787983784289,-9.82,-0.8053752470996338,0.05938115097960432,-9.45762744594447
461.0635303544227,-9.947,-0.8130495681772628,0.003110300813753821,-9.521572617187948
461.1482623304165,-10.031,-0.820245463026426,-0.05064458041447328,-9.582523393265337
461.2329943064103,-10.042,-0.8269568128786043,-0.07791069586819188,-9.616500858571234
461.3177262824042,-10.102,-0.8331777282021356,-0.08490574401711788,-9.629716822043692
461.402458258398,-10.009,-0.838902551835317,-0.008512914584853865,-9.559048816244609
461.48719023439185,-9.871,-0.8440319773235814,0.10912972992572025,-9.4465355972223
461.83934351163526,-10.069,-0.859746335620265,-0.052262174456593466,-9.623641859901298
462.1914967888787,-9.93,-0.8661605777957024,-0.011215231380851736,-9.589009159000993
462.3101630703343,-9.686733857510328,-0.8661309839603731,0.14651332394524016,-9.43125100983957
462.47073314947903,-9.849337646273947,-0.8642952919226924,-0.02988391080034219,-9.605812552547473
462.6313032286238,-9.755325054903272,-0.8604700118759138,-0.04556495521464094,-9.617668316914994
462.7918733077685,-9.394458897180419,-0.8546647236883812,0.08774184750368282,-9.478556226009136
462.9524433869133,-9.466788667210055,-0.846693450733289,-0.0937414001213948,-9.652068200679123
463.024370208854,-9.192298305148425,-0.8425180022723397,-0.08268588593791626,-9.636837238034694
463.09629703079474,-9.091904613837743,-0.8379667333201466,-0.04864988664888931,-9.598249969793475
463.1682238527354,-8.790281401321753,-0.8328776224101526,0.09031561027171815,-9.454195361962872
463.24015067467616,-8.644813379888323,-0.8274438560628679,0.11925190495424959,-9.419825300933057
463.3120774966169,-8.69768824602306,-0.8216659421218161,0.06426908685209291,-9.469030205094162
463.38400431855763,-8.609106623779745,-0.8154198233139418,0.04728364316210491,-9.479769529976275
463.5278579624391,-8.701609680371913,-0.8017172065400265,-0.06664970580962551,-9.58000026217409
463.5997847843798,-8.581947788485701,-0.7943551662632317,-0.02235459607866647,-9.528343112166338
463.6717116063205,-8.499347255338085,-0.7864426108952618,0.015557234893926599,-9.482518725825773
463.74363842826125,-8.503513358490585,-0.7781961738396982,-0.011634673113954152,-9.501464196778091
463.815565250202,-8.591666320750797,-0.7696169727786945,-0.05690566347983165,-9.538155986082966
463.8874920721427,-8.501400709333936,-0.7606126755215264,-0.014868592417833356,-9.487114617763797
463.95941889408346,-8.419195420902234,-0.7511648732444706,-0.02646193781931006,-9.489260160888218
464.03134571602413,-8.543377610016067,-0.7413924277138544,-0.017972432952288554,-9.470998210490581
464.10327253796487,-8.3851141260131,-0.7312967129369454,0.030901280813255005,-9.412028781948129
464.1751993599056,-8.285130842719463,-0.7207008068157467,0.07492285636365366,-9.357411300276532
464.24712618184634,-8.353722607461508,-0.7097662694343577,0.044503298232881044,-9.376896321025916
464.3190530037871,-8.408481651114707,-0.6985186579405643,-0.008231617856959014,-9.418383625621962
464.3909798257278,-8.383625903192112,-0.6868967812735671,-0.014178340466472272,-9.412708471564478
464.46290664766855,-8.538143744239417,-0.6748368094579462,-0.013390032378596142,-9.39986019166098
464.5348334696092,-8.293168632903427,-0.6624756553501916,-0.006750636144536157,-9.380859641319166
464.60676029154996,-8.42504105915318,-0.6498152792297291,0.005301665522000973,-9.356146963532167
464.6786871134907,-8.392915890046933,-0.6367173245191196,0.019384129188817496,-9.32896654515474
464.75061393543143,-8.454018050109687,-0.6232863425259209,-0.01631241576679282,-9.351232108117152
464.82254075737217,-8.526422246736136,-0.6095700098197508,-0.050364249129196445,-9.371567608773386
464.8944675793129,-8.494433590375147,-0.595535730176435,-0.034887027422933904,-9.342056107423808
464.9663944012536,-8.430357580827446,-0.581083857758835,0.0033378649970689394,-9.289379342586205
465.0383212231943,-8.438605971282957,-0.5663621022333747,0.04366003767889212,-9.234335414378922
465.11024804513505,-8.36255451644108,-0.5513729745860116,0.06559863979948505,-9.197407684610965
465.1821748670758,-8.493536680968498,-0.5360154236997996,-0.024170984951747496,-9.271819758475985
465.2541016890165,-8.484373616973226,-0.5203437809543716,-0.03318542623902237,-9.265162557017833
465.32602851095726,-8.445365726252232,-0.5044220672872834,-0.024441395996841107,-9.240496813108564
465.39795533289794,-8.461857153060569,-0.48824186657959584,-0.031300353387155,-9.23117556979119
465.4698821548387,-8.453165759627847,-0.47168067944482855,0.024472344131757497,-9.15884168513751
465.5418089767794,-8.258849508048614,-0.4548881770237957,0.03780149122349747,-9.128720035624736
465.61373579872014,-8.40912828271396,-0.437867370271693,0.025571204035763098,-9.123929516060368
465.6856626206609,-8.338730353465415,-0.42055127318402474,0.04018149804302304,-9.09200312496544
465.7575894426016,-8.284383217788253,-0.40295429229072766,0.05756806062229258,-9.057019581492874
465.82951626454235,-8.221454876932007,-0.38514940171503237,0.021488429546927177,-9.075294321992544
465.901443086483,-8.323084156740865,-0.36713980611494285,-0.0901164028090737,-9.168889558748456
465.97336990842376,-8.227447492145377,-0.3488153681179927,-0.08982236284041141,-9.150271080782844
466.0452967303645,-8.172163392311388,-0.33029824248897777,-0.09341591953992247,-9.13534751185334
466.11722355230523,-8.05175626809049,-0.31159832125459813,-0.07701931097267714,-9.100250982051714
466.18915037424597,-7.839081269147737,-0.2926776186476783,0.010126546414517127,-8.9941844220576
466.2610771961867,-7.711371048196475,-0.2735240095068346,0.04300476378963727,-8.942152595541637
466.3330040181274,-7.621428886973428,-0.254210672201026,0.07781390637662987,-8.888030115648835
466.4049308400681,-7.494691302678067,-0.23474121410835194,0.11993018306295057,-8.826444380869841
466.47685766200885,-7.497100686927248,-0.21504701941217647,0.07591958843845928,-8.850760780798156
466.5487844839496,-7.556537198030351,-0.19520068053706313,0.01770338210967588,-8.889130648251827
466.6207113058903,-7.6209599966296855,-0.17522254085999708,-0.023536910742932363,-8.910392801427369
466.69263812783106,-7.6021468191982695,-0.15509695433686754,-0.006134663570395112,-8.872864967731703
466.7645649497718,-7.676445517328059,-0.13480121131434256,-0.04152391777897681,-8.887958478917758
466.8364917717125,-7.76674630740717,-0.1143989111037375,-0.06510545601368845,-8.891137716941865
466.9084185936532,-7.795517575143878,-0.09389398071763455,-0.06768243553454001,-8.873209766076613
466.98034541559394,-7.84138897220873,-0.07325327294799529,-0.04239526748315201,-8.827281890255586
467.0522722375347,-7.763149230789346,-0.052514062292128946,-0.02137653760022012,-8.785523949716787
467.1241990594754,-7.901170113428492,-0.03169841812347791,-0.00409873275353441,-8.747430500701451
467.19612588141615,-7.908460416252501,-0.010805073279152502,0.008966294194291508,-8.7134721289093
467.26805270335683,-7.757765156113209,0.01018142942880805,0.09520135398006538,-8.606250566415566
467.33997952529757,-7.955058629842239,0.031217508080159866,0.07901868321912042,-8.601397158525158
467.4119063472383,-8.0884603698035,0.052299009492580956,-0.0018702166013928234,-8.661204556933251
467.48383316917904,-8.108951876941017,0.07343114762702063,0.020398229256769696,-8.61780397294065
467.55575999111977,-8.167098311116527,0.0945955133717885,0.005622389375770855,-8.61141544707688
467.6276868130605,-8.28978037702776,0.11577782152743006,-0.016996770112845835,-8.612852298409855
467.6996136350012,-8.339949489211767,0.13697386893787733,-0.03498664603433044,-8.609646126920893
467.7715404569419,-8.3683781149313,0.15817289787827873,-0.04017353960201248,-8.593633991548172
467.84346727888266,-8.440867455622055,0.179362013242114,-0.03507619653815784,-8.567347533120483
467.9153941008234,-8.391441989979016,0.2005369373471518,-0.024065567932450897,-8.535161980409738
467.9873209227641,-8.39041451437584,0.22168362115997478,-0.01590062190656208,-8.505850350571025
468.05924774470486,-8.35474093696567,0.24278460311383657,0.015157197159998187,-8.453691549550603
468.1311745666456,-8.26985031083769,0.26384326863759,0.024969949538868653,-8.422820131647981
468.2031013885863,-8.304792849219314,0.28485531988052437,0.0006819888786466312,-8.426096041065268
468.275028210527,-8.290134590368506,0.30577678239467426,-0.021926901294669687,-8.427783468724433
468.34695503246775,-8.318534774822508,0.326623646908149,0.021053762074144916,-8.363955940842144
468.4188818544085,-8.116360657661135,0.3473957007427078,0.06550113019968416,-8.298736518882047
468.4908086763492,-8.243011522506444,0.36806904188633116,0.016074417287431867,-8.327489890650677
468.56273549828995,-8.167268175443311,0.38860859381436524,0.014503868642814593,-8.308520887367258
468.63466232023063,-8.303306017673806,0.40904523508551016,0.013193021280852715,-8.289395093458076
468.70658914217137,-8.269880225417152,0.42937469836586045,0.00015384305328174517,-8.282104808405297
468.7785159641121,-8.374760820128149,0.4495294974275096,-0.05720773592424315,-8.319311588321172
468.85044278605284,-8.390332476686797,0.4695359073736365,-0.03982475127429993,-8.281922193725102
468.9223696079936,-8.308439330829957,0.4894073413352236,-0.015688559834674373,-8.23791456832389
468.9942964299343,-8.396188716726154,0.5091197646853275,-0.04711673652909721,-8.249630321668208
469.066223251875,-8.349132425261168,0.5286021494671532,-0.008161533907161936,-8.191192734264447
469.1381500738157,-8.321480140880865,0.5479221687425476,0.02018433692071294,-8.143526844161178
469.21007689575646,-8.316654911092122,0.5670756966484398,0.03632509103729002,-8.10823256213871
469.2820037176972,-8.265071275359508,0.5859819953623612,0.06814780594875865,-8.057503548513319
469.35393053963793,-8.28584575510269,0.6046588069963412,0.0388925818105678,-8.06808196101753
469.42585736157866,-8.36401293779403,0.6231424142457203,-0.008475230659875373,-8.096966166238595
469.4977841835194,-8.39333585244881,0.6414182316826678,-0.051800888453130585,-8.122016006594901
469.5697110054601,-8.370744985941505,0.6593620598972203,-0.043686843305234424,-8.095958133232454
469.6416378274008,-8.378788469707883,0.6770866884709823,-0.0156275787365689,-8.050174240090026
469.71356464934155,-8.291722577228557,0.6945882429424195,0.01835394265450369,-7.998691164227516
469.7854914712823,-8.306232144049957,0.711783045053633,0.02050851376355158,-7.979341791007254
469.857418293223,-8.2324853435694,0.7286622095922047,0.011785819002452715,-7.971185321229782
469.92934511516376,-8.325017024448723,0.7452933477780453,0.007204690147062158,-7.959135311899331
470.00127193710443,-8.252501814141148,0.7616727246172472,0.011804217889285498,-7.938156407317906
470.07319875904517,-8.288733774902282,0.7776305123525755,-0.028994205775159994,-7.9629970432470225
470.1451255809859,-8.266462030550684,0.7933087485071637,-0.012763623137136556,-7.931088224454411
470.21705240292664,-8.152932322664505,0.8087115055044715,0.017191535005733144,-7.885730309314234
470.2889792248674,-8.201064889000085,0.8237620656884096,-0.01768421897568098,-7.90555550311171
470.3609060468081,-8.20035391508122,0.8384084266209074,-0.030610331310844487,-7.903835254514376
470.4328328687488,-8.1892379094155,0.8527567647691149,-0.01270431456780428,-7.871580899623129
470.5047596906895,-8.112867032864074,0.86680374638755,0.03477169553595762,-7.810057907900931
470.57668651263026,-8.091341693096084,0.8803767451305845,0.04820230766229381,-7.783054297031561
470.648613334571,-8.13551383888862,0.8935968864731009,0.02780485132920685,-7.790231612022131
470.72054015651173,-8.189916121963702,0.9064946979273137,-0.004746655453872919,-7.809885307350998
470.79246697845247,-8.229971828540036,0.9190094636532355,-0.027118802224102234,-7.819742688395305
470.8643938003932,-8.222183197843785,0.931032018131077,0.0305441529955952,-7.750057178697767
470.9363206223339,-8.091739755418486,0.9427127107745994,0.004133647535445569,-7.764786991514394
471.0082474442746,-8.36430763704422,0.9540487043389899,-0.0906161761365281,-7.848200821621977
471.08017426621535,-8.2234378285921,0.9648750301914665,-0.005780375933730243,-7.752538695566702
471.1521010881561,-8.174402499520047,0.9752755044799842,0.016454860658381358,-7.719902984686073
471.2240279100968,-8.194478572930903,0.9853136224646524,0.0027167199871734327,-7.7236030073726125
471.29595473203756,-8.204768959095423,0.9949524297096605,-0.035246737215337394,-7.751927657330116
471.36788155397824,-8.099104775905516,1.0040147615898716,0.006275451233093211,-7.701343137001475
471.439808375919,-8.058891845822966,1.0126987589887662,0.0038873481886967805,-7.695047242646976
471.5117351978597,-8.086797754028986,1.021002165615429,-0.020851569248049165,-7.711482753457059
471.58366201980044,-7.9435090529530665,1.0287769710025993,0.041086723815009205,-7.64176965500683
471.6555888417412,-7.948210291361883,1.0360561796659387,0.024547329318388864,-7.651029840840112
471.7275156636819,-7.96795272635774,1.042940958784597,0.0018450128863733075,-7.666847378153468
471.79944248562265,-7.931061641521666,1.049424215312149,0.0064234874247865266,-7.6557856470875025
471.8713693075633,-7.93193745089683,1.055253820847872,0.0014479931779241692,-7.654931535798642
471.94329612950406,-7.930933158848285,1.060677038517749,-0.01734102364537365,-7.668297334952063
472.0152229514448,-7.988887650194279,1.065692264146407,-0.032362979225312866,-7.678304064903345
472.08714977338553,-7.938857180924076,1.0701761931915652,0.0004883622397568721,-7.640968794393117
472.15907659532627,-7.965526964110099,1.074101099399787,-0.018393392245107658,-7.655925642669759
472.231003417267,-8.018705655744094,1.0776084119749207,-0.013629844313585365,-7.647654782163103
472.3029302392077,-7.918663686524567,1.0806968221873692,0.03637902362091688,-7.594557504016152
472.3748570611484,-7.8631019366221935,1.0831212683666191,0.06710246092708971,-7.561409620530729
472.44678388308915,-7.837317738670475,1.085092360949741,0.05269114146423246,-7.573849847410465
472.5187107050299,-7.851828370418907,1.0866374016590452,0.00705965333120255,-7.617936294834191
472.5906375269706,-7.858271018864968,1.0876636481617323,-0.058377141465206187,-7.682346843127912
472.66256434891136,-7.700566706090557,1.0880768662798752,-0.05328479960413495,-7.676841283148699
472.73449117085204,-7.643282572331377,1.088058990798507,-0.05013839985235013,-7.673712758878282
472.8064179927928,-7.486759730836223,1.0876094394477207,-0.05455542984319666,-7.6785793402199145
472.8783448147335,-7.186019215004784,1.086513284876353,0.002310926873590861,-7.622809138074495
472.95027163667424,-7.265431290923122,1.0849197983079473,0.01463846774711685,-7.6120750837693745
473.022198458615,-6.878534133650549,1.0828921781045977,0.01813773573625011,-7.610603435983591
473.1401778056863,-6.681440130757987,1.0783601424090554,0.045423905214729006,-7.587849302200654
473.2581571527576,-6.453699332312141,1.0724810352827563,0.03280541610970502,-7.606346898431977
473.3761364998289,-6.395986378045762,1.0652563679020304,-0.013279900151791875,-7.6596568820742
473.4941158469002,-6.284370987929126,1.0566892503801832,-0.01031613373755074,-7.665260233181806
473.61209519397147,-6.270393031058889,1.0466659709386061,-0.036898191929540025,-7.7018655708153725
473.7300745410427,-6.206063464461146,1.0352552156368513,-0.0036763399044912526,-7.680054474092079
473.848053888114,-6.19471978611414,1.022523267485937,0.00421698109032972,-7.684893101248172
473.9660332351853,-6.278260502760586,1.0084801470386136,-0.014545547510060633,-7.717698750295886
474.0840125822566,-6.285833964117765,0.9931374690545949,0.0130516582594661,-7.705444222510378
474.2019919293279,-6.353909066487477,0.9764898287258045,0.03863418962840714,-7.696509331470227
474.3199712763992,-6.524911200056774,0.9584234128367735,-0.0016511180553530898,-7.754861055043018
474.4379506234705,-6.695346492869591,0.9391059663898319,-0.008262641242411797,-7.780790024677018
474.5559299705418,-6.878660941767716,0.9185558763954093,-0.016756114233178163,-7.809833587662207
474.6739093176131,-7.2032194313188755,0.8967930645435387,-0.044877201316969394,-7.859717486597869
474.7918886646844,-7.315083976678044,0.8738389701156793,0.05548832083022351,-7.782306058878536
474.9098680117557,-7.560146094231686,0.8496335978363504,0.06968900122691635,-7.792310750761172
475.027847358827,-8.048519478353807,0.8242208195488536,-0.05763931465504187,-7.945051844930627
475.14582670589823,-8.101624027076836,0.797696424012494,0.0014639847826212683,-7.912472941029324
475.2638060529695,-8.476038787673758,0.7700881530640247,-0.02618318257385451,-7.967728379334269
475.3817854000408,-8.586399333994759,0.7414251426649198,0.002747040020354087,-7.967461167139166
475.4997647471121,-8.708212972757863,0.7117378942322578,0.035010929262070556,-7.964884526330111
475.6177440941834,-8.871611887168015,0.6809330567125396,-0.01340122903726918,-8.044101522149168
475.7357234412547,-8.964660605615183,0.6491752827896116,-0.013875479407453985,-8.07633354644228
475.853702788326,-8.873945781515486,0.616501078943192,0.0501132131863081,-8.045019057694939
475.9716821353973,-8.863390545403702,0.5829464609343612,0.0499395746253171,-8.07874731426476
476.0896614824686,-8.94361516895122,0.548548626772312,-0.05971077687171757,-8.222795499923844
476.2076408295399,-9.009341670129551,0.513303050112499,-0.17830095455274567,-8.376631254264685
476.3256201766112,-8.719396537558495,0.4772407912193807,0.03294588857380118,-8.201446670031256
476.4435995236825,-8.264593498813946,0.44046333785757746,0.18886008549172956,-8.082309926475132
476.5615788707538,-8.74378744387016,0.4030125141150514,-0.03458649268587413,-8.34320732839526
476.67955821782505,-8.619799690709412,0.3649310983150592,-0.07151717398933291,-8.418219425498712
476.79753756489634,-8.503064691302505,0.3262627762158722,0.02050649450634125,-8.364864079102224
476.91551691196764,-8.556967504461847,0.2869954528491741,-0.02590535408278359,-8.450543251058047
477.03349625903894,-8.453797407225773,0.2472321719453895,0.01782317609381329,-8.446578001785236
477.15147560611024,-8.500421351769853,0.20702898662398828,0.003023112023350727,-8.5015812511771
477.26945495318154,-8.443554157877973,0.16643292288447248,0.009832016115157492,-8.535368410824809
477.38743430025283,-8.409165466863861,0.12549164210868058,0.014431609537724384,-8.571710098178034
477.50541364732413,-8.435849433985357,0.08424366286630772,-0.03133420306310487,-8.658723890021236
477.62339299439543,-8.387570729064842,0.042732395682140996,-0.014226514107292388,-8.683127468249591
477.74137234146673,-8.38445864490778,0.0010337733345744994,-0.00649694560298769,-8.717096522092852
477.859351688538,-8.352880641253021,-0.04080243797417739,0.019176507995453458,-8.733259279803162
477.9773310356093,-8.366451917255104,-0.0827261364287002,0.033309378522248884,-8.76105010773089
478.09531038268057,-8.437164799433361,-0.12468694261021669,0.012958449434727907,-8.823361842999928
478.21328972975186,-8.469814764958976,-0.16662782659399009,0.018295440053635034,-8.859965736364794
478.33126907682316,-8.566724999045755,-0.20849186046317023,-0.03880825862893493,-8.958933468916543
478.44924842389446,-8.713928565014257,-0.25022889396222664,-0.07356027419021227,-9.035422517976878
478.56722777096576,-8.55910529265557,-0.2917880362212529,0.0008132857925837703,-9.002608100253108
478.68520711803706,-8.730583934611557,-0.33311843850142253,-0.030090545065358066,-9.074842333391219
478.80318646510835,-8.762449296727906,-0.37416150483019023,0.02504093980816287,-9.060753914846465
478.92116581217965,-8.756140064569394,-0.41483113848437064,0.18814535521937256,-8.938319133089436
478.9900086719915,-8.552994783694803,-0.43840488884426315,0.329767828791746,-8.820270409876956
479.0588515318033,-9.53804232893195,-0.461795269660474,-0.04903125197266464,-9.222459871457577
479.1276943916152,-9.526605147896994,-0.4850592746245754,-0.29235318118936765,-9.489045805638382
479.3342229710507,-9.608638086168288,-0.5537824617946285,-0.051113762515706616,-9.316529574134773
479.40306583086254,-9.575485541107094,-0.5763518389540782,0.04408546888267603,-9.24389971989584
479.47190869067435,-9.58790137326626,-0.5986321899338412,0.12202911044415023,-9.18823642931413
479.5407515504862,-9.543489882735305,-0.6207207545230953,0.1528181740286394,-9.179535930318895
479.7472801299217,-9.978439066865535,-0.6855997295854174,-0.02849372823086633,-9.425726807640721
479.8161229897335,-10.117133939181652,-0.7067540160705439,-0.09189127743812515,-9.510278643333107
479.8849658495454,-10.091267887472156,-0.7276120037767507,-0.08395968304718325,-9.523205036648372
479.9538087093572,-10.335641962218203,-0.7481516392648665,-0.1023302252569513,-9.562115214346257
480.02265156916906,-10.193218372328294,-0.768461712645478,-0.08166372873214955,-9.561758791202065
480.09149442898087,-10.101586954287137,-0.7884850435981643,0.0335932334695357,-9.466525159953067
480.16033728879273,-10.22679695803463,-0.8081165445483,0.08083388546354192,-9.438916008909196
480.22918014860454,-9.99924627579388,-0.8274951173972358,0.07388682789300714,-9.465241639328667
480.2980230084164,-10.219778072911435,-0.8466049788225407,0.006318317125937095,-9.551920011521041
480.4357087280401,-10.234128160888956,-0.8836065584180721,0.014557805651115918,-9.580682102591394
480.5045515878519,-10.253484856665963,-0.9016926537916439,0.010957220674066232,-9.602368782942017
480.5733944476637,-10.308017103819985,-0.9192912489390063,-0.009187079594737874,-9.640111678358183
480.64223730747557,-10.273828112928813,-0.9365587308909012,-0.02447649332775906,-9.672668574043099
480.7110801672874,-10.327699831270614,-0.9535280118493701,-0.03406306583290164,-9.69922442750671
480.84876588691105,-10.302940191935466,-0.9861257275342173,-0.022889814576356162,-9.720648891935012
480.9176087467229,-10.289002973289573,-1.0019032654149982,-0.005853551257714771,-9.719390166497153
480.98645160653473,-10.18412879300979,-1.0172418343017418,0.03714390441352852,-9.691731279712652
481.0552944663466,-10.36898754237239,-1.032094028230048,0.00247540369560099,-9.741251974358885
481.1241373261584,-10.25008331584006,-1.0466094143857898,-0.016619357643484385,-9.774862121853712
481.19298018597027,-10.229961871526937,-1.0607217117670409,0.028376442577264824,-9.743978619014214
481.2618230457821,-10.201660853000712,-1.074263444391111,0.0255253889853006,-9.76037140523025
481.3306659055939,-10.287874692921266,-1.0874511115530088,0.032396861258542735,-9.766687600118905
481.39950876540576,-10.230349170610458,-1.1002786453893993,0.058135753232329716,-9.753776241981509
481.46835162521757,-10.370014633720931,-1.1124480137844135,0.009133802541435244,-9.814947561067417
481.53719448502943,-10.278482360021552,-1.1242475388136548,-0.05965662977642798,-9.895537518414521
481.60603734484124,-10.495900218037516,-1.135676051575656,-0.12372274344555359,-9.97103214484565
481.6748802046531,-10.204809495330196,-1.1464768417100923,0.03176365024255273,-9.82634654129198
481.7437230644649,-10.390192721269644,-1.1568332283087275,0.005753927546878552,-9.862712650586287
481.8125659242768,-10.496504056881395,-1.1668045631050052,-0.0824587853388078,-9.960896698268252
481.8814087840886,-10.32523623831743,-1.1761948846350463,0.017741570728978192,-9.870086663730506
481.95025164390046,-10.381968464747452,-1.1850588246649245,0.07828220340420189,-9.818409971085162
482.01909450371227,-10.23741502089438,-1.193525314719062,0.09141217418758552,-9.813746490355914
482.0879373635241,-10.389788991985343,-1.2014636726000705,0.019247204742821176,-9.893849817681687
482.15678022333594,-10.343787151832938,-1.2087917847424094,-0.029196849651450398,-9.949621984218298
482.22562308314775,-10.498802951217401,-1.2157117549249419,-0.059233851629475566,-9.986578956378857
482.2944659429596,-10.45581267927299,-1.222161966955886,-0.06672290038315844,-10.000518217163483
482.3633088027714,-10.341839175015304,-1.227917011534713,-0.014388183447569593,-9.953938544806721
482.4321516625833,-10.37283383206469,-1.2332549858710338,0.012445216962103814,-9.932443118733367
482.5009945223951,-10.369513206912671,-1.2381752384041256,0.003853774812228924,-9.945954813416334
482.56983738220697,-10.434211399136924,-1.2423374191258585,-0.028969938334915686,-9.982940707285213
482.6386802420188,-10.409869245001671,-1.246064303077883,0.00909282273372482,-9.948604830168597
482.70752310183065,-10.289457477176358,-1.2493665542985273,0.08500344721045691,-9.875996456912508
482.77636596164245,-10.433597753145381,-1.2519744258851047,0.018852887863217083,-9.944754887846326
482.84520882145426,-10.392434530504621,-1.2540676624606715,0.04340941630840428,-9.922291595976706
482.91405168126613,-10.320843061329986,-1.2557312159536005,0.07573619837433967,-9.8916283674037
482.98289454107794,-10.531110258672792,-1.2567683733686326,-0.04653937194131311,-10.014941095134384
483.0517374008898,-10.502874899319501,-1.2572120722210036,-0.07215599892464213,-10.041001420970085
483.1205802607016,-10.508441278221383,-1.2572229307236764,-0.057609191319391885,-10.026465471867507
483.1894231205135,-10.4425252421902,-1.256678868699891,-0.023818605418480812,-9.99213082394281
483.2582659803253,-10.320192567944662,-1.2554639074927556,0.011750597640675526,-9.95534665967652
483.32710884013716,-10.303978744340673,-1.2538148658781156,0.028425208753535023,-9.937023006949019
483.39595169994897,-10.24448985627545,-1.251685048514549,0.0155145684657129,-9.947803829873274
483.46479455976083,-10.257436828301904,-1.2488091459448072,-0.055791634059997215,-10.016234129829243
483.53363741957264,-10.256928187929526,-1.245499855700079,-0.04479000798588529,-10.001923213510404
483.6024802793845,-10.003277155477173,-1.2417573116147338,0.052840121438767575,-9.900550540000406
483.6713231391963,-9.926891510622763,-1.2372535228719115,0.06124650228323556,-9.887640370413115
483.7401659990081,-9.891396445931155,-1.2322905276244993,0.048804015444879056,-9.895119862004059
483.99759534660916,-9.8474584969298,-1.2091516253130854,-0.025300022848073787,-9.946084997985599
484.2550246942102,-9.758207326857875,-1.178310947427188,-0.0007072597419665312,-9.890651556993594
484.5124540418112,-9.713301283606574,-1.1403707516866426,-0.02804776102885777,-9.880051862539938
484.7698833894122,-9.526544694139353,-1.095201362969758,0.04526429908930482,-9.761570413704892
485.02731273701323,-9.571707077099834,-1.0432403380341637,-0.02089189367224723,-9.77576558153085
485.28474208461427,-9.523636646360378,-0.9847429561019875,-0.014742969979490969,-9.711119275905917
485.5421714322153,-9.403119008388046,-0.9199339899409541,0.019520082117531628,-9.61204725764786
485.79960077981633,-9.386811568783422,-0.8494245705624826,-0.03490961863424378,-9.595967539021165
486.05703012741736,-9.243508068718493,-0.7732795167468488,0.04193821162773785,-9.44297465494355
486.3144594750184,-9.363706693264675,-0.6922875439703574,-0.05074134564276954,-9.454662239437566
486.5718888226194,-9.252524260613695,-0.6067205147404013,0.021731926047658872,-9.296621938517182
486.82931817022046,-9.260055597317276,-0.5171911205345038,-0.005053657123173439,-9.233878127482116
487.6016062130235,-9.1513299736681,-0.2302293140724158,-0.026747284289488603,-8.968609948186343
487.85903556062453,-9.003836084713516,-0.1303584019142102,0.00788378600994725,-8.834107965728702
488.11646490822557,-8.90335599930739,-0.02944642544260359,0.020564816112348457,-8.720514959154695
488.3738942558266,-8.925319574254306,0.0719244161264849,-0.023666095907691444,-8.663375029605646
489.1461822986297,-8.739136830829805,0.372407532046432,-0.031148868622146143,-8.370374686400153
489.4036116462307,-8.513386356668589,0.46931812626015357,0.02410185207123822,-8.218213371493047
489.6610409938317,-8.401502652090194,0.5634737017344265,0.01871933284692305,-8.12944031524309
489.91847034143274,-8.414416499274681,0.654427730514332,-0.028398683984183073,-8.085604303294291
490.17589968903377,-8.317105704930546,0.7415095211035181,0.004033989540410563,-7.96608983918051
490.4333290366348,-8.226417094628783,0.8241902112492477,0.00500950875866568,-7.882433629816526
490.69075838423583,-8.11151534812374,0.9020226507395528,0.009706509528822405,-7.799904189556064
490.94818773183687,-8.039306373397332,0.9743141077928819,-0.019746758434398392,-7.757066000465955
491.2056170794379,-7.888579811297209,1.0408908003893462,0.014704877066172432,-7.65603767236892
491.46304642703893,-7.801304303603405,1.100987961724005,0.01297480224457687,-7.597670585855857
491.7204757746399,-7.786747592030409,1.1545200138034046,-0.02895744686084568,-7.58607078288188
491.97790512224094,-7.631275936637815,1.200981850566288,0.019217847455228206,-7.4914336518029225
492.235334469842,-7.530343525963574,1.2400856731165346,-0.000761020857429901,-7.4723086975653334
492.492763817443,-7.410273404216609,1.2717341993344617,-0.02107332336049843,-7.460972473850475
492.75019316504404,-7.240436308298289,1.295393550028227,0.02043729042747409,-7.395802509368738
493.00762251264507,-7.223315335105623,1.3113288609847058,-0.000875848386450347,-7.401180337226183
493.2650518602461,-7.209663463131018,1.3190156177573409,-0.006835858055256834,-7.399453590122355
493.52248120784714,-7.1682704025699335,1.318733443679398,-0.009172295314242733,-7.4020722014592835
493.77991055544817,-7.081102494078843,1.3103300545870433,0.013924699564691745,-7.387378595672703
494.03733990304914,-7.074382465927674,1.293829301422388,0.003996268824137745,-7.413807779577913
494.2947692506502,-7.098718039487151,1.2695400160875787,-0.004699443286924179,-7.446792777023784
494.5521985982512,-7.116579083019798,1.2372388196440172,-0.016929812843219396,-7.491324343023641
494.80962794585224,-6.989499563101603,1.1975638693561363,0.04338222125023711,-7.4706872592180655
495.0670572934533,-7.028680542788466,1.1503961771729845,-0.04026378460707974,-7.601500957258534
495.3244866410543,-6.873111506366083,1.096295275264017,0.02627408993136006,-7.589063984629062
495.58191598865534,-6.859954480623964,1.0355112929769765,0.007385559607907378,-7.668736497239554
495.8393453362564,-6.8530412824605005,0.9683792142960705,-0.02157421982307855,-7.7648283553514466
496.0967746838574,-6.775472765552408,0.8955129547215624,-0.010932710035107948,-7.827053105137984
496.3542040314584,-6.6484648523945715,0.8170814735968822,0.049440927727803737,-7.8451109484997525
496.6116333790594,-6.777316193003084,0.73389560779345,-0.05747470099979616,-8.035212443030785
496.86906272666045,-6.683851136861442,0.6462647003575293,0.0033510132107773013,-8.062017636256133
497.1264920742615,-6.654879387242646,0.5548797259000405,0.026034146683388243,-8.13071947724101
497.3839214218625,-6.744197534517937,0.46028685791866447,-0.0008109977016421797,-8.252157489607416
497.64135076946354,-6.842016114283032,0.3630579138305742,-0.021661103199569327,-8.370236539193435
497.8987801170646,-6.860339195700365,0.2638862740367656,-0.008833074865646539,-8.45658015065332
498.1562094646656,-6.8133154055184955,0.16331406568414136,0.05112854592016848,-8.497190738220128
498.41363881226664,-7.048921431486134,0.06205426699651434,-0.07463697924533137,-8.724216062073257
498.6710681598677,-6.994893326192615,-0.03927961720826739,0.03680443244537201,-8.714108534587334
499.1859268550697,-7.410683766130444,-0.23959688567934542,0.006575400192728652,-8.944654835311056
499.4433562026707,-7.667833977556691,-0.3372840073752619,-0.002180095115503544,-9.051097452315204
499.70078555027175,-7.853268298532407,-0.4325894456083189,0.0036718415517251342,-9.140550953881034
499.9582148978728,-8.141304670376558,-0.524734317768877,-0.05276498702895325,-9.28913265462227
500.2156442454738,-8.172804424732254,-0.6133403949285734,0.17787588678362967,-9.147097857969381
500.47307359307484,-8.98625202962256,-0.6977171946974745,-0.14899652986730028,-9.558347074389212
500.7305029406759,-9.052559770229053,-0.7774084604584556,-0.008035901170699605,-9.497077711453594
500.98793228827685,-9.10661423832771,-0.8519650637666756,0.11216233799322259,-9.451436075597892
501.2453616358779,-9.54009492709344,-0.9207744637047531,-0.0253787107923145,-9.657786524321507
501.5027909834789,-9.818336884293068,-0.983698144942392,-0.08728506921298754,-9.782616563979818
501.76022033107995,-9.726467106172647,-1.0399855978260795,0.03659882169976563,-9.715020125950753
502.017649678681,-9.680226185097823,-1.0896697721513744,0.03270549250637529,-9.768597629469438
502.275079026282,-9.73966036334633,-1.1322441089302706,-0.03873854197354097,-9.88261600072825
502.53250837388305,-9.662530127009084,-1.167546122965719,0.0018311885456617442,-9.877348284244496
502.7899377214841,-9.584109035330156,-1.1954777691843443,0.025434595386491354,-9.881676523622291
503.0473670690851,-9.601116727950949,-1.215644104920679,-0.026559777771120285,-9.953837232516237
503.30479641668614,-9.523691608939394,-1.2283343071412458,0.023064788883749163,-9.916902868081936
503.5622257642871,-9.555526656269826,-1.233073953159836,-0.000529380032789191,-9.945236683017065
503.81965511188815,-9.332808334620788,-1.230262964033955,0.04144999243144175,-9.900446321426951
504.0770844594892,-9.243703055206687,-1.2197567747737763,-0.16783152726664222,-10.099221651864857
504.199,-8.558,-1.2122463542091413,0.17527187895312313,-9.748607825080455
504.5493,-8.215,-1.1810280883201434,-0.0056413925008185,-9.8983028306454
504.8982,-8.352,-1.136975578541272,0.028754882844675974,-9.819854045521035
505.2457,-8.831,-1.0803971700026358,-0.00044290969655817844,-9.792473429523632
505.5919,-8.951,-1.0126353863869877,-0.07487264036361668,-9.799141376575042
505.9367,-8.414,-0.9344037033150843,0.03605906363891659,-9.609977989500607
506.2801,-8.091,-0.8470815537515709,0.012411090260354304,-9.546303813315655
506.6221,-7.971,-0.7517565164840907,-0.03060622938431968,-9.493996095692848
506.9628,-7.772,-0.6496904439696676,0.028905120145126757,-9.332418673648979
507.3022,-7.874,-0.5422684324221756,0.009959042881335489,-9.243942739365279
507.6402,-8.072,-0.43071459271265766,-0.01873693331206659,-9.161084875849163
507.9768,-8.003,-0.316508070363631,-0.006416241259005567,-9.034557661447076
508.3121,-7.791,-0.20089941148274998,0.005072576905006413,-8.907460184402183
508.6461,-7.641,-0.08520266518458672,0.03026408088458058,-8.766571934124444
508.9787,-7.722,0.02927717325810209,-0.076490807777596,-8.758846984343933
509.31,-7.466,0.14135845369473976,0.10968627066793116,-8.460588625461767
509.64,-7.743,0.2498452849357978,-0.06423490113006423,-8.526022966018706
509.9686,-7.557,0.35369292353832177,0.013184755843439571,-8.344755670442677
510.296,-7.381,0.45199115746427015,0.0005026071023287826,-8.25913958525784
510.622,-7.306,0.5436509508987476,0.04914477990459677,-8.118837619021095
510.9467,-7.584,0.6280078194956411,-0.06846175942366244,-8.15208728975246
511.2701,-7.394,0.7044050573105278,0.05948241932091223,-7.947745873192998
511.5923,-7.471,0.772288670805524,-0.04825988302579012,-7.987604562044704
511.9131,-7.357,0.8310334869694804,0.04660775444812056,-7.833992108406838
512.2326,-7.491,0.8803563247176539,-0.05081908934654667,-7.882096114453332
512.5508,-7.352,0.9200852130893026,0.058984971066715366,-7.732563165668421
512.8678,-7.572,0.9500997420289224,-0.05671423594656223,-7.818247843742078
513.1835,-7.487,0.9703642054317397,0.047027679769781554,-7.694241464622918
513.4979,-7.651,0.9809600679195492,-0.03846250896277288,-7.769135790867662
513.811,-7.658,0.9819633710134343,0.0425679073949103,-7.687102071416094
514.1229,-7.843,0.9737454867899689,-0.0589836095635744,-7.796871472598044
514.4334,-7.7,0.9566948189172086,0.0598651535798606,-7.69507337732737
514.7428,-7.909,0.9312316066323054,-0.04409970708098602,-7.82450145027312
515.0509,-7.892,0.8978771747193206,0.031419657477644365,-7.782336517627474
515.3577,-8.078,0.8572069341498597,-0.026831385451435263,-7.881257801126014
515.6632,-8.148,0.8098502778292611,0.021837716332415085,-7.8799453556627626
515.9676,-8.335,0.7564447801568592,0.008239808167482092,-7.9469487615000975
516.2707,-8.515,0.697730552560145,-0.05652640409021795,-8.070429201354512
516.5725,-8.408,0.6344457177682915,0.06706517865846638,-8.010122453397681
516.8731,-8.673,0.5673231635894803,-0.013906449275152643,-8.158216635510112
517.1725,-8.856,0.497124268841844,-0.051178157362872935,-8.265687238345468
517.4707,-8.704,0.42461195655931855,0.06237892788897639,-8.224642465376144
517.7676,-8.854,0.3505676437451086,-0.0438612468069106,-8.40492695288624
518.0634,-8.796,0.27568316948064897,0.04025436822425752,-8.395695812119532
518.3579,-9.004,0.20072882292771013,-0.05422783182555761,-8.565132358722286
518.6512,-8.893,0.12637064724466904,0.06335959799519433,-8.521903104584576
518.9433,-9.15,0.053265542934022574,-0.04835823591542049,-8.706726042805837
519.2342,-9.138,-0.01796920355167129,0.01619359822854812,-8.71340895514756
519.5238,-9.226,-0.08673730728364507,0.009916054379460247,-8.788454602728624
519.8123,-9.322,-0.1525613375539001,-0.006598228582370033,-8.87079291596071
520.0997,-9.406,-0.21496298589705254,-0.03127673134148604,-8.957873067062978
520.3858,-9.395,-0.27341259760570774,0.05379669880847263,-8.931249248621674
520.6707,-9.627,-0.32761555864966996,-0.03204744242368083,-9.07129635089779
520.9545,-9.545,-0.377281296128372,0.011660828953562784,-9.077253816999248
521.2371,-9.399,-0.4221393352856479,-0.04691459876031074,-9.180687283870398
521.5185,-9.127,-0.4619959178460481,0.060368018379137675,-9.11326124929135
521.7987,-9.367,-0.49670450486074824,0.0784642925482321,-9.129873562136956
522.0778,-9.998,-0.5260672931914238,-0.12876063186428832,-9.36646127488015
522.3557,-9.912,-0.5501600897023078,0.05335364740927019,-9.208439792117476
522.6325,-9.95,-0.5690108136185035,0.014832244884152428,-9.26581191855879
522.9081,-10.015,-0.5826787817956068,-0.022997993776177963,-9.317310125396222
523.1826,-10.014,-0.5911640461760941,0.010044957469721595,-9.292752438530812
523.4559,-10.033,-0.5946755510667026,-0.02894181436638273,-9.335250715257523
523.7281,-9.856,-0.5934610345473409,0.045848959839335526,-9.259245424532443
523.9991,-9.979,-0.587740068413132,-0.043122204987695,-9.342495623225266
524.269,-9.947,-0.57760658742303,0.03935625167212755,-9.249883685575341
524.5378,-10.095,-0.5635157139872891,-0.053442528444988105,-9.328591592256716
524.8054,-9.921,-0.5457755493832558,0.03528663574680416,-9.222122263460891
525.0719,-9.932,-0.5245748635068959,0.017556272278177985,-9.218651941053157
525.3373,-10.027,-0.5003689577894114,0.002778345857997988,-9.209223961755852
525.6016,-10.161,-0.47352562051938174,-0.07681253852175463,-9.261971508865575
525.8648,-9.988,-0.44428676356409164,0.056567539164124304,-9.099352574224406
526.1269,-10.109,-0.413136774745402,-0.0075780858931514304,-9.132348210462991
526.3878,-10.151,-0.38041730149197966,0.001309317025870435,-9.090741334290549
526.6477,-10.213,-0.3464437982629311,-0.0468533674435037,-9.104930515530873
526.9064,-9.972,-0.31164560664029006,0.07653560264688149,-8.946743353817848
527.1641,-10.02,-0.2763032829219491,-0.012961448544070628,-9.000898081290458
527.4207,-10.025,-0.2407962926836884,-0.028576283683075302,-8.981005926191203
527.6762,-9.981,-0.2054366391994698,0.016274466485919126,-8.900795522537988
527.9306,-10.041,-0.17053600695298604,0.017648716306322556,-8.864520640471103
528.1839,-10.195,-0.13637281226938613,-0.021419267537011302,-8.869425429630835
528.4361,-10.167,-0.103234475610276,0.01978603990030903,-8.795081785534405
528.6873,-10.194,-0.07132069507132399,-0.08183495991632796,-8.86478900481209
528.9374,-9.858,-0.04091394384363884,0.07530618923620054,-8.677241104431877
529.1865,-10.033,-0.01214388318766673,-0.03208211322194542,-8.75585934623405
529.4345,-10.043,0.014741353333814693,0.03366062313881439,-8.66323137335181
529.6814,-10.193,0.039654525883633385,-0.08766396807924696,-8.759642792020053
529.9272,-9.867,0.062424859164058766,0.01674264633084981,-8.63246584432953
530.1721,-9.564,0.0829996651113277,0.07910526465897909,-8.549528420054132
530.4158,-9.607,0.1012866011924548,-0.05170009422565119,-8.662046842857634
530.6586,-9.556,0.11721284925252703,-0.05919451834158412,-8.653615018913495
530.9002,-9.207,0.13083736844053553,0.1619515730595702,-8.418844408324334
531.1409,-9.429,0.1420120769099291,-0.09883177060923076,-8.66845304352374
531.3805,-9.011,0.150907303799595,0.08965990050516982,-8.471066145519675
531.6191,-9.078,0.15748822445761027,-0.09886191826312168,-8.65300704362995
531.8566,-8.607,0.16181243273928494,0.07724083129783552,-8.472580085787317
532.0932,-8.612,0.16403236536012206,-0.04589478639285374,-8.59349577085717
532.3287,-8.461,0.16413076092512766,-0.007459146980656517,-8.554961735879967
532.5632,-8.401,0.1623011971744444,0.019580256674016788,-8.529751895975977
532.7966,-8.436,0.15868630948116583,0.017133421357648376,-8.535813618985625
533.0291,-8.562,0.15332479179472752,-0.046283042154601196,-8.604591600184312
533.2606,-8.431,0.14644684677259304,0.0486024402417597,-8.516584062810086
533.4911,-8.533,0.138210144382572,-0.041356271922363984,-8.61477947736423
533.7205,-8.433,0.128729702328719,0.015530466352599095,-8.56737318114312
533.949,-8.561,0.11819673105559507,-0.03599941226640831,-8.629436031035253
534.1765,-8.467,0.1068005115558494,0.11891294800586788,-8.485919890262721
534.4029,-8.943,0.09471001015915172,-0.12031679896013524,-8.737240138625422
534.6284,-9.023,0.08206849879811991,-0.03348045745709265,-8.663045308483412
534.853,-8.953,0.06907656077452039,0.10313342724121369,-8.539423361808705
535.0765,-9.298,0.055911738768235485,-0.04589665765002372,-8.701618268706227
535.2991,-9.433,0.042725452318787105,-0.07247154977132028,-8.741379447276973
535.5207,-9.323,0.02969272709347648,0.09063060549149562,-8.591310017239467
535.7413,-9.617,0.016969497294449448,-0.06660578975068006,-8.76126964228067
535.9609,-9.422,0.004702089729533202,0.06344039446889069,-8.643490865626015
536.1796,-9.606,-0.006975579684134284,-0.05845357279952205,-8.777062502308095
536.3974,-9.438,-0.01793168336742074,0.02593116967981895,-8.70363386351204
536.6142,-9.378,-0.028010669239021405,-0.0025496525335373696,-8.742193671596997
536.83,-9.294,-0.03711794995817182,-0.0013350680777957414,-8.750086367860405
537.0449,-9.291,-0.04516091650383509,-0.001347595940810579,-8.758141862269085
537.2588,-9.302,-0.05204544696667994,0.0291051263259879,-8.734573670465132
537.4718,-9.523,-0.05769557453090691,-0.044635446616850843,-8.813964370972197
537.6838,-9.488,-0.06204102117080042,0.03648168783384075,-8.737192683161398
537.895,-9.65,-0.06502935404565009,-0.05778406511678286,-8.834446768986872
538.1051,-9.549,-0.06659555076268027,0.06646610190488114,-8.711762798682239
538.3144,-9.702,-0.06671222963259661,-0.02968668944111947,-8.808032268898154
538.5227,-9.66,-0.06537540969824064,0.019118562533832505,-8.757890196988846
538.7301,-9.735,-0.06257721375318108,-0.037128439753948986,-8.811339003331568
538.9366,-9.648,-0.05832105018562659,0.0003938112515476836,-8.769560588758518
539.1422,-9.575,-0.05262160233977743,0.04521434677827716,-8.719040605385938
539.3468,-9.692,-0.045508320512773634,-0.009483290841226543,-8.76662496117844
539.5506,-9.876,-0.037010334211352865,-0.05882239122241673,-8.807466075258208
539.7534,-9.711,-0.027182124226690835,0.0861885903983268,-8.652626883652802
539.9554,-10.005,-0.016069650880620047,-0.055702888469231736,-8.78340588917429
540.1564,-9.926,-0.0037483981402324585,-0.012077241968326798,-8.727458989932998
540.3565,-9.919,0.00971406460204122,0.021136613812733296,-8.680782671409665
540.5558,-9.873,0.024244982381577924,0.05453086048659267,-8.632857506956269
540.7541,-10.113,0.03974262535974883,-0.07849968205424623,-8.750390406518935
540.9516,-9.979,0.05612925839914401,-0.0017918706229232647,-8.657295962048218
541.1482,-9.777,0.0732986115047626,0.07607436374976338,-8.562260374569913
541.3439,-9.867,0.09114739309706908,-0.05936785746406592,-8.679853814191436
541.5387,-9.646,0.10956853694463889,-0.014412645739537346,-8.616477458619338
541.7327,-9.468,0.12846188064511932,0.04486309337388617,-8.538308375805432
541.9257,-9.584,0.14769562164456793,-0.029777953636448747,-8.59371568181632
542.118,-9.59,0.1671861800465063,0.027546949511036263,-8.516900220266896
542.3093,-9.748,0.18678882761981258,0.002199921366626116,-8.522644600838001
542.4998,-9.815,0.20640955268087532,-0.009391054319688941,-8.514614851463252
542.6894,-9.794,0.22592031143629476,-0.04244233712524013,-8.528155375513384
542.8782,-9.636,0.24521528802561027,-0.02807405739501958,-8.494492119193847
543.0661,-9.341,0.2641728226661003,0.07533415920084023,-8.372126367957499
543.2531,-9.379,0.2826843946651825,0.014223747948503502,-8.414725207210752
543.4394,-9.551,0.3006638847482261,-0.05638273843371042,-8.467352203509924
543.6247,-9.514,0.3179805785428391,0.03034002814880533,-8.363312743132793
543.8093,-9.717,0.33456474325728003,-0.053820968901624015,-8.430889575468782
543.993,-9.615,0.3502867572332268,0.055836295568100144,-8.305510297023112
544.1758,-9.734,0.3650433144519175,-0.03585160758886787,-8.382441642961389
544.3579,-9.509,0.3787882924131016,0.060083515745709234,-8.272761541665629
544.5391,-9.691,0.39142865455193143,-0.07315204424956769,-8.393356739522075
544.7194,-9.527,0.4028945672072661,-0.010758826970028564,-8.319497609587202
544.899,-9.391,0.41312897843039575,0.07808078781521299,-8.22042358357883
545.0777,-9.333,0.4219789711794769,0.05753256166321715,-8.232121816981744
545.2556,-9.528,0.4294701254335831,-0.13110832867377414,-8.41327155306463
545.4327,-9.251,0.43555671565897497,-0.029527905356358193,-8.305604539521822
545.609,-8.977,0.44019963772137155,0.13792855438888602,-8.13350515771418
545.7845,-9.154,0.44328871941878395,-0.007150974910042936,-8.275495605315697
545.9592,-9.209,0.4448194988453256,-0.002105910667459866,-8.268919761646574
546.1331,-9.388,0.44481698954187365,-0.033337637749812986,-8.300153998032378
546.3061,-9.351,0.44327083326732586,0.021020727095200694,-8.247341789461911
546.4784,-9.461,0.440054403488153,-0.08043864310114336,-8.352017589437429
546.6499,-9.163,0.4352450071775376,0.05807879896513561,-8.218309543681764
546.8206,-9.148,0.42888319559225613,0.04836120007462063,-8.234388954157563
546.9905,-9.206,0.4209285486110541,-0.0073870243139765,-8.298091825527361
547.1597,-9.274,0.41132581266200907,-0.04068477381121804,-8.340992310973649
547.328,-9.369,0.4002268054838888,-0.05652864966493324,-8.367935194005483
547.4956,-9.185,0.38762353231977426,0.10645691948041061,-8.217552898024254
547.6624,-9.312,0.3734219681529079,0.0017708059561838197,-8.336440575715347
547.8284,-9.203,0.3578203905768772,0.0045181397510835,-8.349294819496478
547.9937,-9.151,0.34081768086995595,-0.05410521971554146,-8.424920888670023
548.1582,-8.972,0.3223522744725918,-0.027603755429381375,-8.416884830781228
548.3219,-8.642,0.30263221147724223,0.0747640127124561,-8.33423712563474
548.4849,-8.568,0.2816232175023623,0.021728589940926912,-8.408281542381149
548.6471,-8.595,0.25936632499097745,-0.0565748132264847,-8.508841838059945
548.8085,-8.465,0.23603463735829266,0.016274696628230792,-8.459324015837916
548.9692,-8.523,0.21153860234006258,0.004708778254679747,-8.495385969229696
549.1292,-8.515,0.18605118724259714,0.039543014133615315,-8.486039148448226
549.2884,-8.625,0.15964546640581778,-0.003348984911538028,-8.55533686833016
549.4469,-8.616,0.13231263632528914,-0.01978211790255414,-8.599102831401703
549.6046,-8.778,0.10425905381440043,-0.16096055585052643,-8.768334851860565
549.7616,-8.428,0.07541253521078452,0.09367747348535574,-8.5425433411283
549.9178,-8.501,0.045987172012597395,0.09403853557455763,-8.571607642237284
550.0733,-8.783,0.01597691084077519,-0.05625490598096296,-8.751911344964626
550.2281,-8.957,-0.01450740145199833,-0.07069785170584773,-8.796838602982284
550.3822,-8.915,-0.04538601948704464,0.07002791124860315,-8.68699145806288
550.5355,-9.124,-0.07657241596826393,0.01741033143490773,-8.770795434357796
550.6882,-9.199,-0.10799772735216612,-0.025566930583923866,-8.845198007760528
550.8401,-9.305,-0.13956832225594024,-0.07621868924103423,-8.927420361321413
550.9913,-9.014,-0.17119447104534985,0.09400807199720274,-8.788819748872587
551.1417,-8.981,-0.2027945281789829,0.06090713099896628,-8.853520747004454
551.2915,-9.154,-0.23431820392691932,-0.08993134726498693,-9.035882901016345
551.4405,-9.044,-0.26564406192703005,-0.01377374050707919,-8.991051152258548
551.5889,-9.075,-0.296746535330596,0.0037677313581011987,-9.004612153796932
551.7366,-9.075,-0.32750762991007426,0.02589387891273084,-9.013247100821783
551.8835,-9.138,-0.3578582978504924,0.007689752134967048,-9.061801895539965
552.0298,-9.166,-0.38773910782990867,-0.004333435500571493,-9.103705893154919
552.1753,-9.185,-0.4170618587272565,-0.021064897266025038,-9.14976010581772
552.3202,-9.21,-0.44578834267287715,-0.03177514641569897,-9.189196838913015
552.4644,-9.169,-0.47382126365853255,0.009013906674767978,-9.176440706808203
552.6079,-9.322,-0.5011421693402945,-0.015798466456627806,-9.228573985621361
552.7507,-9.459,-0.527602367015073,0.02289177637669932,-9.216343940462812
552.8929,-9.569,-0.553281886044821,0.10760842954660832,-9.157306806322651
553.0343,-9.868,-0.5779560675826809,0.01462586604266462,-9.274963551364454
553.1751,-10.019,-0.6017175925763282,-0.054487743205672755,-9.36783868560644
553.3152,-9.859,-0.6244632404900056,-0.04354032656111936,-9.379636916875564
553.4547,-9.774,-0.6461147635612272,-0.1318047105766446,-9.48955282396231
553.5934,-9.269,-0.6667215576138418,-0.010157466292384273,-9.388512373730665
553.7316,-8.765,-0.6861149029286628,0.1680705173704177,-9.229677735382683
553.869,-8.897,-0.7043527580549469,0.07332929689984778,-9.342656810979538
554.0058,-9.123,-0.7214335235682151,0.014750104676198238,-9.418316768716455
554.142,-9.575,-0.7371684330877558,-0.04441381482193244,-9.493215597734126
554.2775,-9.798,-0.7517102120512509,0.038792902157699635,-9.42455065971799
554.4123,-10.395,-0.7649533120814734,-0.13319751213909836,-9.60978417404501
554.5465,-10.615,-0.7768151957069085,-0.08908174703545067,-9.577530292566797
554.68,-10.439,-0.7874229858803699,0.07988706704045608,-9.419169268664351
554.8129,-10.537,-0.7966745074881613,0.03864233410617487,-9.469665523206425
554.9452,-10.425,-0.8045030351788485,0.05964618857510206,-9.456490196428184
555.0768,-10.506,-0.8110411661480954,-0.0010966470446425037,-9.523771163017177
555.2078,-10.373,-0.8162261219178405,0.03567191259106063,-9.492187559151219
555.3382,-10.468,-0.8199324292712936,-0.06943125556195073,-9.600997034657684
555.4679,-10.166,-0.8223377423529287,0.0031847891603668404,-9.530786303017
555.597,-9.842,-0.8234453245745753,0.0745633455344943,-9.460515328864519
555.7255,-9.812,-0.8230468288863296,-0.13169394692390768,-9.666374125634675
555.8533,-9.258,-0.8213369434733271,-0.004952150650958636,-9.537922443948725
555.9806,-8.733,-0.818344843280232,0.1450167033871128,-9.384961489717558
556.1072,-8.778,-0.8140240132474263,-0.03741480978937012,-9.563072172861235
556.2332,-8.715,-0.8082864354545499,-0.03755358720336521,-9.557473372482354
556.3586,-8.634,-0.8013085899888883,0.04726095429323358,-9.465680985520093
556.4834,-8.966,-0.7931064558245005,0.009637335895601297,-9.495102469753338
556.6075,-9.332,-0.7836429920568547,-0.04248343671130408,-9.537759778592598
556.7311,-9.764,-0.7728527224770977,-0.04599228379082832,-9.530478356092365
556.8541,-9.788,-0.7609041660105086,0.10475764039021525,-9.367779875444732
556.9765,-10.259,-0.7478208925083846,0.0037427989252102377,-9.455711443407612
557.0982,-10.732,-0.7336398626804492,-0.25716127126080074,-9.702434483765689
557.2194,-10.472,-0.7182102920169411,0.05154366765893799,-9.378299974182442
557.34,-10.579,-0.7017201292776442,0.06637195957710602,-9.346981519524977
557.46,-10.497,-0.6842137825123972,0.07685579005010994,-9.318991342286726
557.5794,-10.514,-0.6657224389758729,0.03956301932673067,-9.337792769473582
557.6982,-10.461,-0.6462784944712189,0.0025849255132973097,-9.35532691878236
557.8165,-10.633,-0.6257782389788059,-0.19795953245929973,-9.535371121262544
557.9342,-10.203,-0.6043883625716144,0.006563198058969885,-9.309458514337084
558.0512,-9.967,-0.5821773929491567,0.10380058826992693,-9.19001015450367
558.1678,-9.973,-0.5591238872052358,0.017795566263263153,-9.25296167076641
558.2837,-10.047,-0.5353234523268705,-0.09500410376425242,-9.341960905915561
558.3991,-9.658,-0.5107735451173047,0.1410795065628107,-9.081327388378932
558.5139,-9.815,-0.48544876143845495,-0.06074388453246945,-9.257825995795363
558.6281,-9.571,-0.4594768077422023,0.009558580987605245,-9.161551576579036
558.7418,-9.478,-0.43287945668732186,0.03270420047995221,-9.111808606031808
558.8549,-9.199,-0.40571962279726115,-0.00260462704213201,-9.119957599663833
558.9675,-9.341,-0.37801309887206724,-0.12468241163129468,-9.214328860327802
559.0795,-8.66,-0.3498245247611592,0.052830271584943043,-9.008627603000654
559.1909,-8.408,-0.3211949285095438,0.05856205536609914,-8.974266222967884
559.3018,-8.115,-0.2921315162818659,0.02363284481386958,-8.980132021292436
559.4122,-8.125,-0.26264832121281406,-0.19679222880503416,-9.171073899842288
559.522,-7.279,-0.2328533599894263,0.17266990763613765,-8.771816802177728
559.6313,-7.323,-0.20275951039763515,0.09174794526842232,-8.822644914953651
559.74,-7.28,-0.17243431082703256,-0.022497035184506586,-8.906564695835977
559.8482,-7.308,-0.14188951697912094,-0.06848891776497945,-8.92201178456854
559.9558,-7.248,-0.11119274165703852,-0.08967254598288123,-8.912498637464358
560.0629,-7.517,-0.08035446193362172,-0.1171517269754022,-8.909139538733463
560.1695,-7.402,-0.04941289644952282,0.038365035581741855,-8.72268121069222
560.2756,-7.396,-0.018405845705225257,0.21267941010309283,-8.51735978542657
560.3811,-7.701,0.012599942427630104,0.16011180209137746,-8.53892160530543
560.4861,-8.268,0.043596862960280584,-0.08295485450021284,-8.75099134136437
560.5906,-8.448,0.07454880138375934,-0.09720060236100869,-8.734285150801687
560.6945,-8.62,0.10539059456611036,-0.11582841248655687,-8.722071167744884
560.798,-8.566,0.13614681063974454,-0.016826225962794122,-8.592312765147488
560.9009,-8.452,0.16672376599778915,0.05955786522838941,-8.48535171859826
561.0033,-8.454,0.19711677785525927,-0.0454572797187579,-8.559973851687937
561.1052,-8.295,0.22729401069855643,-0.03737068920753985,-8.521710028333422
561.2066,-8.03,0.2572244610426188,0.05792691082202858,-8.396481977959791
561.3075,-7.853,0.28687803875907275,0.08984428983352313,-8.334911021231843
561.4078,-7.851,0.3161965427548399,0.007763804284175111,-8.387673002785423
561.5077,-7.795,0.3452101472456895,0.009584680667691362,-8.356838521911058
561.6071,-7.617,0.37386245681013647,0.12307205072030217,-8.214698842294
561.706,-7.849,0.40212735953041634,-0.07978235702896773,-8.38928834732299
561.8044,-7.757,0.42997980652081713,-0.042448696397433726,-8.324102239701055
561.9022,-7.937,0.4573681588902625,-0.24359298004228222,-8.497858170976459
561.9996,-7.517,0.4843238090375087,0.0900224563989391,-8.13728708438799
562.0966,-7.58,0.5108148670235787,-0.05121396507575152,-8.25203244787661
562.193,-7.367,0.5367727189007194,0.0584679809054503,-8.11639265001827
562.2889,-7.171,0.5622051908643098,0.1449936674172081,-8.00443449154292
562.3844,-7.253,0.5871196414761893,0.03640071562888633,-8.088112992719363
562.4794,-7.284,0.6114715748629449,-0.022067098182944007,-8.122228873144438
562.5739,-7.19,0.6352445945271356,0.009915626841261614,-8.066473128456042
562.6679,-7.15,0.6584234925051384,0.026496877280469167,-8.02671298003883
562.7614,-7.133,0.6809942491358929,-0.030593718829660766,-8.061232819518207
562.8545,-7.266,0.7029673875435425,-0.09348411432833426,-8.102150076609231
562.9471,-7.048,0.7243066662029234,-0.10327163706304443,-8.09059832068456
563.0393,-7.016,0.7450236296136219,-0.058820999708156095,-8.025430719918972
563.131,-6.743,0.7650854520508945,0.04215541545503749,-7.9043924823185066
563.2222,-6.49,0.7844838183889863,0.14919540986115387,-7.777954121574298
564.1094,-6.836,0.9404746899617522,0.023763845510653553,-7.747394814352033
564.9527,-7.352,1.0255603010103722,-0.0013202198286309736,-7.687393268642698
565.7541,-7.788,1.0424457888579741,0.00021693436393062983,-7.668970626602534
566.5156,-8.204,0.998546627714738,0.004000069699975215,-7.7090866524097255
567.2392,-8.703,0.9040380371589885,-0.0020025043900019856,-7.809597817055453
567.9267,-9.044,0.7707200953491524,0.012324642655781095,-7.928588611819505
568.5801,-9.68,0.6100825522403371,-0.036498327210638816,-8.13804912479474
569.201,-9.643,0.4329342626424985,0.03885170822630864,-8.23984737895563
569.7912,-10.079,0.24853646946902946,-0.02987072791823128,-8.49296760827364
570.3524,-10.087,0.06467960519266061,-0.007538890461227292,-8.654492635093005
570.8862,-10.055,-0.11255225376018332,0.043520327702426455,-8.780665275882196
571.3942,-10.429,-0.27868753526964785,-0.0671982311714905,-9.057519116265576
571.878,-10.246,-0.43058834045205296,0.055211320780074374,-9.087010369496417
572.3389,-10.527,-0.5662780523994646,-0.03993082913399236,-9.317842231357897
572.7785,-10.487,-0.6848570506228492,0.01999962684252466,-9.376490773604763
573.1982,-10.404,-0.7860720298912317,-0.032135978615485165,-9.529841358331156
573.5993,-10.095,-0.8701254117805889,-0.0018543600228804254,-9.58361312162791
573.983,-9.918,-0.937673508938176,0.0846716068233362,-9.564635251939277
574.3507,-10.262,-0.9897657968192519,-0.12683498115573438,-9.828234127799425
574.7035,-9.837,-1.0276459114375391,0.1989112676844397,-9.540367993577538
575.0427,-10.304,-1.0521307747159085,-0.13224466946431424,-9.896008794004661
575.3693,-10.031,-1.0647318550291067,0.07694027130027531,-9.69942493355327
575.6844,-10.151,-1.0665112074667658,-0.016880043521511713,-9.795024600812717
575.9892,-10.206,-1.0585087394900776,-0.018104286164209,-9.788246375478725
576.2845,-10.193,-1.041729722469099,0.025002608254448333,-9.728360464039088
576.5713,-10.266,-1.0171202257601737,-0.02658726863053645,-9.755340844215148
576.8507,-10.215,-0.9855288513408412,0.022025411612777837,-9.675136789552502
577.1234,-10.298,-0.9477547344497399,-0.006116939821516252,-9.665505024095696
577.3903,-10.298,-0.9044027180640021,-0.012996956397019647,-9.62903302428546
577.6522,-10.176,-0.8559470679198192,0.003389530555432427,-9.564190887188825
577.9099,-10.095,-0.8031254122510489,-0.03300342777683665,-9.547762189852325
578.1642,-9.922,-0.7461365531841819,0.06591725020821787,-9.391852652800402
578.4157,-10.067,-0.6855979730600069,-0.01999343302734218,-9.417224755911787
578.6651,-10.151,-0.6217232024203334,-0.09074336486534675,-9.42409991711012
578.9131,-9.762,-0.5549425246796299,0.14270108144251348,-9.123874793061555
579.1603,-10.015,-0.48545163650312956,-0.0622249345538026,-9.259309920881371
579.4072,-9.933,-0.4136842199940032,0.046640443279411165,-9.07867712653903
579.6544,-10.046,-0.33980200735340377,-0.020140745921772642,-9.071576103099614
579.9024,-10.006,-0.26421419736879315,-0.07379962135738492,-9.049647168550617
580.1516,-9.678,-0.18717027601907843,0.09318420747486551,-8.805619418368652
580.4027,-9.662,-0.10898413318622155,0.0009548142148227358,-8.819662668795837
580.6558,-9.528,-0.030088482543965137,-0.11826951882856279,-8.859991351196967
580.9116,-8.847,0.049228405121549544,0.048455766073881044,-8.613949178629008
581.1703,-8.461,0.12846759306687744,0.1323569611417583,-8.450808795615803
581.4322,-8.88,0.20717503880836446,-0.09491066730594361,-8.599368978322017
581.6977,-9.06,0.2849083572931412,-0.08481346089194348,-8.51153845342324
581.9671,-8.955,0.36101230948730806,0.13567209978020076,-8.21494894055693
582.2407,-9.369,0.43501416458043307,-0.047384800651009695,-8.324003985895015
582.5186,-9.315,0.5062506828127326,-0.08842171331905392,-8.29380438033076
582.8011,-8.551,0.5740746993501332,0.07408657306865642,-8.063472077405649
583.0885,-7.732,0.6377212855820941,-0.011420814019641264,-8.085332878261987
583.3807,-6.914,0.6964995391444666,-0.09195497446612741,-8.107088785146098
583.6781,-6.106,0.7497389262967841,0.23418467643270605,-7.7277097470949485
583.9808,-6.998,0.7966995988485294,-0.18691957914398427,-8.101853330119894
584.2888,-7.173,0.8366515730904354,0.0665365238256975,-7.808445252908306
584.6022,-7.081,0.8689013216250272,0.0014759029338322818,-7.84125612526558
584.9212,-6.335,0.8927006570446249,-0.25515425082059423,-8.074086943600408
585.2457,-4.565,0.9075761809267796,0.35239623322454655,-7.451660935673113
585.5758,-5.988,0.9130616695207531,-0.16444873974735472,-7.96302042005104
585.9114,-6.95,0.9086905086403747,-0.06886607487957974,-7.871808916063643
586.2527,-6.968,0.8940598402080028,0.05773987744674718,-7.759833632169689
586.5996,-6.837,0.869274651832791,-0.05137521724751595,-7.893733915239164
586.9519,-6.695,0.8339850508774304,0.05483532591837933,-7.822812973028629
587.3098,-7.007,0.7886827763131266,-0.05288607968269148,-7.975836653194004
587.6731,-6.89,0.7334695728338916,-0.018939327087454817,-7.997103104078001
588.0416,-6.666,0.6690186344676098,0.06246279583518453,-7.980151919521645
588.4155,-7.014,0.5960098876105788,-0.06301981175389591,-8.178643273967756
588.7944,-6.81,0.5153475671543231,-0.030892190579740127,-8.227177973249857
589.1784,-6.185,0.4280567018888262,0.05312305622163303,-8.23045359171398
589.5672,-6.283,0.3354850049245393,0.0036528173190340588,-8.372495527580865
589.9607,-7.441,0.23902158383143732,0.10861409855546093,-8.36399766743754
590.3588,-9.414,0.14018466663370296,-0.17888640430875424,-8.75033508749949
590.7613,-9.425,0.04061572421216801,0.09646014454915305,-8.574557481063117
591.168,-9.897,-0.0579821964745369,-0.0197693676691646,-8.78938491396814
591.5788,-10.457,-0.15390843297185217,-0.03471730222716034,-8.900259085023452
591.9934,-10.453,-0.24543584716255215,-0.00472736867799907,-8.96179656566499
592.4115,-10.291,-0.3308529889262822,0.01448541839726244,-9.028000920353458
592.8332,-10.361,-0.4086727926094882,0.0068245101466924305,-9.113481632287234
593.258,-10.451,-0.47747828531516606,-0.03174072381222257,-9.220852358951827
593.6857,-10.117,-0.5360744520584119,0.016660428426992176,-9.231047373455858
594.1162,-9.579,-0.5833844245004213,-0.06258867847373187,-9.357606452798592
594.5492,-8.722,-0.6186404216251723,0.09796621632237189,-9.232307555127239
594.9844,-9.392,-0.6414558669749467,0.0019777311440436866,-9.351111485655343
595.4216,-10.15,-0.6514920559495224,-0.09526292038133317,-9.458388326155294
595.8606,-9.868,-0.6488667625979231,0.0868747077531054,-9.273625404669257
596.301,-10.354,-0.6340462712238439,-0.08642546767876681,-9.432105088727049
596.7426,-10.344,-0.6074408970374314,0.026653631518569098,-9.292420615343302
597.1852,-10.023,-0.570175541466292,-0.0689238879423275,-9.350732779233057
597.6285,-9.504,-0.5232240491463696,0.1476140206760857,-9.087243378294723
598.0722,-10.414,-0.4679700394614097,-0.14149067900764703,-9.321094068293496
598.516,-10.102,-0.4058756619265693,0.08488632759082414,-9.032622684160184
598.9597,-10.159,-0.33847478792803715,-0.04677739833858409,-9.09688553609106
599.403,-9.984,-0.26745864788985707,0.03164112946543342,-8.947450868248863
599.8456,-9.889,-0.1944382581668715,-0.02839571700785943,-8.93446732499917
600.2873,-9.711,-0.12105947889519585,0.05286838179821399,-8.77982444692142
600.7277,-9.747,-0.0488964924642675,-0.0869293389993381,-8.847459181288045
601.1666,-9.113,0.020622250232907313,0.10049087401531286,-8.590520225576219
601.6038,-9.458,0.08622655698140698,-0.06982786582740222,-8.695234658670435
602.0389,-9.454,0.14668908676054923,0.014799600118786298,-8.550144662945103
602.4717,-9.336,0.20115604628591768,-0.006906911899501996,-8.517384215438023
602.902,-8.988,0.24888891274958613,-0.044213969047521465,-8.506958406122374
603.3294,-8.453,0.2892376684703651,0.08362039374890617,-8.338775287605168
603.7538,-8.687,0.3219877428430415,-0.07370559597136303,-8.46335120295276
604.1748,-8.337,0.3469935239217696,0.051428802116524355,-8.313211023786144
604.5923,-8.267,0.3643133756409671,-0.027694552664568963,-8.375014526848041
605.0059,-8.086,0.37413452821586624,0.0015574141729846945,-8.335941407435588
605.4155,-7.804,0.37684119296148905,-0.009551421124988205,-8.344343577987939
605.8208,-7.513,0.37296152256231835,0.023459193765306512,-8.315212633496813
606.2216,-7.442,0.36309376990006864,-0.014618658697517932,-8.363158238621887
606.6177,-7.209,0.34791168116180166,-0.017291826165429652,-8.381013494828066
607.0089,-6.89,0.3281399035875581,0.05976057395644947,-8.32373287228043
607.3949,-6.938,0.3045248344625116,-0.0760100079127478,-8.483118523274674
607.7756,-6.681,0.27780659753711145,0.07974196129919743,-8.35408479098813
608.1507,-6.92,0.2487639472928086,-0.056555918890813704,-8.519425321422444
608.5202,-6.754,0.21809292310994893,0.022413441345319373,-8.471126985369171
608.8839,-6.67,0.186442563454069,0.009063290730961493,-8.516127495639408
609.2415,-6.727,0.15443867136028547,-0.00834882847656242,-8.565543506940715
609.5929,-6.679,0.12262810360114992,-0.0032496735397572222,-8.592254919763045
609.938,-6.452,0.09148442956561748,-0.022845305236757898,-8.64299422549558
610.2767,-6.169,0.06140781439285566,0.03339385142466156,-8.616831684006922
610.6089,-6.331,0.03273424350810775,0.03588187260089888,-8.643017233715433
610.9344,-6.635,0.005756954055169798,-0.06975914596714008,-8.775635541736408
611.2532,-6.243,-0.01934687280424694,0.018984538301727895,-8.711995684326958
611.5651,-5.975,-0.042422307718429156,0.016673643926642372,-8.737382013616225
611.8701,-6.178,-0.0633831958945763,0.04287641479683385,-8.73214013092218
612.1682,-6.771,-0.08219109665495825,-0.053318752028970795,-8.847143198508368
612.4592,-6.872,-0.09883957047705258,-0.017815725642493355,-8.828288645943985
612.7433,-6.709,-0.11338407325107569,0.031726689927130514,-8.793290733148384
613.0203,-6.758,-0.1258903726995966,0.04101976694290911,-8.796503955581125
613.2902,-7.118,-0.136440599390457,-0.06861679026296505,-8.91669073947786
613.5531,-7.262,-0.14512255481937011,-0.011742746509221386,-8.86849865115303
613.809,-7.157,-0.15212053072757425,0.12831387913828868,-8.735440001413723
614.058,-7.418,-0.15749302601228377,-0.11603734128606027,-8.985163717122783
614.3,-7.102,-0.1614531227780373,0.010263287689326377,-8.86282318491315
614.5352,-6.991,-0.16404462812812506,0.07318711102611437,-8.80249086692645
614.7636,-7.26,-0.16547612270355258,0.0505032029192122,-8.82660626960878
614.9854,-8.035,-0.16586552860330125,-0.17936276176159005,-9.05686164018933
615.2007,-8.213,-0.16532650640699026,0.09798681609381686,-8.778973040137613
615.4097,-8.619,-0.16395693474268486,0.11224827227485153,-8.763342012292272
615.6124,-9.376,-0.1618916834948155,-0.2234418287488138,-9.096966862068067
615.809,-9.179,-0.15923013338853242,0.1599768860417287,-8.710886597171243
615.9998,-9.545,-0.15606210222637162,-0.001253882183429534,-8.86894933423424
616.185,-9.755,-0.15245092658631834,-0.08168708656784593,-8.945771362978602
616.3647,-9.744,-0.1484907347310248,-0.008709438728922611,-8.868833523284387
616.5393,-9.701,-0.14424642490070794,0.06154321116650663,-8.79433656355864
616.709,-9.895,-0.13977822535567555,-0.015832454144196043,-8.86724402932431
616.8741,-9.949,-0.13510941457331044,0.0009769518764300368,-8.845765812521318
617.0349,-10.026,-0.1303006913130695,-0.007152012069617555,-8.849086053207126
617.1917,-9.998,-0.125389521826102,0.004345102194452415,-8.832677769456089
617.3449,-10.012,-0.12038056184553814,-0.04533703360831308,-8.87735094527829
617.4948,-9.936,-0.11532396690674779,-0.048800123778280795,-8.875757440509467
617.6418,-9.677,-0.11020934743874437,0.09343399854006752,-8.728408698723115
617.7864,-9.79,-0.10506682922451002,0.0382919589851439,-8.778408220063804
617.9289,-9.857,-0.09989390395091821,-0.019035813636099217,-8.830563067411457
618.0699,-10.054,-0.09469553481709787,-0.09504120542232765,-8.901370090063864
618.2097,-9.866,-0.08947865435490732,0.04933797806869779,-8.751774026110647
618.3489,-9.943,-0.08423144994281832,0.012169657323540037,-8.783695142443717
618.488,-9.913,-0.07895643815029521,-0.0011223870819968762,-8.79171217505673
618.6275,-10.034,-0.07364487815450858,-0.05823163247552166,-8.84350986045447
618.7681,-9.693,-0.06828543864374356,0.12609229921488654,-8.653826489253294
618.9102,-9.95,-0.06287630017964892,-0.007514109985324559,-8.782023759989412
619.0545,-9.961,-0.05740732983404116,-0.0404411425765864,-8.809481822235067
619.2016,-10.092,-0.051866589750885275,-0.15308530848657165,-8.916585248061896
619.3522,-9.733,-0.04625447041684729,0.0797499221822382,-8.678137898059047
619.507,-9.864,-0.04055283950860265,-0.016404810957128795,-8.76859100029017
619.6666,-9.839,-0.0347747749030537,-0.01957706389144942,-8.765985188618941
619.8318,-9.735,-0.028908565309161225,0.051692597311170804,-8.688849317822429
620.0034,-9.878,-0.022954478791344834,-0.012775322140571893,-8.747363150756355
620.182,-9.914,-0.01694103903123222,-0.012242085285517597,-8.740816474141187
620.3686,-9.945,-0.010867846286098383,-0.04693158613013944,-8.769432782240678
620.5639,-9.897,-0.004760920238630369,-0.03127630030884186,-8.74767057037191
620.7688,-9.609,0.0013500311113711866,0.14497934406534804,-8.565303974647719
620.9841,-9.909,0.007424046658060068,-0.05636458475807407,-8.760573887924453
621.2109,-9.896,0.013411248684487394,-0.09060511846836093,-8.788827219608311
621.4499,-9.588,0.019236570013752022,0.023118596271360155,-8.669278183539326
621.7021,-9.398,0.024852442573192784,0.08073134884879796,-8.606049558402448
621.9686,-9.567,0.030138779003653332,-0.023782775681362233,-8.705277346502148
622.2504,-9.634,0.03502328838941193,-0.015989866031577024,-8.692599927466604
622.5484,-9.514,0.03938958156516287,-0.041135996766518954,-8.713379765025795
622.8637,-9.138,0.0431214600073895,0.1176083975592584,-8.55090349225779
623.1974,-9.609,0.04610599597455723,-0.13832273622026045,-8.803850090070142
623.5506,-9.541,0.048197201850037875,0.06556026869244286,-8.597875879281958
623.9245,-9.711,0.0493150429511152,-0.040696007399374824,-8.7030143142727
624.3203,-9.554,0.04935079561053522,0.002229737278392768,-8.660052816935512
624.739,-9.466,0.048236562822773194,0.04022345108115692,-8.623173335920509
625.182,-9.669,0.04595199951697551,-0.10414512330123694,-8.7698264736087
625.2737,-9.329,0.04535294130807808,0.05921146936204415,-8.607068939154317
625.3663,-9.265,0.04470938522431665,0.11144511293606278,-8.55547885166406
625.46,-9.169,0.04402048624439571,0.04253557358425206,-8.62507728999579
625.5547,-9.311,0.04328758507108732,-0.02861778500081925,-8.69696354975417
625.6505,-8.975,0.04251067890233584,-0.021142161348137078,-8.69026483227024
625.7474,-8.929,0.041690632517453086,0.027697379498040787,-8.642245337808944
625.8454,-8.616,0.040828467066595375,0.0012543988021591328,-8.669550483955684
625.9444,-8.793,0.039926284317165765,-0.100266198664746,-8.77197326417202
626.0446,-8.569,0.03898357751015309,-0.07518875439507212,-8.747838526709359
626.1458,-8.198,0.03800369080109587,0.008968184928597604,-8.664661474094745
626.2482,-8.414,0.036986284170817056,0.08932038134818232,-8.58532668430544
626.3517,-7.713,0.03593404658773279,0.2007803365454219,-8.474918966691284
626.4564,-8.45,0.034847788802277874,-0.005616911533151899,-8.682402472555312
626.5622,-8.48,0.03373049827405702,-0.15535458857565906,-8.83325744012604
626.6692,-8.52,0.032583189174149145,-0.12198729456449722,-8.801037455214788
626.7773,-8.492,0.031409108276089705,-0.027847790153764974,-8.708072031702114
626.8867,-8.256,0.03020835093537384,0.15134535418294234,-8.530079644706122
626.9972,-8.404,0.028985465162681502,0.020559188280604348,-8.662088696381153
627.109,-8.338,0.027740345426160305,0.0055760949639801285,-8.678316909434297
627.2219,-8.021,0.02647837087608673,0.08038377537299617,-8.604771203575357
627.3361,-8.044,0.025200121697488167,-0.046536014440291554,-8.732969242567242
627.4516,-7.547,0.023908307608501034,-0.08489922689727228,-8.772624269113209
627.5683,-7.461,0.022606809014443095,-0.17342093312052506,-8.862447473930521
627.6862,-6.621,0.02129842256035917,0.056042206825061135,-8.634292720439019
627.8055,-6.316,0.019984249726795043,0.04890317324132126,-8.642745926856321
627.926,-5.787,0.01867060415356917,0.21296273305609997,-8.48000001261477
628.0478,-5.769,0.01735830035157482,0.08272874059502372,-8.611546308877841
628.1709,-6.091,0.01605023586857058,-0.16842564616282163,-8.86400876011869
628.2954,-6.027,0.014748253139510887,-0.16172639584695087,-8.858611492531878
628.4211,-5.774,0.013460936771865366,0.055678384636748,-8.642494028415825
628.5483,-5.961,0.012186027686887164,-0.009494514169598843,-8.708941836307151
628.6767,-6.012,0.010928598533285766,-0.009486286662841296,-8.710191037953994
628.8066,-5.889,0.009689870554353242,0.157416031404303,-8.544527447865782
628.9378,-6.348,0.008478674767597935,-0.03436666549264906,-8.73752134054949
629.0704,-6.396,0.007291907716133919,0.013236820124674295,-8.69110462198363
629.2044,-6.837,0.0061331792350096,-0.08398141170237372,-8.789481582291803
629.3398,-6.975,0.005011706557278836,0.0071734481692378215,-8.699448195097922
629.4767,-7.253,0.003921916745165015,0.012725821971636487,-8.694985611107636
629.615,-6.988,0.0028708135426876533,0.19974025955868382,-8.509022276723067
629.7547,-7.234,0.0018632241709301996,-0.0895772312180748,-8.799347356871584
629.8959,-7.04,0.0008942140964408969,-0.3030247066753234,-9.013763842403321
630.0386,-6.203,-2.372006761765247e-05,-0.0013436415826916953,-8.713000711474749
630.1827,-5.688,-0.0008973788530513309,0.12311474464870352,-8.589415984028786
630.3284,-5.413,-0.0017197536943742509,0.1396533393386831,-8.57369976418013
630.4755,-5.531,-0.0024911469440676856,0.054350996513299936,-8.659773500255206
630.6242,-5.824,-0.0032097163570714584,-0.03951602436972975,-8.75435909055124
630.7744,-5.764,-0.0038736976152953405,0.04610512891721219,-8.66940191852252
630.9261,-5.814,-0.004482249429038112,-0.11279963935544016,-8.828915238608918
631.0794,-5.741,-0.0050352503519725195,-0.3959842193758494,-9.112652819552261
631.2343,-5.391,-0.005530540323318494,-0.1686724285533706,-8.885836318701127
631.3907664227052,-2.888,-0.005971407215351283,1.555371396490772,-7.162233360549018
631.5488,-5.936,-0.006351582413587771,-0.4458578013306569,-9.163842733568684
631.7085,-5.834,-0.006679373835348667,-0.325128258630114,-9.043440982289901
631.8697,-6.227,-0.006947511288931178,-0.05686353310902816,-8.775444394222397
632.0327,-6.426,-0.0071623671152179335,0.1767211169822028,-8.542074599957454
632.1972,-6.838,-0.007325211790382377,0.11048899686348276,-8.608469564751339
632.3634,-7.231,-0.0074319237928116896,-0.07123601469922469,-8.790301288316474
632.5313,-7.281,-0.007490299535094678,-0.07850765761785071,-8.797631306977385
632.7008,-7.144,-0.007501648733156143,0.020268238661264083,-8.698866759896331
632.8721,-6.917,-0.007463635067456757,0.11923308455744291,-8.599863900334453
633.0451,-6.747,-0.007383240490744609,0.03880633064091309,-8.68021025967427
633.2197,-6.508,-0.007262956515805076,-0.15307349710780677,-8.871969803448051
633.3962,-6.045,-0.007104726845295907,-0.244632199267882,-8.963370275937615
633.5743,-5.202,-0.00691057349131019,0.1544217065853237,-8.564122216730425
633.7542,-4.846,-0.0066856841050734325,0.35534153971910265,-8.36297749421041
633.9359,-6.062,-0.006433259015346656,-0.1661141783439417,-8.884180787183727
634.1194,-6.473,-0.006156690822087269,-0.197195499614835,-8.91498554026136
634.3047,-6.542,-0.005859521857978127,-0.0761322786419207,-8.793625150324337
634.4918,-6.219,-0.005545169840261408,0.1389572911574299,-8.578221228507271
634.8714,-6.219,-0.004880948850161281,0.06386122295017674,-8.652653075724423
635.064,-6.675,-0.004538291950104404,-0.023482998642137185,-8.739654640416681
635.2585,-7.108,-0.004193244314353934,-0.0717437202551806,-8.787570314393973
635.4549,-7.431,-0.0038491941807618293,-0.09117554272665063,-8.80665808673185
635.6531,-7.24,-0.0035095364905920554,0.12221878606355988,-8.592924100251471
635.8532,-7.263,-0.0031771115457879047,0.12989968374652291,-8.584910777623705
636.0553,-7.742,-0.002854537902198409,-0.1732265426760668,-8.887714430402704
636.2593,-7.528,-0.002544486378850556,-0.0621305273823043,-8.776308363585592
636.4653,-7.418,-0.0022490139125419402,0.0749058320960276,-8.638976531640953
636.6732,-7.482,-0.0019701472166841582,0.16673458150605006,-8.546868915535073
636.883,-8.282,-0.0017094119082201186,-0.17437203332564738,-8.887714795058306
637.0949,-8.348,-0.0014677570386968772,-0.03373409808272056,-8.746835204945857
637.3088,-8.3,-0.0012465884618025258,0.023530296544231482,-8.689349641742009
637.5247,-8.129,-0.0010462884889981749,0.02853346286425462,-8.684146175449182
637.7426,-7.882,-0.0008667137015374884,0.03946629101655074,-8.673033772509426
637.9625,-7.916,-0.000707640115592027,-0.09915107472631143,-8.811492064666343
638.1845,-7.487,-0.0005684755094896352,0.06516887904247795,-8.64703294629145
638.4086,-7.289,-0.0004487604384368738,0.05584468246301338,-8.656237427799862
638.6348,-7.394,-0.00034769393064303317,-0.13479216742454175,-8.846773211179624
638.8631,-7.184,-0.0002633571429246855,0.08616812640118987,-8.625728580566173
639.0934,-7.537,-0.00019433243009435178,0.17104092516768699,-8.540786757086845
639.326,-8.53,-0.00013958604618677904,-0.21732140168583666,-8.929094337556462
639.5606,-8.393,-9.695701657446131e-05,0.06090331026307149,-8.650826996577942
639.7974,-8.67,-7.65866901789324e-05,-0.0017387810521136294,-8.713448717566731
