age_ka,d18o_raw,d18o_precession_band,d18o_highfreq_lt1kyr,d18o_precession_plus_highfreq,d18o_precession_band_plus_mean,d18o_highfreq_lt1kyr_plus_mean
0.0,-9.66,0.4236572006522934,-0.00031078399071357565,-8.288286933162858,-8.287976149172145,-8.711944133815152
0.1,-9.33850768817073,0.42251077796234665,0.2183642840153955,-8.070758287846697,-8.289122571862093,-8.493269065809043
0.2,-9.39616215611094,0.4209808612660253,0.06367568886169563,-8.226976799696718,-8.290652488558413,-8.647957660962742
0.3,-9.508109764630152,0.4190665786527486,-0.1358595737899761,-8.428426344961666,-8.29256677117169,-8.847492923614414
0.4,-9.144660856696536,0.41676741901548864,0.1509516050351591,-8.14391432577379,-8.29486593080895,-8.56068174478928
0.5,-9.312057880457123,0.414083234523306,-0.08154328801118295,-8.379093403312316,-8.297550115301133,-8.793176637835622
0.6,-9.512270821343419,0.41101424273904225,-0.333957171388359,-8.634576278473755,-8.300619107085396,-9.045590521212798
0.7,-9.056916879059438,0.4075610283783071,0.08475942623537294,-8.21931289521076,-8.304072321446132,-8.626873923589066
0.8,-8.718774151114035,0.40372454470626534,0.40442495827012453,-7.903483846848049,-8.307908805118174,-8.307208391554314
0.9,-9.191575917091628,0.3995061145690988,-0.06857725315507437,-8.380704488410414,-8.312127235255339,-8.780210602979514
1.0,-9.174150701709047,0.394907431057399,-0.03683722123356178,-8.3535631400006,-8.31672591876704,-8.748470571058
1.1,-9.393375429987254,0.38993055779912345,-0.23398866946539623,-8.555691461490712,-8.321702792025315,-8.945622019289836
1.2,-9.204236607250246,0.3845779288801384,-0.022379287289058997,-8.349434708233359,-8.3270554209443,-8.734012637113498
1.3,-8.950989252746274,0.3788523483907558,0.24778833888694418,-8.084992662546739,-8.332781001433682,-8.463845010937494
1.4,-9.306976498743925,0.37275698959706693,-0.1007790528284151,-8.439655413055787,-8.338876360227372,-8.812412402652853
1.5,-9.149845924737958,0.3662953937362691,0.05191120332613482,-8.293426752762034,-8.34533795608817,-8.659722146498304
1.6,-9.27099375680165,0.3594714684355787,-0.08670677584497537,-8.438868657233835,-8.35216188138886,-8.798340125669414
1.7,-9.085849132252706,0.3522894857547228,0.06802071557249273,-8.291323148497224,-8.359343864069716,-8.643612634251946
1.8,-9.131131221719459,0.3447540798524023,-0.01896640627510567,-8.385845676247142,-8.366879269972037,-8.730599756099544
1.9,-9.168218111002922,0.3368702442775204,-0.10558950061601552,-8.480352606162933,-8.374763105546918,-8.817222850440455
2.0,-8.793714328514717,0.32864332888637143,0.2167273447646335,-8.166262676173433,-8.382990020938067,-8.494906005059805
2.1,-9.057174723087128,0.32007903638738805,-0.09503264875607204,-8.486586962193122,-8.39155431343705,-8.806665998580511
2.2,-8.883137154815987,0.31118341851544534,0.04185747977276826,-8.358592451536225,-8.400449931308993,-8.669775870051671
2.3,-9.318996477974581,0.3019628718381205,-0.41314802252958915,-8.822818500515908,-8.409670477986317,-9.124781372354027
2.4,-8.839462508294625,0.29242413319670774,0.06955008901543969,-8.349659127612291,-8.419209216627731,-8.642083260808999
2.5,-8.245090608522606,0.2825742747851836,0.6882766513181999,-7.740782423721055,-8.429059075039255,-8.02335669850624
2.6,-9.146083267391118,0.2724206988707146,-0.1755348977584139,-8.614747548712138,-8.439212650953724,-8.887168247582853
2.7,-9.06047322540473,0.2619711321596907,-0.053696761607502586,-8.503358979272251,-8.449662217664748,-8.765330111431942
2.8,-9.131494396014942,0.2512336198136598,-0.10251379581940631,-8.562913525830185,-8.46039973001078,-8.814147145643846
2.9,-9.484744707347447,0.24021651911992078,-0.45237235656055774,-8.923789187265076,-8.471416830704518,-9.164005706384996
3.0,-9.002104607721046,0.2289284928219196,0.022599023744260816,-8.460105833258257,-8.482704857002519,-8.689034326080177
3.1,-8.737808219178083,0.21737850211496623,0.2861387613497539,-8.208116086359718,-8.494254847709472,-8.425494588474685
3.2,-8.981961122432983,0.2055757993131658,0.06813420288086278,-8.43792334763041,-8.506057550511272,-8.643499146943576
3.3,-8.92313981068919,0.1935299201938231,0.19231695204663612,-8.32578647758398,-8.518103429630616,-8.519316397777803
3.4,-8.984903238677928,0.1812506760259428,0.2338511218719872,-8.296531551926508,-8.530382673798496,-8.477782227952451
3.5,-9.624308705193855,0.1687481452898024,-0.2782718347017385,-8.821157039236375,-8.542885204534636,-8.989905184526178
3.6,-10.002749559844533,0.15603266509492442,-0.5253521117161819,-9.080952796445697,-8.555600684729514,-9.23698546154062
3.7,-9.351020436535519,0.14311482230411732,0.24420204418670538,-8.324316483333616,-8.568518527520322,-8.467431305637733
3.8,-9.710863339357708,0.1300054443715883,-0.02154311430253652,-8.603171019755386,-8.58162790545285,-8.733176464126975
3.9,-9.510882802724877,0.11671558990345932,0.24621301033271303,-8.348704749588267,-8.59491775992098,-8.465420339491725
4.0,-9.774614208258027,0.10325653894933572,0.025944340645804545,-8.582432470229298,-8.608376810875104,-8.685689009178635
4.1,-9.730368462621476,0.08963978303388816,0.09307783991028276,-8.528915726880268,-8.62199356679055,-8.618555509914156
4.2,-10.06733586046809,0.07587701493770954,-0.23688682870866223,-8.872643163595392,-8.635756334886729,-8.948520178533101
4.3,-10.056154594744886,0.06198011823700134,-0.22816548526315042,-8.877818716850587,-8.649653231587438,-8.93979883508759
4.4,-9.921385915318904,0.04796115661192674,-0.09699542564731496,-8.760667618859827,-8.663672193212513,-8.808628775471753
4.5,-9.184267729428287,0.03383236293374079,0.6436038176117392,-8.034197169278958,-8.677800986890698,-8.0680295322127
4.6,-10.03392545549836,0.019606128141070822,-0.19074016685269024,-8.882767388536058,-8.692027221683368,-8.902373516677129
4.7,-9.79900305388632,0.005294989915972652,0.07059635280674371,-8.635742007101722,-8.706338359908466,-8.641036997017695
4.8,-10.026312678553838,-0.009088378829370254,-0.12411367533408196,-8.84483540398789,-8.720721728653809,-8.83574702515852
4.9,-10.161620529997041,-0.023531181644206926,-0.22579734271640986,-8.960961874185056,-8.735164531468646,-8.937430692540849
5.0,-9.94967687912521,-0.03802051039772138,0.019207366599270775,-8.730446493622889,-8.74965386022216,-8.692425983225167
5.1,-9.876343217416995,-0.05254335729295284,0.12818776414655975,-8.635988942970831,-8.764176707117391,-8.583445585677879
5.2,-10.047127107274106,-0.06708662702441354,0.001491136236084073,-8.777228840612768,-8.778719976848853,-8.710142213588355
5.3,-9.933648525151163,-0.08163714906749994,0.17238468894172665,-8.620885809950211,-8.793270498891939,-8.539248660882713
5.4,-10.277924143331386,-0.09618169008762248,-0.10026191925520371,-8.908076959167264,-8.807815039912061,-8.811895269079642
5.5,-10.412175248977077,-0.11070696645681943,-0.1527330935394542,-8.975073409820713,-8.822340316281258,-8.864366443363894
5.6,-10.090822203350564,-0.12519965686547524,0.2526565126400672,-8.584176494049848,-8.836833006689915,-8.458976837184371
5.7,-10.622532386319756,-0.1396464150166296,-0.20226204801927067,-9.053541812860338,-8.851279764841069,-8.91389539784371
5.8,-10.4554659618773,-0.15403388239024413,0.02552969388382699,-8.840137538330856,-8.865667232214683,-8.686103655940611
5.9,-10.575283037001444,-0.1683487010646865,-0.056124431221077756,-8.936106482110203,-8.879982050889126,-8.767757781045516
6.0,-10.408571657399145,-0.18257752658259846,0.12271504545192694,-8.77149583095511,-8.894210876407037,-8.588918304372513
6.1,-10.5365789341205,-0.19670704084823376,-0.01969213363257412,-8.928032524305246,-8.908340390672672,-8.731325483457013
6.2,-10.386263746825016,-0.21072396504328664,0.09204112754849604,-8.83031618731923,-8.922357314867725,-8.619592222275942
6.3,-10.493912313219377,-0.22461507254817778,-0.07286170212639873,-9.009110124499015,-8.936248422372616,-8.784495051950838
6.4,-10.40589315833053,-0.23836720185572638,-0.05144576822153057,-9.001446319901696,-8.950000551680166,-8.763079118045969
6.5,-10.512134318746359,-0.2519672694641116,-0.2204618850194906,-9.184062504308041,-8.96360061928855,-8.93209523484393
6.6,-10.081299049162364,-0.2654022827360153,0.1667994277314674,-8.810236204828987,-8.977035632560455,-8.544833922092971
6.7,-10.044408026118244,-0.27865935271084086,0.19332202748094546,-8.796970675054334,-8.99029270253528,-8.518311322343493
6.8,-10.363513523818598,-0.29172570685691884,-0.09457450928717183,-9.09793356596853,-9.003359056681358,-8.80620785911161
6.9,-10.40864370993494,-0.30458870175064096,-0.06723088971767052,-9.08345294129275,-9.01622205157508,-8.77886423954211
7.0,-10.32646365622288,-0.3172358356695083,0.1191247479505851,-8.909744437543361,-9.028869185493948,-8.592508601873854
7.1,-10.612937277433637,-0.3296547610861368,-0.048327917548519075,-9.089616028459094,-9.041288110910575,-8.759961267372958
7.2,-10.657001885267977,-0.34183329705033555,0.02106391951674601,-9.032402727358027,-9.053466646874774,-8.690569430307693
7.3,-10.824550917197833,-0.35375944144646015,-0.05801724312080894,-9.123410034391707,-9.065392791270899,-8.769650592945247
7.4,-10.90919093921615,-0.36542138311333966,-0.09338061885914392,-9.170435351796922,-9.077054732937778,-8.805013968683582
7.5,-10.791376048171987,-0.3768075138141919,0.028407153816524297,-9.060033709822106,-9.088440863638631,-8.683226196007915
7.6,-10.585047373380824,-0.3879064400440672,0.1963141018289243,-8.903225688039582,-9.099539789868507,-8.515319247995514
7.7,-10.762140353073745,-0.39870699466249926,-0.05046203993022443,-9.160802384417162,-9.110340344486938,-8.762095389754663
7.8,-10.815788114018611,-0.40919824833919705,-0.18764775589784455,-9.30847935406148,-9.120831598163635,-8.899281105722283
7.9,-10.569125538459456,-0.41936952080077594,-0.01763684366818271,-9.148639714293397,-9.131002870625215,-8.72927019349262
8.0,-10.614321272067086,-0.429210391866707,-0.11277513226332195,-9.253618873954467,-9.140843741691146,-8.82440848208776
8.1,-10.116083384237484,-0.438710712262853,0.3757487207916305,-8.774595341295662,-9.150344062087292,-8.335884629032808
8.2,-10.479063093747456,-0.4478606142011667,0.04558238397177784,-9.113911580053827,-9.159493964025605,-8.66605096585266
8.3,-10.618556862745079,-0.4566505217143404,-0.029469325144249957,-9.19775319668303,-9.16828387153878,-8.741102674968689
8.4,-10.896274317805451,-0.4650711607344271,-0.23270985909667807,-9.409414369655543,-9.176704510558865,-8.944343208921117
8.5,-10.647412950177271,-0.4731135689046918,0.07467460626465847,-9.110072312464473,-9.18474691872913,-8.63695874355978
8.6,-10.566736704609069,-0.48076910511420495,0.17529398908224814,-9.017108465856396,-9.192402454938644,-8.53633936074219
8.7,-10.778353797350258,-0.4880294587449535,-0.06740978226684767,-9.26707259083624,-9.199662808569393,-8.779043132091287
8.8,-10.960538533308451,-0.49488665862151837,-0.3298259637393418,-9.536345972185298,-9.206520008445956,-9.04145931356378
8.9,-10.505812570300298,-0.5013330816536531,0.011857183832061635,-9.20110924764603,-9.212966431478092,-8.699776165992377
9.0,-10.67701066026679,-0.5073614611623951,-0.279306795028556,-9.49830160601539,-9.218994810986834,-8.990940144852996
9.1,-9.61,-0.512964894880646,0.6871833916159044,-8.53741485308918,-9.224598244705085,-8.024449958208534
9.2,-9.796956522276389,-0.5181368526194724,0.43640404583162135,-8.79336615661229,-9.22977020244391,-8.275229303992818
9.3,-10.675995422150974,-0.5228711835917077,-0.4666632975253827,-9.701167830941529,-9.234504533416146,-9.178296647349821
9.4,-10.40377574396394,-0.5271621233847648,-0.1874121830063043,-9.426207656215508,-9.238795473209203,-8.899045532830742
9.5,-10.618169336197495,-0.5310043005749163,-0.37670333450554927,-9.619340984904904,-9.242637650399356,-9.088336684329988
9.6,-9.889999999999999,-0.5343927429756506,0.38476490824808746,-8.861261184552001,-9.24602609280009,-8.326868441576352
9.7,-10.290344827586207,-0.5373228835130703,0.02199199421900966,-9.2269642391185,-9.248956233337509,-8.68964135560543
9.8,-10.48,-0.5397905657216674,-0.12582376481516053,-9.377247680361267,-9.251423915546106,-8.8374571146396
9.9,-10.225517241379311,-0.5417920488541872,0.17447126601342955,-9.078954132665196,-9.253425398678626,-8.537162083811008
10.0,-10.225119055116203,-0.5433240125996717,0.22080571134903892,-9.03415165107507,-9.254957362424111,-8.4908276384754
10.1,-10.649428565013602,-0.5443835614041631,-0.1652976609289195,-9.421314572157522,-9.256016911228603,-8.876931010753358
10.2,-10.757880949812359,-0.5449682283889441,-0.25268381060246564,-9.509285388815849,-9.256601578213383,-8.964317160426905
10.3,-10.493214304685376,-0.5450759788615895,0.008615339831091265,-9.248093988854936,-9.256709328686028,-8.703018009993347
10.4,-10.347728201401358,-0.5447052134155115,0.12357663749853318,-9.132761925741416,-9.25633856323995,-8.588056712325905
10.5,-10.369127802910524,-0.5438547706140914,0.04615523253820305,-9.209332887900327,-9.25548812043853,-8.665478117286236
10.6,-10.560294113846794,-0.5425239292559053,-0.22282254429259407,-9.476979823372938,-9.254157279080344,-8.934455894117033
10.7,-9.813590425672244,-0.5407124102179706,0.42720200897430727,-8.825143751068103,-9.25234576004241,-8.284431340850132
10.8,-10.479716035722838,-0.5384203778743628,-0.354051965381727,-9.604105693080529,-9.250053727698802,-9.065685315206165
10.9,-9.507991631799158,-0.535648441087981,0.48235206120130547,-8.764929729711115,-9.24728179091242,-8.229281288623133
11.0,-10.227154811715476,-0.5323976537736625,-0.3938395460064039,-9.637870549604505,-9.244031003598101,-9.105472895830843
11.1,-9.984184100418414,-0.5286695150312857,-0.32770773082903004,-9.568010595684754,-9.240302864855725,-9.039341080653468
11.2,-9.087991631799163,-0.5244659688479265,0.37899926167570536,-8.85710005699666,-9.236099318672366,-8.332634088148733
11.3,-9.35606694560667,-0.5197894033685725,-0.0798812080800071,-9.311303961273019,-9.23142275319301,-8.791514557904446
11.4,-9.008535134482832,-0.5146426497353284,0.08726841789589224,-9.139007581663876,-9.226275999559768,-8.624364931928547
11.5,-9.02,-0.5090289804954885,-0.08630069837582621,-9.306963028695753,-9.220662330319927,-8.797934048200265
11.6,-8.596999999999957,-0.50295210757928,0.1943007810667533,-9.020284676336965,-9.214585457403718,-8.517332568757686
11.7,-8.590954545454561,-0.49641617984851866,0.0732190048825459,-9.134830524790411,-9.208049529672957,-8.638414344941893
11.8,-8.62649999999999,-0.48942578021785343,-0.08075431097795499,-9.281813441020248,-9.201059130042292,-8.792387660802394
11.9,-8.739447761194024,-0.4819859223507055,-0.3066027099577425,-9.500221982132887,-9.193619272175145,-9.018236059782181
12.0,-8.259046153846151,-0.47410204693243874,0.0713624374084687,-9.114372959348408,-9.185735396756877,-8.64027091241597
12.1,-8.358818181818181,-0.4657800175237281,-0.10628932460641026,-9.283702691954577,-9.177413367348167,-8.817922674430848
12.2,-8.195454545454556,-0.4570261159975138,0.023127603917910203,-9.145531861904042,-9.168659465821953,-8.688505745906529
12.3,-7.9245945945945895,-0.4478470375633553,0.321189485831004,-8.83829090155679,-9.159480387387793,-8.390443863993434
12.4,-8.292081632653078,-0.43824988538341514,0.04946661197025534,-9.1004166232376,-9.149883235207854,-8.662166737854184
12.5,-8.616134615384617,-0.42824216478471655,-0.11685819961937632,-9.256733714228531,-9.139875514609155,-8.828491549443815
12.6,-8.683317073170729,-0.41783177707273117,0.016204111759755932,-9.113261015137414,-9.12946512689717,-8.695429238064683
12.7,-8.745323529411731,-0.40702701295175503,0.17054648319815985,-8.948113879578035,-9.118660362776193,-8.541086866626278
12.8,-9.558176470588245,-0.3958365455579334,-0.4352838559266474,-9.54275375130902,-9.107469895382373,-9.146917205751086
12.9,-9.463130434782599,-0.3842694231111876,-0.16034518906416684,-9.256247961999794,-9.095902772935627,-8.871978538888605
13.0,-9.106,-0.3723350611926853,0.3419678349343353,-8.74200057608279,-9.083968411017125,-8.369665514890103
13.1,-9.756666666666653,-0.36004323465487864,-0.1977845413258686,-9.269461125805186,-9.071676584479317,-8.909417891150307
13.2,-9.07120000000003,-0.34740406917150807,0.5677433065824206,-8.491294112413525,-9.059037418995947,-8.143890043242019
13.3,-9.842444444444453,-0.3344280324353376,-0.15225548644710124,-9.198316868706877,-9.046061382259776,-8.86388883627154
13.4,-10.196319999999936,-0.321125925011749,-0.4840539737124181,-9.516813248548607,-9.032759274836188,-9.195687323536857
13.5,-9.27476000000001,-0.30750887085667283,0.4299543143826928,-8.589187906298418,-9.019142220681111,-8.281679035441746
13.6,-9.682,-0.2935883075076771,-0.01171509462542156,-9.016936751957537,-9.005221657332116,-8.72334844444986
13.7,-10.072222222222228,-0.2793759759573736,-0.4555077508441139,-9.446517076625927,-8.991009325781812,-9.167141100668552
13.8,-9.69200000000001,-0.26488391021862234,-0.13665650754923658,-9.113173767592297,-8.97651726004306,-8.848289857373675
13.9,-8.998199999999995,-0.2501244265913357,0.4981247594351591,-8.463633016980616,-8.961757776415775,-8.21350859038928
14.0,-9.138111111111112,-0.23511011264098844,0.30404405145991287,-8.642699411005514,-8.946743462465427,-8.407589298364526
14.1,-9.682115384615384,-0.2198538158992368,-0.29885168148443353,-9.23033884720811,-8.931487165723675,-9.010485031308873
14.2,-9.144678571428653,-0.2043686322973372,0.15449579734984537,-8.76150618477193,-8.916001982121776,-8.557137552474593
14.3,-9.351714285714296,-0.1886678943433291,-0.18599609680310608,-9.086297340970875,-8.900301244167768,-8.897629446627544
14.4,-9.034714285714273,-0.1727651590542132,-0.06939009667497505,-8.953788605553626,-8.884398508878652,-8.781023446499415
14.5,-8.587735294117646,-0.15667419565460794,0.10825476211497173,-8.760052783364076,-8.868307545479047,-8.603378587709466
14.6,-9.027,-0.14040897305361014,-0.6517581142582447,-9.503800437136293,-8.852042322878049,-9.363391464082683
14.7,-7.428740740740665,-0.12398364711181568,0.6085479994340611,-8.227068997502194,-8.835616996936254,-8.103085350390378
14.8,-7.622459459459472,-0.10741254771067432,0.10163395937964595,-8.717411938155466,-8.819045897535114,-8.609999390444793
14.9,-7.688442622950818,-0.09071016563655873,-0.21494688607859214,-9.01729040153959,-8.802343515460997,-8.926580235903032
15.0,-7.364142857142859,-0.07389113929212078,-0.05566320353334048,-8.8411876926499,-8.78552448911656,-8.76729655335778
15.1,-6.917350877192971,-0.05697024124768984,0.31333949241115583,-8.455264098660972,-8.768603591072129,-8.398293857413282
15.2,-7.263974358974389,-0.03996236464563467,-0.044232995729772254,-8.795828710199846,-8.751595714470074,-8.75586634555421
15.3,-7.11748780487805,-0.022882509470766046,0.12136940850006789,-8.613146450795137,-8.734515859295204,-8.590263941324372
15.4,-7.031124999999998,-0.005745768699998502,0.21520179287941377,-8.502177325645023,-8.717379118524438,-8.496431556945025
15.5,-7.700176470588235,0.011432685655381504,-0.48996894452175827,-9.190169608690816,-8.700200664169056,-9.201602294346197
15.6,-7.582899999999948,0.028637616601379007,-0.4616277075728672,-9.144623440795927,-8.68299573322306,-9.173261057397307
15.7,-7.090918918918974,0.04585373629332163,-0.09280643304895966,-8.758586046580076,-8.665779613531116,-8.804439782873398
15.8,-6.5417,0.06306572023460631,0.33880878949782023,-8.309758840092012,-8.648567629589833,-8.372824560326618
15.9,-6.556897959183677,0.08025822152843501,0.25579539103184734,-8.375579737264156,-8.631375128296003,-8.455837958792591
16.0,-6.663094594594597,0.09741588516875208,0.16078444800180425,-8.453433016653882,-8.614217464655686,-8.550848901822635
16.1,-6.2201666666665645,0.11452336235654868,0.6952656894232154,-7.901844298044675,-8.59710998746789,-8.016367660401222
16.2,-7.798080000000022,0.13156532482766675,-0.7371863580305346,-9.317254383027306,-8.580068024996772,-9.448819707854973
16.3,-7.41010256410255,0.14852647917821532,-0.19157338832116663,-8.75468025896739,-8.563106870646223,-8.903206738145606
16.4,-7.34813157894738,0.16539158117370728,0.0016790598031992399,-8.544562708847533,-8.54624176865073,-8.709954290021239
16.5,-7.9571785714285355,0.18214545002803204,-0.5224823308339444,-9.051970230630351,-8.529487899796406,-9.234115680658384
16.6,-6.9217037037036855,0.1987729826384024,0.5553792570422899,-7.957481110143746,-8.512860367186036,-8.156254092782149
16.7,-7.559310344827638,0.21525916776244894,-0.06006549461045482,-8.556439676672445,-8.49637418206199,-8.771698844434894
16.8,-7.733833333333334,0.23158910012368505,-0.20480161990281362,-8.684845869603567,-8.480044249700754,-8.916434969727252
16.9,-7.1541794871793565,0.24774799443162882,0.4317625603375358,-8.032122795055274,-8.46388535539281,-8.279870789486903
17.0,-7.329105263157891,0.26372119930294435,0.3428187783888874,-8.105093372132607,-8.447912150521494,-8.368814571435552
17.1,-7.816111111111088,0.2794942110700556,-0.04526657367760473,-8.477405712431988,-8.432139138754383,-8.756899923502043
17.2,-8.16394594594593,0.29505268746378943,-0.3067070117462758,-8.723287674106926,-8.41658066236065,-9.018340361570715
17.3,-8.286,0.31038246115672186,-0.3755288034648231,-8.77677969213254,-8.401250888667716,-9.087162153289261
17.4,-8.100627118644034,0.3254695531540306,-0.17369908894836183,-8.55986288561877,-8.386163796670408,-8.885332438772801
17.5,-8.064499999999995,0.34030018601880174,-0.1412807377118476,-8.512613901517485,-8.371333163805637,-8.852914087536286
17.6,-7.662500000000029,0.35486079691889283,0.26556634519936906,-8.091206207706177,-8.356772552905547,-8.44606700462507
17.7,-7.320222222222209,0.36913805048262505,0.6468564028483842,-7.6956388964934295,-8.342495299341813,-8.064776946976055
17.8,-7.576749999999995,0.3831188514507564,0.4724166915076384,-7.856097806866044,-8.328514498373682,-8.239216658316801
17.9,-8.469232876712342,0.39679035711238353,-0.3063660800147227,-8.621209072726778,-8.314842992712055,-9.017999429839161
18.0,-9.185009523809505,0.41013998951262476,-0.9001969888870338,-9.201690349198849,-8.301493360311813,-9.611830338711473
18.1,-8.39714423076923,0.42315544742015604,-0.0026417366018471333,-8.29111963900613,-8.288477902404283,-8.714275086426285
18.2,-8.444599999999976,0.4358247180428998,0.040802901145136794,-8.235005730636402,-8.275808631781539,-8.670830448679302
18.3,-8.470500000000001,0.4481360884804091,0.0950247598557987,-8.168472501488232,-8.26349726134403,-8.61660858996864
18.4,-8.639804347826084,0.46007815690174214,0.008231730032902285,-8.243323462889794,-8.251555192922696,-8.703401619791537
18.5,-7.980000000000002,0.47163984343788407,0.7585540504594648,-7.48143945592709,-8.239993506386554,-7.953079299364974
18.6,-8.429813559322033,0.48281040077805026,0.39749610107350064,-7.831326847972888,-8.22882294904639,-8.314137248750939
18.7,-10.052333333333321,0.49357942445948644,-1.1610710168718978,-9.37912494223685,-8.218053925364952,-9.872704366696336
18.8,-8.959000000000005,0.5039368628406793,-0.05401692333775851,-8.261713410321518,-8.20769648698376,-8.765650273162198
18.9,-8.788666666666566,0.5138730267481946,0.06475310638259674,-8.133007216693647,-8.197760323076244,-8.646880243441842
19.0,-8.64,0.5233785987876753,0.09898408162732439,-8.089270669409439,-8.188254751036764,-8.612649268197114
19.1,-8.324333333333293,0.5324446423098554,0.2557603392738431,-7.9234283682407405,-8.179188707514584,-8.455873010550595
19.2,-8.605863636363626,0.5410626100227788,-0.20217554589087489,-8.372746285692536,-8.17057073980166,-8.913808895715313
19.3,-8.2180412371134,0.5492243522417524,0.018178220683903196,-8.144230776898784,-8.162408997582686,-8.693455129140535
19.4,-7.912333333333342,0.5569221247689169,0.18415000669897358,-7.970561218356548,-8.154711225055522,-8.527483343125466
19.5,-8.10948717948719,0.5641485963946715,-0.11759717812183867,-8.265081931551606,-8.147484753429767,-8.829230527946278
19.6,-7.715249999999992,0.570896856013559,0.20342780109289788,-7.937308692717982,-8.14073649381088,-8.50820554873154
19.7,-7.899000000000063,0.5771604193475878,-0.03324721920003272,-8.167720149676883,-8.134472930476852,-8.744880569024472
19.8,-8.191538461538462,0.5829332352703515,-0.37080139438571125,-8.4995015089398,-8.128700114554087,-9.08243474421015
19.9,-7.758837209302305,0.5882096917256886,0.016885848940804485,-8.106537809157945,-8.12342365809875,-8.694747500883635
20.0,-7.563333333333346,0.5929846212350226,0.16679621293629726,-7.951852515653119,-8.118648728589417,-8.544837136888141
20.1,-7.739104477611925,0.5972533059879181,-0.049589654024381674,-8.163969697860903,-8.11438004383652,-8.761223003848821
20.2,-7.665,0.6010114825107958,-0.003603996867426674,-8.11422586418107,-8.110621867313643,-8.715237346691865
20.3,-7.481551724137916,0.604255345909155,0.16892757531426672,-7.938450428601017,-8.107378003915283,-8.542705774510171
20.4,-7.604000000000001,0.6069815536790697,0.05161887779975636,-8.053032918345613,-8.104651796145369,-8.660014472024683
20.5,-7.73813559322034,0.6091872290841408,-0.06833424886138866,-8.170780369601687,-8.102446120740298,-8.779967598685827
20.6,-7.771428571428574,0.6108699640945082,-0.08842600143000087,-8.189189387159931,-8.10076338572993,-8.80005935125444
20.7,-7.9433333333333325,0.6120278218849535,-0.25701064344806124,-8.356616171387547,-8.099605527939485,-8.9686439932725
20.8,-7.3297435897435905,0.6126593388895505,0.345474050634457,-7.753499960300431,-8.098974010934889,-8.366159299189981
20.9,-7.778974358974365,0.6127635264107532,-0.1284897449218943,-8.22735956833558,-8.098869823413686,-8.840123094746334
21.0,-7.440641025641025,0.6123398717812427,0.17660712342792462,-7.922686354615271,-8.099293478043196,-8.535026226396514
21.1,-7.797777777777778,0.6113883390772885,-0.2146740055477636,-8.314919016294914,-8.10024501074715,-8.926307355372202
21.2,-7.6085714285714285,0.609909369382816,-0.05234307374597656,-8.1540670541876,-8.101723980441623,-8.763976423570416
21.3,-7.356999999999996,0.60790388060381,0.18651762206185737,-7.917211847158772,-8.103729469220628,-8.525115727762582
21.4,-7.4486075949367105,0.6053732668331175,0.10010419141362606,-8.006155891577695,-8.106260082991321,-8.611529158410812
21.5,-7.946835443037991,0.6023193972661542,-0.375928899923533,-8.485242852481818,-8.109313952558285,-9.087562249747972
21.6,-7.423444444444443,0.5987446146684514,0.1805267219537619,-7.9323620132022254,-8.112888735155988,-8.531106627870678
21.7,-7.496666666666669,0.5946517333964187,0.14047249560883868,-7.976509120819181,-8.11698161642802,-8.5711608542156
21.8,-7.502195121951218,0.5900440369731311,0.15487569535402335,-7.966713617497284,-8.121589312851308,-8.556757654470415
21.9,-7.625104895104903,0.5849252752213809,0.026682917275807454,-8.10002515732725,-8.126708074603059,-8.68495043254863
22.0,-8.19450450450452,0.579299660956666,-0.5785766691047148,-8.710910357972487,-8.132333688867773,-9.290210018929153
22.1,-7.579285714285709,0.5731718662432134,-0.024403209651699398,-8.162864693232924,-8.138461483581226,-8.736036559476139
22.2,-7.374851485148515,0.5665470182165615,0.10977715173366243,-8.035309179874215,-8.145086331607878,-8.601856198090776
22.3,-7.162929292929295,0.5594306944766462,0.26317086809125856,-7.889031787256534,-8.152202655347793,-8.44846248173318
22.4,-7.3151792828685265,0.551828918055752,0.08142976355462983,-8.078374668214057,-8.159804431768686,-8.63020358626981
22.5,-7.224400000000002,0.5437481519661042,0.17861438978796854,-7.989270808070366,-8.167885197858334,-8.53301896003647
22.6,-7.688222222222214,0.5351952933322858,-0.24796225705003308,-8.424400313542186,-8.176438056492152,-8.959595606874473
22.7,-7.513018867924528,0.5261776671140646,-0.01745306357701429,-8.202908746287388,-8.185455682710375,-8.729086413401452
22.8,-7.673636363636363,0.5167030194256178,-0.11824959089031055,-8.313179921289132,-8.19493033039882,-8.82988294071475
22.9,-7.893384615384624,0.5067795104575297,-0.28233634893054427,-8.487190188297454,-8.204853839366908,-8.993969698754983
23.0,-7.417575757575757,0.49641570700832494,0.24253183070023263,-7.9726858121158815,-8.215217642816114,-8.469101519124207
23.1,-7.4399999999999995,0.4856205746326821,0.2631623527328656,-7.9628504224588905,-8.226012775191757,-8.448470997091572
23.2,-7.916296296296326,0.47440346941383826,-0.17776342889685712,-8.414993309307457,-8.2372298804106,-8.889396778721295
23.3,-7.5600000000000005,0.46277412936806644,0.19835758689740574,-8.050501633558966,-8.248859220456373,-8.513275762927034
23.4,-7.825357142857136,0.45074266548946046,-0.07680183260704818,-8.337692516942026,-8.260890684334978,-8.788435182431487
23.5,-7.793442622950805,0.4383195524436133,-0.10057318170268562,-8.373886979083512,-8.273313797380826,-8.812206531527124
23.6,-7.508888888888905,0.42551561891911427,0.07046593505063148,-8.215651795854694,-8.286117730905325,-8.641167414773808
23.7,-7.496956521739131,0.41234203764612215,-0.09007314293312342,-8.38936445511144,-8.299291312178317,-8.801706492757562
23.8,-7.130000000000001,0.39881031509159603,0.05939605731026598,-8.253426977422576,-8.312823034732842,-8.652237292514172
23.9,-7.216382978723417,0.38493228084107595,-0.26009510504819755,-8.58679617403156,-8.326701068983363,-8.971728454872636
24.0,-6.689069767441863,0.3707200766772119,0.059093139086474344,-8.281820134060752,-8.340913273147226,-8.652540210737964
24.1,-6.445652173913048,0.35618614536553217,0.16265110804778204,-8.192796096411124,-8.355447204458907,-8.548982241776656
24.2,-6.736179775280898,0.3413432191582261,-0.16454649774244912,-8.534836628408662,-8.370290130666213,-8.876179847566888
24.3,-6.434444444444451,0.32620430802698874,0.21977892138817218,-8.165650120409278,-8.38542904179745,-8.491854428436266
24.4,-6.8314285714285585,0.31078268763623906,0.015340647582693878,-8.385510014605506,-8.4008506621882,-8.696292702241745
24.5,-6.562000000000006,0.295091887068272,0.5528083957271149,-7.8637330670290515,-8.416541462756166,-8.158824954097323
24.6,-7.956470588235394,0.27914567631214704,-0.5497515985615703,-8.982239272073862,-8.432487673512291,-9.26138494838601
24.7,-7.791818181818185,0.26295805352834367,-0.12410007500953732,-8.572775371305632,-8.448675296296095,-8.835733424833975
24.8,-8.038382352941182,0.24654323210142962,-0.18335062223856077,-8.64844073996157,-8.465090117723008,-8.894983972062999
24.9,-8.042235294117631,0.22991562749319372,-0.09391275587900842,-8.575630478210254,-8.481717722331245,-8.805546105703447
25.0,-7.617142857142859,0.21308984390888666,0.3345557012115236,-8.163987804704028,-8.498543505915553,-8.377077648612914
25.1,-7.915471698113223,0.19608066078939257,-0.027634868999411075,-8.543187558034457,-8.515552689035045,-8.73926821882385
25.2,-7.722727272727272,0.1789030191423206,0.06535650338964226,-8.467373827292477,-8.532730330682119,-8.646276846434796
25.3,-7.4749206349206405,0.16157200772516145,0.20815280893764798,-8.341908533161629,-8.550061342099276,-8.503480540886791
25.4,-7.888148148148067,0.14410284909379298,-0.29137571203868756,-8.858906212769334,-8.567530500730646,-9.003009061863127
25.5,-7.598461538461538,0.12651088552974962,-0.05404628438161396,-8.639168748676303,-8.58512246429469,-8.765679634206053
25.6,-7.517368421052616,0.10881156485978291,0.01561887325998726,-8.587202911704669,-8.602821784964656,-8.696014476564452
25.7,-7.344285714285735,0.09102042618134477,0.2183099897440066,-8.402302933899087,-8.620612923643094,-8.493323360080431
25.8,-7.722982456140357,0.0731530855077119,-0.09495340731493167,-8.733433671631659,-8.638480264316726,-8.806586757139371
25.9,-7.669310344827543,0.0552252213465453,0.05142779645002152,-8.604980332027871,-8.656408128477894,-8.660205553374418
26.0,-8.085161290322578,0.03725256022574057,-0.25386023146044656,-8.928241021059145,-8.674380789598699,-8.965493581284885
26.1,-7.79267857142857,0.019250862180472422,0.1589157032809132,-8.533466784363053,-8.692382487643966,-8.552717646543526
26.2,-8.010526315789473,0.0012359062153707717,0.06506731148882564,-8.645330132120243,-8.710397443609068,-8.646566038335614
26.3,-8.672686567164211,-0.016776524244213338,-0.4743050151089363,-9.202714889177589,-8.728409874068651,-9.185938364933374
26.4,-7.738214285714271,-0.03477065589788726,0.5757518381767769,-8.17065216754555,-8.746404005722326,-8.135881511647662
26.5,-8.49,-0.052730740098883705,-0.07657560787716164,-8.840939697800485,-8.764364089923323,-8.7882089577016
26.6,-7.96121951219512,-0.07064106735177846,0.524143246092723,-8.258131171083495,-8.782274417176216,-8.187490103731715
26.7,-9.3217948717949,-0.0884859817653562,-0.8019029919810564,-9.602022323570852,-8.800119331589794,-9.513536341805494
26.8,-8.658333333333337,-0.10624989544677005,-0.14355516548241204,-8.96143841075362,-8.817883245271208,-8.855188515306851
26.9,-8.262307692307692,-0.12391730282320235,0.21761087286334913,-8.617939779784292,-8.83555065264764,-8.49402247696109
27.0,-8.32921052631578,-0.14147279487730952,0.10735854223673619,-8.745747602465013,-8.853106144701748,-8.604274807587702
27.1,-8.513999999999996,-0.15890107328282313,-0.10301471672808063,-8.973549139835342,-8.870534423107262,-8.81464806655252
27.2,-8.245263157894735,-0.1761869644267807,0.1800711727597969,-8.707749141491423,-8.88782031425122,-8.531562177064641
27.3,-8.561839080459764,-0.19331543330497652,-0.07227591841123922,-8.977224701540655,-8.904948783129415,-8.783909268235679
27.4,-8.627361111111098,-0.21027159727735067,-0.030503116572957373,-8.952408063674747,-8.921904947101789,-8.742136466397396
27.5,-8.550303030303033,-0.22704073967017613,0.17366831525757118,-8.765005774237043,-8.938674089494615,-8.537965034566868
27.6,-8.644545454545455,-0.24360832321205922,0.19213904877950783,-8.763102624256991,-8.955241673036499,-8.519494301044931
27.7,-8.92246153846154,-0.2599600032909348,-0.022767858271388046,-8.994361211386762,-8.971593353115374,-8.734401208095827
27.8,-9.42909090909091,-0.27608164101941923,-0.5404387660055563,-9.528153756849415,-8.987714990843857,-9.252072115829995
27.9,-9.079718309859153,-0.29195931609607495,-0.27951606056638206,-9.283108726486896,-9.003592665920515,-8.99114941039082
28.0,-8.230714285714276,-0.3075793394503462,0.4246568793614462,-8.594555809913338,-9.019212689274784,-8.286976470462992
28.1,-8.351071428571387,-0.32292826565914234,0.14322122434731213,-8.89134039113627,-9.03456161548358,-8.568412125477126
28.2,-8.331029411764707,-0.33799290512327196,0.03352958105798056,-9.01609667388973,-9.049626254947711,-8.678103768766459
28.3,-8.41876923076923,-0.3527603359921744,-0.11067714926830366,-9.175070835084917,-9.064393685816613,-8.822310499092742
28.4,-8.45999999999999,-0.36721791582564295,-0.10943628058672934,-9.188287546236811,-9.078851265650082,-8.821069630411168
28.5,-8.48,-0.381353292981499,0.014966287596696505,-9.078020355209242,-9.092986642805938,-8.696667062227743
28.6,-8.484426229508207,-0.39515441771844784,0.2351952245174373,-8.87159254302545,-9.106787767542887,-8.476438125307002
28.7,-8.78379310344827,-0.4086095530036315,0.19741613290060553,-8.922826769927465,-9.12024290282807,-8.514217216923834
28.8,-9.12603448275862,-0.4217072850146878,0.0976446035618851,-9.035696031277242,-9.133340634839126,-8.613988746262553
28.9,-9.642363636363626,-0.4344365333264283,-0.24988278567966157,-9.395952668830528,-9.146069883150867,-8.9615161355041
29.0,-9.94540983606558,-0.44678656077256185,-0.49492237032361497,-9.653342280920615,-9.158419910597,-9.206555720148053
29.1,-9.685238095238095,-0.45874698297321337,-0.29582074427963206,-9.466201077077285,-9.170380332797652,-9.007454094104071
29.2,-8.72984375000003,-0.4703077775193202,0.501370446419587,-8.680570680924172,-9.181941127343759,-8.210262903404852
29.3,-8.94129032258065,-0.48145929280532906,0.07708697634526979,-9.116005666284497,-9.193092642629768,-8.63454637347917
29.4,-8.675652173913045,-0.4921922565019663,0.12228261788176566,-9.081542988444639,-9.203825606326404,-8.589350731942673
29.5,-8.257297297297292,-0.5024977836612115,0.3492968947099575,-8.864834238775693,-9.214131133485651,-8.36233645511448
29.6,-8.827123287671263,-0.5123673844459696,-0.36412628669203495,-9.588127020962443,-9.224000734270408,-9.075759636516473
29.7,-8.355921052631563,-0.52179297147731,0.01277138717141272,-9.220654934130335,-9.23342632130175,-8.698861962653027
29.8,-8.34,-0.5307668667925165,-0.024715644507549723,-9.267115861124505,-9.242400216616955,-8.736348994331989
29.9,-8.497272727272746,-0.5392818084075842,-0.2041465234277054,-9.455061681659728,-9.250915158232022,-8.915779873252145
30.0,-8.46,-0.5473309564781844,-0.16266856981687183,-9.421632876119496,-9.258964306302623,-8.87430191964131
30.1,-7.932173913043481,-0.5549078990535201,0.396763008869276,-8.869778240008683,-9.266541248877958,-8.314870340955162
30.2,-8.442857142857147,-0.5620066574178975,-0.051171616447558556,-9.324811623689895,-9.273640007242337,-8.762804966271997
30.3,-8.541857142857143,-0.5686216910152444,-0.05493308199561507,-9.335188122835298,-9.280255040839684,-8.766566431820054
30.4,-8.535588235294108,-0.5747479019522227,0.0739414812676627,-9.212439770508999,-9.286381251776662,-8.637691868556775
30.5,-8.773861386138611,-0.5803806390759942,-0.02719214813388314,-9.319206137034316,-9.292013988900433,-8.738825497958322
30.6,-8.605714285714287,-0.5855157016231252,0.2740555247827356,-9.023093526664828,-9.297149051447564,-8.437577825041704
30.7,-9.215263157894736,-0.5901493424365318,-0.22620599688905446,-9.527988689150025,-9.301782692260971,-8.937839346713494
30.8,-9.436526315789473,-0.5942782707478039,-0.37745926083697123,-9.683370881409214,-9.305911620572243,-9.08909261066141
30.9,-9.002747252747257,-0.5978996545226662,0.07994934024646012,-9.229583664100645,-9.309533004347106,-8.63168400957798
31.0,-8.815,-0.6010111223677725,0.24674795167515123,-9.06589652051706,-9.312644472192211,-8.464885398149287
31.1,-8.88711340206186,-0.6036107649974604,0.1169802612147991,-9.1982638536071,-9.3152441148219,-8.59465308860964
31.2,-8.894388489208632,-0.6056971362595266,0.025590671004704656,-9.29173981507926,-9.317330486083966,-8.686042678819733
31.3,-8.893875968992248,-0.6072692537195233,-0.07358892229349932,-9.392491525837462,-9.318902603543963,-8.785222272117938
31.4,-8.76947368421053,-0.608326598803505,-0.05190749518911879,-9.371867443817063,-9.319959948627943,-8.763540845013557
31.5,-8.797313432835823,-0.6088691164995956,-0.16914280162872594,-9.48964526795276,-9.320502466324035,-8.880776151453164
31.6,-8.553309352517983,-0.6088972146191801,0.01947500326819271,-9.301055561175426,-9.320530564443619,-8.692158346556246
31.7,-8.761585365853659,-0.6084117626189564,-0.18822415615672006,-9.508269268600115,-9.320045112443395,-8.899857505981158
31.8,-8.355714285714285,-0.6074140899855184,0.29078226412068026,-9.028265175689278,-9.319047439809957,-8.420851085703758
31.9,-8.62499999999999,-0.6059059841845718,0.1705041427842251,-9.147035191224786,-9.31753933400901,-8.541129207040214
32.0,-8.974545454545458,-0.6038896881773091,0.030308969132049085,-9.2852140688697,-9.315523038001748,-8.68132438069239
32.1,-9.383783783783786,-0.601367897506904,-0.14363143572186682,-9.45663268305321,-9.313001247331343,-8.855264785546305
32.2,-9.503499999999999,-0.5983437569584971,-0.048922027570588764,-9.358899134353525,-9.309977106782936,-8.760555377395027
32.3,-9.254756756756759,-0.5948208567964755,0.34540144377216875,-8.961052762848745,-9.306454206620915,-8.36623190605227
32.4,-9.786460176991145,-0.5908032285832565,-0.14565433463007688,-9.448090913037772,-9.302436578407695,-8.857287684454516
32.5,-10.00699029126212,-0.5862953405841984,-0.4434099288666976,-9.741338619275336,-9.297928690408638,-9.155043278691137
32.6,-9.83336633663365,-0.5813020927636701,-0.4490277845356326,-9.74196322712374,-9.292935442588108,-9.16066113436007
32.7,-8.57333333333334,-0.5758288113777109,0.5713259675821046,-8.716136193620045,-9.28746216120215,-8.140307382242334
32.8,-8.504077669902912,-0.5698812431691078,0.39605135572129685,-8.88546323727225,-9.281514592993547,-8.315581994103141
32.9,-8.809225352112668,-0.5634655491711054,-0.10466107979005923,-9.379759978785604,-9.275098898995545,-8.816294429614498
33.0,-8.693137254901954,-0.5565882981263517,-0.0964666228302185,-9.36468827078101,-9.26822164795079,-8.808099972654658
33.1,-8.75591836734694,-0.5492564595280551,-0.16275653800597029,-9.423646347358464,-9.260889809352493,-8.874389887830409
33.2,-8.678767123287656,-0.5414773962906976,0.009422086172804375,-9.243688659942332,-9.253110746115137,-8.702211263651634
33.3,-8.629811320754694,-0.533258857058013,0.22698918734398577,-9.017903019538466,-9.24489220688245,-8.484644162480453
33.4,-9.063437499999997,-0.5246089681562909,-0.002739151193098331,-9.238981469173828,-9.236242317980729,-8.714372501017538
33.5,-9.373355263157897,-0.5155362252014125,-0.11763825302087072,-9.344807828046722,-9.227169575025851,-8.82927160284531
33.6,-9.483749999999999,-0.5060494843683624,-0.08331563018715075,-9.300998464379951,-9.217682834192802,-8.79494898001159
33.7,-9.439142857142857,-0.4961579533322869,0.025336564827880895,-9.182454738328845,-9.207791303156725,-8.686296784996557
33.8,-9.229160839160853,-0.4858711818904903,0.20557807067599632,-8.991926461038933,-9.197504531714928,-8.506055279148443
33.9,-9.50801470588234,-0.47519905227506704,-0.18977402777522834,-9.376606429874734,-9.186832402099506,-8.901407377599668
34.0,-9.480492957746447,-0.4641517691661701,-0.33933654711763833,-9.515121666108247,-9.175785118990609,-9.050969896942076
34.1,-8.739927007299247,-0.4527398494162021,0.20372428148355898,-8.960648917757082,-9.164373199240641,-8.50790906834088
34.2,-8.51285714285717,-0.4409741114954968,0.2581600612274689,-8.894447400092467,-9.152607461319935,-8.45347328859697
34.3,-8.673943661971835,-0.4288656646703258,-0.010791322913346862,-9.151290337408112,-9.140499014494765,-8.722424672737786
34.4,-8.68111111111111,-0.41642589792431967,-0.035420168671330424,-9.163479416420088,-9.128059247748759,-8.747053518495768
34.5,-8.73924528301887,-0.40366646863464306,-0.013837885131875172,-9.129137703590956,-9.115299818459082,-8.725471234956315
34.6,-8.896504854368965,-0.3905992910144912,-0.006092133714314114,-9.108324774553244,-9.10223264083893,-8.717725483538754
34.7,-9.186020408163268,-0.37723652433370186,-0.0720991260176711,-9.160969000175811,-9.08886987415814,-8.78373247584211
34.8,-9.389393939393937,-0.3635905609294827,-0.02951079276940181,-9.104734703523324,-9.075223910753921,-8.741144142593841
34.9,-9.38,-0.34967401401945514,0.20919631011976697,-8.852111053724126,-9.061307363843893,-8.502437039704672
35.0,-9.728415841584154,-0.3354997053293971,0.03744004757114057,-9.009693007582696,-9.047133055153836,-8.674193302253299
35.1,-10.215660377358489,-0.32108065254824364,-0.3530247670035935,-9.385738769376276,-9.032714002372682,-9.064658116828031
35.2,-9.914999999999992,-0.3064300566230604,-0.0495340550497539,-9.067597461497254,-9.0180634064475,-8.761167404874193
35.3,-9.395419847328258,-0.2915612889068542,0.3798676257472878,-8.623327012984005,-9.003194638731292,-8.331765724077151
35.4,-9.694496124031001,-0.276487878172218,-0.08768234410897509,-9.075803572105631,-8.988121227996658,-8.799315693933414
35.5,-9.750322580645163,-0.26122349750392754,-0.3654085737323717,-9.338265421060738,-8.972856847328366,-9.077041923556811
35.6,-8.808000000000003,-0.24578195108371415,0.33186162292177934,-8.625553677986373,-8.957415300908153,-8.379771726902659
35.7,-8.729534883720952,-0.2301771608805329,0.17289687212256927,-8.768913638582402,-8.941810510704972,-8.53873647770187
35.8,-8.924814814814821,-0.21442315325972242,-0.2251032083239828,-9.151159711408145,-8.926056503084162,-8.936736558148421
35.9,-8.672929936305763,-0.19853404552452164,-0.12055354126924606,-9.030720936618206,-8.91016739534896,-8.832186891093684
36.0,-8.27910958904109,-0.18252403240345821,0.19433941075265498,-8.699817971475241,-8.894157382227897,-8.517293939071784
36.1,-8.51902097902098,-0.16640737249716286,-0.05116218052770034,-8.929202902849301,-8.878040722321602,-8.76279553035214
36.2,-8.567021276595746,-0.15019837469818764,-0.03471383745490156,-8.896545561977527,-8.861831724522627,-8.74634718727934
36.3,-8.718671328671327,-0.13391138459741642,-0.06312524783331605,-8.908669982255171,-8.845544734421855,-8.774758597657755
36.4,-8.644870129870139,-0.11756077089065159,0.1745348688454456,-8.654659251869644,-8.82919412071509,-8.537098480978994
36.5,-9.014146341463425,-0.10116091179894363,-0.013226142421310559,-8.826020404044693,-8.812794261623383,-8.724859492245749
36.6,-9.022368421052619,-0.08472618151619837,0.1534889754858167,-8.64287055585482,-8.796359531340638,-8.558144374338623
36.7,-9.687500000000012,-0.06827093669755113,-0.36405156078281176,-9.143955847304802,-8.77990428652199,-9.07568491060725
36.8,-9.350961538461533,-0.05180950300193754,0.0801725663427272,-8.68327028648365,-8.763442852826376,-8.631460783481712
36.9,-9.49011904761905,-0.035356161702217795,0.007267351932860898,-8.739722159593796,-8.746989511526657,-8.704365997891578
37.0,-9.61774193548387,-0.018925136376124363,-0.08658394675754359,-8.817142432958107,-8.730558486200563,-8.798217296581983
37.1,-9.464615384615378,-0.0025305796912026834,0.08336201947436948,-8.630801910041273,-8.71416392951564,-8.628271330350069
37.2,-9.464719101123574,0.013813439703199301,0.09943796361197271,-8.598381946509267,-8.69781991012124,-8.612195386212466
37.3,-9.539080459770133,0.03009295016396439,0.05220221490839562,-8.62933818475208,-8.681540399660474,-8.659431134916042
37.4,-9.551034482758615,0.04629408990947398,0.08189645408844366,-8.583442805826522,-8.665339259914965,-8.629736895735995
37.5,-9.952470588235293,0.06240311972947647,-0.26801177799320236,-8.917242008088165,-8.649230230094963,-8.97964512781764
37.6,-9.779101123595497,0.07840643553708843,-0.04393040779132057,-8.67715732207867,-8.63322691428735,-8.755563757615759
37.7,-9.636043956043933,0.09429058075064098,0.13516501236799736,-8.4821777567058,-8.617342769073797,-8.576468337456442
37.8,-9.748461538461576,0.11004225849327506,0.029437178031901053,-8.572153913299262,-8.601591091331164,-8.682196171792537
37.9,-9.77,0.12564834359839447,-0.02844150054494319,-8.614426506770988,-8.585985006226045,-8.740074850369382
38.0,-9.514347826086961,0.14109589440930267,0.1373056006676604,-8.433231854747476,-8.570537455415137,-8.574327749156778
38.1,-9.327794117647072,0.15637216436157714,0.17608427925884396,-8.379176906204018,-8.55526118546286,-8.535549070565594
38.2,-9.832608695652173,0.1714646133369771,-0.5290262148794296,-9.06919495136689,-8.54016873648746,-9.240659564703869
38.3,-9.320000000000054,0.18636091877793154,-0.25241561096500464,-8.777688042011512,-8.525272431046508,-8.964048960789443
38.4,-8.398407079646006,0.20104898655191933,0.4236078765537059,-8.086976486718813,-8.51058436327252,-8.288025473270732
38.5,-8.468,0.21551696155532615,0.1275104678273342,-8.368605920441778,-8.496116388269112,-8.584122881997105
38.6,-8.48169811320755,0.22975323804665032,-0.07153042531992476,-8.553410537097713,-8.481880111777789,-8.783163775144363
38.7,-8.211028037383167,0.24374646969922392,0.06344598973019666,-8.404440890395017,-8.467886880125215,-8.648187360094242
38.8,-8.10696078431372,0.2574855793639228,0.07447539991013526,-8.37967237055038,-8.454147770460516,-8.637157949914304
38.9,-8.040727272727278,0.2709597685326557,0.07192347886375386,-8.368750102428029,-8.440673581291783,-8.639709870960685
39.0,-8.266915887850468,0.2841585264937462,-0.22002206390557827,-8.64749688723627,-8.427474823330693,-8.931655413730017
39.1,-7.884999999999993,0.2970716391706596,0.08535919146917978,-8.3292025191846,-8.414561710653778,-8.626274158355258
39.2,-8.108720930232545,0.30968919763586666,-0.2238578177908588,-8.625801969979431,-8.401944152188571,-8.935491167615298
39.3,-7.989230769230771,0.3220016062919918,-0.17872769736300836,-8.568359440895454,-8.389631743532448,-8.890361047187447
39.4,-7.868888888888889,0.33399959071275126,-0.08815785335870098,-8.465791612470388,-8.377633759111687,-8.79979120318314
39.5,-7.516823529411772,0.34567420513655556,0.31366205624349963,-8.052297088444384,-8.365959144687883,-8.39797129358094
39.6,-7.586250000000061,0.3570168396060263,0.39500388442013645,-7.959612625798276,-8.354616510218412,-8.316629465404302
39.7,-8.514117647058827,0.36801922674705867,-0.28499384332705896,-8.62860796640444,-8.34361412307738,-8.996627193151499
39.8,-8.36277108433737,0.3786734481814499,0.17855164178326816,-8.154408259859721,-8.332959901642988,-8.53308170804117
39.9,-8.35892857142857,0.3889719405675093,0.5045335319910653,-7.818127877265864,-8.322661409256929,-8.207099817833374
40.0,-9.802141148325365,0.39890750126346547,-0.6665961559761135,-8.979322004537087,-8.312725848560973,-9.378229505800553
40.1,-9.719844497607662,0.40847329360889134,-0.4085853631764128,-8.71174541939196,-8.303160056215548,-9.12021871300085
40.2,-9.4920238095238,0.4176628518197789,-0.11896080537911691,-8.412931303383777,-8.29397049800466,-8.830594155203556
40.3,-9.021839024390271,0.4264700854933091,0.314801130243519,-7.97036213408761,-8.28516326433113,-8.39683221958092
40.4,-9.128200000000009,0.4348892837187811,0.11492601968820065,-8.161818046417457,-8.276744066105657,-8.596707330136239
40.5,-8.930270655270682,0.44291511879158607,0.21312580567967754,-8.055592425353176,-8.268718231032853,-8.498507544144761
40.6,-9.140937984496121,0.450542649527536,-0.05935291006946161,-8.320443610366365,-8.261090700296903,-8.7709862598939
40.7,-9.153801075268824,0.45776732417528476,-0.07016681028682006,-8.324032835935974,-8.253866025649154,-8.781800160111258
40.8,-9.02144578313253,0.46458498292500816,0.13172983181487488,-8.115318535084556,-8.247048366899431,-8.579903518009564
40.9,-9.277613168724281,0.47099186001194104,-0.00363037338717271,-8.244271863199671,-8.240641489812498,-8.715263723211612
41.0,-9.692278688524617,0.4769845854138015,-0.2756349741557992,-8.510283738566436,-8.234648764410638,-8.987268323980238
41.1,-9.73104336043359,0.48256018614156504,-0.18442327753010324,-8.413496441212978,-8.229073163682873,-8.896056627354541
41.2,-9.231133333333334,0.48771608712348563,0.40016980618990217,-7.823747456511051,-8.223917262700953,-8.311463543634536
41.3,-9.388820895522388,0.492450111682692,0.2563745525235346,-7.962808685618212,-8.219183238141747,-8.455258797300903
41.4,-9.913516666666649,0.4967604816091215,-0.3394485409519724,-8.55432140916729,-8.214872868215318,-9.05108189077641
41.5,-9.349623376623361,0.5006458168269838,0.069384251264696,-8.14160328173276,-8.210987532997455,-8.642249098559743
41.6,-9.552818452380945,0.5041051346593762,-0.35343090753792505,-8.560959122702988,-8.207528215165063,-9.065064257362364
41.7,-8.824501501501512,0.507137848692101,0.12765748351847123,-8.076838017613866,-8.204495501132337,-8.583975866305968
41.8,-8.870108108108097,0.5097437672391576,-0.1446233556012052,-8.346512938186486,-8.201889582585281,-8.856256705425643
41.9,-8.24752083333334,0.5119230914128078,0.31983186427943777,-7.879878394132193,-8.199710258411631,-8.391801485545
42.0,-8.517636363636363,0.5136764128015282,-0.005068110577965773,-8.203025047600876,-8.19795693702291,-8.716701460402405
42.1,-8.285462962962947,0.5150047107595791,0.287338917453389,-7.90928972161147,-8.19662863906486,-8.424294432371049
42.2,-8.957397116644845,0.5159093493123303,-0.22392291916176127,-8.41964691967387,-8.195724000512108,-8.9355562689862
42.3,-8.927237483953785,0.5163920736818921,0.0314020153178285,-8.163839260824718,-8.195241276142546,-8.68023133450661
42.4,-9.05936553524803,0.5164550064379932,0.14263310922443126,-8.052545234162015,-8.195178343386445,-8.569000240600008
42.5,-9.914556818181786,0.5161006432794532,-0.49446431632390536,-8.68999702286889,-8.195532706544986,-9.206097666148343
42.6,-9.58068518518518,0.5153318484519747,0.0024845059592659424,-8.193816995413197,-8.196301501372464,-8.709148843865172
42.7,-9.64839473684209,0.5141518498083711,0.031799381514389324,-8.165682118501678,-8.197481500016067,-8.67983396831005
42.8,-9.41250684931503,0.5125642335177155,0.30434788147548864,-7.894721234831234,-8.199069116306724,-8.40728546834895
42.9,-9.778452054794544,0.5105729384302654,-0.070048682618759,-8.271109094012932,-8.201060411394174,-8.781682032443198
43.0,-10.065450915141406,0.5081822501053798,-0.39454682661184487,-8.597997926330903,-8.203451099719059,-9.106180176436284
43.1,-8.994088424437315,0.5053967945099925,0.620110744801181,-7.586125810513265,-8.206236555314446,-8.091522605023258
43.2,-9.434890909090928,0.5022215313955527,0.1038340782480789,-8.105577740180808,-8.209411818428887,-8.60779927157636
43.3,-9.74008319738985,0.4986617473616749,-0.3028100459345613,-8.515781648397326,-8.212971602462764,-9.014443395759
43.4,-9.376656301145676,0.4947230486150671,-0.07540088887389536,-8.292311190083266,-8.21691030120937,-8.787034238698334
43.5,-9.159581196581199,0.4904113534326191,-0.030851112979641174,-8.25207310937146,-8.221221996391819,-8.74248446280408
43.6,-9.248518248175206,0.48573288433784007,-0.31844411262597905,-8.544344578112577,-8.225900465486598,-9.030077462450418
43.7,-8.469469387755094,0.48069416000012755,0.2587865925758368,-7.972152597248474,-8.230939189824312,-8.452846757248603
43.8,-8.359999999999996,0.47530198686663505,0.19353878133037472,-8.04279258162743,-8.236331362957804,-8.518094568494064
43.9,-8.360333333333337,0.46956345053677817,0.07489013502400402,-8.167179764263656,-8.24206989928766,-8.636743214800434
44.0,-8.569458015267156,0.4634859068896814,-0.1754094411490758,-8.423556884083833,-8.248147442934757,-8.887042790973515
44.1,-8.523696969696983,0.4570769729751166,-0.08607000488948105,-8.340626381738803,-8.254556376849322,-8.797703354713919
44.2,-8.477090909090911,0.45034451767872585,0.08203755432958997,-8.179251277816123,-8.261288832145713,-8.629595795494849
44.3,-8.801072164948419,0.4432966521725432,-0.06278633037014861,-8.331123028022045,-8.268336697651895,-8.774419680194587
44.4,-8.7023125,0.43594172016204863,0.24194836991373486,-8.033743259748656,-8.27569162966239,-8.469684979910705
44.5,-8.962932914046121,0.42828828794118473,0.17784326359380045,-8.105501798289453,-8.283345061883255,-8.533790086230638
44.6,-9.427372881355923,0.42034513426695685,-0.1336224971504368,-8.424910712707918,-8.291288215557483,-8.845255846974876
44.7,-10.049599173553675,0.4121212400654124,-0.6695708059972563,-8.969082915756282,-8.299512109759027,-9.381204155821695
44.8,-9.192245121951215,0.4036257779809561,0.20157582837098229,-8.1064317434725,-8.308007571843483,-8.510057521453456
44.9,-9.138934722222222,0.3948681017811062,0.20848399474628854,-8.108281253297044,-8.316765248043332,-8.50314935507815
45.0,-9.230832611832621,0.38585773562893144,0.034792684359165785,-8.29098292983634,-8.325775614195507,-8.676840665465273
45.1,-8.859250712250715,0.3766043632355274,0.31780396090710905,-8.017225025681803,-8.335028986588911,-8.393829388917329
45.2,-9.332818057455523,0.36711781690499984,-0.22607700595418873,-8.570592538873628,-8.34451553291944,-8.937710355778627
45.3,-9.09602739726028,0.35740806648451195,-0.023413019221315175,-8.377638302561241,-8.354225283339927,-8.735046369045754
45.4,-9.425546184739005,0.34748520823203227,-0.34028247922532967,-8.704430620817735,-8.364148141592407,-9.051915829049769
45.5,-9.00586498855836,0.3373594536144836,0.14267229611826493,-8.23160160009169,-8.374273896209955,-8.568961053706174
45.6,-9.09806607929516,0.32704111804904173,0.1610487048746519,-8.223543526900745,-8.384592231775397,-8.550584644949787
45.7,-9.161714285714286,0.31654060960036867,0.24376379521848224,-8.151328945005588,-8.39509274022407,-8.467869554605956
45.8,-9.523137931034576,0.3058684176465837,0.04535664758872146,-8.360408284589134,-8.405764932177854,-8.666276702235717
45.9,-10.100736842105263,0.29503510152678303,-0.3754832955834798,-8.792081543881135,-8.416598248297655,-9.087116645407919
46.0,-10.138265625000091,0.28405127918290884,-0.28307285720191266,-8.710654927843443,-8.42758207064153,-8.99470620702635
46.1,-9.544352941176466,0.27292761580874547,0.4010266278175888,-8.037679106198105,-8.438705734015693,-8.31060672200685
46.2,-10.149461538461484,0.26167481251878044,-0.15718342051243772,-8.607141957818095,-8.449958537305658,-8.868816770336876
46.3,-9.691354430379748,0.2503035950496186,0.30859657355002995,-8.15273318122479,-8.46132975477482,-8.403036776274408
46.4,-9.91822,0.23882470250656673,0.05851970185162274,-8.414288945466248,-8.472808647317873,-8.653113647972816
46.5,-10.693234042553218,0.22724887616792677,-0.7609963871884944,-9.245380860845007,-8.484384473656512,-9.472629737012934
46.6,-9.459499999999998,0.2155868483594373,0.4151532692018097,-8.080893232263191,-8.496046501465,-8.29648008062263
46.7,-9.747515151515152,0.20384933141119488,0.060307810359716905,-8.447476208053526,-8.507784018413243,-8.651325539464722
46.8,-9.457842105263191,0.19204700670926025,0.27057639601337563,-8.249009947101802,-8.51958634311518,-8.441056953811064
46.9,-9.48912048192771,0.18019051385401805,0.13663200107218054,-8.39481083489824,-8.53144283597042,-8.575001348752258
47.0,-9.619638554216866,0.16829043993720338,-0.13333947436214377,-8.676682384249379,-8.543342909887235,-8.844972824186582
47.1,-9.661999999999999,0.15635730894934563,-0.3599951051710194,-8.915271146046113,-8.555276040875093,-9.071628454995459
47.2,-9.68614285714289,0.1444015713291987,-0.6081989056159264,-9.175430684111166,-8.56723177849524,-9.319832255440366
47.3,-8.384296296296302,0.13243359366653557,0.4497046624106246,-8.129495093747279,-8.579199756157903,-8.261928687413814
47.4,-8.183525,0.12046364856947714,0.4150196885269576,-8.176150012728003,-8.591169701254962,-8.296613661297481
47.5,-8.122974169741708,0.10850190470730953,0.27460573798478366,-8.328525707132346,-8.603131445117128,-8.437027611839655
47.6,-8.434413284132855,0.09655841703951101,-0.1882809957768166,-8.803355928561745,-8.615074932784928,-8.899914345601255
47.7,-8.316437751004012,0.08464311724146689,-0.16976292004202242,-8.796753152624994,-8.626990232582973,-8.88139626986646
47.8,-8.247645914396887,0.07276580433709619,-0.15355670867519264,-8.792424254162535,-8.638867545487342,-8.865190058499632
47.9,-8.23172619047619,0.06093613554834615,-0.14918943526084896,-8.799886649536942,-8.650697214276093,-8.860822785085288
48.0,-8.144657894736858,0.04916361737123265,-0.03526426144405156,-8.697733993897257,-8.662469732453205,-8.74689761126849
48.1,-7.846917006802708,0.03745759688781419,0.3274316108294477,-8.346744142107177,-8.674175752936625,-8.38420173899499
48.2,-8.110112866817143,0.02582725332318836,0.1653105368255851,-8.520495559675664,-8.685806096501251,-8.546322812998854
48.3,-8.396725274725254,0.014281589856286053,0.008999953460329557,-8.688351806507823,-8.697351759968152,-8.70263339636411
48.4,-8.692853146853146,0.00282942569291994,-0.13888525922044312,-8.847689183351962,-8.70880392413152,-8.850518609044881
48.5,-8.786150170648467,-0.008520611590788485,-0.07729595369662709,-8.797449915111855,-8.720153961415226,-8.788929303521066
48.6,-8.993913606911452,-0.01976009342681956,-0.12941244735363036,-8.860805890604889,-8.731393443251259,-8.841045797178069
48.7,-9.218816425120787,-0.030880797348068673,-0.19565351042350126,-8.938167657596008,-8.742514147172507,-8.90728686024794
48.8,-9.015898876404496,-0.0418747137884867,0.1770181551370204,-8.576489908475905,-8.753508063612925,-8.534615194687419
48.9,-9.226209150326794,-0.052734052583837884,0.15455690626510332,-8.609810496143174,-8.764367402408277,-8.557076443559335
49.0,-9.674379084967311,-0.06345124916674014,-0.09005213923239913,-8.865136738223578,-8.775084598991178,-8.801685489056839
49.1,-9.405999999999992,-0.07401897045003533,0.38056101837821643,-8.405091301896258,-8.785652320274474,-8.331072331446222
49.2,-9.713416666666639,-0.08443012039292518,0.24377610152314316,-8.552287368694222,-8.796063470217364,-8.467857248301296
49.3,-10.41016746411482,-0.09467784524470509,-0.34835453285081747,-9.154665727919962,-8.806311195069144,-9.059987882675257
49.4,-10.293435897435893,-0.10475553846132858,-0.21759411581130844,-9.033983004097076,-8.816388888285767,-8.929227465635748
49.5,-10.697655367231627,-0.11465684529044365,-0.7006796394858953,-9.526969834600777,-8.826290195114883,-9.412312989310333
49.6,-9.726153846153865,-0.1243756670209536,0.12281815075594868,-8.713190866089443,-8.836009016845392,-8.58881519906849
49.7,-9.140980392156834,-0.13390616489357282,0.5324884197544981,-8.313051094963514,-8.845539514718011,-8.17914493006994
49.8,-8.96,-0.14324276366926963,0.5534882249505395,-8.301387888543168,-8.854876113493708,-8.158145124873899
49.9,-9.51230769230769,-0.15238015485291198,-0.11475248803043148,-8.978765992707782,-8.86401350467735,-8.82638583785487
50.0,-9.476746987951806,-0.1613132995698609,-0.14399887425754368,-9.016945523651843,-8.872946649394299,-8.855632224081983
50.1,-9.481666666666667,-0.1700374310936867,-0.17274570863545408,-9.05441648955358,-8.881670780918125,-8.884379058459892
50.2,-9.56111111111108,-0.1785480570236149,-0.25149239434774656,-9.1416738011958,-8.890181406848054,-8.963125744172185
50.3,-9.615789473684227,-0.18684096111074336,-0.2934330987825712,-9.191907409717754,-8.898474310935182,-9.00506644860701
50.4,-9.05865168539326,-0.1949122047325071,0.28419419359853837,-8.622351360958408,-8.906545554556946,-8.427439156225901
50.5,-8.742934782608696,-0.20275812801530307,0.6295168370023705,-8.284874640837371,-8.914391477839741,-8.082116512822068
50.6,-9.644638009049768,-0.2103753506056221,-0.23209217947686775,-9.15410087990693,-8.92200870043006,-8.943725529301306
50.7,-9.829642857142856,-0.2177607720904718,-0.369038373246752,-9.298432495161663,-8.92939412191491,-9.080671723071191
50.8,-9.310186915887853,-0.22491157206830645,0.20010160196509302,-8.736443319927652,-8.936544921892745,-8.511531747859346
50.9,-9.487475728155339,-0.2318252098721144,0.06681138929607636,-8.876647170400476,-8.943458559696554,-8.644821960528363
51.0,-9.725619047619048,-0.23849942394674212,-0.13812394721037652,-9.088256720981557,-8.95013277377118,-8.849757297034815
51.1,-9.58010752688172,-0.24493223088296326,0.02888614870083027,-8.927679432006572,-8.956565580707402,-8.68274720112361
51.2,-9.813500000000015,-0.251121924111225,-0.19121184288678983,-9.153967116822454,-8.962755273935663,-8.90284519271123
51.3,-9.353500000000002,-0.257067072258426,0.2802348969780657,-8.6884655251048,-8.968700422082865,-8.431398452846373
51.4,-9.685106382978729,-0.26276651717149596,-0.03539076278526411,-9.009790629781198,-8.974399866995935,-8.747024112609703
51.5,-9.737155172413795,-0.2682193716119612,-0.06331506767006033,-9.04316778910646,-8.9798527214364,-8.7749484174945
51.6,-9.565176470588234,-0.273425016626085,0.14035174528725547,-8.844706621163269,-8.985058366450524,-8.571281604537184
51.7,-9.805446428571429,-0.2783830985955756,-0.06486729328370684,-9.054883741703721,-8.990016448420015,-8.776500643108145
51.8,-9.861212121212128,-0.28309352597424825,-0.08783703443967525,-9.082563910238362,-8.994726875798687,-8.799470384264113
51.9,-9.709999999999999,-0.28755646571641713,0.08970073554150675,-8.909489079999348,-8.999189815540856,-8.621932614282931
52.0,-9.97217391304348,-0.29177233940317365,-0.1532394538064895,-9.156645143034101,-9.003405689227613,-8.864872803630929
52.1,-9.816428571428567,-0.29574181907308267,0.018196473513251973,-8.98917869538427,-9.007375168897521,-8.693436876311187
52.2,-9.745742574257422,-0.299465822764192,0.10739656499331708,-8.903702607595314,-9.011099172588631,-8.604236784831121
52.3,-9.959999999999999,-0.3029455097746099,-0.07910435045034128,-9.09368321004939,-9.014578859599048,-8.79073770027478
52.4,-9.839615384615396,-0.306182275649251,0.0817173018583505,-8.936098323615338,-9.01781562547369,-8.629916047966088
52.5,-9.927528089887645,-0.30917774690069166,0.045356874136326976,-8.975454222588803,-9.020811096725131,-8.666276475688111
52.6,-9.966880733944954,-0.3119337754724032,0.061976426345935066,-8.961590698950907,-9.023567125296841,-8.649656923478503
52.7,-10.30772277227723,-0.3144524329529502,-0.22838487959887643,-9.254470662376265,-9.02608578277739,-8.940018229423314
52.8,-9.920000000000003,-0.3167360045500486,0.19443777466891218,-8.833931579705576,-9.028369354374487,-8.517195575155526
52.9,-10.280681818181817,-0.31878698283367446,-0.15315448588036346,-9.183574818538476,-9.030420332658114,-8.864787835704803
53.0,-10.180866141732281,-0.32060806125770064,-0.06371641962317601,-9.095957830705315,-9.03224141108214,-8.775349769447615
53.1,-10.091769911504436,-0.3222021274698088,-0.00491701265732267,-9.03875248995157,-9.033835477294247,-8.716550362481762
53.2,-9.843629032258065,-0.3235722564196874,0.19945121704240054,-8.835754389201725,-9.035205606244126,-8.512182132782039
53.3,-10.044017094017088,-0.32472170327577426,-0.05178348465304394,-9.088138537753258,-9.036355053100213,-8.763416834477482
53.4,-9.730260869565214,-0.3256538961610357,0.20829020678511673,-8.828997039200358,-9.037287245985475,-8.503343143039322
53.5,-10.152857142857144,-0.3263724287184975,-0.26894222397585177,-9.306948002518787,-9.038005778542937,-8.98057557380029
53.6,-9.87562499999998,-0.3268810525174514,-0.04636183223337359,-9.084876234575264,-9.03851440234189,-8.757995182057812
53.7,-9.86263157894737,-0.32718366931145465,-0.08664755359380272,-9.125464572729696,-9.038817019135893,-8.798280903418242
53.8,-9.695500000000001,-0.32728432315941836,0.03015482700860833,-9.008762845975248,-9.038917672983857,-8.68147852281583
53.9,-9.376538461538466,-0.32718719242125116,0.3013775023618377,-8.737443039883852,-9.03882054224569,-8.4102558474626
54.0,-9.665182481751819,-0.32689658163967045,-0.037133055474157975,-9.075662986938267,-9.03852993146411,-8.748766405298596
54.1,-9.68,-0.3264169133199323,-0.11356453866256884,-9.15161480180694,-9.03805026314437,-8.825197888487008
54.2,-9.520196078431379,-0.32575271961935265,-0.0392416906431237,-9.076627760086915,-9.03738606944379,-8.750875040467562
54.3,-9.272121212121219,-0.32490863395859665,0.08951100160984207,-8.947030982173194,-9.036541983783035,-8.622122348214596
54.4,-9.133050847457632,-0.32388938256680483,0.07281969307469588,-8.962703039316548,-9.035522732391243,-8.638813656749743
54.5,-9.12108108108108,-0.3226997759726983,-0.09839998447752227,-9.132733110274659,-9.034333125797136,-8.810033334301961
54.6,-9.025490196078431,-0.3213447004538651,-0.19094225870635478,-9.223920308984658,-9.032978050278304,-8.902575608530794
54.7,-8.735882352941193,-0.31982910945647397,-0.060419954615032904,-9.091882413895945,-9.031462459280913,-8.772053304439472
54.8,-8.555045045045034,-0.3181580149976862,0.029034018300773137,-9.000757346521352,-9.029791364822126,-8.682599331523665
54.9,-8.65219512195122,-0.3163364790630509,-0.059646246790571435,-9.087616075678062,-9.027969828887489,-8.77127959661501
55.0,-8.486800000000002,-0.314369605011162,0.22714344447316218,-8.798859510362439,-9.026002954835601,-8.484489905351277
55.1,-8.567578947368412,-0.3122625289978356,0.3654525026369905,-8.658443376185284,-9.023895878822275,-8.346180847187448
55.2,-8.986277372262808,-0.31002041143202846,0.21904585681254363,-8.802607904443924,-9.021653761256466,-8.492587493011895
55.3,-9.817524752475206,-0.30764842847566665,-0.35052170253775133,-9.369803480837856,-9.019281778300105,-9.06215505236219
55.4,-9.843636363636369,-0.3051517635994827,-0.18977756117382147,-9.206562674597743,-9.016785113423921,-8.90141091099826
55.5,-9.814074074074075,-0.30253559920687656,-0.09143176903686383,-9.10560071806818,-9.014168949031315,-8.803065118861303
55.6,-10.081008403361341,-0.2998051083377138,-0.4146555348842723,-9.426093993046425,-9.011438458162152,-9.12628888470871
55.7,-9.472592592592598,-0.29696544646385814,0.04442371730401645,-8.96417507898428,-9.008598796288297,-8.667209632520422
55.8,-9.237857142857148,-0.29402174338810483,0.09663204355727915,-8.909023049655264,-9.005655093212544,-8.61500130626716
55.9,-8.67,-0.2909790952580321,0.5154594252396905,-8.487153019842781,-9.002612445082471,-8.196173924584748
56.0,-9.047017543859653,-0.2878425567061269,0.0738534209276484,-8.925622485602917,-8.999475906530567,-8.63777992889679
56.1,-9.12,-0.28461713312736137,0.04050490718896613,-8.955745575762833,-8.9962504829518,-8.671128442635473
56.2,-9.32647058823534,-0.28130777310520383,-0.036491939821466424,-9.029433062751108,-8.992941122929643,-8.748125289645905
56.3,-9.535504587155952,-0.2779193609968411,-0.06557598418729227,-9.055128695008571,-8.989552710821279,-8.777209334011731
56.4,-9.948378378378377,-0.27445670968816344,-0.295845965344027,-9.281936024856629,-8.986090059512602,-9.007479315168466
56.5,-9.819402985074637,-0.2709245535288285,-0.020858357605977734,-9.003416260959245,-8.982557903353268,-8.732491707430416
56.6,-9.95089552238807,-0.2673275414574686,-0.062107619949250334,-9.041068511231158,-8.978960891281908,-8.773740969773689
56.7,-9.99939759036142,-0.26367023032684106,-0.07260866779096709,-9.047912247942246,-8.97530358015128,-8.784242017615405
56.8,-9.883076923076908,-0.25995707843844174,0.049704719000997426,-8.921885709261883,-8.97159042826288,-8.661928630823441
56.9,-9.5985,-0.2561924392958127,0.33389296659131606,-8.633932822528935,-8.967825789120251,-8.377740383233123
57.0,-9.77028169014085,-0.2523805555854683,0.17480690597418014,-8.789206999435727,-8.964013905409907,-8.53682644385026
57.1,-10.120795454545453,-0.2485255533940478,-0.14356359508788388,-9.10372249830637,-8.960158903218487,-8.855196944912322
57.2,-10.028516129032257,-0.24463143666997456,-0.006348684063873386,-8.962613470558287,-8.956264786494414,-8.717982033888312
57.3,-10.323415637860098,-0.24070208193755954,-0.25728449083007265,-9.20961992259207,-8.952335431761998,-8.96891784065451
57.4,-9.975946969696974,-0.2367412332711356,0.12016549017727568,-8.828209092918298,-8.948374583095575,-8.591467859647164
57.5,-10.442643678160922,-0.23275249753644642,-0.33715471212995984,-9.281540559490844,-8.944385847360886,-9.048788061954399
57.6,-9.865304878048786,-0.22873933990613915,0.22973285807106886,-8.71063983165951,-8.940372689730578,-8.48190049175337
57.7,-9.9368484848485,-0.22470507965582812,0.13273805482996284,-8.803600374650305,-8.936338429480267,-8.578895294994476
57.8,-9.897777777777785,-0.22065288624680207,0.13507549807985986,-8.797210737991382,-8.93228623607124,-8.576557851744578
57.9,-10.023375527426152,-0.21658577570104676,-0.03952776001335058,-8.967746885538837,-8.928219125525485,-8.75116110983779
58.0,-9.976144578313251,-0.21250660727384335,-0.059094872602683826,-8.983234829700965,-8.924139957098282,-8.770728222427122
58.1,-9.875389221556885,-0.2084180804287844,-0.049217168145795916,-8.969268598399019,-8.920051430253222,-8.760850517970235
58.2,-9.93434959349592,-0.20432273211962218,-0.2250499127304578,-9.141005994674519,-8.915956081944062,-8.936683262554897
58.3,-9.192337662337685,-0.20022293438293096,0.3803699735820915,-8.531486310625278,-8.911856284207369,-8.331263376242347
58.4,-9.625555555555543,-0.19612089224512527,-0.19396228257700582,-9.10171652464657,-8.907754242069563,-8.905595632401445
58.5,-9.78553030303027,-0.19201864194692964,-0.4782532899210455,-9.381905281692413,-8.903651991771369,-9.189886639745485
58.6,-8.790535714285715,-0.18791804948794283,0.4308685533974272,-8.468682845914955,-8.899551399312381,-8.280764796427011
58.7,-8.783592233009708,-0.1838208094934857,0.4051159324490876,-8.490338226868836,-8.895454159317925,-8.306517417375352
58.8,-9.361976401179883,-0.17972844440545865,-0.1507596168897636,-9.04212141111966,-8.891361794229898,-8.862392966714202
58.9,-9.389900990099019,-0.1756423039984717,-0.11294022576545439,-9.000215879588366,-8.887275653822911,-8.824573575589893
59.0,-9.494561403508767,-0.1715635652220419,-0.13058470482467782,-9.013781619871159,-8.883196915046481,-8.842218054649116
59.1,-9.410065359477102,-0.16749323236918384,0.03719196181300516,-8.841934620380618,-8.879126582193622,-8.674441388011434
59.2,-9.62122641509435,-0.16343213757124592,-0.11621610126301818,-8.991281588658703,-8.875065487395684,-8.827849451087458
59.3,-9.80535353535354,-0.15938094161837288,-0.28358322614622883,-9.15459751758904,-8.871014291442812,-8.995216575970668
59.4,-8.764499999999998,-0.15534013510450106,0.7237355596104895,-8.14323792531845,-8.86697348492894,-7.98789779021395
59.5,-9.344761904761903,-0.15131003989531955,0.0550849470133767,-8.807858442706381,-8.862943389719758,-8.656548402811062
59.6,-9.264140625000007,-0.14729081091715712,-0.007275770655099968,-8.866199931396697,-8.858924160741596,-8.71890912047954
59.7,-10.025954545454535,-0.14328243826428302,-0.9590635526369815,-9.813979340725703,-8.854915788088721,-9.67069690246142
59.8,-8.504917127071833,-0.13928474962163997,0.34247534917985417,-8.508442750266225,-8.850918099446078,-8.369158000644585
59.9,-8.366022099447509,-0.1352974129995599,0.25836759958162,-8.588563163242378,-8.846930762823998,-8.453265750242819
60.0,-8.310971428571436,-0.13131993977654882,0.11516128289085248,-8.727792006710136,-8.842953289600988,-8.596472066933586
60.1,-8.327664835164827,-0.12735168804576627,-0.052945633632586864,-8.891930671502791,-8.838985037870206,-8.764578983457026
60.2,-8.173524590163934,-0.12339186626036866,0.006510120040881771,-8.828515096043926,-8.835025216084807,-8.705123229783556
60.3,-8.120645994832046,-0.1194395371724337,0.017831290407115043,-8.813241596589757,-8.831072886996873,-8.693802059417324
60.4,-8.11125457875458,-0.11549362205973773,0.024963075085448583,-8.802163896798728,-8.827126971884176,-8.68667027473899
60.5,-8.246445603576753,-0.11155290523421674,-0.09128100767334967,-8.914467262732005,-8.823186255058655,-8.802914357497789
60.6,-8.283703427719823,-0.10761603882551034,-0.10439358217288298,-8.923642970822833,-8.819249388649949,-8.816026931997321
60.7,-8.217817589576548,-0.10368154783256064,-0.018603566074109026,-8.83391846373111,-8.815314897657,-8.730236915898548
60.8,-8.22932059447983,-0.09974783543582126,-0.016232320811210857,-8.82761350607147,-8.81138118526026,-8.72786567063565
60.9,-8.197516778523491,-0.0958131885622221,0.026771419122378445,-8.780675119264282,-8.80744653838666,-8.684861930702061
61.0,-8.125791962174938,-0.09187578369463617,0.11082764923713817,-8.692681484281938,-8.803509133519075,-8.600805700587301
61.1,-8.103319672131148,-0.08793369291720407,0.14660590023655778,-8.652961142505085,-8.799567042741643,-8.56502744958788
61.2,-8.177090163934427,-0.08398489018749195,0.08132772730242166,-8.714290512709509,-8.795618240011931,-8.630305622522018
61.3,-8.408253968253966,-0.08002725782609041,-0.15532015595674833,-8.946980763607277,-8.79166060765053,-8.866953505781186
61.4,-8.41,-0.07605859321390368,-0.18388906131336538,-8.971581004351707,-8.787691943038343,-8.895522411137804
61.5,-8.383521126760565,-0.07207661568703252,-0.2059853292098172,-8.989695294721288,-8.783709965511472,-8.917618679034256
61.6,-7.915646687697159,-0.06807897361882215,0.20003756757359306,-8.579674755869668,-8.779712323443261,-8.511595782250845
61.7,-7.882366666666672,-0.06406325167832547,0.17304220642437715,-8.602654395078387,-8.775696601502764,-8.538591143400062
61.8,-7.976219081272081,-0.06002697825412526,0.03630710173875106,-8.735353226339813,-8.771660328078564,-8.675326248085687
61.9,-8.072295719844357,-0.055967633032166404,-0.07374759913021516,-8.84134858198682,-8.767600982856605,-8.785380948954653
62.0,-8.067111111111112,-0.0518826547159705,-0.04928256105302085,-8.81279856559343,-8.76351600454041,-8.76091591087746
62.1,-8.093211382113815,-0.04776944887734139,-0.025737239625492597,-8.785140038327272,-8.75940279870178,-8.737370589449931
62.2,-8.01719723183392,-0.04362539592542146,0.12187879262232071,-8.63337995312754,-8.75525874574986,-8.589754557202118
62.3,-8.25098305084746,-0.03944785918172593,-0.02973589793012736,-8.780817106936292,-8.751081209006164,-8.741369247754566
62.4,-8.369512735326689,-0.03523419304856512,-0.06715087559281896,-8.814018418465823,-8.746867542873003,-8.778784225417258
62.5,-8.441684088269456,-0.030981751258064277,-0.06869366446922967,-8.811308765551733,-8.742615101082503,-8.780327014293668
62.6,-8.385219780219781,-0.02668789518880669,0.04216462702696644,-8.69615661798628,-8.738321245013246,-8.669468722797472
62.7,-8.42,-0.02235000223695911,0.04358562712400212,-8.690397724937396,-8.733983352061397,-8.668047722700436
62.8,-8.456645962732917,-0.017965474228589247,0.025768923487382692,-8.703829900565646,-8.729598824053028,-8.685864426337057
62.9,-8.474859967051072,-0.013531745859753256,0.011314666786840965,-8.71385042889735,-8.725165095684192,-8.700318683037597
63.0,-8.474795321637428,-0.009046293150817519,0.003059144754033209,-8.717620498221223,-8.720679642975256,-8.708574205070406
63.1,-8.499964028776978,-0.004506641901383272,-0.038915442466507424,-8.755055434192329,-8.716139991725822,-8.750548792290946
63.2,-8.541734154929578,8.962386789449633e-05,-0.1015752155988293,-8.813118941555373,-8.711543725956544,-8.813208565423269
63.3,-8.365000000000007,0.004744853500361225,0.05520328959585041,-8.651685206728228,-8.706888496324078,-8.656430060228589
63.4,-8.379398907103822,0.00946132132909732,0.026470964710800696,-8.67570106378454,-8.702172028495342,-8.685162385113639
63.5,-8.305081967213116,0.014241218357161502,0.09510151338533869,-8.602290618081938,-8.697392131467277,-8.6165318364391
63.6,-8.357759562841533,0.01908664400617345,0.045940878887657056,-8.646605826930609,-8.692546705818264,-8.665692470936781
63.7,-8.509562289562295,0.02399959794704929,-0.09460372457157071,-8.78223747644896,-8.687633751877389,-8.806237074396009
63.8,-8.593195876288659,0.028981972026667212,-0.16121764038136033,-8.843869018179133,-8.682651377797772,-8.8728509902058
63.9,-8.434502923976614,0.03403554230418551,0.0191778240102235,-8.65841998351003,-8.677597807520254,-8.692455525814216
64.0,-8.383742138364779,0.03916196121066014,0.09634030511781363,-8.576131083495964,-8.67247138861378,-8.615293044706625
64.1,-8.438671874999999,0.044362749845515734,0.07254052196089456,-8.594730078018028,-8.667270599978924,-8.639092827863545
64.2,-8.443229974160207,0.049639290423310146,0.10272046781113547,-8.559273591589992,-8.66199405940113,-8.608912882013303
64.3,-8.558223684210509,0.05499281888410079,0.02395742938768137,-8.632683101552656,-8.656640530940338,-8.687675920436757
64.4,-8.969407894736856,0.06042441768056957,-0.3509130480790458,-9.002121980222915,-8.651208932143868,-9.062546397903484
64.5,-8.693219814241465,0.06593500875489253,-0.037192332226807,-8.682890673296352,-8.645698341069545,-8.748825682051246
64.6,-8.6583908045977,0.07152534671815158,0.03999224318618415,-8.600115759920103,-8.640108003106286,-8.671641106638255
64.7,-8.466030150753754,0.07719601224487667,0.28277692893637396,-8.351660408643188,-8.634437337579563,-8.428856420888065
64.8,-8.846938110749184,0.08294740569508102,-0.04087325000561774,-8.669559194134976,-8.628685944129357,-8.752506599830056
64.9,-8.791035422343315,0.08877974097590671,0.07078372045649456,-8.552069888392037,-8.622853608848532,-8.640849629367944
65.0,-8.954726666666676,0.09469303965473433,-0.053218502032313965,-8.670158812202018,-8.616940310169705,-8.764851851856752
65.1,-9.086318537859004,0.10068712533533007,-0.177742692931962,-8.788688917421071,-8.610946224489108,-8.889376042756401
65.2,-8.79202797202796,0.10676161830830434,0.0780674045544877,-8.526804326961647,-8.604871731516134,-8.63356594526995
65.3,-8.81352941176468,0.11291593048684048,-0.032136976936397374,-8.630854396273996,-8.598717419337598,-8.743770326760837
65.4,-8.70640449438202,0.1191492606383189,-0.058299622782831774,-8.650783711968952,-8.59248408918612,-8.76993297260727
65.5,-8.345923261390883,0.12546058992211215,0.13947692595585026,-8.446695833946476,-8.586172759902327,-8.572156423868588
65.6,-8.34,0.13184867774346123,-0.024959621308188566,-8.604744293389166,-8.579784672080978,-8.736592971132627
65.7,-8.130000000000006,0.13831205793296075,0.03132380728502851,-8.54199748460645,-8.573321291891478,-8.68030954253941
65.8,-8.343209459459446,0.14484903526078433,-0.29651125452015176,-8.863295569083807,-8.566784314563654,-9.00814460434459
65.9,-7.7959259259259195,0.15145768229436896,0.1914975588660407,-8.36867810866403,-8.56017566753007,-8.520135790958397
66.0,-7.772902350813743,0.15813583660785097,0.21682866024199698,-8.33666885297459,-8.553497513216588,-8.494804689582441
66.1,-8.067807017543839,0.16488109835110518,-0.020219349134493414,-8.566971600607827,-8.546752251473334,-8.731852698958932
66.2,-8.28563342318059,0.17169082818578496,-0.14219303296263158,-8.682135554601285,-8.539942521638654,-8.853826382787071
66.3,-8.255014577259473,0.17856214559529413,-0.002698165512878655,-8.535769369742024,-8.533071204229145,-8.714331515337317
66.4,-8.335189504373178,0.1854919275751408,0.012887007553828309,-8.513254414695469,-8.526141422249298,-8.69874634227061
66.5,-8.33005291005291,0.19247680770963393,0.07983356688327263,-8.439322975231532,-8.519156542114805,-8.631799782941165
66.6,-8.485356550580434,0.19951317564037716,-0.058013257355639204,-8.5701334315397,-8.512120174184062,-8.769646607180078
66.7,-8.427313432835824,0.206597176931504,-0.02408384704409057,-8.529120019937025,-8.505036172892934,-8.73571719686853
66.8,-8.723064876957462,0.21372471333607226,-0.3700842777284287,-8.867992914216796,-8.497908636488367,-9.081717627552868
66.9,-8.147048092868973,0.22089144346750306,0.15310538769037102,-8.337636518666564,-8.490741906356936,-8.558527962134068
67.0,-7.96462686567163,0.22809278387940654,0.3037512905816331,-8.1797892753634,-8.483540565945033,-8.407882059242805
67.1,-8.237944444444436,0.2353239105565875,0.03438333569390059,-8.44192610357395,-8.476309439267851,-8.677250014130538
67.2,-8.206247787610586,0.24257976081946334,0.10533660257546112,-8.363716986429514,-8.469053589004975,-8.606296747248978
67.3,-8.54967592592594,0.24985503564356482,-0.17934091972085667,-8.64111923390173,-8.461778314180874,-8.890974269545296
67.4,-8.461993569131822,0.2571442023952162,-0.038970710284602285,-8.493459857713825,-8.454489147429223,-8.75060406010904
67.5,-8.39106635071089,0.26444149798391725,0.05236150525298579,-8.394830346587536,-8.447191851840522,-8.659271844571453
67.6,-8.541145339652452,0.2717409324313673,-0.12746588569708597,-8.567358303090158,-8.439892417393072,-8.839099235521525
67.7,-8.442846790890266,0.2790362928564853,-0.1125258252992561,-8.54512288226721,-8.432597056967953,-8.824159175123695
67.8,-8.154893992932854,0.28632114787519425,0.05098312866314066,-8.374329073286104,-8.425312201949245,-8.660650221161298
67.9,-7.8309756097561065,0.2935888524131448,0.23492999545677407,-8.18311450195452,-8.418044497411294,-8.476703354367665
68.0,-7.98322188449848,0.30083255292896144,-0.040286765284973956,-8.45108756218045,-8.410800796895478,-8.751920115109412
68.1,-8.034598070739554,0.30804519304500105,-0.16527268084858454,-8.568860837628023,-8.403588156779438,-8.876906030673023
68.2,-7.873826366559486,0.3152195195820199,-0.0033357457443026553,-8.399749575986721,-8.39641383024242,-8.714969095568742
68.3,-8.001875669882102,0.32234808899355305,-0.04296997139333365,-8.43225523222422,-8.389285260830885,-8.754603321217772
68.4,-8.070564516129028,0.329423274195217,0.058613034771299005,-8.323597040857923,-8.38221007562922,-8.653020315053139
68.5,-8.272177419354831,0.33643727178355914,0.08325429837538023,-8.2919417796655,-8.37519607804088,-8.628379051449059
68.6,-8.01173678532903,0.3433821096384897,0.581546539832225,-7.786704700353724,-8.368251240185948,-8.130086809992214
68.7,-9.07448275862083,0.35024965490275095,-0.2860782513533094,-8.647461946274998,-8.361383694921688,-8.997711601177748
68.8,-9.086166902404527,0.35703162233129737,-0.19478994461175322,-8.549391672104894,-8.354601727493142,-8.906423294436191
68.9,-9.089690721649484,0.3637195830028922,-0.21496105182002817,-8.562874818641575,-8.347913766821547,-8.926594401644467
69.0,-9.016913946587538,0.3703049733856548,-0.2717338727456224,-8.613062249184406,-8.341328376438783,-8.983367222570061
69.1,-8.781721649484574,0.376779104747736,-0.2371230021496993,-8.571977247226402,-8.334854245076702,-8.948756351974138
69.2,-8.195337837837817,0.383133172903745,0.1421089581467812,-8.186391218773913,-8.328500176920693,-8.569524391677657
69.3,-7.475850000000087,0.38935826828700787,0.7127042675200705,-7.60957081401736,-8.32227508153743,-7.998929082304368
69.4,-7.870460526315788,0.39544538633720344,0.269803223211593,-8.046384740275641,-8.316187963487236,-8.441830126612846
69.5,-8.101632653061252,0.4013854381923966,0.09751893377538781,-8.212728977856655,-8.310247911632041,-8.61411441604905
69.6,-8.686567164179015,0.4071692616739762,-0.34838687014442266,-8.652850958294884,-8.304464088150462,-9.06002021996886
69.7,-8.930909090909049,0.4127876325525034,-0.41865297450430616,-8.71749869177624,-8.298845717271936,-9.130286324328745
69.8,-8.813621103117562,0.41823127608198235,-0.1350190045791671,-8.428421078321623,-8.293402073742456,-8.846652354403606
69.9,-8.895203836930452,0.42349087878959446,-0.08313810044305606,-8.3712805714779,-8.288142471034844,-8.794771450267495
70.0,-8.73912371134021,0.428557100507466,0.17048674254883164,-8.112589506768142,-8.283076249316974,-8.541146607275607
70.1,-8.477347417840342,0.4334205866325962,0.5072569466466686,-7.7709558165451735,-8.278212763191842,-8.20437640317777
70.2,-9.1757142857143,0.4380719806006335,-0.11953056230458739,-8.393091931528392,-8.273561369223804,-8.831163912129027
70.3,-9.489494949494949,0.44250193655877124,-0.3498620952457415,-8.618993508511409,-8.269131413265667,-9.06149544507018
70.4,-9.074525386313507,0.44670113222263,0.166435774755041,-8.098496442846768,-8.264932217601809,-8.545197575069398
70.5,-9.25291666666671,0.45066028190160945,0.10268984477429874,-8.15828322314853,-8.26097306792283,-8.60894350505014
70.6,-9.519433333333316,0.45437014967682166,-0.049463010717197844,-8.306726210864815,-8.257263200147618,-8.761096360541636
70.7,-9.626923076923191,0.4578215627153704,-0.06194121112385789,-8.315752998232925,-8.253811787109068,-8.773574560948296
70.8,-9.466666666666685,0.46100542470440703,0.15459970255304872,-8.096028222566982,-8.250627925120032,-8.55703364727139
70.9,-9.540519877675841,0.46391272938808226,0.08458892732579451,-8.163131693110563,-8.247720620436356,-8.627044422498644
71.0,-10.128999999999934,0.4665345741902198,-0.5552173167851888,-8.800316092419408,-8.245098775634219,-9.266850666609628
71.1,-9.217543859649123,0.4688621739052652,0.2608225692002298,-7.981948606718944,-8.242771175919174,-8.45081078062421
71.2,-9.352043795620482,0.47088687443981214,0.010344250473955274,-8.230402224910671,-8.240746475384627,-8.701289099350483
71.3,-9.166447811447814,0.47260016658677684,0.08956555724157993,-8.149467625996081,-8.239033183237662,-8.62206779258286
71.4,-9.414697986577243,0.47399369981408335,-0.22734644404680096,-8.464986094057156,-8.237639650010355,-8.93897979387124
71.5,-9.052162162162183,0.4750592960495342,0.12127080304154601,-8.115303250733358,-8.236574053774904,-8.590362546782893
71.6,-9.045245901639296,0.4757889634433788,0.16811886291729997,-8.06772552346376,-8.23584438638106,-8.543514486907139
71.7,-9.110386740331492,0.4761749100899482,0.17553626526182653,-8.059922174472664,-8.23545843973449,-8.536097084562613
71.8,-9.228958333333313,0.47620955768960804,0.12439184369014684,-8.111031948444683,-8.235423792134831,-8.587241506134292
71.9,-9.741718750000022,0.47588555513218617,-0.3702771639018146,-8.606024958594068,-8.235747794692253,-9.081910513726253
72.0,-9.375573770491838,0.4751957919829606,-0.07245136971159347,-8.308888927553072,-8.236437557841478,-8.784084719536033
72.1,-9.382268041237129,0.47413341185224633,-0.2519280312185489,-8.489427969190741,-8.237499937972192,-8.963561381042988
72.2,-9.113333333333397,0.4726918256295965,-0.25410701101437894,-8.49304853520922,-8.238941524194843,-8.965740360838817
72.3,-7.79789473684207,0.47086472456363526,0.7186952132440328,-7.522073412016771,-8.240768625260804,-7.992938136580406
72.4,-8.109846743295035,0.468646093168565,0.030447762442921966,-8.212539494212951,-8.242987256655873,-8.681185587381517
72.5,-7.622688172042943,0.46603022193844235,0.14644771729326356,-8.099155410592733,-8.245603127885996,-8.565185632531175
72.6,-7.682116402116396,0.4630117198503928,-0.2449388973220999,-8.493560527296145,-8.248621629974046,-8.95657224714654
72.7,-7.29096774193549,0.45958552663803354,-0.11741618150934835,-8.369464004695754,-8.252047823186405,-8.829049531333787
72.8,-7.202769230769237,0.45574692481650203,-0.19818132894855126,-8.454067753956489,-8.255886425007937,-8.90981467877299
72.9,-6.975107913669009,0.4514915514406366,-0.021365424944020453,-8.281507223327823,-8.260141798383803,-8.73299877476846
73.0,-7.229166666666658,0.4468154095780316,-0.1924951749440575,-8.457313115190464,-8.264817940246408,-8.904128524768495
73.1,-6.937205882352974,0.4417148794788912,0.31529225001509587,-7.954626220330452,-8.269918470345548,-8.396341099809343
73.2,-6.721562499999987,0.43618672942482994,0.8543983977479346,-7.421048222651674,-8.27544662039961,-7.857234952076504
73.3,-7.974057971014407,0.4302281262390186,-0.017332637074369606,-8.29873786065979,-8.28140522358542,-8.728965986898809
73.4,-9.093555555555836,0.4238366454403495,-0.7638080651664514,-9.05160476955054,-8.287796704384089,-9.47544141499089
73.5,-8.690149253731315,0.41701028102459037,-0.05580630795689012,-8.350429376756738,-8.294623068799849,-8.76743965778133
73.6,-9.055570776255948,0.40974745485582376,-0.22200264113967694,-8.523888536108291,-8.301885894968615,-8.933635990964115
73.7,-9.146621004566214,0.40204702565181005,-0.22204019056375,-8.531626514736379,-8.309586324172628,-8.933673540388188
73.8,-8.569999999999999,0.3939082975472838,0.3654833448888962,-7.952241707388259,-8.317725052277154,-8.346150004935543
73.9,-8.610970464135054,0.3853310282195854,0.3000690324911307,-8.026233289113723,-8.326302321604853,-8.411564317333308
74.0,-8.749111111111082,0.3763154365614453,0.1453879868705496,-8.189929926392445,-8.335317913262994,-8.56624536295389
74.1,-8.95741721854303,0.36686220988617324,-0.043947086311032196,-8.388718226249297,-8.344771139938265,-8.755580436135471
74.2,-9.035087719298302,0.3569725106509679,-0.06056279026801985,-8.41522362944149,-8.354660839173471,-8.772196140092458
74.3,-9.35719298245614,0.3466479826845413,-0.2908800534303668,-8.655865420570263,-8.364985367139898,-9.002513403254806
74.4,-9.106180555555563,0.33589075690575465,0.06119506267953784,-8.314547530239146,-8.375742592918684,-8.650438287144901
74.5,-9.250976430976436,0.3247034565204864,0.003246041796528737,-8.383683851507424,-8.386929893303952,-8.70838730802791
74.6,-9.229473684210474,0.31308920168449406,0.07753393868201526,-8.32101020945793,-8.398544148139944,-8.634099411142424
74.7,-9.210909090909055,0.3010516136205966,0.10163300148820022,-8.308948734715642,-8.410581736203842,-8.61000034833624
74.8,-9.38533333333334,0.2885948181790824,-0.11960760978818301,-8.54264614143354,-8.423038531645357,-8.831240959612622
74.9,-9.034193548387085,0.27572344883084976,0.13612190145492775,-8.299787999538662,-8.43590990099359,-8.575511448369511
75.0,-9.365102040816337,0.2624426490834038,-0.32615426245011025,-8.775344963191145,-8.449190700741035,-9.037787612274549
75.1,-8.771562499999934,0.2487580743104671,0.1199795421153828,-8.342895733398588,-8.462875275513971,-8.591653807709056
75.2,-8.826142131979733,0.23467589298661412,-0.07480103251993617,-8.551758489357761,-8.476957456837825,-8.786434382344375
75.3,-8.471874999999933,0.2202027873190043,0.16709374967076804,-8.324336812834666,-8.491430562505434,-8.544539600153671
75.4,-8.43666666666651,0.20534595326897134,0.1296544380968833,-8.376632958458584,-8.506287396555468,-8.581978911727555
75.5,-8.488541666666737,0.19011309995692205,0.044230684217095306,-8.477289565650421,-8.521520249867518,-8.667402665607343
75.6,-8.810725034199756,0.17451244844470706,-0.28534174767471976,-8.82246264905445,-8.537120901379732,-8.996975097499158
75.7,-8.344103967168286,0.15855272989034794,0.17885986566168174,-8.37422075427241,-8.553080619934091,-8.532773484162757
75.8,-8.553187414500682,0.14224318307073916,-0.050941700065403724,-8.620331866819104,-8.5693901667537,-8.762575049889842
75.9,-8.52688524590158,0.1255935512686879,-0.08284828057207316,-8.668888079127823,-8.58603979855575,-8.794481630396511
76.0,-8.373278688524573,0.10861407852141065,-0.03546327856179039,-8.638482549864818,-8.603019271303028,-8.74709662838623
76.1,-8.026885245901516,0.09131550522836769,0.15711753270458226,-8.46320031189149,-8.620317844596071,-8.554515817119857
76.2,-8.113169398907221,0.0737090631170915,-0.11931874964640538,-8.757243036353753,-8.637924286707348,-8.830952099470844
76.3,-7.762247838616707,0.055806469566443334,0.02516798210360023,-8.630658898154396,-8.655826880257996,-8.686465367720839
76.4,-7.534851104706971,0.037619921287519564,0.05546134560725762,-8.61855208292966,-8.674013428536918,-8.656172004217181
76.5,-7.45317963496637,0.019162087363221253,-0.023364021759959327,-8.715835284221177,-8.692471262461217,-8.734997371584399
76.6,-7.387146974063441,0.000446101648297878,-0.056437221394343345,-8.767624469570483,-8.711187248176142,-8.768070571218782
76.7,-7.4328914505282535,-0.018514445467524426,-0.12173907289414208,-8.851886868186105,-8.730147795291963,-8.83337242271858
76.8,-7.300040899795484,-0.03770551592991503,0.07885841859701188,-8.670480447157342,-8.749338865754353,-8.632774931227427
76.9,-7.200122699386538,-0.05711263351959181,0.3286408769171721,-8.44010510642686,-8.768745983344031,-8.382992472907267
77.0,-7.669079754601252,-0.07672089397622994,0.07378707232033815,-8.714567171480331,-8.788354243800669,-8.637846277504101
77.1,-8.07462167689157,-0.09651497574079497,-0.07965992555511994,-8.887808251120354,-8.808148325565234,-8.791293275379559
77.2,-8.728588957055235,-0.1164791513096648,-0.4705170519376852,-9.29862955307179,-8.828112501134104,-9.182150401762124
77.3,-8.673492822966514,-0.13659729919310296,-0.16146948272910538,-9.009700131746648,-8.848230649017541,-8.873102832553544
77.4,-8.472526690391462,-0.1568529164698469,0.27415852382086303,-8.594327742473423,-8.868486266294285,-8.437474826003577
77.5,-8.795634638196955,-0.177229131928781,0.16361707024128544,-8.725245411511935,-8.88886248175322,-8.548016279583154
77.6,-9.051921708185008,-0.19770871978787477,0.09602361267984623,-8.813318456932468,-8.909342069612313,-8.615609737144592
77.7,-9.17,-0.2182741139797839,0.13677307848440567,-8.793134385319817,-8.929907463804224,-8.574860271340032
77.8,-9.622023121387292,-0.23890742299273798,-0.19719368667520532,-9.147734459492382,-8.950540772817178,-8.908827036499645
77.9,-9.558439306358357,-0.2595904452545704,-0.06802984743096087,-9.03925364250997,-8.971223795079009,-8.779663197255399
78.0,-9.669576107899816,-0.28030468504698935,-0.17226465006450856,-9.164202684935937,-8.991938034871428,-8.883897999888948
78.1,-9.232100192678228,-0.30103136893644067,0.21768170622178915,-8.79498301253909,-9.01266471876088,-8.49395164360265
78.2,-9.550520231213898,-0.3217514627071803,-0.1868527901332519,-9.22023760266487,-9.033384812531619,-8.89848613995769
78.3,-9.326936416185012,-0.34244568878144566,-0.0635908566940641,-9.117669895299949,-9.054079038605884,-8.775224206518503
78.4,-8.849261992619875,-0.3630945441109107,0.3264107809743046,-8.748317112961045,-9.07472789393535,-8.385222568850134
78.5,-9.154151291512864,-0.38367831852290835,-0.031040208079188225,-9.126351876426535,-9.095311668347348,-8.742673557903627
78.6,-9.285524475524486,-0.4041771135042257,-0.16717082812049472,-9.28298129144916,-9.115810463328664,-8.878804177944934
78.7,-9.080909090909085,-0.4245708614046102,0.08113027485996674,-9.055073936369082,-9.13620421122905,-8.630503074964471
78.8,-9.072121212121226,-0.44483934504147865,0.17177924923184987,-8.984693445634068,-9.156472694865917,-8.539854100592589
78.9,-9.356049822064106,-0.4649622176866882,-0.009272439454847028,-9.185868006965974,-9.176595567511127,-8.720905789279286
79.0,-9.618007117437712,-0.4849190234156177,-0.16558320465242893,-9.362135577892484,-9.196552373240056,-8.877216554476867
79.1,-9.801577698695118,-0.5046892177982149,-0.25427000086675716,-9.47059256848941,-9.216322567622653,-8.965903350691196
79.2,-9.617544483985753,-0.524252188911093,0.008472645760484912,-9.227412892975046,-9.235885538735532,-8.703160704063954
79.3,-9.429086538461528,-0.5435872786492107,0.26156781872686286,-8.993652809746786,-9.25522062847365,-8.450065531097575
79.4,-9.595048076923131,-0.5626738043151364,0.15185370311483476,-9.12245345102474,-9.274307154139574,-8.559779646709604
79.5,-9.757812499999986,-0.5814910804633977,0.04172645780176146,-9.251397972486075,-9.293124430287836,-8.669906892022677
79.6,-10.140192307692313,-0.6000184409769305,-0.2900996890864095,-9.60175147988778,-9.311651790801369,-9.001733038910848
79.7,-10.10383292383282,-0.6182352613521835,-0.2067013421725632,-9.536569953349186,-9.329868611176622,-8.918334691997002
79.8,-9.540000000000001,-0.6361209811690041,0.3976968928381104,-8.950057438155332,-9.347754330993443,-8.313936456986328
79.9,-9.967567567567574,-0.6536551267210189,0.0008257753302125942,-9.364462701215245,-9.365288476545457,-8.710807574494225
80.0,-10.062334152334149,-0.6708173337818456,-0.07615917846030008,-9.458609862066584,-9.382450683606285,-8.787792528284738
80.1,-9.921370192307574,-0.6875873704821156,0.06827168912349653,-9.330949031183058,-9.399220720306554,-8.643361660700942
80.2,-10.20298076923076,-0.7039451602719591,-0.22216784884015672,-9.637746358936555,-9.415578510096397,-8.933801198664595
80.3,-10.041778846153877,-0.7198708049433062,-0.07568910315966386,-9.507193257927408,-9.431504154767746,-8.787322452984103
80.4,-9.944399038461581,-0.735344607686089,0.010614954890032793,-9.436363002620494,-9.446977957510528,-8.701018394934406
80.5,-9.638348416289611,-0.7503470961521838,0.3183934732050826,-9.14358697277154,-9.461980445976623,-8.393239876619356
80.6,-9.954751131221748,-0.7648590455007231,0.021251504856704878,-9.455240890468456,-9.476492395325161,-8.690381844967733
80.7,-9.945610859728514,-0.7788615013982254,0.06552749916293442,-9.42496735205973,-9.490494851222664,-8.646105850661504
80.8,-10.30904977375565,-0.7923358029468357,-0.25340040452236523,-9.75736955729364,-9.503969152771274,-8.965033754346804
80.9,-10.294705882352996,-0.8052636055138535,-0.19250426680576616,-9.709401222144058,-9.516896955338293,-8.904137616630205
81.0,-9.971666666666675,-0.8176269034356272,0.17464784778306647,-9.354612405476999,-9.529260253260066,-8.536985502041372
81.1,-10.216500000000007,-0.8294080525688436,-0.029116466244983274,-9.570157868638265,-9.541041402393283,-8.740749816069423
81.2,-10.279166666666661,-0.8405897926622067,-0.05235163230135066,-9.604574774787997,-9.552223142486646,-8.76398498212579
81.3,-9.823920552677043,-0.8511552695215063,0.44116204400034753,-9.121626575345598,-9.562788619345945,-8.270471305824092
81.4,-10.450466321243578,-0.8610880569411169,-0.1503532453745603,-9.723074652140117,-9.572721406765556,-8.861986595199
81.5,-10.605915492957731,-0.8703721783750274,-0.27753975595556557,-9.859545284155033,-9.582005528199467,-8.989173105780004
81.6,-10.216901408450711,-0.8789921283206117,0.13113303060017747,-9.459492447544873,-9.59062547814505,-8.580500319224262
81.7,-10.523661971830988,-0.8869328933884757,-0.16175846477368414,-9.760324707986598,-9.598566243212915,-8.873391814598122
81.8,-10.324973730297724,-0.8941799730318856,0.053030763448379176,-9.552782559407945,-9.605813322856324,-8.658602586376059
81.9,-10.296567425569231,-0.9007193999094755,0.1105180910195773,-9.501834658714337,-9.612352749733914,-8.601115258804862
82.0,-10.608213660245214,-0.9065377598551674,-0.1500176883638254,-9.76818879804343,-9.618171109679606,-8.861651038188263
82.1,-10.193403141361355,-0.9116222114294906,0.3409140485893276,-9.282341512664601,-9.623255561253929,-8.37071930123511
82.2,-10.771675392670163,-0.9159605050267877,-0.141691496045778,-9.769285350897004,-9.627593854851227,-8.853324845870217
82.3,-10.795148342059356,-0.9195410015131154,-0.06317367177168973,-9.694348023109244,-9.631174351337554,-8.774807021596128
82.4,-10.801735537190089,-0.9223526903700052,0.021091148408803124,-9.612894891785642,-9.633986040194443,-8.690542201415635
82.5,-10.955182481751828,-0.9243852073196425,-0.06939726933147704,-9.705415826475559,-9.636018557144082,-8.781030619155915
82.6,-10.77,-0.9256288514074299,0.13948198856373384,-9.497780212668134,-9.637262201231868,-8.572151361260705
82.7,-11.064525547445271,-0.926074601518367,-0.1734267840047906,-9.811134735347597,-9.637707951342806,-8.88506013382923
82.8,-10.780289210233601,-0.9257141323041427,0.057074720505573,-9.580272761623009,-9.63734748212858,-8.654558629318865
82.9,-10.886774193548383,-0.9245398294983591,-0.12367753435355064,-9.759850713676348,-9.636173179322798,-8.83531088417799
83.0,-10.590989988876528,-0.9225448045978382,0.09641870271015496,-9.537759451712121,-9.634178154422276,-8.615214647114284
83.1,-10.544271412680729,-0.9197229088885355,0.08409546965208049,-9.547260789060894,-9.631356258712975,-8.627537880172358
83.2,-10.574994438264746,-0.9160687467951794,0.02265505819545701,-9.60504703842416,-9.627702096619618,-8.688978291628981
83.3,-10.619320638188368,-0.9115776885343831,-0.022422673512936343,-9.645633711871758,-9.623211038358821,-8.734056023337375
83.4,-10.679011837364902,-0.9062458820516285,-0.06220141247248937,-9.680080644348557,-9.617879231876067,-8.773834762296929
83.5,-10.599583118888317,-0.9000702642231964,0.03941056505711929,-9.572293048990517,-9.611703614047634,-8.67222278476732
83.6,-10.591420483787955,-0.8930485713048304,0.04849532688859452,-9.556186594240675,-9.60468192112927,-8.663138022935843
83.7,-10.602974781266084,-0.885179348609647,-0.006760522343755869,-9.603573220777841,-9.596812698434086,-8.718393872168194
83.8,-10.488121461657212,-0.8764619593985624,0.0025790312473645965,-9.585516277975637,-9.588095309223002,-8.709054318577074
83.9,-10.179758106021618,-0.866896592967289,0.1384454102916562,-9.440084532500071,-9.578529942791727,-8.573187939532783
84.0,-10.341024189397846,-0.856484271914751,-0.2511578518131665,-9.819275473552356,-9.568117621739189,-8.962791201637605
84.1,-10.06904271744727,-0.8452268585786,-0.2351050573396295,-9.791965265742668,-9.55686020840304,-8.946738407164068
84.2,-9.710607054963065,-0.8331270606243574,-0.11952249764815981,-9.664282908096956,-9.544760410448797,-8.831155847472598
84.3,-9.242346185397865,-0.8201884357755732,0.16131801403839566,-9.370503771561616,-9.531821785600012,-8.550315335786044
84.4,-9.030287120590668,-0.8064153956732847,0.27117545568372037,-9.246873289814003,-9.518048745497723,-8.44045789414072
84.5,-8.641394585725992,-0.7918132088539586,0.6482422467821864,-8.85520431189621,-9.503446558678398,-8.063391103042253
84.6,-9.52956521739126,-0.7763880028360276,-0.18424361196296865,-9.672264964623436,-9.488021352660466,-8.895876961787407
84.7,-9.823584905660386,-0.7601467653060711,-0.3976550280303547,-9.869435143160864,-9.47178011513051,-9.109288377854794
84.8,-9.752601626016254,-0.7430973443966452,-0.2666628667801169,-9.7213935610012,-9.454730694221084,-8.978296216604555
84.9,-9.796666666666644,-0.7252484480487411,-0.30268509801719967,-9.73956689589038,-9.43688179787318,-9.014318447841639
85.0,-9.264634146341464,-0.7066096424528315,0.1774099392770303,-9.24083305300024,-9.41824299227727,-8.534223410547408
85.1,-9.055520134228196,-0.6871913495634676,0.28793382913393917,-9.110890870253968,-9.398824699387907,-8.4236995206905
85.2,-9.046543624161075,-0.6670048436833934,0.1760373148580824,-9.20260087864975,-9.378638193507832,-8.535596034966357
85.3,-9.104345637583886,-0.6460622471141679,-0.0016177190241310757,-9.359313315962737,-9.357695596938607,-8.71325106884857
85.4,-9.118909395973137,-0.6243765248713123,-0.12090654898012995,-9.456916423675882,-9.336009874695751,-8.83253989880457
85.5,-8.842281879194644,-0.6019614784630377,0.06920123447634322,-9.244393593811132,-9.313594828287476,-8.642432115348095
85.6,-8.906157718120804,-0.5788317387326545,-0.06761900654564193,-9.358084095102734,-9.290465088557093,-8.779252356370082
85.7,-8.818602941176485,-0.5550027577658128,-0.046100029707187226,-9.312736137297438,-9.266636107590251,-8.757733379531626
85.8,-8.829637795275596,-0.5304907998647783,-0.11980196394556893,-9.361926113634786,-9.242124149689218,-8.831435313770008
85.9,-8.61363779527559,-0.5053129315930089,0.039067693374346214,-9.177878588043102,-9.216946281417448,-8.672565656450093
86.0,-8.638771653543305,-0.4794870108943561,-0.03065146206280951,-9.221771822781605,-9.191120360718795,-8.742284811887249
86.1,-8.4528188976378,-0.45303167529227706,0.131389816754256,-9.03327520836246,-9.164665025116715,-8.580243533070183
86.2,-8.564787401574808,-0.42596632917550703,0.02070290561465564,-9.11689677338529,-9.137599678999946,-8.690930444209783
86.3,-8.540598425196858,-0.3983111301777004,0.06881789605629815,-9.041126583945841,-9.10994448000214,-8.64281545376814
86.4,-8.595189620758507,-0.3700869746596076,0.050680574724100196,-9.031039749759946,-9.081720324484046,-8.660952775100338
86.5,-8.825455755156348,-0.3413154823034073,-0.14549929821447713,-9.198448130342323,-9.052948832127846,-8.857132648038915
86.6,-8.773186959414504,-0.3120189798298667,-0.07628989396919157,-9.099942223623497,-9.023652329654306,-8.78792324379363
86.7,-8.650718562874253,-0.28222048385004067,0.03618586738707784,-8.957667966287401,-8.99385383367448,-8.675447482437361
86.8,-8.703147039254823,-0.25194368286425867,-0.05511641009673191,-9.018693442785429,-8.963577032688697,-8.76674975992117
86.9,-8.528403193612736,-0.2212129184221753,0.05767802256555787,-8.875168245681056,-8.932846268246614,-8.653955327258881
87.0,-8.509640718562862,-0.19005316545867584,0.0023519850501599535,-8.899334530232954,-8.901686515283114,-8.709281364774279
87.1,-8.406613439787101,-0.15849001182143452,0.031299168291043844,-8.83882419335483,-8.870123361645874,-8.680334181533395
87.2,-8.368137603795967,-0.1265496370069168,0.005273370920823483,-8.832909615910532,-8.838182986831356,-8.706359978903615
87.3,-8.328825622775804,-0.09425879012259647,-0.005853176658443204,-8.811745316605478,-8.805892139947035,-8.717486526482881
87.4,-8.22344009489915,-0.06164476709412358,0.061983419068074634,-8.711294697850487,-8.773278116918561,-8.649649930756365
87.5,-8.283558718861213,-0.02873538713712752,-0.028122431344503047,-8.768491168306069,-8.740368736961566,-8.739755781168942
87.6,-8.144234875444827,0.0044410314857270955,0.08253580839473985,-8.624656509943971,-8.707192318338711,-8.629097541429699
87.7,-8.301459074733094,0.037855696400901584,-0.10504863638711337,-8.77882628981065,-8.673777653423537,-8.816681986211552
87.8,-8.2376275207592,0.07147936673093612,-0.06940562821987709,-8.709559611313379,-8.640153983093503,-8.781038978044316
87.9,-8.226903914590752,0.10528237934889578,-0.07244561908539336,-8.678796589560937,-8.606350970475543,-8.784078968909832
88.0,-8.219285714285707,0.13923467575615825,-0.04553602043750725,-8.617934694505788,-8.57239867406828,-8.757169370261947
88.1,-8.164719387755095,0.17330582955856239,0.08064539982179504,-8.457682120444082,-8.538327520265875,-8.630987950002643
88.2,-8.375255102040821,0.20746507451513113,0.005924985678070038,-8.498243289631237,-8.504168275309308,-8.70570836414637
88.3,-8.430841836734695,0.24168133313280016,0.14736160145595018,-8.322590415235688,-8.46995201669164,-8.564271748368489
88.4,-8.570535714285738,0.2759232457798291,0.24444031214467216,-8.191269791899938,-8.43571010404461,-8.467193037679767
88.5,-9.061326530612245,0.31015920028984284,-0.006995847070749003,-8.408469996605344,-8.401474149534597,-8.718629196895188
88.6,-9.41117346938772,0.34435736202774997,-0.1584114661162359,-8.525687453912925,-8.367275987796688,-8.870044815940675
88.7,-9.611785714285718,0.3784857043881114,-0.23815991838735748,-8.571307563823686,-8.333147645436327,-8.949793268211796
88.8,-9.609375000000014,0.41251203969589095,-0.21037294138705212,-8.5094942515156,-8.299121310128548,-8.92200629121149
88.9,-9.316999999999991,0.4464040504789052,0.018024756767549804,-8.247204542577984,-8.265229299345533,-8.693608593056888
89.0,-9.059499999999987,0.4801293210807092,0.14876258943860782,-8.082741439305122,-8.23150402874373,-8.562870760385831
89.1,-8.847,0.5136553695821049,0.20789811175121806,-7.990079868491116,-8.197977980242333,-8.50373523807322
89.2,-8.84187499999999,0.5469496799989407,0.06573369776742592,-8.098949972058072,-8.164683669825498,-8.645899652057013
89.3,-8.848000000000022,0.5799797347233899,-0.06246932111174122,-8.19412293621279,-8.13165361510105,-8.77410267093618
89.4,-8.631333333333325,0.6127130471754436,0.05930358106085849,-8.039616721588137,-8.098920302648995,-8.65232976876358
89.5,-8.553272727272724,0.6451171946309429,0.05761248613252197,-8.008903669060974,-8.066516155193495,-8.654020863691917
89.6,-8.684400000000018,0.677159851192094,-0.1562416045932897,-8.190715103225635,-8.034473498632345,-8.867874954417728
89.7,-8.530461538461537,0.7088088208660692,-0.10267695368281182,-8.10550148264118,-8.002824528958369,-8.81431030350725
89.8,-8.325969230769227,0.7400320707169908,-0.01983056930949928,-7.991431848416947,-7.971601279107448,-8.731463919133938
89.9,-8.185907692307692,0.7707977640563269,-0.012404003740953726,-7.9532395895090655,-7.940835585768112,-8.724037353565393
90.0,-8.293476923076945,0.8010742936364972,-0.24247458872182262,-8.153033644909764,-7.9105590561879415,-8.954107938546262
90.1,-7.739200000000008,0.8308303148122945,0.2233308229624582,-7.6574722120496865,-7.8808030350121445,-8.48830252686198
90.2,-7.622769230769227,0.8600347786345758,0.3018945114469745,-7.549704059742888,-7.851598571189863,-8.409738838377464
90.3,-7.71630769230768,0.8886569648405567,0.22252373638003453,-7.600452648603848,-7.822976384983882,-8.489109613444404
90.4,-8.258801261829648,0.9166665147049751,-0.26913581034081535,-8.064102645460279,-7.794966835119464,-8.980769160165254
90.5,-8.153123028391146,0.9440334637163461,-0.10248889522134005,-7.870088781329432,-7.767599886108092,-8.814122245045779
90.6,-8.231608832807593,0.9707282740425403,-0.1373323730532401,-7.878237448835138,-7.740905075781899,-8.84896572287768
90.7,-8.084164037854888,0.9967218667499536,0.01797223364122022,-7.696939249433265,-7.714911483074485,-8.693661116183218
90.8,-8.083217665615141,1.0219856537406287,-0.012994205343622556,-7.702641901427432,-7.68964769608381,-8.72462755516806
90.9,-8.064290220820174,1.0464915693718027,-0.055886898031290405,-7.721028678483926,-7.665141780452636,-8.76752024785573
91.0,-7.92309148264984,1.070212101722527,0.011582676066947772,-7.629838572034964,-7.641421248101912,-8.700050673757492
91.1,-7.730220820189309,1.0931203234721998,0.13672406708742954,-7.48178895926481,-7.618513026352239,-8.574909282737009
91.2,-7.4787290969899916,1.1151899223561021,0.3369670550524566,-7.25947637241588,-7.596443427468337,-8.374666294771982
91.3,-7.7398327759197985,1.1363952311633108,0.040842587003397685,-7.53439553165773,-7.575238118661128,-8.67079076282104
91.4,-8.368695652173914,1.1567112572426776,-0.6156743796222399,-8.170596472204,-7.554922092581761,-9.327307729446678
91.5,-7.640738255033567,1.1761137114829356,0.08052665807240175,-7.454992980269101,-7.535519638341503,-8.631106691752038
91.6,-7.414697986577186,1.194579036733391,0.26283598354975296,-7.2542183295412945,-7.517054313091048,-8.448797366274686
91.7,-7.797315436241617,1.2120844356320974,-0.17644358804547988,-7.675992502237821,-7.499548914192341,-8.888076937869918
91.8,-7.482837370242211,1.2286078978088937,0.07419726469552532,-7.40882818732002,-7.483025452015545,-8.637436085128913
91.9,-7.503875432525927,1.244128226431203,-0.007944901441162604,-7.475450024834398,-7.467505123393236,-8.7195782512656
92.0,-7.518062283737009,1.2586250640610412,-0.06999670825812591,-7.523004994021523,-7.4530082857633975,-8.781630058082564
92.1,-7.365801011804387,1.2720789177922849,0.05516521876913241,-7.384389213263021,-7.439554432032153,-8.656468131055306
92.2,-7.284586846543002,1.2844711836378706,0.13185456282026675,-7.295307603366301,-7.427162166186568,-8.579778787004171
92.3,-7.437470489038797,1.2957841701372699,-0.00786352667814589,-7.423712706365315,-7.415849179687169,-8.719496876502584
92.4,-7.462601279317686,1.306001121155282,-0.012290124323830618,-7.417922352992988,-7.405632228669157,-8.72392347414827
92.5,-7.5268869936034175,1.3151062378439273,-0.06017449266199168,-7.456701604642503,-7.396527111980511,-8.77180784248643
92.6,-7.586140724946698,1.323084699739991,-0.11649586961279854,-7.505044519697246,-7.388548650084448,-8.828129219437237
92.7,-7.48694915254238,1.3299226849715784,-0.03110025214319819,-7.412810916996058,-7.381710664852861,-8.742733601967636
92.8,-7.328387379491668,1.3356073895478755,0.10026086349855717,-7.275765096778006,-7.376025960276563,-8.611372486325882
92.9,-7.3496757230499545,1.3401270457071826,0.046284042135355107,-7.325222261981901,-7.371506304117256,-8.665349307689084
93.0,-7.387116564417185,1.343470939299187,-0.02029874544027814,-7.38846115596553,-7.368162410525252,-8.731932095264717
93.1,-7.360850131463654,1.3456294261783768,-0.012791627827089539,-7.378795551473152,-7.366003923646062,-8.724424977651529
93.2,-7.257992988606467,1.3465939475864532,0.08437917666033992,-7.280660225577646,-7.3650394022379855,-8.627254173164099
93.3,-7.32545454545454,1.3463570445025952,0.02270821584550751,-7.342568089476336,-7.365276305321844,-8.68892513397893
93.4,-7.5177272727272815,1.3449123709414412,-0.15673097132449026,-7.5234519502074875,-7.366720978882998,-8.86836432114893
93.5,-7.326363636363637,1.3422547061797023,0.04953624559626994,-7.319842398048467,-7.369378643644737,-8.662097104228168
93.6,-7.389999999999971,1.3383799658933841,-0.0005217480047395862,-7.373775131935794,-7.373253383931054,-8.712155097829179
93.7,-7.3954545454545455,1.3332852121886938,0.0055526033434604785,-7.372795534292284,-7.378348137635745,-8.706080746480978
93.8,-7.4786363636363875,1.3269686625108206,-0.06638712412926079,-7.451051811442879,-7.384664687313618,-8.778020473953699
93.9,-7.357419354838708,1.3194296974159165,0.06885919355674738,-7.323344458851775,-7.392203652408522,-8.642774156267691
94.0,-7.413225806451614,1.3106688671927706,0.03266528071229966,-7.368299201919369,-7.400964482631668,-8.67896806911214
94.1,-7.447649769585265,1.300687897321836,0.024652408235926668,-7.386293044266676,-7.410945452502602,-8.686980941588512
94.2,-7.5248847926267315,1.2894896927604764,-0.020157761537843114,-7.442301418601805,-7.4221436570639625,-8.731791111362282
94.3,-7.600230414746544,1.277078341044508,-0.05923676946044065,-7.493791778240372,-7.434555008779931,-8.77087011928488
94.4,-7.542660550458713,1.263459114197346,0.03609193089751427,-7.412082304729578,-7.448174235627093,-8.675541418926924
94.5,-7.599082568807335,1.248638469439305,0.01745719969077335,-7.44553768069436,-7.462994880385134,-8.694176150133666
94.6,-7.814495412843985,1.2326240486908606,-0.16042500545317978,-7.639434306586757,-7.479009301133578,-8.872058355277618
94.7,-7.678256880733968,1.215424676864953,0.01325411440098724,-7.4829545585584984,-7.496208672959486,-8.69837923542345
94.8,-7.5306422018348655,1.197050358944686,0.19737996284705173,-7.317203028032701,-7.514582990879752,-8.514253386977387
94.9,-7.652110091743113,1.177512275844069,0.10842975662238584,-7.425691317357984,-7.534121073980369,-8.603203593202053
95.0,-7.706111111111108,1.1568227790507426,0.07796717829730349,-7.476843392476392,-7.5548105707736966,-8.633666171527135
95.1,-8.378333333333334,1.13499538405093,-0.5843393183289107,-8.160977284102419,-7.576637965773509,-9.29597266815335
95.2,-7.5725925925926,1.1120447625381644,0.21631334741889938,-7.383275239867375,-7.5995885872862745,-8.49532000240554
95.3,-7.715925925925918,1.0879867334086561,0.056104213554428954,-7.567542402861354,-7.623646616415782,-8.65552913627001
95.4,-7.695555555555555,1.0628382525474627,0.05427030954657297,-7.594524787730403,-7.648795097276976,-8.657363040277867
95.5,-7.629954504094624,1.0366174014109562,0.09909260493863103,-7.575923343474852,-7.675015948413483,-8.612540744885807
95.6,-7.586487716105549,1.009343374412376,0.12789340978218328,-7.574396565629879,-7.702289975412063,-8.583739940042255
95.7,-8.147543221110082,0.9810364651185755,-0.43953372576668975,-8.170130610472553,-7.7305968847058635,-9.151167075591129
95.8,-7.595723384895359,0.9517180512673656,0.11494866819527308,-7.6449666303618,-7.759915298557073,-8.596684681629165
95.9,-7.6060873521383146,0.9214105786161721,0.11666031488164427,-7.673562456326622,-7.790222771208267,-8.594973034942795
96.0,-7.73,0.8901375436339958,0.014333078566846725,-7.807162727623596,-7.821495806190443,-8.697300271257593
96.1,-7.784935304990709,0.8579234750499707,-0.010325876004368406,-7.864035750778837,-7.853709874774468,-8.721959225828806
96.2,-7.845841035120149,0.8247939142730686,-0.034393801491661186,-7.921233237043031,-7.88683943555137,-8.7460271513161
96.3,-7.823530499075792,0.7907753946987786,0.02821227090597077,-7.89264568421969,-7.92085795512566,-8.683421078918467
96.4,-7.9105360443623125,0.7558954199198263,-0.018306597086057592,-7.97404452699067,-7.955737929904612,-8.729939946910497
96.5,-7.997892791127542,0.7201824408592444,-0.06769266254141197,-8.059143571506606,-7.991450908965194,-8.77932601236585
96.6,-7.937556357078449,0.6836658318453164,0.026142300511713505,-8.00182521746741,-8.027967517979123,-8.685491049312725
96.7,-7.994256086564472,0.6463758656491281,-0.003178905997527552,-8.068436390172838,-8.06525748417531,-8.714812255821967
96.8,-7.898935978358871,0.6083436875066386,0.11134022446979366,-7.991949437848007,-8.1032896623178,-8.600293125354645
96.9,-8.022209197475188,0.5696012881483515,-0.003652557097061873,-8.14568461877315,-8.142032061676087,-8.715285906921501
97.0,-7.973895401262389,0.5301814758608094,0.03943479216163848,-8.14201708180199,-8.18145187396363,-8.6721985576628
97.1,-8.101298467087407,0.490117847605257,-0.10725588347896987,-8.328771385698152,-8.221515502219182,-8.818889233303409
97.2,-8.192023486901542,0.44944475921991556,-0.22790359906099317,-8.490092189665516,-8.262188590604524,-8.939536948885431
97.3,-7.729918699186994,0.40819729473338273,0.20162038194317874,-8.101815673147877,-8.303436055091057,-8.51001296788126
97.4,-7.9047335140017685,0.3664112348177203,0.002483691543050802,-8.342738423463668,-8.345222115006719,-8.709149658281389
97.5,-7.7551942186088665,0.3241230244108083,0.1466436023753781,-8.240866723038252,-8.387510325413631,-8.564989747449061
97.6,-8.025230352303467,0.2813697395385358,-0.10246063647854001,-8.532724246764444,-8.430263610285904,-8.814093986302979
97.7,-8.01368131868131,0.23818905336835774,-0.041202342213185875,-8.514646638669268,-8.473444296456082,-8.752835692037625
97.8,-8.05465201465201,0.19461920152667544,-0.005968342436613068,-8.522982490734377,-8.517014148297763,-8.717601692261052
97.9,-8.092146098984234,0.15069894671339545,0.05345576105137719,-8.507478642059667,-8.560934403111043,-8.65817758877306
98.0,-8.239109574238169,0.10646754264788458,0.016476389586430742,-8.588689417590123,-8.605165807176554,-8.695156960238007
98.1,-8.386073049492106,0.061964697381366854,-0.015261883561603675,-8.664930536004675,-8.649668652443072,-8.726895233386042
98.2,-8.533036524746063,0.01723053601160157,-0.04821022694139396,-8.74261304075423,-8.694402813812838,-8.759843576765833
98.3,-8.68,-0.02769443716356125,-0.08642356587052763,-8.825751352858527,-8.739327786988,-8.798056915694966
98.4,-8.665,-0.07276937701643321,0.030421653805414436,-8.753981073035458,-8.784402726840872,-8.681211696019025
98.5,-8.65,-0.11795313644555126,0.14010798728507295,-8.689478498984917,-8.82958648626999,-8.571525362539365
98.6,-8.823333333333325,-0.16320430567891536,0.05407837867174129,-8.820759276831613,-8.874837655503354,-8.657554971152697
98.7,-8.996666666666675,-0.20848125198516,-0.04011927013823531,-8.960233871947834,-8.9201146018096,-8.751752619962675
98.8,-9.17,-0.2537421597528596,-0.1431575416244275,-9.108533051201725,-8.965375509577298,-8.854790891448866
98.9,-9.136666666666663,-0.2989450708976473,-0.04765369030452538,-9.058232111026612,-9.010578420722085,-8.759287040128964
99.0,-9.103333333333332,-0.3440479255563506,0.04240242907461681,-9.013278846306173,-9.05568127538079,-8.669230920749822
99.1,-9.07,-0.38900860302691115,0.13078078548504046,-8.96986116736631,-9.10064195285135,-8.580852564339398
99.2,-9.240000000000013,-0.43378496291246776,0.017212786100279272,-9.128205526636627,-9.145418312736906,-8.69442056372416
99.3,-9.41,-0.478334886427632,-0.09410569560284349,-9.284073931854914,-9.18996823625207,-8.805739045427282
99.4,-9.39832989397523,-0.5226163178246856,-0.023186922355242365,-9.257436590004367,-9.234249667649124,-8.73482027217968
99.5,-9.386659787950462,-0.5665873058971698,0.04484198006957152,-9.233378675652038,-9.278220655721608,-8.666791369754867
99.6,-9.374989681925696,-0.6102060455181257,0.10612701418452274,-9.215712381158042,-9.321839395342565,-8.605506335639916
99.7,-9.605586034695033,-0.6534309191700782,-0.08425192868004423,-9.44931619767456,-9.365064268994518,-8.795885278504484
99.8,-9.676349126397229,-0.6962205384237352,-0.1241399805772822,-9.531993868825456,-9.407853888248173,-8.835773330401722
99.9,-9.583431421315439,-0.7385337853223,-0.006070373350442436,-9.456237508497182,-9.450167135146739,-8.717703723174882
100.0,-9.36590024968254,-0.7803298536282679,0.2376423611799069,-9.254320842272799,-9.491963203452707,-8.473990988644532
100.1,-9.88647381576777,-0.8215682898895967,-0.24763017197865447,-9.78083181169269,-9.533201639714035,-8.959263521803093
100.2,-9.626299251957983,-0.8622090342822055,0.06385746195751257,-9.509984922149131,-9.573842384106644,-8.647775887866926
100.3,-9.619219451656875,-0.9022124611858704,0.14153957979349957,-9.472306231216809,-9.613845811010309,-8.570093770030939
100.4,-9.987341647555303,-0.9415394194507447,-0.13862213886851296,-9.791794908143697,-9.653172769275184,-8.850255488692952
100.5,-9.834311678711419,-0.9801512723119368,0.1123707040738399,-9.579413918062535,-9.691784622136375,-8.5992626457506
100.6,-10.065467350547213,-1.01800993690983,-0.02213770869027601,-9.751780995424545,-9.72964328673427,-8.733771058514714
100.7,-10.003040163420005,-1.0550779233741343,0.12331538611429349,-9.64339588708428,-9.766711273198574,-8.588317963710145
100.8,-10.405887734571959,-1.0913183734299934,-0.21968589965813018,-10.022637622912562,-9.802951723254433,-8.931319249482568
100.9,-10.40155112122241,-1.1266950984848765,-0.18232078321303816,-10.020649231522354,-9.838328448309316,-8.893954133037477
101.0,-10.054482444537618,-1.1611726171554086,0.1743376281725393,-9.698468338807308,-9.872805966979847,-8.5372957216519
101.1,-10.116407026467993,-1.1947161921937823,0.10725549858993154,-9.79909404342829,-9.906349542018221,-8.604377851234506
101.2,-10.193706863604,-1.2272918667739192,0.020409972518590655,-9.918515244079767,-9.938925216598358,-8.691223377305848
101.3,-10.237090448189596,-1.2588665000981234,-0.028513740262958755,-9.999013590185521,-9.970499849922563,-8.740147090087397
101.4,-10.248021166702909,-1.2894078022855764,-0.036607867232638966,-10.037649019342654,-10.001041152110016,-8.748241217057078
101.5,-10.245204050820728,-1.3188843685046954,-0.02245759555693065,-10.052975313886066,-10.030517718329135,-8.73409094538137
101.6,-10.242386934938546,-1.3472657123120628,-0.0030634651721347644,-10.061962527308637,-10.0588990621365,-8.714696814996573
101.7,-10.239569819056364,-1.3745222981613923,0.016130882971108602,-10.070024765014722,-10.08615564798583,-8.69550246685333
101.8,-10.236752703174183,-1.4006255730467663,0.028635398895744162,-10.083623523975461,-10.112258922871206,-8.682997950928694
101.9,-10.233935587292,-1.4255479972452223,0.028129897522261846,-10.1090514495474,-10.13718134706966,-8.683503452302176
102.0,-10.231118471409818,-1.449263074124611,0.009955907213323078,-10.150940516735727,-10.16089642394905,-8.701677442611116
102.1,-10.230519286432012,-1.4717453789835715,-0.029434218901452446,-10.212812947709462,-10.18337872880801,-8.74106756872589
102.2,-10.3160803668,-1.4929705868913918,-0.17074547601479617,-10.375349412730626,-10.20460393671583,-8.882378825839234
102.3,-10.089413782336056,-1.5129154994965148,-0.007870221576610215,-10.232419070897564,-10.224548849320954,-8.719503571401049
102.4,-9.898651647148043,-1.53155807077346,0.12135350951221777,-10.12183791108568,-10.243191420597899,-8.59027984031222
102.5,-9.720251144456041,-1.5488774316789762,0.25022719000528826,-10.010283591498126,-10.260510781503415,-8.46140615981915
102.6,-10.140326730372044,-1.564853913689329,-0.20079814441038343,-10.477285407924152,-10.276487263513769,-8.912431494234822
102.7,-9.85152422323999,-1.5794690711917352,0.07827265152482486,-10.21282976949135,-10.291102421016173,-8.633360698299613
102.8,-10.12085421823197,-1.5927057027041154,-0.17966159292685474,-10.484000645455408,-10.304339052528555,-8.891294942751294
102.9,-10.075912868279996,-1.604547870898497,-0.10340721735965216,-10.419588438082588,-10.316181220722935,-8.815040567184091
103.0,-9.950192715572006,-1.6149809214046211,0.07152546633871848,-10.255088804890342,-10.32661427122906,-8.64010788348572
103.1,-9.895804094100038,-1.6239915003715302,0.18873529023076463,-10.146889559965205,-10.33562485019597,-8.522898059593674
103.2,-10.116448887519994,-1.6315675707661828,0.035966878497761846,-10.30723404209286,-10.343200920590622,-8.675666471326677
103.3,-10.172378600983999,-1.6376984273894215,0.03974278116771998,-10.30958899604614,-10.34933177721386,-8.67189056865672
103.4,-10.347738717215991,-1.6423747105909299,-0.0995026896814224,-10.453510750096791,-10.354008060415369,-8.811136039505861
103.5,-10.324539428856056,-1.645588418666152,-0.07661012824892705,-10.433831896739518,-10.357221768490591,-8.788243478073365
103.6,-10.354564468291988,-1.6473329189194978,-0.1486812282569855,-10.507647497000923,-10.358966268743936,-8.860314578081423
103.7,-10.088994968920002,-1.6476029573795303,0.037982465878064295,-10.321253841325905,-10.359236307203968,-8.673650883946374
103.8,-9.766800628295998,-1.6463946671532215,0.2588073069489688,-10.09922071002869,-10.35802801697766,-8.45282604287547
103.9,-9.90485749019203,-1.643705575407774,0.017457585630582806,-10.33788133960163,-10.355338925232212,-8.694175764193856
104.0,-10.100276205747832,-1.6395346089699299,-0.26090228751485905,-10.612070246309228,-10.351167958794369,-8.972535637339298
104.1,-9.827613253612128,-1.6338820985341123,-0.031145765301907654,-10.376661213660459,-10.345515448358551,-8.742779115126346
104.2,-9.682244568079987,-1.626749781472216,0.12421088848121113,-10.214172242815444,-10.338383131296656,-8.587422461343227
104.3,-9.900075236147973,-1.618140803239301,-0.02894790502120135,-10.358722058084942,-10.32977415306374,-8.74058125484564
104.4,-9.930460741419962,-1.608059717370919,0.04740380354962406,-10.272289263645733,-10.319693067195358,-8.664229546274814
104.5,-9.919229456735984,-1.5965124840692833,0.17983669963007579,-10.128309134263645,-10.308145833893722,-8.531796650194362
104.6,-10.162813926207752,-1.5835064673769625,0.03322715934434762,-10.261912657857053,-10.2951398172014,-8.678406190480091
104.7,-10.194296527499985,-1.5690504309382736,0.03353389128914728,-10.247149889473565,-10.280683780762713,-8.678099458535291
104.8,-10.240209419348039,-1.553154532350027,-0.07675603415870062,-10.341543916333165,-10.264787882174465,-8.788389383983139
104.9,-10.360854247264024,-1.5358303161047746,-0.36692202662869583,-10.61438569255791,-10.247463665929214,-9.078555376453135
105.0,-9.799648331639984,-1.5170907051311902,-0.06048287058186308,-10.289206925537492,-10.228724054955629,-8.772116220406302
105.1,-10.034999972843977,-1.4969499909377029,-0.5895289889159925,-10.798112329678133,-10.208583340762141,-9.301162338740431
105.2,-8.006658632740152,-1.4754238223669827,1.166299361362915,-9.020757810828506,-10.187057172191421,-7.545333988461524
105.3,-9.273744157878914,-1.4525291929703492,-0.2969552598432098,-10.461117802637997,-10.164162542794788,-9.00858860966765
105.4,-8.539542457619952,-1.4282844270126502,0.35045350485874954,-9.78946427197834,-10.13991777683709,-8.361179844965688
105.5,-9.084978250918011,-1.4027091641196072,-0.16997280961265715,-10.284315323556703,-10.114342513944045,-8.881606159437096
105.6,-9.057502820092518,-1.3758243425810759,-0.030917553278452782,-10.118375245683968,-10.087457692405515,-8.742550903102892
105.7,-9.23,-1.3476521813251083,-0.04625284858121182,-10.10553837973076,-10.059285531149547,-8.75788619840565
105.8,-9.68252779705313,-1.3182161605791185,-0.33746099473664365,-10.367310505140201,-10.029849510403558,-9.049094344561082
105.9,-9.345600124007468,-1.2875410012358675,0.13596741036668322,-9.863206940693622,-9.999174351060306,-8.575665939457755
106.0,-9.687770260919528,-1.2556526429433674,-0.10470172962129708,-10.071987722389103,-9.967285992767806,-8.816335079445736
106.1,-9.613165772189747,-1.2225782209391776,0.04360361924088696,-9.890607951522728,-9.934211570763615,-8.668029730583552
106.2,-9.826012562682465,-1.1883460416509202,-0.10629262529301343,-10.006272016768373,-9.899979391475359,-8.817925975117452
106.3,-9.171353326731419,-1.1529855570861662,0.6174545353291923,-9.247164371581412,-9.864618906910605,-8.094178814495246
106.4,-10.0422571283475,-1.1165273380361567,-0.16969832023542955,-9.997859008096025,-9.828160687860596,-8.881331670059868
106.5,-10.1,-1.079003046119099,-0.13196235686862462,-9.922598752812162,-9.790636395943537,-8.843595706693064
106.6,-10.22436442347043,-1.0404454046900444,-0.16088677704862614,-9.91296553156311,-9.752078754514484,-8.872520126873065
106.7,-10.019748672962569,-1.0008881686455724,0.12460529394810496,-9.587916224521907,-9.71252151847001,-8.587028055876333
106.8,-10.285677456431985,-0.9603660931527137,-0.08617558790606705,-9.75817503088322,-9.671999442977153,-8.797808937730506
106.9,-10.189885611469434,-0.918914901332716,0.03504232461225798,-9.595505926544897,-9.630548251157155,-8.676591025212181
107.0,-10.304398267353998,-0.876571250931391,-0.07972098168174802,-9.667925582437578,-9.58820460075583,-8.791354331506186
107.1,-10.016550666343873,-0.8333727000088899,0.19268868280488843,-9.35231736702844,-9.54500604983333,-8.51894466701955
107.2,-10.321681968580013,-0.7893576716828329,-0.12925471672181982,-9.63024573822909,-9.500991021507271,-8.840888066546258
107.3,-10.147481882506742,-0.7445654179597456,0.04022937153275572,-9.415969396251429,-9.456198767784183,-8.671403978291684
107.4,-10.24082326773305,-0.6990359826907665,-0.03611754940888337,-9.446786881924089,-9.410669332515205,-8.747750899233322
107.5,-10.262687282600796,-0.6528101636885478,-0.01655373380581769,-9.380997247318804,-9.364443513512986,-8.728187083630257
107.6,-10.320135334761154,-0.6059294740432002,-0.01464256724232757,-9.332205391109966,-9.31756282386764,-8.726275917066767
107.7,-10.286297732625407,-0.5584361026760176,0.07961964998180623,-9.19044980251865,-9.270069452500456,-8.632013699842632
107.8,-10.278287413457754,-0.5103728741705605,0.12281120005819127,-9.099195023936808,-9.222006223994999,-8.588822149766248
107.9,-10.462880622633973,-0.46178320792148514,-0.08367502800327525,-9.2570915857492,-9.173416557745924,-8.795308377827714
108.0,-9.955372961455842,-0.4127110766422609,0.3147789044584574,-8.809565522008242,-9.124344426466699,-8.396854445365982
108.1,-10.362608347408996,-0.36320096427364273,-0.3073943437326964,-9.382228657830778,-9.074834314098082,-9.019027693557135
108.2,-9.913069131042738,-0.3132978233354309,-0.17679568305823054,-9.2017268562181,-9.02493117315987,-8.88842903288267
108.3,-9.604475592929013,-0.26304703176468636,-0.263822180053458,-9.238502561642584,-8.974680381589126,-8.975455529877896
108.4,-8.87388109320412,-0.2124943492841466,0.04399213503935759,-8.880135564069228,-8.924127699108585,-8.667641214785082
108.5,-8.804345104962628,-0.1616858733451263,-0.2769220765755592,-9.150241299745124,-8.873319223169565,-8.988555426399998
108.6,-6.9674448215080576,-0.11066799468967436,1.253667424514103,-7.568633920000011,-8.822301344514113,-7.457965925310336
108.7,-8.160352821012445,-0.05948735257720031,-0.1330888301985923,-8.904209532600232,-8.771120702401639,-8.84472218002303
108.8,-8.248622526396137,-0.008190789721174513,-0.3045251427109603,-9.024349282256573,-8.719824139545613,-9.0161584925354
108.9,-8.217676803449438,0.043174693018147914,-0.272725153562053,-8.941183810368344,-8.66845865680629,-8.984358503386492
109.0,-8.120818431378009,0.09456198213873751,-0.129384475714131,-8.746455843399833,-8.617071367685702,-8.84101782553857
109.1,-7.980739492272126,0.1459238971530464,0.06640921505586606,-8.499300237615527,-8.565709452671392,-8.645224134768572
109.2,-7.965218297747484,0.19721323634882734,0.12119698477141144,-8.3932231287042,-8.51442011347561,-8.590436365053026
109.3,-8.139863058557518,0.2483828226076885,-0.04318645970841416,-8.506436986925165,-8.46325052721675,-8.754819809532853
109.4,-7.947312705981003,0.29938554923446037,0.1291896338468419,-8.283058166743137,-8.412247800589979,-8.582443715977597
109.5,-8.07156920010615,0.35017442575040886,-0.039704515189943834,-8.401163439263973,-8.36145892407403,-8.751337865014383
109.6,-8.019078454752474,0.4007026236033338,-0.04657472719651864,-8.357505453417623,-8.310930726221105,-8.758208077020956
109.7,-8.08690188915768,0.4509235217476489,-0.17793045907449745,-8.438640287151287,-8.26070982807679,-8.889563808898936
109.8,-7.596210727652497,0.5007907520476462,0.2540212647327938,-7.956821333043999,-8.210842597776793,-8.457612085091645
109.9,-7.713439663881464,0.5502582444573064,0.0884043760837815,-8.072970729283352,-8.161375105367132,-8.623228973740657
110.0,-7.8891155183625195,0.5992802719302229,-0.12382401419969812,-8.236177092093914,-8.112353077894216,-8.835457364024137
110.1,-7.726020622023507,0.6478114950134679,0.012942593538154766,-8.050879261272817,-8.063821854810971,-8.698690756286284
110.2,-7.895532466250054,0.6958070060795325,-0.17521233025089963,-8.191038673995806,-8.015826343744907,-8.886845680075337
110.3,-7.6144127571729,0.7432223731508361,0.0934895341267818,-7.874921442546821,-7.968410976673603,-8.618143815697657
110.4,-7.6389270213720595,0.7900136832716991,0.06307990345315456,-7.858539763099585,-7.92161966655274,-8.648553446371285
110.5,-7.75140164461553,0.8361375853831365,-0.047484338259890235,-7.922980102701192,-7.875495764441302,-8.759117688084329
110.6,-7.666563548826669,0.8815513326563256,0.04791438934542655,-7.782167627822687,-7.830082017168113,-8.663718960479013
110.7,-7.707773480969978,0.9262128242411586,0.02518699248007366,-7.760233533103206,-7.78542052558328,-8.686446357344366
110.8,-7.814749475813981,0.9700806463868846,-0.058025902301950476,-7.799578605739504,-7.741552703437554,-8.76965925212639
110.9,-7.778960852697001,1.013114112892493,0.0026669082028643407,-7.695852328729082,-7.698519236931945,-8.708966441621575
111.0,-7.844805862007925,1.0552733048451786,-0.041987232047866065,-7.698347277027127,-7.656360044979261,-8.753620581872305
111.1,-7.810064444394516,1.096519109605968,0.005401296100951613,-7.609712944117519,-7.615114240218471,-8.706232053723488
111.2,-7.712653455189989,1.136813259002361,0.10270248601991483,-7.472117604802163,-7.574820090822078,-8.608930863804524
111.3,-7.663102143694776,1.1761183666886708,0.13654314430501407,-7.398971838830754,-7.5355149831357675,-8.575090205519425
111.4,-7.964128403048744,1.2143979646356087,-0.19604342235871552,-7.693278807547546,-7.49723538518883,-8.907676772183155
111.5,-7.901381521509846,1.2516165387115634,-0.1770269765687533,-7.637043787681629,-7.460016811112875,-8.888660326393191
111.6,-7.6909801615670395,1.2877395633189836,-0.014714942660089284,-7.438608729165544,-7.423893786505455,-8.726348292484529
111.7,-7.570367562351143,1.3227335350502467,0.06333604921920448,-7.325563765554987,-7.3888998147741916,-8.648297300605234
111.8,-7.103022169461524,1.3565660053284345,0.5017184337877681,-6.853348910708236,-7.355067344496004,-8.20991491603667
111.9,-7.971779465498675,1.3892056119994942,-0.379692882511854,-7.702120620336799,-7.3224277378249445,-9.091326232336293
112.0,-7.596983663621246,1.4206221098433622,-0.0048244325375593235,-7.295835672518636,-7.291011239981076,-8.716457782361998
112.1,-7.493640604956906,1.450786399972767,0.10355704479560873,-7.1572899050560626,-7.260846949851672,-8.60807630502883
112.2,-7.78826721139626,1.479670558089595,-0.18938375556312106,-7.421346547297965,-7.231962791734844,-8.90101710538756
112.3,-7.539200698493679,1.5072478615699039,0.052211607645827884,-7.152173880608707,-7.204385488254535,-8.65942174217861
112.4,-7.684550758069522,1.5334928153498983,-0.11181402159300263,-7.289954556067543,-7.17814053447454,-8.82344737141744
112.5,-7.239533257497389,1.5583811765864515,0.30432437701770304,-6.848927796220284,-7.153252173237988,-8.407308972806735
112.6,-7.640606768447467,1.5818899780670406,-0.13356701860465786,-7.263310390362056,-7.129743371757398,-8.845200368429097
112.7,-7.517059509787516,1.6039975503452852,-0.05281904430613175,-7.160454843785285,-7.107635799479153,-8.76445239413057
112.8,-7.313004665806361,1.62468354257962,0.10358904584006173,-6.983360761404757,-7.086949807244819,-8.608044303984377
112.9,-7.339025671404712,1.6439289420540029,0.025897215730196044,-7.04180719204024,-7.067704407770436,-8.685736134094242
113.0,-7.533086348579697,1.6617160923609466,-0.22241571033557458,-7.272332967799066,-7.049917257463492,-8.934049060160014
113.1,-7.209953326740515,1.6780287102285785,0.04651914752674008,-6.98708549206912,-7.03360463959586,-8.6651142022977
113.2,-7.212963827172503,1.692851900974855,-0.007171801475302779,-7.0259532503248865,-7.018781448849584,-8.718805151299742
113.3,-6.869125878985281,1.7061721725735202,0.2925989314116715,-6.712862245839247,-7.005461177250918,-8.419034418412767
113.4,-7.186748252754517,1.7179774483178463,-0.06079009877269886,-7.054446000279292,-6.993655901506592,-8.772423448597138
113.5,-7.252237766769845,1.7282570780696895,-0.15329498084002421,-7.136671252594773,-6.983376271754749,-8.864928330664464
113.6,-7.217062935047058,1.7370018480828782,-0.1359123468230542,-7.110543848564615,-6.974631501741561,-8.847545696647494
113.7,-7.097342655324984,1.7442039893914578,-0.023394069388499403,-6.99082342982148,-6.9674293604329804,-8.735027419212939
113.8,-6.966590906903292,1.7498571847548325,0.11207631062505792,-6.849699854444548,-6.961776165069606,-8.59955703919938
113.9,-6.869930065045703,1.7539565741533647,0.22413799828799152,-6.733538777383083,-6.957676775671074,-8.487495351536447
114.0,-7.131818183841,1.7564987588295224,-0.01767979587422097,-6.972814386869137,-6.955134590994916,-8.72931314569866
114.1,-7.233461538630245,1.7574818038712012,-0.1051441562313473,-7.059295702184585,-6.954151545953238,-8.816777506055786
114.2,-7.123111885072441,1.7569052393353806,0.0015744585367615666,-6.953153651952297,-6.954728110489058,-8.710058891287677
114.3,-7.229790205903281,1.754770059911813,-0.13512447137965766,-7.091987761292284,-6.956863289912626,-8.846757821204097
114.4,-7.024388587784742,1.751078723127987,0.012476985146830766,-6.948077641549621,-6.960554626696451,-8.699156364677608
114.5,-6.853994561826278,1.7458351460981367,0.10432393066650869,-6.861474273059793,-6.965798203726302,-8.60730941915793
114.6,-6.949782612315975,1.7390447008205987,-0.077112705773591,-7.049701354777431,-6.97258864900384,-8.788746055598029
114.7,-6.828804344957531,1.7307142080293567,-0.03275409993920082,-7.013673241734283,-6.980919141795082,-8.74438744976364
114.8,-6.837595109526729,1.7208519296071196,-0.09572123001261616,-7.086502650229935,-6.990781420217319,-8.807354579837055
114.9,-6.460244565444248,1.7094675595687998,0.25576603981879653,-6.746399750436842,-7.0021657902556385,-8.455867310005642
115.0,-6.5080706532335,1.6965722136257526,0.20602143151257468,-6.8090397046861115,-7.015061136198686,-8.505611918311864
115.1,-6.707500002348217,1.6821784173426302,0.015248060213395087,-7.014206872268414,-7.0294549324818085,-8.696385289611044
115.2,-6.988220109681232,1.6663000929001759,-0.2629080875074411,-7.308241344431703,-7.045333256924263,-8.97454143733188
115.3,-6.9519565199180295,1.6489525444787452,-0.24199604631007743,-7.3046768516557705,-7.0626808053456935,-8.953629396134517
115.4,-6.780978260261996,1.6301524422787805,-0.10486197037168013,-7.186342877917339,-7.081480907545658,-8.816495320196118
115.5,-6.427173909699007,1.6099178051958938,0.20816539703854448,-6.89355014759,-7.101715544628545,-8.503467952785893
115.6,-6.549293480390939,1.5882679821696115,0.05668942345916068,-7.066675944195667,-7.123365367654827,-8.654943926365277
115.7,-6.4339130422600235,1.565223632226217,0.17055386380853546,-6.975855853789686,-7.146409717598222,-8.541079486015903
115.8,-6.614823369946246,1.5408067032374917,0.022845179301412152,-7.147981467285534,-7.1708266465869475,-8.688788170523027
115.9,-6.66,1.5150404094184817,0.039938436506723275,-7.156654503899234,-7.1965929404059565,-8.671694913317715
116.0,-6.917065218001998,1.4879492075887268,-0.14140804876227586,-7.365092190997988,-7.223684142235712,-8.853041398586715
116.1,-6.956956524183966,1.4595587722226766,-0.1113189127726596,-7.363393490374422,-7.252074577601762,-8.822952262597099
116.2,-6.886711952392501,1.4298959693162565,0.00751335279013822,-7.274224027718044,-7.281737380508182,-8.7041199970343
116.3,-6.926413046386475,1.3989888290977799,-0.012280166463490547,-7.324924687190149,-7.312644520726659,-8.72391351628793
116.4,-6.908478259643997,1.3668665176125843,-0.0009775601462161249,-7.34574439235807,-7.344766832211855,-8.712610909970655
116.5,-6.8988586958054965,1.3335593072119285,-0.015420459880186753,-7.393494502492697,-7.378074042612511,-8.727053809704625
116.6,-6.774252716700772,1.29909854597781,0.07930063873378973,-7.333234165112839,-7.412534803846629,-8.63233271109065
116.7,-6.6863043476724995,1.2635166261164443,0.14121372905398816,-7.306902994654006,-7.448116723707995,-8.570419620770451
116.8,-6.740312501767732,1.2268469513542073,0.07028522312215521,-7.414501175348076,-7.484786398470232,-8.641348126702283
116.9,-6.929864130973241,1.1891239033708412,-0.1257008370156744,-7.648210283469272,-7.522509446453597,-8.837334186840113
117.0,-6.975475543555247,1.1503828073057052,-0.1669175271452243,-7.728168069663958,-7.561250542518733,-8.878550876969664
117.1,-6.946576086571259,1.11065989637379,-0.1204813057306273,-7.721454759181276,-7.600973453450649,-8.832114655555065
117.2,-6.8984239127350016,1.0699922756290945,-0.03673747086425498,-7.6783785450596,-7.641641074195344,-8.748370820688693
117.3,-6.626005436324666,1.0284178849138255,0.29422187585363,-7.388993589056984,-7.683215464910614,-8.417411473970809
117.4,-6.737896851733247,0.9859754610326834,0.2645191983528276,-7.461138690438927,-7.725657888791755,-8.447114151471611
117.5,-7.15281313933798,0.9427044991922633,-0.05056871971099797,-7.819497570343174,-7.768928850632175,-8.762202069535437
117.6,-7.570843937650731,0.8986452137463163,-0.36248473252582936,-8.175472868603952,-7.812988136078122,-9.074118082350267
117.7,-7.433791027453825,0.8538384982882968,-0.12527726554184004,-7.983072117077982,-7.857794851536142,-8.836910615366278
117.8,-7.243978560813779,0.8083258851332441,0.14998689007927676,-7.753320574611918,-7.903307464691195,-8.561646459745162
117.9,-7.376851977345528,0.7621495042316315,0.08424878029328423,-7.865235065299523,-7.949483845592807,-8.627384569531154
118.0,-7.43130608879034,0.7153520415583519,0.07881604272039593,-7.917465265545691,-7.996281308266087,-8.632817307104043
118.1,-7.580141995953456,0.6679766970204913,-0.03743403208190346,-8.08109068488585,-8.043656652803948,-8.749067381906341
118.2,-7.5848496794287135,0.620067141927987,-0.024267088153266496,-8.115833296049718,-8.091566207896452,-8.735900437977705
118.3,-7.58955736290397,0.5716674760716481,-0.023988873411933394,-8.163954747164723,-8.139965873752791,-8.735622223236373
118.4,-7.594265046379228,0.5228221844533697,-0.03382297540746066,-8.22263414077853,-8.18881116537107,-8.745456325231899
118.5,-7.598972729854484,0.47357609371364984,-0.049415533713010884,-8.2874727898238,-8.238057256110789,-8.76104888353745
118.6,-7.423221699811455,0.4239743283017733,0.11539304007036906,-8.172265981452297,-8.287659021522666,-8.59624030975407
118.7,-7.5484996709501075,0.3740622664342084,-0.014829946670683929,-8.352401030060914,-8.33757108339023,-8.726463296495123
118.8,-7.471022701223247,0.32388549588691246,0.06896620621688776,-8.31878164772064,-8.387747853937526,-8.64266714360755
118.9,-7.696618963289951,0.27348976966733085,-0.13527293424183304,-8.573416514398941,-8.438143580157108,-8.846906284066272
119.0,-7.657662492974973,0.2229209616119173,-0.057830843419945085,-8.546543231632466,-8.488712388212521,-8.769464193244383
119.1,-7.483410864081782,0.17222502195499623,0.17240515093308995,-8.367003176936352,-8.539408327869442,-8.53922819889135
119.2,-7.664973164007627,0.12144793291472908,0.06284865681044999,-8.52733676009926,-8.59018541690971,-8.648784693013988
119.3,-8.081443053929961,0.07063566434184118,-0.26896615112824374,-8.90996383661084,-8.640997685482597,-8.980599500952682
119.4,-7.7507453829498845,0.0198341294766059,0.15400614859510442,-8.537793071752729,-8.691799220347832,-8.557627201229334
119.5,-7.999427549624989,-0.03091085914062147,-0.0010902098539553977,-8.743634418819015,-8.742544208965061,-8.712723559678395
119.6,-8.187865231882586,-0.08155363356028394,-0.10191001537468025,-8.895096998759403,-8.793186983384723,-8.813543365199118
119.7,-7.98834289139914,-0.13204871407118557,0.17142527458928844,-8.672256789306337,-8.843682063895624,-8.54020807523515
119.8,-8.207513416385025,-0.1823508525603577,0.004901930992500421,-8.889082271392295,-8.893984202384797,-8.706731418831938
119.9,-8.234437701558216,-0.23241507554125002,0.004642830365925091,-8.939405594999764,-8.944048425365688,-8.706990519458513
120.0,-8.127476450907407,-0.28219672680671576,0.11292111485546667,-8.880908961775688,-8.993830076631154,-8.598712234968971
120.1,-8.86765658301632,-0.33165150966375506,-0.6426413646948482,-9.685926224183042,-9.043284859488194,-9.354274714519287
120.2,-7.892534276625516,-0.38073552870752053,0.3173849414557329,-8.774983937076227,-9.092368878531959,-8.394248408368705
120.3,-8.101800848211356,-0.4294053310926762,0.11535910454060322,-9.025679576376511,-9.141038680917115,-8.596274245283835
120.4,-8.116744199444401,-0.4776179472608316,0.15093436822174672,-9.038316928863523,-9.18925129708527,-8.560698981602693
120.5,-8.461355036537899,-0.5253309310834462,-0.08641889479545016,-9.323383175703334,-9.236964280907884,-8.798052244619889
120.6,-8.631271010861983,-0.5725023993803191,-0.09013810997004339,-9.374273859174801,-9.284135749204758,-8.801771459794482
120.7,-8.570346643010055,-0.6190910707745373,0.18668622523052886,-9.144038195368447,-9.330724420598976,-8.52494712459391
120.8,-9.484926459406083,-0.6650563038455574,-0.4803225829518585,-9.857012236621856,-9.376689653669995,-9.191955932776297
120.9,-8.574201703441176,-0.7103581345429368,0.6869155299729779,-8.735075954394398,-9.421991484367375,-8.02471781985146
121.0,-9.748602942506036,-0.754957312824112,-0.24482591508870782,-9.711416577737259,-9.466590662648551,-8.956459264913146
121.1,-10.04807772481799,-0.7988153384805395,-0.3337518454228332,-9.844200533727811,-9.510448688304978,-9.045385195247272
121.2,-9.769096629899815,-0.8418944961174715,0.11362659340293049,-9.439901252538979,-9.553527845941911,-8.598006756421508
121.3,-9.855252109223967,-0.8841578892536294,0.15329129791617552,-9.442499941161893,-9.595791239078068,-8.558342051908264
121.4,-10.236827729948537,-0.925569473508069,-0.13744881645841034,-9.774651639790918,-9.637202823332508,-8.84908216628285
121.5,-10.163161754585648,-0.9660940888425844,0.003854945133009131,-9.673872493534015,-9.677727438667024,-8.70777840469143
121.6,-9.95035712794785,-1.0056974908290992,0.2727348180192718,-9.444596022634267,-9.717330840653538,-8.438898531805167
121.7,-10.352489501730311,-1.0443463809126088,-0.07668932442357457,-9.832669055160622,-9.755979730737048,-8.788322674248013
121.8,-10.583928564916102,-1.0820084356413981,-0.25545165774182205,-10.049093443207658,-9.793641785465837,-8.967085007566261
121.9,-10.411817227465725,-1.1186523348374355,-0.032017989939658334,-9.862303674601533,-9.830285684661874,-8.743651339764098
122.0,-10.126302522543234,-1.1542477886810527,0.2983912969119792,-9.567489841593511,-9.865881138505491,-8.413242052912459
122.1,-10.408550425164034,-1.1887655636852579,0.0469449318113427,-9.853453981698355,-9.900398913509697,-8.664688418013096
122.2,-10.576544110529795,-1.2221775075362822,-0.1126726599021722,-10.046483517262892,-9.93381085736072,-8.82430600972661
122.3,-10.468004202836008,-1.254456572778243,-0.024048019976124452,-9.990137942578807,-9.966089922602682,-8.735681369800563
122.4,-10.593981051313804,-1.2855768393211071,-0.19817348173397908,-10.195383670879526,-9.997210189145546,-8.909806831558418
122.5,-10.216966823978026,-1.3155135357524577,0.1102786427748481,-9.916868242802048,-10.027146885576897,-8.601354707049591
122.6,-10.333364921907231,-1.344243059434907,-0.08080250495425373,-10.136678914213599,-10.055876409259346,-8.792435854778692
122.7,-10.135023707359963,-1.3717429953723543,0.05318201907234277,-10.03019432612445,-10.083376345196793,-8.658451330752095
122.8,-9.945071078028166,-1.3979921338296508,0.2020926636095468,-9.907532820044542,-10.109625483654089,-8.509540686214892
122.9,-10.088578189029892,-1.4229704866916275,0.045991125290425615,-10.08861271122564,-10.134603836516066,-8.665642224534013
123.0,-10.215876765885902,-1.4466593025488224,-0.06929064759750948,-10.227583299970771,-10.15829265237326,-8.780923997421949
123.1,-10.231563982714972,-1.4690410804986584,-0.058494217468429734,-10.239168647791526,-10.180674430323098,-8.77012756729287
123.2,-10.336492906390063,-1.4900995826522305,-0.13393262976266176,-10.335665562239331,-10.20173293247667,-8.8455659795871
123.3,-10.13981041716419,-1.509819845338279,0.08723562010478608,-10.134217575057932,-10.221453195162718,-8.624397729719652
123.4,-10.490710900809,-1.5281881889973543,-0.24641801055282359,-10.486239549374616,-10.239821538821793,-8.958051360377262
123.5,-9.93962086246715,-1.5451922267606002,0.31736817792520755,-9.939457398659831,-10.256825576585038,-8.394265171899232
123.6,-10.290663497718949,-1.560820871709015,-0.021027834252295402,-10.293482055785748,-10.272454221533454,-8.732661184076735
123.7,-10.245308060898727,-1.5750643428104834,0.03987107497280348,-10.24682661766212,-10.286697692634922,-8.671762274851636
123.8,-10.32018010267699,-1.5879141695332883,-0.016902966689015926,-10.316450486046744,-10.299547519357727,-8.728536316513456
123.9,-10.355824637660579,-1.5993631951362515,-0.03491361879358032,-10.34591016375427,-10.310996544960691,-8.746546968618018
124.0,-10.346113749455926,-1.6094055786370554,-0.011477223947605931,-10.3325161524091,-10.321038928461494,-8.723110573772045
124.1,-10.481279621525989,-1.6180367954617345,-0.1383173914669513,-10.467987536753125,-10.329670145286173,-8.84995074129139
124.2,-10.301232219744987,-1.625253636779704,0.04618540089507129,-10.290701585709071,-10.336886986604142,-8.665447948929367
124.3,-10.305093415391829,-1.6310542075301109,0.04655253879171425,-10.296135018562836,-10.34268755735455,-8.665080811032725
124.4,-10.38176992721562,-1.6354379231466714,-0.02279029900738057,-10.36986157197849,-10.34707127297111,-8.73442364883182
124.5,-10.12262537765137,-1.638405504989524,0.2472550511461731,-10.10278380366779,-10.350038854813963,-8.464378298678266
124.6,-10.509852493352868,-1.6399589744940006,-0.12906242453480585,-10.480654748853246,-10.351592324318439,-8.840695774359245
124.7,-10.400442471499991,-1.640101646047548,-0.015306610354612744,-10.3670416062266,-10.351734995871986,-8.72693996017905
124.8,-10.674926251136254,-1.6388381186073655,-0.29905608173289844,-10.649527550164702,-10.350471468431804,-9.010689431557337
124.9,-10.113549657551937,-1.636174266072627,0.23440961637574756,-10.113397999521318,-10.347807615897066,-8.47722373344869
125.0,-10.172595870631987,-1.632117226426448,0.1269688895463092,-10.216781686704577,-10.343750576250887,-8.58466446027813
125.1,-10.281238941883641,-1.626675389664019,-0.04924562788727117,-10.38755436737573,-10.338308739488458,-8.76087897771171
125.2,-10.231012783119972,-1.6198583845245729,-0.08162220069078416,-10.413113935039796,-10.331491734349012,-8.793255550515223
125.3,-10.1,-1.61167706404607,-0.041278143170079516,-10.364588557040587,-10.323310413870509,-8.752911492994519
125.4,-9.976666666666699,-1.6021434899626819,-0.0070792722538048115,-10.320856112040925,-10.31377683978712,-8.718712622078243
125.5,-9.803846153846154,-1.591270915966314,0.0893100849453925,-10.21359418084536,-10.302904265790753,-8.622323264879046
125.6,-9.919230769230781,-1.579073769854554,-0.0790806169904851,-10.369787736669478,-10.290707119678993,-8.790713966814923
125.7,-9.723076923076936,-1.5655676345885345,0.09548042506741303,-10.18172055934556,-10.277200984412973,-8.616152924757026
125.8,-9.749230769230776,-1.5507692282852825,0.08273933656701447,-10.179663241542707,-10.262402578109722,-8.628894013257424
125.9,-10.027692307692423,-1.5346963831701685,-0.14859426106486878,-10.394923994059475,-10.246329732994607,-8.860227610889307
126.0,-10.02384615384614,-1.5173680235160927,-0.06949085145050776,-10.298492224791039,-10.229001373340532,-8.781124201274947
126.1,-10.043846153846149,-1.4988041425970122,0.005004736446718068,-10.205432755974734,-10.210437492421452,-8.70662861337772
126.2,-9.948888888888915,-1.4790257786843708,0.20227153030688033,-9.988387598201928,-10.190659128508809,-8.509361819517558
126.3,-10.293703703703743,-1.4580549901158957,-0.04572383853991216,-10.215412178480246,-10.169688339940334,-8.75735718836435
126.4,-10.475555555555566,-1.4359148294671022,-0.15020255098384083,-10.297750730275382,-10.14754817929154,-8.861835900808279
126.5,-10.206666666666665,-1.412629316856682,0.16424088271880083,-9.96002178396232,-10.12426266668112,-8.547392467105638
126.6,-10.325925925925942,-1.3882234124177462,0.05086548109395389,-10.048991281148231,-10.099856762242185,-8.660767868730485
126.7,-10.46576923076927,-1.3627229879676577,-0.12326976757640568,-10.197626105368503,-10.074356337792096,-8.834903117400845
126.8,-10.485384615384625,-1.336154797909899,-0.2088500584140156,-10.256638206148354,-10.047788147734337,-8.920483408238454
126.9,-10.08615384615384,-1.308546449402105,0.1095354413496078,-9.910644357876937,-10.020179799226543,-8.60209790847483
127.0,-10.312307692307654,-1.279926371825025,-0.19111564337643847,-10.182675365025903,-9.991559721649464,-8.902748993200877
127.1,-9.655000000000053,-1.2503237855877736,0.41747239147291176,-9.5444847439393,-9.961957135412213,-8.294160958351528
127.2,-9.907692307692363,-1.2197686703052786,0.15342947283275993,-9.777972547296958,-9.931402020129717,-8.558203876991678
127.3,-10.094615384615391,-1.1882917323843534,-0.006405611771906725,-9.9063306939807,-9.899925082208792,-8.718038961596346
127.4,-10.502307692307708,-1.1559243720552752,-0.35583682373734077,-10.223394545617055,-9.867557721879713,-9.06747017356178
127.5,-10.298076923076946,-1.1226986498861842,-0.07234091902587328,-9.906672918736497,-9.834331999710622,-8.783974268850312
127.6,-10.597777777777798,-1.0886472528179907,-0.28006269921498317,-10.080343301857413,-9.80028060264243,-8.991696049039422
127.7,-9.97,-1.0538034597578145,0.4468993387175543,-9.3185374708647,-9.765436809582253,-8.264734011106885
127.8,-10.29166666666658,-1.0182011067692704,0.2259049826628054,-9.503929473930903,-9.729834456593709,-8.485728367161633
127.9,-10.635,-0.9818745518981635,-0.024992475992264784,-9.718500377714868,-9.693507901722603,-8.736625825816704
128.0,-10.894782608695627,-0.9448586396723474,-0.21551226078151198,-9.872004250278298,-9.656491989496786,-8.927145610605951
128.1,-10.948749999999853,-0.907188665314671,-0.24131800716998253,-9.860140022309093,-9.61882201513911,-8.952951356994422
128.2,-10.518333333333374,-0.8689003387080358,0.15887718530775802,-9.421656503224717,-9.580533688532475,-8.55275616451668
128.3,-10.459999999999999,-0.8300297481516636,0.11456180212034744,-9.427101295855755,-9.541663097976102,-8.597071547704092
128.4,-10.416956521739127,-0.7906133239476905,-0.027326117126500266,-9.52957279089863,-9.50224667377213,-8.73895946695094
128.5,-10.000434782608673,-0.7506878018571826,0.11694369311769857,-9.345377458563922,-9.462321151681621,-8.59468965670674
128.6,-9.666666666666556,-0.7102901864646038,0.09275875665693166,-9.32916477963211,-9.421923536289043,-8.618874593167508
128.7,-9.472857142856272,-0.6694577144896525,-0.1455616188683641,-9.526652683182455,-9.381091064314091,-8.857194968692802
128.8,-9.07909090909062,-0.6282278180852334,-0.23362811794391242,-9.573489285853585,-9.339861167909673,-8.94526146776835
128.9,-8.84666666666665,-0.5866380881601296,-0.49528273017834246,-9.793554168162911,-9.298271437984567,-9.206916080002781
129.0,-7.160000000000047,-0.5447262377647035,0.730278318146183,-8.52608126944296,-9.256359587589142,-7.981355031678255
129.1,-7.3272222222222885,-0.5025300655776647,0.17801831861309106,-9.036145096789012,-9.214163415402103,-8.533615031211347
129.2,-7.371578947368563,-0.4600874195316278,-0.14495241192528907,-9.316673181281356,-9.171720769356067,-8.856585761749727
129.3,-7.160526315789566,-0.41743616061480704,-0.0950842530307057,-9.224153763469952,-9.129069510439246,-8.806717602855144
129.4,-7.117368421052545,-0.37461412688579154,-0.10449163891821145,-9.190739115628443,-9.08624747671023,-8.81612498874265
129.5,-6.692105263157815,-0.331659097737897,0.3527656439227147,-8.69052680363962,-9.043292447562335,-8.358867705901725
129.6,-7.298702290076337,-0.2886087584490994,-0.1694022612526712,-9.169644369526209,-9.000242108273538,-8.88103561107711
129.7,-7.4437404580152595,-0.2455006650530347,-0.21013065268652004,-9.167264667563993,-8.957134014877473,-8.921764002510958
129.8,-7.4910526315788175,-0.2023722095659785,-0.16014986286242092,-9.074155422252838,-8.914005559390418,-8.871783212686859
129.9,-7.279999999999999,-0.15926058560412543,0.12264480196359426,-8.74824913346497,-8.870893935428564,-8.588988547860845
130.0,-7.262222222222264,-0.11620275442484634,0.17530677858103752,-8.652529325668247,-8.827836104249284,-8.536326571243402
130.1,-7.121578947368161,-0.07323541142493117,0.30682519173891065,-8.47804356951046,-8.78486876124937,-8.404808158085528
130.2,-7.516842105262905,-0.03039495312811874,-0.14631080728779308,-8.88833911024035,-8.742028302952557,-8.857944157112232
130.3,-7.394444444444292,0.012282555306523224,-0.13123424956600283,-8.830585044083918,-8.699350794517915,-8.842867599390441
130.4,-7.3152631578946705,0.054761412024577905,-0.20150719184765475,-8.858379129647515,-8.656871937799862,-8.913140541672094
130.5,-7.069473684210404,0.09700630983463182,-0.12910488053893718,-8.743731920528743,-8.614627039989807,-8.840738230363376
130.6,-6.634444444444466,0.1389823669558423,0.13614570588440755,-8.436505276984189,-8.572650982868597,-8.575487643940031
130.7,-6.59157894736792,0.1806551571264272,0.04307274011156349,-8.487905452586448,-8.530978192698011,-8.668560609712875
130.8,-6.340377358490412,0.22199073904567196,0.21584836005867847,-8.273794250720089,-8.489642610778766,-8.49578498976576
130.9,-6.216226415094482,0.262955685122963,0.32859509738630044,-8.120082567315176,-8.448677664701476,-8.383038252438139
131.0,-7.086981132075554,0.30351710950830124,-0.49366087467767605,-8.901777114993813,-8.408116240316138,-9.205294224502115
131.1,-6.757169811320715,0.34364269537970926,-0.07582907086030322,-8.443819725305033,-8.36799065444473,-8.787462420684742
131.2,-6.721698113207567,0.3833007214639395,0.06043198718626378,-8.267900641174235,-8.3283326283605,-8.651201362638174
131.3,-6.716226415094376,0.4224600877678948,0.1534383900187406,-8.135734872037803,-8.289173262056543,-8.558194959805698
131.4,-6.922830188679232,0.46109034049920444,0.0011778377024917377,-8.249365171622742,-8.250543009325234,-8.710455512121946
131.5,-7.004905660377302,0.49916169615544725,-0.07015186288536439,-8.282623516554356,-8.212471653668992,-8.781785212709803
131.6,-6.994528301886749,0.5366450647625767,-0.09176461242067385,-8.266752897482537,-8.174988285061861,-8.803397962245112
131.7,-6.939622641509389,0.5735120722441858,-0.09992260140285861,-8.238043878983111,-8.138121277580254,-8.811555951227298
131.8,-6.715849056603847,0.6097350819043468,0.04875999487845417,-8.053138273041638,-8.101898267920092,-8.662873354945985
131.9,-6.718867924528296,0.6452872150078666,-0.021103273145889605,-8.087449407962461,-8.066346134816571,-8.732736622970329
132.0,-6.2666037735849,0.6801423704429235,0.387000544519188,-7.644490434862327,-8.031490979381516,-8.324632805305251
132.1,-6.6953846153846035,0.7142752434521805,-0.05970848383799021,-8.057066590210248,-7.997358106372258,-8.77134183366243
132.2,-6.782000000000006,0.7476613434196133,-0.14594564195319346,-8.109917648358019,-7.963972006404825,-8.857578991777633
132.3,-6.6725660377358365,0.7802770107014354,-0.03292877459724144,-7.964285113720245,-7.9313563391230035,-8.74456212442168
132.4,-6.563132075471699,0.8120994324906641,0.06827867584481925,-7.831255241488956,-7.899533917333775,-8.64335467397962
132.5,-6.6330769230769215,0.8431066577060233,-0.02938551202168504,-7.8979122041401,-7.868526692118415,-8.741018861846124
132.6,-6.703018867924527,0.8732776108970486,-0.1422645843984846,-7.980620323325875,-7.83835573892739,-8.853897934222923
132.7,-6.633913043478242,0.9025921051584187,-0.11475217938713496,-7.923793424053155,-7.80904124466602,-8.826385529211574
132.8,-6.65057971014488,0.9310308540477072,-0.14749099723651213,-7.928093493013243,-7.780602495776732,-8.85912434706095
132.9,-5.994492753623174,0.9585754825019115,0.5409870235291845,-7.2120708437933425,-7.753057867322527,-8.170646326295254
133.0,-6.800869565217429,0.985208536749277,-0.1729949992969708,-7.899419812372132,-7.726424813075162,-8.88462834912141
133.1,-6.699999999999951,1.0109134932140948,0.07313245593983411,-7.62758740067051,-7.700719856610344,-8.638500893884604
133.2,-6.765294117647056,1.035674766413301,0.17928402734542193,-7.496674556065716,-7.675958583411138,-8.532349322479018
133.3,-6.9562857142857935,1.0594777158448567,0.1464471984609843,-7.5057084355185975,-7.652155633979582,-8.565186151363454
133.4,-7.453142857142825,1.0823086518690277,-0.24521531568974309,-7.874540013645154,-7.629324697955411,-8.956848665514181
133.5,-7.790000000000001,1.1041548405848043,-0.555503507081151,-8.162982016320786,-7.607478509239634,-9.267136856905589
133.6,-7.281142857143123,1.125004507704832,-0.10047656213468745,-7.687105404254294,-7.586628842119607,-8.812109911959126
133.7,-6.654705882353045,1.1448468414333248,0.41456130057876506,-7.152225207812348,-7.566786508391114,-8.297072049245674
133.8,-6.8599999999999755,1.1636719943525267,0.07862794267921139,-7.4693334127927,-7.547961355471912,-8.633005407145227
133.9,-6.872898550724445,1.1814710843243725,-0.044860475955975865,-7.575022741456042,-7.530162265500066,-8.756493825780414
134.0,-6.352571428571425,1.1982361944150575,0.4118492123416107,-7.101547943067771,-7.513397155409381,-8.299784137482828
134.1,-6.947058823529364,1.213960371851277,-0.19172432436144782,-7.689397302334609,-7.497672977973162,-8.903357674185887
134.2,-7.002571428571446,1.2286376260179266,-0.21268594915315672,-7.695681672959669,-7.482995723806512,-8.924319298977595
134.3,-6.771159420289867,1.242262925508062,0.07454055306308816,-7.394829871253289,-7.469370424316377,-8.637092796761351
134.4,-7.017536231884046,1.2548321942369158,-0.11934979521933639,-7.576150950806859,-7.456801155587523,-8.830983145043776
134.5,-6.870869565217383,1.266342306632725,0.05760100218461497,-7.387690041007099,-7.445291043191713,-8.654032347639824
134.6,-6.943768115942014,1.276791081918085,-0.015751402786951342,-7.450593670693305,-7.434842267906354,-8.72738475261139
134.7,-6.84,1.2861772774964602,0.059680748923657094,-7.365775323404321,-7.425456072327979,-8.651952600900781
134.8,-6.933913043478281,1.2945005814593822,-0.077970475075709,-7.495103243440766,-7.4171327683650565,-8.789603824900148
134.9,-6.753300970873814,1.301761604230744,0.062042423315809204,-7.347829322277885,-7.409871745593694,-8.64959092650863
135.0,-6.857281553398051,1.307961869365442,-0.059222971974540746,-7.462894452433537,-7.403671480458996,-8.770856321798979
135.1,-6.719417475728135,1.313103803520442,0.10199151077221935,-7.2965380355317775,-7.398529546303997,-8.60964183905222
135.2,-6.915631067961116,1.3171907256171407,-0.019566425829704522,-7.414009050037002,-7.394442624207298,-8.731199775654144
135.3,-7.131568627450989,1.3202268352146447,-0.10798024014696106,-7.499386754756755,-7.391406514609794,-8.8196135899714
135.4,-7.166116504854351,1.3222172001143468,0.02961000698403085,-7.359806142726061,-7.389416149710092,-8.682023342840408
135.5,-6.971941747572825,1.3231677432168603,0.4237207372031533,-6.964744869404425,-7.3884656066075785,-8.287912612621286
135.6,-7.988834951456117,1.3230852286530606,-0.387495235676224,-7.776043356847602,-7.388548121171378,-9.099128585500663
135.7,-7.750388349514582,1.321977247211621,0.04004273217083741,-7.349613370441981,-7.389656102612818,-8.671590617653601
135.8,-8.217572815534032,1.3198522010860365,-0.27217792770427374,-7.663959076442676,-7.391781148738402,-8.983811277528712
135.9,-7.981650485436906,1.3167192879647123,0.07471583534484932,-7.3201982265148775,-7.394914061859726,-8.63691751447959
136.0,-7.880909090909458,1.3125884844882287,0.239717135276559,-7.159327730059651,-7.39904486533621,-8.47191621454788
136.1,-8.19363636363628,1.3074705290984163,-0.05398768986557165,-7.458150510591594,-7.404162820726023,-8.76562103969001
136.2,-7.853636363636435,1.3013769043043388,0.2627711218198989,-7.1474853237002005,-7.410256445520099,-8.44886222800454
136.3,-8.040000000000001,1.2943198183907296,0.015315925758562325,-7.401997605675147,-7.4173135314337095,-8.696317424065876
136.4,-8.338181818181628,1.2863121865948344,-0.3731645815134763,-7.798485744743081,-7.425321163229604,-9.084797931337915
136.5,-8.177499999999917,1.2773676117779829,-0.31591998812547106,-7.750185726171927,-7.434265738046456,-9.027553337949909
136.6,-7.8707692307688415,1.2675003646185474,-0.10238238283298934,-7.546515368038881,-7.444132985205892,-8.814015732657428
136.7,-6.886190476190488,1.256725363353249,0.8244874738729434,-6.6304205125982465,-7.45490798647119,-7.887145875951496
136.8,-7.7395238095235905,1.2450581530940408,-0.032825621543530414,-7.499400818273928,-7.466575196730398,-8.744458971367969
136.9,-8.042857142857155,1.2325148847480205,-0.2825135051639549,-7.761631970240373,-7.479118465076418,-8.994146854988394
137.0,-7.98,1.2191122935680272,-0.12078390404581696,-7.613304960302228,-7.492521056256411,-8.832417253870256
137.1,-7.754285714285705,1.204867677361728,0.22402208232101267,-7.282743590141698,-7.506765672462711,-8.487611267503427
137.2,-8.10976190476191,1.18979887438713,-0.02279144025350579,-7.544625915690815,-7.521834475437309,-8.734424790077945
137.3,-8.044047619047625,1.173924240962538,0.11280308960777943,-7.424906019254122,-7.5377091088619,-8.598830260216658
137.4,-8.44,1.157262628819028,-0.2707607098579059,-7.825131430863316,-7.5543707210054105,-8.982394059682345
137.5,-8.413333333333288,1.1398333622235324,-0.29317477081602605,-7.864974758416932,-7.571799987600906,-9.004808120640465
137.6,-7.742857142857143,1.1216562149006015,0.278413790753181,-7.311563344170656,-7.589977134923837,-8.433219559071258
137.7,-7.746666666666698,1.1027513867808656,0.1491861905914274,-7.459695772452146,-7.608881963043573,-8.562447159233011
137.8,-7.763333333333316,1.0831394806041281,0.008108738785657495,-7.620385130434653,-7.628493869220311,-8.703524611038782
137.9,-7.67776119402985,1.0628414784049005,-0.005423097805706191,-7.654214969225245,-7.648791871419538,-8.717056447630146
138.0,-7.670298507462687,1.0418787179080369,-0.05576523952321776,-7.725519871439619,-7.669754631916402,-8.767398589347657
138.1,-7.6628358208955225,1.020272868861936,-0.05911825677081366,-7.750478737733316,-7.691360480962503,-8.770751606595253
138.2,-7.655373134328359,0.9980459093365602,-0.01983155042627073,-7.733418990914149,-7.713587440487879,-8.73146490025071
138.3,-7.647910447761193,0.975220102013264,0.04925036324365818,-7.687162884567517,-7.736413247811175,-8.66238298658078
138.4,-7.64044776119403,0.9518179704931503,0.1293633273809372,-7.630452051950352,-7.759815379331289,-8.5822700224435
138.5,-7.632985074626866,0.9278622756503452,0.19988771090466462,-7.583883363269429,-7.783771074174093,-8.511745638919773
138.6,-8.021428571428572,0.9033759920562453,-0.15173775314611387,-7.959995110914307,-7.808257357768193,-8.863371102970552
138.7,-8.219047619047641,0.8783822845004143,-0.34506004595550976,-8.178311111279534,-7.833251065324024,-9.056693395779948
138.8,-8.063809523809576,0.8529044846333982,-0.2099303635985027,-8.068659228789544,-7.858728865191041,-8.921563713422941
138.9,-7.851428571428571,0.8269660677563007,-0.021238429161782965,-7.905905711229921,-7.884667282068138,-8.732871778986222
139.0,-7.215238095238214,0.8005906297814971,0.6130318673365341,-7.298010852706407,-7.911042720042942,-8.098601482487904
139.1,-7.799285714285961,0.773801864388379,0.06737143892376521,-7.870460046512295,-7.937831485436059,-8.644261910900674
139.2,-8.054047619047456,0.7466235403975112,-0.10560959871967626,-8.070619408146603,-7.9650098094269275,-8.817242948544115
139.3,-8.096688741721877,0.71907947938604,-0.03696037063569636,-8.029514241074095,-7.992553870438399,-8.748593720460136
139.4,-8.196026490066235,0.6911935335666362,-0.020472750256815907,-8.040912566514619,-8.020439816257802,-8.732106100081255
139.5,-8.3728,0.6629895639516667,-0.10302513118902575,-8.151668917061798,-8.048643785872772,-8.814658481013465
139.6,-8.473046357615894,0.6344914188236854,-0.1485274352313889,-8.225669366232141,-8.077141931000753,-8.860160785055827
139.7,-8.479668874172184,0.6057229125326988,-0.14421051786846123,-8.2501209551602,-8.10591043729174,-8.8558438676929
139.8,-8.106333333333282,0.5767078046400228,0.2049565905754926,-7.929968954608923,-8.134925545184416,-8.506676759248947
139.9,-8.015165562913943,0.5474697794278675,0.2531638974625994,-7.910999672933972,-8.164163570396571,-8.45846945236184
140.0,-8.293311258278147,0.51803242579311,-0.06999643658568781,-8.263597360617016,-8.193600924031328,-8.781629786410127
140.1,-8.216622516556304,0.48841921754300593,-0.02867586459953593,-8.25188999688097,-8.223214132281432,-8.740309214423975
140.2,-8.182933333333326,0.4586534941098702,-0.015881382263220906,-8.26886123797779,-8.25297985571457,-8.72751473208766
140.3,-8.236266666666678,0.42875844170102617,-0.07636453694621641,-8.35923944506963,-8.282874908123413,-8.787997886770656
140.4,-8.184569536423835,0.3987570748995698,-0.021722601063543987,-8.334598875988412,-8.31287627492487,-8.733355950887983
140.5,-8.164,0.3686722187307345,0.007492333201626188,-8.335468797892078,-8.342961131093704,-8.704141016622813
140.6,-8.19733333333333,0.3385264912078684,-0.015777598535784594,-8.388884457152354,-8.37310685861657,-8.727410948360223
140.7,-8.096423841059607,0.3083422863712524,0.09214979515917476,-8.311141268294012,-8.403291063453187,-8.619483554665264
140.8,-8.100596026490104,0.27814175783219136,0.08675366825415472,-8.346737923738093,-8.433491591992247,-8.624879681570285
140.9,-8.27278145695366,0.24794680283401016,-0.10066373320592449,-8.564350280196352,-8.463686546990429,-8.812297083030364
141.0,-8.158000000000001,0.21777904684077293,-0.02020766965266756,-8.514061972636334,-8.493854302983666,-8.731841019477105
141.1,-8.10178807947019,0.18765982866373437,-0.020025498885112326,-8.543999020045817,-8.523973521160704,-8.731658848709552
141.2,-8.181258278145677,0.15761018613470423,-0.17610716211512206,-8.730130325804856,-8.554023163689735,-8.88774051193956
141.3,-7.718476821192004,0.1276508423346855,0.19431149280486318,-8.38967101468489,-8.583982507489754,-8.517321857019576
141.4,-7.5217333333333665,0.09780219238531723,0.2904250511121492,-8.323406106326972,-8.61383115743912,-8.421208298712289
141.5,-7.8684,0.06808429080982487,-0.1559785303012428,-8.799527589315856,-8.643549059014614,-8.867611880125681
141.6,-7.927483443708606,0.038516839469350916,-0.30320664134268704,-8.976323151697775,-8.673116510355088,-9.014839991167126
141.7,-7.7574666666667484,0.009119176079710023,-0.19754898590414136,-8.90006315964887,-8.702514173744728,-8.90918233572858
141.8,-7.264133333333228,-0.020089736687214754,0.26725629166168996,-8.464466794849963,-8.731723086511654,-8.444377058162749
141.9,-7.194238410596025,-0.04909132151404122,0.35274927523023913,-8.40797539610824,-8.76072467133848,-8.358884074594199
142.0,-7.342500000000048,-0.07786739615785096,0.2654302847687765,-8.524070461213514,-8.78950074598229,-8.446203065055663
142.1,-8.224999999999937,-0.10640018257778705,-0.5166818988505043,-9.33471543125273,-8.818033532402225,-9.228315248674942
142.2,-8.167187500000065,-0.1346723154693401,-0.32840002928228684,-9.174705694576065,-8.846305665293778,-9.040033379106726
142.3,-8.0196874999999,-0.16266685020517366,-0.029057854602616146,-8.903358054632228,-8.874300200029612,-8.740691204427055
142.4,-7.869375000000095,-0.19036727018313598,0.28704444912687177,-8.614956170880703,-8.902000620007575,-8.424588900697566
142.5,-8.117499999999927,-0.21775749358289054,0.2089496752729121,-8.720441168134418,-8.92939084340733,-8.502683674551527
142.6,-8.410967741935442,-0.24482187953336915,0.07342978923416854,-8.883025440123639,-8.956455229357807,-8.63820356059027
142.7,-8.546249999999677,-0.2715452336940167,0.06062208225415783,-8.922556501264298,-8.983178583518455,-8.651011267570281
142.8,-8.727500000000004,-0.2979128132535461,-0.05844146800715695,-9.067987631085142,-9.009546163077985,-8.770074817831595
142.9,-8.795625000000184,-0.3239103313506611,-0.14091812545214247,-9.176461806627243,-9.035543681175099,-8.85255147527658
143.0,-9.096451612903218,-0.3495239609219264,-0.5307724778170981,-9.591929788563464,-9.061157310746365,-9.242405827641537
143.1,-8.554687500000002,-0.3747403379826757,-0.12902428807286032,-9.215397975879975,-9.086373687807114,-8.8406576378973
143.2,-7.617187500000227,-0.3995465643475395,0.6579345658234873,-8.45324534834849,-9.111179914171979,-8.053698784000952
143.3,-7.770000000000022,-0.42393020979785295,0.389308083474916,-8.746255476147375,-9.135563559622291,-8.322325266349523
143.4,-8.30923076923067,-0.44787931370385986,-0.19408235644162514,-9.353595019969923,-9.159512663528298,-8.905715706266063
143.5,-8.952820512820505,-0.4713823861102736,-0.7902984703476541,-9.973314206282367,-9.183015735934712,-9.501931820172093
143.6,-7.82,-0.49442840829437545,0.4813116549897054,-8.724750103129109,-9.206061758118814,-8.230321694834734
143.7,-8.31820512820493,-0.5170068328064304,0.19403623500752812,-9.03460394762334,-9.228640182630869,-8.51759711481691
143.8,-8.745128205128228,-0.5391075830027872,0.01489729211320033,-9.235843640714025,-9.250740932827226,-8.696736057711238
143.9,-8.976249999999999,-0.5607210520825835,0.023293130537812033,-9.24906127136921,-9.272354401907021,-8.688340219286626
144.0,-9.169999999999927,-0.5818381016395234,0.0158451424561871,-9.277626309007776,-9.293471451463962,-8.69578820736825
144.1,-9.459871794871798,-0.6024500597407026,-0.17339220997169202,-9.487475619536834,-9.314083409565141,-8.88502555979613
144.2,-9.435641025641031,-0.6225487185449565,-0.1433909396710589,-9.477573008040455,-9.334182068369396,-8.855024289495498
144.3,-9.496538461538478,-0.6421263314736753,-0.274708182287646,-9.62846786358576,-9.353759681298113,-8.986341532112085
144.4,-9.244615384615384,-0.6611756099474762,-0.12756857809281041,-9.500377537864725,-9.372808959771914,-8.83920192791725
144.5,-8.818974358974463,-0.6796897197025448,0.21000041599767327,-9.18132265352931,-9.391323069526983,-8.501632933826766
144.6,-8.145641025641103,-0.6976622767008568,0.8537615155766245,-8.55553411094867,-9.409295626525296,-7.857871834247814
144.7,-9.149113924050633,-0.7150873426488646,-0.1035990576390598,-9.530319750112364,-9.426720692473303,-8.8152324074635
144.8,-9.336153846153886,-0.7319594201395769,-0.18112598400788027,-9.624718753971896,-9.443592769964015,-8.89275933383232
144.9,-9.530256410256415,-0.7482734474332834,-0.23643591805610678,-9.696342715313829,-9.459906797257721,-8.948069267880545
145.0,-9.569638009049774,-0.7640247928924729,-0.14807697686080235,-9.623735119577715,-9.475658142716911,-8.85971032668524
145.1,-9.583212669683256,-0.7792092490867596,-0.07575473652177621,-9.566597335432974,-9.490842598911199,-8.787388086346215
145.2,-9.577500000000002,-0.7938230265838742,-0.03786239863698458,-9.543318775045297,-9.505456376408313,-8.749495748461424
145.3,-9.36,-0.8078627474429971,0.16576404713597365,-9.353732050131462,-9.519496097267435,-8.545869302688464
145.4,-9.402499999999982,-0.8213254384268968,0.08405820240239344,-9.448900585848943,-9.532958788251335,-8.627575147422045
145.5,-9.424999999999999,-0.8342085239494976,0.021179475080350105,-9.524662398693586,-9.545841873773936,-8.690453874744088
145.6,-9.392857142857196,-0.8465098187756419,0.030733329742707746,-9.527409838857373,-9.55814316860008,-8.680900020081731
145.7,-9.394999999999985,-0.8582275204899168,0.03259478795175822,-9.537266082362597,-9.569860870314356,-8.67903856187268
145.8,-9.5,-0.8693602017514979,-0.043702182440308796,-9.624695734016246,-9.580993551575936,-8.755335532264748
145.9,-9.507500000000002,-0.8799068023520202,-0.0073407175101406165,-9.5988808696866,-9.591540152176458,-8.71897406733458
146.0,-9.67,-0.8898666210935124,-0.12311302368261055,-9.724612994600562,-9.601499970917951,-8.834746373507048
146.1,-9.571250000000003,-0.8992393075034346,0.014946274917138631,-9.595926382410735,-9.610872657327873,-8.6966870749073
146.2,-9.558749999999996,-0.9080248534038338,0.054182533036541414,-9.56547567019173,-9.619658203228273,-8.657450816787897
146.3,-9.62250000000001,-0.9162235843515865,0.005524721864590887,-9.622332212311434,-9.627856934176025,-8.706108627959848
146.4,-9.627500000000005,-0.9238361509666142,0.010176892515746438,-9.625292608275306,-9.635469500791054,-8.701456457308693
146.5,-9.620000000000001,-0.9308635201648634,0.031585263759917825,-9.610911606229385,-9.642496869989301,-8.68004808606452
146.6,-9.774285714285657,-0.9373069663127093,-0.09354476687008995,-9.742485083007239,-9.648940316137148,-8.80517811669453
146.7,-9.74999999999999,-0.9431680623192977,-0.015061192113730233,-9.669862604257467,-9.654801412143737,-8.72669454193817
146.8,-9.804999999999996,-0.9484486706831571,0.014916766139894911,-9.6451652543677,-9.660082020507597,-8.696716583684545
146.9,-10.008571428571502,-0.9531509345092183,-0.0742444050580172,-9.739028689391674,-9.664784284333656,-8.785877754882456
147.0,-9.85,-0.9572772685121533,0.21738644493148274,-9.45152417340511,-9.668910618336593,-8.494246904892956
147.1,-10.127142857142859,-0.9608303500217004,0.07150109526019911,-9.60096260458594,-9.672463699846139,-8.64013225456424
147.2,-10.213749999999987,-0.9638131100053714,0.08749899107933547,-9.587947468750475,-9.67544645982981,-8.624134358745103
147.3,-10.410000000000021,-0.96622872412365,-0.06105194384907638,-9.738914017797166,-9.677862073948088,-8.772685293673515
147.4,-10.747142857142803,-0.9680806038324741,-0.4221943627950757,-10.101908316451988,-9.679713953656913,-9.133827712619514
147.5,-10.315000000000001,-0.9693723875474668,-0.08606600860188729,-9.767071745973793,-9.681005737371905,-8.797699358426327
147.6,-9.967500000000014,-0.9701079318840239,0.11103864991030024,-9.570702631798163,-9.681741281708463,-8.600594699914138
147.7,-9.628750000000013,-0.9702913029869958,0.27539507663029983,-9.406529576181136,-9.681924652811434,-8.436238273194139
147.8,-9.640000000000022,-0.9699267679633102,0.09949194648924459,-9.582068171298504,-9.681560117787749,-8.612141403335194
147.9,-9.668571428571388,-0.9690187864304739,-0.05601523161351114,-9.736667367868424,-9.680652136254913,-8.76764858143795
148.0,-9.67,-0.9675720021934638,-0.12986358312724341,-9.809068935145145,-9.679205352017902,-8.841496932951681
148.1,-9.544999999999996,-0.9655912350620748,-0.018242658743180103,-9.695467243629693,-9.677224584886513,-8.729876008567619
148.2,-9.502857142857149,-0.9630814728203347,0.06348063130241002,-9.611234191342364,-9.674714822644773,-8.648152718522029
148.3,-9.713750000000038,-0.9600478633591196,-0.06903598308887572,-9.740717196272435,-9.671681213183557,-8.780669332913314
148.4,-9.821428571428607,-0.9564957069826174,-0.07944772151526738,-9.747576778322323,-9.668129056807055,-8.791081071339706
148.5,-9.62,-0.9524304488987845,0.21458672546794577,-9.449477073255277,-9.664063798723223,-8.497046624356493
148.6,-9.979999999999919,-0.9478576719034261,-0.08225670284397632,-9.741747724571841,-9.659491021727865,-8.793890052668415
148.7,-9.65,-0.9427830892670073,0.2589234625433643,-9.395492976548082,-9.654416439091445,-8.452709887281074
148.8,-10.074999999999982,-0.9372125378327619,-0.22222972503585833,-9.871075612693058,-9.6488458876572,-8.933863074860296
148.9,-9.762499999999987,-0.9311519713341243,-0.035997980131439185,-9.678783301290002,-9.642785321158563,-8.747631329955878
149.0,-9.88,-0.92460745393895,-0.336492361493542,-9.97273316525693,-9.636240803763389,-9.048125711317981
149.1,-9.235000000000074,-0.9175851540274309,0.09748198116901663,-9.531736522682852,-9.62921850385187,-8.614151368655422
149.2,-8.999999999999993,-0.9100913382100394,0.13097202087608015,-9.490752667158398,-9.621724688034478,-8.58066132894836
149.3,-8.67499999999994,-0.9021323655912575,0.3000529598726989,-9.313712755542998,-9.613765715415695,-8.41158038995174
149.4,-8.994999999999937,-0.8937146822842693,-0.10586322840999335,-9.711211260518702,-9.605348032108708,-8.817496578234431
149.5,-8.955714285714313,-0.8848448161812036,-0.07583166931300196,-9.672309835318645,-9.596478166005642,-8.787465019137441
149.6,-8.825000000000047,-0.8755293719829284,0.1109377885773268,-9.476224933230041,-9.587162721807367,-8.600695561247113
149.7,-9.2,-0.8657750264918026,-0.16737188784282764,-9.744780264159068,-9.57740837631624,-8.879005237667267
149.8,-9.033750000000072,-0.8555885241702001,0.10558415428095375,-9.461637719713686,-9.567221873994638,-8.606049195543484
149.9,-9.327499999999985,-0.844976672967024,-0.10028251000403132,-9.656892532795494,-9.556610022791462,-8.81191585982847
150.0,-9.313750000000011,-0.8339463404138361,-0.03827064269481069,-9.583850332933086,-9.545579690238275,-8.749903992519249
150.1,-9.254999999999946,-0.8225044499916343,0.01999926741489657,-9.514138532401176,-9.534137799816072,-8.691634082409543
150.2,-9.210000000000095,-0.8106579777687193,0.01895848893785623,-9.503332838655302,-9.522291327593159,-8.692674860886582
150.3,-9.111428571428595,-0.7984139493095042,0.03941654951232447,-9.470630749621618,-9.510047299133943,-8.672216800312114
150.4,-9.033750000000024,-0.7857794368535405,0.02705558226401379,-9.470357204413965,-9.497412786677979,-8.684577767560425
150.5,-9.032500000000011,-0.7727615567634512,-0.05112518176197224,-9.535520088349863,-9.48439490658789,-8.76275853158641
150.6,-9.055714285714242,-0.7593674672398937,-0.1224833719135268,-9.59348418897786,-9.471000817064333,-8.834116721737965
150.7,-8.74,-0.7456043663011066,0.19121367140552975,-9.266024044720016,-9.457237716125546,-8.520419678418909
150.8,-9.119999999999951,-0.7314794900240373,-0.13913487884094441,-9.58224771868942,-9.443112839848476,-8.850768228665384
150.9,-8.970000000000004,-0.7170001110435003,0.10615991280107487,-9.322473548066863,-9.428633460867939,-8.605473437023363
151.0,-9.113750000000012,-0.7021735373052707,0.08566625833866244,-9.328140628791047,-9.41380688712971,-8.625967091485776
151.1,-9.300000000000015,-0.6870071110684929,0.024223965617096076,-9.374416495275835,-9.398640460892931,-8.687409384207342
151.2,-9.304999999999977,-0.6715082081522618,0.11650423899531623,-9.266637318981385,-9.3831415579767,-8.595129110829122
151.3,-9.752500000000092,-0.6556842374207288,-0.2849369223104717,-9.65225450955564,-9.367317587245168,-8.99657027213491
151.4,-9.68624999999987,-0.6395426405005882,-0.23468562855799557,-9.585861618883023,-9.351175990325027,-8.946318978382434
151.5,-9.349999999999978,-0.6230908917243203,0.029197691671541348,-9.305526549877218,-9.33472424154876,-8.682435658152897
151.6,-8.971428571428737,-0.6063364982920996,0.29905173700964727,-9.018918111106892,-9.317969848116539,-8.412581612814792
151.7,-9.4,-0.5892870006448225,-0.24761773667067563,-9.548538087139937,-9.300920350469262,-8.959251086495115
151.8,-8.665000000000086,-0.5719499730402754,0.38450134120341095,-8.899081981661304,-9.283583322864715,-8.327132008621028
151.9,-9.034285714285751,-0.5543330243240379,-0.05761396330972146,-9.323580337458198,-9.265966374148476,-8.76924731313416
152.0,-9.005000000000024,-0.5364437988863191,-0.0688772839841228,-9.31695443269488,-9.248077148710758,-8.78051063380856
152.1,-8.874285714285671,-0.5182899777955282,0.04534576487535472,-9.184577562744613,-9.229923327619966,-8.666287584949083
152.2,-9.090000000000039,-0.4998792800990203,-0.17592861059282583,-9.387441240516285,-9.211512629923458,-8.887561960417264
152.3,-8.919999999999986,-0.48121946428110085,-0.012359823424415328,-9.205212637529955,-9.192852814105539,-8.723993173248854
152.4,-8.848750000000068,-0.4623183298680463,0.04547789255149025,-9.128473787140996,-9.173951679692484,-8.666155457272948
152.5,-9.000000000000009,-0.44318371916957944,-0.12544488277578628,-9.280261951769804,-9.154817068994019,-8.837078232600225
152.6,-8.699999999999983,-0.4238235191459522,0.15420877878676859,-8.981248090183623,-9.13545686897039,-8.55742457103767
152.7,-8.79181818181818,-0.4042456633895112,0.0480947145498232,-9.067784298664126,-9.11587901321395,-8.663538635274616
152.8,-8.81,-0.3844581342093737,0.02592276288277279,-9.07016872115104,-9.096091484033812,-8.685710586941665
152.9,-8.85,-0.36446896480760904,-0.007847095655837518,-9.083949410287886,-9.076102314632047,-8.719480445480276
153.0,-8.868181818181819,-0.34428624153511284,-0.013540265983452236,-9.069459857343004,-9.055919591359551,-8.725173615807892
153.1,-9.017272727272715,-0.32391810621517475,-0.1495376811772945,-9.185089137216908,-9.035551456039613,-8.861171031001733
153.2,-8.773636363636381,-0.30337275852257445,0.10299936340642075,-8.912006744940593,-9.015006108347013,-8.608633986418019
153.3,-8.90100000000002,-0.282658458405899,-0.0219454777771093,-9.016237286007447,-8.994291808230338,-8.733578827601548
153.4,-8.885454545454541,-0.2617835285406538,-0.01002484634119002,-8.983441724706282,-8.973416878365093,-8.72165819616563
153.5,-8.879999999999995,-0.24075635680064247,-0.012065371125626934,-8.964455077750708,-8.95238970662508,-8.723698720950066
153.6,-8.839090909090928,-0.21958539873501653,0.019799847923067562,-8.911418900636388,-8.931218748559456,-8.691833501901371
153.7,-8.785999999999992,-0.19827918003834283,0.06329502016098831,-8.846617509701794,-8.909912529862781,-8.648338329663451
153.8,-8.822727272727255,-0.17684629900100995,0.015425789736638402,-8.87305385908881,-8.888479648825449,-8.6962075600878
153.9,-8.794545454545464,-0.15529542892728754,0.028554579695956178,-8.838374199055771,-8.866928778751726,-8.683078770128482
154.0,-8.90363636363635,-0.13363532050837068,-0.10139971888481938,-8.94666838921763,-8.845268670332809,-8.813033068709258
154.1,-8.757272727272714,-0.1118748041377808,0.019093700103292595,-8.804414453858927,-8.82350815396222,-8.692539649721146
154.2,-8.93,-0.09002279215655967,-0.1796525167136496,-8.981308658694648,-8.801656141980999,-8.89128586653809
154.3,-8.61,-0.06808828101577694,0.12248032467073969,-8.657241306169476,-8.779721630840216,-8.5891530251537
154.4,-8.67363636363637,-0.04608035334398197,0.05814427373750969,-8.69956942943091,-8.75771370316842,-8.65348907608693
154.5,-8.761818181818175,-0.0240081799073619,-0.007648638285822844,-8.743290168017623,-8.7356415297318,-8.71928198811026
154.6,-8.721818181818184,-0.001881021450520326,0.07749123783751298,-8.636023133437446,-8.71351437127496,-8.634142111986925
154.7,-8.881999999999993,0.020291769594031922,-0.022423258830293925,-8.713764839060701,-8.691341580230407,-8.734056608654733
154.8,-8.902727272727262,0.042500747539385625,0.019000599557214965,-8.650132002727839,-8.669132602285053,-8.692632750267224
154.9,-8.984545454545474,0.06473637203223469,-0.013797814635914046,-8.660694792428117,-8.646896977792204,-8.725431164460353
155.0,-9.093636363636366,0.08698900680662211,-0.09907219538986008,-8.723716538407677,-8.624644343017817,-8.810705545214299
155.1,-9.042000000000009,0.1092489186144224,-0.05405604542063921,-8.656440476630655,-8.602384431210016,-8.765689395245078
155.2,-8.947272727272725,0.1315062763432697,0.006823506758226176,-8.573303566722943,-8.580127073481169,-8.704809843066213
155.3,-8.894545454545444,0.15375115033234063,0.008829312840078252,-8.549052886652019,-8.557882199492099,-8.702804036984361
155.4,-8.723636363636366,0.17597351189607846,0.12606075909861128,-8.40959907882975,-8.53565983792836,-8.585572590725828
155.5,-8.752727272727263,0.19816323306560596,0.053555295072087304,-8.459914821686745,-8.513470116758834,-8.658078054752352
155.6,-8.88,0.22031008655721554,-0.09755864809137584,-8.588881911358598,-8.491323263267223,-8.809191997915814
155.7,-8.82,0.24240374597694783,-0.0376494977333067,-8.506879101580797,-8.469229603847491,-8.749282847557746
155.8,-8.71999999999999,0.264433786269877,0.08562949423997149,-8.36157006931459,-8.447199563554562,-8.626003855584468
155.9,-8.857272727272754,0.2863896844223093,-0.008391429068081704,-8.433635094470212,-8.42524366540213,-8.72002477889252
156.0,-8.999090909090912,0.3082608204246737,-0.09171511999437601,-8.495087649394142,-8.403372529399766,-8.803348469818815
156.1,-8.970000000000002,0.3300364785024432,0.006269779573066955,-8.375327091748929,-8.381596871321996,-8.705363570251372
156.2,-9.073636363636334,0.3517058486219636,-0.022716691688440177,-8.382644192890915,-8.359927501202476,-8.73435004151288
156.3,-9.106363636363628,0.3732580282775983,0.019813955599713103,-8.318561365947128,-8.33837532154684,-8.691819394224726
156.4,-9.11545454545455,0.3946820245661108,0.07972072352703533,-8.237230601731293,-8.316951325258328,-8.631912626297403
156.5,-9.19181818181818,0.41596675655370696,0.05681684331887134,-8.23884974995186,-8.295666593270731,-8.654816506505567
156.6,-9.257000000000003,0.43710105794065135,0.01874394969927668,-8.25578834218451,-8.274532291883787,-8.692889400125162
156.7,-9.322727272727272,0.45807368002784754,-0.05580772845906085,-8.309367398255652,-8.25355966979659,-8.7674410782835
156.8,-9.302727272727255,0.4788732949892422,-0.08507345700586758,-8.317833511841064,-8.232760054835197,-8.796706806830306
156.9,-9.180909090909092,0.49948849945336826,-0.049227684540826294,-8.261372534911896,-8.21214485037107,-8.760861034365265
157.0,-9.19,0.5199078183967953,-0.1683810728877633,-8.360106604315407,-8.191725531427643,-8.880014422712202
157.1,-8.61,0.5401197093516925,0.2961918332356857,-7.875321807237061,-8.171513640472746,-8.415441516588754
157.2,-8.79181818181815,0.5601125669291454,0.012975612439527655,-8.138545170455766,-8.151520782895293,-8.698657737384911
157.3,-8.850909090909097,0.5798747276592948,-0.11945420011863198,-8.251212822283776,-8.131758622165144,-8.83108754994307
157.4,-8.605454545454537,0.5993944751487885,0.08499866034193579,-8.027240214333714,-8.11223887467565,-8.626634689482502
157.5,-8.691999999999993,0.618660045555453,-0.017094280633483436,-8.110067584902469,-8.092973304268986,-8.728727630457922
157.6,-8.502727272727263,0.637659633379507,0.16595071214924417,-7.908023004295687,-8.073973716444932,-8.545682637675194
157.7,-8.60090909090907,0.6563813975700497,0.05043163120190845,-8.004820321052481,-8.05525195225439,-8.66120171862253
157.8,-8.860000000000005,0.6748134679449637,-0.25480201378373385,-8.291621895663209,-8.036819881879476,-8.966435363608172
157.9,-8.712727272727285,0.6929439519217839,-0.19044553443580603,-8.209134932338461,-8.018689397902655,-8.902078884260245
158.0,-8.344,0.710760941556487,0.06442165485329554,-7.936450753414656,-8.000872408267952,-8.647211694971142
158.1,-8.253636363636371,0.7282525208865678,0.028626885508599702,-7.954753943429271,-7.983380828937871,-8.68300646431584
158.2,-8.030000000000015,0.745406773574179,0.13945644057790452,-7.826770135672355,-7.96622657625026,-8.572176909246535
158.3,-7.962727272727314,0.7622117908445181,0.13189713454404697,-7.817524424435874,-7.949421558979921,-8.579736215280391
158.4,-8.19,0.7786556797140705,-0.11549819087200625,-8.048475860982375,-7.932977670110368,-8.827131540696445
158.5,-7.97,0.7947265715027282,0.14451167649308072,-7.7723951018286295,-7.91690677832171,-8.567121673331357
158.6,-8.624545454545336,0.8104126306232365,-0.41551799250921884,-8.316738711710421,-7.901220719201202,-9.127151342333658
158.7,-8.060000000000091,0.825702063640848,0.28398821490092796,-7.601943071282663,-7.885931286183591,-8.42764513492351
158.8,-8.487272727272744,0.8405831285955039,0.012983519555144447,-7.85806670167379,-7.871050221228935,-8.698649830269295
158.9,-8.644000000000002,0.855044144578311,0.012940855784838449,-7.843648349461289,-7.856589205246127,-8.6986924940396
159.0,-8.836363636363645,0.8690735015535311,-0.041619143864883495,-7.884178992135791,-7.842559848270907,-8.753252493689322
159.1,-8.987272727272725,0.8826596704167712,-0.08795117422041432,-7.916924853628082,-7.828973679407667,-8.799584524044853
159.2,-8.937272727272742,0.8957912132795327,0.026733613299394922,-7.7891085232455115,-7.815842136544906,-8.684899736525043
159.3,-8.911818181818205,0.9084567939697664,0.07921193994348649,-7.723964615911186,-7.803176555854672,-8.632421409880953
159.4,-9.023,0.9206451887375738,-0.03221254731392546,-7.82320070840079,-7.790988161086865,-8.743845897138364
159.5,-9.057272727272725,0.9323452971547123,-0.07801943755309464,-7.857307490222821,-7.779288052669727,-8.789652787377534
159.6,-9.08090909090913,0.9435461531960767,-0.10709518817398589,-7.875182384802348,-7.768087196628362,-8.818728537998425
159.7,-8.872727272727259,0.9542369364908758,0.11510582360129534,-7.6422905897322675,-7.757396413333563,-8.596527526223143
159.8,-9.0,0.9644069837307709,0.024801685048460274,-7.722424681045208,-7.747226366093668,-8.686831664775978
159.9,-8.95,0.9740458002218114,0.12383414402786304,-7.613753405574764,-7.737587549602627,-8.587799205796575
160.0,-9.068181818181827,0.9831430715665929,0.04058344282109239,-7.6879068354367535,-7.728490278257846,-8.671049907003347
160.1,-9.022727272727277,0.9916886754626587,0.06975771343634228,-7.650186960925438,-7.71994467436178,-8.641875636388097
160.2,-8.959090909090913,0.9996726936027913,0.027421044317235212,-7.6845396119044125,-7.711960656221647,-8.684212305507204
160.3,-8.863636363636349,1.0070854236624747,-0.09990363085752249,-7.804451557019487,-7.704547926161964,-8.81153698068196
160.4,-8.753999999999994,1.0139173913594675,-0.33360777570805233,-8.031323734173023,-7.697715958464971,-9.045241125532492
160.5,-8.077272727272781,1.0201593625701055,-0.09471067777080268,-7.786184665025136,-7.691473987254334,-8.806344027595241
160.6,-7.572727272727268,1.0258023554866447,-0.06944638097210648,-7.7552773753099,-7.685830994337794,-8.781079730796545
160.7,-7.08363636363653,1.030837652799678,-0.03397256208770669,-7.714768259112468,-7.68079569702476,-8.745605911912145
160.8,-6.152999999999997,1.035256813889395,0.5305719618999767,-7.145804574035067,-7.676376535935043,-8.181061387924462
160.9,-6.152727272727284,1.0390516870092155,0.29020100945365934,-7.3823806533615635,-7.672581662815223,-8.42143234037078
161.0,-6.354545454545468,1.0422144214451154,-0.023156928247340947,-7.692575856626664,-7.669418928379323,-8.73479027807178
161.1,-6.51,1.044737479633757,-0.1891242798459013,-7.856020150036583,-7.6668958701906815,-8.90075762967034
161.2,-6.51,1.0466136492223772,-0.14424706863031972,-7.809266769232381,-7.665019700602062,-8.855880418454758
161.3,-6.5185000000000155,1.0478360550532355,-0.09613180281403455,-7.759929097585237,-7.663797294771204,-8.807765152638474
161.4,-6.603500000000003,1.048398171055291,-0.1374851544269124,-7.80072033319606,-7.663235178769147,-8.84911850425135
161.5,-6.669523809523818,1.0482938320256896,-0.17040450953871777,-7.833744027337467,-7.663339517798749,-8.882037859363157
161.6,-6.564761904761909,1.0475172452835555,-0.01667883423023174,-7.680794938771115,-7.664116104540883,-8.728312184054671
161.7,-6.46,1.046063002178534,0.19023192036923087,-7.475338427276673,-7.665570347645905,-8.521401429455208
161.8,-6.610000000000021,1.043926089436501,0.2259083744017486,-7.44179888598619,-7.667707260387938,-8.48572497542269
161.9,-6.76,1.0411019003248552,0.3528691815323464,-7.317662267967237,-7.670531449499584,-8.358764168292092
162.0,-7.425,1.0375862456198246,0.03460735808252505,-7.639439746122089,-7.6740471042046146,-8.677025991741914
162.1,-8.09,1.0333753643582688,-0.259379553184633,-7.937637538650803,-7.678257985466169,-8.971012903009072
162.2,-8.384999999999957,1.0284659343565283,-0.21368756226499563,-7.896854977732906,-7.68316741546791,-8.925320912089434
162.3,-8.68,1.0228550824789648,-0.24414301059468557,-7.932921277940159,-7.688778267345474,-8.955776360419124
162.4,-8.61,1.0165403946389628,-0.009587383735701088,-7.704680338921177,-7.695092955185476,-8.72122073356014
162.5,-8.54,1.0095199255152987,0.1269492280326962,-7.575164196276444,-7.70211342430914,-8.584684121791742
162.6,-8.520952380952382,1.0017922079669594,0.13674507628810195,-7.573096065569377,-7.7098411418574795,-8.574888273536336
162.7,-8.501904761904765,0.9933562621296855,0.10223749050977492,-7.616039597184979,-7.718277087694753,-8.609395859314663
162.8,-8.509,0.9842116041777281,0.02679702099329989,-7.7006247246534105,-7.72742174564671,-8.684836328831139
162.9,-8.519,0.9743582547345553,-0.046276603952782394,-7.783551699042666,-7.737275095089883,-8.75790995377722
163.0,-8.443500000000004,0.963796746916509,-0.02026393502916635,-7.768100537937096,-7.747836602907929,-8.731897284853606
163.1,-8.358500000000015,0.9525281339937037,0.02748135075991058,-7.731623865070825,-7.7591052158307345,-8.684151999064529
163.2,-8.399499999999989,0.9405539966527715,-0.045095915756974525,-7.8161752689286415,-7.771079353171667,-8.756729265581413
163.3,-8.454500000000005,0.9278764498463953,-0.13306725432353747,-7.916824154301581,-7.7837568999780435,-8.844700604147976
163.4,-8.297142857142857,0.9144981492149352,-0.014543935250778003,-7.811679135860281,-7.797135200609503,-8.726177285075217
163.5,-8.116190476190493,0.9004222970658309,0.12041633454846824,-7.69079471821014,-7.811211052758608,-8.591217015275971
163.6,-8.15599999999999,0.8856526478968697,0.02753580704934539,-7.798444894878224,-7.825980701927569,-8.684097542775094
163.7,-8.250999999999989,0.8701935134498402,-0.1290686642379591,-7.970508500612557,-7.841439836374598,-8.840702014062398
163.8,-8.005999999999943,0.8540497672815317,0.04041310881776851,-7.817170473725138,-7.857583582542907,-8.67122024100667
163.9,-7.675999999999944,0.8372268488395146,0.2711718342049879,-7.603234666779937,-7.874406500984924,-8.44046151561945
164.0,-7.730000000000008,0.8197307670306242,0.08231429996679597,-7.8095882828270184,-7.891902582793815,-8.629319049857642
164.1,-7.8799999999999875,0.8015681032705771,-0.24671582020045446,-8.156781066754316,-7.910065246553861,-8.958349170024894
164.2,-7.578571428571507,0.7827460140036783,-0.1665595739891254,-8.095446909809885,-7.92888733582076,-8.878192923813565
164.3,-7.164285714285715,0.7632722326821243,0.0023790235221620576,-7.945982093620152,-7.948361117142315,-8.709254326302277
164.4,-6.952500000000003,0.7431550711949713,-0.019952584493881195,-7.988430863123349,-7.968478278629467,-8.73158593431832
164.5,-6.827500000000003,0.7224034207374164,-0.0710146221116115,-8.060244551198634,-7.989229929087022,-8.78264797193605
164.6,-6.678000000000004,0.7010267521116421,0.00775241697964478,-8.002854180733152,-8.010606597712796,-8.703880932844793
164.7,-6.518000000000004,0.6790351154510869,0.23683111084759548,-7.795767123525756,-8.032598234373351,-8.474802238976844
164.8,-6.696153846153874,0.6564391393606299,0.27831034386035963,-7.776883866603449,-8.055194210463808,-8.433323005964079
164.9,-7.283333333333333,0.6332500294658286,0.04390573729107161,-8.034477583067538,-8.07838332035861,-8.667727612533367
165.0,-8.100769230769242,0.6094795663650002,-0.3289254124788523,-8.43107919593829,-8.102153783459439,-9.040558762303291
165.1,-8.254615384615358,0.585140102978608,-9.129703115241805e-05,-8.126584543876984,-8.12649324684583,-8.711724646855592
165.2,-8.89999999999995,0.5602445612910993,-0.17689025001357808,-8.328279038546917,-8.151388788533339,-8.888523599838017
165.3,-9.169230769230778,0.5348064284810308,-0.03092322926679225,-8.2077501506102,-8.176826921343409,-8.74255657909123
165.4,-9.353333333333333,0.5088397524360225,0.12560419896683964,-8.077189398421577,-8.202793597388416,-8.586029150857598
165.5,-9.687692307692329,0.48235913664979335,0.053135913879957614,-8.176138299294688,-8.229274213174646,-8.658497435944481
165.6,-10.026153846153788,0.4553797344992515,-0.09472695965339195,-8.350980574978578,-8.256253615325187,-8.806360309477832
165.7,-9.947500000000009,0.4279172429003427,0.11552431318783395,-8.168191793736263,-8.283716106924096,-8.596109036636605
165.8,-10.066153846153865,0.3999878953420942,0.08095321142171512,-8.230692243060629,-8.311645454482344,-8.630680138402724
165.9,-10.193333333333333,0.3716084542990318,-0.0018584452365315723,-8.341883340761939,-8.340024895525406,-8.713491795060971
166.0,-10.184615384615386,0.3427962030228961,0.01613016696556567,-8.352706979835977,-8.368837146801543,-8.695503182858873
166.1,-10.207692307692305,0.3135689367153319,-0.02804394120156918,-8.426108354310676,-8.398064413109108,-8.739677291026007
166.2,-10.269999999999994,0.28394495308397893,-0.1327371943725935,-8.560425591113054,-8.427688396740459,-8.844370544197032
166.3,-10.311538461538463,0.2539430422851465,-0.22189670439629816,-8.67958701193559,-8.457690307539291,-8.933530054220737
166.4,-10.090000000000039,0.22358247625701372,-0.03137159515561252,-8.519422468723038,-8.488050873567426,-8.74300494498005
166.5,-9.615833333333272,0.19288299744805068,0.45055607625220534,-8.068194276124183,-8.518750352376388,-8.261077273572234
166.6,-10.274166666666542,0.16186480694611538,-0.14647137309526131,-8.696239915973585,-8.549768542878324,-8.8581047229197
166.7,-10.125384615384666,0.1305485520144346,0.11831095160893709,-8.462773846201067,-8.581084797810004,-8.593322398215502
166.8,-10.27,0.0989553130414298,0.13048149583240307,-8.482196540950605,-8.61267803678301,-8.581151853992036
166.9,-10.654615384615362,0.06710658991209853,-0.0811905981432627,-8.725717358055602,-8.64452675991234,-8.792823947967701
167.0,-10.98333333333333,0.03502428780940629,-0.24773283009814467,-8.924341892113176,-8.676609062015032,-8.959366179922583
167.1,-11.01666666666666,0.002730702454883445,-0.14994289418231915,-8.858845541551874,-8.708902647369555,-8.861576244006757
167.2,-10.930000000000023,-0.02975149520164541,0.02870970331286596,-8.712675141713218,-8.741384845026085,-8.682923646511572
167.3,-10.865,-0.06239927483254604,0.15064000928175666,-8.623392615375229,-8.774032624656984,-8.560993340542682
167.4,-10.92307692307691,-0.09518926311170192,0.1257865852240732,-8.681036027712068,-8.806822612936141,-8.585846764600365
167.5,-11.098750000000008,-0.12809776061060535,-0.028472209087814213,-8.86820331952286,-8.839731110435045,-8.740105558912253
167.6,-11.072499999999993,-0.16110075919843275,0.014599970632882132,-8.858134138389989,-8.872734109022872,-8.697033379191556
167.7,-11.128750000000004,-0.19417395993263925,-0.02883432774473548,-8.934641637501814,-8.905807309757078,-8.740467677569175
167.8,-11.11,-0.22729279142592906,-0.006089708329530812,-8.9450158495799,-8.938926141250368,-8.71772305815397
167.9,-11.088888888888924,-0.2604324286747964,0.003140727899999654,-8.968925050599236,-8.972065778499235,-8.708492621924439
168.0,-11.174999999999978,-0.29356781233418083,-0.11646966641399228,-9.121670828572611,-9.00520116215862,-8.828103016238432
168.1,-10.985,-0.32667366842214496,0.01663054666748639,-9.021676471579097,-9.038307018246584,-8.695002803156953
168.2,-10.750000000000028,-0.3597245284378628,0.17453093219193141,-8.89682694607037,-9.071357878262301,-8.537102417632507
168.3,-11.03,-0.3926947498756007,-0.19521529688699205,-9.299543396587032,-9.104328099700039,-8.906848646711431
168.4,-10.707499999999996,-0.4255585371167866,0.03500042594515216,-9.102191460996073,-9.137191886941226,-8.676632923879287
168.5,-10.59,-0.4582899626816914,0.06794770668346112,-9.10197560582267,-9.16992331250613,-8.643685643140978
168.6,-10.563333333333333,-0.490862988821695,0.025737381638754567,-9.17675895700738,-9.202496338646133,-8.685895968185685
168.7,-10.616249999999992,-0.5232514894325748,-0.07679043654268386,-9.311675275799697,-9.234884839257013,-8.788423786367122
168.8,-10.47749999999996,-0.5554292722687442,0.029784516182675864,-9.237278105910507,-9.267062622093183,-8.681848833641762
168.9,-10.421250000000024,-0.5873701014378689,0.06416764712508609,-9.234835804137221,-9.299003451262308,-8.647465702699353
169.0,-10.539999999999996,-0.6190477201548267,-0.0773029045589346,-9.4079839745382,-9.330681069979265,-8.788936254383373
169.1,-10.413750000000025,-0.6504358737335143,0.012425781371260242,-9.349643442186693,-9.362069223557953,-8.699207568453179
169.2,-10.271249999999988,-0.6815083327945879,0.09285886175237063,-9.300282820866656,-9.393141682619026,-8.618774488072068
169.3,-10.293333333333333,-0.71223891666681,-0.02402598598817519,-9.447898252479424,-9.423872266491248,-8.735659335812613
169.4,-10.135,-0.7426015169592998,0.007294178939726278,-9.446940687844013,-9.454234866783738,-8.704339170884712
169.5,-10.277499999999977,-0.7725701212816235,-0.2841488441711449,-9.768352315277207,-9.484203471106062,-8.995782193995584
169.6,-9.64,-0.8021188370883311,0.20225163522308598,-9.311500551689683,-9.51375218691277,-8.509381714601354
169.7,-9.850000000000064,-0.8312219156242336,-0.13518409774439666,-9.678039363193069,-9.542855265448672,-8.846817447568835
169.8,-9.54999999999999,-0.8598537759464399,0.08660088833718624,-9.484886237433692,-9.57148712577088,-8.625032461487253
169.9,-9.595000000000017,-0.8879890289989057,0.030419185220422716,-9.569203193602922,-9.599622378823344,-8.681214164604016
170.0,-9.566666666666661,-0.915602501715032,0.11851482940159005,-9.50872102213788,-9.62723585153947,-8.593118520422848
170.1,-9.705000000000004,-0.9426692611236293,0.09847103155155558,-9.555831579396513,-9.654302610948069,-8.613162318272883
170.2,-9.924999999999969,-0.9691646384334045,0.029298367369428202,-9.651499620888416,-9.680797988257844,-8.68233498245501
170.3,-10.22499999999999,-0.9950642530709686,-0.1192584453150569,-9.825956048210465,-9.706697602895407,-8.830891795139495
170.4,-10.421250000000029,-1.0203440366472456,-0.19115258086285916,-9.923129967334543,-9.731977386471684,-8.902785930687298
170.5,-10.443750000000033,-1.0449802568270714,-0.13101858826133522,-9.887632194912845,-9.75661360665151,-8.842651938085774
170.6,-10.266249999999982,-1.068949541076703,0.08978393323366284,-9.690798957667479,-9.780582890901142,-8.621849416590775
170.7,-10.360000000000056,-1.0922289002639287,0.01695436470240406,-9.786907885385963,-9.803862250088368,-8.694678985122035
170.8,-10.270000000000007,-1.1147957520854574,0.12942761052822616,-9.69700149138167,-9.826429101909897,-8.582205739296212
170.9,-10.48,-1.1366279442962843,-0.03495734498470954,-9.883218639105433,-9.848261294120723,-8.746590694809148
171.0,-10.252500000000087,-1.1577037777157884,0.2731457804326314,-9.596191347107595,-9.869337127540227,-8.438487569391807
171.1,-10.690000000000001,-1.1780020289853885,-0.04958449807041293,-9.939219876880241,-9.889635378809828,-8.761217847894851
171.2,-11.149999999999912,-1.1975019730526935,-0.3720668817495515,-10.281202204626684,-9.909135322877132,-9.08370023157399
171.3,-10.63,-1.216183405357221,0.2916502945801206,-9.636166460601538,-9.92781675518166,-8.419983055244318
171.4,-11.348888888888828,-1.2340266636929211,-0.29295835649917534,-10.238618370016535,-9.94566001351736,-9.004591706323614
171.5,-11.043749999999982,-1.2510126497229368,0.1264625552888285,-9.836183444258547,-9.962645999547375,-8.58517079453561
171.6,-11.131250000000025,-1.267122850122253,0.1290909448981748,-9.849665255048517,-9.978756199946691,-8.582542404926263
171.7,-11.493749999999883,-1.282339357324139,-0.166192605003232,-10.16016531215181,-9.993972707148577,-8.87782595482767
171.8,-11.256250000000083,-1.2966448898465686,0.12004553823098427,-9.888232701440023,-10.008278239671007,-8.591587811593454
171.9,-11.478749999999977,-1.3100228121751005,-0.06695886991437698,-10.088615031913916,-10.02165616199954,-8.778592219738815
172.0,-11.441250000000009,-1.3224571541790509,-0.003152025150112035,-10.037242529153602,-10.03409050400349,-8.71478537497455
172.1,-11.317777777777804,-1.3339326300381333,0.13906802428804255,-9.90649795557453,-10.045565979862571,-8.572565325536397
172.2,-11.55,-1.3444346566571488,-0.08300087648136396,-10.13906888296295,-10.056068006481588,-8.794634226305803
172.3,-11.49500000000001,-1.3539493715467068,-0.029318347290125446,-10.09490106866127,-10.065582721371145,-8.740951697114564
172.4,-11.445,-1.3624636501484129,0.004705469590642372,-10.069391530382209,-10.074096999972852,-8.706927880233795
172.5,-11.424999999999988,-1.3699651225834164,-0.007933321272590107,-10.089531793680445,-10.081598472407855,-8.719566671097029
172.6,-11.45,-1.376442189803713,-0.08230808411487724,-10.170383623743028,-10.088075539628152,-8.793941433939317
172.7,-11.217499999999959,-1.3818840391261071,0.08564615516464405,-10.007871233785902,-10.093517388950545,-8.625987194659794
172.8,-11.149999999999887,-1.3862806591292876,0.07557317199056668,-10.02234083696316,-10.097914008953726,-8.636060177833873
172.9,-11.300000000000033,-1.3896228538950295,-0.16343666307392052,-10.26469286679339,-10.101256203719469,-8.875070012898359
173.0,-10.721249999999914,-1.3919022565751313,0.3154519791124797,-9.78808362728709,-10.10353560639957,-8.39618137071196
173.1,-11.211250000000042,-1.3931113422663046,-0.28507938692393653,-10.38982407901468,-10.104744692090744,-8.996712736748375
173.2,-10.81125,-1.3932434401758655,-0.00511238211928737,-10.109989172119592,-10.104876790000304,-8.716745731943726
173.3,-10.561249999999982,-1.3922927450617375,0.11889274037764662,-9.98503335450853,-10.103926094886177,-8.592740609446793
173.4,-10.69750000000003,-1.3902543279309476,-0.14286353298340024,-10.244751210738787,-10.101887677755386,-8.854496882807839
173.5,-10.29,-1.3871241459814947,0.14834812083729423,-9.95040937496864,-10.098757495805934,-8.563285228987144
173.6,-10.405000000000054,-1.3828990517731854,-0.06422963924900714,-10.158762040846632,-10.094532401597624,-8.775862989073445
173.7,-10.309999999999954,-1.3775768016137637,-0.039705529528327475,-10.12891568096653,-10.089210151438202,-8.751338879352765
173.8,-10.214999999999947,-1.371156063147416,0.017436652907371113,-10.065352760064483,-10.082789412971854,-8.694196696917068
173.9,-10.15,-1.3636364221334982,0.07848419174952725,-9.99678558020841,-10.075269771957936,-8.633149158074911
174.0,-10.287499999999982,-1.355018388404118,-0.03256211701270771,-10.099213855241265,-10.066651738228558,-8.744195466837146
174.1,-10.25,-1.3453034009900042,0.05416177794925711,-10.002774972865186,-10.056936750814444,-8.657471571875181
174.2,-10.275714285714312,-1.334493832404911,0.09065750351579335,-9.955469678713555,-10.04612718222935,-8.620975846308646
174.3,-10.793749999999848,-1.3225929920796298,-0.361282640632021,-10.39550898253609,-10.034226341904068,-9.07291599045646
174.4,-10.357142857142879,-1.3096051289375295,0.13944109807414742,-9.881797380687821,-10.021238478761969,-8.572192251750291
174.5,-10.452500000000015,-1.295535433104386,0.10468870760550318,-9.902480075323322,-10.007168782928824,-8.606944642218936
174.6,-10.67,-1.2803900367461378,-0.053659598004946185,-10.045682984575523,-9.992023386570576,-8.765292947829385
174.7,-10.658749999999984,-1.2641760140290723,0.019046985438721308,-9.95676237841479,-9.97580936385351,-8.692586364385717
174.8,-10.702499999999986,-1.2469013801978261,0.042523548817167085,-9.916011181205098,-9.958534730022265,-8.669109801007272
174.9,-10.93,-1.2285750897674854,-0.11028833509557294,-10.050496774687497,-9.940208439591924,-8.821921684920012
175.0,-10.895000000000026,-1.2092070338269558,0.005850525350783488,-9.914989858300611,-9.920840383651395,-8.705782824473655
175.1,-10.925714285714305,-1.188808036451685,0.05850057492522367,-9.8419408113509,-9.900441386276125,-8.653132774899214
175.2,-11.007499999999942,-1.1673898502247264,0.054879559408877086,-9.824143640640289,-9.879023200049165,-8.656753790415562
175.3,-11.078750000000015,-1.1449651508660477,0.04695363985495588,-9.80964486083553,-9.856598500690486,-8.664679709969484
175.4,-11.165714285714289,-1.121547530970902,-0.001076256705393486,-9.834257137500733,-9.833180880795341,-8.712709606529833
175.5,-11.312499999999986,-1.0971514928590005,-0.13952550122497226,-9.948310343908412,-9.808784842683439,-8.85115885104941
175.6,-11.27,-1.0717924405371437,-0.11931651428357101,-9.902742304645153,-9.783425790361582,-8.83094986410801
175.7,-11.059999999999983,-1.0454866707788903,0.04460868756578687,-9.712511333037542,-9.75712002060333,-8.667024662258651
175.8,-11.122499999999986,-1.0182513633257582,-0.076429898749099,-9.806314611899296,-9.729884713150197,-8.788063248573538
175.9,-10.61,-0.9901045702153755,0.37612691160848577,-9.325611008431329,-9.701737920039815,-8.335506438215953
176.0,-10.997499999999995,-0.9610652042429075,-0.06669991704926716,-9.739398471116614,-9.672698554067345,-8.778333266873705
176.1,-10.931428571428574,-0.9311530265629993,-0.052655149082339925,-9.695441525469779,-9.642786376387438,-8.76428849890678
176.2,-10.997499999999977,-0.9003886334403799,-0.17481052863000496,-9.786832511894824,-9.61202198326482,-8.886443878454443
176.3,-10.555714285714327,-0.8687934421581734,0.19748038381338087,-9.382946408169232,-9.580426791982612,-8.514152966011057
176.4,-10.65,-0.8363896760938503,0.013864377595619471,-9.53415864832267,-9.548023025918289,-8.69776897222882
176.5,-10.709999999999985,-0.8032003489736456,-0.15464301528255936,-9.669476714080643,-9.514833698798084,-8.866276365106998
176.6,-10.456249999999974,-0.769249248317139,-0.018615586069560278,-9.499498184211138,-9.480882598141578,-8.730248935893998
176.7,-10.443750000000032,-0.7345609180845619,-0.11448793189374933,-9.56068219980275,-9.446194267909,-8.826121281718189
176.8,-10.250000000000018,-0.6991606405402497,0.003229479469684833,-9.407564510895003,-9.410793990364688,-8.708403870354754
176.9,-9.91,-0.6630744173465033,0.31995935188254765,-9.054748415288394,-9.374707767170943,-8.391673997941892
177.0,-10.464999999999977,-0.6263289499029522,-0.19532091410039876,-9.53328321382779,-9.33796229972739,-8.906954263924838
177.1,-10.24999999999998,-0.5889516189473293,0.11699771460137609,-9.183587254170392,-9.300584968771767,-8.594635635223062
177.2,-10.376666666666699,-0.5509704634343706,0.12317157136692562,-9.139432241891884,-9.26260381325881,-8.588461778457512
177.3,-10.673333333333415,-0.5124141587103402,-0.03999242897538284,-9.264039937510162,-9.22404750853478,-8.751625778799822
177.4,-10.926666666666803,-0.47331199400145,-0.1989140675401157,-9.383859411366004,-9.18494534382589,-8.910547417364555
177.5,-10.739999999999858,-0.433693849235199,0.008035923787531804,-9.137291275272107,-9.145327199059638,-8.703597426036907
177.6,-10.67,-0.39359017121439277,0.0023693915789529466,-9.102854129459878,-9.105223521038832,-8.709263958245486
177.7,-10.41,-0.3530319491643187,0.08729110248766071,-8.977374196501097,-9.064665298988757,-8.624342247336777
177.8,-10.34,-0.31205068967425204,-0.10141255724522784,-9.12509659674392,-9.02368403949869,-8.813045907069666
177.9,-9.87,-0.27067839105514396,0.058117860168151375,-8.924193880711432,-8.982311740879583,-8.653515489656288
178.0,-9.806666666666773,-0.22894751713599815,-0.19954755563694446,-9.140128422597382,-8.940580866960437,-8.911180905461384
178.1,-9.396666666666736,-0.18689097052207698,-0.08002355263163687,-8.978547872978153,-8.898524320346516,-8.791656902456076
178.2,-9.013333333333415,-0.1445420653386892,0.07309253448128487,-8.783082880681842,-8.856175415163127,-8.638540815343154
178.3,-8.499999999999991,-0.10193449948489842,0.42491911070837773,-8.38864873860096,-8.813567849309337,-8.28671423911606
178.4,-8.556666666666725,-0.05910232642205562,0.2579944644747503,-8.512741211771743,-8.770735676246494,-8.453638885349688
178.5,-8.660000000000048,-0.016079926522598306,0.05688503035547679,-8.67082824599156,-8.727713276347037,-8.654748319468961
178.6,-8.989999999999972,0.027098021994928334,-0.40402694785549076,-9.088562275685002,-8.68453532782951,-9.115660297679929
178.7,-8.7,0.07039657251818424,-0.31092090791738225,-8.952157685223638,-8.641236777306254,-9.02255425774182
178.8,-8.54,0.11378053985377665,-0.4177373769403749,-9.015590186911037,-8.597852809970663,-9.129370726764813
178.9,-7.84,0.15721453037309163,-0.02504245534050034,-8.579461274791848,-8.554418819451348,-8.73667580516494
179.0,-6.93555555555563,0.20066297246346806,0.5844010023007747,-7.926569375060196,-8.510970377360971,-8.127232347523664
179.1,-6.939999999999977,0.2440901472565879,0.3534674051402476,-8.114075797427603,-8.467543202567851,-8.358165944684192
179.2,-7.2644444444443765,0.2874602196056052,-0.0897335391557097,-8.513906669374544,-8.424173130218833,-8.801366888980148
179.3,-7.119999999999982,0.33073726928221403,0.05391800892418995,-8.326978071618035,-8.380896080542225,-8.657715340900248
179.4,-7.5,0.3738853223645627,-0.2276843966624309,-8.565432424122307,-8.337748027459876,-8.93931774648687
179.5,-7.44,0.41686838278665705,-0.0082434327661398,-8.303008399803922,-8.294764967037782,-8.719876782590578
179.6,-7.712999999999989,0.45965046401966325,-0.10454694284617472,-8.35652982865095,-8.251982885804775,-8.816180292670614
179.7,-7.83777777777777,0.5021956208553133,-0.0724320412229586,-8.281869770192085,-8.209437728969124,-8.784065391047397
179.8,-7.885999999999992,0.5444679812614454,-0.006371530674094905,-8.173536899237089,-8.167165368562994,-8.718004880498533
179.9,-7.8380000000000045,0.5864317782795649,0.10643365425699775,-8.018767917287876,-8.125201571544874,-8.60519969556744
180.0,-7.894444444444456,0.6280513819342004,0.0713663111218439,-8.012215656768394,-8.083581967890238,-8.640267038702595
180.1,-7.977,0.6692913311237437,-0.019658393013583374,-8.062000411714278,-8.042342018700696,-8.731291742838023
180.2,-7.946666666666666,0.710116365462414,-0.011938821906523364,-8.013455806268547,-8.001516984362025,-8.723572171730963
180.3,-7.9120000000000035,0.7504914570429619,-0.0002546993418344138,-7.961396592123311,-7.961141892781477,-8.711888049166273
180.4,-7.9033333333333315,0.7903818420897394,-0.0054478007801737754,-7.926699308514873,-7.921251507734699,-8.717081150604612
180.5,-7.895,0.8297530524718043,0.002413324101072551,-7.879466973251562,-7.881880297352635,-8.709220025723367
180.6,-7.942222222222221,0.8685709470457965,-0.03274348998597331,-7.875805892764616,-7.843062402778642,-8.744376839810412
180.7,-7.846000000000021,0.906801742798425,0.08304348993859843,-7.721788117087415,-7.8048316070260135,-8.62858985988584
180.8,-7.916666666666667,0.9444120457585413,0.03182686811319047,-7.735394435952707,-7.767221304065897,-8.679806481711248
180.9,-8.122999999999994,0.981368881648933,-0.16323087988054402,-7.8934953480560495,-7.7302644681755055,-8.874864229704983
181.0,-7.830000000000048,1.0176397262481687,0.1265906815902394,-7.567402941986031,-7.6939936235762705,-8.5850426682342
181.1,-8.089999999999948,1.0531925354330487,-0.15389898727805348,-7.812339801669443,-7.6584408143913905,-8.865532337102492
181.2,-7.815555555555641,1.0879957748724682,0.08378420737451944,-7.539853367577451,-7.623637574951971,-8.62784914244992
181.3,-7.842000000000007,1.122018449343787,0.008478017113002676,-7.581136883367649,-7.589614900480652,-8.703155332711436
181.4,-7.69,1.155230131643108,0.10534395696706342,-7.451059261214267,-7.55640321818133,-8.606289392857375
181.5,-7.82,1.1876009910612124,-0.07995305053040394,-7.60398540929363,-7.524032358763226,-8.791586400354843
181.6,-7.6919999999999895,1.2191018213972744,-0.001778317415989581,-7.494309845843154,-7.492531528427165,-8.713411667240429
181.7,-7.765555555555588,1.2497040684828677,-0.11480708966339895,-7.57673637100497,-7.461929281341571,-8.826440439487838
181.8,-7.52400000000002,1.2793798571892143,0.10134047737193308,-7.330913015263292,-7.432253492635224,-8.610292872452506
181.9,-7.657777777777777,1.3081020178910743,-0.04220402512836817,-7.445735357061732,-7.403531331933364,-8.753837374952807
182.0,-7.595999999999995,1.335844112361164,0.02360730990125694,-7.352181927562018,-7.375789237463275,-8.688026039923182
182.1,-7.513333333333333,1.3625804590694928,0.11809421268635373,-7.230958678068593,-7.349052890754946,-8.593539137138086
182.2,-7.619999999999997,1.3882861578625496,0.0215324778906451,-7.301814714071244,-7.323347191961889,-8.690100871933794
182.3,-7.6366666666666605,1.412937113997826,0.0027810420924160254,-7.295915193734197,-7.298696235826613,-8.708852307732023
182.4,-7.845000000000065,1.4365100615097528,-0.2275547882594117,-7.502678076574098,-7.275123288314686,-8.93918813808385
182.5,-7.685,1.4589825858837377,-0.11121427872426026,-7.363865042664961,-7.252650763940701,-8.822847628548699
182.6,-7.338888888888887,1.4803331460156184,0.1747160774115168,-7.056584126397303,-7.2313002038088205,-8.536917272412921
182.7,-7.375999999999999,1.5005410954345149,0.0707484383790929,-7.140343816010831,-7.211092254389924,-8.640884911445346
182.8,-7.3533333333333335,1.5195867027677326,0.030382147918132135,-7.161664499138574,-7.192046647056706,-8.681251201906306
182.9,-7.34,1.5374511714270749,-0.00811285682204043,-7.182295035219404,-7.174182178397364,-8.719746206646478
183.0,-7.324444444444446,1.554116658496648,-0.030777719922864398,-7.188294411250656,-7.157516691327791,-8.742411069747304
183.1,-7.335999999999998,1.5695662928029788,-0.06920000453995347,-7.211267061561413,-7.14206705702146,-8.780833354364391
183.2,-7.153333333333378,1.583784192149031,0.09280417507266096,-7.035044982602747,-7.127849157675408,-8.618829174751777
183.3,-7.202000000000007,1.5967554796944874,0.023914326516968717,-7.0909635436129825,-7.114877870129951,-8.68771902330747
183.4,-7.35,1.6084662994654624,-0.14809790224977062,-7.2512649526087465,-7.1031670503589766,-8.859731252074209
183.5,-7.11,1.6189038309776271,0.0630040645352935,-7.029725454311518,-7.092729518846811,-8.648629285289145
183.6,-7.066999999999994,1.6280563029575605,0.07492618174330276,-7.008650865123576,-7.083577046866878,-8.636707168081136
183.7,-7.149999999999981,1.6359130061479867,-0.0352827138729394,-7.111003057549391,-7.075720343676452,-8.746916063697379
183.8,-7.269999999999977,1.6424643051834258,-0.17080011467593634,-7.239969159316949,-7.069169044641013,-8.882433464500375
183.9,-7.089999999999991,1.6477016495236543,0.01239840438014296,-7.051533295920642,-7.063931700300785,-8.699234945444296
184.0,-7.029000000000001,1.6516175834332678,0.09827674008289378,-6.961739026308277,-7.060015766391171,-8.613356609741546
184.1,-6.986666666666666,1.6542057549965328,0.183165587169257,-6.874262007658649,-7.057427594827906,-8.528467762655183
184.2,-7.023999999999977,1.6554609241576297,0.19438491949156947,-6.86178750617524,-7.056172425666809,-8.517248430332868
184.3,-7.51444444444456,1.6553789697773114,-0.25790520939854644,-7.314159589445674,-7.056254380047127,-8.969538559222984
184.4,-7.524999999999917,1.653956895697929,-0.2556867500283372,-7.313363204154847,-7.05767645412651,-8.967320099852776
184.5,-7.237142857142857,1.6511928358097194,0.01243814116337226,-7.048002372851347,-7.0604405140147195,-8.699195208661067
184.6,-7.130000000000017,1.6470860581121927,0.07133943181561232,-6.993207859896634,-7.0645472917122465,-8.640293918008826
184.7,-7.061428571428566,1.6416369677654097,0.07669150455461346,-6.993304877504416,-7.0699963820590295,-8.634941845269825
184.8,-7.11,1.6348471091269,-0.03239406781489241,-7.109180308512431,-7.076786240697539,-8.744027417639332
184.9,-6.985714285714293,1.6267191667709306,0.04941456954054458,-7.035499613512964,-7.084914183053508,-8.662218780283894
185.0,-6.914285714285694,1.6172569654877995,0.10436864915165893,-6.99000773518498,-7.094376384336639,-8.60726470067278
185.1,-7.017142857142762,1.6064654692617981,0.009746229875616186,-7.095421650687024,-7.10516788056264,-8.701887119948822
185.2,-7.060000000000061,1.594350779227456,-0.009049840310250825,-7.126332410907233,-7.117282570596982,-8.72068319013469
185.3,-7.178571428571442,1.5809201306046472,-0.09981766996198499,-7.230530889181777,-7.130713219219792,-8.811451019786423
185.4,-7.34333333333336,1.5661818886141083,-0.24318396958703398,-7.388635430797365,-7.14545146121033,-8.954817319411474
185.5,-6.848571428571333,1.5501455433758895,0.2619141567437486,-6.8995736497048,-7.161487806448549,-8.44971919308069
185.6,-7.194285714285751,1.5328217037942147,-0.08309923149097416,-7.261910877521198,-7.1788116460302245,-8.794732581315413
185.7,-7.04,1.5142220904331993,0.06755939065651376,-7.129851868734725,-7.19741125939124,-8.644073959167924
185.8,-7.191428571428583,1.4943595273888235,-0.08614484895300215,-7.303418671388617,-7.217273822435615,-8.797778198777442
185.9,-7.017142857142819,1.4732479331635102,0.0900740576292186,-7.14831135903171,-7.238385416660929,-8.62155929219522
186.0,-6.9614285714285815,1.450902310550608,0.15029333730854094,-7.11043770196529,-7.26073103927383,-8.561340012515897
186.1,-7.2114285714285415,1.4273387355370102,-0.09822552277632514,-7.382520137063754,-7.284294614287429,-8.809858872600763
186.2,-7.138571428571422,1.4025743452330732,-0.033743644091508554,-7.342802648682874,-7.309059004591365,-8.745376993915947
186.3,-7.17285714285714,1.3766273248399208,-0.09047360470645262,-7.425479629690971,-7.3350060249845175,-8.802106954530892
186.4,-7.07,1.3495168936651234,-0.022578204386332144,-7.384694660545647,-7.362116456159315,-8.734211554210772
186.5,-7.078571428571434,1.3212632901986527,-0.07057677355400999,-7.460946833179796,-7.390370059625786,-8.782210123378448
186.6,-6.821428571428655,1.2918877562618851,0.1549944579907978,-7.264751135571756,-7.419745593562554,-8.556638891833641
186.7,-6.992857142857189,1.261412520243315,-0.027866876020405704,-7.47808770560153,-7.450220829581124,-8.739500225844845
186.8,-6.871428571428578,1.2298607794354932,0.11001430212144678,-7.371758268267499,-7.481772570388945,-8.601619047702991
186.9,-7.091428571428622,1.1972566814885541,-0.06519986643163699,-7.579576534767521,-7.514376668335885,-8.776833216256076
187.0,-6.925714285714322,1.163625304996529,0.16685978720671907,-7.381148257621191,-7.54800804482791,-8.544773562617719
187.1,-7.37,1.128992639233456,-0.20073495689639673,-7.7833756674873795,-7.582640710590983,-8.912368306720836
187.2,-7.3442857142856885,1.0933855630570979,-0.09943146257909616,-7.717679249346437,-7.618247786767341,-8.811064812403535
187.3,-7.238571428571397,1.0568318229988598,0.07282364825505279,-7.581977878570526,-7.654801526825579,-8.638809701569386
187.4,-7.375714285714314,1.0193600105592622,-0.009609801876339572,-7.701883141141516,-7.692273339265176,-8.721243151700778
187.5,-7.440000000000004,0.9809995387290668,-0.02948684465972691,-7.760120655755099,-7.730633811095372,-8.741120194484166
187.6,-7.385714285714273,0.9417806177568815,0.06222742799905091,-7.7076253040685065,-7.769852732067557,-8.649405921825387
187.7,-7.308571428571446,0.9017342301847688,0.17225552947152056,-7.63764359016815,-7.80989911963967,-8.539377820352918
187.8,-7.59,0.8608921051740692,-0.08064887498915713,-7.931390119639527,-7.8507412446503695,-8.792282224813595
187.9,-7.65,0.8192866921443093,-0.11791635561453112,-8.010263013294662,-7.89234665768013,-8.82954970543897
188.0,-7.46,0.776951133748704,0.08817072159950258,-7.846511494476232,-7.934682216075735,-8.623462628224937
188.1,-7.645714285714285,0.7339192382103776,-0.0860396642309928,-8.063753775845054,-7.977714111614061,-8.797673014055432
188.2,-7.665714285714278,0.6902254510440213,-0.09312202959306393,-8.114529928373482,-8.021407898780417,-8.804755379417502
188.3,-7.531428571428578,0.6459048261882693,0.06435363900056368,-8.001374884635606,-8.065728523636169,-8.647279710823875
188.4,-7.531428571428561,0.6009929965746239,0.10660120832075945,-8.004039144929056,-8.110640353249815,-8.60503214150368
188.5,-7.731428571428594,0.5555261441592766,-0.027023881108295712,-8.183131086773457,-8.156107205665162,-8.738657230932734
188.6,-7.828571428571401,0.5095409694446604,-0.03506368811212346,-8.237156068491903,-8.202092380379778,-8.746697037936562
188.7,-7.69,0.4630746605180434,0.20687866821976292,-8.041680021086632,-8.248558689306396,-8.504754681604675
188.8,-8.098571428571402,0.4161648616349075,-0.09759359241927826,-8.393062080608809,-8.295468488189531,-8.809226942243717
188.9,-8.232857142857197,0.3688496413752729,-0.14169108677165193,-8.484474795220818,-8.342783708449165,-8.853324436596091
189.0,-8.164285714285725,0.32116746040151356,-0.00806701178251023,-8.398532901205435,-8.390465889422925,-8.719700361606948
189.1,-8.178571428571459,0.27315713884657067,0.012942029540436835,-8.425534181437431,-8.438476210977868,-8.698691320284002
189.2,-8.265714285714314,0.22485782336179821,-0.06612909743500925,-8.55290462389765,-8.48677552646264,-8.777762447259448
189.3,-8.088571428571434,0.17630895385398165,0.09946412335923718,-8.43586027261122,-8.535324395970457,-8.612169226465202
189.4,-8.07,0.12755022994134418,0.09600822127285977,-8.488074898610234,-8.584083119883095,-8.61562512855158
189.5,-8.129999999999976,0.07862157715859977,0.01096558575796145,-8.622046186907877,-8.633011772665839,-8.700667764066477
189.6,-8.147142857142788,0.02956311294133193,-0.030007083111897398,-8.712077319995004,-8.682070236883106,-8.741640432936336
189.7,-8.235714285714328,-0.019584887579833676,-0.13979858040213,-8.871016817806403,-8.731218237404272,-8.85143193022657
189.8,-7.978571428571389,-0.06878202594463642,0.09879056652560231,-8.681624809243473,-8.780415375769076,-8.612842783298836
189.9,-8.084285714285738,-0.1179878148574093,-0.022829606370177807,-8.852450771052025,-8.829621164681848,-8.734462956194616
190.0,-8.192857142857141,-0.16716171277926864,-0.1445973704543137,-9.02339243305802,-8.878795062603707,-8.856230720278752
190.1,-7.88,-0.2162631585873318,0.15687153819513142,-8.771024970216638,-8.92789650841177,-8.554761811629307
190.2,-7.994285714285738,-0.2652516062699863,0.029506857969398823,-8.947378098125027,-8.976884956094425,-8.68212649185504
190.3,-7.965714285714298,-0.31408655962721954,0.03604795794416262,-8.989671951507496,-9.025719909451658,-8.675585391880276
190.4,-8.02,-0.3627276069450319,-0.05988303059550204,-9.134243987364973,-9.074360956769471,-8.771516380419941
190.5,-7.798571428571447,-0.4111344556130003,0.08851261655082182,-9.034255188886616,-9.122767805437439,-8.623120733273616
190.6,-7.904285714285751,-0.4592669666541307,-0.1308122299533076,-9.301712546431878,-9.17090031647857,-8.842445579777745
190.7,-7.692857142857137,-0.50708518913624,-0.07629590478130838,-9.295014443741987,-9.21871853896068,-8.787929254605746
190.8,-7.31,-0.5545493944342379,0.11288761015684573,-9.15329513410183,-9.266182744258677,-8.598745739667592
190.9,-7.238571428571418,-0.6016201103128338,-0.02933719926491706,-9.34259065940219,-9.313253460137272,-8.740970549089356
191.0,-6.855714285714249,-0.6482581547993854,0.1461683179490507,-9.213723186674773,-9.359891504623825,-8.565465031875387
191.1,-6.835714285714281,-0.6944246698168146,-0.0009647973878165773,-9.40702281702907,-9.406058019641254,-8.712598147212255
191.2,-7.014285714285674,-0.7400811545467606,-0.2676379439885475,-9.719352448359746,-9.4517145043712,-8.979271293812987
191.3,-6.8128571428571805,-0.7851894984934078,-0.035824435332348345,-9.532647283650196,-9.496822848317846,-8.747457785156787
191.4,-7.0014285714285664,-0.8297120142187231,-0.04222426756919242,-9.583569631612354,-9.541345364043162,-8.753857617393631
191.5,-7.25,-0.873611469720158,0.06094833835659788,-9.524296481188,-9.585244819544597,-8.650685011467841
191.6,-7.808571428571502,-0.9168511204222198,0.016201376133429812,-9.612283094113229,-9.628484470246658,-8.69543197369101
191.7,-7.82,-0.9593947407536947,0.6419175195471196,-9.029110571031014,-9.671028090578133,-8.06971583027732
191.8,-8.801428571428664,-1.0012066552826975,0.35325403344036255,-9.359585971666773,-9.712840005107136,-8.358379316384076
191.9,-10.695714285714418,-1.0422517693821578,-0.8765259454051003,-10.630411064611696,-9.753885119206597,-9.58815929522954
192.0,-10.674285714285721,-1.0824955993987961,-0.2987420670123555,-10.092871016235591,-9.794128949223236,-9.010375416836794
192.1,-10.881428571428541,-1.1219043022991197,-0.11398591838368777,-9.947523570507247,-9.833537652123558,-8.825619268208126
192.2,-10.811428571428578,-1.1604447047664677,0.16136115079943344,-9.710716903791473,-9.872078054590906,-8.550272199025006
192.3,-10.70285714285713,-1.1980843317236531,0.2992815085370838,-9.610436173011008,-9.909717681548091,-8.412351841287355
192.4,-10.76,-1.2347914342563007,0.12847677090870846,-9.817948013172032,-9.94642478408074,-8.58315657891573
192.5,-10.585714285714285,-1.2705350169125351,0.08955552190983969,-9.892612844827134,-9.982168366736975,-8.622077827914598
192.6,-10.382857142857196,-1.3052848643552741,0.025461317003405592,-9.991456897176308,-10.016918214179713,-8.686172032821034
192.7,-10.36000000000005,-1.33901156734398,-0.2271474544649837,-10.277792371633403,-10.05064491716842,-8.938780804289422
192.8,-10.367142857142909,-1.3716865480233553,-0.47389127779405715,-10.557211175641852,-10.083319897847794,-9.185524627618495
192.9,-9.700000000000081,-1.403282084497118,0.03100099702904885,-10.083914437292508,-10.114915434321556,-8.68063235279539
193.0,-9.525714285714335,-1.433771334665654,0.15234897306101042,-9.993055711429083,-10.145404684490092,-8.559284376763427
193.1,-9.14,-1.463128359307031,0.6071268075911989,-9.56763490154027,-10.17476170913147,-8.10450654223324
193.2,-9.672857142857204,-1.4913281443815616,0.25146602240086074,-9.95149547180514,-10.202961494206,-8.460167327423578
193.3,-10.510000000000154,-1.5183466225408184,-0.33959611894226704,-10.569576091307525,-10.229979972365257,-9.051229468766707
193.4,-10.771428571428602,-1.5441606938227384,-0.33944760802365836,-10.595241651670836,-10.255794043647176,-9.051080957848097
193.5,-10.83571428571429,-1.5687482455152062,-0.17743651158044077,-10.457818106920087,-10.280381595339644,-8.889069861404879
193.6,-10.807142857142852,-1.5920881711712664,0.008500849443870223,-10.295220671551835,-10.303721520995705,-8.703132500380569
193.7,-10.78142857142858,-1.6141603887598934,0.11255021286624808,-10.213243525718084,-10.325793738584332,-8.59908313695819
193.8,-10.77,-1.634945857937038,0.13410780704361244,-10.212471400717865,-10.346579207761476,-8.577525542780826
193.9,-10.855714285714281,-1.654426596422474,0.01360402667682982,-10.352455919570083,-10.366059946246914,-8.698029323147608
194.0,-10.749999999999993,-1.6725856954687779,0.06565289553822598,-10.318566149754991,-10.384219045293216,-8.645980454286212
194.1,-10.789999999999983,-1.6894073344096041,-0.02553703332155846,-10.4265777175556,-10.401040684234044,-8.737170383145997
194.2,-10.782857142857157,-1.704876794275251,-0.0541772029762702,-10.470687347075959,-10.41651014409969,-8.765810552800708
194.3,-10.687142857142836,-1.718980470464351,0.025370666299691223,-10.405243153989097,-10.430613820288789,-8.686262683524747
194.4,-10.758571428571413,-1.7317058844613815,-0.04518306503848195,-10.488522299324302,-10.443339234285821,-8.756816414862922
194.5,-10.7,-1.7430416945905343,0.024831519640114857,-10.429843524774858,-10.454675044414973,-8.686801830184324
194.6,-10.735714285714286,-1.7529777057973632,0.0036547218100280617,-10.460956333811774,-10.464611055621802,-8.707978628014411
194.7,-10.764285714285705,-1.7615048784504894,-0.013391927148331755,-10.48653015542326,-10.473138228274928,-8.72502527697277
194.8,-10.751428571428566,-1.7686153361565218,0.004788334632877186,-10.475460351348083,-10.48024868598096,-8.706845015191561
194.9,-10.780000000000017,-1.77430237258223,-0.02439990330769108,-10.51033562571436,-10.48593572240667,-8.73603325313213
195.0,-10.848571428571445,-1.7785604572788896,-0.0964564117629575,-10.586650218866286,-10.490193807103328,-8.808089761587397
195.1,-10.680000000000005,-1.7813852405046053,0.06985947081076022,-10.423159119518283,-10.493018590329044,-8.641773879013678
195.2,-10.67,-1.7827735570412981,0.08150638863675488,-10.412900518228982,-10.494406906865738,-8.630126961187683
195.3,-10.677142857142854,-1.782723429003938,0.07907440304121635,-10.41528237578716,-10.494356778828376,-8.632558946783222
195.4,-10.814285714285734,-1.7812340676404828,-0.05517050928789658,-10.548037926752817,-10.492867417464922,-8.766803859112335
195.5,-10.820000000000014,-1.7783058741218742,-0.06712072399088259,-10.557059947937196,-10.489939223946314,-8.778754073815321
195.6,-10.657142857142917,-1.7739404393223248,0.07374250985085748,-10.411831279295907,-10.485573789146763,-8.637890839973581
195.7,-10.820000000000016,-1.7681405425910097,-0.12951955711391192,-10.60929344952936,-10.479773892415448,-8.841152906938351
195.8,-10.673571428571398,-1.7609101495171562,-0.03866195135964793,-10.511205450701244,-10.472543499341596,-8.750295301184087
195.9,-10.515000000000022,-1.7522544086913983,0.05798595002283789,-10.405901808492999,-10.463887758515837,-8.653647399801601
196.0,-10.5,-1.7421796474671316,0.016501451461728666,-10.437311545829841,-10.453812997291571,-8.69513189836271
196.1,-10.49,-1.7306933667264706,-0.01368575727196849,-10.456012473822877,-10.442326716550909,-8.725319107096407
196.2,-10.31,-1.7178042346562583,0.1486452486456608,-10.280792335835036,-10.429437584480697,-8.562988101178778
196.3,-10.5,-1.7035220795404378,-0.036950083183143474,-10.45210551254802,-10.415155429364876,-8.748583433007582
196.4,-10.502500000000019,-1.6878578815759333,-0.0196411299002264,-10.419132361300598,-10.399491231400372,-8.731274479724664
196.5,-10.53666666666666,-1.670823763720018,-0.028811796226232124,-10.411268909770689,-10.382457113544456,-8.740445146050671
196.6,-10.603333333333284,-1.6524329815779741,-0.07532396099205814,-10.43939029239447,-10.364066331402412,-8.786957310816497
196.7,-10.509999999999993,-1.6326999123406587,0.026721577750987095,-10.31761168441411,-10.344333262165097,-8.684911772073452
196.8,-10.585000000000004,-1.6116400427824011,-0.05263232305568178,-10.375905715662523,-10.32327339260684,-8.764265672880121
196.9,-10.460000000000038,-1.5892699563304344,0.057813811287650764,-10.243089494867222,-10.300903306154874,-8.653819538536787
197.0,-10.449999999999982,-1.5656073192178592,0.04842200522934992,-10.228818663812948,-10.277240669042298,-8.663211344595089
197.1,-10.507499999999988,-1.5406708657328883,-0.027885335447053586,-10.28018955100438,-10.252304215557327,-8.739518685271491
197.2,-10.362499999999978,-1.5144803825778859,0.10257245309402474,-10.1235412793083,-10.226113732402325,-8.609060896730414
197.3,-10.55,-1.4870566923524484,-0.09384087918634994,-10.292530921363237,-10.198690042176887,-8.80547422901079
197.4,-10.5,-1.4584216361754976,-0.04755414786477674,-10.217609133864713,-10.170054985999936,-8.759187497689215
197.5,-10.5,-1.4285980554620699,-0.04737277610192244,-10.187604181388432,-10.140231405286508,-8.75900612592636
197.6,-10.355000000000036,-1.3976097728711736,0.10005643233290615,-10.009186690362707,-10.109243122695613,-8.611576917491533
197.7,-10.394999999999936,-1.3654815724417717,0.06265997065422077,-10.01445495161199,-10.07711492226621,-8.648973379170219
197.8,-10.549999999999924,-1.332239178934591,-0.0923460829188058,-10.136218611677835,-10.04387252875903,-8.803979432743244
197.9,-10.440000000000039,-1.2979092363981282,0.011631010071926379,-9.99791157615064,-10.009542586222567,-8.700002339752512
198.0,-10.405,-1.262519285977818,0.03116297747197564,-9.942989658330282,-9.974152635802257,-8.680470372352463
198.1,-10.336666666666604,-1.2260977429879614,0.07194073776156998,-9.86579035505083,-9.9377310928124,-8.639692612062868
198.2,-10.573333333333322,-1.1886738732665814,-0.20568807943343217,-10.105995302524452,-9.90030722309102,-8.917321429257871
198.3,-10.329999999999849,-1.1502777688339558,-0.016955574043969822,-9.878866692702363,-9.861911118658394,-8.728588923868408
198.4,-10.182500000000017,-1.110940322876116,0.06176351029089492,-9.76081016240966,-9.822573672700555,-8.649869839533544
198.5,-10.09,-1.0706932040751371,0.06813107392554861,-9.714195479974027,-9.782326553899576,-8.64350227589889
198.6,-9.92,-1.029568830308547,0.1268351486099984,-9.614367031522988,-9.741202180132985,-8.58479820121444
198.7,-9.91,-0.9876003417406806,-0.012037931036650948,-9.711271622601771,-9.69923369156512,-8.72367128086109
198.8,-9.73,-0.9448215733292578,-0.032354383316705024,-9.688809306470402,-9.656454923153696,-8.743987733141143
198.9,-9.434999999999995,-0.9012670267709249,0.0013112874501270515,-9.611589089145237,-9.612900376595363,-8.710322062374312
199.0,-9.286666666666614,-0.8569718419099115,-0.1716991769009846,-9.740304368635336,-9.56860519173435,-8.883332526725424
199.1,-8.790000000000038,-0.8119717676343634,-0.04068222724187078,-9.564287344700674,-9.523605117458802,-8.752315577066309
199.2,-8.38,-0.7663031322852906,-0.010553443870091203,-9.48848992597982,-9.47793648210973,-8.72218679369453
199.3,-8.14,-0.7200028136034254,-0.12568608504922654,-9.55732224847709,-9.431636163427864,-8.837319434873665
199.4,-7.341666666666594,-0.6731082082396235,0.3806183211551133,-9.00412323690895,-9.384741558064063,-8.331015028669325
199.5,-7.699999999999956,-0.6256572008547487,-0.1793485216514534,-9.51663907233064,-9.337290550679187,-8.890981871475892
199.6,-7.155714285714232,-0.5776881328352763,0.2620592758407462,-9.02726220681897,-9.289321482659716,-8.449574073983692
199.7,-7.384285714285731,-0.52923977065111,0.01637667112539294,-9.224496449350156,-9.240873120475548,-8.695256678699046
199.8,-7.68,-0.4803512738823559,-0.2411637671543167,-9.433148390861112,-9.191984623706794,-8.952797116978756
199.9,-7.479999999999972,-0.4310621629420097,0.013005937790006791,-9.129689574976442,-9.142695512766448,-8.698627412034432
200.0,-7.46,-0.38141228652171655,0.06562015536795528,-9.0274254809782,-9.093045636346154,-8.646013194456483
200.1,-7.574285714285694,-0.33144178878792774,-0.06411370137483582,-9.107188839987202,-9.043075138612366,-8.775747051199275
200.2,-7.5171428571428205,-0.2811910763559354,-0.08001665028461809,-9.072841076464993,-8.992824426180373,-8.791650000109057
200.3,-7.3114285714286105,-0.23070078506938588,0.004012038620212786,-8.938322096273613,-8.942334134893825,-8.707621311204226
200.4,-7.279999999999943,-0.18001174661297878,-0.11048055799719789,-9.002125654434616,-8.891645096437417,-8.822113907821636
200.5,-6.8457142857142825,-0.12916495498613634,0.1866434852985865,-8.654154819511989,-8.840798304810574,-8.524989864525852
200.6,-6.859999999999988,-0.0782015328654839,0.07672907636785106,-8.713105806322071,-8.789834882689922,-8.634904273456588
200.7,-6.904285714285784,-0.027162697884015513,0.002702595372731799,-8.736093452335723,-8.738796047708455,-8.708930754451707
200.8,-6.997142857142957,0.023910271145172912,-0.04337586322473387,-8.731098941904,-8.687723078679266,-8.755009213049172
200.9,-7.094285714285737,0.07497606803271309,-0.021727086876789786,-8.658384368668516,-8.636657281791726,-8.73336043670123
201.0,-7.242857142857137,0.12599339301652354,0.0029134386318891104,-8.582726518176026,-8.585639956807915,-8.70871991119255
201.1,-7.421428571428538,0.17692098653732485,0.025664170645727003,-8.509048192641387,-8.534712363287113,-8.685969179178711
201.2,-7.63571428571429,0.22771766295841883,0.011352692126839276,-8.47256299473918,-8.48391568686602,-8.700280657697599
201.3,-7.73,0.27834234420214327,0.08899148759974128,-8.344299518022554,-8.433291005622296,-8.622641862224697
201.4,-8.080000000000025,0.3287540932755408,-0.13573105380914938,-8.518610310358047,-8.382879256548899,-8.847364403633588
201.5,-8.25,0.37891214765792747,-0.2340422752939347,-8.566763477460446,-8.33272120216651,-8.945675625118373
201.6,-8.005714285714273,0.42877595252321776,0.03339224499612865,-8.249465152305092,-8.282857397301221,-8.67824110482831
201.7,-7.922857142857131,0.4783051937700517,0.10436552805000207,-8.128962628004384,-8.233328156054387,-8.607267821774437
201.8,-7.712857142857182,0.5274598308329845,0.2832359297123567,-7.900937589279097,-8.184173518991454,-8.428397420112082
201.9,-7.778333333333316,0.5762001292482298,0.17960015234551388,-7.955833068230695,-8.135433220576209,-8.532033197478924
202.0,-8.42714285714284,0.6244866929477033,-0.508408076496078,-8.595554733372813,-8.087146656876735,-9.220041426320517
202.1,-7.94142857142864,0.6722804962553875,-0.062037340236643236,-8.101390193805694,-8.039352853569051,-8.773670690061081
202.2,-7.51999999999996,0.7195429155603315,0.3186810560120957,-7.673409378252011,-7.9920904342641075,-8.392952293812343
202.3,-7.877142857142869,0.7662357606409126,-0.08142662044969298,-8.026824209633219,-7.945397589183526,-8.793059970274133
202.4,-7.8228571428571145,0.8123213056153247,-0.07188702640191236,-7.971199070611027,-7.899312044209114,-8.78352037622635
202.5,-7.782857142857137,0.8577623194936029,-0.07656151391974969,-7.930432544250586,-7.8538710303308354,-8.788194863744188
202.6,-7.43,0.9025220963068725,0.23442559085605066,-7.5746856626615156,-7.809111253517566,-8.477207758968389
202.7,-7.787142857142844,0.9465644847898922,-0.15895333883868507,-7.924022203873232,-7.7650688650345465,-8.870586688663124
202.8,-7.56,0.9898539175933743,0.03975956575114252,-7.682019866479922,-7.721779432231065,-8.671873784073297
202.9,-7.5400000000000125,1.0323554400029855,0.04025583191049859,-7.639022077910955,-7.679277909821453,-8.67137751791394
203.0,-7.65142857142857,1.0740347381423736,-0.08166419699155986,-7.719262808673625,-7.6375986116820656,-8.793297546815998
203.1,-7.5,1.1148581666380242,0.06757669960933091,-7.529198483577083,-7.5967751831864145,-8.644056650215107
203.2,-7.599999999999962,1.1547927757242236,-0.027570580691047168,-7.584411154791262,-7.556840574100216,-8.739203930515487
203.3,-7.61857142857141,1.1938063377668984,-0.035980958523563256,-7.553807970581103,-7.51782701205754,-8.747614308348002
203.4,-7.611428571428594,1.2318673731855978,-0.01570614077833928,-7.49547211741718,-7.479765976638841,-8.727339490602779
203.5,-7.514285714285703,1.2689451757534185,0.09430929006874561,-7.348378884002274,-7.44268817407102,-8.617324059755694
203.6,-7.606666666666666,1.3050098372551904,0.010270749441611143,-7.396352763127637,-7.406623512569248,-8.701362600382827
203.7,-7.6485714285714455,1.3400322714848012,-0.03272908491440026,-7.404330163254038,-7.371601078339637,-8.74436243473884
203.8,-7.645714285714311,1.373984237563091,-0.04480922091883102,-7.382458333180178,-7.337649112261348,-8.75644257074327
203.9,-7.51,1.4068383625583298,0.05979432829645945,-7.24500065896965,-7.304794987266109,-8.65183902152798
204.0,-7.515,1.4385681633918679,0.008622934458983236,-7.264442251973588,-7.273065186432571,-8.703010415365455
204.1,-7.6,1.469148068012153,-0.1324971646688155,-7.374982446481101,-7.242485281812286,-8.844130514493255
204.2,-7.472857142857107,1.4985534358209198,-0.06300419977541981,-7.276084113778939,-7.213079914003519,-8.77463754959986
204.3,-7.187142857142795,1.5267605773359705,0.1732106346213937,-7.0116621378670745,-7.184872772488468,-8.538422715203046
204.4,-7.243333333333354,1.5537467730755998,0.08376196064916869,-7.07412461609967,-7.157886576748838,-8.62787138917527
204.5,-7.32142857142857,1.5794902916503588,-0.007270071136803363,-7.139413129310883,-7.13214305817408,-8.718903420961242
204.6,-7.461428571428465,1.6039704070485021,-0.14065896187696944,-7.248321904652906,-7.107662942775937,-8.852292311701408
204.7,-7.325714285714398,1.6271674151021132,0.016428495591278833,-7.0680374391310465,-7.084465934722326,-8.69520485423316
204.8,-7.484999999999857,1.6490626491215856,-0.11393441931287611,-7.1765051200157295,-7.062570700702853,-8.825567769137315
204.9,-7.185757575757591,1.6696384946867933,0.21349689666270105,-6.828497958474944,-7.041994855137645,-8.498136453161738
205.0,-7.337272727272728,1.6888784035839794,0.08111046515827894,-6.9416444810821805,-7.022754946240459,-8.63052288466616
205.1,-7.488787878787865,1.706766906878072,-0.0673668256083582,-7.072233268554725,-7.0048664429463665,-8.779000175432797
205.2,-7.580000000000027,1.7232896271108333,-0.17539782925659492,-7.1637415519702,-6.988343722713605,-8.887031179081033
205.3,-7.429999999999989,1.7384332896159491,-0.06078183925813793,-7.033981899466627,-6.973200060208489,-8.772415189082576
205.4,-7.279999999999995,1.7521857329428645,0.04176771395214371,-6.9176799029294305,-6.959447616881574,-8.669865635872295
205.5,-7.13,1.7645359183818883,0.1417590654349929,-6.8053383660075575,-6.94709743144255,-8.569874284389446
205.6,-7.167499999999999,1.7754739385837954,0.06060422741943395,-6.875555183821209,-6.936159411240643,-8.651029122405005
205.7,-7.204999999999997,1.7849910252678756,-0.008922998301672168,-6.935565322858235,-6.926642324556563,-8.720556348126111
205.8,-7.242500000000007,1.7930795560130965,-0.06614649524453706,-6.984700289055879,-6.918553793811342,-8.777779845068975
205.9,-7.217499999999994,1.799733060127771,-0.051293679184375086,-6.9631939688810425,-6.911900289696668,-8.762927029008814
206.0,-7.1768749999999955,1.8049462235938352,-0.015182834361972552,-6.921869960592576,-6.9066871262306035,-8.726816184186411
206.1,-7.136249999999997,1.8087148930825796,0.023202674195915707,-6.879715782545944,-6.902918456741859,-8.688430675628522
206.2,-7.129090909090909,1.8110360790393938,0.02832047703928106,-6.872276793745764,-6.900597270785045,-8.683312872785157
206.3,-7.144242424242427,1.81190795783581,0.01026246263381959,-6.889462929354809,-6.899725391988628,-8.701370887190619
206.4,-7.159393939393941,1.811329872987862,-0.009356560900221106,-6.909660037736797,-6.9003034768365765,-8.72098991072466
206.5,-7.160625,1.8093023354404936,-0.01744917373362213,-6.919780188117567,-6.902331014383945,-8.729082523558061
206.6,-7.1293750000000005,1.8058270229184774,0.0034102217293766547,-6.902396105176585,-6.905806326905961,-8.708223128095062
206.7,-7.098125000000002,1.8009067783450274,0.019452981587102586,-6.891273589892309,-6.910726571479412,-8.692180368237336
206.8,-7.07,1.7945456073300052,0.02652868989115014,-6.890559052603283,-6.9170877424944335,-8.68510465993329
206.9,-7.07,1.7867486747303347,-0.0004622025152857699,-6.92534687760939,-6.924884675094104,-8.712095552339724
207.0,-7.07,1.777522300285957,-0.03178474019147859,-6.96589578972996,-6.9341110495384815,-8.743418090015917
207.1,-7.07,1.7668739533353626,-0.06361252192820568,-7.008371918417282,-6.944759396489076,-8.775245871752645
207.2,-7.008125000000016,1.7548122466154439,-0.028372947880943043,-6.9851940510899375,-6.956821103208995,-8.740006297705381
207.3,-6.939374999999998,1.7413469291511134,0.024947912966224832,-6.945338507707101,-6.970286420673325,-8.686685436858214
207.4,-6.870625000000001,1.7264888782408203,0.09335580479620102,-6.891788666787417,-6.985144471583618,-8.618277545028239
207.5,-6.9136363636363605,1.7102500905447953,0.06456462596948995,-6.936818633310153,-7.001383259279644,-8.647068723854948
207.6,-7.00454545454545,1.6926436722835305,-0.0032804645805671884,-7.022270142121475,-7.018989677540908,-8.714913814405007
207.7,-7.095454545454541,1.673683828554681,-0.07181984431979657,-7.109769365589554,-7.037949521269757,-8.783453194144235
207.8,-7.1174999999999855,1.6533858517772393,-0.08250840516983822,-7.140755903217038,-7.0582474980472,-8.794141754994277
207.9,-7.0362499999999955,1.6317661092725033,-0.008712104543679544,-7.088579345095615,-7.079867240551936,-8.720345454368118
208.0,-6.955000000000005,1.6088420299919957,0.04317990231895403,-7.059611417513489,-7.102791319832443,-8.668453447505485
208.1,-6.885625000000004,1.58463209040316,0.06346901154997733,-7.063532247871301,-7.127001259421279,-8.648164338274462
208.2,-6.863750000000005,1.5591557995442744,0.023423162000698078,-7.129054388279466,-7.152477550280164,-8.68821018782374
208.3,-6.841874999999999,1.5324336832606624,-0.01867089252581962,-7.197870559089596,-7.179199666563776,-8.730304242350257
208.4,-6.82,1.5044872676348937,-0.048828565997262714,-7.2559746481868075,-7.207146082189545,-8.760461915821702
208.5,-6.813750000000001,1.475339061624275,-0.06643805536970311,-7.302732343569867,-7.236294288200163,-8.778071405194142
208.6,-6.8075,1.445012538919528,-0.03936281831677323,-7.305983629221684,-7.266620810904911,-8.750996168141212
208.7,-6.8012500000000005,1.4135321190391368,0.04573288351399436,-7.252368347271307,-7.298101230785302,-8.665900466310445
208.8,-6.947878787878805,1.380923147674423,0.04171842477162249,-7.288991777378393,-7.330710202150016,-8.669914925052817
208.9,-7.132727272727273,1.3472118763009693,0.05756965536665774,-7.306851818156812,-7.364421473523469,-8.654063694457781
209.0,-7.3175757575757405,1.3124254410725615,0.11310035700877644,-7.2861075517431,-7.399207908751877,-8.598532992815663
209.1,-7.591249999999942,1.2765918410143604,0.09114598408048195,-7.3438955247295965,-7.4350415088100785,-8.620487365743957
209.2,-7.953749999999929,1.2397399155325397,-0.03951720183211052,-7.51141063612401,-7.471893434291899,-8.751150551656549
209.3,-8.31625000000002,1.201899321258138,-0.21462945962641358,-7.724363488192714,-7.509734028566301,-8.926262809450852
209.4,-8.524999999999997,1.1631005082433763,-0.28989198279484124,-7.838424824375903,-7.548532841581062,-9.00152533261928
209.5,-8.375000000000004,1.1233746955291732,-0.0513607685844952,-7.639619422879761,-7.588258654295266,-8.762994118408933
209.6,-8.225000000000009,1.0827538461030646,0.16535156563092338,-7.463527938090451,-7.628879503721374,-8.546281784193516
209.7,-8.120312499999972,1.0412706412671935,0.34196699773054545,-7.328395710826699,-7.670362708557246,-8.369666352093894
209.8,-8.423437500000048,0.9989584544364744,0.13538629402200963,-7.577288601365955,-7.7126748953879645,-8.57624705580243
209.9,-8.726562500000037,0.9558513243874699,-0.04194768122776482,-7.797729706664733,-7.755782025436969,-8.753581031052203
210.0,-9.029687500000028,0.9119839279789247,-0.19992623592697478,-7.999575657772489,-7.799649421845514,-8.911559585751414
210.1,-9.099375000000002,0.8673915523653042,-0.12311186968473452,-7.967353667143869,-7.8442417974591345,-8.834745219509173
210.2,-9.143124999999998,0.822110066725065,-0.036687386192791535,-7.926210669292165,-7.889523283099374,-8.74832073601723
210.3,-9.186875000000008,0.7761758935257512,0.02225980811222654,-7.913197648186461,-7.935457456298687,-8.689373541712213
210.4,-9.230625000000005,0.7296259793483594,0.051049728598224736,-7.930957641877854,-7.9820073704760794,-8.660583621226214
210.5,-9.274375000000001,0.6824977652937505,0.05361280127107104,-7.975522783259617,-8.029135584530689,-8.658020548553367
210.6,-9.318124999999998,0.6348291569942026,0.036821418194102874,-8.039982774636133,-8.076804192830236,-8.674811931630336
210.7,-9.361874999999994,0.5866584942534996,0.007114842100828744,-8.11786001347011,-8.124974855570938,-8.70451850772361
210.8,-9.405625000000004,0.5380245203392329,-0.03130845016308583,-8.204917279648292,-8.173608829485206,-8.742941799987525
210.9,-9.393125,0.48896635095126306,-0.020301166011640955,-8.242968164884816,-8.222666998873176,-8.73193451583608
211.0,-9.374375,0.4395234428905329,-0.009208075646094969,-8.281317982580001,-8.272109906933906,-8.720841425470534
211.1,-9.355625000000002,0.38973556245265895,-0.003575100267449619,-8.32547288763923,-8.32189778737178,-8.715208450091888
211.2,-9.336875000000003,0.3396427535709398,-0.001802250132211601,-8.37379284638571,-8.371990596253498,-8.71343559995665
211.3,-9.318125,0.2892853057336194,-0.001261279832306502,-8.423609323923126,-8.42234804409082,-8.712894629656745
211.4,-9.299375000000001,0.23870372170041665,0.0012018682504224582,-8.4717277598736,-8.472929628124023,-8.710431481574016
211.5,-9.280625000000002,0.1879386850434998,0.00842043434387044,-8.515274230437068,-8.523694664780939,-8.703212915480568
211.6,-9.261875000000003,0.1370310275382211,0.022096743488399004,-8.552505578797819,-8.574602322286218,-8.68953660633604
211.7,-9.276874999999995,0.08602169642905552,0.008646287447092778,-8.61696536594829,-8.625611653395383,-8.702987062377346
211.8,-9.295625,0.034951721596291174,-0.0030707248247379467,-8.679752353052885,-8.676681628228147,-8.714704074649177
211.9,-9.314375,-0.016137817350892925,-0.010901406170357867,-8.73867257334569,-8.727771167175332,-8.722534755994797
212.0,-9.333124999999999,-0.0672058240292554,-0.015746983576335662,-8.79458615743003,-8.778839173853694,-8.727380333400774
212.1,-9.351874999999998,-0.1182112182584718,-0.0168477157374848,-8.846692283820396,-8.82984456808291,-8.728481065561924
212.2,-9.370624999999997,-0.16911296903447587,-0.011469353401733724,-8.89221567226065,-8.880746318858915,-8.723102703226173
212.3,-9.389375000000003,-0.2198701274733605,0.004537498558489703,-8.92696597873931,-8.931503477297799,-8.707095851265949
212.4,-9.408125000000002,-0.2704418597000413,0.03544405389936092,-8.94663115562512,-8.98207520952448,-8.676189295925077
212.5,-9.501125000000002,-0.3207874796559089,0.009828493244576943,-9.022592336235771,-9.032420829480348,-8.701804856579862
212.6,-9.602374999999995,-0.37086648179973947,-0.0061788968573421085,-9.08867872848152,-9.082499831624178,-8.717812246681781
212.7,-9.703624999999988,-0.42063857367619156,-0.007416837341111754,-9.139688760841741,-9.13227192350063,-8.71905018716555
212.8,-9.80487500000001,-0.4700637083262998,0.00012262460061124693,-9.181574433550127,-9.181697058150739,-8.711510725223828
212.9,-9.906125000000003,-0.5191021165144722,0.00853291128091256,-9.222202555057999,-9.230735466338912,-8.703100438543526
213.0,-10.007374999999996,-0.567714338746617,0.00939165525268694,-9.269956033318369,-9.279347688571056,-8.702241694571752
213.1,-10.108624999999988,-0.6158612570541562,-0.004695563089727449,-9.332190169968323,-9.327494606878595,-8.716328912914166
213.2,-10.20987499999998,-0.6635041265188433,-0.038696131552539606,-9.413833607895821,-9.375137476343282,-8.750329481376978
213.3,-10.225625,-0.7106046065134699,-0.008739421279143693,-9.430977377617053,-9.42223795633791,-8.720372771103582
213.4,-10.231875,-0.7571247916337389,0.011003918049420528,-9.457754223408758,-9.468758141458178,-8.700629431775019
213.5,-10.238125,-0.8030272422967917,0.015583538805799864,-9.49907705331543,-9.514660592121231,-8.69604981101864
213.6,-10.244375,-0.8482750149821038,0.01093667812586433,-9.548971686680678,-9.559908364806542,-8.700696671698575
213.7,-10.250625,-0.89283169209071,0.0029351096429292766,-9.60152993227222,-9.604465041915148,-8.70869824018151
213.8,-10.256875,-0.9366614113989805,-0.003759962233056833,-9.652054723456477,-9.648294761223418,-8.715393312057495
213.9,-10.263125,-0.9797288950834556,-0.006331182319294544,-9.69769342722719,-9.691362244907895,-8.717964532143734
214.0,-10.269375,-1.0219994782935424,-0.003951466443948967,-9.73758429456193,-9.733632828117981,-8.715584816268388
214.1,-10.277875,-1.0634391372491938,0.0001678927540046036,-9.774904594319628,-9.775072487073633,-8.711465457070434
214.2,-10.286624999999999,-1.1040145168410267,0.0057031886858549844,-9.80994467797961,-9.815647866665465,-8.705930161138584
214.3,-10.295375000000002,-1.1436929577106842,0.00982229867697644,-9.845504008858146,-9.855326307535123,-8.701811051147462
214.4,-10.304125,-1.1824425227896165,0.009475946395756442,-9.884599926218298,-9.894075872614055,-8.702157403428682
214.5,-10.312875,-1.2202320232748427,0.0026033007730900193,-9.92926207232619,-9.931865373099281,-8.709030049051348
214.6,-10.321625,-1.257031044020652,-0.010903797142010141,-9.9795681909871,-9.96866439384509,-8.722537146966449
214.7,-10.330374999999998,-1.2928099683256267,-0.02856523595263395,-10.0330085541027,-10.004443318150065,-8.740198585777073
214.8,-10.339125000000001,-1.327540002094799,-0.045459312460974566,-10.084632664380212,-10.039173351919239,-8.757092662285412
214.9,-10.37,-1.3611931973572067,-0.07762871420734442,-10.15045526138899,-10.072826547181645,-8.789262064031783
215.0,-10.14,-1.3937424751195802,0.1628491980959519,-9.942526626848068,-10.10537582494402,-8.548784151728487
215.1,-10.295555555555561,-1.4251616475373692,0.03076740928294986,-10.106027588078858,-10.136794997361807,-8.680865940541489
215.2,-10.26222222222222,-1.45542543938482,0.09671557648445311,-10.070343212724806,-10.167058789209259,-8.614917773339986
215.3,-10.43,-1.4845095088063203,-0.037309329414042205,-10.2334521880448,-10.19614285863076,-8.74894267923848
215.4,-10.606000000000021,-1.5123904673317594,-0.1873594599786203,-10.411383277134819,-10.224023817156198,-8.898992809803058
215.5,-10.41666666666666,-1.539045899139189,0.014262602759065358,-10.236416646204562,-10.250679248963628,-8.697370747065372
215.6,-10.455555555555556,-1.5644543795486217,-0.026050187705237243,-10.302137917078298,-10.27608772937306,-8.737683537529676
215.7,-10.406666666666668,-1.588595492731376,0.013446442527832479,-10.286782400027983,-10.300228842555814,-8.698186907296606
215.8,-10.38,-1.6114498486199589,0.031585236477298974,-10.2914979619671,-10.323083198444397,-8.680048113347139
215.9,-10.2911111111111,-1.632999099004063,0.12066361754198268,-10.22396883128652,-10.344632448828502,-8.590969732282456
216.0,-10.49600000000002,-1.6532259527988704,-0.07204920134875129,-10.43690850397206,-10.364859302623309,-8.78368255117319
216.1,-10.34,-1.672114190472467,0.10510892395091889,-10.278638616345987,-10.383747540296905,-8.60652442587352
216.2,-10.62222222222224,-1.6896486776198092,-0.15551993519800322,-10.55680196264225,-10.401282027444248,-8.867153285022441
216.3,-10.448888888888874,-1.7058153776713185,0.028408119159562657,-10.389040608336195,-10.417448727495756,-8.683225230664876
216.4,-10.397000000000006,-1.7206013637248339,0.06909360569524207,-10.36314110785403,-10.432234713549272,-8.642539744129197
216.5,-10.486666666666666,-1.7339948294903231,-0.060353182285356854,-10.505981361600119,-10.445628179314761,-8.771986532109796
216.6,-10.382222222222227,-1.7459850993374153,-0.02439998729354837,-10.482018436455402,-10.457618449161854,-8.736033337117988
216.7,-10.01,-1.7565626374365073,0.2586088008806521,-10.209587186380293,-10.468195987260946,-8.453024548943787
216.8,-10.53,-1.7657190559848897,-0.3553215859517827,-10.832673991761112,-10.477352405809329,-9.066954935776222
216.9,-10.34,-1.773447122510035,-0.24234250496930304,-10.727422977303776,-10.485080472334474,-8.953975854793741
217.0,-10.13,-1.7797407662429026,-0.0705220196656101,-10.561896135732951,-10.491374116067341,-8.782155369490049
217.1,-9.17,-1.7845950835548305,0.9048396624536652,-9.591388770925604,-10.496228433379269,-7.8067936873707735
217.2,-10.159894120451066,-1.7880063424523132,-0.015284133483991186,-10.514923825760743,-10.499639692276752,-8.72691748330843
217.3,-10.590708608363595,-1.789971986124686,-0.33627619940828435,-10.83788153535741,-10.501605335949124,-9.047909549232724
217.4,-10.610168277165716,-1.7904906355404875,-0.22995148727521567,-10.732075472640142,-10.502123985364927,-8.941584837099654
217.5,-10.590621210250397,-1.7895620910890033,-0.09313352931958675,-10.594328970233029,-10.501195440913442,-8.804766879144026
217.6,-10.568962055780334,-1.7871873332642512,0.020202088348153763,-10.478618594740537,-10.49882068308869,-8.691431261476286
217.7,-10.491453023966018,-1.7833685223894162,0.1567591980674943,-10.338242674146361,-10.495001872213855,-8.554874151756945
217.8,-10.502803830043597,-1.7781089973805053,0.17270934494218096,-10.317033002262763,-10.489742347204944,-8.538924004882258
217.9,-10.721166080612809,-1.7714132735487524,-0.045245289190101116,-10.528291912563292,-10.483046623373191,-8.75687863901454
218.0,-10.675438497070253,-1.7632870394420697,-0.019993067411396694,-10.494913456677905,-10.474920389266508,-8.731626417235836
218.1,-10.696086212044602,-1.7537371527266055,-0.07550803399614144,-10.540878536547186,-10.465370502551044,-8.78714138382058
218.2,-10.802284611201792,-1.7427716351102445,-0.22357047469325372,-10.677975459627937,-10.454404984934683,-8.935203824517693
218.3,-10.382400034091594,-1.730399666310653,0.1554765921824651,-10.286556423952627,-10.442033016135092,-8.556156757641974
218.4,-10.425611108414584,-1.7166315770712448,0.0792011742016664,-10.349063752694017,-10.428264926895684,-8.632432175622773
218.5,-10.39798200737562,-1.7014788412292148,0.0842322449177028,-10.32887994613595,-10.413112191053653,-8.627401104906737
218.6,-10.420958119092345,-1.684954066840561,0.04598854376314653,-10.350598872901854,-10.396587416665,-8.665644806061293
218.7,-10.550116846378529,-1.6670709863677864,-0.09935919716863165,-10.478063533360856,-10.378704336192225,-8.81099254699307
218.8,-10.541603153663848,-1.64784444593674,-0.11818256928219828,-10.477660365043377,-10.35947779576118,-8.829815919106636
218.9,-10.323257244371488,-1.6272903936698246,0.053529733331652375,-10.28539401016261,-10.338923743494263,-8.658103616492786
219.0,-10.319219180757099,-1.6054258671035626,-0.011322291220650654,-10.328381508148652,-10.317059216928001,-8.72295564104509
219.1,-10.169813178285496,-1.582268979699278,0.05027356493415347,-10.243628764589563,-10.293902329523716,-8.661359784890285
219.2,-10.154184434652072,-1.5578389064563998,-0.032063625305053856,-10.301535881585892,-10.269472256280839,-8.743696975129492
219.3,-10.083405079974483,-1.5321558686386538,-0.057443442961142316,-10.301232661424235,-10.243789218463093,-8.769076792785581
219.4,-9.90832913568924,-1.5052411176241538,0.03551021629976932,-10.181364251148823,-10.216874467448593,-8.67612313352467
219.5,-9.808423097618315,-1.4771169178911459,0.0768198691365192,-10.111930398579066,-10.188750267715584,-8.634813480687919
219.6,-9.840823407380878,-1.447806529151892,0.013761432403411638,-10.14567844657292,-10.15943987897633,-8.697871917421027
219.7,-9.829105656337955,-1.417334187647911,0.02120552525451868,-10.107762012217831,-10.12896753747235,-8.69042782456992
219.8,-9.973280594131833,-1.3857250866205155,-0.10748528690122688,-10.204843723346182,-10.097358436444955,-8.819118636725666
219.9,-9.870612832484833,-1.3530053559712898,0.020982612362822017,-10.043656093432906,-10.064638705795728,-8.690650737461617
220.0,-9.904267463964839,-1.3192020411278673,0.013878702048012996,-10.016956688904294,-10.030835390952307,-8.697754647776426
220.1,-9.962466042554722,-1.2843430811310466,-0.024425036750502917,-10.020401467705987,-9.995976430955485,-8.73605838657494
220.2,-9.881093856494012,-1.2484572859599825,0.06645028588121657,-9.893640349903205,-9.960090635784422,-8.645183063943222
220.3,-9.965971932501114,-1.21157431311285,-0.018609950509363437,-9.941817613446652,-9.923207662937289,-8.730243300333802
220.4,-9.977800560711524,-1.1737246434610473,-0.03504900639706771,-9.920406999682553,-9.885357993285487,-8.746682356221507
220.5,-9.992963075188086,-1.1349395563956521,-0.050129883894859166,-9.89670279011495,-9.846572906220091,-8.761763233719298
220.6,-9.987276390600401,-1.0952511042854782,-0.02846039410580017,-9.835344848215717,-9.806884454109916,-8.740093743930238
220.7,-9.9747141246554,-1.0546920862667093,0.026341804815176232,-9.739983631275972,-9.766325436091147,-8.685291545009262
220.8,-9.993406910780385,-1.0132960213846933,0.08209642326914343,-9.642832947939988,-9.724929371209132,-8.629536926555295
220.9,-10.109822360882777,-0.9710971211090751,0.07097180216081878,-9.611758668772694,-9.682730470933514,-8.640661547663619
221.0,-10.25444070797325,-0.9281302612440286,0.05298089364720718,-9.58678271742126,-9.639763611068467,-8.658652456177231
221.1,-10.518706588907888,-0.8844309532559125,-0.07896217663441005,-9.675026479714761,-9.59606430308035,-8.79059552645885
221.2,-10.709389432390713,-0.8400353150412235,-0.14912608656362822,-9.70079475142929,-9.551668664865662,-8.860759436388067
221.3,-10.630025208018008,-0.7949800411582535,0.024377638857897524,-9.482235752124794,-9.506613390982693,-8.687255710966541
221.4,-10.700460522169562,-0.7493023725463697,0.013354258328038947,-9.44758146404277,-9.460935722370808,-8.6982790914964
221.5,-10.737232929422651,-0.7030400657573392,-8.631926831678509e-05,-9.414759734850096,-9.414673415581778,-8.711719669092755
221.6,-10.691485807989004,-0.6562313617235943,0.03709114685979209,-9.330773564688242,-9.367864711548034,-8.674542202964647
221.7,-10.623436719342626,-0.6089149540887948,0.07188495566908672,-9.248663348244147,-9.320548303913233,-8.639748394155353
221.8,-10.63635960002968,-0.5611299571264889,0.009057943813954823,-9.263705363136973,-9.272763306950928,-8.702575406010483
221.9,-10.653881668236746,-0.5129158732730934,-0.06731874316600603,-9.291867966263538,-9.224549223097533,-8.778952092990444
222.0,-10.564679231652107,-0.4643125603018108,-0.03871830849667532,-9.214664218622925,-9.175945910126249,-8.750351658321113
222.1,-10.49858539285924,-0.41536019816449,-0.028160922322990844,-9.155154470311919,-9.12699354798893,-8.73979427214743
222.2,-10.434570838833272,-0.3660992555287863,-0.008645406258343969,-9.086378011611568,-9.077732605353225,-8.720278756082783
222.3,-10.297089798926354,-0.3165704560383211,0.09927905635436982,-8.92892474950839,-9.02820380586276,-8.61235429347007
222.4,-10.35411303731672,-0.2668147443238531,0.02808170699698031,-8.95036638715131,-8.978448094148291,-8.683551642827458
222.5,-10.35866124371302,-0.21687325179376593,0.02116325429207319,-8.907343347326131,-8.928506601618205,-8.690470095532365
222.6,-10.413792863197354,-0.16678726223244902,-0.03115769569067959,-8.909578307747568,-8.878420612056887,-8.742791045515117
222.7,-10.45949695648496,-0.11659817723538934,-0.07623913806486085,-8.90447066512469,-8.828231527059827,-8.787872487889299
222.8,-10.391124733971077,-0.06634748151002179,-0.014961656555250825,-8.792942487889711,-8.77798083133446,-8.72659500637969
222.9,-10.38931250915291,-0.016076708071577683,-0.030027643980878163,-8.757737701876895,-8.727710057896017,-8.741660993805317
223.0,-10.287146947911046,0.034172596636650454,0.046821248700551946,-8.630639504487236,-8.677460753187788,-8.664812101123887
223.1,-10.253492750136985,0.08435890766906162,0.04995582391588204,-8.577318618239495,-8.627274442155377,-8.661677525908557
223.2,-10.256044109440298,0.13444075651982526,0.014765263243328277,-8.562427330061285,-8.577192593304613,-8.69686808658111
223.3,-10.240963444324494,0.1843767660514954,-0.003454836120279227,-8.530711419893223,-8.527256583772944,-8.715088185944717
223.4,-10.214601739023323,0.23412568538029566,-0.011495858424142476,-8.489003522868286,-8.477507664444143,-8.723129208248581
223.5,-10.177370251960104,0.2836464246881614,-0.011259173842928936,-8.439246098979206,-8.427986925136278,-8.722892523667367
223.6,-10.157500632767947,0.3328980899316024,-0.0321520789530226,-8.410887338845859,-8.378735259892837,-8.74378542877746
223.7,-10.11223562433344,0.3818400174174541,-0.031139416947954624,-8.360932749354939,-8.329793332406984,-8.742772766772394
223.8,-9.982876048696333,0.43043180821561433,0.05261460491228833,-8.228586936696535,-8.281201541608825,-8.659018744912151
223.9,-9.969931405078283,0.4786333623789186,0.02220420416709503,-8.210795783278424,-8.23299998744552,-8.689429145657344
224.0,-9.956986761460232,0.5264049129403892,-0.0017248718446456323,-8.186953308728695,-8.18522843688405,-8.713358221669084
224.1,-9.94404211784218,0.5737070596582023,-0.015148901226107243,-8.153075191392343,-8.137926290166236,-8.726782251050546
224.2,-9.93109747422413,0.6205008024788541,-0.0148734443685692,-8.106005991714154,-8.091132547345584,-8.726506794193009
224.3,-9.918152830606076,0.6667475746891663,0.0009245832301570615,-8.043961191905115,-8.044885775135272,-8.710708766594282
224.4,-9.961252547101545,0.7124092757279649,-0.02406963808395663,-8.02329371218043,-7.999224074096474,-8.735702987908395
224.5,-9.994985445138004,0.7574483036284752,-0.0278257637688568,-7.98201080996482,-7.954185046195963,-8.739459113593295
224.6,-9.988754015334466,0.8018275870627254,0.012651997828191985,-7.897153764933521,-7.909805762761714,-8.698981351996247
224.7,-9.947821459472975,0.8455106169595127,0.0796634540497636,-7.786459278815163,-7.866122732864926,-8.631969895774676
224.8,-9.878654359050609,0.8884614776677876,0.1502628921552891,-7.6729089800013615,-7.823171872156651,-8.561370457669149
224.9,-9.993170829605704,0.9306448776376278,-0.004967983923528194,-7.785956456110339,-7.780988472186811,-8.716601333747967
225.0,-9.988965140339817,0.972026179591324,-0.0969668453053616,-7.836574015538476,-7.739607170233115,-8.8086001951298
225.1,-9.978298699321519,1.0125714301574726,-0.24148020925586294,-7.940542128922829,-7.699061919666966,-8.953113559080302
225.2,-9.819149091261725,1.05224738894137,-0.286747080523726,-7.946133041406795,-7.659385960883069,-8.998380430348165
225.3,-8.785164396819896,1.0910215570054262,0.5151633479989901,-7.105448444820023,-7.6206117928190125,-8.196470001825448
225.4,-9.050257494726203,1.1288622047337729,0.017650040720878918,-7.565121104369787,-7.582771145090666,-8.69398330910356
225.5,-8.806786333354147,1.1657383990557042,0.05340450751748012,-7.4924904432512545,-7.5458949507687345,-8.658228842306958
225.6,-8.78070050097787,1.2016200300031026,-0.08697364654107481,-7.596986966362411,-7.510013319821336,-8.798606996365514
225.7,-8.756746024931358,1.2364778365775186,-0.1827639156870054,-7.657919428933925,-7.47515551324692,-8.894397265511444
225.8,-8.321874718547878,1.2702834319031244,0.17404004993582078,-7.267309867985493,-7.441349917921315,-8.537593299888618
225.9,-8.506760325255987,1.303009327642338,-0.06054231484872447,-7.469166337030825,-7.408624022182101,-8.772175664673163
226.0,-8.326615243361388,1.3346289576515047,0.07969303867190701,-7.297311353501027,-7.377004392172934,-8.631940311152531
226.1,-8.351834545389274,1.3651167008546479,0.004146808665873292,-7.342369840303918,-7.346516648969791,-8.707486541158566
226.2,-8.191755126835233,1.3944479033139414,0.08603840668717434,-7.231147039823323,-7.317185446510497,-8.625594943137264
226.3,-8.32922787490538,1.4225988994762184,-0.16760474200042613,-7.456639192348646,-7.28903445034822,-8.879238091824865
226.4,-8.202005236243174,1.4495470325755186,-0.19396014605846845,-7.456046463307389,-7.2620863172489205,-8.905593495882908
226.5,-7.748927349270748,1.4752706741723824,0.0798614425063591,-7.156501233145697,-7.236362675652057,-8.631771907318079
226.6,-7.568827035768799,1.4997492428113248,0.07445844232314643,-7.137425664689967,-7.211884107013114,-8.637174907501292
226.7,-7.384810614444205,1.5229632217786753,0.08726049087478907,-7.101409637170974,-7.188670128045763,-8.62437285894965
226.8,-7.379553066730392,1.5448941759437258,-0.050098281541166044,-7.216837455421879,-7.166739173880713,-8.761731631365604
226.9,-7.091161674666536,1.5655247676669222,0.127065563879919,-7.019043018277598,-7.146108582157517,-8.58456778594452
227.0,-7.102884798919247,1.5848387717596353,0.02536418598057734,-7.101430392084226,-7.126794578064803,-8.68626916384386
227.1,-7.1572278466898265,1.6028210894808645,-0.1179148484209252,-7.226727108764499,-7.108812260343575,-8.829548198245364
227.2,-6.78552603928184,1.6194577615570647,0.1417922690118576,-6.950383319255517,-7.092175588267374,-8.569841080812582
227.3,-7.013769544217805,1.6347359802121446,-0.24199952546662093,-7.318896895078915,-7.076897369612294,-8.95363287529106
227.4,-6.732468888262101,1.6486441001955436,-0.17028514589926547,-7.233274395528161,-7.062989249628895,-8.881918495723705
227.5,-6.009251051161503,1.661171648797183,0.2921555752556576,-6.758306125771599,-7.050461701027256,-8.419477774568781
227.6,-5.953734876446983,1.6723093348389808,0.05149033899294466,-6.987833675992514,-7.039324014985458,-8.660143010831494
227.7,-5.769220703119666,1.6820490566335273,-0.06997725898480553,-7.099561552175717,-7.029584293190911,-8.781610608809244
227.8,-5.514074287569898,1.690383908901438,-0.09940476335126644,-7.120654204274267,-7.021249440923,-8.811038113175705
227.9,-5.180861635222327,1.697308188639837,0.0031320337574533563,-7.011193127427148,-7.014325161184602,-8.708501316066986
228.0,-4.8746701658347344,1.7028173999353573,0.1620127908806916,-6.84680315900839,-7.008815949889081,-8.549620558943747
228.1,-5.028420044368377,1.7069082577160053,-0.03344324481163441,-7.038168336920068,-7.004725092108433,-8.745076594636073
228.2,-5.088259823681989,1.7095786904371906,-0.018040267115920976,-7.02009492650317,-7.002054659387248,-8.72967361694036
228.3,-5.7739875375787015,1.7108278416981908,-0.5139294470864335,-7.514734955212681,-7.000805508126248,-9.225562796910872
228.4,-5.157462047946485,1.7106560707863,0.38910612273115586,-6.611871156306982,-7.000977279038139,-8.322527227093282
228.5,-5.147891742933545,1.7090649521468826,0.7481756876317287,-6.254392710045828,-7.002568397677556,-7.96345766219271
228.6,-6.490554430267827,1.7060572737785438,-0.22784007218555896,-7.233416148231454,-7.0055760760458945,-8.939473422009998
228.7,-7.162355619992247,1.7016370345536203,-0.5648260350825431,-7.574822350353362,-7.0099963152708185,-9.276459384906982
228.8,-7.033829027310991,1.695809440465177,-0.17291524795486626,-7.188739157314128,-7.015823909359262,-8.884548597779306
228.9,-6.952898232278077,1.6885808998026977,0.08014661411415017,-6.942905835907591,-7.023052450021741,-8.631486735710288
229.0,-7.020636866553086,1.6799590172596488,0.09627541926189688,-6.935398913302893,-7.03167433256479,-8.615357930562542
229.1,-6.976537328199936,1.66995258697709,0.15658956964091164,-6.885091193206437,-7.041680762847349,-8.555043780183528
229.2,-7.054043633426083,1.6585715845284974,0.05597890853250623,-6.997082856763435,-7.053061765295942,-8.655654441291933
229.3,-7.063879148561301,1.64582715785196,0.010020299509977237,-7.055785892462501,-7.065806191972479,-8.701613050314462
229.4,-7.086949185363191,1.6317316171368965,-0.044182772276784646,-7.124084504964327,-7.079901732687542,-8.755816122101223
229.5,-7.059500515732259,1.6162984236734184,-0.035005493394452566,-7.1303404195454725,-7.09533492615102,-8.746638843218891
229.6,-6.98934469674975,1.599542177673461,0.02910033494736939,-7.082990837203608,-7.112091172150977,-8.68253301487707
229.7,-7.03968710965669,1.5814786050737564,-0.020791135034174554,-7.150945879784857,-7.130154744750683,-8.732424484858614
229.8,-7.087217113525445,1.5621245433317061,-0.0684733823147767,-7.217982188807509,-7.149508806492733,-8.780106732139215
229.9,-7.003687372248299,1.5414979262261657,0.008672096443129731,-7.161463327155143,-7.170135423598273,-8.702961253381309
230.0,-6.980654672825632,1.5196177676760971,0.016353084722618875,-7.175662497425723,-7.192015582148342,-8.69528026510182
230.1,-6.958164453964792,1.4965041445909932,0.014627100395003855,-7.200502104838442,-7.2151292052334455,-8.697006249429435
230.2,-6.89780180844063,1.4721781787679076,0.04383186287477462,-7.195623308181757,-7.239455171056531,-8.667801486949664
230.3,-6.951409203723839,1.446662017850835,-0.04535873849193203,-7.310330070465536,-7.264971331973603,-8.756992088316371
230.4,-6.8344904651121805,1.4199788153690993,0.03382236228500627,-7.257832172170334,-7.29165453445534,-8.677810987539432
230.5,-6.822897980464323,1.3921527098722961,0.007309417597414473,-7.312171222354728,-7.319480639952142,-8.704323932227025
230.6,-6.819515547330687,1.3632088031802068,-0.026250621180583224,-7.374675167824815,-7.348424546644232,-8.737883971005022
230.7,-6.778171821118802,1.3331731377669769,-0.019060082319775212,-7.397520294377237,-7.378460212057462,-8.730693432144214
230.8,-6.763631992232786,1.302072673299681,-0.034115664449172356,-7.44367634097393,-7.409560676524758,-8.745749014273612
230.9,-6.710373987274854,1.2699352623522375,-0.00457399879988261,-7.446272086272083,-7.441698087472201,-8.716207348624321
231.0,-6.639749875456441,1.2367896253164328,0.04787983493058007,-7.426963889577426,-7.4748437245080055,-8.663753514893859
231.1,-6.636534785836009,1.20266532453262,0.035172972627125314,-7.473795052664693,-7.508968025291819,-8.676460377197314
231.2,-6.635760370812587,1.1675927376634119,0.015449514344267171,-7.52859109781676,-7.544040612161027,-8.696183835480172
231.3,-6.596003636518695,1.1316030303344498,0.020715706784704125,-7.559314612705284,-7.580030319489989,-8.690917643039734
231.4,-6.590824959107138,1.0947281280670538,-0.03197978954456377,-7.648885011301949,-7.616905221757385,-8.743613139369003
231.5,-6.47379446802394,1.0570006875282605,-0.001815537726325523,-7.656448200022504,-7.654632662296178,-8.713448887550765
231.6,-6.3259743867811755,1.0184540671244433,0.032097891041063725,-7.661081391658932,-7.693179282699996,-8.679535458783375
231.7,-6.352532348876046,0.9791222969653691,-0.12345943170679541,-7.855970484565865,-7.73251105285907,-8.835092781531234
231.8,-6.182721799940018,0.9390400482261687,-0.07599276191220557,-7.848586063510476,-7.77259330159827,-8.787626111736644
231.9,-6.11718110691949,0.8982426019353213,-0.09826849583325946,-7.911659243722377,-7.813390747889118,-8.809901845657699
232.0,-5.8601678367800965,0.856765817217321,0.1324707396994224,-7.722396792907695,-7.854867532607118,-8.579162610125016
232.1,-5.837123078772244,0.8146460990192589,0.2084325905550351,-7.688554660250144,-7.8969872508051795,-8.503200759269404
232.2,-6.055217276020754,0.7719203653510749,0.12388146403607374,-7.81583152043729,-7.939712984473363,-8.587751885788364
232.3,-6.444995543278177,0.728626014069738,-0.0684833340751869,-8.051490669829887,-7.983007335754701,-8.780116683899626
232.4,-6.705007618458296,0.6848008892380814,-0.09793925843938459,-8.124771719025741,-8.026832460586357,-8.809572608263823
232.5,-6.885734880446497,0.6404832470894606,-0.050752013177042046,-8.12190211591202,-8.071150102734979,-8.762385363001481
232.6,-7.111683101360623,0.5957117216298183,-0.08215631900490004,-8.19807794719952,-8.11592162819462,-8.793789668829339
232.7,-7.229640419097472,0.5505252899091128,-0.05697035778693313,-8.218078417702259,-8.161108059915327,-8.768603707611371
232.8,-7.231835276226822,0.504963236994426,0.030121717922813013,-8.176548394907199,-8.206670112830013,-8.681511631901627
232.9,-7.33056752364714,0.45906512067738225,-0.02229925820722684,-8.274867487354284,-8.252568229147057,-8.733932608031665
233.0,-7.236,0.4128707359487924,0.09388722254972795,-8.204875391325919,-8.298762613875645,-8.61774612727471
233.1,-7.237947185141323,0.36642007927370185,0.10745140535855746,-8.23776186519218,-8.345213270550737,-8.604181944465882
233.2,-7.306613745913249,0.31975331270023455,0.061531013543200494,-8.330349023581004,-8.391880037124205,-8.650102336281238
233.3,-7.407038293721236,0.27291072783582127,-0.0028907203543032667,-8.44161334234292,-8.438722621988617,-8.714524070178742
233.4,-7.615232365637381,0.22593270972455531,-0.16146664570331365,-8.647167285803198,-8.485700640099884,-8.873099995527753
233.5,-7.576127780454859,0.17885970065954138,-0.06055276032988052,-8.593326409494777,-8.532773649164897,-8.772186110154319
233.6,-7.570639994500487,0.13173216396419546,0.019367729284227454,-8.560533456576016,-8.579901185860244,-8.692265620540212
233.7,-7.693460246726478,0.08459054777651004,-0.012724309849128076,-8.639767111897056,-8.627042802047928,-8.724357659673567
233.8,-7.802684483890015,0.0374752488703195,-0.009440776097114773,-8.683598877051233,-8.67415810095412,-8.721074125921554
233.9,-7.862586357307294,-0.009573423452407248,0.0689416514919571,-8.65226512178489,-8.721206773276846,-8.64269169833248
234.0,-7.973389268345287,-0.05651528336426781,0.12132703167643138,-8.646821601512276,-8.768148633188707,-8.590306318148007
234.1,-8.202192322952472,-0.10331030437621966,0.07323960246372321,-8.741704051736935,-8.814943654200658,-8.638393747360716
234.2,-8.639600794468222,-0.14991865502867724,-0.17863092811228953,-9.040182932965406,-8.861552004853117,-8.890264277936728
234.3,-8.711692303924668,-0.1963007343762726,-0.07476017582155456,-8.982694260022265,-8.907934084200711,-8.786393525645993
234.4,-8.708382897574804,-0.24241720723281934,0.08327337262622254,-8.870777184431036,-8.954050557057258,-8.628359977198215
234.5,-8.947990391243875,-0.28822903914323517,-0.02850604636913906,-9.028368435336812,-8.999862388967674,-8.740139396193578
234.6,-9.07724757516824,-0.3336975310494258,-0.05550793927927476,-9.10083882015314,-9.045330880873864,-8.767141289103714
234.7,-9.115934201750232,-0.3787843536174166,-0.010570411920192231,-9.100988115362048,-9.090417703441855,-8.72220376174463
234.8,-9.10559617104876,-0.42345158119333187,0.07429284064449025,-9.06079209037328,-9.13508493101777,-8.637340509179948
234.9,-9.165039729158229,-0.46766172535617123,0.08881536053634535,-9.090479714644264,-9.17929507518061,-8.622817989288093
235.0,-9.362840707004866,-0.5113777680357128,-0.03084117960674608,-9.253852297466898,-9.223011117860151,-8.742474529431185
235.1,-9.43342886676266,-0.5545631941642846,-0.019168779110073895,-9.285365323098798,-9.266196543988723,-8.730802128934513
235.2,-9.479287306832177,-0.5971820238315944,0.017486607065247607,-9.291328766590786,-9.308815373656033,-8.694146742759191
235.3,-9.647137347970224,-0.6391988439122809,-0.0730007069850092,-9.42383290072173,-9.35083219373672,-8.784634056809448
235.4,-9.69823795119458,-0.6805788391363583,-0.05649162937317129,-9.448703818333968,-9.392212188960798,-8.76812497919761
235.5,-9.648319723346848,-0.7212878225732666,0.04891939895761332,-9.384001773440092,-9.432921172397705,-8.662713950866825
235.6,-9.669464214862963,-0.7612922655008044,0.0711974636183958,-9.401728151706848,-9.472925615325243,-8.640435886206044
235.7,-9.739440625206853,-0.8005593266308213,0.034331636071557654,-9.477861040383702,-9.51219267645526,-8.67730171375288
235.8,-9.897930998623448,-0.839056880664176,-0.09871678821837732,-9.649407018706992,-9.550690230488614,-8.810350138042816
235.9,-9.861477401153547,-0.8767535461481174,-0.04147723217146054,-9.629864128144018,-9.588386895972556,-8.7531105819959
236.0,-9.771879452398585,-0.9136187126099301,0.06731103507108306,-9.557941027363286,-9.625252062434368,-8.644322314753355
236.1,-9.818677791005825,-0.9496225669413992,0.040831634087841885,-9.620424282677996,-9.661255916765837,-8.670801715736596
236.2,-9.87559292985314,-0.9847361190093804,0.00739310270557709,-9.688976366128243,-9.696369468833819,-8.704240247118861
236.3,-9.941734581751403,-1.0189312264685269,-0.030790625145530003,-9.761355201438496,-9.730564576292966,-8.742423974969968
236.4,-10.011322058195853,-1.0521806187530107,-0.06692487820338086,-9.83073884678083,-9.76381396857745,-8.77855822802782
236.5,-9.990090047091567,-1.0844579202248865,-0.0056436641517563155,-9.801734934201082,-9.796091270049326,-8.717277013976195
236.6,-9.979000000000006,-1.1157376724575785,0.05318761381090066,-9.774183408471117,-9.827371022282017,-8.658445736013539
236.7,-10.044,-1.1459953556338307,0.04408437265820511,-9.813544332800063,-9.85762870545827,-8.667548977166234
236.8,-10.137818181818187,-1.175207409038336,0.013466307399145418,-9.87337445146363,-9.886840758862775,-8.698167042425293
236.9,-10.278732686980616,-1.2033512506261579,-0.05928954642947436,-9.97427414688007,-9.914984600450596,-8.770922896253913
237.0,-10.318483379501389,-1.230405295648979,-0.02932175734516552,-9.971360402818583,-9.942038645473417,-8.740955107169604
237.1,-10.358234072022162,-1.256348974322145,-0.001604084867281235,-9.969586409013864,-9.967982324146584,-8.71323743469172
237.2,-10.397984764542935,-1.2811627485164272,0.01999560044644949,-9.972800497894417,-9.992796098340866,-8.691637749377989
237.3,-10.437735457063718,-1.304828127459401,0.0315244767152007,-9.984937000568639,-10.01646147728384,-8.680108873109239
237.4,-10.477486149584491,-1.327327682432321,0.028923226608934448,-10.010037805647825,-10.03896103225676,-8.682710123215504
237.5,-10.517236842105264,-1.34864506044938,0.008522546882470249,-10.051755863391348,-10.060278410273819,-8.703110802941968
237.6,-10.548015873015878,-1.3687649969072453,-0.02278708076226691,-10.103185427493951,-10.080398346731684,-8.734420430586706
237.7,-10.552312499999974,-1.387673327193807,-0.04647829202600677,-10.145784969044252,-10.099306677018246,-8.758111641850446
237.8,-10.546222222222179,-1.4053569972461044,-0.07356076983871641,-10.19055111690926,-10.116990347070542,-8.785194119663155
237.9,-10.398921875,-1.4218040730484418,0.03551114983176593,-10.097926273041114,-10.13343742287288,-8.676122199992673
238.0,-10.465238095238094,-1.43700374906278,-0.06387573282061457,-10.212512831707834,-10.14863709888722,-8.775509082645053
238.1,-10.152500000000064,-1.4509463555845428,0.22940910416285024,-9.93317060124613,-10.162579705408982,-8.48222424566159
238.2,-10.376555555555601,-1.4636233650180541,0.003270995245464453,-10.171985719597028,-10.175256714842494,-8.708362354578973
238.3,-10.504343750000011,-1.4750273970669152,-0.11140806133498674,-10.29806880822634,-10.186660746891354,-8.823041411159425
238.4,-10.447437499999998,-1.4851522228356988,-0.03325649086051007,-10.230042063520647,-10.196785572660138,-8.744889840684948
238.5,-10.424343750000002,-1.4939927678404359,0.0099810068540955,-10.19564511081078,-10.205626117664874,-8.701652342970343
238.6,-10.307156250000032,-1.5015451139264657,0.13791531135854695,-10.075263152392358,-10.213178463750904,-8.573718038465891
238.7,-10.521499999999984,-1.5078065000932988,-0.07980796806019236,-10.29924781797793,-10.219439849917737,-8.791441317884631
238.8,-10.553499999999998,-1.512775322227252,-0.12890714127670644,-10.353315813328397,-10.224408672051691,-8.840540491101144
238.9,-10.552000000000007,-1.516451131743696,-0.15275345726448686,-10.380837938832622,-10.228084481568136,-8.864386807088925
239.0,-10.14760317460316,-1.5188346331418465,0.2263752337094811,-10.004092749256804,-10.230467982966285,-8.485258116114958
239.1,-10.23859375,-1.5199276804761226,0.11745005708383768,-10.114110973216723,-10.231561030300561,-8.5941832927406
239.2,-10.373968253968256,-1.5197332727491712,-0.026187420671310378,-10.25755404324492,-10.23136662257361,-8.737820770495748
239.3,-10.331718749999986,-1.5182555482327376,0.013310519901878325,-10.216578378155297,-10.229888898057176,-8.69832282992256
239.4,-10.319380952380945,-1.5154997777236285,0.019488620521622278,-10.207644507026444,-10.227133127548067,-8.692144729302816
239.5,-10.375125000000006,-1.511472356743079,-0.05519270353747989,-10.278298410104998,-10.223105706567518,-8.76682605336192
239.6,-10.494222222222218,-1.5061807966888836,-0.21098209728157136,-10.428796243794894,-10.217814146513323,-8.92261544710601
239.7,-10.201624999999995,-1.4996337149506944,0.029633981478139185,-10.181633083296994,-10.211267064775132,-8.6819993683463
239.8,-10.112874999999978,-1.4918408239999261,0.06072468058552334,-10.142749493238842,-10.203474173824365,-8.650908669238916
239.9,-10.057406250000014,-1.4828129194667192,0.06601093764387278,-10.128435331647285,-10.194446269291157,-8.645622412180566
240.0,-10.038499999999969,-1.4725618672174214,0.053705740909713494,-10.130489476132146,-10.18419521704186,-8.657927608914726
240.1,-10.081968749999996,-1.4611005894470346,0.0033944867788869085,-10.169339452492586,-10.172733939271474,-8.708238863045551
240.2,-10.09375,-1.4484430498020575,0.006550166691795808,-10.1535262329347,-10.160076399626496,-8.705083183132643
240.3,-10.111984375000004,-1.4346042375501031,0.015607158872886596,-10.130630428501656,-10.146237587374541,-8.696026190951551
240.4,-10.197476190476216,-1.4196001508136156,-0.04300325934166081,-10.174236759979715,-10.131233500638054,-8.7546366091661
240.5,-10.252625000000005,-1.4034477788859296,-0.08338655804800607,-10.198467686758374,-10.115081128710369,-8.795019907872446
240.6,-10.188199999999997,-1.386165083648825,-0.02331572377821169,-10.121114157251476,-10.097798433473264,-8.73494907360265
240.7,-10.163588235294167,-1.3677709801115991,-0.022885632542479266,-10.102289962478517,-10.079404329936038,-8.734518982366918
240.8,-9.970228571428457,-1.3482853160925496,0.13120164323511357,-9.928717022681875,-10.059918665916989,-8.580431706589325
240.9,-10.012885714285714,-1.327728851064592,0.041740223295905245,-9.997621977593125,-10.03936220088903,-8.669893126528534
241.0,-10.136588235294134,-1.3061232341875528,-0.12904406040544888,-10.146800644417441,-10.017756584011991,-8.840677410229887
241.1,-9.985142857142801,-1.283490981550466,-0.020605923836072997,-10.015730255210977,-9.995124331374905,-8.732239273660511
241.2,-9.863571428571456,-1.2598554526479668,0.06180414920501195,-9.909684653267394,-9.971488802472406,-8.649829200619427
241.3,-9.773228571428573,-1.2352408261156194,0.11138657020805909,-9.835487605731998,-9.946874175940058,-8.600246779616379
241.4,-9.823028571428578,-1.2096720747497152,0.009313013552994569,-9.91199241102116,-9.921305424574154,-8.702320336271445
241.5,-9.785500000000008,-1.1831749398377784,-0.028876495006659116,-9.923684784668875,-9.894808289662217,-8.740509844831097
241.6,-9.812514285714284,-1.1557759048266563,-0.1652855299254445,-10.03269478457654,-9.867409254651095,-8.876918879749883
241.7,-9.453571428571493,-1.1275021683557092,0.045585456360863905,-9.793550061819284,-9.839135518180148,-8.666047893463574
241.8,-9.485676470588261,-1.0983816166832105,-0.17142070973410806,-9.981435676241757,-9.81001496650765,-8.883054059558546
241.9,-8.920599999999933,-1.0684427955346312,0.179470111426856,-9.600606033932214,-9.78007614535907,-8.532163238397583
242.0,-8.734714285714285,-1.0377148814020218,0.1319271893542966,-9.617421041872165,-9.74934823122646,-8.579706160470142
242.1,-8.56657142857143,-1.0062276523242133,0.05666851511019462,-9.661192487038457,-9.717861002148652,-8.654964834714244
242.2,-8.41634965034967,-0.9740114581780244,-0.03932442479760125,-9.724969232800063,-9.685644808002463,-8.75095777462204
242.3,-8.275790209790198,-0.941097190511111,-0.141572692338561,-9.79430323267411,-9.65273054033555,-8.853206042163
242.4,-8.035538461538454,-0.9075162519474966,-0.13310421671349495,-9.75225381848543,-9.619149601771936,-8.844737566537933
242.5,-7.726720279720294,-0.8733005251971991,-0.034839041546633476,-9.619772916568271,-9.584933875021639,-8.746472391371071
242.6,-7.36028671328675,-0.8384823417017098,0.15359537300087608,-9.396520318525273,-9.550115691526148,-8.558037976823563
242.7,-7.222664335664349,-0.8030944499473883,0.15459448492408898,-9.360133314847738,-9.514727799771826,-8.557038864900349
242.8,-7.21779720279721,-0.7671699834791088,0.06703240853563658,-9.41177092476791,-9.478803333303548,-8.644600941288802
242.9,-7.341573426573427,-0.7307424286467314,-0.1091901728750802,-9.55156595134625,-9.44237577847117,-8.820823522699518
243.0,-7.333223776223777,-0.693845592117176,-0.12240315313896416,-9.527882095080578,-9.405478941941615,-8.834036502963404
243.1,-7.264661971830999,-0.6565135681850434,-0.05460855305571513,-9.422755471065198,-9.368146918009483,-8.766241902880154
243.2,-7.162664335664327,-0.6187807059148656,0.059676942814575654,-9.270737112924728,-9.330414055739304,-8.651956407009862
243.3,-7.225601398601404,-0.580681576148159,0.017923999174946758,-9.27439092679765,-9.292314925972597,-8.693709350649492
243.4,-7.233615384615384,-0.5422509384085235,0.03856921713941731,-9.215315071093546,-9.253884288232962,-8.673064132685022
243.5,-7.25885314685314,-0.5035237077380538,0.048985105544904234,-9.166171952017589,-9.215157057562493,-8.662648244279534
243.6,-7.436475524475507,-0.4645349214983264,-0.0870649654109159,-9.263233236733681,-9.176168271322766,-8.798698315235354
243.7,-7.390321678321695,-0.42531970616917675,0.004250625742435541,-9.13270243025118,-9.136953055993615,-8.707382724082002
243.8,-7.376454545454553,-0.3859132441784111,0.06347323281722017,-9.03407336118563,-9.09754659400285,-8.648160117007219
243.9,-7.512818181818181,-0.3463507407954799,-0.03108092822890158,-9.089065018848821,-9.057984090619918,-8.74271427805334
244.0,-7.522323943661972,-0.3066673911219931,-0.0054204680843111365,-9.023721209030743,-9.018300740946431,-8.71705381790875
244.1,-7.543363636363633,-0.2668983472117778,0.0006166565028760777,-8.97791504053334,-8.978531697036216,-8.711016693321563
244.2,-7.582146853146848,-0.227078685352962,-0.018280735214798866,-8.9569927703922,-8.938712035177401,-8.729914085039237
244.3,-7.61711188811189,-0.18724337354431653,-0.037314239205498874,-8.936190962574255,-8.898876723368755,-8.748947589029937
244.4,-7.606384615384615,-0.14742723919780676,-0.009978549966393996,-8.86903913898864,-8.859060589022246,-8.721611899790833
244.5,-7.584825174825174,-0.10766493709898539,0.03311234807462701,-8.786185938848798,-8.819298286923424,-8.678521001749811
244.6,-7.605804195804194,-0.06799091765650983,0.040388469730523874,-8.739235797750425,-8.779624267480948,-8.671244880093916
244.7,-7.613356643356642,-0.028439395471685724,0.0657479206138627,-8.674324824682262,-8.740072745296125,-8.645885429210576
244.8,-7.676545454545464,0.01095568174147915,0.034298593440597006,-8.666379074642363,-8.70067766808296,-8.677334756383841
244.9,-7.840181818181818,0.050160663855668974,-0.10644157258311325,-8.767914258551883,-8.66147268596877,-8.818074922407552
245.0,-7.807633802816903,0.08914222861953902,-0.06629982140660068,-8.6887909426115,-8.6224911212049,-8.777933171231039
245.1,-7.739318181818185,0.12786741150782482,-0.008191269710160508,-8.591957208026775,-8.583765938316613,-8.719824619534599
245.2,-7.712149425287355,0.16630363510376084,-0.0065079019542598135,-8.551837616674938,-8.545329714720678,-8.718141251778698
245.3,-7.634344827586198,0.2044187379858583,0.03696791661037199,-8.470246695228209,-8.507214611838581,-8.674665433214066
245.4,-7.562310344827588,0.24218100309168328,0.07358266910669824,-8.395869677626058,-8.469452346732755,-8.63805068071774
245.5,-7.575597701149423,0.2795591855319001,0.030155180617693053,-8.401918983674845,-8.432074164292539,-8.681478169206745
245.6,-7.6033333333333335,0.3165225398284958,-0.018969131496744278,-8.414079941492687,-8.395110809995943,-8.730602481321183
245.7,-7.609310344827588,0.3530408465517756,-0.036819294809390876,-8.395411798082055,-8.358592503272662,-8.74845264463383
245.8,-7.605057471264368,0.38908443833142303,-0.03540480281906645,-8.357953714312082,-8.322548911493016,-8.747038152643505
245.9,-7.58767816091954,0.4246242252176432,-0.011853936819327398,-8.298863061426124,-8.287009124606795,-8.723487286643767
246.0,-7.605275862068965,0.4596317193691578,-0.012878727969105292,-8.264880358424387,-8.25200163045528,-8.724512077793545
246.1,-7.608218390804599,0.4940790590455963,0.013770459913425107,-8.203783830865417,-8.217554290778843,-8.697862889911013
246.2,-7.63068181818183,0.5279390318826196,0.0367100733902113,-8.146984244551607,-8.18369431794182,-8.674923276434228
246.3,-7.62760919540232,0.5611850974289316,0.10282769231944372,-8.047620560076064,-8.150448252395506,-8.608805657504995
246.4,-7.830655172413812,0.5937914089251712,-0.01907750524901551,-8.136919446148283,-8.117841940899268,-8.730710855073454
246.5,-8.064333333333332,0.62573283430553,-0.15385107436378764,-8.239751589882696,-8.085900515518908,-8.865484424188226
246.6,-8.025068965517264,0.656984976403822,0.0019943722256431443,-8.052654001194973,-8.054648373420617,-8.709638977598795
246.7,-8.153620689655147,0.6875241923466169,0.00824262056697819,-8.015866536910844,-8.024109157477822,-8.70339072925746
246.8,-8.304500000000028,0.7173276121169583,0.010573871719018938,-7.983731865988462,-7.994305737707481,-8.70105947810542
246.9,-8.416409836065572,0.7463731562731178,0.06807321977118033,-7.897186973780141,-7.9652601935513205,-8.643560130053258
247.0,-8.642612903225809,0.7746395528077634,0.0208780764728834,-7.916115720543792,-7.936993797016675,-8.690755273351556
247.1,-8.801483870967765,0.8021063531338783,0.038971464460355654,-7.870555532230204,-7.909526996690561,-8.672661885364082
247.2,-9.023612903225784,0.8287539471847295,-0.023568162418257783,-7.906447565057967,-7.882879402639709,-8.735201512242696
247.3,-9.189741935483898,0.8545635776161533,-0.06339041616767738,-7.920460188375963,-7.857069772208286,-8.775023765992117
247.4,-9.22841935483871,0.8795173531004156,-0.0217276360707345,-7.853843632794757,-7.832115996724023,-8.733360985895173
247.5,-9.27237096774194,0.9035982607018926,-0.03767250937197081,-7.845707598494517,-7.808035089122546,-8.74930585919641
247.6,-9.151,0.9267901773258204,0.060653403797304384,-7.724189768701314,-7.7848431724986185,-8.650979946027133
247.7,-9.143258064516143,0.949077880232366,0.002515123107698321,-7.760040346484375,-7.762555469592073,-8.70911822671674
247.8,-9.066806451612896,0.9704470566092875,-0.01691758283946068,-7.758103876054612,-7.741186293215151,-8.7285509326639
247.9,-8.955645161290292,0.9908843121974658,-0.01738254201675546,-7.738131579643729,-7.720749037626973,-8.729015891841193
248.0,-8.839193548387101,1.0103771789646077,-0.015970969075881025,-7.717227139935712,-7.701256170859831,-8.727604318900319
248.1,-8.615258064516135,1.0289141218234499,0.09693742922576139,-7.585781798775227,-7.682719228000989,-8.614695920598678
248.2,-8.641064516129033,1.0464845443918054,-0.03530446681732733,-7.700453272249961,-7.665148805432633,-8.746937816641767
248.3,-8.536278688524579,1.0630787937928268,-0.0389165132744341,-7.687471069306046,-7.648554556031612,-8.750549863098874
248.4,-8.231161290322538,1.0786881644948734,0.14395013073231255,-7.488995054597253,-7.632945185329565,-8.567683219092126
248.5,-8.17922580645163,1.0933049011913971,0.04642897854137499,-7.571899470091667,-7.618328448633042,-8.665204371283064
248.6,-8.092435483870972,1.1069222007222699,-0.0528730921316604,-7.657584241233829,-7.604711149102169,-8.7645064419561
248.7,-7.976419354838698,1.11953421303899,-0.1595856023786072,-7.751684739164056,-7.592099136785449,-8.871218952203046
248.8,-7.819081967213112,1.1311360412172116,-0.2488507754382253,-7.829348084045453,-7.580497308607227,-8.960484125262663
248.9,-7.426354838709658,1.1417237405210359,-0.10227162786765438,-7.672181237171057,-7.569909609303403,-8.813904977692093
249.0,-6.634953488372104,1.1512943165244964,0.47294484408869986,-7.087394189211242,-7.560339033299942,-8.23868850573574
249.1,-6.696651162790618,1.1598457222966516,0.25052037594134424,-7.301267251586443,-7.551787627527787,-8.461112973883095
249.2,-6.994139534883722,1.1673768546576673,-0.13814551142776368,-7.682402006594535,-7.544256495166771,-8.849778861252203
249.3,-6.8786511627907,1.173887549514236,-0.04337062841033713,-7.58111642872054,-7.537745800310203,-8.755003978234775
249.4,-7.055418604651211,1.1793785762836257,-0.17855739934802528,-7.710812172888838,-7.532254773540813,-8.890190749172463
249.5,-7.096860465116288,1.1838516314165863,-0.12671629743269153,-7.654498015840543,-7.527781718407852,-8.83834964725713
249.6,-7.123279069767441,1.1873093310302623,-0.01622708620000174,-7.5405511049941785,-7.524324018794177,-8.727860436024441
249.7,-7.250953488372084,1.1897552026631688,0.031686020800933495,-7.490192126360336,-7.52187814716127,-8.679947329023506
249.8,-7.28761904761909,1.191193676165176,0.20409005623785675,-7.316349617421406,-7.520439673659263,-8.507543293586583
249.9,-7.652720930232565,1.1916300737363141,0.07141021115819698,-7.448593064929928,-7.520003276088125,-8.640223138666242
250.0,-7.879372093023269,1.1910705991290766,0.08289806778750358,-7.437664682907858,-7.520562750695362,-8.628735282036935
250.1,-8.284255813953537,1.1895223260297236,-0.10161579071146047,-7.623726814506176,-7.522111023794715,-8.813249140535898
250.2,-8.455,1.1869931856349067,-0.0935516528016276,-7.6181918169911595,-7.524640164189532,-8.805185002626066
250.3,-8.599500000000054,1.1834919534407322,-0.11804418828039845,-7.646185584664105,-7.528141396383706,-8.829677538104837
250.4,-8.603,1.1790282352621502,-0.06622323533624308,-7.598828349898532,-7.532605114562289,-8.777856585160682
250.5,-8.568402985074616,1.1736124525013065,-0.03517204697617199,-7.573192944299304,-7.538020897323133,-8.74680539680061
250.6,-8.313,1.1672558266842252,0.17105704139726757,-7.373320481742946,-7.544377523140214,-8.540576308427172
250.7,-8.268343283582082,1.1599703632858853,0.13479148119122,-7.416871505347333,-7.551662986538553,-8.576841868633219
250.8,-8.257,1.1517688348644417,0.042185353138928836,-7.517679161821068,-7.5598645149599975,-8.66944799668551
250.9,-8.021850746268655,1.1426647635259863,0.1521332452735773,-7.416835341024875,-7.568968586298452,-8.559500104550862
251.0,-8.28,1.132672402741875,-0.254470268758512,-7.833431215841076,-7.578960947082564,-8.96610361858295
251.1,-8.001164179104414,1.1218067185412486,-0.14675627043318848,-7.736582901716378,-7.58982663128319,-8.858389620257627
251.2,-7.743477611940357,1.110083370101943,-0.07377212570057126,-7.675322105423067,-7.6015499797224955,-8.78540547552501
251.3,-7.414611940298428,1.0975186897635378,0.0763214956128236,-7.537793164448077,-7.614114660060901,-8.635311854211615
251.4,-7.445084337349374,1.084129662486798,-0.10060733718550097,-7.728111024523142,-7.627503687337641,-8.81224068700994
251.5,-7.040285714285714,1.0699339047842624,0.2155884527451135,-7.4261109922950626,-7.641699445040176,-8.496044897079326
251.6,-7.115927710843355,1.0549496431471863,0.12527529423813105,-7.531408412439122,-7.656683706677253,-8.586358055586308
251.7,-7.235843373493975,1.039195691994474,0.06542649420041748,-7.607011163629547,-7.672437657829965,-8.64620685562402
251.8,-7.509000000000054,1.0226914311696398,-0.087921150941879,-7.776863069596678,-7.688941918654799,-8.799554500766318
251.9,-7.652891566265083,1.0054567830121999,-0.07817940517368081,-7.78435597198592,-7.706176566812239,-8.789812754998119
252.0,-7.846879518072288,0.9875121890302421,-0.11349181713206602,-7.837612977926263,-7.724121160794197,-8.825125166956505
252.1,-7.876807228915665,0.9688785862012181,-0.003450169293925276,-7.746204932917146,-7.74275476362322,-8.715083519118364
252.2,-7.916759036144579,0.9495773829282884,0.06415416141391668,-7.697901805482234,-7.76205596689615,-8.647479188410522
252.3,-8.106452054794563,0.929630434679784,-0.05301808923591392,-7.835021004380568,-7.782002915144655,-8.764651439060353
252.4,-8.082794520547944,0.9090600193395681,0.014200898251340664,-7.78837243223353,-7.80257333048487,-8.697432451573098
252.5,-8.09553424657534,0.8878888122962558,0.026446042075532535,-7.79729849545265,-7.823744537528183,-8.685187307748906
252.6,-8.082958904109592,0.8661398612993998,0.055383849396770955,-7.790109639128268,-7.8454934885250385,-8.656249500427668
252.7,-8.073589041095861,0.8438365611108674,0.07849527800933044,-7.789301510704241,-7.867796788713571,-8.633138071815107
252.8,-8.16594520547946,0.8210026279797118,-0.0018642611122882263,-7.8924949829570155,-7.890630721844727,-8.713497610936727
252.9,-8.249410958904104,0.7976620739688985,-0.07786386997935385,-7.991835145834894,-7.91397127585554,-8.789497219803792
253.0,-8.202287671232881,0.7738391811622615,-0.03099390914115841,-7.968788077803335,-7.937794168662177,-8.742627258965598
253.1,-8.234328767123287,0.7495584757800545,-0.07123503157486535,-8.03330990561925,-7.962074874044384,-8.782868381399304
253.2,-8.166315068493162,0.7248447022314167,-0.0148764080449065,-8.001665055637929,-7.986788647593022,-8.726509757869346
253.3,-8.123684931506848,0.699722797131994,0.021122143930822037,-7.990788408761623,-8.011910552692445,-8.690511205893616
253.4,-8.014397260273999,0.6742178633148512,0.13840692213522537,-7.899008564374363,-8.037415486509587,-8.573226427689214
253.5,-8.22665753424657,0.64835514386267,-0.04412732627293526,-8.107405532234704,-8.063278205961769,-8.755760676097374
253.6,-8.282547945205478,0.6221599961890565,-0.046782136834714314,-8.136255490470097,-8.089473353635382,-8.758415486659153
253.7,-8.23247945205481,0.5956578661965821,0.07551934910478816,-8.040456134523069,-8.115975483627857,-8.636114000719651
253.8,-8.31586301369864,0.5688742625389483,0.0736148951029145,-8.069144192182575,-8.14275908728549,-8.638018454721525
253.9,-8.56665753424659,0.5418347310144045,-0.09880540991243461,-8.26860402872247,-8.169798618810034,-8.810438759736874
254.0,-8.668780821917808,0.5145648291172561,-0.13727946013278214,-8.334347980839965,-8.197068520707182,-8.848912809957222
254.1,-8.631931506849314,0.4870901007739822,-0.059609990852085765,-8.284153239902542,-8.224543249050457,-8.771243340676525
254.2,-8.32453424657536,0.45943605129012577,0.26240818904359664,-7.989789109490716,-8.252197298534313,-8.449225160780841
254.3,-8.572712328767132,0.43162812253374894,0.003682456207161594,-8.276322771083528,-8.28000522729069,-8.707950893617276
254.4,-8.550575342465736,0.4036916683808338,-0.005278825759282332,-8.313220507202887,-8.307941681443605,-8.71691217558372
254.5,-8.606630136986299,0.3756519304475814,-0.10508595000655922,-8.441067369383417,-8.335981419376857,-8.816719299830998
254.6,-8.551342465753425,0.347534014134097,-0.09503974011595856,-8.4591390758063,-8.36409933569034,-8.806673089940396
254.7,-8.453246575342472,0.3193628650034686,-0.030160306391473508,-8.422430791212443,-8.39227048482097,-8.741793656215913
254.8,-8.35858904109589,0.29116324551973016,0.056402051004035295,-8.364068053300674,-8.420470104304709,-8.655231298820404
254.9,-8.293712328767127,0.26295971216767033,0.14680545726550337,-8.301868180391265,-8.448673637656768,-8.564827892558935
255.0,-8.461561643835642,0.2347765929768839,0.038260745795796205,-8.438596011051759,-8.476856756847555,-8.673372604028643
255.1,-8.536671232876712,0.20663796547188146,0.04691183263560755,-8.45808355171695,-8.504995384352558,-8.66472151718883
255.2,-8.69489041095884,0.17856763506946977,-0.019265056508679497,-8.552330771263648,-8.533065714754969,-8.730898406333118
255.3,-8.925972602739698,0.15058911394398444,-0.16736949607247759,-8.728413731952932,-8.561044235880454,-8.879002845896917
255.4,-8.850452054794522,0.12272560038031244,-0.030017516839408252,-8.618925266283535,-8.588907749444127,-8.741650866663846
255.5,-8.92475342465754,0.0949999586339717,-0.06604338641279385,-8.68267677760326,-8.616633391190467,-8.777676736237233
255.6,-8.878383561643837,0.0674346993168285,0.002794009664220838,-8.641404640843389,-8.64419865050761,-8.708839340160218
255.7,-8.746109589041119,0.04005196032632813,0.15608827290609206,-8.515493116592019,-8.67158138949811,-8.555545076918346
255.8,-8.944109589041176,0.012873488335391703,-0.00731153484955932,-8.706071396338606,-8.698759861489046,-8.718944884673999
255.9,-9.132945205479446,-0.014079379140609971,-0.13815201737123142,-8.86386474633628,-8.725712728965048,-8.84978536719567
256.0,-8.620054794520627,-0.04078573108414657,0.45711842306495765,-8.295300657843628,-8.752419080908584,-8.25451492675948
256.1,-9.44604109589038,-0.06722509970819557,-0.27007353948564955,-9.048931989018284,-8.778858449532635,-8.981706889310088
256.2,-9.377,-0.09337747656718345,-0.09951164371659796,-8.90452247010822,-8.805010826391623,-8.811144993541037
256.3,-9.420698630137005,-0.11922332803289273,-0.05326528441271233,-8.884121962270044,-8.830856677857332,-8.76489863423715
256.4,-9.414260273972566,-0.14474361012283612,0.021200057213785026,-8.83517690273349,-8.856376959947275,-8.690433292610654
256.5,-9.51146575342467,-0.169919782669418,-0.03412267425433723,-8.915675806748194,-8.881553132493856,-8.745756024078776
256.6,-9.295547945205424,-0.19473382281903223,0.1988686925075584,-8.707498480135913,-8.90636717264347,-8.51276465731688
256.7,-9.557616438356165,-0.21916823785108336,-0.06615677494828873,-8.996958362623811,-8.930801587675521,-8.777790124772727
256.8,-9.557013698630103,-0.243206077307763,-0.08248679302088528,-9.037326220153087,-8.954839427132201,-8.794120142845324
256.9,-9.377479452054812,-0.26683094442626687,0.07215218296106753,-8.906312111289639,-8.978464294250706,-8.639481166863371
257.0,-9.367589041095885,-0.2900270068659945,0.05475701915210256,-8.94690333753833,-9.001660356690433,-8.656876330672336
257.1,-9.450821917808264,-0.31277900672413744,-0.05286306102653649,-9.077275417575112,-9.024412356548575,-8.764496410850976
257.2,-9.502232876712403,-0.33507226983392785,-0.12051176994786911,-9.167217389606236,-9.046705619658367,-8.832145119772308
257.3,-9.388684931506905,-0.35689271434068714,-0.010065890614807168,-9.078591954779933,-9.068526064165125,-8.721699240439246
257.4,-9.277999999999999,-0.37822685855168664,0.11424457675168584,-8.97561563162444,-9.089860208376125,-8.597388773072753
257.5,-9.40911538461538,-0.39906182805670143,0.013895352336978972,-9.096799825544162,-9.11069517788114,-8.69773799748746
257.6,-9.418602564102553,-0.4193853621170107,0.04817308704647121,-9.082845624894977,-9.131018711941449,-8.663460262777967
257.7,-9.47012820512819,-0.4391858193214647,0.04496047064517227,-9.10585869850073,-9.150819169145903,-8.666672879179266
257.8,-9.59292307692305,-0.4584521825091067,-0.035413926385883504,-9.205499458719428,-9.170085532333545,-8.747047276210322
257.9,-9.725294871794882,-0.47717406295870013,-0.140039715849513,-9.328847128632653,-9.188807412783138,-8.851673065673952
258.0,-9.636564102564094,-0.4953417038463695,-0.04205762906590115,-9.24903268273671,-9.206975053670808,-8.75369097889034
258.1,-9.595576923076921,-0.5129459829734141,-0.008001425064154744,-9.232580757862008,-9.224579332797854,-8.719634774888593
258.2,-9.578833333333423,-0.529978414767204,-0.007744463161543716,-9.249356227753186,-9.241611764591642,-8.719377812985982
258.3,-9.38069230769234,-0.5464311515589009,0.17119525069024352,-9.086869250693097,-9.25806450138334,-8.540438099134196
258.4,-9.45015384615387,-0.5622969841425791,0.08251392406867117,-9.191416409898347,-9.273930333967018,-8.629119425755768
258.5,-9.580602564102573,-0.5775693416211434,-0.0709534064497422,-9.360156097895324,-9.289202691445581,-8.782586756274181
258.6,-9.501641025640959,-0.5922422905452449,-0.02807532134019222,-9.331950961709875,-9.303875640369684,-8.739708671164632
258.7,-9.420615384615383,-0.6063105333522003,-0.006986920089288877,-9.324930803265929,-9.317943883176639,-8.718620269913728
258.8,-9.303410256410194,-0.6197694061127026,0.019426505472655765,-9.311976250464486,-9.331402755937141,-8.692206844351784
258.9,-9.2401666666667,-0.6326148755938824,-0.03749105018050725,-9.381739275598829,-9.34424822541832,-8.749124400004947
259.0,-9.18514285714287,-0.6448435356480425,-0.11959098758751008,-9.476067873059991,-9.356476885472482,-8.83122433741195
259.1,-8.99199999999993,-0.6564526029371265,-0.058157597132627206,-9.426243549894192,-9.368085952761565,-8.769790946957066
259.2,-8.787,-0.6674399120037128,0.04819403807988116,-9.330879223748271,-9.379073261828152,-8.663439311744558
259.3,-8.74466666666667,-0.6778039097000365,0.05028001562071456,-9.339157243903761,-9.389437259524476,-8.661353334203724
259.4,-8.664051282051197,-0.6875436489872327,0.16391022126126847,-9.235266777550404,-9.399176998811672,-8.54772312856317
259.5,-8.905923076923067,-0.6966587821176734,0.026986075725921044,-9.381306056216191,-9.408292131942112,-8.684647274098518
259.6,-8.943871794872058,-0.7051495532139218,0.14767250420250652,-9.269110398835855,-9.41678290303836,-8.563960845621931
259.7,-9.398179487179476,-0.7130167902584705,-0.12449885556790416,-9.549148995650814,-9.424650140082909,-8.836132205392342
259.8,-9.69307692307696,-0.7202618965090394,-0.2469134898721182,-9.678808736205596,-9.431895246333479,-8.958546839696558
259.9,-9.707282051282062,-0.7268868413548095,-0.1250690381549039,-9.563589229334152,-9.438520191179249,-8.836702387979342
260.0,-9.686743589743601,-0.7328941506295404,-0.019477600698368847,-9.464005101152349,-9.44452750045398,-8.731110950522808
260.1,-9.420153846153783,-0.7382868963980678,0.2792172442247054,-9.1707030019978,-9.449920246222506,-8.432416105599733
260.2,-9.554615384615314,-0.7430686862332122,0.13067720667109192,-9.324024829386559,-9.45470203605765,-8.580956143153347
260.3,-9.652923076923045,-0.7472436520006287,-0.017323834569911684,-9.476200836394979,-9.458877001825067,-8.72895718439435
260.4,-9.66638461538457,-0.750816438169611,-0.10473110616975,-9.5671808941638,-9.46244978799405,-8.816364455994188
260.5,-9.655255388369207,-0.753792189668322,-0.18015843722125952,-9.64558397671402,-9.465425539492761,-8.891791787045698
260.6,-9.401900366002339,-0.7561765393023494,-0.013663273504422556,-9.481473162631211,-9.467809889126787,-8.72529662332886
260.7,-9.16585876662636,-0.757975594755897,0.1475381087771965,-9.322070835803139,-9.469608944580337,-8.564095241047243
260.8,-9.196330350665063,-0.7591959251952969,0.06440524980188438,-9.406424025217852,-9.470829275019735,-8.647228100022554
260.9,-9.226801934703746,-0.7598445474948871,0.008955964073333933,-9.462521933245991,-9.471477897319327,-8.702677385751105
261.0,-9.257273518742446,-0.7599289121056237,-0.019065785343166344,-9.490628047273228,-9.471562261930062,-8.730699135167605
261.1,-9.287745102781148,-0.7594568885870991,-0.02461288651408502,-9.495703124925623,-9.471090238411538,-8.736246236338523
261.2,-9.331731499051234,-0.7584367508239092,-0.028146339218215383,-9.498216439866564,-9.470070100648348,-8.739779689042654
261.3,-9.376797912713482,-0.7568771619475616,-0.02311168518736084,-9.49162219695936,-9.468510511772001,-8.7347450350118
261.4,-9.421864326375704,-0.7547871589853359,-0.011084769131105291,-9.47750527794088,-9.466420508809774,-8.722718118955544
261.5,-9.466930740037952,-0.7521761372576934,0.009024253607255022,-9.454785233474878,-9.463809487082132,-8.702609096217184
261.6,-9.551016515468735,-0.7490538345460043,0.001834078106419939,-9.458853106264023,-9.460687184370443,-8.709799271718019
261.7,-9.651039776692233,-0.7454303150524905,-0.005839860294558512,-9.462903525171487,-9.457063664876928,-8.717473210118998
261.8,-9.75106303791579,-0.7413159531743906,0.0028427647257318212,-9.450106538273097,-9.45294930299883,-8.708790585098708
261.9,-9.851086299139288,-0.7367214171144364,0.02344791936077368,-9.424906847578102,-9.448354766938875,-8.688185430463665
262.0,-9.949196440793953,-0.7316576523497755,0.0469132043963909,-9.396377797777824,-9.443291002174215,-8.664720145428047
262.1,-10.044564909879082,-0.726135864981506,0.057394016578991916,-9.380375198226952,-9.437769214805945,-8.654239333245446
262.2,-10.139933378964157,-0.7201675049869771,0.03303160647841619,-9.398769248333,-9.431800854811415,-8.678601743346022
262.3,-10.235301848049287,-0.7137642493969842,-0.042469869890854585,-9.467867469112278,-9.425397599221423,-8.754103219715294
262.4,-10.322663087248362,-0.7069379854199201,-0.16872600472498683,-9.587297339969346,-9.418571335244359,-8.880359354549425
262.5,-10.132059060402682,-0.6997007935348653,-0.07052965950608872,-9.481863802865393,-9.411334143359303,-8.782163009330528
262.6,-9.941455033557002,-0.6920649305754776,-0.007338585714322617,-9.41103686611424,-9.403698280399917,-8.718971935538761
262.7,-9.75085100671143,-0.6840428128264047,0.04833840783714164,-9.3473377548137,-9.395676162650844,-8.663294941987298
262.8,-9.560246979865752,-0.6756469991537735,0.12522888059864407,-9.262051468379568,-9.387280348978212,-8.586404469225794
262.9,-9.516399297937674,-0.6668901741911151,0.09815028708502058,-9.280373236930533,-9.378523524015554,-8.613483062739418
263.0,-9.588799473453266,-0.6577851316018628,0.006137243606795378,-9.363281237819507,-9.369418481426301,-8.705496106217643
263.1,-9.661199648968857,-0.6483447574393151,-0.04050722615802265,-9.400485333421777,-9.359978107263753,-8.75214057598246
263.2,-9.733599824484408,-0.6385820136246805,-0.059142376246262555,-9.409357739695382,-9.35021536344912,-8.7707757260707
263.3,-9.806,-0.6285099215635261,-0.07270701456843796,-9.412850285956402,-9.340143271387966,-8.784340364392877
263.4,-9.773728055077461,-0.6181415459206291,0.0012050419002789733,-9.328569853844789,-9.329774895745068,-8.71042830792416
263.5,-9.741456110154905,-0.6074899785728837,0.04113353345866,-9.277989794938662,-9.319123328397323,-8.670499816365778
263.6,-9.709184165232347,-0.5965683227595469,0.03837808394258681,-9.2698235886414,-9.308201672583985,-8.673255265881853
263.7,-9.67691222030981,-0.5853896774487151,-0.007028833522196656,-9.30405186079535,-9.297023027273154,-8.718662183346636
263.8,-9.60340059096661,-0.5739671219385075,-0.045838358274938526,-9.331438830037884,-9.285600471762946,-8.757471708099377
263.9,-9.453970451667391,-0.5623137007109953,-0.029222230887323765,-9.303169281422758,-9.273947050535433,-8.740855580711763
264.0,-9.304540312368088,-0.5504424085564603,-0.015710216013732372,-9.277785974394632,-9.262075758380899,-8.72734356583817
264.1,-9.155110173068783,-0.5383661759850842,0.011469704868158891,-9.238529820941364,-9.249999525809523,-8.70016364495628
264.2,-9.005680033769565,-0.5260978549426756,0.06428262649839821,-9.173448578268715,-9.237731204767114,-8.64735072332604
264.3,-8.943297453943284,-0.5136502048465232,0.059488044198909,-9.165795510472053,-9.225283554670963,-8.65214530562553
264.4,-8.935638584144073,-0.5010358789569244,0.023856116007059183,-9.188813112774303,-9.212669228781364,-8.68777723381738
264.5,-8.927979714344858,-0.4882674110993886,-0.0010689103154227636,-9.20096967123925,-9.199900760923827,-8.712702260139862
264.6,-8.92032084454564,-0.4753572027519445,-0.03167154977556396,-9.218662102351947,-9.186990552576383,-8.743304899600002
264.7,-8.91266197474643,-0.4623175105113887,-0.08179258370492438,-9.255743444040752,-9.173950860335827,-8.793425933529363
264.8,-8.801322777101074,-0.4491604339517164,-0.05397828316465536,-9.21477206694081,-9.160793783776155,-8.765611632989094
264.9,-8.661249695493321,-0.4358979038873539,-0.019269829406100565,-9.166801083117893,-9.147531253711792,-8.73090317923054
265.0,-8.521176613885489,-0.4225416710531846,0.006634331401878073,-9.127540689475746,-9.134175020877624,-8.70499901842256
265.1,-8.381103532277656,-0.40910329521271505,0.041747108719878426,-9.078989536317275,-9.120736645037153,-8.66988624110456
265.2,-8.241030450669903,-0.3955941347050732,0.10332680361801522,-9.003900680911496,-9.107227484529512,-8.608306546206423
265.3,-8.268449910376432,-0.38202533644086495,0.03520550761090552,-9.058453178654398,-9.093658686265304,-8.676427842213533
265.4,-8.323817367058345,-0.3684078263562354,-0.020507837380789935,-9.100549013561464,-9.080041176180675,-8.73214118720523
265.5,-8.379184823740289,-0.35475230033379845,-0.041829697650573386,-9.10821534780881,-9.066385650158237,-8.753463047475012
265.6,-8.434552280422233,-0.3410692155984,-0.040571741075470125,-9.093274306498309,-9.05270256542284,-8.752205090899908
265.7,-8.489919737104145,-0.32736878259498114,-0.030710613882848344,-9.069712746302269,-9.03900213241942,-8.742343963707286
265.8,-8.516151230949589,-0.3136609573550968,0.003974952565085316,-9.02131935461445,-9.025294307179536,-8.707658397259353
265.9,-8.536667057444305,-0.2999554343579306,0.030185128096124295,-8.981403656086245,-9.011588784182369,-8.681448221728314
266.0,-8.557182883939035,-0.28626163989092945,0.03611356120844228,-8.961781428506926,-8.997894989715368,-8.675519788615997
266.1,-8.577698710433763,-0.27258872591445577,0.01956662972711909,-8.964655446011776,-8.984222075738895,-8.69206672009732
266.2,-8.59821453692848,-0.2589455644341322,-0.01770398864025501,-8.988282902898826,-8.97057891425857,-8.729337338464694
266.3,-8.580323619631901,-0.2453407423838237,-0.0314563829720326,-8.988430475180294,-8.956974092208263,-8.743089732796472
266.4,-8.547348159509212,-0.23178255702147565,-0.03525721292805438,-8.978673119773969,-8.943415906845914,-8.746890562752492
266.5,-8.514372699386504,-0.21827901183929585,-0.031625742605536036,-8.961538104269271,-8.929912361663735,-8.743259092429975
266.6,-8.481397239263796,-0.2048378129890427,-0.007655759189631203,-8.924126922003113,-8.916471162813481,-8.71928910901407
266.7,-8.448421779141107,-0.1914663662224554,0.0463083963550278,-8.856791319691867,-8.903099716046894,-8.66532495346941
266.8,-8.483927778822663,-0.17817177434613934,0.06446735050224693,-8.82533777366833,-8.889805124170579,-8.647165999322192
266.9,-8.587369569305983,-0.16496083518949975,0.04067980898143915,-8.8359143760325,-8.87659418501394,-8.670953540843
267.0,-8.690811359789361,-0.15184004008360583,0.027069188658457463,-8.836404201249588,-8.863473389908044,-8.684564161165982
267.1,-8.79425315027274,-0.13881557284815346,0.002074427034563564,-8.848374495638028,-8.850448922672593,-8.709558922789876
267.2,-8.89769494075606,-0.12589330928299897,-0.05580303198463313,-8.89332969109207,-8.837526659107438,-8.767436381809071
267.3,-8.956737036353546,-0.11307881716003537,-0.11712975399729765,-8.941841920981771,-8.824712166984474,-8.828763103821736
267.4,-8.820180476102625,-0.10037735671050155,-0.034275594242602805,-8.846286300777543,-8.81201070653494,-8.745908944067041
267.5,-8.683623915851625,-0.0877938816021333,0.006397907206762012,-8.79302932421981,-8.799427231426572,-8.705235442617676
267.6,-8.547067355600625,-0.07533304039990246,0.024286500231475338,-8.762679889992866,-8.786966390224341,-8.687346849592963
267.7,-8.410510795349701,-0.06299917850343029,0.04319660417014504,-8.731435924157724,-8.774632528327869,-8.668436745654294
267.8,-8.273954235098701,-0.050796340553519836,0.08457092766582124,-8.677858762712138,-8.762429690377958,-8.627062422158618
267.9,-8.265725049809813,-0.03872827329961859,0.03367253593322842,-8.71668908719083,-8.750361623124057,-8.677960813891211
268.0,-8.296697699692087,-0.026798428919404732,-0.017164492592934212,-8.755596271336778,-8.738431778743843,-8.728797842417373
268.1,-8.327670349574364,-0.015009968781085875,-0.03501155031000704,-8.761654868915532,-8.726643318605525,-8.746644900134445
268.2,-8.35864299945662,-0.0033657676384093727,-0.0320811301658576,-8.747080247628706,-8.714999117462849,-8.743714479990297
268.3,-8.389615649338895,0.008131581752190364,-0.021908050348978282,-8.725409818421227,-8.703501768072249,-8.733541400173417
268.4,-8.416875755421257,0.019479763603440198,-0.01156019680322291,-8.703713783024222,-8.692153586220998,-8.723193546627662
268.5,-8.432695165303947,0.03067673366974452,0.0011144129738317604,-8.679842203180863,-8.680956616154694,-8.710518936850606
268.6,-8.448514575186637,0.04172071343256567,0.004768764825212424,-8.665143871566661,-8.669912636391873,-8.706864584999225
268.7,-8.464333985069318,0.052610183911368014,0.0039099242897119545,-8.65511324162336,-8.659023165913071,-8.707723425534727
268.8,-8.480153394952008,0.06334387911331084,0.005114613484916495,-8.643174857226212,-8.648289470711127,-8.706518736339522
268.9,-8.49597280483469,0.07392077913534131,0.014362549520391864,-8.623350021168706,-8.637712570689098,-8.697270800304047
269.0,-8.533419675562525,0.08434010293278398,0.013139562386642153,-8.614153684505013,-8.627293246891655,-8.698493787437796
269.1,-8.584178440607019,0.09460130076894747,0.008699560769815758,-8.608332488285676,-8.61703204905549,-8.702933789054622
269.2,-8.634937205651484,0.10470404636067365,0.009090541294806145,-8.597838762168958,-8.606929303463765,-8.702542808529632
269.3,-8.68569597069598,0.11464822873513417,0.006110228779548979,-8.590874892309756,-8.596985121089304,-8.70552312104489
269.4,-8.736454735740445,0.12443394381354142,-0.009150606434722841,-8.59635001244562,-8.587199406010898,-8.720783956259162
269.5,-8.787213500784938,0.1340614857377752,-0.043725305797114915,-8.621297169883778,-8.577571864086664,-8.755358655621553
269.6,-8.753706506849296,0.1435313379562414,-0.016352814791636597,-8.584454826659833,-8.568102011868197,-8.727986164616075
269.7,-8.709357191780818,0.15284416408556808,0.0015788303096225878,-8.557210355429248,-8.55878918573887,-8.710054519514816
269.8,-8.665007876712316,0.16200079856501196,0.005815754352481817,-8.543816796906945,-8.549632551259426,-8.705817595471958
269.9,-8.620658561643838,0.17100223712068854,0.005670901123663891,-8.534960211580087,-8.54063111270375,-8.705962448700776
270.0,-8.576309246575336,0.17984962705695942,0.010601567137408773,-8.52118215563007,-8.531783722767479,-8.70103178268703
270.1,-8.53430929567995,0.18854425739250025,0.025304773213864835,-8.497784319218074,-8.523089092431938,-8.686328576610574
270.2,-8.541033114809213,0.19708754885874424,0.006225351427977192,-8.508320449537717,-8.514545800965694,-8.705407998396462
270.3,-8.54775693393848,0.2054810437785365,7.456055000085171e-05,-8.506077745495901,-8.506152306045902,-8.711558789274438
270.4,-8.554480753067743,0.21372639584295416,0.0007385167670454149,-8.49716843721444,-8.497906953981484,-8.710894833057393
270.5,-8.56120457219701,0.22182535980433962,-0.000173109867999949,-8.4899810998881,-8.489807990020099,-8.711806459692438
270.6,-8.567928391326276,0.22977978110366004,-0.010923009146363958,-8.492776577867142,-8.481853568720778,-8.722556358970802
270.7,-8.568156626506019,0.2375915854503499,-0.03081585590952223,-8.50485762028361,-8.474041764374089,-8.74244920573396
270.8,-8.507915662650586,0.2452627683728076,-0.007583117379736989,-8.473953698831368,-8.466370581451631,-8.719216467204175
270.9,-8.447674698795186,0.2527953847577092,0.001171394057232284,-8.457666571009497,-8.45883796506673,-8.710461955767206
271.0,-8.387433734939753,0.2601915383962662,0.0020780647427304892,-8.449363746685442,-8.451441811428172,-8.709555285081708
271.1,-8.327192771084318,0.26745337155549453,0.003712705122436703,-8.440467273146508,-8.444179978268945,-8.707920644702002
271.2,-8.266951807228919,0.27458305459247684,0.014327064532359704,-8.422723230699603,-8.437050295231963,-8.697306285292079
271.3,-8.20957258587168,0.2815827756294877,0.03694632245756138,-8.39310425173739,-8.43005057419495,-8.674687027366877
271.4,-8.224640635126374,0.28845473030771795,0.004292853515741383,-8.41888576600098,-8.42317861951672,-8.707340496308698
271.5,-8.239708684381075,0.2952011116371717,-0.012517290555424476,-8.428949528742692,-8.416432238187268,-8.724150640379863
271.6,-8.254776733635776,0.3018240999601256,-0.017448155243998613,-8.427257405108312,-8.409809249864313,-8.729081505068438
271.7,-8.269844782890468,0.3083258530453301,-0.01551473758402126,-8.41882223436313,-8.403307496779108,-8.72714808740846
271.8,-8.28491283214517,0.31470849632989917,-0.011299890040474462,-8.408224743535014,-8.39692485349454,-8.722933239864913
271.9,-8.299980881399863,0.32097411332557835,-0.008121005438874226,-8.398780241937734,-8.39065923649886,-8.719754355263312
272.0,-8.30089769291965,0.32712473620579985,0.006093673769421177,-8.378414939849218,-8.384508613618639,-8.705539676055018
272.1,-8.299624821002386,0.33316233658963,0.0178310952785019,-8.360639917956307,-8.378471013234808,-8.693802254545936
272.2,-8.298351949085124,0.3390888165383896,0.02295773769568979,-8.349586795590358,-8.37254453328605,-8.68867561212875
272.3,-8.29707907716786,0.34490599978037856,0.01857125230876845,-8.348156097735291,-8.36672735004406,-8.69306209751567
272.4,-8.295806205250598,0.3506156231787668,0.0010012211881384701,-8.360016505457533,-8.361017726645672,-8.7106321286363
272.5,-8.294533333333334,0.35621932845732385,-0.033218541469505966,-8.388632562836621,-8.355414021367114,-8.744851891293944
272.6,-8.237261718749975,0.361718654198246,-0.030003172755683417,-8.379917868381876,-8.349914695626193,-8.741636522580123
272.7,-8.139605468750007,0.367115028125912,-0.004259936389053377,-8.348778258087581,-8.344518321698526,-8.715893286213491
272.8,-8.041949218749982,0.37240975968994383,0.007189988100913211,-8.332033602033581,-8.339223590134495,-8.704443361723525
272.9,-7.9442929687500135,0.3776040329604824,0.01002457257601232,-8.324004744287944,-8.334029316863957,-8.701608777248426
273.0,-7.846636718749989,0.38269889984809924,0.010631305284526197,-8.318303144691813,-8.32893444997634,-8.701002044539912
273.1,-7.748980468749965,0.38769527366025947,0.014615108032520486,-8.309322968131658,-8.323938076164179,-8.697018241791918
273.2,-7.6590277777777755,0.39259392300573104,0.018072306328987032,-8.300967120489721,-8.319039426818708,-8.693561043495452
273.3,-7.6039326273787475,0.39739546605779386,-0.004383034548316565,-8.318620918314961,-8.314237883766644,-8.716016384372756
273.4,-7.5488374769797515,0.40210036518655273,-0.0175994586478765,-8.327132443285763,-8.309532984637887,-8.729232808472315
273.5,-7.4937423265807235,0.4067089219700869,-0.021758946892899547,-8.326683374747251,-8.304924427854353,-8.733392296717339
273.6,-7.4386471761816955,0.41122127259358743,-0.01661585284682027,-8.317027930077671,-8.30041207723085,-8.72824920267126
273.7,-7.383552025782699,0.4156373836450382,-0.0011588121228354956,-8.297154778302236,-8.295995966179401,-8.712792161947274
273.8,-7.328456875383671,0.41995704831538994,0.026003103087359713,-8.26567319842169,-8.29167630150905,-8.685630246737079
273.9,-7.319321024868118,0.42417988301055365,0.019810301959549394,-8.267643164854336,-8.287453466813885,-8.69182304786489
274.0,-7.33333760361718,0.4283053243819148,0.0026191372519084304,-8.280708888190615,-8.283328025442524,-8.70901421257253
274.1,-7.3473541823662405,0.4323326267814247,-0.004601984055824003,-8.283902707098838,-8.279300723043015,-8.716235333880263
274.2,-7.361370761115293,0.4362608601466797,-0.005492294992019123,-8.280864784669777,-8.275372489677759,-8.717125644816457
274.3,-7.375387339864355,0.4400889083207398,-0.004346660508034884,-8.275891102011734,-8.271544441503698,-8.715980010332473
274.4,-7.389403918613408,0.4438154678107744,-0.005126743233265626,-8.27294462524693,-8.267817882013665,-8.716760093057704
274.5,-7.402773501110289,0.44743904698895115,-0.009981092392027206,-8.274175395227514,-8.264194302835488,-8.721614442216467
274.6,-7.39522353811991,0.45095796573830865,0.00017094756732972168,-8.2605044365188,-8.260675384086131,-8.711462402257109
274.7,-7.3876735751295355,0.45437035554566874,0.004780849255226976,-8.252482145023542,-8.25726299427877,-8.706852500569212
274.8,-7.3801236121391565,0.45767416004296474,0.005342228975134323,-8.24861696080634,-8.253959189781474,-8.706291120849304
274.9,-7.372573649148782,0.46086713599766693,0.003830118347660294,-8.24693609547911,-8.250766213826772,-8.70780323147678
275.0,-7.365023686158402,0.46394685475230346,0.0020924919530722463,-8.245594003119063,-8.247686495072136,-8.709540857871367
275.1,-7.357473723168023,0.46691070411237867,0.0014529292495916685,-8.243269716462468,-8.24472264571206,-8.710180420574847
275.2,-7.351840023269343,0.46975589068130225,0.000681368438209198,-8.241196090704927,-8.241877459143137,-8.710951981386229
275.3,-7.351258289703316,0.47247944264025177,-0.0031704000383947066,-8.242324307222582,-8.239153907184187,-8.714803749862833
275.4,-7.350676556137289,0.4750782129702031,-0.005080891172667361,-8.241636028026903,-8.236555136854236,-8.716714240997106
275.5,-7.350094822571262,0.47754888311267657,-0.005019813832163375,-8.239104280543925,-8.234084466711762,-8.716653163656602
275.6,-7.349513089005235,0.4798879670650639,-0.002746112186819351,-8.234491494946194,-8.231745382759375,-8.714379462011259
275.7,-7.348931355439209,0.4820918159057263,0.0021569883397136035,-8.227384545579,-8.229541533918713,-8.709476361484725
275.8,-7.348349621873182,0.48415662274337723,0.0101088505479562,-8.217367876533105,-8.227476727081061,-8.701524499276482
275.9,-7.358034867104884,0.48607842808460106,0.011089528970293578,-8.214465392769544,-8.225554921739837,-8.700543820854145
276.0,-7.383184909974279,0.4878531256126971,-4.6141527302544054e-05,-8.223826365739043,-8.223780224211742,-8.711679491351742
276.1,-7.408334952843675,0.4894764683703913,-0.007774250692149831,-8.229931132146197,-8.222156881454048,-8.719407600516588
276.2,-7.433484995713056,0.490944075338312,-0.011691022615126306,-8.232380297101253,-8.220689274486126,-8.723324372439565
276.3,-7.458635038582452,0.49225143840049757,-0.01078855455206142,-8.230170465976002,-8.219381911423941,-8.7224219043765
276.4,-7.483785081451833,0.4933939296875799,-0.0034980057446682136,-8.221737425881527,-8.21823942013686,-8.715131355569106
276.5,-7.508935124321229,0.4943668092876814,0.011880542801158118,-8.205385997735599,-8.217266540536757,-8.69975280702328
276.6,-7.553101207186972,0.49516523331446166,0.017478367789334263,-8.198989748720642,-8.216468116509978,-8.694154982035105
276.7,-7.6256727961819,0.49578426232116973,0.003862080293127173,-8.211987007210142,-8.215849087503269,-8.707771269531312
276.8,-7.698244385176869,0.49621887004898524,-0.002085861748707828,-8.217500341524161,-8.215414479775454,-8.713719211573146
276.9,-7.770815974171796,0.49646395249737685,-0.003160482126267777,-8.21832987945333,-8.215169397327061,-8.714793831950706
277.0,-7.843387563166765,0.49651433730366856,-0.0028087264675319902,-8.217927738988303,-8.21511901252077,-8.71444207629197
277.1,-7.915959152161734,0.49636479341847806,-0.0043414830028212,-8.219610039408781,-8.215268556405961,-8.71597483282726
277.2,-7.988530741156661,0.4960100410631868,-0.01026620675599506,-8.225889515517247,-8.215623308761252,-8.721899556580434
277.3,-8.05158477031316,0.4954447619551118,-0.012455012433970505,-8.228643600303297,-8.216188587869327,-8.72408836225841
277.4,-8.08979693750862,0.49466360978557977,0.003998849445046417,-8.212970890593812,-8.21696974003886,-8.707634500379392
277.5,-8.128009104704102,0.4936612209356511,0.014274314951857,-8.20369781393693,-8.217972128888787,-8.697359034872582
277.6,-8.166221271899584,0.49243222541381226,0.018169478135330326,-8.201031646275297,-8.219201124410626,-8.693463871689108
277.7,-8.204433439095043,0.4909712579995413,0.014832860340660286,-8.205829231484238,-8.220662091824897,-8.696800489483778
277.8,-8.242645606290525,0.48927296957626276,0.0028468467495219767,-8.219513533498654,-8.222360380248176,-8.708786503074917
277.9,-8.280857773485984,0.4873320386368389,-0.019178769816167025,-8.243480081003767,-8.2243013111876,-8.730812119640605
278.0,-8.316891690389054,0.485143182944397,-0.049670497288484015,-8.276160664168525,-8.226490166880042,-8.761303847112922
278.1,-8.277309204283581,0.48270117133096924,-0.014641934059788517,-8.243574112553258,-8.22893217849347,-8.726275283884227
278.2,-8.237726718178129,0.48000083561611995,0.011527350915142554,-8.220105163293177,-8.231632514208318,-8.700105998909295
278.3,-8.198144232072655,0.47703708262745753,0.029481771872475818,-8.205114495324505,-8.23459626719698,-8.682151577951963
278.4,-8.158561745967203,0.47380490630467487,0.037757345577504084,-8.20007109794226,-8.237828443519764,-8.673876004246935
278.5,-8.11897925986173,0.4702993998685338,0.03192302243528358,-8.209410927520622,-8.241333949955905,-8.679710327389156
278.6,-8.079396773756256,0.4665157680360023,0.005095919893007516,-8.24002166189543,-8.245117581788437,-8.706537429931432
278.7,-8.039814287650804,0.46244933926257614,-0.05005937688679961,-8.299243387448662,-8.249184010561862,-8.761692726711239
278.8,-7.899390169175378,0.45809557799266215,-0.03763382076013718,-8.291171592591914,-8.253537771831777,-8.749267170584575
278.9,-7.704905021979492,0.4534500968987708,-0.004330184300030317,-8.262513437225698,-8.258183252925669,-8.71596353412447
279.0,-7.510419874783496,0.448508669090165,0.002189451366212885,-8.26093522936806,-8.263124680734274,-8.709443898458225
279.1,-7.315934727587501,0.44326724027153463,-0.0058670998667813765,-8.274233209419686,-8.268366109552904,-8.71750044969122
279.2,-7.121449580391615,0.43772194083221727,-0.012693151407803114,-8.286604560400024,-8.273911408992221,-8.724326501232241
279.3,-6.926964433195619,0.43186909784646216,-0.0021830634534484895,-8.281947315431426,-8.279764251977976,-8.713816413277888
279.4,-6.732479285999734,0.42570524696523676,0.03855917601404331,-8.247368926845159,-8.285928102859202,-8.673074173810395
279.5,-6.565698350353495,0.419227144180107,0.08882077046031907,-8.203585435184012,-8.292406205644332,-8.622812579364119
279.6,-6.563603561141659,0.4124317774397769,0.01179140477321941,-8.287410167611442,-8.299201572384662,-8.699841945051219
279.7,-6.561508771929824,0.405316378099959,-0.03311895343099302,-8.339435925155472,-8.30631697172448,-8.744752303255432
279.8,-6.559413982717988,0.39787843218735575,-0.05335743227561344,-8.367112349912697,-8.313754917637082,-8.764990782100051
279.9,-6.557319193506153,0.390115691458669,-0.05466942787973516,-8.376187086245505,-8.321517658365769,-8.766302777704174
280.0,-6.555224404294317,0.3820261842357193,-0.0383148321529947,-8.367921997741714,-8.329607165588719,-8.749948181977434
280.1,-6.553129615082481,0.3736082259979454,-0.0005994449787017145,-8.338624568805194,-8.338025123826494,-8.71223279480314
280.2,-6.551034825870646,0.36486042971376986,0.06511854648295917,-8.28165437362771,-8.346772920110668,-8.64651480334148
280.3,-6.647084802470782,0.35578171589256197,0.06677701042027831,-8.289074623511599,-8.355851633931877,-8.64485633940416
280.4,-6.838952001029456,0.34637132233919254,0.008835335082652537,-8.356426692402593,-8.365262027485246,-8.702798014741786
280.5,-7.030819199588239,0.33662881359347213,-0.016542088108298117,-8.391546624339265,-8.375004536230966,-8.728175437932737
280.6,-7.222686398147022,0.32655409003708147,-0.01847077257496242,-8.40355003236232,-8.385079259787357,-8.730104122399402
280.7,-7.414553596705696,0.3161473966509458,-0.009424016528876806,-8.40490996970237,-8.395485953173493,-8.721057366353316
280.8,-7.60642079526448,0.3054093314063754,-0.0022916126565430597,-8.408515631074607,-8.406224018418063,-8.713924962480982
280.9,-7.798287993823154,0.2943408532736832,-0.007598713499464355,-8.42489121005022,-8.417292496550756,-8.719232063323902
281.0,-7.990155192381937,0.28294328983241,-0.031625880878000154,-8.460315940870029,-8.428690059992029,-8.743259230702439
281.1,-8.118710889085644,0.27121834446772397,-0.012533582065627852,-8.452948587422343,-8.440415005356714,-8.724166931890066
281.2,-8.224439989882368,0.2591681031380241,0.011702131744507023,-8.440763114941907,-8.452465246686415,-8.699931218079932
281.3,-8.330169090679153,0.2467950406992624,0.02283332812035013,-8.442004981004827,-8.464838309125176,-8.688800021704088
281.4,-8.435898191475879,0.2341020267720032,0.025190911058253485,-8.452340411994182,-8.477531323052435,-8.686442438766186
281.5,-8.541627292272661,0.22109233113776733,0.02098100378843371,-8.469560014898237,-8.490541018686672,-8.690652346036005
281.6,-8.647356393069446,0.20776962865175447,0.00953034878990153,-8.494333372382783,-8.503863721172685,-8.702103001034537
281.7,-8.753085493866172,0.19413800365960626,-0.012124172871065245,-8.529619519035897,-8.517495346164832,-8.723757522695504
281.8,-8.858814594662956,0.18020195390645777,-0.0476435574120623,-8.579074953330043,-8.53143139591798,-8.7592769072365
281.9,-8.886676986199175,0.16596639392713214,-0.021688441326711085,-8.567355397224018,-8.545666955897307,-8.73332179115115
282.0,-8.898364167599153,0.15143665790695507,0.003894666052129729,-8.556302025865353,-8.560196691917483,-8.707738683772309
282.1,-8.910051348999131,0.13661850200330766,0.015300720870883381,-8.559714126950247,-8.575014847821132,-8.696332628953556
282.2,-8.921738530399102,0.121518106118692,0.0165606380410093,-8.573554605664738,-8.590115243705746,-8.69507271178343
282.3,-8.93342571179908,0.10614207511675763,0.012004823963458526,-8.593486450744223,-8.605491274707681,-8.69962852586098
282.4,-8.94511289319905,0.09049743947342426,0.005042523241987702,-8.616093387109027,-8.621135910351015,-8.70659082658245
282.5,-8.956800074599027,0.07459165535593774,-0.0024783144886005495,-8.639520008957101,-8.6370416944685,-8.71411166431304
282.6,-8.968487255999005,0.058432604123411905,-0.010224572377327431,-8.663425318078355,-8.653200745701026,-8.721857922201766
282.7,-8.968313615252995,0.04202859124313581,-0.0069674362015030855,-8.676572194782805,-8.669604758581302,-8.718600786025942
282.8,-8.964891469078465,0.02538834461766557,-0.0021874039260557513,-8.68843240913283,-8.686245005206773,-8.713820753750495
282.9,-8.961469322903937,0.00852101231846912,0.00037070471473104553,-8.702741632791238,-8.703112337505969,-8.711262645109707
283.0,-8.958047176729407,-0.008563840277347703,0.0008996384743890293,-8.719297551627397,-8.720197190101786,-8.71073371135005
283.1,-8.954625030554876,-0.025856233949937232,0.000284459115548207,-8.737205124658828,-8.737489583774376,-8.71134889070889
283.2,-8.951202884380347,-0.04334577970115547,-0.0001323398427225569,-8.755111469368316,-8.754979129525594,-8.71176568966716
283.3,-8.947780738205818,-0.06102168342170078,0.001091414621662731,-8.771563618624477,-8.772655033246139,-8.710541935202777
283.4,-8.94435859203129,-0.07887275116130067,0.005134371919097609,-8.785371729066641,-8.79050610098574,-8.70649897790534
283.5,-8.950390771449168,-0.09688739500150662,0.0031907418423732384,-8.805330002983572,-8.808520744825945,-8.708442607982066
283.6,-8.962647440519106,-0.11505363952985911,-0.0014916234516522088,-8.82817861280595,-8.826686989354299,-8.713124973276091
283.7,-8.974904109589037,-0.1333591289133833,-0.0032208177053540074,-8.848213296443175,-8.844992478737822,-8.714854167529793
283.8,-8.987160778658975,-0.15179113456857218,-0.0028712648829120144,-8.866295749275922,-8.863424484393011,-8.714504614707351
283.9,-8.999417447728906,-0.1703365634242095,-0.001415670970361643,-8.88338558421901,-8.881969913248648,-8.7130490207948
284.0,-9.011674116798844,-0.18898196677258022,0.00026490811573890815,-8.90035040848128,-8.900615316597019,-8.7113684417087
284.1,-9.023930785868782,-0.20771354970381234,0.0014754455184563342,-8.917871454009795,-8.919346899528252,-8.710157904305982
284.2,-9.036187454938712,-0.22651718111729197,0.001719842755374819,-8.936430688186356,-8.93815053094173,-8.709913507069064
284.3,-9.047721710370896,-0.2453784043032951,0.0014045513406315594,-8.955607202787101,-8.957011754127734,-8.710228798483808
284.4,-9.057407512402548,-0.2642824480871845,0.0015221770647229685,-8.9743936208469,-8.975915797911624,-8.710111172759715
284.5,-9.067093314434207,-0.2832142385277299,0.0003249134069398072,-8.994522674945229,-8.994847588352169,-8.711308436417498
284.6,-9.076779116465865,-0.30215841116032716,-0.0017633677231886117,-9.015555128707955,-9.013791760984766,-8.713396717547628
284.7,-9.08646491849752,-0.3210993237751132,-0.003919280448507159,-9.03665195404806,-9.032732673599552,-8.715552630272946
284.8,-9.096150720529177,-0.34002106971920687,-0.004929046094018764,-9.056583465637665,-9.051654419543645,-8.716562395918457
284.9,-9.10583652256083,-0.3589074917115442,-0.0033445583698300026,-9.073885399905812,-9.070540841535983,-8.71497790819427
285.0,-9.11552232459249,-0.37774219615802807,0.002205702260432381,-9.087169843722034,-9.089375545982467,-8.709427647564006
285.1,-9.125208126624148,-0.3965085679539735,0.012628692429910748,-9.095513225348501,-9.108141917778411,-8.699004657394529
285.2,-9.15634378629501,-0.41518978576010135,0.006607669154901865,-9.120215466429638,-9.12682313558454,-8.705025680669538
285.3,-9.192348432055761,-0.4337688377376214,2.0830992245492695e-05,-9.145381356569814,-9.14540218756206,-8.711612518832194
285.4,-9.228353077816491,-0.4522285377272447,-0.0035323452676766566,-9.16739423281936,-9.163861887551683,-8.715165695092116
285.5,-9.264357723577243,-0.47055154185627923,-0.005354798159036585,-9.187539689839754,-9.182184891680718,-8.716988147983475
285.6,-9.300362369337995,-0.4887203655572948,-0.006182289841375704,-9.206536005223109,-9.200353715381734,-8.717815639665815
285.7,-9.336367015098727,-0.5067174009811889,-0.00575465252502987,-9.224105403330658,-9.218350750805628,-8.717388002349468
285.8,-9.372371660859478,-0.5245249347868509,-0.0027383597789211837,-9.238896644390211,-9.236158284611289,-8.714371709603359
285.9,-9.408376306620209,-0.5421251662890038,0.004948164189525231,-9.248810351923916,-9.253758516113443,-8.706685185634914
286.0,-9.451818430969528,-0.5595002259452069,0.012063202838008305,-9.259070372931637,-9.271133575769646,-8.69957014698643
286.1,-9.524103460089101,-0.5766321941624231,-0.0012317694060038986,-9.289497313392866,-9.288265543986862,-8.712865119230443
286.2,-9.596388489208634,-0.5935031204029986,-0.005792000680149163,-9.310928470907587,-9.305136470227437,-8.717425350504588
286.3,-9.668673518328209,-0.6100950425693678,-0.002964656367003696,-9.32469304876081,-9.321728392393807,-8.714598006191443
286.4,-9.740958547447741,-0.6263900066462849,0.0041755711192394875,-9.333847785351484,-9.338023356470723,-8.7074577787052
286.5,-9.813243576567315,-0.6423700865788913,0.011064701257808913,-9.342938735145522,-9.35400343640333,-8.70056864856663
286.6,-9.885528605686888,-0.6580174043644645,0.012221750560385913,-9.357429003628518,-9.369650754188903,-8.699411599264053
286.7,-9.95781363480642,-0.6733141503352521,0.0021501633907206755,-9.38279733676897,-9.38494750015969,-8.709483186433719
286.8,-10.030098663925996,-0.6882426036093828,-0.023551020602993158,-9.423426974036815,-9.399875953433822,-8.735184370427431
286.9,-10.062857752329636,-0.7027851526864487,-0.02763443594858777,-9.442052938459476,-9.414418502510888,-8.739267785773027
287.0,-10.046915235208267,-0.7169243161639981,-0.0005319290415272491,-9.429089595029964,-9.428557665988437,-8.712165278865966
287.1,-10.030972718086899,-0.7306427635508378,0.011908300352206424,-9.43036781302307,-9.442276113375277,-8.699725049472232
287.2,-10.015030200965537,-0.7439233361527348,0.014067206443337095,-9.441489479533836,-9.455556685977173,-8.697566143381101
287.3,-9.999087683844168,-0.7567490680058296,0.010562431430655633,-9.457819986399613,-9.468382417830268,-8.701070918393784
287.4,-9.983145166722808,-0.76910320683282,0.005097910553744609,-9.475638646103514,-9.48073655665726,-8.706535439270693
287.5,-9.96720264960144,-0.7809692349967503,-0.00016833672850570438,-9.492770921549695,-9.492602584821189,-8.711801686552944
287.6,-9.951260132480071,-0.7923308904270511,-0.004623904632810775,-9.5085881448843,-9.50396424025149,-8.716257254457249
287.7,-9.935317615358711,-0.8031721874923076,-0.008711231330642067,-9.523516768647388,-9.514805537316747,-8.72034458115508
287.8,-9.91378516228748,-0.8134774377941038,-0.007650113913874283,-9.532760901532416,-9.525110787618543,-8.719283463738313
287.9,-9.88751004636786,-0.8232312708561862,-0.002889983466461677,-9.537754604147086,-9.534864620680626,-8.7145233332909
288.0,-9.861234930448225,-0.8324186546831194,0.0006860459826829512,-9.543365958524875,-9.544052004507558,-8.710947303841756
288.1,-9.83495981452859,-0.841024916162563,0.0032888694234713455,-9.549369396563531,-9.552658265987002,-8.708344480400967
288.2,-9.80868469860897,-0.849035761285294,0.005118675774021529,-9.55555043533571,-9.560669111109732,-8.706514674050418
288.3,-9.782409582689334,-0.856437295157115,0.005955231474132147,-9.56211541350742,-9.568070644981553,-8.705678118350306
288.4,-9.756134466769714,-0.8632160417768473,0.0049072955916326395,-9.569942096009653,-9.574849391601287,-8.706726054232806
288.5,-9.729859350850079,-0.869358963554689,0.00045207188221345557,-9.580540241496914,-9.580992313379127,-8.711181277942226
288.6,-9.703584234930442,-0.8748534805453373,-0.009228150616997638,-9.595714980986774,-9.586486830369775,-8.720861500441437
288.7,-9.660222077499196,-0.879687489370421,-0.00864259738163068,-9.599963436576491,-9.591320839194859,-8.72027594720607
288.8,-9.598570064039937,-0.8838493818049715,0.002547296760442723,-9.592935434868968,-9.59548273162941,-8.709086053063997
288.9,-9.536918050580713,-0.8873280630028694,0.006265399048677746,-9.59269601377863,-9.598961412827308,-8.705367950775761
289.0,-9.475266037121456,-0.8901129693364502,0.003923934214602049,-9.597822384946287,-9.601746319160888,-8.707709415609836
289.1,-9.413614023662198,-0.8921940858257258,-0.001943086741656632,-9.605770522391822,-9.603827435650164,-8.713576436566095
289.2,-9.351962010202975,-0.8935619631329839,-0.00791095263043196,-9.613106265587854,-9.605195312957422,-8.71954430245487
289.3,-9.290309996743716,-0.8942077340988673,-0.010051290421012509,-9.615892374344318,-9.605841083923305,-8.721684640245451
289.4,-9.228657983284494,-0.8941231297964,-0.004501887349727876,-9.610258366970566,-9.605756479620839,-8.716135237174166
289.5,-9.167005969825235,-0.8933004950798262,0.011813221384311234,-9.593120623519955,-9.604933844904265,-8.699820128440127
289.6,-9.121711784799317,-0.891732803605561,0.02412105149539781,-9.579245101934601,-9.603366153429999,-8.687512298329041
289.7,-9.120644321093083,-0.8894136723030006,0.004232504497443335,-9.596814517629996,-9.601047022127439,-8.707400845326996
289.8,-9.119576857386848,-0.8863373752734416,-0.005729754738808458,-9.60370047983669,-9.59797072509788,-8.717363104563248
289.9,-9.118509393680615,-0.882498857095861,-0.008957179690194881,-9.603089386610495,-9.5941322069203,-8.720590529514634
290.0,-9.117441929974381,-0.8778937455188685,-0.008681618541151646,-9.598208713884459,-9.589527095343307,-8.72031496836559
290.1,-9.116374466268146,-0.872518363518704,-0.007161909320566711,-9.591313622663709,-9.584151713343143,-8.718795259145006
290.2,-9.115307002561913,-0.8663697407037646,-0.005062663599914087,-9.583065754128118,-9.578003090528203,-8.716696013424352
290.3,-9.114239538855678,-0.8594456240467654,-0.0014157290775632285,-9.572494702948767,-9.571078973871204,-8.713049078902001
290.4,-9.113172075149444,-0.8517444879263008,0.005863820600465843,-9.557514017150273,-9.563377837750739,-8.705769529223973
290.5,-9.112104611443211,-0.843265543460247,0.019126256884531186,-9.535772636400154,-9.554898893284685,-8.692507092939907
290.6,-9.146648614609585,-0.8340087471141551,0.0045114906053118735,-9.541130606333281,-9.545642096938593,-8.707121859219127
290.7,-9.185061712846347,-0.8239748085685153,-0.0056689588030354645,-9.541277117195989,-9.535608158392954,-8.717302308627474
290.8,-9.22347481108313,-0.8131651978295223,-0.008325214095596063,-9.533123761749557,-9.524798547653962,-8.719958563920034
290.9,-9.261887909319892,-0.8015821515687518,-0.0053964806939744234,-9.518611982087165,-9.51321550139319,-8.717029830518413
291.0,-9.300301007556676,-0.7892286786779552,0.00038131713404529087,-9.500480711368349,-9.500862028502393,-8.711252032690393
291.1,-9.338714105793459,-0.7761085650259989,0.005855385703817575,-9.48188652914662,-9.487741914850437,-8.705777964120621
291.2,-9.377127204030222,-0.7622263774058163,0.007800010660077336,-9.466059716570177,-9.473859727230256,-8.703833339164362
291.3,-9.415540302267004,-0.7475874666600977,0.003258648116713687,-9.455962168367822,-9.459220816484537,-8.708374701707726
291.4,-9.453953400503767,-0.7321979699753237,-0.01008339263648073,-9.453914712436243,-9.443831319799763,-8.72171674246092
291.5,-9.473676746826298,-0.7160648123346418,-0.01485302500069062,-9.442551187159772,-9.42769816215908,-8.726486374825129
291.6,-9.462117246361853,-0.6991957071209998,0.001440262116925906,-9.409388794828512,-9.410829056945438,-8.710193087707513
291.7,-9.450557745897411,-0.6815991558628773,0.008594091295582277,-9.384638414391734,-9.393232505687315,-8.703039258528856
291.8,-9.438998245432966,-0.6632844471158993,0.008607626603847713,-9.36631017033649,-9.374917796940338,-8.703025723220591
291.9,-9.427438744968525,-0.6442616544745697,0.004045314366858172,-9.35184968993215,-9.355895004299008,-8.707588035457581
292.0,-9.41587924450408,-0.6245416337093392,-0.002233107605040386,-9.338408091138819,-9.336174983533779,-8.713866457429479
292.1,-9.404319744039633,-0.6041360190251924,-0.007181014643698564,-9.32295038349333,-9.315769368849631,-8.718814364468138
292.2,-9.392760243575193,-0.583057218438938,-0.007569477966343925,-9.302260046229721,-9.294690568263377,-8.719202827790783
292.3,-9.381200743110746,-0.5613184082733815,-2.2287696853276646e-05,-9.272974045794674,-9.27295175809782,-8.711655637521291
292.4,-9.369641242646306,-0.5389335267675711,0.018810908635206083,-9.231755967956804,-9.25056687659201,-8.692822441189232
292.5,-9.406948442098836,-0.5159172668033187,0.003056924653723732,-9.224493691974034,-9.227550616627758,-8.708576425170715
292.6,-9.466727189688417,-0.492285067749225,-0.01870849863903962,-9.222626916212704,-9.203918417573664,-8.730341848463478
292.7,-9.526505937277964,-0.4680531064244574,-0.023235066122075362,-9.202921522370971,-9.179686456248897,-8.734868415946513
292.8,-9.586284684867543,-0.4432382871855639,-0.011936647357799495,-9.166808284367802,-9.154871637010002,-8.723569997182238
292.9,-9.64606343245709,-0.417858231140633,0.010591179811437756,-9.118900401153635,-9.129491580965071,-8.701042170013
293.0,-9.705842180046671,-0.3919312644961473,0.03565241161533833,-9.067912202705248,-9.103564614320586,-8.6759809382091
293.1,-9.76562092763625,-0.36547640604290743,0.05017836967289551,-9.02693138619445,-9.077109755867346,-8.661454980151543
293.2,-9.825399675225798,-0.33851335378843633,0.03775090495724824,-9.012395798655627,-9.050146703612874,-8.673882444867191
293.3,-9.885178422815379,-0.3110624707443025,-0.01879772649051462,-9.041493547059256,-9.02269582056874,-8.730431076314954
293.4,-9.944957170404924,-0.2831447698778253,-0.1336889556498308,-9.128467075352095,-8.994778119702264,-8.84532230547427
293.5,-9.732136926147756,-0.2547818982386471,-0.04205320496727098,-9.008468453030357,-8.966415248063086,-8.75368655479171
293.6,-9.464272654690598,-0.22599612027167065,0.039288721335638,-8.898340748760472,-8.937629470096109,-8.672344628488801
293.7,-9.19640838323359,-0.19681030032886537,0.06418283684871694,-8.844260813304587,-8.908443650153304,-8.647450512975722
293.8,-8.92854411177643,-0.16724788439344784,0.047576890426681936,-8.831304343791205,-8.878881234217886,-8.664056459397758
293.9,-8.660679840319423,-0.13733288103092625,0.007848980527499189,-8.841117250327866,-8.848966230855366,-8.70378436929694
294.0,-8.392815568862265,-0.10708984158247865,-0.03527319255247067,-8.853996383959387,-8.818723191406917,-8.746906542376909
294.1,-8.124951297405104,-0.07654383961709814,-0.06203614400111447,-8.850213333442651,-8.788177189441537,-8.773669493825553
294.2,-7.857087025948098,-0.045720449659890375,-0.05381921363197869,-8.811173013116308,-8.75735379948433,-8.765452563456417
294.3,-7.5892227544909385,-0.01464572521484523,0.005138025790262839,-8.72114104924902,-8.726279075039283,-8.706495324034176
294.4,-7.321358483033931,0.016653823898674952,0.1253216108526186,-8.569657915073146,-8.694979525925763,-8.58631173897182
294.5,-7.309245510744785,0.04815125487558346,0.05390059246920118,-8.609581502479655,-8.663482094948856,-8.657732757355237
294.6,-7.356345893435403,0.07981921589982154,-0.018105672510923418,-8.649919806435541,-8.631814133924617,-8.729739022335362
294.7,-7.403446276125995,0.11162997074231581,-0.044057624744788575,-8.644061003826911,-8.600003379082123,-8.755690974569227
294.8,-7.450546658816613,0.1435554239593957,-0.04024010257843999,-8.608318028443483,-8.568077925865044,-8.75187345240288
294.9,-7.4976470415072045,0.17556714666810047,-0.022616125376335377,-8.558682328532674,-8.536066203156338,-8.734249475200775
295.0,-7.544747424197823,0.20763640287400348,-0.0035595483852173503,-8.507556495335653,-8.503996946950435,-8.715192898209656
295.1,-7.591847806888442,0.23973417632640176,0.009749881256733204,-8.462149292241303,-8.471899173498038,-8.701883468567706
295.2,-7.638948189579033,0.27183119787496435,0.015180570371570288,-8.424621581577904,-8.439802151949474,-8.69645277945287
295.3,-7.686048572269652,0.3038979733012037,0.014278860296042174,-8.393456516227193,-8.407735376523235,-8.697354489528397
295.4,-7.733148954960243,0.3359048115974321,0.01043934391191249,-8.365289194315094,-8.375728538227007,-8.701194005912527
295.5,-7.785636495223384,0.3678218536651877,0.001891591762130258,-8.341919904397121,-8.343811496159251,-8.709741758062309
295.6,-7.841411849850436,0.39961910140447093,-0.006482403224502082,-8.31849665164447,-8.312014248419969,-8.718115753048941
295.7,-7.897187204477457,0.43126644716450857,-0.009895096788148433,-8.290261999448079,-8.28036690265993,-8.721528446612588
295.8,-7.952962559104509,0.46273370352618076,-0.008165601449718573,-8.257065247747976,-8.248899646298257,-8.719798951274157
295.9,-8.00873791373153,0.49399063338568405,-0.002316447760550678,-8.219959164199306,-8.217642716438755,-8.71394979758499
296.0,-8.064513268358581,0.52500698030848,0.005521292908443564,-8.181105076607516,-8.18662636951596,-8.706112056915995
296.1,-8.120288622985633,0.5557524991220851,0.01218071872771182,-8.143700131974642,-8.155880850702353,-8.699452631096728
296.2,-8.176063977612655,0.5861969867157977,0.013650343301609044,-8.111786019807031,-8.12543636310864,-8.69798300652283
296.3,-8.231839332239707,0.616310313015031,0.005547120434765273,-8.089775916374643,-8.095323036809408,-8.706086229389673
296.4,-8.287614686866727,0.6460624520975295,-0.016094094242654004,-8.081664991969562,-8.065570897726909,-8.727727444067092
296.5,-8.321606888699117,0.6754235134183879,-0.03211803242861398,-8.068327868834665,-8.036209836406051,-8.743751382253052
296.6,-8.292951418540651,0.7043637731104729,-0.002257819470523578,-8.00952739618449,-8.007269576713966,-8.713891169294962
296.7,-8.264295948382202,0.7328537053265615,0.012415409676213645,-7.966364234821664,-7.978779644497878,-8.699217940148225
296.8,-8.235640478223736,0.7608640135892603,0.015182767156004355,-7.935586569079174,-7.950769336235179,-8.696450582668435
296.9,-8.206985008065287,0.7883656621145625,0.01019531971647501,-7.913072367993401,-7.923267687709876,-8.701438030107964
297.0,-8.178329537906821,0.8153299070747227,0.0016653071484973477,-7.894638135601219,-7.896303442749716,-8.709968042675941
297.1,-8.149674067748355,0.8417283277659942,-0.006633094160047939,-7.876538116218493,-7.869905022058445,-8.718266443984486
297.2,-8.121018597589906,0.8675328576466802,-0.011515073787601166,-7.85561556596536,-7.844100492177758,-8.72314842361204
297.3,-8.09236312743144,0.8927158152108879,-0.010357176767479707,-7.82927471138103,-7.818917534613551,-8.721990526591918
297.4,-8.06370765727299,0.9172499346633558,-0.0011122469598440713,-7.795495662120927,-7.794383415161083,-8.712745596784282
297.5,-8.035052187114525,0.9411083963607478,0.01751947021935811,-7.7530054832443325,-7.770524953463691,-8.69411387960508
297.6,-8.041557100205267,0.9642648569848615,0.010675124548354141,-7.736693368291223,-7.747368492839577,-8.700958225276084
297.7,-8.061803414816195,0.9866934794133009,-0.0010704430642933804,-7.726010313475431,-7.724939870411138,-8.712703792888732
297.8,-8.082049729427135,1.008368962253299,-0.005815705756216722,-7.709080093327357,-7.7032643875711395,-8.717449055580655
297.9,-8.102296044038063,1.0292665690045566,-0.005955249101854463,-7.6883220299217365,-7.682366780819882,-8.717588598926293
298.0,-8.122542358649003,1.0493621568171763,-0.0038576119463812845,-7.666128804953644,-7.662271193007262,-8.71549096177082
298.1,-8.142788673259941,1.0686322048110313,-0.0013584682616006286,-7.644359613275008,-7.643001145013407,-8.712991818086039
298.2,-8.163034987870871,1.0870538419232043,0.000518323648682937,-7.624061184252551,-7.624579507901235,-8.711115026175756
298.3,-8.18328130248181,1.1046048742504637,0.0015719081298366361,-7.605456567444138,-7.6070284755739745,-8.710061441694602
298.4,-8.203527617092737,1.1212638118541227,0.0022287067033617313,-7.588140831266954,-7.590369537970316,-8.709404643121077
298.5,-8.223773931703677,1.1370098949950374,0.003254214461552344,-7.571369240367849,-7.574623454829402,-8.708379135362886
298.6,-8.244031373268518,1.1518231197669535,0.005478025723472879,-7.554332204334012,-7.559810230057485,-8.706155324100965
298.7,-8.275404641775983,1.1656842630968989,-0.0014513319797413659,-7.547400418707281,-7.54594908672754,-8.71308468180418
298.8,-8.306777910283467,1.1785749070818476,-0.005806936887217745,-7.538865379629809,-7.5330584427425915,-8.717440286711657
298.9,-8.338151178790932,1.1904774626314496,-0.007135450104123342,-7.528291337297112,-7.5211558871929896,-8.718768799928561
299.0,-8.369524447298415,1.2013751923872151,-0.005228578483199534,-7.515486735920423,-7.510258157437224,-8.716861928307639
299.1,-8.400897715805899,1.2112522328891868,-0.00036147389798317324,-7.5007425908332355,-7.500381116935252,-8.711994823722423
299.2,-8.432270984313364,1.2200936159618059,0.006343738127928444,-7.4851959957347045,-7.491539733862632,-8.70528961169651
299.3,-8.463644252820847,1.2278852892913867,0.012586687252509785,-7.471161373280542,-7.483748060533052,-8.699046662571929
299.4,-8.495017521328313,1.2346141361683574,0.014829294657022518,-7.462189918999059,-7.477019213656082,-8.696804055167416
299.5,-8.526390789835796,1.2402679943682053,0.008714222877212092,-7.462651132579021,-7.471365355456234,-8.702919126947227
299.6,-8.55776405834328,1.2448356741458748,-0.010005862908090059,-7.476803538586654,-7.4667976756785635,-8.721639212732528
299.7,-8.5813725419448,1.2483069753192084,-0.03649577512783438,-7.499822149633065,-7.463326374505231,-8.748129124952273
299.8,-8.535097961392744,1.2506727034179004,-0.009221195549247408,-7.470181841955785,-7.460960646406538,-8.720854545373687
299.9,-8.488823380840712,1.2519246848753327,0.004062471729781544,-7.455646193219325,-7.4597086649491064,-8.707570878094657
300.0,-8.442548800288655,1.2520557812416062,0.007658981595271561,-7.451918586987561,-7.459577568582833,-8.703974368229167
300.1,-8.396274219736597,1.2510599023970375,0.006753469546495564,-7.453819977880906,-7.460573447427401,-8.704879880277943
300.2,-8.349999639184567,1.2489320187463906,0.005796911845124693,-7.456904419232924,-7.462701331078048,-8.705836437979315
300.3,-8.30372505863251,1.2456681723751288,0.00708933602170077,-7.458875841427609,-7.46596517744931,-8.704544013802739
300.4,-8.257450478080479,1.241265487150021,0.009980653062659585,-7.460387209611758,-7.470367862674418,-8.70165269676178
300.5,-8.211175897528422,1.2357221777475054,0.010919282311928822,-7.464991889765004,-7.475911172076933,-8.70071406751251
300.6,-8.164901316976364,1.2290375575943089,0.004356392640899613,-7.4782393995892305,-7.48259579223013,-8.70727695718354
300.7,-8.118626736424334,1.2212120457059406,-0.015729784108961326,-7.50615108822746,-7.490421304118498,-8.7273631339334
300.8,-8.070873181979442,1.2122471724098092,-0.05267900812376845,-7.552065185538398,-7.49938617741463,-8.764312357948207
300.9,-7.918957609081299,1.2021455839408839,-0.006182834312908236,-7.515670600196463,-7.509487765883555,-8.717816184137346
301.0,-7.76704203618307,1.19091104589899,0.020025947086565236,-7.500696356838883,-7.5207223039254485,-8.691607402737873
301.1,-7.615126463284841,1.178548445558028,0.028634350304853534,-7.504450553961557,-7.533084904266411,-8.682998999519585
301.2,-7.463210890386698,1.1650637930186158,0.02359330368598258,-7.5229762531198405,-7.546569556805823,-8.688040046138456
301.3,-7.311295317488469,1.1504642211968903,0.00933959139506992,-7.551829537232479,-7.561169128627548,-8.702293758429368
301.4,-7.159379744590326,1.134757984643434,-0.00932493732408611,-7.586200302505091,-7.576875365181005,-8.720958287148525
301.5,-7.007464171692097,1.1179544571875588,-0.026751958762379017,-7.620430851399259,-7.59367889263688,-8.738385308586818
301.6,-6.855548598793868,1.1000641284034387,-0.0358809522700819,-7.647450173691082,-7.611569221421,-8.74751430209452
301.7,-6.703633025895725,1.0810985988958601,-0.02827403594334826,-7.658808786871926,-7.630534750928579,-8.739907385767786
301.8,-6.5517174529974955,1.0610705744046445,0.004805283472874407,-7.64575749194692,-7.650562775419794,-8.706828066351564
301.9,-6.3998018800993535,1.0399938587280908,0.07039853193182408,-7.601240959164524,-7.671639491096348,-8.641234817892615
302.0,-6.379947685064088,1.0178833454670748,0.03963499534252568,-7.654115009014838,-7.693750004357364,-8.671998354481913
302.1,-6.4069770686197645,0.9947550085927566,-0.004253949297127715,-7.72113229052881,-7.716878341231682,-8.715887299121567
302.2,-6.434006452175427,0.9706258918421379,-0.021166081900330938,-7.762173539882632,-7.741007457982301,-8.73279943172477
302.3,-6.461035835731105,0.9455140969470264,-0.02085404183337871,-7.786973294710791,-7.766119252877412,-8.732487391657818
302.4,-6.488065219286767,0.9194387707032644,-0.013336407558759648,-7.805530986679934,-7.792194579121174,-8.724969757383198
302.5,-6.515094602842444,0.8924200908883823,-0.006321531521086075,-7.825534790457143,-7.819213258936056,-8.717954881345525
302.6,-6.5421239863981215,0.8644792510371386,-0.0035280066233123342,-7.850682105410613,-7.8471540987873,-8.715161356447751
302.7,-6.569153369953784,0.8356384440857052,-0.004255173433770878,-7.880250079172504,-7.875994905738733,-8.71588852325821
302.8,-6.596182753509462,0.8059208448965396,-0.004162115042647643,-7.909874619970546,-7.905712504927899,-8.715795464867087
302.9,-6.623212137065123,0.7753505916772732,0.0030713579505545884,-7.933211400196611,-7.936282758147166,-8.708561991873884
303.0,-6.650241520620801,0.7439527663082138,0.023710707549130967,-7.943969875967094,-7.967680583516225,-8.687922642275307
303.1,-6.702786320390861,0.7117533735943213,0.03664274521670558,-7.963237231013411,-7.999879976230117,-8.674990604607734
303.2,-6.824668552327051,0.6787793194587641,-0.0004542511912655721,-8.03330828155694,-8.032854030365675,-8.712087601015705
303.3,-6.94655078426331,0.6450583880964027,-0.019637237775922287,-8.086212199503958,-8.066574961728037,-8.731270587600362
303.4,-7.068433016199499,0.610619218106762,-0.02430513563467991,-8.125319267352356,-8.101014131717676,-8.735938485459119
303.5,-7.190315248135758,0.5754912776272606,-0.018643070897482544,-8.15478514309466,-8.136142072197178,-8.730276420721921
303.6,-7.312197480072017,0.5397048384886499,-0.0067260422239414815,-8.17865455355973,-8.17192851133579,-8.71835939204838
303.7,-7.434079712008207,0.503290949415782,0.007667422140725251,-8.200674978267932,-8.208342400408657,-8.703965927683713
303.8,-7.555961943944466,0.4662814082979699,0.02059671062179015,-8.224755230904679,-8.245351941526469,-8.691036639202649
303.9,-7.677844175880656,0.42870873355432854,0.027312429302944717,-8.255612186967166,-8.28292461627011,-8.684320920521493
304.0,-7.799726407816915,0.3906061346205813,0.02201574295573051,-8.299011472248127,-8.321027215203857,-8.689617606868708
304.1,-7.921608639753174,0.35200748158489314,-0.0015704698549167777,-8.361196338094462,-8.359625868239545,-8.713203819679356
304.2,-8.043490871689363,0.31294727400133965,-0.048859322616960986,-8.44754539844006,-8.398686075823099,-8.7604926724414
304.3,-8.080839639335972,0.27346060891064,-0.03828653167959195,-8.47645927259339,-8.4381727409138,-8.74991988150403
304.4,-8.062300834246233,0.2335831480987759,0.0020196112106270377,-8.476030590515036,-8.478050201725663,-8.709613738613811
304.5,-8.043762029156484,0.19335108462507794,0.020119615197861544,-8.498162650001499,-8.51828226519936,-8.691513734626577
304.6,-8.025223224066735,0.15280110865229293,0.022240606394945503,-8.536591634777201,-8.558832241172146,-8.689392743429494
304.7,-8.006684418976995,0.11197037261204242,0.015191177239899855,-8.584471799972496,-8.599662977212397,-8.696442172584538
304.8,-7.988145613887246,0.07089645573994773,0.004851199643962937,-8.635885694440528,-8.64073689408449,-8.706782150180477
304.9,-7.969606808797508,0.029617328015526342,-0.004636324223867248,-8.68665234603278,-8.682016021808913,-8.716269674048306
305.0,-7.951068003707759,-0.011828686457241458,-0.010869590266132363,-8.734331626547812,-8.72346203628168,-8.722502940090571
305.1,-7.932529198618009,-0.05340294659201937,-0.012646014937796381,-8.777682311354255,-8.765036296416458,-8.724279364762236
305.2,-7.9139903935282705,-0.09506653194752,-0.009293152879827174,-8.815993034651786,-8.806699881771959,-8.720926502704266
305.3,-7.895451588438521,-0.13678028080215085,-0.00023371729042663894,-8.848647347917016,-8.84841363062659,-8.711867067114865
305.4,-7.876912783348782,-0.178504828637204,0.015064786062916256,-8.875073392398727,-8.890138178461642,-8.696568563761522
305.5,-7.8856990556660085,-0.2202006469892907,0.00952452986216727,-8.922309466951562,-8.93183399681373,-8.702108819962271
305.6,-7.904337226640168,-0.26182808263216334,0.0002935464278618063,-8.97316788602874,-8.973461432456602,-8.711339803396577
305.7,-7.922975397614317,-0.3033473970475492,-0.0037792501566289733,-9.018759997028617,-9.014980746871988,-8.715412599981068
305.8,-7.941613568588475,-0.34471880614414696,-0.00421613299797284,-9.060568288966559,-9.056352155968586,-8.715849482822412
305.9,-7.960251739562624,-0.3859025201835051,-0.0027142148921143936,-9.100250084900058,-9.097535870007944,-8.714347564716553
306.0,-7.978889910536783,-0.42685878387111553,-0.000769267559534837,-9.139261401255089,-9.138492133695554,-8.712402617383974
306.1,-7.997528081510943,-0.46754791657071265,0.0006002342381987965,-9.178581032156952,-9.179181266395151,-8.71103311558624
306.2,-8.01616625248509,-0.507930352599474,0.0009683226579861778,-9.218595379765926,-9.219563702423912,-8.710665027166453
306.3,-8.034804423459251,-0.5479666815615656,0.00046232614133815645,-9.259137705244665,-9.259600031386004,-8.7111710236831
306.4,-8.053442594433399,-0.587617688677271,-0.0003884360584945889,-9.299639474560204,-9.29925103850171,-8.712021785882934
306.5,-8.07208076540756,-0.6268443950647886,-0.0008673466894091835,-9.339345091578636,-9.338477744889227,-8.712500696513848
306.6,-8.090718936381718,-0.6656080979316665,-0.0003075270925855049,-9.377548974848692,-9.377241447756106,-8.711940876917025
306.7,-8.111036316260893,-0.7038704106327849,4.8985592738068785e-06,-9.41549886189795,-9.415503760457224,-8.711628451265165
306.8,-8.132207230681546,-0.7415933025517789,0.0008424327882972127,-9.45238421958792,-9.453226652376218,-8.71079091703614
306.9,-8.153378145102188,-0.7787391387628269,0.002485498938240333,-9.487886989649025,-9.490372488587266,-8.709147850886199
307.0,-8.174549059522842,-0.8152707194298098,0.003916889044619898,-9.522987180209629,-9.526904069254249,-8.70771646077982
307.1,-8.195719973943495,-0.8511513188999754,0.003937966523678241,-9.558846702200736,-9.562784668724413,-8.707695383300761
307.2,-8.216890888364137,-0.886344724449417,0.0016150514419499776,-9.596363022831905,-9.597978074273856,-8.710018298382488
307.3,-8.238061802784792,-0.9208152746379011,-0.003162820629905992,-9.635611445092247,-9.63244862446234,-8.714796170454346
307.4,-8.259232717205434,-0.95452789723085,-0.009170087519162828,-9.675331334574452,-9.666161247055289,-8.720803437343601
307.5,-8.280403631626088,-0.9874481466466041,-0.013590525796292609,-9.712672022267336,-9.699081496471043,-8.725223875620731
307.6,-8.30157454604674,-1.0195422408874601,-0.012227235078720776,-9.74340282579062,-9.7311755907119,-8.723860584903159
307.7,-8.322745460467383,-1.05077709791339,-0.00025956674036673334,-9.762670014478195,-9.762410447737828,-8.711892916564805
307.8,-8.343916374888037,-1.0811203714178128,0.02659593059171925,-9.766157790650531,-9.792753721242251,-8.685037419232719
307.9,-8.40132973189271,-1.1105404859652979,0.03466713811921212,-9.787506697670525,-9.822173835789737,-8.676966211705226
308.0,-8.517376150460162,-1.1390066714516287,0.0017290874692478878,-9.84891093380682,-9.850640021276067,-8.709904262355192
308.1,-8.633422569027616,-1.166488996847267,-0.01569324704147454,-9.89381559371318,-9.878122346671706,-8.727326596865913
308.2,-8.749468987595002,-1.1929584031858884,-0.021091431557159396,-9.925683184567486,-9.904591753010328,-8.732724781381599
308.3,-8.865515406162453,-1.218386735760367,-0.01816004279287637,-9.948180128377683,-9.930020085584806,-8.729793392617315
308.4,-8.981561824729841,-1.242746775489304,-0.00994022097393301,-9.964320346287675,-9.954380125313742,-8.721573570798371
308.5,-9.097608243297293,-1.2660122694179878,0.0012955878611789293,-9.976350031381248,-9.977645619242427,-8.71033776196326
308.6,-9.213654661864744,-1.2881579603184852,0.013407292688325599,-9.986384017454599,-9.999791310142925,-8.698226057136113
308.7,-9.329701080432132,-1.3091596153544276,0.023390427929912146,-9.997402537248954,-10.020792965178867,-8.688242921894526
308.8,-9.445747498999584,-1.3289940537769585,0.02662955198968059,-10.013997851611716,-10.040627403601396,-8.685003797834758
308.9,-9.56179391756697,-1.3476391736192532,0.016953054211674434,-10.042319469232018,-10.059272523443692,-8.694680295612764
309.0,-9.677840336134423,-1.3650739773580038,-0.012300368971168171,-10.089007696153612,-10.076707327182442,-8.723933718795607
309.1,-9.793886754701875,-1.3812785965112833,-0.06650607863859823,-10.15941802497432,-10.092911946335722,-8.778139428463037
309.2,-9.784884300770814,-1.39623431514326,-0.02296950867245702,-10.130837173640156,-10.1078676649677,-8.734602858496896
309.3,-9.75995115620576,-1.409923592247328,0.0107136924467344,-10.110843249625033,-10.121556942071766,-8.700919657377705
309.4,-9.735018011640722,-1.422330082980349,0.023550327585389608,-10.110413105219397,-10.133963432804787,-8.688083022239049
309.5,-9.71008486707567,-1.4334386587218586,0.022346862295891206,-10.122725146250406,-10.145072008546297,-8.689286487528548
309.6,-9.685151722510618,-1.4432354259332985,0.013886835470173282,-10.140981940287563,-10.154868775757738,-8.697746514354266
309.7,-9.660218577945578,-1.4517077437935426,0.0034835271859830225,-10.159857566431999,-10.163341093617982,-8.708149822638456
309.8,-9.635285433380526,-1.4588442405882616,-0.005570661852516546,-10.176048252265216,-10.1704775904127,-8.717204011676955
309.9,-9.610352288815488,-1.4646348288319428,-0.011672038883216534,-10.187940217539598,-10.176268178656382,-8.723305388707654
310.0,-9.585419144250436,-1.4690707191026988,-0.014062008856286841,-10.194766077783424,-10.180704068927138,-8.725695358680726
310.1,-9.560485999685381,-1.4721444325713389,-0.011977925238612068,-10.19575570763439,-10.183777782395778,-8.723611275063051
310.2,-9.535552855120343,-1.4738498122075365,-0.004210994323363698,-10.189694156355339,-10.185483162031975,-8.715844344147802
310.3,-9.510619710555291,-1.4741820326473132,0.010770064109164201,-10.175045318362589,-10.185815382471752,-8.700863285715274
310.4,-9.494640615337039,-1.4731376087074695,0.025318638171717152,-10.159452320360192,-10.184770958531908,-8.686314711652722
310.5,-9.521464981447124,-1.470714402534015,0.006056601788319705,-10.176291150570133,-10.182347752358453,-8.705576748036119
310.6,-9.54828934755721,-1.466911629373103,-0.004886302540594389,-10.183431281738136,-10.178544979197541,-8.716519652365033
310.7,-9.57511371366728,-1.46172986195443,-0.009163236474415751,-10.182526448253284,-10.173363211778868,-8.720796586298855
310.8,-9.601938079777366,-1.4551710334785442,-0.008877585647971557,-10.175681968950954,-10.166804383302983,-8.72051093547241
310.9,-9.628762445887437,-1.447238439200997,-0.0059859980017769356,-10.164857787027213,-10.158871789025437,-8.717619347826215
311.0,-9.655586811997523,-1.4379367366077729,-0.0019266706305452498,-10.151496757062757,-10.149570086432211,-8.713560020454985
311.1,-9.682411178107609,-1.4272719441779502,0.002384427720572447,-10.136520866281817,-10.138905294002388,-8.709248922103866
311.2,-9.70923554421768,-1.4152514387310662,0.006240683912992297,-10.120644104642512,-10.126884788555504,-8.705392665911447
311.3,-9.736059910327766,-1.4018839513581884,0.008714214062569451,-10.104803087120057,-10.113517301182627,-8.702919135761869
311.4,-9.762884276437836,-1.3871795619372322,0.00835737564372957,-10.090455536117942,-10.098812911761671,-8.703275974180709
311.5,-9.789708642547922,-1.3711496922345994,0.0032273297761143366,-10.079555712282923,-10.082783042059038,-8.708406020048324
311.6,-9.816533008658007,-1.3538070975967538,-0.008724350335068291,-10.07416479775626,-10.065440447421192,-8.720357700159507
311.7,-9.832805150410216,-1.3351658572368932,-0.018486028024695664,-10.065285235086028,-10.046799207061332,-8.730119377849133
311.8,-9.815105363111519,-1.3152413631234086,-0.003105209365931009,-10.029979922313778,-10.026874712947848,-8.71473855919037
311.9,-9.797405575812832,-1.294050307478364,0.004302814994004997,-10.001380842308798,-10.005683657302804,-8.707330534830433
312.0,-9.779705788514134,-1.2716106688957587,0.005736083344324133,-9.977507935375874,-9.983244018720198,-8.705897266480115
312.1,-9.762006001215436,-1.2479416970908503,0.003802097150302586,-9.955772949764986,-9.959575046915289,-8.707831252674136
312.2,-9.744306213916747,-1.2230638962933447,0.001047739774603713,-9.93364950634318,-9.934697246117784,-8.710585610049835
312.3,-9.72660642661805,-1.196999007298745,-0.00063494256772285,-9.909267299690907,-9.908632357123183,-8.712268292392162
312.4,-9.708906639319363,-1.169769988193666,-0.00039206146611508183,-9.88179539948422,-9.881403338018105,-8.712025411290554
312.5,-9.691206852020665,-1.1414009937723755,0.00146730505960588,-9.851567038537208,-9.853034343596814,-8.710166044764833
312.6,-9.673507064721967,-1.111917353663308,0.0035969026477872265,-9.81995380083996,-9.823550703487747,-8.708036447176651
312.7,-9.65580727742328,-1.0813455491857265,0.003954106737265929,-9.7890247922729,-9.792978899010166,-8.707679243087172
312.8,-9.638107490124582,-1.049713188958142,0.00029316844234004714,-9.76105337034024,-9.76134653878258,-8.711340181382099
312.9,-9.620407702825895,-1.0170489832815073,-0.0092989250009188,-9.737981258106865,-9.728682333105946,-8.720932274825358
313.0,-9.59943641824074,-0.9833827173215827,-0.022718387067593895,-9.717734454213616,-9.695016067146021,-8.734351736892032
313.1,-9.536921599620635,-0.9487452231162332,-0.002003137562871269,-9.662381710503544,-9.660378572940672,-8.71363648738731
313.2,-9.474406781000566,-0.9131683504347523,0.011586890928141523,-9.61321480933105,-9.62480170025919,-8.700046458896297
313.3,-9.411891962380459,-0.876684936517616,0.018423995864633794,-9.569894290477421,-9.588318286342055,-8.693209353959805
313.4,-9.349377143760389,-0.8393287747263474,0.01856948716782192,-9.532392637382964,-9.550962124550786,-8.693063862656617
313.5,-9.286862325140284,-0.801134582134428,0.011867431568364712,-9.500900500390502,-9.512767931958866,-8.699765918256073
313.6,-9.224347506520177,-0.7621379660914046,-0.00128291394167901,-9.475054229857522,-9.473771315915844,-8.712916263766118
313.7,-9.161832687900107,-0.7223753897935284,-0.018667698384415815,-9.452676438002383,-9.434008739617967,-8.730301048208855
313.8,-9.099317869280002,-0.6818841368954149,-0.03508413911180273,-9.428601625831657,-9.393517486719853,-8.746717488936241
313.9,-9.03680305065993,-0.6407022751983285,-0.04201707051030695,-9.394352695533074,-9.352335625022768,-8.753650420334745
314.0,-8.974288232039825,-0.5988686194517714,-0.028790710178312414,-9.339292679454523,-9.31050196927621,-8.74042406000275
314.1,-8.91177341341972,-0.5564226933061032,0.014706257907638834,-9.253349785222904,-9.268056043130542,-8.6969270919168
314.2,-8.849258594799648,-0.5134046904549093,0.0944155856027889,-9.130622454676558,-9.225038040279347,-8.61721776422165
314.3,-8.906905660377431,-0.4698554350068056,0.08887419611112633,-9.092614588720117,-9.181488784831245,-8.622759153713313
314.4,-9.064130841121493,-0.42581634112727573,0.00915501601665425,-9.12829467493506,-9.137449690951714,-8.702478333807784
314.5,-9.165594339622636,-0.38132937199202205,-0.005126388444605768,-9.098089110261066,-9.09296272181646,-8.716759738269044
314.6,-9.380775700934596,-0.3364369980941321,-0.1409762217089573,-9.189046569627529,-9.048070347918571,-8.852609571533396
314.7,-9.433528301886836,-0.2911821549481562,-0.13663529450349765,-9.139450799276092,-9.002815504772595,-8.848268644327936
314.8,-9.306990654205618,-0.2456082002349271,0.016720428935498424,-8.940521121123867,-8.957241550059365,-8.69491292088894
314.9,-9.14468867924527,-0.1997588704316462,0.17408965415431707,-8.737302566101768,-8.911392220256085,-8.537543695670122
315.0,-9.23431132075473,-0.15367823697240585,0.05065853624899132,-8.814653050547854,-8.865311586796844,-8.660974813575447
315.1,-9.192160377358471,-0.1074106619849137,0.03468053257668963,-8.784363479232663,-8.819044011809352,-8.676952817247749
315.2,-9.161635514018696,-0.06100075364973048,-0.012293413217811192,-8.78492751669198,-8.77263410347417,-8.72392676304225
315.3,-9.206132075471702,-0.014493321228829681,-0.14782437857637054,-8.873951049629639,-8.726126671053269,-8.859457728400809
315.4,-9.058626168224308,0.032066670189267316,-0.09711749447089289,-8.776684174106064,-8.67956667963517,-8.808750844295332
315.5,-8.832886792452848,0.07863414518013329,0.03560797572806115,-8.597391228916244,-8.632999204644305,-8.676025374096378
315.6,-8.712728971962608,0.1251639636618654,0.07555655595302971,-8.510912830209543,-8.586469386162573,-8.636076793871409
315.7,-8.638207547169815,0.17161096671302484,0.08740697152907437,-8.45261541158234,-8.540022383111413,-8.624226378295365
315.8,-8.629560747663556,0.21793002248157095,0.04814160171454918,-8.445561725628318,-8.493703327342867,-8.66349174810989
315.9,-8.655933962264157,0.2640760721360926,-0.02238643715057661,-8.469943714838923,-8.447557277688347,-8.734019786975015
316.0,-8.58944339622643,0.3100041758105086,-0.012889405597666728,-8.414518579611597,-8.40162917401393,-8.724522755422106
316.1,-8.482280373831767,0.3556695584933365,0.007494035223763521,-8.348469756107338,-8.355963791331103,-8.704139314600676
316.2,-8.431716981132064,0.4010276558126033,-0.06977978371865103,-8.380385477730487,-8.310605694011835,-8.78141313354309
316.3,-8.31662616822423,0.4460341596675099,-0.12457617947959601,-8.390175369636525,-8.265599190156928,-8.836209529304035
316.4,-8.08863207547179,0.49064506365804234,-0.09792921945231599,-8.318917505618712,-8.220988286166396,-8.809562569276755
316.5,-7.688028037383166,0.5348167082638688,0.08921524219517159,-8.087601399365399,-8.17681664156057,-8.622418107629267
316.6,-7.317,0.5785058257240543,0.256697295688311,-7.876430228412073,-8.133127524100384,-8.454936054136128
316.7,-7.372660377358475,0.6216695845693748,0.025321806708539202,-8.064641958546524,-8.089963765255064,-8.686311543115899
316.8,-7.340528301886793,0.6642656337593169,-0.08114577648347815,-8.1285134925486,-8.047367716065121,-8.792779126307916
316.9,-7.266093457943934,0.7062521463762041,-0.10820453820907786,-8.113585741657312,-8.005381203448234,-8.819837888033517
317.0,-7.054613207547118,0.7475878628293042,0.032215369010064415,-7.93183011798507,-7.9640454869951345,-8.679417980814375
317.1,-7.001009345794395,0.7882321335222318,0.035908581656040016,-7.887492634646167,-7.9234012163022065,-8.675724768168399
317.2,-7.0078490566037726,0.8281449609374802,-0.007815576295435011,-7.891303965182393,-7.883488388886958,-8.719448926119874
317.3,-7.0522990654205575,0.8672870410924802,-0.08048202479315857,-7.924828333525117,-7.844346308731959,-8.792115374617596
317.4,-6.948613207547285,0.9056198043222041,0.004172860036005817,-7.801840685466229,-7.806013545502235,-8.707460489788433
317.5,-6.864757009345787,0.9431054553440062,0.08310026667206907,-7.685427627808363,-7.768527894480433,-8.62853308315237
317.6,-7.006509433962336,0.9797070125611038,-0.04202611658189501,-7.77395245384523,-7.731926337263335,-8.753659466406333
317.7,-7.084811320754711,1.0153883465618803,-0.07486521286857055,-7.771110216131129,-7.6962450032625584,-8.786498562693009
317.8,-7.007663551401904,1.0501142177730034,0.08083035666733937,-7.580688775384096,-7.661519132051435,-8.630802993157099
317.9,-7.150830188679217,1.0838503132252204,0.04817711671674938,-7.579605919882469,-7.627783036599219,-8.66345623310769
318.0,-7.280018691588786,1.1165632823916025,0.05389943373920838,-7.5411706336936275,-7.595070067432836,-8.657733916085231
318.1,-7.562981132075459,1.148220772058969,-0.0829887992726897,-7.64640137703816,-7.56341257776547,-8.794622149097128
318.2,-7.546893617021156,1.1787914601942286,0.07412601141063527,-7.458715878219575,-7.53284188963021,-8.637507338413803
318.3,-7.847430107526876,1.2082450887684115,-0.10581387555608407,-7.609202136612112,-7.503388261056028,-8.817447225380523
318.4,-7.919170212765961,1.2365524955022666,-0.08839261587587088,-7.563473470198042,-7.475080854322172,-8.800025965700309
318.5,-7.840623655913968,1.2636856444984212,0.04323709424460731,-7.40471061108141,-7.447947705326017,-8.66839625557983
318.6,-7.835680851063861,1.2896176557262717,0.0666747489947994,-7.355340945103368,-7.422015694098167,-8.64495860082964
318.7,-7.903258064516129,1.3143228333269863,-0.011420257644114168,-7.408730774141567,-7.397310516497452,-8.723053607468552
318.8,-7.819882978723386,1.3377766927072445,0.03940927816163365,-7.33444737895556,-7.373856657117194,-8.672224071662805
318.9,-7.778860215053721,1.3599559863916209,0.03221232035988472,-7.319465043072933,-7.351677363432818,-8.679421029464555
319.0,-7.758765957446827,1.3808387286048416,-0.0065701541025302325,-7.337364775322127,-7.330794621219598,-8.718203503926969
319.1,-7.742333333333356,1.4004042185564896,-0.05544755581694554,-7.366676687084895,-7.311229131267949,-8.767080905641384
319.2,-7.695709677419352,1.4186330624021233,-0.07609698971194215,-7.369097277134258,-7.293000287422315,-8.787730339536381
319.3,-7.579212765957414,1.435507193856179,-0.023602730417888476,-7.2997288863861485,-7.27612615596826,-8.735236080242327
319.4,-7.375365591397898,1.4510098934334765,0.12483978513041993,-7.135783671260542,-7.260623456390962,-8.58679356469402
319.5,-7.491127659574475,1.4651258062976176,-0.03395561477854158,-7.280463158305363,-7.246507543526821,-8.74558896460298
319.6,-7.375319148936168,1.4778409586960524,0.051780258594286754,-7.1820121325340995,-7.233792391128386,-8.659853091230152
319.7,-7.351655913978475,1.4891427729631268,0.05524465831515659,-7.167245918546155,-7.222490576861312,-8.656388691509282
319.8,-7.435872340425529,1.4990200810739407,-0.0448898592246266,-7.2575031279751245,-7.2126132687504985,-8.756523209049066
319.9,-7.446935483870973,1.5074631367334348,-0.07323939912647125,-7.277409612217475,-7.204170213091004,-8.78487274895091
320.0,-7.418999999999989,1.514463625986688,-0.06707814047806798,-7.264247864315819,-7.197169723837751,-8.778711490302507
320.1,-7.316903225806366,1.520014676338006,0.009531582057511659,-7.1820870914289205,-7.191618673486433,-8.702101767766926
320.2,-7.245851063829787,1.524110864368008,0.055412637186642785,-7.132109848269788,-7.187522485456431,-8.656220712637795
320.3,-7.294849462365586,1.5267482218395294,-0.013500292777952196,-7.198385420762861,-7.184885127984909,-8.72513364260239
320.4,-7.176446808510683,1.5279242402848097,0.09328881137113978,-7.090420298168489,-7.183709109539629,-8.618344538453298
320.5,-7.213838709677402,1.5276378740680716,0.05193180646513301,-7.1320636692912345,-7.183995475756367,-8.659701543359306
320.6,-7.316914893617028,1.5258895419192642,-0.05164257112630989,-7.237386379031484,-7.185743807905174,-8.763275920950749
320.7,-7.277268817204328,1.5226811269364005,-0.014642364926374992,-7.203594587814413,-7.188952222888038,-8.726275714750814
320.8,-7.419446808510616,1.518015975055582,-0.16573591608662386,-7.359353290855481,-7.1936173747688565,-8.877369265911062
320.9,-7.212118279569914,1.5118988919894811,0.025896716161364325,-7.1738377416735934,-7.199734457834958,-8.685736633663074
321.0,-7.152436170212756,1.5043361386367144,0.06629298076870255,-7.141004230419021,-7.207297211187724,-8.645340369055736
321.1,-7.190829787233988,1.495335424966211,0.009963928940202987,-7.206333995918024,-7.216297924858228,-8.701669420884235
321.2,-7.058999999999995,1.4849059023823412,0.12911840534004831,-7.097609042102049,-7.226727447442098,-8.582514944484391
321.3,-7.25094680851063,1.4730581545782355,-0.06935545447946972,-7.307930649725673,-7.238575195246203,-8.780988804303908
321.4,-7.183956989247281,1.4598041868863714,-0.005067946444526316,-7.256897109382594,-7.251829162938067,-8.716701296268965
321.5,-7.218808510638318,1.445157414137152,-0.042828246834261945,-7.309304182521549,-7.266475935687287,-8.7544615966587
321.6,-7.1786344086021785,1.4291326470378303,-0.009301098381094951,-7.291801801167703,-7.282500702786608,-8.720934448205533
321.7,-7.215893617021281,1.4117460770857555,-0.058256226834262195,-7.358143499572945,-7.299887272738683,-8.7698895766587
321.8,-7.092548387096756,1.3930152600315195,0.04974218358131596,-7.268875906211603,-7.318618089792919,-8.661891166243123
321.9,-7.015236559139783,1.3729590979091768,0.11139342447700251,-7.22728082743826,-7.338674251915262,-8.600239925347436
322.0,-7.229212765957453,1.3515978196522747,-0.11474760916193735,-7.474783139334101,-7.360035530172164,-8.826380958986377
322.1,-7.151989247311797,1.3289529603159853,-0.04339407738772474,-7.4260744668961784,-7.382680389508454,-8.755027427212163
322.2,-7.06331914893618,1.3050473389271633,0.04638102206145443,-7.360204988835821,-7.406586010897275,-8.665252327762984
322.3,-7.018064516129038,1.2799050349856491,0.09772674021594743,-7.334001574622842,-7.431728314838789,-8.613906609608492
322.4,-7.065308510638274,1.253551363641633,0.0572394528256209,-7.400842533357185,-7.458081986182806,-8.654393896998817
322.5,-7.181297872340456,1.2260128495753324,-0.05639176246809446,-7.542012262717201,-7.485620500249106,-8.768025112292532
322.6,-7.296655913978374,1.1973171996066725,-0.17701730943243488,-7.691333459650201,-7.514316150217766,-8.888650659256873
322.7,-7.0821595744680845,1.167493274064053,0.02556165988982366,-7.518578415870563,-7.544140075760386,-8.686071689934614
322.8,-7.08245161290321,1.1365710569426408,0.012523337505038177,-7.56253895537676,-7.575062292881798,-8.6991100123194
322.9,-7.042914893617007,1.1045816248839677,0.047397029013378694,-7.559654695927092,-7.6070517249404705,-8.66423632081106
323.0,-7.11229032258064,1.0715571150098993,-0.01001532018738752,-7.650091555001927,-7.64007623481454,-8.721648670011826
323.1,-7.085075000000124,1.0375306916453078,0.05037322967143058,-7.6237294285077,-7.674102658179131,-8.661260120153008
323.2,-7.06062500000003,1.0025365119649954,0.1277081388012643,-7.581388699058179,-7.709096837859443,-8.583925211023175
323.3,-7.342100000000005,0.9666096906016025,-0.0884411111536156,-7.833464770376452,-7.745023659222836,-8.800074460978054
323.4,-7.386599999999962,0.9297862632523753,-0.06549396325515067,-7.8473410498272145,-7.781847086572063,-8.777127313079589
323.5,-7.376076923076891,0.8921031493237654,0.005281649490353688,-7.814248551010319,-7.819530200500673,-8.706351700334086
323.6,-7.481624999999992,0.8535981136538905,-0.0518566797360359,-7.909891915906584,-7.858035236170548,-8.763490029560474
323.7,-7.467500000000003,0.8143097273539031,0.0006140094722784095,-7.896709612998257,-7.897323622470536,-8.711019340352161
323.8,-7.58069230769235,0.7742773278102741,-0.07691066571626684,-8.014266687730432,-7.937356022014164,-8.788544015540706
323.9,-7.441299999999858,0.7335409778909233,0.10539886406402739,-7.872693507869488,-7.978092371933515,-8.606234485760412
324.0,-7.518649999999989,0.6921414243989977,0.08656782860484923,-7.932924096820591,-8.019491925425442,-8.62506552121959
324.1,-7.653899999999985,0.6501200558189277,0.02873296752106288,-8.032780326484447,-8.061513294005511,-8.682900382303377
324.2,-7.787349999999972,0.6075188594001609,-0.011543567085159606,-8.115658057509437,-8.104114490424278,-8.723176916909598
324.3,-8.014324999999996,0.5643803776247014,-0.13795732525597684,-8.285210297455714,-8.147252972199738,-8.849590675080416
324.4,-7.937699999999963,0.5207476641052504,0.036013881450515525,-8.154871804268673,-8.190885685719188,-8.675619468373924
324.5,-7.981599999999937,0.47666423896137133,0.07681051573133965,-8.158158595131727,-8.234969110863068,-8.634822834093098
324.6,-8.152923076923031,0.43217404372166407,-0.02806610447037819,-8.307525410573152,-8.279459306102774,-8.739699454294817
324.7,-8.289549999999998,0.38732139580045144,-0.11686202994340034,-8.441173983967388,-8.324311954023987,-8.828495379767839
324.8,-8.170800000000005,0.34215094259794027,0.03590363544366481,-8.333578771782834,-8.3694824072265,-8.675729714380774
324.9,-8.22474999999995,0.29670761527322514,0.010505282308578463,-8.404420452242634,-8.414925734551213,-8.70112806751586
325.0,-8.23125,0.2510365822398534,0.0361600136237749,-8.42443675396081,-8.460596767584585,-8.675473336200664
325.1,-8.310000000000127,0.20518320243396646,-0.0001793185047533792,-8.506629465895225,-8.506450147390472,-8.711812668329191
325.2,-8.249175000000037,0.15919297840527144,0.1153572962242308,-8.437083075194936,-8.552440371419168,-8.596276053600208
325.3,-8.462575000000042,0.1131115092812805,-0.033896668472154744,-8.632418509015313,-8.598521840543158,-8.745530018296593
325.4,-8.526641025641034,0.06698444365538306,-0.030375970528963892,-8.67502487669802,-8.644648906169056,-8.742009320353402
325.5,-8.618200000000028,0.020857432449387092,-0.05691301462202504,-8.747688931997077,-8.690775917375051,-8.768546364446463
325.6,-8.734000000000194,-0.025223918198820056,-0.11331387132275843,-8.850171139346017,-8.73685726802326,-8.824947221147196
325.7,-8.676124999999981,-0.07121409397188277,-0.00047975822469173424,-8.783327202021013,-8.78284744379632,-8.712113108049131
325.8,-8.541349999999998,-0.11706771928335033,0.18921678119656393,-8.639484287911225,-8.828701069107789,-8.522416568627875
325.9,-8.82787499999993,-0.16273960401145576,-0.03746974411559309,-8.911842697951487,-8.874372953835895,-8.749103093940032
326.0,-8.851450000000112,-0.20818479000615792,0.006458601199836635,-8.91335953863076,-8.919818139830596,-8.705174748624602
326.1,-8.962749999999911,-0.2533585973195672,-0.030589590329093662,-8.9955815374731,-8.964991947144005,-8.742222940153532
326.2,-8.936849999999998,-0.29821667011020053,0.07203693250565255,-8.937813087428987,-9.009850019934639,-8.639596417318787
326.3,-9.159875,-0.34271502217188854,-0.07775182226904483,-9.132100194265371,-9.054348371996328,-8.789385172093484
326.4,-9.147,-0.3868100820385888,-0.0005670947560011165,-9.099010526619029,-9.098443431863027,-8.71220044458044
326.5,-9.285199999999945,-0.43045873761684694,-0.08637865832958175,-9.228470745770867,-9.142092087441286,-8.79801200815402
326.6,-9.089099999999846,-0.4736183802981883,0.15056708879238512,-9.034684641330243,-9.185251730122626,-8.561066261032053
326.7,-9.385599999999963,-0.5162469485043136,-0.11315186857246144,-9.341032166901213,-9.227880298328753,-8.8247852183969
326.8,-9.233024999999959,-0.5583029706186227,0.06951769978198528,-9.200418620661075,-9.269936320443062,-8.642115650042454
326.9,-9.374074999999982,-0.5997456072582821,-0.03844970210779424,-9.349828659190514,-9.31137895708272,-8.750083051932233
327.0,-9.36967500000002,-0.6405346928418063,0.006447870577984197,-9.34572017208826,-9.352168042666245,-8.705185479246454
327.1,-9.343849999999817,-0.6806307764079169,0.0822267703057118,-9.310037355926644,-9.392264126232355,-8.629406579518728
327.2,-9.538899999999995,-0.7199951616422926,-0.05422890350567842,-9.48585741497241,-9.431628511466732,-8.765862253330116
327.3,-9.635399999999967,-0.7585899460697185,-0.08687278498910735,-9.557096080883264,-9.470223295894158,-8.798506134813547
327.4,-9.506525000000213,-0.7963780593700873,0.10609237932225397,-9.401919029872271,-9.508011409194527,-8.605540970502185
327.5,-9.640124999999994,-0.8333233007776882,0.031414286820819336,-9.513542363781308,-9.544956650602128,-8.68021906300362
327.6,-9.676,-0.8693903755242606,0.04499860236588255,-9.536025122982817,-9.581023725348699,-8.666634747458556
327.7,-9.944000000000027,-0.9045449302873576,-0.18467757550391062,-9.800855855615707,-9.616178280111797,-8.896310925328349
327.8,-9.843,-0.938753587606692,-0.05457018047100856,-9.70495711790214,-9.650386937431131,-8.766203530295448
327.9,-9.804823529411754,-0.971983979232292,0.00857914729418724,-9.675038181762543,-9.68361732905673,-8.703054202530252
328.0,-9.658588235294124,-1.0042047783694936,0.18176955095978103,-9.534068577234152,-9.715838128193932,-8.529863798864657
328.1,-9.791117647058815,-1.035385730787043,0.0824512517582399,-9.664567828853242,-9.747019080611482,-8.629182098066199
328.2,-9.991823529411755,-1.0654976847558455,-0.07824181797767024,-9.855372852557954,-9.777131034580284,-8.789875167802109
328.3,-10.01035294117646,-1.094512619787219,-0.05285641771058814,-9.859002387322246,-9.806145969611658,-8.764489767535027
328.4,-10.05335294117649,-1.1224036741408485,-0.052274592396722636,-9.88631161636201,-9.834037023965287,-8.763907942221161
328.5,-10.057685714285721,-1.1491451710740181,-0.01648343724788571,-9.877261958146342,-9.860778520898457,-8.728116787072324
328.6,-10.020647058823524,-1.1747126438051014,0.05652649987336967,-9.82981949375617,-9.88634599362954,-8.65510684995107
328.7,-10.180823529411748,-1.1990828591657336,-0.0704526541160377,-9.98116886310621,-9.910716208990172,-8.782086003940476
328.8,-10.047588235294171,-1.2222338399175496,0.0950391778019549,-9.838828011940034,-9.933867189741989,-8.616594172022484
328.9,-10.231058823529514,-1.244144885710862,-0.056771686509586694,-10.012549922044887,-9.9557782355353,-8.768405036334025
329.0,-10.100714285714309,-1.2647965926641698,0.10222983573891865,-9.87420010674969,-9.976429942488608,-8.60940351408552
329.1,-10.142823529411759,-1.2841708715449265,0.08080920767811507,-9.91499501369125,-9.995804221369365,-8.630824142146324
329.2,-10.342342857142809,-1.302250964533549,-0.11164351776309792,-10.125527832121085,-10.013884314357988,-8.823276867587536
329.3,-10.301294117647195,-1.3190214605542305,-0.08055585456733408,-10.111210664946004,-10.03065481037867,-8.792189204391773
329.4,-10.287400000000053,-1.3344683091577112,-0.09226898850989408,-10.138370647492044,-10.046101658982149,-8.803902338334332
329.5,-10.169235294117637,-1.3485788329427686,-0.00866023319587269,-10.06887241596308,-10.060212182767208,-8.720293583020311
329.6,-9.995882352941162,-1.3613417385048132,0.13107769814898318,-9.94189739018027,-10.072975088329251,-8.580555651675455
329.7,-9.904352941176356,-1.3727471259016084,0.19921470787339768,-9.88516576785265,-10.084380475726046,-8.51241864195104
329.8,-10.25,-1.3827864966277739,-0.15434505042288582,-10.248764896875098,-10.094419846452212,-8.865978400247325
329.9,-10.186857142857239,-1.3914527600913862,-0.08371856708007028,-10.186804676995894,-10.103086109915825,-8.79535191690451
330.0,-9.98441176470589,-1.3987402385876437,0.13723732529425198,-9.97313626311783,-10.110373588412083,-8.574396024530186
330.1,-10.258117647058844,-1.4046446707662255,-0.11316208323899235,-10.229440103829656,-10.116278020590665,-8.82479543306343
330.2,-10.153411764705876,-1.4091632135906353,0.014084576391746137,-10.106711987023328,-10.120796563415073,-8.697548773432693
330.3,-10.195235294117658,-1.4122944427894857,-0.009077634908504089,-10.133005427522429,-10.123927792613925,-8.720710984732943
330.4,-10.186742857142931,-1.4140383518013335,0.014156042218010551,-10.111515659407761,-10.125671701625773,-8.697477307606428
330.5,-10.253382352941191,-1.4143963492163443,-0.03918556012913134,-10.165215259169914,-10.126029699040783,-8.750818909953571
330.6,-10.196529411764798,-1.4133712547197066,0.033090007856243206,-10.091914596687902,-10.125004604544145,-8.678543341968195
330.7,-10.208941176470779,-1.4109672935433628,0.04114806564914417,-10.081452577718657,-10.122600643367802,-8.670485284175294
330.8,-10.252428571428537,-1.4071900894342653,0.024065936343453317,-10.09475750291525,-10.118823439258705,-8.687567413480986
330.9,-10.337441176470714,-1.40204665614898,-0.030252393141960435,-10.143932399115378,-10.113680005973418,-8.7418857429664
331.0,-10.343235294117594,-1.3955453874860781,-0.004713331550379476,-10.111892068860897,-10.107178737310516,-8.716346681374818
331.1,-10.413176470588274,-1.387696045869352,-0.047146677872095914,-10.146476073565886,-10.09932939569379,-8.758780027696535
331.2,-10.391499999999974,-1.3785097494964673,-0.005890035500789389,-10.096033134821695,-10.090143099320906,-8.717523385325228
331.3,-10.380200000000059,-1.3679989580692302,0.01393821942876989,-10.065694088464898,-10.079632307893668,-8.697695130395669
331.4,-10.371551724138005,-1.3561774571231815,0.017881325548987692,-10.049929481398632,-10.06781080694762,-8.693752024275451
331.5,-10.287285714285755,-1.3430603409757595,0.0826752664193279,-9.97201842438087,-10.054693690800198,-8.628958083405111
331.6,-10.355551724137685,-1.3286639943137601,-0.020693380677036435,-10.060990724815236,-10.0402973441382,-8.732326730501475
331.7,-10.374103448275875,-1.3130060724422976,-0.08954607412100815,-10.114185496387744,-10.024639422266736,-8.801179423945447
331.8,-10.178642857142867,-1.296105480218912,0.04305757688929293,-9.964681253154058,-10.007738830043351,-8.668575772935146
331.9,-10.247285714285708,-1.2779823496978835,-0.09571513584933938,-10.08533083537166,-9.989615699522322,-8.807348485673778
332.0,-10.099206896551783,-1.2586580165112031,-0.01784019658527161,-9.988131562920913,-9.970291366335642,-8.72947354640971
332.1,-9.8332413793099,-1.238154995013992,0.18505377768181414,-9.764734567156616,-9.949788344838431,-8.526579572142625
332.2,-10.022896551724138,-1.2164969522234945,-0.05565972875359071,-9.983790030801524,-9.928130302047933,-8.76729307857803
332.3,-9.910379310344583,-1.193708680582047,0.018757143551184262,-9.886584886855301,-9.905342030406485,-8.692876206273255
332.4,-9.940142857142702,-1.1698160695756779,-0.03922631708174257,-9.92067573648186,-9.881449419400116,-8.750859666906182
332.5,-9.834285714285752,-1.1448460762412016,0.04260393044887882,-9.813875495616761,-9.85647942606564,-8.66902941937556
332.6,-9.92544827586183,-1.118826694595849,-0.07448369013427139,-9.904943734554559,-9.830460044420288,-8.786117039958711
332.7,-9.799448275862087,-1.0917869240246028,0.01929989947856847,-9.784120374370474,-9.803420273849042,-8.69233345034587
332.8,-9.765586206896469,-1.0637567366615037,0.013222429631240432,-9.762167656854702,-9.775390086485942,-8.698410920193199
332.9,-9.880517241379303,-1.0347670438022396,-0.14782469129490097,-9.89422508492158,-9.74640039362668,-8.859458041119339
333.0,-9.527249999999999,-1.0048496613863356,0.15646043304400106,-9.560022578166773,-9.716483011210775,-8.555172916780437
333.1,-9.6005,-0.9740372745882256,0.03450725597754285,-9.651163368435121,-9.685670624412664,-8.677126093846896
333.2,-9.521482758620673,-0.9423634015573981,0.06636542007848648,-9.587631331303351,-9.653996751381836,-8.645267929745952
333.3,-9.675482758620825,-0.9098623563486813,-0.13449561813343655,-9.755991324306557,-9.62149570617312,-8.846128967957876
333.4,-9.509551724137948,-0.8765692110845505,-0.018288843028580755,-9.60649140393757,-9.58820256090899,-8.729922192853019
333.5,-9.437620689655281,-0.8425197573921133,-0.002918901328451594,-9.557072008545003,-9.554153107216552,-8.71455225115289
333.6,-9.371571428571658,-0.8077504671581517,-0.004377870702186247,-9.523761687684777,-9.51938381698259,-8.716011220526624
333.7,-9.217857142857365,-0.7722984526462755,0.06653268389680025,-9.417399118573915,-9.483931802470714,-8.645100665927638
333.8,-9.18358620689658,-0.7362014260208581,-0.002330465847244948,-9.450165241692542,-9.447834775845298,-8.713963815671685
333.9,-9.021620689655252,-0.6994976583230014,0.03043148478886722,-9.380699523358572,-9.41113100814744,-8.681201865035572
334.0,-8.89985714285717,-0.6622259379442921,-0.008567336155424956,-9.382426623924156,-9.373859287768731,-8.720200685979863
334.1,-8.740310344827627,-0.6244255286445822,-0.044692704873064565,-9.380751583342086,-9.336058878469021,-8.756326054697503
334.2,-8.43749999999998,-0.5861361271604344,0.028545325530465543,-9.269224151454408,-9.297769476984874,-8.683088024293973
334.3,-8.251178571428582,-0.5473978204512363,-0.041563167738676236,-9.300594338014351,-9.259031170275675,-8.753196517563115
334.4,-7.982344827586223,-0.5082510426302959,-0.04263971710976809,-9.262524109564502,-9.219884392454734,-8.754273066934207
334.5,-7.722896551724149,-0.46873653162847684,-0.0484283269779064,-9.228798208430822,-9.180369881452915,-8.760061676802344
334.6,-7.399285714285594,-0.42889528563813795,0.03418557942694508,-9.106343056035632,-9.140528635462577,-8.677447770397494
334.7,-7.102260869565212,-0.38876851938527923,0.1310555592983424,-8.969346309911376,-9.100401869209717,-8.580577790526096
334.8,-7.025446808510569,-0.34839762027789073,0.0582826734523481,-9.001748296649982,-9.06003097010233,-8.65335067637209
334.9,-7.016913043478265,-0.30782410447853414,-0.031228839801944228,-9.050686294104917,-9.019457454302973,-8.742862189626383
335.0,-7.008340425531917,-0.26708957294916696,-0.07605567888358122,-9.054778601657187,-8.978722922773606,-8.78768902870802
335.1,-6.981260869565207,-0.22623566751615048,-0.06950605495208285,-9.007375072292673,-8.937869017340589,-8.781139404776521
335.2,-6.910630434782607,-0.18530402700325055,0.00031815707500296164,-8.896619219752687,-8.896937376827688,-8.711315192749435
335.3,-6.870042553191491,-0.1443362434802637,0.047902919616076726,-8.808066673688625,-8.855969593304703,-8.663730430208362
335.4,-6.881851063829726,-0.10337381867466516,0.041410608515642974,-8.773596559983462,-8.815007168499104,-8.670222741308796
335.5,-6.875282608695661,-0.06245812059338973,0.04488154174353641,-8.729209928674292,-8.774091470417828,-8.666751808080903
335.6,-7.009936170212781,-0.021630340401516568,-0.10510361398565736,-8.838367304211612,-8.733263690225956,-8.816736963810095
335.7,-6.84330434782608,0.01906855039576172,0.033369129109980716,-8.659195670318697,-8.692564799428677,-8.678264220714459
335.8,-6.84926086956516,0.05959784242194821,-0.010763978974661968,-8.662799486377153,-8.652035507402491,-8.7223973287991
335.9,-6.852489361702092,0.09991713050338544,-0.056428495103562966,-8.668144714424617,-8.611716219321053,-8.768061844928003
336.0,-6.687361702127747,0.1399863553038322,0.06939166673008566,-8.502255327790522,-8.571646994520606,-8.642241683094353
336.1,-6.7600869565217945,0.17976584447516736,-0.03246293588269773,-8.564330441231968,-8.531867505349272,-8.744096285707137
336.2,-6.6613913043478705,0.219216353280554,0.051941679811041044,-8.440475316732844,-8.492416996543884,-8.659691670013398
336.3,-6.6784347826085995,0.2582991046470872,0.03627176271177526,-8.417062482465576,-8.453334245177352,-8.675361587112663
336.4,-6.7684347826087174,0.2969758286056865,-0.04002522756303972,-8.454682748781792,-8.414657521218752,-8.751658577387479
336.5,-6.785063829787235,0.33520880107677425,-0.037259659661813896,-8.413684208409478,-8.376424548747664,-8.748893009486252
336.6,-6.716956521739152,0.3729608819611104,0.047616031269319146,-8.29105643659401,-8.338672467863327,-8.66401731855512
336.7,-6.8639347826087125,0.4101955524960233,-0.09350704082229769,-8.394944838150714,-8.301437797328415,-8.805140390646736
336.8,-6.733260869565234,0.4468769518381919,0.02509811302554141,-8.239658284960706,-8.264756397986247,-8.686535236798898
336.9,-6.656130434782594,0.48296991283508994,0.06711679016059448,-8.161546646828754,-8.228663436989349,-8.644516559663844
337.0,-6.657063829787142,0.5184399969481968,0.005060376991845849,-8.188132975884397,-8.193193352876243,-8.706572972832593
337.1,-6.539787234042607,0.5532535282921192,0.0347906603699187,-8.123589161162402,-8.15837982153232,-8.67684268945452
337.2,-6.452978260869524,0.5873776267548356,0.010617004261572766,-8.11363871880803,-8.124255723069602,-8.701016345562866
337.3,-6.515086956521746,0.6207802401653912,-0.1785737936953985,-8.269426903354447,-8.090853109659047,-8.890207143519838
337.4,-6.251787234042623,0.6534301754765098,-0.04664616358094082,-8.10484933792887,-8.058203174347929,-8.75827951340538
337.5,-5.948,0.6852971289307754,0.13611185379646665,-7.890224367097197,-8.026336220893663,-8.575521496027973
337.6,-6.008480769230673,0.7163517151802415,-0.021114136571187374,-8.016395771215384,-7.995281634644197,-8.732747486395626
337.7,-5.86395238095238,0.7465654953305726,0.059936747472589924,-7.905131107021276,-7.965067854493866,-8.65169660235185
337.8,-5.865500000000011,0.7759110038820923,0.02894399731067774,-7.9067783486316685,-7.935722345942346,-8.68268935251376
337.9,-5.8836761904761925,0.8043617745414158,0.007053397281484779,-7.900218178001538,-7.907271575283023,-8.704579952542954
338.0,-5.902692307692314,0.8318923648786645,-0.005285606342602774,-7.885026591288377,-7.879740984945775,-8.716918956167042
338.1,-5.9387692307692035,0.858478379806622,-0.04229888061513854,-7.895453850632955,-7.853154970017817,-8.753932230439577
338.2,-5.85360000000001,0.8840964938595536,0.019115805959970228,-7.808421050004915,-7.827536855964885,-8.692517543864469
338.3,-5.824557692307692,0.9087244722508188,-0.005808922207555887,-7.808717799781176,-7.8029088775736195,-8.717442272031995
338.4,-5.817390476190476,0.9323411906898125,-0.07931831516721934,-7.8586104743018454,-7.779292159134626,-8.790951664991658
338.5,-5.764673076923053,0.954926653940213,-0.11956631051192321,-7.876273006396149,-7.756706695884226,-8.831199660336361
338.6,-5.579961538461499,0.9764620131029592,-0.018385310776357654,-7.753556647497837,-7.735171336721479,-8.730018660600797
338.7,-5.4722000000000985,0.9969295816088501,0.037537141364426596,-7.677166626851162,-7.714703768215589,-8.674096208460012
338.8,-5.10053846153861,1.0163128499071346,0.403911187424075,-7.291409312493229,-7.695320499917305,-8.307722162400363
338.9,-5.554384615384427,1.0345964988379515,-0.007105953580465008,-7.684142804566952,-7.677036850986488,-8.718739303404904
339.0,-5.872057692307673,1.051766411677981,-0.24659924386048387,-7.906466182006941,-7.6598669381464575,-8.958232593684922
339.1,-5.724828571428569,1.0678096848501726,-0.008517337651886406,-7.6523410026261525,-7.643823664974266,-8.720150687476325
339.2,-5.730076923076917,1.0827146372899297,0.06496030065649672,-7.563958411878012,-7.628918712534509,-8.646673049167942
339.3,-5.895799999999978,1.0964708184616554,-0.05316486143068312,-7.668327392793467,-7.615162531362783,-8.764798211255123
339.4,-5.9284038461538495,1.1090690150210718,-0.07704194974374622,-7.679606284547113,-7.6025643348033665,-8.788675299568185
339.5,-5.9332115384615385,1.1205012561202614,-0.10684039089016412,-7.697972484594342,-7.591132093704177,-8.818473740714603
339.6,-5.688514285714237,1.130760817353888,0.0946973139375746,-7.486175218532976,-7.580872532470551,-8.616936035886864
339.7,-5.7070769230768885,1.139842223346579,0.034884262302605946,-7.536906864175254,-7.5717911264778595,-8.676749087521832
339.8,-5.670857142857141,1.147741248982964,0.049141999029640844,-7.514750101811834,-7.563892100841475,-8.662491350794799
339.9,-5.537288461538492,1.154454919283368,0.18886363041994203,-7.368314800121128,-7.557178430541071,-8.522769719404497
340.0,-5.739144230769254,1.159981507929666,0.01943479644149161,-7.532217045453281,-7.551651841894772,-8.692198553382948
340.1,-5.950799999999986,1.164320534447283,-0.14354749666156952,-7.690860312038725,-7.547312815377156,-8.855180846486007
340.2,-5.980807692307677,1.1674727600508152,-0.12102172826426746,-7.665182318037891,-7.5441605897736235,-8.832655078088706
340.3,-6.025952380952369,1.169440182162211,-0.11828254980530706,-7.660475717467535,-7.542193167662228,-8.829915899629746
340.4,-5.921884615384651,1.1702260276118923,0.027927804297170816,-7.513479517915376,-7.541407322212546,-8.683705545527268
340.5,-5.863278846153857,1.1698347445346506,0.12861543591759023,-7.413183169372198,-7.541798605289788,-8.583017913906849
340.6,-5.968428571428607,1.1682719929735508,0.07399428322236873,-7.469367073628519,-7.5433613568508875,-8.63763906660207
340.7,-6.078980769230759,1.1655446342064906,0.02900170468588255,-7.517087010932066,-7.546088715617948,-8.682631645138557
340.8,-6.231771428571434,1.161660718811429,-0.04163116506571276,-7.591603796078722,-7.549972631013009,-8.753264514890152
340.9,-6.275178947368369,1.1566294734876594,0.00995079487491659,-7.545053081461862,-7.555003876336779,-8.701682554949523
341.0,-6.438874999999995,1.1504612866518338,-0.05300396624736084,-7.614176029419966,-7.561172063172605,-8.7646373160718
341.1,-6.504458333333429,1.1431676928287442,-0.019489042131033425,-7.587954699126728,-7.568465656995695,-8.731122391955472
341.2,-6.63976842105263,1.1347613558581582,-0.06252159592183759,-7.639393589888118,-7.5768719939662805,-8.774154945746277
341.3,-6.612979166666668,1.125256050940247,0.04789064802055107,-7.538486650863641,-7.586377298884192,-8.663742701803887
341.4,-6.6782916666666265,1.1146666455433691,0.05863546069481316,-7.538331243586256,-7.596966704281069,-8.652997889129626
341.5,-6.797568421052631,1.1030090791991651,0.01050049105781678,-7.598123779567457,-7.608624270625274,-8.701132858766622
341.6,-6.891416666666691,1.0903003422110755,-0.014290908415549197,-7.635623916028912,-7.621333007613363,-8.725924258239989
341.7,-6.9395,1.0765584533035204,0.006835859345121244,-7.628239037175797,-7.635074896520918,-8.704797490479317
341.8,-7.0942916666667175,1.0618024362400726,-0.07710421311933885,-7.7269351267037045,-7.649830913584366,-8.788737562943778
341.9,-7.124578947368473,1.0460522954400053,-0.03413986475205791,-7.6997209191364915,-7.665581054384433,-8.745773214576497
342.0,-7.048385416666672,1.0293289906236212,0.11754220255045598,-7.564762156650362,-7.682304359200818,-8.594091147273982
342.1,-7.190989583333412,1.011654410517746,0.051255607464910584,-7.648723331841782,-7.699978939306693,-8.660377742359529
342.2,-7.331999999999996,0.9930513456537134,-0.01519935840244669,-7.733781362573172,-7.718582004170726,-8.726832708226885
342.3,-7.51062500000002,0.9735434602910691,-0.12398691890299984,-7.8620768084363695,-7.73808988953337,-8.835620268727439
342.4,-7.44550000000004,0.9531552635010864,0.004182623335662779,-7.75429546298769,-7.758478086323352,-8.707450726488776
342.5,-7.518229166666655,0.931912079445003,-0.012680200623408855,-7.792401471002845,-7.779721270379436,-8.724313550447848
342.6,-7.459863157894702,0.9098400168826684,0.09544428873608782,-7.706349044205682,-7.80179333294177,-8.61618906108835
342.7,-7.6055625000000076,0.8869659379480244,-0.005146453433128147,-7.829813865309543,-7.824667411876415,-8.716779803257566
342.8,-7.683270833333351,0.8633174262285347,-0.04166401634690181,-7.889979939942806,-7.848315923595904,-8.75329736617134
342.9,-7.6016666666666035,0.8389227541863258,0.07675550439201814,-7.795955091246094,-7.872710595638113,-8.63487784543242
343.0,-7.760083333333321,0.8138108499593996,-0.05050731811003014,-7.948329817975069,-7.897822499865039,-8.762140667934469
343.1,-7.803115789473679,0.7880112635818396,-0.06928329951825199,-7.992905385760851,-7.923622086242599,-8.780916649342691
343.2,-7.709218750000002,0.7615541326624423,0.04165994167850448,-7.908419275483492,-7.9500792171619965,-8.669973408145934
343.3,-7.707343750000014,0.7344701475616626,0.05441520002521508,-7.922748002237561,-7.977163202262776,-8.657218149799224
343.4,-7.794843749999986,0.706790516107188,-0.026075864414296553,-8.030918698131547,-8.00484283371725,-8.737709214238736
343.5,-7.821126315789471,0.6785469278888222,-0.04614538448659035,-8.079231806422207,-8.033086421935616,-8.75777873431103
343.6,-7.779333333333326,0.649771518173679,0.004249441126714269,-8.057612390524046,-8.06186183165076,-8.707383908697725
343.7,-7.789187500000005,0.6204968314829679,0.007822043292788723,-8.083314475048683,-8.091136518341472,-8.70381130653165
343.8,-7.794357894736831,0.5907557848718747,0.021636866824391116,-8.099240698128172,-8.120877564952565,-8.689996483000048
343.9,-7.7830520833333185,0.560581630954225,0.05583240383078379,-8.09521931503943,-8.151051718870214,-8.655800945993654
344.0,-7.866093749999983,0.530007920713745,-0.00437580677985714,-8.18600123589055,-8.181625429110694,-8.716009156604295
344.1,-7.9304210526315835,0.49906846614382383,-0.05110304435025988,-8.263667928030875,-8.212564883680615,-8.762736394174699
344.2,-7.888,0.4677973027577097,-0.0008945986840617551,-8.24473064575079,-8.24383604706673,-8.7125279485085
344.3,-7.918000000000018,0.43622865201107136,-0.0350978823899892,-8.310502580203357,-8.275404697813368,-8.746731232214428
344.4,-7.860166666666691,0.4043968836787867,0.007781620135464858,-8.299454846010187,-8.307236466145651,-8.703851729688974
344.5,-7.8474947368420995,0.372336478227721,-0.0007593041310882398,-8.340056175727806,-8.339296871596718,-8.712392653955527
344.6,-7.790833333333338,0.34008198922710264,0.034959616213942474,-8.336591744383394,-8.371551360597335,-8.676673733610496
344.7,-7.800312500000001,0.3076680058379037,0.011651016107145681,-8.39231432787939,-8.403965343986535,-8.699982333717292
344.8,-7.817526315789475,0.2751291154223867,-0.006719271969519474,-8.443223506371572,-8.436504234402053,-8.718352621793958
344.9,-7.8255624999999975,0.24249986631469006,1.4992182980892721e-05,-8.469118491326768,-8.469133483509749,-8.711618357641457
345.0,-7.8788749999999945,0.2098147307929841,-0.02200386892219519,-8.52382248795365,-8.501818619031454,-8.733637218746633
345.1,-7.921410526315786,0.17710806829335252,-0.018640068906560957,-8.553165350437647,-8.534525281531087,-8.730273418731
345.2,-7.904354166666674,0.14441408890512444,0.054897509093573396,-8.512321751825741,-8.567219260919314,-8.656735840730866
345.3,-8.03886458333334,0.11176681718691722,-0.018103892471251104,-8.617970425108773,-8.599866532637522,-8.72973724229569
345.4,-8.067315789473676,0.07920005634213678,0.01370046701741718,-8.618732826464885,-8.632433293482302,-8.697932882807022
345.5,-8.12495833333331,0.04674735279212805,0.009127253104034137,-8.655758743928276,-8.66488599703231,-8.702506096720404
345.6,-8.2175,0.014441961184575691,-0.041918190320390056,-8.739109578960253,-8.697191388639864,-8.753551540144828
345.7,-8.231431578947358,-0.017683190125882042,-0.027818640373230605,-8.757135180323552,-8.729316539950322,-8.739451990197669
345.8,-8.224781249999987,-0.04959553308853665,-0.005721451119397697,-8.766950334032373,-8.761228882912976,-8.717354800943836
345.9,-8.180562499999994,-0.08126289342341328,0.04442245955300726,-8.748473783694845,-8.792896243247853,-8.66721089027143
346.0,-8.20796875,-0.11265352350917057,0.017437593507394673,-8.806849279826215,-8.824286873333609,-8.694195756317043
346.1,-8.205315789473675,-0.14373613465805746,0.018709442210340505,-8.836660042272156,-8.855369484482496,-8.692923907614098
346.2,-8.221812500000006,-0.174479928744711,0.001675695566331726,-8.884437583002818,-8.88611327856915,-8.709957654258107
346.3,-8.26831250000001,-0.20485462915643865,-0.042941919028391604,-8.959429898009269,-8.916487978980877,-8.75457526885283
346.4,-8.276115789473685,-0.2348305110335151,-0.04554218013206522,-8.992006040990018,-8.946463860857953,-8.757175529956504
346.5,-8.22312500000001,-0.26437843076895057,0.016453714862491066,-8.959558065730898,-8.976011780593389,-8.695179634961947
346.6,-8.260510416666671,-0.29346985473813864,-0.008314675935649274,-9.013417880498226,-9.005103204562577,-8.719948025760088
346.7,-8.163010416666724,-0.3220768872297757,0.10395996697601695,-8.929750270078198,-9.033710237054214,-8.607673382848422
346.8,-8.268210526315814,-0.3501722975504575,0.012683481465267325,-9.04912216590963,-9.061805647374896,-8.698949868359172
346.9,-8.319666666666663,-0.37772954627639704,-0.029601290063462436,-9.118964186164298,-9.089362896100836,-8.741234639887901
347.0,-8.322875,-0.4047228106267716,-0.03149642550084251,-9.147852585952053,-9.116356160451211,-8.743129775325281
347.1,-8.350789473684209,-0.4311270089343008,-0.06627662406640256,-9.209036982825141,-9.14276035875874,-8.777909973890841
347.2,-8.28131249999999,-0.45691782418976623,-0.008245295397569491,-9.176796469411775,-9.168551174014205,-8.719878645222009
347.3,-8.29284210526312,-0.482071726638323,-0.028884336659433858,-9.222589413122195,-9.193705076462761,-8.740517686483873
347.4,-8.188437499999978,-0.5065659954066064,0.07660082157476475,-9.141598523656281,-9.218199345231046,-8.635032528249674
347.5,-8.250208333333338,-0.5303787391408135,0.031646653285663295,-9.21036543567959,-9.242012088965252,-8.679986696538775
347.6,-8.234229166666683,-0.5534889156371312,0.08078010454093093,-9.18434216092064,-9.26512226546157,-8.630853245283507
347.7,-8.383136842105262,-0.5758763504470941,-0.023679460761577485,-9.311189161033111,-9.287509700271533,-8.735312810586016
347.8,-8.41603125000003,-0.597521754441674,-0.009800603168627377,-9.31895570743474,-9.309155104266113,-8.721433952993067
347.9,-8.512031249999996,-0.6184067403191477,-0.06612216596704171,-9.396162256110628,-9.330040090143587,-8.77775551579148
348.0,-8.546642105263155,-0.6385138380430311,-0.07434752315572143,-9.424494711023192,-9.35014718786747,-8.78598087298016
348.1,-8.536375,-0.6578265091976362,-0.051804965868919424,-9.421264824890994,-9.369459859022076,-8.763438315693358
348.2,-8.431583333333343,-0.6763291602500667,0.05533860635470198,-9.332623903719803,-9.387962510074505,-8.656294743469736
348.3,-8.395875000000006,-0.6940071547087526,0.09000154111787978,-9.315638963415312,-9.405640504533192,-8.621631808706558
348.4,-8.408042105263156,-0.7108468241699001,0.07878020064118216,-9.343699973353157,-9.42248017399434,-8.632853149183257
348.5,-8.505854166666659,-0.726835478244525,-0.014226781865273395,-9.452695609934237,-9.438468828068963,-8.725860131689712
348.6,-8.529749999999988,-0.7419614133600239,-0.031166730832340436,-9.484761494016803,-9.453594763184462,-8.74280008065678
348.7,-8.562063157894734,-0.7562139204315291,-0.05752302839826809,-9.525370298654236,-9.467847270255968,-8.769156378222707
348.8,-8.544999999999975,-0.7695832913995875,-0.03707445408572041,-9.518291095309747,-9.481216641224027,-8.74870780391016
348.9,-8.506145833333335,-0.7820608246319877,0.004859704144749587,-9.488834470311676,-9.493694174456426,-8.70677364567969
349.0,-8.539947368421048,-0.7936388291888541,-0.01967418794894128,-9.524946366962235,-9.505272179013293,-8.73130753777338
349.1,-8.499979166666664,-0.804310627951401,0.044802966102039966,-9.471141011673799,-9.515943977775839,-8.666830383722399
349.2,-8.592749999999958,-0.8140705596160231,0.00031775527345981325,-9.525386154167002,-9.525703909440463,-8.711315594550978
349.3,-8.710499999999984,-0.8229139795566655,-0.04076722685814008,-9.575314556239244,-9.534547329381104,-8.752400576682579
349.4,-8.743200000000167,-0.8308372595596727,0.02962574097280478,-9.512844868411307,-9.542470609384111,-8.682007608851634
349.5,-8.63775000000002,-0.8378377864365787,0.2552433738441833,-9.294227762416835,-9.549471136261017,-8.456389975980255
349.6,-9.120375000000264,-0.8439139595215241,-0.10529345087223585,-9.660840760218198,-9.555547309345963,-8.816926800696674
349.7,-9.300650000000015,-0.849065187061225,-0.17854190075008616,-9.73924043763575,-9.560698536885663,-8.890175250574526
349.8,-9.260962500000005,-0.8532918815066219,-0.060673597342277244,-9.625598828673338,-9.56492523133106,-8.772306947166715
349.9,-9.221275000000018,-0.8565954537165402,0.02164518915767291,-9.546583614383305,-9.568228803540979,-8.689988160666767
350.0,-9.181587500000008,-0.8589783060848686,0.06983278181677906,-9.500778874092529,-9.570611655909307,-8.64180056800766
350.1,-9.183289719626169,-0.8604438246039248,0.05018828376713719,-9.521888890661227,-9.572077174428363,-8.661445066057302
350.2,-9.186716510903427,-0.8609963698778229,0.012972045305353022,-9.55965767439691,-9.572629719702261,-8.698661304519085
350.3,-9.190143302180687,-0.8606412671007753,-0.02982735706328002,-9.602101973988495,-9.572274616925213,-8.741460706887718
350.4,-9.152214953271038,-0.8593847950163614,-0.02911120994495149,-9.600129354785752,-9.5710181448408,-8.74074455976939
350.5,-9.1005015576324,-0.8572341738748788,-0.008317119506285907,-9.577184643205603,-9.568867523699318,-8.719950469330724
350.6,-9.048788161993764,-0.854197552406935,0.018945284187472954,-9.5468856180439,-9.565830902231374,-8.692688065636966
350.7,-9.016588785046732,-0.850283993832476,0.02955651906719376,-9.532360824589722,-9.561917343656916,-8.682076830757245
350.8,-9.001012461059188,-0.8455034609254416,0.01981417340786534,-9.537322637342015,-9.55713681074988,-8.691819176416573
350.9,-8.985436137071654,-0.8398668001552161,-0.0016302792579798667,-9.553130429237635,-9.551500149979654,-8.713263629082418
351.0,-8.947259374999986,-0.8333857249269857,-0.019147882601548184,-9.564166957352972,-9.545019074751425,-8.730781232425986
351.1,-8.863196874999964,-0.8260727979440331,-0.012764790811950455,-9.550470938580423,-9.537706147768471,-8.724398140636389
351.2,-8.779134374999993,-0.817941412715883,-0.02590164515530625,-9.555476407695629,-9.52957476254032,-8.737534994979745
351.3,-8.689638629283447,-0.8090057742370701,-0.04417090581891302,-9.564810029880421,-9.520639124061509,-8.755804255643351
351.4,-8.563781931464186,-0.7992808788621223,-0.02245029484354543,-9.533364523530107,-9.510914228686561,-8.734083644667985
351.5,-8.437925233644853,-0.7887824934031452,0.01914617759709219,-9.481269665630492,-9.500415843227584,-8.692487172227347
351.6,-8.31206853582552,-0.7775271334771456,0.09454789796458547,-9.394612585336999,-9.489160483301584,-8.617085451859854
351.7,-8.365912772585665,-0.7655320411309614,0.03149041158877823,-9.445674979366622,-9.4771653909554,-8.68014293823566
351.8,-8.435383177570111,-0.7528151617723465,-0.0074968875708993285,-9.471945399167684,-9.464448511596785,-8.719130237395339
351.9,-8.504853582554517,-0.7393951204364156,-0.01721278744487391,-9.468241257705728,-9.451028470260855,-8.728846137269313
352.0,-8.57092812500001,-0.7252911974172694,-0.010972346293819591,-9.447896893535528,-9.436924547241707,-8.722605696118258
352.1,-8.635615625000014,-0.7105233032951989,-0.009642398683151802,-9.43179905180279,-9.422156653119638,-8.72127574850759
352.2,-8.700303124999982,-0.6951119533904092,-0.03120468362384376,-9.437949986838692,-9.406745303214848,-8.742838033448283
352.3,-8.700065420560751,-0.6790782416747123,-0.021517623293797424,-9.412229214792948,-9.390711591499151,-8.733150973118237
352.4,-8.637448598130861,-0.662443814173098,0.013844504159775835,-9.360232659837761,-9.374077163997537,-8.697788845664663
352.5,-8.574831775700934,-0.6452308418875284,0.017329673192848647,-9.339534518519118,-9.356864191711967,-8.69430367663159
352.6,-8.509785046728954,-0.6274619932756852,0.0025429959297367617,-9.336552347170388,-9.339095343100125,-8.709090353894702
352.7,-8.439068535825557,-0.6091604063177509,-0.012335840915088589,-9.333129597057278,-9.320793756142189,-8.723969190739528
352.8,-8.36835202492212,-0.590349660204621,-0.017367560188173457,-9.319350570217233,-9.30198301002906,-8.729000910012612
352.9,-8.300681250000016,-0.5710537466812095,-0.0024594824826314225,-9.285146578988279,-9.282687096505649,-8.71409283230707
353.0,-8.263806250000007,-0.5512970410787476,0.012570561336456999,-9.25035982956673,-9.262930390903186,-8.699062788487982
353.1,-8.226931249999998,-0.5311042730701678,0.05948967888432577,-9.183247944010281,-9.242737622894607,-8.652143670940113
353.2,-8.190056250000008,-0.5105004971828173,0.13221801441545397,-9.089915832591801,-9.222133847007257,-8.579415335408985
353.3,-8.472130841121569,-0.4895110631028588,-0.09930056558188605,-9.300444978509184,-9.201144412927297,-8.810933915406325
353.4,-8.526905660377357,-0.46816158580579326,-0.10114248769466769,-9.2809374233249,-9.179794935630232,-8.812775837519107
353.5,-8.526,-0.44647791554756977,-0.05425812297874582,-9.212369388350755,-9.158111265372009,-8.765891472803185
353.6,-8.532448598130845,-0.4244861077507468,-0.02527756272885966,-9.161397020304046,-9.136119457575186,-8.736910912553299
353.7,-8.469320754717002,-0.402212392820123,0.06489286341245039,-9.048952879232111,-9.113845742644562,-8.646740486411987
353.8,-8.495271028037381,-0.3796831459221733,0.06302137856402709,-9.028295117182585,-9.091316495746613,-8.648611971260411
353.9,-8.555528301886795,-0.3569248567625056,0.02900530075866018,-9.039552905828284,-9.068558206586944,-8.682628049065778
354.0,-8.59220560747663,-0.33396409939539323,0.022739215663697028,-9.022858233556136,-9.045597449219832,-8.688894134160742
354.1,-8.68958490566038,-0.31082750209923937,-0.042108701239279796,-9.064569553162958,-9.022460851923679,-8.75374205106372
354.2,-8.722121495327121,-0.2875417173515969,-0.04508661895666587,-9.044261686132701,-8.999175067176036,-8.756719968781104
354.3,-8.670566037735874,-0.2641333919370919,0.027102255950402138,-8.948664485811129,-8.97576674176153,-8.684531093874037
354.4,-8.729121495327115,-0.24062913722129292,-0.024243817952408632,-8.976506304998141,-8.952262487045731,-8.735877167776847
354.5,-8.628188679245266,-0.2170554996232198,0.06910542652978179,-8.859583422917877,-8.928688849447658,-8.642527923294656
354.6,-8.814411214953232,-0.1934389313188078,-0.1370480384105848,-9.042120319553831,-8.905072281143246,-8.848681388235024
354.7,-8.624691588785021,-0.16980576120722596,0.02625203454565843,-8.855187076486006,-8.881439111031664,-8.68538131527878
354.8,-8.532066037735857,-0.14618216617149787,0.09383556854033731,-8.7639799474556,-8.857815515995936,-8.617797781284102
354.9,-8.599691588785026,-0.12259414266439056,0.010381837893761695,-8.823845654595068,-8.834227492488829,-8.701251511930677
355.0,-8.680514018691573,-0.09906747865002005,-0.07128108798815753,-8.881981916462616,-8.81070082847446,-8.782914437812597
355.1,-8.711349056603773,-0.07562772593107253,-0.0857511210078209,-8.873012196763332,-8.787261075755511,-8.79738447083226
355.2,-8.516271028037414,-0.05230017289096103,0.14079486171096495,-8.623138661004434,-8.7639335227154,-8.570838488113473
355.3,-8.597339622641579,-0.02910981767962484,0.09996440442662582,-8.640778763077437,-8.740743167504064,-8.611668945397813
355.4,-8.802102803738286,-0.006081341871039203,-0.06505581409285285,-8.782770505788331,-8.717714691695479,-8.776689163917291
355.5,-8.811452830188692,0.016760915380166663,-0.04464598011515339,-8.739518414559425,-8.694872434444273,-8.756279329939591
355.6,-8.815915887850512,0.0393929826562846,-0.03553758451213633,-8.70777795168029,-8.672240367168154,-8.747170934336575
355.7,-8.854056603773563,0.06179128104232007,-0.07636304283489398,-8.726205111617013,-8.64984206878212,-8.787996392659332
355.8,-8.747093457943928,0.08393264831477848,0.01847045600031636,-8.609230245509345,-8.62770070150966,-8.693162893824123
355.9,-8.739264150943407,0.10579436252899824,0.016437037751945497,-8.589401949543495,-8.60583898729544,-8.695196312072493
356.0,-8.722149532710281,0.12735416498138288,0.03843771450085069,-8.545841470342205,-8.584279184843055,-8.673195635323587
356.1,-8.818830188679243,0.148590282523708,-0.030171840380165425,-8.593214907680895,-8.56304306730073,-8.741805190204603
356.2,-8.706504672897166,0.16948144920752603,0.1340784708270466,-8.408073429789866,-8.542151900616913,-8.577554878997391
356.3,-8.814915887850493,0.1900069272375558,0.09322497225929505,-8.428401450327588,-8.521626422586882,-8.618408377565144
356.4,-9.02972897196254,0.21014652721383342,-0.053297783449120104,-8.554784606059725,-8.501486822610605,-8.764931133273558
356.5,-9.16850943396225,0.22988062764330314,-0.13961978313959644,-8.621372505320732,-8.481752722181136,-8.851253132964036
356.6,-9.187,0.2491901937024531,-0.13383389607940474,-8.59627705220139,-8.462443156121985,-8.845467245903844
356.7,-9.036452830188656,0.2680567952335384,0.008780851746338358,-8.434795702844562,-8.4435765545909,-8.7028524980781
356.8,-8.92700934579438,0.2864626239578894,0.0828776814162096,-8.34229304445034,-8.425170725866549,-8.628755668408228
356.9,-8.857660377358506,0.30439050989077376,0.10006507877895922,-8.307177761154705,-8.407242839933666,-8.61156827104548
357.0,-8.900411214953257,0.3218239369432609,6.782466282834881e-05,-8.38974158821835,-8.389809412881178,-8.71156552516161
357.1,-8.871,0.3387470576975334,-0.024004412750207156,-8.396890704877112,-8.372886292126905,-8.735637762574646
357.2,-8.77701869158879,0.3551447073430955,0.02434143828100867,-8.332147204200334,-8.356488642481343,-8.68729191154343
357.3,-8.75583018867924,0.3710024167623406,0.007519324635088633,-8.333111608427009,-8.340630933062098,-8.70411402518935
357.4,-8.755439252336442,0.3863064247549667,-0.024913666888484964,-8.350240591957958,-8.325326925069472,-8.736547016712924
357.5,-8.764971698113214,0.401043689391756,-0.06408725322328372,-8.374676913655966,-8.310589660432683,-8.775720603047722
357.6,-8.701373831775681,0.415201898489271,-0.026447942122056464,-8.322879393457224,-8.296431451335168,-8.738081291946495
357.7,-8.62296261682243,0.4287694791980624,0.03329923988638885,-8.249564630739988,-8.282863870626377,-8.67833410993805
357.8,-8.640094339622644,0.4417356066980256,0.010395256429339257,-8.259502486697073,-8.269897743126414,-8.7012380933951
357.9,-8.697514018691601,0.45409021199559196,-0.034713314447311995,-8.292256452276158,-8.257543137828847,-8.746346664271751
358.0,-8.648915887850455,0.46582398881848625,0.04639415593461922,-8.199415205071332,-8.245809361005952,-8.66523919388982
358.1,-8.624716981132075,0.4769283996048308,0.1205001110882816,-8.114204839131327,-8.234704950219609,-8.591133238736157
358.2,-8.818560747663529,0.48739568058442345,-0.013849666493186974,-8.238087335733201,-8.224237669240015,-8.725483016317625
358.3,-8.930537735849075,0.4972188459510586,-0.06757820877042095,-8.2819927126438,-8.21441450387338,-8.77921155859486
358.4,-8.970925233644852,0.5063916911258031,-0.06134870460364226,-8.266590363302278,-8.205241658698636,-8.77298205442808
358.5,-8.982849056603772,0.5149087951121716,-0.04474822358468422,-8.241472778296952,-8.196724554712267,-8.756381573409122
358.6,-8.95834579439251,0.5227655219451784,-0.010448863791169754,-8.19931669167043,-8.18886782787926,-8.722082213615609
358.7,-8.884518867924518,0.529958021237261,0.0591821096009918,-8.122493218986186,-8.181675328587177,-8.652451240223447
358.8,-8.8637663551402,0.5364832278250886,0.06947339888430784,-8.105676723115042,-8.17515012199935,-8.642159950940131
358.9,-8.92990566037734,0.5423388605222704,-0.0057065212880355355,-8.175001010590204,-8.169294489302168,-8.717339871112474
359.0,-8.951429906542062,0.5475234199839738,-0.02957092177101528,-8.19368085161148,-8.164109929840464,-8.741204271595453
359.1,-8.921518867924528,0.5520361856904443,0.006540601918025372,-8.15305656221597,-8.159597164133995,-8.705092747906413
359.2,-8.97019626168225,0.5558772120573908,-0.02882000710193913,-8.184576144868988,-8.155756137767048,-8.740453356926379
359.3,-8.954233644859817,0.559047323682153,0.0037356680216324,-8.148850358120653,-8.152586026142286,-8.707897681802807
359.4,-8.979160377358513,0.561548109735512,-0.006540542401204708,-8.156625782490131,-8.150085240088927,-8.718173892225643
359.5,-8.928345794392516,0.5633819175099288,0.05140370092393949,-8.09684773139057,-8.14825143231451,-8.660229648900499
359.6,-8.973205607476652,0.5645518451359073,0.0012613021789954215,-8.145820202509537,-8.147081504688531,-8.710372047645443
359.7,-8.964132075471696,0.5650617334790657,-0.010403878752759462,-8.156975495098132,-8.146571616345373,-8.722037228577198
359.8,-8.963841121495328,0.5649161572313788,-0.04636013826957075,-8.19307733086263,-8.14671719259306,-8.757993488094009
359.9,-8.894311320754738,0.5641204152109001,-0.02496020221730903,-8.172473136830847,-8.14751293461354,-8.736593552041748
360.0,-8.813831775700919,0.5626805198851134,0.002511768360840168,-8.146441061578486,-8.148952829939326,-8.709121581463599
360.1,-8.750377358490557,0.5606031861338694,0.016965061319219075,-8.13406510237135,-8.151030163690569,-8.69466828850522
360.2,-8.70786915887851,0.5578958192686561,0.022892500600394584,-8.130845029955388,-8.153737530555782,-8.688740849224045
360.3,-8.670952830188671,0.5545665023257171,0.04120794725987658,-8.115858900238845,-8.157066847498722,-8.670425402564563
360.4,-8.702523364485955,0.550623982651278,0.010200954243698254,-8.150808412929463,-8.161009367173161,-8.70143239558074
360.5,-8.756754716981133,0.5460776577978554,-0.02759168433038655,-8.19314737635697,-8.165555692026583,-8.739225034154826
360.6,-8.762457943925238,0.540937560751325,-0.007452053509164709,-8.178147842582279,-8.170695789073113,-8.719085403333603
360.7,-8.790775700934578,0.5352143445090862,-0.008066230380663099,-8.184485235696016,-8.176419005315353,-8.719699580205102
360.8,-8.837641509433963,0.5289192660303064,-0.03187260343003107,-8.214586687224163,-8.182714083794131,-8.74350595325447
360.9,-8.854822429906568,0.522064169579844,-0.03469118649498841,-8.224260366739584,-8.189569180244595,-8.746324536319428
361.0,-8.762905660377363,0.5146614694880367,0.06167766168028675,-8.135294218656115,-8.196971880336402,-8.649955688144152
361.1,-8.788700934579438,0.5067241323490976,0.0315652176272644,-8.173343999848077,-8.204909217475342,-8.680068132197174
361.2,-8.802719626168225,0.4982656586814008,0.007128033793823967,-8.206239657349213,-8.213367691143038,-8.704505316030614
361.3,-8.811320754716983,0.4893000640734305,-0.014416961006912166,-8.23675024675792,-8.222333285751008,-8.72605031083135
361.4,-8.85928971962615,0.4798418598396477,-0.0736278341840772,-8.305419324168868,-8.231791489984792,-8.785261184008515
361.5,-8.753933962264174,0.46990603321096924,0.026846388044818887,-8.21488092856865,-8.241727316613469,-8.68478696177962
361.6,-8.789495327102827,0.4595080270849641,-0.0027841286173104036,-8.254909451356784,-8.252125322739474,-8.71441747844175
361.7,-8.797735849056602,0.448663719361257,0.008785479290020236,-8.254184151173162,-8.262969630463182,-8.702847870534418
361.8,-8.82985981308412,0.4373894018879797,0.010678340424307884,-8.26356560751215,-8.274243947936458,-8.700955009400131
361.9,-8.835632075471706,0.42570175904542873,0.049842937409832935,-8.236088653369176,-8.28593159077901,-8.661790412414605
362.0,-8.898766355140204,0.41361784599337936,0.03588019944670457,-8.262135304384355,-8.29801550383106,-8.675753150377734
362.1,-9.017121495327135,0.40115506660876094,-0.03759129753537481,-8.348069580751053,-8.310478283215678,-8.749224647359814
362.2,-9.073783018867925,0.3883311511406258,-0.06144161279282952,-8.384743811476643,-8.323302198683812,-8.773074962617269
362.3,-9.059177570093453,0.3751641336095367,-0.030479899878603806,-8.366949116093506,-8.336469216214901,-8.742113249703042
362.4,-9.014132075471686,0.36167232897865975,0.015113386340272941,-8.334847634505506,-8.349961020845779,-8.696519963484166
362.5,-9.019728971962625,0.34787431012397985,-0.00019389796229495916,-8.363952937662754,-8.363759039700458,-8.711827247786733
362.6,-8.970462264150965,0.33378888463115475,0.03774109798348589,-8.340103367209798,-8.377844465193284,-8.673892251840952
362.7,-9.026616822429904,0.31943507144658845,-0.02245023304343243,-8.414648511421282,-8.392198278377851,-8.734083582867871
362.8,-8.964,0.30483207741034024,0.04973901568153845,-8.35706225673256,-8.406801272414098,-8.6618943341429
362.9,-9.106452830188639,0.2899992736984891,-0.06801710682725662,-8.489651182953207,-8.42163407612595,-8.779650456651696
363.0,-9.033299065420543,0.27495617220254276,0.04062334339410281,-8.396053834227793,-8.436677177621895,-8.671010006430336
363.1,-9.0786320754717,0.25972240187342277,0.03171116588974438,-8.420199782061271,-8.451910947951015,-8.679922183934695
363.2,-9.088728971962617,0.24431768505746404,0.045414329999013264,-8.421901334767961,-8.467315664766975,-8.666219019825425
363.3,-9.131283018867935,0.2287618138517475,6.710424569872538e-05,-8.482804431726992,-8.482871535972691,-8.71156624557874
363.4,-9.128392523364496,0.21307462650592957,-0.03652323474386197,-8.53508195806237,-8.49855872331851,-8.748156584568301
363.5,-9.10003738317757,0.19727598389755097,-0.08632588293905308,-8.600683248865941,-8.514357365926887,-8.797959232763493
363.6,-8.960132075471618,0.18138574610759395,-0.05453981582651046,-8.584787419543355,-8.530247603716845,-8.76617316565095
363.7,-8.81591588785047,0.165423749122815,-0.029417108915528106,-8.575626709617152,-8.546209600701623,-8.741050458739966
363.8,-8.656943396226419,0.14940978169110836,0.024814332196867392,-8.537409235936464,-8.56222356813333,-8.686819017627572
363.9,-8.491140186915858,0.1333635623558557,0.12539417736467787,-8.452875610103906,-8.578269787468583,-8.586239172459761
364.0,-8.579773584905658,0.11730471669488872,0.029106220347788196,-8.565222412781761,-8.59432863312955,-8.68252712947665
364.1,-8.608504672897274,0.1012527547893362,0.05626562827829405,-8.554114966756808,-8.610380595035103,-8.655367721546146
364.2,-8.793584905660353,0.08522704894724249,-0.016761062978989306,-8.643167363856186,-8.626406300877196,-8.728394412803429
364.3,-8.982897196261705,0.06924681170643641,-0.05598808193617166,-8.698374620054174,-8.642386538118002,-8.76762143176061
364.4,-9.157811320754675,0.05333107414069202,-0.06639447309133073,-8.724696748775077,-8.658302275683747,-8.778027822915769
364.5,-9.248377358490549,0.03749866449276257,-0.001185169873106559,-8.675319855204783,-8.674134685331676,-8.712818519697546
364.6,-9.362355140186951,0.021768187157382657,0.013916821711352612,-8.675948340955703,-8.689865162667056,-8.697716528113085
364.7,-9.448047169811323,0.006158002036822652,0.020336436251918815,-8.685138911535697,-8.705475347787615,-8.69129691357252
364.8,-9.58456074766356,-0.009313795708953604,-0.06348507844102941,-8.784432223974422,-8.720947145533392,-8.775118428265468
364.9,-9.55536448598132,-0.02462939549603374,-0.017440426857643195,-8.753703172178115,-8.736262745320472,-8.729073776682082
365.0,-9.451537735849033,-0.03977129071328922,0.07398388496222133,-8.677420755575506,-8.751404640537729,-8.637649464862218
365.1,-9.434728971962627,-0.05472229766177948,0.05545493798993125,-8.710900709496286,-8.766355647486218,-8.656178411834507
365.2,-9.450415094339624,-0.06946557401713274,-0.014928736668756364,-8.796027660510328,-8.781098923841572,-8.726562086493194
365.3,-9.36986956521738,-0.08398463679584862,-0.008304361260465902,-8.803922347880754,-8.795617986620288,-8.719937711084905
365.4,-9.228347826086994,-0.09826337980712688,0.03811328043288557,-8.77178344919868,-8.809896729631566,-8.673520069391554
365.5,-9.127068965517251,-0.11228609057250241,0.021931834171361225,-8.80198760622558,-8.82391944039694,-8.689701515653077
365.6,-9.063121739130425,-0.12603746669626237,-0.05098790209342419,-8.888658718614126,-8.837670816520701,-8.762621251917864
365.7,-9.016165217391315,-0.13950263167033045,-0.15088395607444693,-9.002019937569216,-8.85113598149477,-8.862517305898885
365.8,-8.966113043478265,-0.15266715009802978,-0.24194124279687151,-9.10624174271934,-8.864300499922468,-8.95357459262131
365.9,-8.340408695652288,-0.16551704232187595,0.266900280836656,-8.610250111309659,-8.877150392146314,-8.444733068987782
366.0,-8.214426086956598,-0.17803879844130557,0.3155415031400587,-8.574130645125686,-8.889672148265744,-8.39609184668438
366.1,-8.497730434782675,-0.19021939170701255,0.0008822732585276882,-8.900970468272924,-8.901852741531451,-8.710751076565911
366.2,-8.63425,-0.20204629127934245,-0.1252509989514795,-9.038930640055261,-8.913679641103782,-8.836884348775918
366.3,-8.664191304347854,-0.21350747433898434,-0.11510744249862423,-9.040248266662047,-8.925140824163423,-8.826740792323063
366.4,-8.750278260869559,-0.22459143753899818,-0.14543130815137942,-9.081656095514816,-8.936224787363438,-8.857064657975819
366.5,-8.605426086956514,-0.23528720778802525,0.060219554696372225,-8.88670100291609,-8.946920557612463,-8.651413795128066
366.6,-8.654339130434801,-0.24558435235534237,0.07238470144892448,-8.884833000730856,-8.957217702179781,-8.639248648375514
366.7,-8.671765217391307,-0.255472988289247,0.11696470532728764,-8.850141632786398,-8.967106338113686,-8.594668644497151
366.8,-8.818852173913022,-0.26494379114108685,0.0369169148786022,-8.939660226086923,-8.976577140965526,-8.674716434945836
366.9,-9.06715517241372,-0.2739880029880831,-0.1335577980164292,-9.119179150828952,-8.985621352812522,-8.845191147840868
367.0,-9.183956521739141,-0.2825974397489361,-0.15559400240800536,-9.14982479198138,-8.994230789573376,-8.867227352232444
367.1,-9.103886956521745,-0.29076449778703994,0.04119544770761155,-8.961202399903867,-9.002397847611478,-8.670437902116827
367.2,-9.230843478260821,-0.29848215979698295,0.05420290992367811,-8.955912599697744,-9.010115509621421,-8.65743043990076
367.3,-9.273800000000008,-0.3057439999708493,0.1688074015028798,-8.848569948292408,-9.017377349795288,-8.542825948321559
367.4,-9.549826086956495,-0.31254418844168796,0.05338553555805415,-8.970792002708073,-9.024177538266127,-8.658247814266385
367.5,-9.782278260869576,-0.3188774950023578,-0.0376407870488976,-9.068151631875693,-9.030510844826797,-8.749274136873336
367.6,-9.906086206896576,-0.324739292098801,-0.06407374963343593,-9.100446391556675,-9.03637264192324,-8.775707099457875
367.7,-9.944208695652172,-0.3301255570976403,-0.0690175957425809,-9.11077650266466,-9.041758906922079,-8.78065094556702
367.8,-9.879515151515132,-0.33503287382882885,-0.04372782289142637,-9.090394046544693,-9.046666223653268,-8.755361172715865
367.9,-9.776484848484868,-0.3394584334049189,-0.045285590187525565,-9.096377373416884,-9.051091783229358,-8.756918940011964
368.0,-9.564210526315755,-0.3434000343193408,0.01988744742759927,-9.03514593671618,-9.05503338414378,-8.691745902396839
368.1,-9.427977272727254,-0.3468560818269065,-0.0005805716319801785,-9.059070003283326,-9.058489431651346,-8.712213921456419
368.2,-9.337285714285715,-0.34982558661056495,-0.041203379885411076,-9.102662316320414,-9.061458936435004,-8.75283672970985
368.3,-9.044052631578966,-0.3523081627392447,0.1741280427998419,-8.889813469763842,-9.063941512563684,-8.537505307024597
368.4,-9.160666666666579,-0.3543040249224145,0.04679930874056473,-9.019138066006288,-9.065937374746854,-8.664834041083873
368.5,-9.22618181818182,-0.3558139850677812,0.03405005268892001,-9.0333972822033,-9.06744733489222,-8.677583297135518
368.6,-9.273105263158035,-0.3568394481493211,0.08426065369653188,-8.984212144277228,-9.06847279797376,-8.627372696127907
368.7,-9.609947368420983,-0.3573824073936041,-0.13872753428895976,-9.207743291507002,-9.069015757218043,-8.850360884113398
368.8,-9.750159090909087,-0.3574454387931255,-0.1752387495632863,-9.24431753818085,-9.069078788617563,-8.886872099387725
368.9,-9.74214285714289,-0.3570316949560976,-0.0914818025283102,-9.160146847308846,-9.068665044780536,-8.803115152352749
369.0,-9.649181818181818,-0.3561448983028801,0.044693783307454854,-9.023084464819863,-9.067778248127318,-8.666939566516984
369.1,-9.583272727272714,-0.3547893336199394,0.12882980910277414,-8.937592874341604,-9.066422683444378,-8.582803540721665
369.2,-9.625037593984962,-0.35296983998292275,0.09481234924145769,-8.969790840565905,-9.064603189807361,-8.61682100058298
369.3,-9.733159090909126,-0.35069180206111183,-0.000835491671412586,-9.063160643556962,-9.06232515188555,-8.712468841495852
369.4,-9.835518796992483,-0.3479611408161849,-0.07486740644689127,-9.134461897087515,-9.059594490640624,-8.78650075627133
369.5,-9.815218045112777,-0.34478430360886,-0.005484554455791936,-9.06190220788909,-9.056417653433298,-8.717117904280231
369.6,-9.88236363636367,-0.3411682537276193,-0.004007106488669962,-9.056808710040729,-9.052801603552059,-8.715640456313109
369.7,-9.927714285714284,-0.33712045935432444,0.03290202631332587,-9.015851782865438,-9.048753809178763,-8.678731323511112
369.8,-10.003363636363627,-0.33264888198211934,0.04453733068451987,-8.999744901122039,-9.044282231806559,-8.667096019139919
369.9,-10.194272727272645,-0.3277619643015859,-0.0632480787380291,-9.102643392864053,-9.039395314126025,-8.774881428562468
370.0,-10.267606060606044,-0.32246861757166867,-0.06549452144761785,-9.099596488843725,-9.034101967396108,-8.777127871272057
370.1,-10.278315789473682,-0.3167782084924082,-0.022672438059388796,-9.051083996376235,-9.028411558316847,-8.734305787883828
370.2,-10.260363636363639,-0.31070054559703086,0.027819269021339216,-8.99451462640013,-9.02233389542147,-8.6838140808031
370.3,-10.249,-0.30424586518142505,0.047917627102818106,-8.967961587903046,-9.015879215005864,-8.663715722721621
370.4,-10.205390977443619,-0.297424816789494,0.07260255316977915,-8.936455613444153,-9.009058166613933,-8.639030796654659
370.5,-10.193537878787879,-0.29024844827331536,0.032460403595767115,-8.969421394501987,-9.001881798097754,-8.679172946228672
370.6,-10.146263157894694,-0.282728190447449,-0.01072706777636008,-9.005088608048247,-8.994361540271887,-8.722360417600798
370.7,-10.005360902255632,-0.2748758413571277,-0.0005893829068137364,-8.98709857408838,-8.986509191181566,-8.712222732731252
370.8,-9.92340601503759,-0.2667035501804294,-0.08379495212144171,-9.06213185212631,-8.978336900004868,-8.795428301945881
370.9,-9.84032835820897,-0.2582238007848733,-0.1839331066409698,-9.153790257250282,-8.969857150609313,-8.895566456465408
371.0,-9.60021052631571,-0.24944939495919793,-0.11917941464236492,-9.080262159426002,-8.961082744783637,-8.830812764466804
371.1,-9.08157894736843,-0.24039343534137184,0.2621131457938087,-8.689913639372001,-8.95202678516581,-8.44952020403063
371.2,-9.160526315789467,-0.2310693080641531,0.10983502388168744,-8.832867634006904,-8.942702657888592,-8.60179832594275
371.3,-9.230654135338364,-0.22149066513975676,0.04383385288233574,-8.88929016208186,-8.933124014964195,-8.667799496942102
371.4,-9.328218045112768,-0.21167140660540235,0.024165406287377497,-8.899139350142464,-8.923304756429841,-8.687467943537062
371.5,-9.485030075187934,-0.20162566245170443,-0.0007129738146929784,-8.913971986090836,-8.913259012276143,-8.712346323639132
371.6,-9.752699248120363,-0.19136777435603236,-0.11197360996560211,-9.014974734146072,-8.903001124180472,-8.823606959790041
371.7,-9.890368421052635,-0.1809122772431025,-0.09937566323227007,-8.99192129029981,-8.892545627067541,-8.811009013056708
371.8,-9.93643609022556,-0.17027388069517768,-0.024826864600664272,-8.90673409512028,-8.881907230519616,-8.736460214425103
371.9,-9.925248120300722,-0.15946745023433445,0.06596033903735067,-8.805140461021422,-8.871100800058773,-8.645673010787087
372.0,-10.006451127819549,-0.14850798849931737,0.025067997890806385,-8.835073340432949,-8.860141338323755,-8.686565351933632
372.1,-10.079276119402998,-0.13741061633953355,-0.0344610991839769,-8.883505065347949,-8.849043966163972,-8.746094449008416
372.2,-10.082383458646635,-0.12619055384874753,-0.03315425798853581,-8.870978161661721,-8.837823903673186,-8.744787607812974
372.3,-9.981932330827092,-0.11486310136101886,0.08139149238044462,-8.745104958805014,-8.826496451185458,-8.630241857443995
372.4,-10.105240601503759,-0.10344362043137918,-0.004136612015436747,-8.819213582271255,-8.815076970255818,-8.715769961839875
372.5,-10.119112781954886,-0.09194751482367731,0.04942950392040082,-8.754151360727715,-8.803580864648117,-8.662203845904038
372.6,-10.205428571428616,-0.08039021152792442,0.057022470880283484,-8.73500109047208,-8.792023561352362,-8.654610878944155
372.7,-10.47106766917293,-0.06878714182935078,-0.09910620136697162,-8.879526693020761,-8.78042049165379,-8.81073955119141
372.8,-10.512421052631591,-0.057153722451240924,-0.030375952080209462,-8.79916302435589,-8.76878707227568,-8.742009301904648
372.9,-10.560270676691719,-0.04550533679344233,0.017571453975046135,-8.739567232642836,-8.75713868661788,-8.694061895849392
373.0,-10.633518796992472,-0.03385731628824922,0.014916046041509166,-8.73057462007118,-8.745490666112689,-8.696717303782929
373.1,-10.735684210526315,-0.022224921895143107,-0.04655144012283947,-8.780409711842422,-8.733858271719582,-8.758184789947277
373.2,-10.730421052631577,-0.0106233257556295,-0.02850258959870857,-8.750759265178777,-8.722256675580068,-8.740135939423148
373.3,-10.678335820895501,0.0009324069708559063,0.01579190672200035,-8.694909036131582,-8.710700942853583,-8.695841443102438
373.4,-10.635413533834587,0.012427336069288218,0.04037204599027866,-8.658833967764872,-8.69920601375515,-8.67126130383416
373.5,-10.632691729323314,0.02384666400926947,0.023710124823637133,-8.664076560991532,-8.687786685815169,-8.687923225000802
373.6,-10.61088721804511,0.03517575344308216,0.031371571652035676,-8.645086024729322,-8.676457596381356,-8.680261778172403
373.7,-10.654398496240594,0.046400144441898925,-0.019361808177264343,-8.684595013559804,-8.66523320538254,-8.730995158001702
373.8,-10.670939849624045,0.057505571450844034,-0.038883471676834334,-8.693011250050429,-8.654127778373594,-8.750516821501273
373.9,-10.61336842105263,0.06847797994400054,0.014426908423043786,-8.628728461457394,-8.643155369880438,-8.697206441401395
374.0,-10.59006015037594,0.07930354276087573,0.025936172039238568,-8.606393635024325,-8.632329807063563,-8.685697177785201
374.1,-10.615714285714295,0.0899686761062754,-0.024003619553688176,-8.645668293271852,-8.621664673718163,-8.735636969378128
374.2,-10.62151485148515,0.1004600551959951,-0.06871995165795354,-8.679893246286397,-8.611173294628443,-8.780353301482393
374.3,-10.494999999999973,0.11076462953121226,0.0055288395078525,-8.595339880785374,-8.600868720293226,-8.706104510316587
374.4,-10.362799999999991,0.12086963778495767,0.07643855777063457,-8.514325154268846,-8.59076371203948,-8.635194792053804
374.5,-10.349356435643546,0.1307626222845553,0.025850262953411633,-8.555020464586471,-8.580870727539883,-8.685783086871027
374.6,-10.309820000000013,0.14043144307444833,0.005666632484141593,-8.565535274265848,-8.571201906749991,-8.705966717340297
374.7,-10.333,0.14986429154437333,-0.06589625227772758,-8.627665310557793,-8.561769058280065,-8.777529602102167
374.8,-10.290439999999998,0.15904970360840398,-0.05388367505132811,-8.606467321267363,-8.552583646216036,-8.765517024875766
374.9,-10.22176,0.1679765724209601,0.00730637610644588,-8.536350401297033,-8.543656777403479,-8.704326973717993
375.0,-10.217356435643563,0.1766341606164666,0.029817325762533722,-8.505181863445438,-8.534999189207973,-8.681816024061906
375.1,-10.22280000000001,0.18501211205994883,0.06614551123366323,-8.460475726530827,-8.52662123776449,-8.645487838590775
375.2,-10.318299999999981,0.19310046309646348,0.028420548833229718,-8.490112337894745,-8.518532886727975,-8.683212800991209
375.3,-10.447158415841592,0.2008896532878932,-0.039777533541784135,-8.55052123007833,-8.510743696536545,-8.751410883366223
375.4,-10.456520000000001,0.20837053562626778,-0.0019567979177574054,-8.505219612115928,-8.503262814198171,-8.713590147742195
375.5,-10.437514851485147,0.2155343862134234,0.03490193653591467,-8.4611970270751,-8.496098963611015,-8.676731413288524
375.6,-10.439400000000008,0.22237291339746904,0.010549590673804767,-8.478710845753165,-8.489260436426969,-8.701083759150634
375.7,-10.453650000000009,0.22887826635719336,-0.0688677927187939,-8.55162287618604,-8.482755083467245,-8.780501142543233
375.8,-10.420069306930689,0.2350430431262209,-0.1350086777257484,-8.611598984423967,-8.476590306698219,-8.846642027550187
375.9,-10.251620000000072,0.24086029804940662,-0.0832186884297312,-8.553991740204763,-8.470773051775032,-8.79485203825417
376.0,-9.925425742574262,0.2463235486646448,0.1320396298779261,-8.333270171281868,-8.465309801159794,-8.579593719946512
376.1,-9.812319999999948,0.25142678200396185,0.16092712977713367,-8.299279438043342,-8.460206567820476,-8.550706220047305
376.2,-9.781650000000024,0.25616446030846096,0.14703558277104592,-8.308433306744933,-8.455468889515977,-8.564597767053392
376.3,-9.997435643564362,0.2605315261523863,-0.07195611091455248,-8.523057934586605,-8.451101823672053,-8.783589460738991
376.4,-10.057159999999973,0.26452340697228177,-0.1017522831049033,-8.54886222595706,-8.447109942852157,-8.813385632929341
376.5,-10.148257425742568,0.26813601899792583,-0.14334148767298355,-8.586838818499496,-8.443497330826514,-8.854974837497423
376.6,-10.146759999999983,0.27136577058243233,-0.0867769911777454,-8.527044570419752,-8.440267579242006,-8.798410341002183
376.7,-10.06291,0.2742095649296179,0.04557655489351041,-8.39184723000131,-8.43742378489482,-8.666056794930928
376.8,-10.031089108910889,0.27666480221744494,0.10813850065063921,-8.326830046956355,-8.434968547606994,-8.6034948491738
376.9,-10.02,0.2787293811170595,0.11913428704577407,-8.313769681661604,-8.432903968707379,-8.592499062778664
377.0,-10.0224,0.28040169970764856,0.0691035740505046,-8.362128076066286,-8.431231650116791,-8.642529775773934
377.1,-9.969782178217764,0.281680655788046,0.00793777415357496,-8.422014919882818,-8.429952694036393,-8.703695575670864
377.2,-9.782120000000019,0.2825656465867191,0.000891962722847247,-8.428175740514872,-8.42906770323772,-8.710741387101592
377.3,-9.629277227722776,0.2830565678724626,-0.12480584396815106,-8.553382625920127,-8.428576781951977,-8.83643919379259
377.4,-9.467040000000084,0.2831538124688201,-0.3092165041966288,-8.737696041552248,-8.428479537355619,-9.020849854021067
377.5,-8.934919999999849,0.2828582681759403,-0.15580580447762027,-8.584580886126119,-8.428775081648498,-8.867439154302058
377.6,-8.075396039603918,0.282171315104254,0.34370443221991076,-8.085757602500275,-8.429462034720185,-8.367928917604528
377.7,-7.926749999999995,0.28109482242503225,0.20467477480740545,-8.225863752592002,-8.430538527399406,-8.506958575017034
377.8,-7.96879207920791,0.2796311445435502,-0.009914559385511904,-8.4419167646664,-8.432002205280888,-8.721547909209951
377.9,-8.014500000000028,0.2777831167012399,-0.09159155249958607,-8.525441785622785,-8.433850233123199,-8.803224902324025
378.0,-7.989940000000005,0.27555405001385996,0.02960013554184594,-8.406479164268733,-8.43607929981058,-8.682033214282592
378.1,-8.194235294117721,0.27294772595335065,0.027650299482279185,-8.41103532438881,-8.438685623871088,-8.68398305034216
378.2,-8.415761194029843,0.26996839028166764,0.07186860152509783,-8.369796358017673,-8.441664959542772,-8.63976474829934
378.3,-8.827117647058882,0.2666207464455037,-0.05781768557764872,-8.502830288956584,-8.445012603378935,-8.769451035402087
378.4,-9.203447761194008,0.262909948441411,-0.17849290564657921,-8.627216307029608,-8.448723401383027,-8.890126255471017
378.5,-9.320253731343294,0.2588415931614263,-0.0935835531757652,-8.546375309838778,-8.452791756663013,-8.805216903000204
378.6,-9.317602941176474,0.2544217122298781,0.046876429295674926,-8.410335208298886,-8.457211637594561,-8.664756920528763
378.7,-9.387323529411786,0.24965676334261808,0.05750769557152557,-8.404468890910294,-8.461976586481821,-8.654125654252914
378.8,-9.382176470588254,0.24455362112046533,0.10254051394526645,-8.364539214758707,-8.467079728703974,-8.609092835879173
378.9,-9.490455882352933,0.23911956748918586,0.013715720753006644,-8.458798061582247,-8.472513782335254,-8.697917629071432
379.0,-9.475567164179077,0.23336228159884445,0.0444235848144878,-8.433847483411107,-8.478271068225594,-8.66720976500995
379.1,-9.579417910447777,0.22728982929586763,-0.037029459672008096,-8.52137298020058,-8.48434352052857,-8.748662809496446
379.2,-9.618073529411777,0.2209106521616384,-0.04330059313923888,-8.53402329080204,-8.4907226976628,-8.754933942963678
379.3,-9.667313432835803,0.21423355613190947,-0.05169359126429819,-8.549093384956828,-8.49739979369253,-8.763326941088737
379.4,-9.638323529411746,0.2072676997117695,0.022653856819979085,-8.48171179329269,-8.50436565011267,-8.68897949300446
379.5,-9.712882352941174,0.2000225818013256,-0.006428720983616928,-8.51803948900673,-8.511610768023113,-8.718062070808056
379.6,-9.702029850746294,0.19250802914767617,0.04624079237588104,-8.472884528300881,-8.519125320676762,-8.665392557448557
379.7,-9.781352941176403,0.18473418343913947,0.0022696434790466687,-8.524629522906253,-8.526899166385299,-8.709363706345393
379.8,-9.82753731343284,0.1767114880580742,-0.016734301877252753,-8.551656163643617,-8.534921861766364,-8.728367651701692
379.9,-9.817865671641748,0.1684506745089806,0.011512306843505666,-8.531670368471952,-8.543182675315458,-8.700121042980934
380.0,-9.8955,0.1599627485389014,-0.055159993431750765,-8.606830594717287,-8.551670601285537,-8.76679334325619
380.1,-9.830298507462679,0.1512589759674524,0.01567353322015152,-8.544700840636835,-8.560374373856986,-8.695959816604287
380.2,-9.861823529411764,0.14235086824410215,-0.01260276962046044,-8.581885251200797,-8.569282481580336,-8.7242361194449
380.3,-9.79347761194026,0.13325016775058804,0.05919862558011038,-8.519184556493741,-8.57838318207385,-8.652434724244328
380.4,-9.828850746268609,0.12396883286660357,0.028726383091471464,-8.558938133866363,-8.587664516957835,-8.682906966732967
380.5,-9.933411764705875,0.11451902281711573,-0.07006554630368285,-8.667179873311007,-8.597114327007324,-8.781698896128121
380.6,-9.852382352941168,0.10491308231987528,0.015517819244260558,-8.591202448260303,-8.606720267504564,-8.696115530580178
380.7,-9.823470588235292,0.09516352605186335,0.045101388948132495,-8.571368434824443,-8.616469823772576,-8.666531960876306
380.8,-9.904250000000008,0.08528302295357654,-0.040998275054156263,-8.667348601925019,-8.626350326870861,-8.752631624878594
380.9,-9.885462686567173,0.0752843803901897,-0.03411700628027211,-8.67046597571452,-8.636348969434248,-8.745750356104711
381.0,-9.833373134328333,0.06518052818874878,0.0008383747147550358,-8.645614446920934,-8.64645282163569,-8.710794975109684
381.1,-9.793235294117629,0.054984502570638326,0.0216002750402694,-8.635048572213531,-8.6566488472538,-8.69003307478417
381.2,-9.797149253731352,0.044709429998636564,-0.00036323889119642145,-8.667287158716999,-8.666923919825802,-8.711996588715635
381.3,-9.787294117647086,0.0343685109579178,-0.004480413874753692,-8.681745252741274,-8.67726483886652,-8.716113763699193
381.4,-9.730147058823523,0.02397500369038536,0.04350178875276205,-8.644156557381292,-8.687658346134054,-8.668131561071677
381.5,-9.765556603773584,0.013542207901719918,0.0019195303943437304,-8.696171611528374,-8.698091141922719,-8.709713819430094
381.6,-9.76461320754717,0.0030834484605061566,-0.004274700436767269,-8.7128246018007,-8.708549901363932,-8.715908050261206
381.7,-9.763669811320755,-0.007387940891242069,-0.016283293729100153,-8.735304584444782,-8.71902129071568,-8.727916643553538
381.8,-9.748271293375396,-0.017858633796904236,-0.023727902224001254,-8.753219885845343,-8.729491983621344,-8.73536125204844
381.9,-9.697482649842293,-0.02831532749425747,-0.007521861876347086,-8.747470539195044,-8.739948677318695,-8.719155211700786
382.0,-9.64669400630916,-0.03874475895560684,-0.0019732376556818605,-8.752351346435727,-8.750378108780046,-8.71360658748012
382.1,-9.594415094339622,-0.04913372094011747,-0.0018602157463734849,-8.762627286510929,-8.760767070764556,-8.713493565570813
382.2,-9.53120754716983,-0.05946907793957785,0.007530984522169221,-8.763571443241847,-8.771102427764017,-8.704102365302269
382.3,-9.468,-0.06973778199899831,0.020620147309611966,-8.760750984513825,-8.781371131823438,-8.691013202514826
382.4,-9.404792452830208,-0.07992688839364473,0.04158186045186843,-8.749978377766215,-8.791560238218084,-8.67005148937257
382.5,-9.410459119496855,-0.09002357114432402,0.004024861341325346,-8.797632059627437,-8.801656920968762,-8.707608488483114
382.6,-9.420522012578619,-0.10001513835297499,-0.026389377285215152,-8.83803786546263,-8.811648488177413,-8.738022727109653
382.7,-9.430584905660377,-0.1098890473408757,-0.04439137812428716,-8.865913775289602,-8.821522397165314,-8.756024727948725
382.8,-9.428220125786162,-0.11963291957205566,-0.036133810896876804,-8.867400080293372,-8.831266269396494,-8.747767160721315
382.9,-9.421930817610063,-0.12923455534479744,-0.008187687687513726,-8.84905559285675,-8.840867905169237,-8.719821037511952
383.0,-9.41564150943396,-0.13868194823442875,0.03675806759559275,-8.813557230463275,-8.850315298058867,-8.674875282228847
383.1,-9.458924290220859,-0.14796329927093949,0.04775096223858308,-8.811845686856795,-8.859596649095378,-8.663882387585856
383.2,-9.53810410094638,-0.15706703083531195,0.03288749253842724,-8.835812888121323,-8.868700380659751,-8.678745857286012
383.3,-9.617283911671949,-0.16598180025882248,0.018136909510122118,-8.85947824057314,-8.877615150083262,-8.693496440314316
383.4,-9.685531446540876,-0.17469651310995998,0.0019738471863528662,-8.884356015748045,-8.8863298629344,-8.709659502638086
383.5,-9.73804716981132,-0.18320033615401277,-0.022352674929283008,-8.917186360907735,-8.894833685978451,-8.733986024753722
383.6,-9.790562893081766,-0.191482709970795,-0.07735061898188687,-8.98046667877712,-8.903116059795234,-8.788983968806326
383.7,-9.79425696594432,-0.19953336121642176,-0.11352312345491414,-9.024689834495774,-8.91116671104086,-8.825156473279353
383.8,-9.63450464396285,-0.20734231451549334,-0.008024001166702953,-8.926999665506635,-8.918975664339932,-8.719657350991142
383.9,-9.47475232198147,-0.21489990397051661,0.08859776189521473,-8.83793549189974,-8.926533253794956,-8.623035587929223
384.0,-9.315,-0.22219678427587225,0.18920236516951788,-8.744627768930792,-8.933830134100312,-8.522430984654921
384.1,-9.443613418602123,-0.229223941424131,0.01396988231927529,-8.926887408929295,-8.94085729124857,-8.697663467505164
384.2,-9.475971364733915,-0.23597270299303033,-0.04994090451819072,-8.99754695733566,-8.94760605281747,-8.76157425434263
384.3,-9.495122779996251,-0.24243474800194165,-0.08755721615183143,-9.041625313978212,-8.954068097826381,-8.79919056597627
384.4,-9.505450253661655,-0.24860211632719043,-0.10640866956203564,-9.066644135713664,-8.960235466151628,-8.818042019386475
384.5,-9.415192665243897,-0.2544672176661339,-0.01614372329431625,-8.98224429078489,-8.966100567490573,-8.727777073118755
384.6,-9.321561418532898,-0.2600228400404541,0.08710015850146077,-8.884556031363433,-8.971656189864893,-8.624533191322978
384.7,-9.378749605817333,-0.2652621578296865,0.05111871024180498,-8.92577679741232,-8.976895507654126,-8.660514639582633
384.8,-9.440516318986436,-0.27017873932657555,0.022445125044714905,-8.9593669641063,-8.981812089151013,-8.689188224779723
384.9,-9.511313117218698,-0.2747665538064312,-0.006730861655955857,-8.993130765286827,-8.98639990363087,-8.718364211480395
385.0,-9.547574520183076,-0.27901997810324464,-5.98987020409749e-05,-8.990713226629724,-8.990653327927683,-8.71169324852648
385.1,-9.559042570988815,-0.2829338026859194,0.023261818605861892,-8.971305333904496,-8.994567152510358,-8.688371531218577
385.2,-9.63302166830591,-0.28650323722857374,-0.03303569788517449,-9.031172284938187,-8.998136587053013,-8.744669047709614
385.3,-9.704924455505603,-0.2897239156694773,-0.11012095319882313,-9.111478218692739,-9.001357265493915,-8.821754303023262
385.4,-9.586469829340214,-0.292591900753797,-0.020683094345446594,-9.024908344923682,-9.004225250578235,-8.732316444169886
385.5,-9.468015203174758,-0.29510368805594295,0.048446846722216344,-8.958290191158165,-9.00673703788038,-8.663186503102223
385.6,-9.349560577009303,-0.29725620947792436,0.10332504052333936,-8.905564518779023,-9.008889559302363,-8.6083083093011
385.7,-9.322943900922615,-0.2990468362207479,0.05821462979897009,-8.952465556246217,-9.010680186045187,-8.653418720025469
385.8,-9.355633726014636,-0.3004733812265152,-0.04976034703658029,-9.061867078087534,-9.012106731050954,-8.761393696861019
385.9,-9.295904892957727,-0.3015341010895007,-0.06569125160064226,-9.078858702514582,-9.01316745091394,-8.77732460142508
386.0,-9.195072165779116,-0.3022276974351182,-0.03785682656189616,-9.051717873821453,-9.013861047259557,-8.749490176386335
386.1,-9.083101755250764,-0.30255331776630956,0.00785065101482051,-9.006336016575927,-9.014186667590748,-8.703782698809619
386.2,-9.012241156246185,-0.3025105557775135,0.024366667954210938,-8.989777237647742,-9.014143905601951,-8.687266681870227
386.3,-9.021198360696843,-0.30209945113699654,-0.021985019523880038,-9.035717820485315,-9.013732800961435,-8.733618369348319
386.4,-8.999708704936744,-0.30132048873894773,-0.018094814342757455,-9.031048652906144,-9.012953838563387,-8.729728164167197
386.5,-8.839961748723102,-0.30017459742735886,0.14262410646717064,-8.869183840784627,-9.011807947251798,-8.569009243357268
386.6,-8.992737525861445,-0.29866314819432244,0.003311166905780441,-9.00698533111298,-9.01029649801876,-8.708322182918659
386.7,-9.097808384339721,-0.29678795185599316,-0.08582164141585513,-9.094242943096287,-9.008421301680432,-8.797454991240294
386.8,-9.030760005939014,-0.2945512562100601,-0.01175648177700538,-9.017941087811504,-9.006184606034498,-8.723389831601445
386.9,-8.994611837185216,-0.2919557426791772,0.01304147182369915,-8.990547620679918,-9.003589092503615,-8.69859187800074
387.0,-8.966297023379443,-0.2890045224453903,0.007082609865627188,-8.993555262404202,-9.000637872269829,-8.704550739958812
387.1,-8.944100071221982,-0.28570113208118636,-0.025929197636271245,-9.023263679541897,-8.997334481905625,-8.73756254746071
387.2,-8.92371500329734,-0.28204952868336436,-0.0732042243801923,-9.066887102887996,-8.993682878507803,-8.784837574204632
387.3,-8.78685756408461,-0.27805408451649954,-0.0032957609944956195,-8.992983195335434,-8.989687434340938,-8.714929110818934
387.4,-8.599889755284616,-0.27371958117332973,0.1320246691063475,-8.853328261891422,-8.985352930997768,-8.579608680718092
387.5,-8.714731846371166,-0.2690512032599427,-0.006952651132210753,-8.987637204216592,-8.980684553084382,-8.71858600095665
387.6,-8.747130309613235,-0.26405453161418485,-0.02927698308028233,-9.004964864518906,-8.975687881438624,-8.74091033290472
387.7,-8.74965806159935,-0.25873553606623734,0.012188314208817146,-8.95818057168186,-8.970368885890675,-8.699445035615621
387.8,-8.801762941824583,-0.2531005677508245,0.031175271756736775,-8.933558645818527,-8.964733917575263,-8.680458078067701
387.9,-8.92933261383104,-0.24715635098102345,-0.009529244348916818,-8.96831894515438,-8.958789700805463,-8.721162594173355
388.0,-9.055910805565201,-0.24090997469413605,-0.04639683778975587,-8.998940162308331,-8.952543324518574,-8.758030187614194
388.1,-9.12055503390123,-0.23436888348056412,-0.03006438775899755,-8.976066621064,-8.946002233305002,-8.741697737583436
388.2,-9.15224304852945,-0.22754086820709185,0.0024215148203466305,-8.936752703211184,-8.93917421803153,-8.709211835004092
388.3,-9.184495099270487,-0.2204340562464336,0.01379527328638792,-8.918272132784484,-8.932067406070873,-8.697838076538051
388.4,-9.227405580665003,-0.2130569013253387,-0.0060149502220986206,-8.930705201371875,-8.924690251149777,-8.717648300046537
388.5,-9.18828378330255,-0.2054181730039673,0.038049595682969034,-8.879001927145437,-8.917051522828405,-8.67358375414147
388.6,-9.186806444658977,-0.19752694579965763,0.02947673840382502,-8.879683557220272,-8.909160295624096,-8.682156611420615
388.7,-9.229753921030376,-0.1893925879685921,-0.0355883309907178,-8.936614268783748,-8.901025937793031,-8.747221680815157
388.8,-9.160684932176581,-0.18102474995924556,0.0017515264099775885,-8.890906573373707,-8.892658099783684,-8.709881823414461
388.9,-9.116535507381656,-0.17243335255185221,0.006992534948504585,-8.877074167427786,-8.884066702376291,-8.704640814875933
389.0,-9.090788014748826,-0.16362857469846834,-0.010222605115056703,-8.885484529637964,-8.875261924522906,-8.721855954939496
389.1,-9.062365538493387,-0.1546208410785279,-0.024465740551882994,-8.89071993145485,-8.866254190902966,-8.736099090376321
389.2,-8.997838423973382,-0.14542080938509166,0.00327064528364855,-8.853783513925881,-8.85705415920953,-8.70836270454079
389.3,-8.956077907194118,-0.136039357357275,0.020204755515872325,-8.827467951665842,-8.847672707181713,-8.691428594308567
389.4,-9.071428367390538,-0.12648756957460527,-0.10280255177901189,-8.940923471178056,-8.838120919399044,-8.814435901603451
389.5,-8.9212630249604,-0.116776724029308,0.05941877282037043,-8.768991301033376,-8.828410073853746,-8.652214577004068
389.6,-8.836580259765105,-0.10691827849274714,0.1741971235463497,-8.644354504770837,-8.818551628317186,-8.53743622627809
389.7,-9.108776518715104,-0.09692385669245568,-0.0562414440545847,-8.86479865057148,-8.808557206516895,-8.767874793879024
389.8,-9.148723068768552,-0.08680523431637999,-0.05261671139802387,-8.851055295538842,-8.798438584140818,-8.764250061222462
389.9,-9.166265226559673,-0.07657432486113212,-0.035316502775502405,-8.823524177461072,-8.788207674685571,-8.746949852599942
390.0,-9.21536104331885,-0.06624316534119293,-0.06636526488302752,-8.844241780048659,-8.777876515165632,-8.777998614707466
390.1,-9.109027369024048,-0.05582390187613859,0.03776272751170075,-8.729694524188876,-8.767457251700577,-8.673870622312737
390.2,-9.070968124059101,-0.045328775173072565,0.054809167124385376,-8.702152957873126,-8.75696212499751,-8.656824182700053
390.3,-9.115578073277343,-0.03477010592153419,-0.024651147327812078,-8.771054603073784,-8.746403455745973,-8.736284497152251
390.4,-9.088987331875828,-0.02416028011822355,-0.04052518541336278,-8.776318815356024,-8.735793629942663,-8.752158535237802
390.5,-8.982963568242416,-0.013511734338931353,0.02057393290673125,-8.704571151256639,-8.72514508416337,-8.691059416917707
390.6,-8.84879980992122,-0.002836940975090182,0.10971614786479114,-8.604754142934738,-8.714470290799529,-8.601917201959647
390.7,-8.943116178468403,0.007851606547628513,-0.030742851774682424,-8.734524595051493,-8.70378174327681,-8.742376201599122
390.8,-8.879302756368865,0.018541408551259977,-0.017732491940471252,-8.71082443321365,-8.69309194127318,-8.72936584176491
390.9,-8.776057168653752,0.02921997387065542,0.02616251339894182,-8.656250862554842,-8.682413375953784,-8.685470836425496
391.0,-8.823594883339213,0.039874834584429246,-0.0908952048015384,-8.762653720041548,-8.67175851524001,-8.802528554625978
391.1,-8.742362005942445,0.050493560694491735,-0.08689054834684759,-8.748030337476795,-8.661139789129948,-8.798523898171286
391.2,-8.589440900452818,0.06106377473700782,-0.012386140144485872,-8.662955715231917,-8.650569575087431,-8.724019489968924
391.3,-8.36672071449066,0.07157316630773569,0.13921339498034369,-8.500846788536359,-8.640060183516702,-8.572419954844095
391.4,-8.334824131653727,0.0820095064848317,0.11452699765205017,-8.515096845687557,-8.629623843339607,-8.59710635217239
391.5,-8.397624871611852,0.09236066213236024,0.013118164811909146,-8.60615452288017,-8.619272687692078,-8.69851518501253
391.6,-8.54483153208643,0.10261461006791883,-0.15560011929824047,-8.76461885905476,-8.60901873975652,-8.867233469122679
391.7,-8.352990289086945,0.11275945107797936,0.028148789378903312,-8.570725109367556,-8.59887389874646,-8.683484560445535
391.8,-8.498855745501162,0.1227834237647556,-0.11672999278322793,-8.705579918842911,-8.588849926059684,-8.828363342607666
391.9,-8.574928067582665,0.1326749182086353,-0.18664305876695345,-8.765601490382757,-8.578958431615803,-8.898276408591393
392.0,-8.042952604463274,0.14242248943046099,0.35267093021554907,-8.21653993017843,-8.569210860393978,-8.35896241960889
392.1,-7.994285012906677,0.15201487063820757,0.4047801053322376,-8.154838373853993,-8.55961847918623,-8.306853244492201
392.2,-8.512744824364518,0.16144098624288647,-0.11960556131523128,-8.669797924896784,-8.550192363581552,-8.83123891113967
392.3,-9.123480977497257,0.17068996462880487,-0.7481260321388263,-9.28906941733446,-8.540943385195634,-9.459759381963265
392.4,-8.240281105508679,0.17975115066362346,0.10993792454602413,-8.421944274614791,-8.531882199160815,-8.601695425278415
392.5,-8.176314591986268,0.18861411793398863,0.153638639558536,-8.369380592331915,-8.52301923189045,-8.557994710265902
392.6,-8.224776889878546,0.19726868069286296,0.10504035266686254,-8.409324316464714,-8.514364669131576,-8.606592997157577
392.7,-8.189988095986475,0.20570490550504023,0.17013515120274014,-8.335793293116659,-8.505928444319398,-8.5414981986217
392.8,-8.256626925305548,0.21391312257771083,0.16299497644998986,-8.334725250796739,-8.497720227246727,-8.548638373374448
392.9,-8.652318123005797,0.22188393676333606,-0.15827309337026407,-8.648022506431367,-8.489749413061103,-8.869906443194703
393.0,-8.868009092738664,0.22960823822249657,-0.30758007584471625,-8.789605187446659,-8.482025111601942,-9.019213425669156
393.1,-8.475259144503754,0.2370772127348023,0.1195303119690545,-8.355025825120581,-8.474556137089637,-8.592103037855384
393.2,-8.429437524085323,0.24428235164638426,0.15018088895889434,-8.31717010921916,-8.467350998178054,-8.561452460865544
393.3,-8.541853971416472,0.2512154614429353,-0.03307232831855212,-8.493490216700055,-8.460417888381503,-8.74470567814299
393.4,-8.617147639482912,0.2578686729377265,-0.22802063535951378,-8.681785312246227,-8.453764676886712,-8.939653985183952
393.5,-8.256705540262583,0.26423445006449386,-0.017823438916373405,-8.465222338676318,-8.447398899759945,-8.729456788740812
393.6,-7.974889524352247,0.2703055982655742,0.10812661150460498,-8.333201140054259,-8.441327751558864,-8.603506738319833
393.7,-7.826624550422523,0.27607527246615626,0.11979468495449255,-8.31576339240379,-8.435558077358282,-8.591838664869947
393.8,-7.801020829079691,0.28153698462601906,0.04596477678323018,-8.38413158841519,-8.43009636519842,-8.66566857304121
393.9,-7.77941036665115,0.2866846108606363,0.011752633105734364,-8.413196105858068,-8.424948738963803,-8.699880716718704
394.0,-7.816692668477811,0.29151239812404606,-0.04317014631653575,-8.463291098016928,-8.420120951700392,-8.754803496140974
394.1,-7.837506769718729,0.29601497044641234,-0.05741576101944759,-8.473034140397473,-8.415618379378026,-8.769049110843886
394.2,-7.806339696398872,0.3001873347197389,-0.012587581347679018,-8.424033596452379,-8.4114460151047,-8.724220931172118
394.3,-7.841306110327663,0.3040248860257367,-0.04171001433041411,-8.449318478129117,-8.407608463798702,-8.753343364154853
394.4,-7.788894628060562,0.30752341250039394,-0.0003104100391797121,-8.404420347363224,-8.404109937324044,-8.711943759863619
394.5,-7.7214498215804515,0.3106790997303497,0.03737038939290248,-8.363583860701187,-8.400954250094088,-8.674262960431536
394.6,-7.729566825089482,0.3134885346767294,-0.014948058506585225,-8.413092873654294,-8.39814481514771,-8.726581408331024
394.7,-7.6421633345838735,0.3159487091226612,0.021973474197943627,-8.373711166503833,-8.395684640701777,-8.689659875626495
394.8,-7.598598018493916,0.3180570226412581,0.01790226897371489,-8.375674058209466,-8.393576327183181,-8.693731080850723
394.9,-7.593719667904537,0.3198112850814159,-0.014506934360491441,-8.406328999103515,-8.391822064743023,-8.72614028418493
395.0,-7.572290455170702,0.321209718569349,-0.015943265696816013,-8.406366896951905,-8.39042363125509,-8.727576615521254
395.1,-7.537521723801803,0.32225095902435474,0.01023031662734714,-8.379152074172737,-8.389382390800083,-8.701403033197092
395.2,-7.498663697092,0.3229340571878698,0.05068384496257245,-8.338015447673996,-8.388699292636568,-8.660949504861867
395.3,-7.4746077001001385,0.32325847916545314,0.07993256088354701,-8.308442309775439,-8.388374870658986,-8.631700788940892
395.4,-7.641284896767113,0.32322410648190136,-0.08466132621572048,-8.473070569558258,-8.388409243342537,-8.796294676040159
395.5,-7.6784553805561,0.3228312356502716,-0.1269018623066787,-8.515703976480847,-8.388802114174167,-8.838535212131118
395.6,-7.6002506401799605,0.32208057725615513,-0.060333482877206794,-8.44988625544549,-8.389552772568283,-8.771966832701645
395.7,-7.401596036692143,0.3209732545591106,0.12532354849422306,-8.265336546771104,-8.390660095265329,-8.586309801330216
395.8,-7.475700814404758,0.3195108016137256,0.04447336308155403,-8.347649185129159,-8.392122548210713,-8.667159986742885
395.9,-7.51776651160776,0.3176951609133364,0.008615318913068434,-8.385322869998033,-8.393938188911102,-8.70301803091137
396.0,-7.541038650707082,0.3155286805599858,0.007526554802723517,-8.38857811446173,-8.396104669264453,-8.704106795021715
396.1,-7.587699040609357,0.313014110964749,-0.0026760270349697572,-8.40129526589466,-8.39861923885969,-8.714309376859408
396.2,-7.632569642110208,0.3101546010831001,-0.0023954805601490835,-8.403874229301488,-8.401478748741338,-8.714028830384589
396.3,-7.709799373436003,0.3069536941905262,-0.03311883913233683,-8.43779849476625,-8.404679655633913,-8.744752188956776
396.4,-7.787863990865383,0.3034153232041258,-0.06995537481558473,-8.478173401435898,-8.408218026620313,-8.781588724640024
396.5,-7.653289793826988,0.29954380555644977,0.0965709242294886,-8.3155186200385,-8.412089544267989,-8.61506242559495
396.6,-7.7602298162435925,0.29534383762835403,0.011852219380669713,-8.404437292815414,-8.416289512196085,-8.69978113044377
396.7,-7.868106339754403,0.29082048874813904,-0.08060218483327905,-8.501415045909578,-8.4208128610763,-8.792235534657717
396.8,-7.8583148769562055,0.2859791947647448,-0.05690634066698229,-8.482560495726677,-8.425654155059695,-8.768539690491421
396.9,-7.7311192604238945,0.2808257512032536,0.08858250225504334,-8.342225096366143,-8.430807598621184,-8.623050847569395
397.0,-7.768827869436182,0.2753663060114281,0.07802906783330134,-8.358237975979709,-8.436267043813011,-8.633604281991138
397.1,-7.927472817795041,0.269607351906474,-0.043225443038385554,-8.48525144095635,-8.442025997917964,-8.754858792862825
397.2,-7.895265154066629,0.26355571833166813,0.03441167062806536,-8.413665960864705,-8.44807763149277,-8.677221679196373
397.3,-8.03368978466278,0.2572185630329312,-0.05531694436989151,-8.509731731161398,-8.454414786791508,-8.76695029419433
397.4,-8.047205358572507,0.25060336326585186,-0.022274889041069904,-8.483304875599657,-8.461029986558588,-8.733908238865508
397.5,-8.113825412305058,0.24371790664408072,-0.04855926595572187,-8.51647470913608,-8.467915443180358,-8.760192615780161
397.6,-8.03594875288253,0.23657028164041394,0.06184487287654046,-8.413218195307484,-8.475063068184024,-8.649788476947899
397.7,-8.064242463717653,0.22916886775227066,0.05934980485319503,-8.423114677218972,-8.482464482072167,-8.652283544971244
397.8,-8.134803138191735,0.22152232534363997,0.011089260188278254,-8.47902176429252,-8.490111024480798,-8.70054408963616
397.9,-8.353169876286469,0.21363958517593026,-0.1838514740075366,-8.681845238656045,-8.497993764648509,-8.895484823831975
398.0,-8.120172054030242,0.2055298376404942,0.07880786812025377,-8.42729564406369,-8.506103512183945,-8.632825481704185
398.1,-8.20697287765411,0.19720252170592822,0.03226021754562039,-8.48217061057289,-8.51443082811851,-8.679373132278819
398.2,-8.247461131066377,0.1886673135935557,0.04476652126153365,-8.478199514969349,-8.522966036230883,-8.666866828562904
398.3,-8.299691191857155,0.1799341151947956,0.057212165858806216,-8.474487068770838,-8.531699234629643,-8.654421183965633
398.4,-8.480038214040418,0.17101304224439529,-0.050881159352182646,-8.591501466932225,-8.540620307580044,-8.762514509176622
398.5,-8.5903029691581,0.16191441226376685,-0.08705809280316298,-8.636777030363834,-8.549718937560671,-8.798691442627602
398.6,-8.622319624805563,0.152648732288908,-0.04867038502193788,-8.607655002557468,-8.55898461753553,-8.760303734846376
398.7,-8.619866505405497,0.14322668639761424,0.01650021391288827,-8.551906449513936,-8.568406663426824,-8.69513313591155
398.8,-8.443375866534538,0.13365912305089706,0.2457719029953303,-8.332202323778212,-8.577974226773541,-8.46586144682911
398.9,-8.889026979350565,0.12395704226371201,-0.15788766165127077,-8.745563969211997,-8.587676307560727,-8.86952101147571
399.0,-8.809255084512587,0.11413158262027288,-0.046537388052195816,-8.644039155256362,-8.597501767204166,-8.758170737876634
399.1,-8.795644068565178,0.10419400814938103,-0.009916384527650753,-8.617355726202709,-8.607439341675057,-8.72154973435209
399.2,-8.770810644895505,0.09415569507533476,0.032808960129588824,-8.584668694619515,-8.617477654749104,-8.67882438969485
399.3,-8.793997337539377,0.08402811846009997,0.02696639138340401,-8.600638839980935,-8.627605231364338,-8.684666958441035
399.4,-8.855474080304125,0.07382283875252138,-0.013085367774127313,-8.650895878846045,-8.637810511071917,-8.724718717598567
399.5,-8.895339373584715,0.06355148826043316,-0.023941744352635158,-8.67202360591664,-8.648081861564005,-8.735575094177074
399.6,-8.911186356754996,0.0532257575615888,-0.0017173668423182751,-8.660124959105168,-8.65840759226285,-8.713350716666756
399.7,-8.891859373395949,0.042857381869371644,0.06379649778215386,-8.604979470172914,-8.668775967955067,-8.647836852042285
399.8,-8.969561029489434,0.032458127369271304,0.037267442639561846,-8.641907779815606,-8.679175222455168,-8.674365907184876
399.9,-9.147715467082866,0.022039777542115273,-0.08907192360568258,-8.778665495888006,-8.689593572282323,-8.800705273430122
400.0,-9.118220318534595,0.011614119490031147,-0.011183583498151614,-8.711202813832559,-8.700019230334407,-8.72281693332259
400.1,-9.161650265048541,0.0011929302810822287,-0.012003067758687216,-8.722443487302044,-8.710440419543357,-8.723636417583126
400.2,-9.157019079685334,-0.009212036671532677,0.02949501266761611,-8.691350373828355,-8.720845386495972,-8.682138337156823
400.3,-9.221296200880689,-0.019589065179893603,-0.0015230347970980607,-8.732745449801431,-8.731222415004332,-8.713156384621536
400.4,-9.244938702862493,-0.029926489785655125,0.007648373351566725,-8.733911466258528,-8.741559839610094,-8.703984976472873
400.5,-9.342211606851212,-0.040212709182596784,-0.0544221309021819,-8.806268189909217,-8.751846059007036,-8.76605548072662
400.6,-9.243931185455379,-0.05043619954192621,0.08276927083429955,-8.679300278532065,-8.762069549366364,-8.628864078990139
400.7,-9.357279080774719,-0.060585527724975316,0.011216298468954857,-8.76100257908046,-8.772218877549413,-8.700417051355483
400.8,-9.385389618472711,-0.07064936436808991,0.025050765898789903,-8.75723194829374,-8.78228271419253,-8.686582583925649
400.9,-9.491591330444525,-0.08061649682469099,-0.04252038758090443,-8.834770234230033,-8.79224984664913,-8.754153737405343
401.0,-9.551350237593157,-0.0904758419496802,-0.06944458299359857,-8.871553774767717,-8.802109191774118,-8.781077932818038
401.1,-9.483359414061928,-0.10021645871157392,0.025476107973363547,-8.786373700562649,-8.811849808536012,-8.686157241851076
401.2,-9.637680029839151,-0.10982756061797888,-0.10535660313564216,-8.92681751357806,-8.821460910442418,-8.81698995296008
401.3,-9.459512584167328,-0.11929852794026644,0.0966041057581061,-8.7343277720066,-8.830931877764705,-8.615029244066333
401.4,-9.470237441274005,-0.12861891972356415,0.11280847985984332,-8.72744378968816,-8.840252269548003,-8.598824869964595
401.5,-9.584007469130894,-0.13777848556845915,0.029140237869140363,-8.820271597523757,-8.849411835392898,-8.682493111955297
401.6,-9.717617385822635,-0.1467671771710996,-0.07433321303254077,-8.932733740028079,-8.858400526995538,-8.785966562856979
401.7,-9.792359393317886,-0.15557515960868773,-0.12384524823701398,-8.99105375767014,-8.867208509433127,-8.835478598061453
401.8,-9.640786993654416,-0.1641928223576788,0.04355393628973039,-8.832272235892388,-8.875826172182117,-8.668079413534707
401.9,-9.589817443201245,-0.17261079003233604,0.09876396348564503,-8.785480176371129,-8.884244139856774,-8.612869386338794
402.0,-9.730797554098913,-0.18081993283164077,-0.04861011555592475,-8.941063398212004,-8.89245328265608,-8.760243465380363
402.1,-9.688512279446803,-0.18881137668291992,-0.019388914116652015,-8.919833640624011,-8.90044472650736,-8.73102226394109
402.2,-9.703497745849218,-0.19657651307092738,-0.047888778505098865,-8.956098641400464,-8.908209862895365,-8.759522128329538
402.3,-9.586020762150483,-0.20410700854150518,0.0628011292245339,-8.85293922914141,-8.915740358365944,-8.648832220599905
402.4,-9.714413235054074,-0.21139481386934844,-0.05929684059936217,-8.98232500429315,-8.923028163693788,-8.770930190423801
402.5,-9.597945503183611,-0.21843217287981062,0.08016876178476764,-8.849896760919481,-8.930065522704249,-8.631464588039671
402.6,-9.679941228851105,-0.2252116309151063,0.037384433712043585,-8.899460547027502,-8.936844980739545,-8.674248916112395
402.7,-9.826957434926546,-0.2317260429357022,-0.05900546553324732,-9.002364858293388,-8.94335939276014,-8.770638815357685
402.8,-9.756803265854375,-0.23796858124812903,0.06535289185888876,-8.884249039213678,-8.949601931072568,-8.64628045796555
402.9,-9.875396411066339,-0.24393274285089764,-0.0038825903686370827,-8.959448683043973,-8.955566092675337,-8.715515940193075
403.0,-10.044071228300973,-0.2496123563906648,-0.13424251710647866,-9.095488223321583,-8.961245706215104,-8.845875866930918
403.1,-9.940074087626613,-0.2550015887212612,-0.004859264364437933,-8.971494202910138,-8.9666349385457,-8.716492614188876
403.2,-9.948044044881073,-0.2600949510586713,0.0024413226501819145,-8.969286978232928,-8.97172830088311,-8.709192027174257
403.3,-9.908428188614652,-0.2648873047255377,0.05313980292348641,-8.92338085162649,-8.976520654549976,-8.658493546900953
403.4,-9.934722926411492,-0.26937386647925304,0.039931237276740326,-8.941075979026952,-8.981007216303691,-8.671702112547699
403.5,-9.906552955410234,-0.2735502134181983,0.08691739605156439,-8.898266167191073,-8.985183563242638,-8.624715953772874
403.6,-10.115887976846297,-0.2774122874611862,-0.09793687904306683,-9.086982516328693,-8.989045637285624,-8.809570228867505
403.7,-10.027748836046095,-0.28095639939567685,0.017032089089908605,-8.975557660130207,-8.992589749220116,-8.69460126073453
403.8,-10.098083020431055,-0.28417923249084065,-0.02879225854184867,-9.024604840857128,-8.99581258231528,-8.740425608366287
403.9,-10.140347398622682,-0.28707784567205763,-0.05271584026119813,-9.051427035757694,-8.998711195496496,-8.764349190085637
404.0,-10.038630952309491,-0.28964967625395943,0.05959843300292546,-8.941684593075472,-9.001283026078399,-8.652034916821513
404.1,-10.126217593176836,-0.2918925422296388,-0.024179261678633483,-9.027705153732711,-9.003525892054078,-8.735812611503071
404.2,-10.161469158837633,-0.29380464411417095,-0.059789565162038476,-9.065227559100649,-9.00543799393861,-8.771422914986477
404.3,-10.006798343149729,-0.29538456634111476,0.09316014475379608,-8.913857771411758,-9.007017916165553,-8.618473205070643
404.4,-9.99675854736037,-0.2966312782111819,0.10170737538450969,-8.90655725265111,-9.00826462803562,-8.609925974439928
404.5,-10.186252269734108,-0.29754413439278526,-0.08927397454960935,-9.098451458766833,-9.009177484217224,-8.800907324374048
404.6,-10.134790323679534,-0.29812287497469814,-0.040791826736428394,-9.050548051535566,-9.009756224799137,-8.752425176560868
404.7,-10.106669538051191,-0.29836762507157755,-0.018605726493072315,-9.028606701389089,-9.010000974896016,-8.730239076317512
404.8,-10.095987364304621,-0.29827889398361984,-0.017065249009833347,-9.026977492817892,-9.009912243808058,-8.728698598834272
404.9,-10.030047188421797,-0.29785757391213574,0.037798509148455034,-8.97169241458812,-9.009490923736575,-8.673834840675983
405.0,-10.017361844865162,-0.29710493823334033,0.039673303591304845,-8.969064984466474,-9.00873828805778,-8.671960046233133
405.1,-10.040037286869028,-0.29602263933316575,0.00861865181241759,-8.999037337345186,-9.007655989157605,-8.703014698012021
405.2,-10.075308204345408,-0.29461270600640577,-0.03116772528383875,-9.037413781114683,-9.006246055830845,-8.742801075108277
405.3,-10.070857652132611,-0.29287754042400216,-0.026834491808112225,-9.031345382056553,-9.00451089024844,-8.73846784163255
405.4,-10.04947194201022,-0.2908199146727755,-0.0013457999676727752,-9.003799064464888,-9.002453264497214,-8.712979149792112
405.5,-10.028086231887817,-0.28844296687239196,0.027672346668018717,-8.972403970028813,-9.00007631669683,-8.68396100315642
405.6,-10.04656222247481,-0.2857501968748375,0.019228845764638233,-8.978154700934638,-8.997383546699275,-8.6924045040598
405.7,-10.078267878522471,-0.28274546155214686,-0.00153051019378991,-8.995909321570375,-8.994378811376585,-8.713163860018229
405.8,-10.114690517340579,-0.279432969678598,-0.027676233294062394,-9.018742552797098,-8.991066319503037,-8.739309583118501
405.9,-10.111502309704804,-0.2758172764140443,-0.016158627834092443,-9.003609254072575,-8.987450626238482,-8.727791977658532
406.0,-10.100250542531233,-0.2719032773955039,0.000808412321348026,-8.982728214898595,-8.983536627219943,-8.71082493750309
406.1,-10.086056167828014,-0.26769620244456704,0.018055750474434064,-8.961273801794572,-8.979329552269006,-8.693577599350006
406.2,-10.070584000451671,-0.26320160889861177,0.0342366091373226,-8.940598349585727,-8.97483495872305,-8.677396740687117
406.3,-10.099197058026643,-0.25842537457424014,0.004414227835880086,-8.965644496562799,-8.97005872439868,-8.707219121988558
406.4,-10.167750710417693,-0.25337369037175583,-0.06678280151993665,-9.031789841716131,-8.965007040196195,-8.778416151344375
406.5,-10.087333133114392,-0.248053052529903,0.010202117782603793,-8.949484284571739,-8.959686402354341,-8.701431232041834
406.6,-10.080341223366199,-0.24247025454047344,0.01376363102213195,-8.94033997334278,-8.954103604364912,-8.697869718802307
406.7,-10.114137343962192,-0.23663237873276444,-0.022844164834974777,-8.971109893392178,-8.948265728557203,-8.734477514659414
406.8,-10.050599022050704,-0.230546787538232,0.03843421740994374,-8.903745919952726,-8.942180137362671,-8.673199132414496
406.9,-10.017722485151172,-0.22422111444603476,0.06853979538912035,-8.867314668881352,-8.935854464270474,-8.643093554435318
407.0,-10.160471690757968,-0.21766325466050093,-0.07928368927149368,-9.008580293756433,-8.92929660448494,-8.790917039095932
407.1,-10.027775236674454,-0.2108813554718729,0.04444132880519615,-8.878073376491116,-8.922514705296312,-8.667192021019243
407.2,-10.115579687184384,-0.2038838063519957,-0.05641725196642258,-8.971934408142857,-8.915517156176435,-8.768050601790861
407.3,-10.109019009740868,-0.19667922878690913,-0.06499669389978231,-8.97330927251113,-8.908312578611348,-8.776630043724222
407.4,-10.023724770661074,-0.189276465858585,0.0069214603595243555,-8.893988355323499,-8.900909815683024,-8.704711889464914
407.5,-9.96443449878612,-0.18168457158831786,0.058699972187970774,-8.834617949224786,-8.893317921412757,-8.652933377636469
407.6,-9.987722489084987,-0.1739128000545272,0.035816269536749046,-8.849729880342217,-8.885546149878966,-8.67581708028769
407.7,-9.965907342660428,-0.16597059429796673,0.06411611629543185,-8.813487827826973,-8.877603944122406,-8.647517233529006
407.8,-10.08190213621543,-0.15786757502755505,-0.045296614979922864,-8.914797539831916,-8.869500924851994,-8.756929964804362
407.9,-10.018418309290164,-0.1496135291402476,0.016462366286940554,-8.844784512677746,-8.861246878964685,-8.695170983537498
408.0,-10.050766103084603,-0.14121839806855854,-0.03359563217196062,-8.886447380064958,-8.852851747892997,-8.7452289819964
408.1,-10.064607801175729,-0.1326922659695126,-0.08479096649768683,-8.929116582291638,-8.84432561579395,-8.796424316322126
408.2,-9.91631751363378,-0.12404534776896423,0.008882898860487522,-8.826795798732915,-8.835678697593403,-8.70275045096395
408.3,-9.946089391720955,-0.11528797707536041,-0.08459406914063589,-8.911515396040436,-8.826921326899798,-8.796227418965074
408.4,-9.685929521211163,-0.10643059397714758,0.11413929153554367,-8.703924652266043,-8.818063943801587,-8.597494058288895
408.5,-9.662103615455223,-0.09748373273812823,0.08938942573502873,-8.719727656827539,-8.809117082562567,-8.62224392408941
408.6,-9.704019622143942,-0.08845800940516432,0.017835740289777434,-8.782255618939825,-8.800091359229603,-8.693797609534661
408.7,-9.774546551444844,-0.07936410934269578,-0.06360773480670624,-8.85460519397384,-8.790997459167134,-8.775241084631144
408.8,-9.712785888587483,-0.07021277470860007,9.145260199704467e-05,-8.781754671931042,-8.781846124533038,-8.711541897222443
408.9,-9.737556366943972,-0.06101479188595662,-0.018842101758144658,-8.79149024346854,-8.772648141710395,-8.730475451582583
409.0,-9.698965674496383,-0.05178097888530294,0.02069431776004249,-8.742720010949698,-8.763414328709741,-8.690939032064396
409.1,-9.758828561488828,-0.04252217273197473,-0.048918176639373784,-8.803073699195787,-8.754155522556413,-8.760551526463813
409.2,-9.697428285034034,-0.03324921685311034,-0.009155428292071048,-8.75403799496962,-8.74488256667755,-8.72078877811651
409.3,-9.658485021652085,-0.023972948478872297,-0.00024689518504471264,-8.735853193488357,-8.735606298303312,-8.711880245009484
409.4,-9.652668381874953,-0.014704186072393523,-0.026145351385151352,-8.752482887281984,-8.726337535896832,-8.73777870120959
409.5,-9.540256441507362,-0.005453716802894332,0.060291163173522413,-8.65679590345381,-8.717087066627332,-8.651342186650917
409.6,-9.549737827560183,0.003767715923661402,0.035966738420504754,-8.671898895480272,-8.707865633900777,-8.675666611403933
409.7,-9.580930467934163,0.012949424862097228,0.0025027396497425206,-8.696181185312598,-8.698683924962342,-8.709130610174697
409.8,-9.561844790244166,0.022080791239578866,0.029021274567211375,-8.66053128401765,-8.68955255858486,-8.682612075257227
409.9,-9.610268615588566,0.031151276967156256,-0.008065016556010664,-8.688547089413293,-8.680482072857282,-8.719698366380449
410.0,-9.706093245773525,0.04015043673739835,-0.09485950910655436,-8.766342422193595,-8.67148291308704,-8.806492858930993
410.1,-9.650339273433321,0.0490679299943851,-0.03645687514740656,-8.69902229497746,-8.662565419830054,-8.748090224971845
410.2,-9.573577049126612,0.057893532762493885,0.03607036382448161,-8.617669453237463,-8.653739817061945,-8.675562985999957
410.3,-9.594802649454897,0.06661714932060699,0.006531915293516692,-8.638484285210316,-8.645016200503832,-8.705101434530922
410.4,-9.54540677991607,0.0752288237085698,0.04799651547943134,-8.588408010636437,-8.63640452611587,-8.663636834345008
410.5,-9.57325383055724,0.08371875105294854,0.016628163407229904,-8.61128643536426,-8.62791459877149,-8.695005186417209
410.6,-9.565016228287407,0.09207728869936838,0.027838523603140562,-8.59171753752193,-8.61955606112507,-8.683794826221298
410.7,-9.693076422871838,0.10029496713895988,-0.09104869213323605,-8.702387074818715,-8.61133838268548,-8.802682041957675
410.8,-9.637831488392768,0.10836250071670271,-0.022607665128257976,-8.625878514235994,-8.603270849107735,-8.734241014952696
410.9,-9.577915828014945,0.11627079810972869,0.051345058530279715,-8.54401749318443,-8.59536255171471,-8.660288291294158
411.0,-9.568719517984677,0.12401097256393434,0.072065683413261,-8.515556693847243,-8.587622377260505,-8.639567666411178
411.1,-9.664296098762637,0.13157435187755195,-0.017263355380882573,-8.597322353327769,-8.580058997946887,-8.72889670520532
411.2,-9.764038297363914,0.13895248812064107,-0.11741289630265209,-8.69009375800645,-8.572680861703798,-8.82904624612709
411.3,-9.625783118623831,0.14613716707978586,0.014397522313069795,-8.551098660431583,-8.565496182744653,-8.697235827511369
411.4,-9.618436265129702,0.15312041741761967,0.01177138477543091,-8.546741547631388,-8.558512932406819,-8.699861965049008
411.5,-9.59213677147725,0.15989451953714473,0.027881738059105224,-8.523857092228189,-8.551738830287293,-8.683751611765333
411.6,-9.59583770442302,0.16645201414117233,0.016216628467019448,-8.528964707216247,-8.545181335683266,-8.69541672135742
411.7,-9.549890335321788,0.17278571047757657,0.056607587692692536,-8.48224005165417,-8.538847639346862,-8.655025762131746
411.8,-9.60020393482161,0.17888869426143236,0.0007479420914508796,-8.531996713471555,-8.532744655563006,-8.710885407732988
411.9,-9.660109850563217,0.18475433526549515,-0.0687063008080753,-8.59558531536702,-8.526879014558943,-8.780339650632515
412.0,-9.620646967941244,0.19037629457087585,-0.0466466405165415,-8.567903695770104,-8.521257055253562,-8.75827999034098
412.1,-9.498316585962499,0.19574853147016777,0.048400667084523355,-8.467484151269748,-8.515884818354271,-8.663232682739915
412.2,-9.573719026190089,0.20086531001569663,-0.0636058368580662,-8.574373876666808,-8.510768039808742,-8.775239186682505
412.3,-9.399242682988797,0.2057212052059811,0.06771573592967417,-8.438196408688784,-8.505912144618458,-8.643917613894764
412.4,-9.342149883503355,0.2103111088039216,0.07899684428691472,-8.422325396733603,-8.501322241020517,-8.632636505537524
412.5,-9.461489173057002,0.21463023478066454,-0.08491034335418698,-8.581913458397961,-8.497003115043775,-8.796543693178625
412.6,-9.37199923725187,0.21867412437953107,-0.035505464010014066,-8.528464689454921,-8.492959225444908,-8.747138813834452
412.7,-9.27891816083385,0.22243865079484168,0.02432505251267779,-8.464869646516918,-8.489194699029596,-8.68730829731176
412.8,-9.24073006105072,0.22592002346091852,0.03747965053334371,-8.448233675830176,-8.48571332636352,-8.674153699291095
412.9,-9.25615520305596,0.2291147919470007,0.005549949887410928,-8.476968607990027,-8.482518557877437,-8.706083399937027
413.0,-9.285031224481704,0.23201984945426515,-0.03208170856318773,-8.51169520893336,-8.479613500370174,-8.743715058387627
413.1,-9.246507017823765,0.23463243591160624,0.0037184977125730772,-8.47328241620026,-8.477000913912832,-8.707914852111866
413.2,-9.293390804877411,0.2369501406672922,-0.042308688318219545,-8.516991897475366,-8.474683209157147,-8.753942038142657
413.3,-9.248263319238877,0.23897090477408084,0.004100609122247764,-8.46856183592811,-8.472662445050357,-8.707532740702192
413.4,-9.173998439912923,0.2406930228658455,0.07604306201614865,-8.394897264942445,-8.470940326958592,-8.63559028780829
413.5,-9.25411864505474,0.24211514462423042,-0.014963476400430751,-8.48448168160064,-8.469518205200208,-8.726596826224869
413.6,-9.17589957677053,0.24323627583432458,0.038446007451104464,-8.42995106653901,-8.468397073990115,-8.673187342373334
413.7,-9.199636423370924,0.24405577902881245,-0.028426986037352525,-8.496004556832979,-8.467577570795626,-8.740060335861791
413.8,-9.149532528771536,0.24457337372052876,-0.041352314534081815,-8.508412290637992,-8.46705997610391,-8.75298566435852
413.9,-9.066598671275834,0.2447891362238129,-0.03845902408671998,-8.505303237687345,-8.466844213600625,-8.750092373911158
414.0,-8.96495278960695,0.2447034990655249,-0.026097802858712486,-8.493027653617625,-8.466929850758914,-8.737731152683152
414.1,-8.797276072744259,0.24431724998704982,0.054457485905185135,-8.412858613932205,-8.467316099837388,-8.657175863919253
414.2,-8.752211069165195,0.24363153053907882,0.02690489564686591,-8.441096923638494,-8.46800181928536,-8.684728454177574
414.3,-8.754016724189748,0.24264783427141493,-0.023034550951036473,-8.492020066504061,-8.468985515553024,-8.734667900775476
414.4,-8.697349255223195,0.24136800452050639,0.014805910774619443,-8.455459434529313,-8.470265345303932,-8.69682743904982
414.5,-8.697292247258085,0.23979423179786227,0.02355628428579197,-8.448282833740784,-8.471839118026576,-8.688077065538646
414.6,-8.689312907190928,0.23792905078295118,0.059690734886929775,-8.414013564154558,-8.473704299041488,-8.651942614937509
414.7,-8.761419749434445,0.23577533692462682,0.023049619426778033,-8.452808393473035,-8.475858012899812,-8.68858373039766
414.8,-8.916548047254084,0.23333630265555919,-0.1019654595355971,-8.580262506704477,-8.47829704716888,-8.813598809360036
414.9,-8.914899647032636,0.23061549322458075,-0.08483668532726224,-8.56585454192712,-8.481017856599857,-8.796470035151701
415.0,-8.84184100128211,0.22761678215228126,-0.014140003228281448,-8.49815657090044,-8.484016567672157,-8.72577335305272
415.1,-8.769640480089686,0.22434436631560006,0.04098181089058709,-8.446307172618251,-8.487288983508838,-8.670651538933852
415.2,-8.77332263224838,0.2208027606675751,0.01267873064368504,-8.47815185851318,-8.490830589156865,-8.698954619180753
415.3,-8.69002818901192,0.21699679259880847,0.0713093174168665,-8.423327239808764,-8.49463655722563,-8.640324032407571
415.4,-8.704187484286058,0.2129315959476016,0.03685038252312085,-8.461851371353717,-8.498701753876837,-8.674782967301319
415.5,-8.685117565917402,0.20861260466609746,0.03969320571261932,-8.463327539445721,-8.503020745158341,-8.671940144111819
415.6,-8.796275756038277,0.2040455461501413,-0.08780541049834364,-8.595393214172642,-8.507587803674298,-8.799438760322783
415.7,-8.677731544005201,0.19923643424093898,0.008887399043245307,-8.503509516540255,-8.5123969155835,-8.702745950781193
415.8,-8.775889334133106,0.1941915619069451,-0.12007961533959602,-8.63752140325709,-8.517441787917493,-8.831712965164035
415.9,-8.581603879682842,0.1889174936147608,0.035015432741119526,-8.487700423468558,-8.522715856209677,-8.67661791708332
416.0,-8.56497597692612,0.18342105739815387,0.008691401415935348,-8.51952089101035,-8.528212292426284,-8.702941948408503
416.1,-8.52526013562229,0.1777093366346389,0.008413421568529677,-8.52551059162127,-8.5339240131898,-8.703219928255908
416.2,-8.392036511214156,0.1717896615393663,0.11055380371754667,-8.429289884567526,-8.539843688285073,-8.601079546106892
416.3,-8.500512286291883,0.16566960038637082,-0.017277383154956208,-8.563241132593024,-8.545963749438068,-8.728910732979395
416.4,-8.446932472648673,0.15935695046751758,0.02758247936860388,-8.524693919988318,-8.552276399356922,-8.684050870455835
416.5,-8.54638454541115,0.15285972879976156,-0.07390673609926907,-8.632680357123947,-8.558773621024677,-8.785540085923708
416.6,-8.558921477306964,0.1461861625915991,-0.0864692855256109,-8.651916472758451,-8.56544718723284,-8.79810263535005
416.7,-8.422944791520937,0.13934467947984203,0.04808998357735151,-8.524198686767246,-8.572288670344596,-8.663543366247087
416.8,-8.441158434009925,0.132343897548082,0.025766187858829732,-8.553523264417526,-8.579289452276356,-8.685867161965609
416.9,-8.458890434021855,0.12519261513843902,0.0015263536107781202,-8.584914381075222,-8.586440734686,-8.71010699621366
417.0,-8.455907640405426,0.11789980046839726,-0.0037928564803821393,-8.597526405836424,-8.593733549356042,-8.715426206304821
417.1,-8.40064973915433,0.11047458106473115,0.041001118129406176,-8.560157650630302,-8.601158768759708,-8.670632231695032
417.2,-8.473893260244093,0.10292623302670627,-0.04691037272345221,-8.655617489521184,-8.608707116797733,-8.758543722547891
417.3,-8.372006330731752,0.09526417013091058,0.03249205778426298,-8.583877121909266,-8.616369179693528,-8.679141292040176
417.4,-8.373157174074496,0.08749793279022658,-0.0032593338212649446,-8.627394750855476,-8.624135417034212,-8.714892683645704
417.5,-8.270770046514942,0.07963717687959579,0.04890297865728446,-8.583093194287558,-8.631996172944843,-8.662730371167154
417.6,-8.298260995023714,0.071691662441354,-0.0453914437444887,-8.685333131127573,-8.639941687383084,-8.757024793568927
417.7,-8.199900360086833,0.06367124228302758,-0.027271783391995277,-8.675233890933406,-8.647962107541412,-8.738905133216434
417.8,-8.184728315923751,0.055585850480578916,-0.0979434082270915,-8.753990907570952,-8.65604749934386,-8.80957675805153
417.9,-7.989782362824489,0.04744549080017123,0.01704806220725706,-8.64713979681701,-8.664187859024267,-8.694585287617182
418.0,-7.885918774983076,0.03926022505159184,0.05917850700704569,-8.613194617765801,-8.672373124772847,-8.652454842817393
418.1,-7.815878801079746,0.031040161386525558,0.09506997062141836,-8.585523217816494,-8.680593188437912,-8.61656337920302
418.2,-7.9231957596485865,0.022795442554908868,-0.01569586713071485,-8.704533774400245,-8.68883790726953,-8.727329216955154
418.3,-7.907597150702,0.014536234132618883,0.022729903517525123,-8.674367212174294,-8.69709711569182,-8.688903446306913
418.4,-7.99250643199527,0.006272712733760323,-0.023766248293087534,-8.729126885383765,-8.705360637090678,-8.735399598117526
418.5,-8.093008274327145,-0.001984945779192275,-0.08395056775704224,-8.797568863360674,-8.71361829560363,-8.795583917581482
418.6,-7.993221269918547,-0.01022657807416015,0.045370457157017714,-8.676489470741581,-8.721859927898599,-8.66626289266742
418.7,-8.080891349834694,-0.01844204510393232,-0.03190448412457724,-8.761979879052948,-8.73007539492837,-8.743537833949016
418.8,-8.03374268219485,-0.0266212438231919,0.004272210693296721,-8.733982382954334,-8.73825459364763,-8.707361139131143
418.9,-8.023785406771033,-0.0347541188550094,-0.014245164969016011,-8.760632633648465,-8.746387468679448,-8.725878514793454
419.0,-8.01928053978889,-0.04283067409379387,-0.04743041408797506,-8.801894438006208,-8.754464023918233,-8.759063763912414
419.1,-7.857715790119688,-0.05084098423178586,0.0771591841659851,-8.68531514989024,-8.762474334056225,-8.634474165658453
419.2,-7.8693897171580085,-0.05877520619628321,0.03773126047288065,-8.732677295547841,-8.770408556020723,-8.673902089351557
419.3,-7.84372895800463,-0.06662359048491125,0.04959594628239192,-8.728660994026958,-8.77825694030935,-8.662037403542048
419.4,-7.966265059875726,-0.07437649238638375,-0.0726092227186075,-8.85861906492943,-8.786009842210822,-8.784242572543047
419.5,-7.912214227026207,-0.08202438307434955,-0.007579381494826277,-8.801237114393615,-8.793657732898788,-8.719212731319265
419.6,-7.926218153280047,-0.08955786056208037,-0.005045107613030193,-8.806236317999549,-8.80119121038652,-8.71667845743747
419.7,-7.933065170938787,-0.09696766050593114,0.005685884072613473,-8.802915126257757,-8.80860101033037,-8.705947465751825
419.8,-7.99617501642313,-0.10424466684569078,-0.041258078636285736,-8.857136095306416,-8.81587801667013,-8.752891428460725
419.9,-8.000806983116338,-0.11137992227014232,-0.031115627200269735,-8.854128899294851,-8.823013272094581,-8.742748977024709
420.0,-7.9230865701975945,-0.11836463849636365,0.061804445760686,-8.768193542560116,-8.829997988320802,-8.649828904063753
420.1,-7.9502821349407355,-0.12519020635152495,0.05250468403884746,-8.784318872137117,-8.836823556175963,-8.659128665785591
420.2,-8.018240048079582,-0.13184820564617583,0.006574876550770121,-8.836906678919844,-8.843481555470614,-8.705058473273668
420.3,-8.111643095312381,-0.13833041482826341,-0.06065196214231211,-8.910615726795013,-8.849963764652703,-8.772285311966751
420.4,-8.079517951072628,-0.14462882040738193,0.0006506175803923011,-8.855611552651428,-8.85626217023182,-8.710982732244046
420.5,-8.151970322105344,-0.15073562613902508,-0.0412599598143424,-8.903628935777807,-8.862368975963463,-8.75289330963878
420.6,-8.10477894090404,-0.15664326195889347,0.03622491286680818,-8.832051698916525,-8.868276611783331,-8.67540843695763
420.7,-8.115744163442148,-0.16234439265760064,0.053836457151630136,-8.82014128533041,-8.873977742482039,-8.657796892672808
420.8,-8.22563457650673,-0.16783192628642304,-0.030583059659159827,-8.910048335770021,-8.879465276110862,-8.742216409483598
420.9,-8.210440533392386,-0.17309902228504942,0.00576795396676724,-8.87896441814272,-8.884732372109488,-8.705865395857671
421.0,-8.274200483891121,-0.17813909932260583,-0.04179501981616175,-8.931567468963205,-8.889772449147044,-8.7534283696406
421.1,-8.22894338602416,-0.1829458428435607,0.015049875615581135,-8.879529317052418,-8.894579192668,-8.696583474208857
421.2,-8.218679290889655,-0.18751321231045248,0.033796539908729314,-8.865350022226162,-8.899146562134892,-8.677836809915709
421.3,-8.339668600744853,-0.19183544813572725,-0.0794542230247468,-8.982923020984913,-8.903468797960166,-8.791087572849186
421.4,-8.210412732592074,-0.19590707829532644,0.059314155274457346,-8.848226272845308,-8.907540428119765,-8.652319194549982
421.5,-8.29640116119841,-0.19972292461702545,-0.013623041665255227,-8.92497931610672,-8.911356274441465,-8.725256391489694
421.6,-8.261661790843148,-0.20327810873689078,0.0378934516549216,-8.877018006906408,-8.91491145856133,-8.673739898169517
421.7,-8.324680465588989,-0.20656805771759673,-0.006413993570871097,-8.924615401112906,-8.918201407542035,-8.718047343395309
421.8,-8.364671753031109,-0.2095885093227216,-0.02928909540928212,-8.950510954556442,-8.92122185914716,-8.740922445233721
421.9,-8.318171031763338,-0.21233551694152905,0.028301793501409992,-8.895667073264558,-8.923968866765968,-8.68333155632303
422.0,-8.389020837431957,-0.21480545415912902,-0.04167890966630633,-8.968117713649875,-8.926438803983567,-8.753312259490745
422.1,-8.34070932556671,-0.21699501896730813,-0.005592367701921556,-8.934220736493668,-8.928628368791747,-8.717225717526361
422.2,-8.238294190300063,-0.21890123761171779,0.07075191951181817,-8.859782667924339,-8.930534587436156,-8.640881430312621
422.3,-8.293679365138773,-0.22052146807151063,-0.02271779494544325,-8.954872612841392,-8.932154817895949,-8.734351144769882
422.4,-8.23300976909587,-0.22185340316792238,-0.007567837706621085,-8.941054590698982,-8.93348675299236,-8.719201187531059
422.5,-8.259819877825274,-0.22289507329870373,-0.08023530643427258,-9.014763729557416,-8.934528423123142,-8.79186865625871
422.6,-8.141386851055586,-0.2236448487957191,0.000719649961511741,-8.934558548658647,-8.935278198620157,-8.710913699862926
422.7,-8.067847047390817,-0.22410144190344103,0.05373218295723657,-8.882002608770643,-8.93573479172788,-8.657901166867202
422.8,-8.096108201001478,-0.2242639083764838,0.027982276542723436,-8.907914981658198,-8.935897258200923,-8.683651073281716
422.9,-8.155245095681321,-0.22413164869473592,-0.004079005033292851,-8.939844003552468,-8.935764998519174,-8.715712354857732
423.0,-8.148497914857055,-0.22370440889506568,0.05040632389212273,-8.884931434827381,-8.935337758719504,-8.661227025932316
423.1,-8.264331061798645,-0.22298228101899145,-0.005469842506568935,-8.940085473349999,-8.93461563084343,-8.717103192331008
423.2,-8.32757208801156,-0.221965703176124,-0.007023447888756588,-8.940622500889319,-8.933599053000563,-8.718656797713196
423.3,-8.438763776332946,-0.22065545922360194,-0.06401557516056214,-8.996304384208603,-8.93228880904804,-8.775648924985001
423.4,-8.499154446773245,-0.219052678062157,-0.08272853260164416,-9.01341456048824,-8.930686027886596,-8.794361882426083
423.5,-8.379835455905836,-0.21715883254985688,0.06621426977833256,-8.862577912595963,-8.928792182374295,-8.645419080046107
423.6,-8.536675451505765,-0.21497573803498404,-0.06796084467032742,-8.99456993252975,-8.926609087859422,-8.779594194494766
423.7,-8.415235602469595,-0.21250555050991626,0.07622179754224191,-8.847917102792113,-8.924138900334356,-8.635411552282196
423.8,-8.340432513053091,-0.20975076438827972,0.17957722442707974,-8.74180688978564,-8.921384114212719,-8.532056125397359
423.9,-8.668734857340617,-0.20671420990804654,-0.11222432820577971,-9.030571887938265,-8.918347559732485,-8.823857678030219
424.0,-8.619308288107304,-0.20339905016364668,-0.02016701471471371,-8.935199414702799,-8.915032399988085,-8.731800364539152
424.1,-8.71824119670615,-0.19980877777055683,-0.07475349282493558,-8.986195620419931,-8.911442127594995,-8.786386842649375
424.2,-8.712991300627474,-0.19594721116621833,-0.028542273897740313,-8.936122834888398,-8.907580560990658,-8.740175623722179
424.3,-8.669655818127262,-0.19181849055151898,0.04780374057575948,-8.855648099800199,-8.903451840375958,-8.66382960924868
424.4,-8.68574039363605,-0.18742707347745396,0.05287655108264897,-8.846183872219244,-8.899060423301894,-8.65875679874179
424.5,-8.683678913126974,-0.18277773008195108,0.06059717256197079,-8.83381390734442,-8.89441107990639,-8.651036177262467
424.6,-8.812274268699197,-0.17787553798221425,-0.08124536831188285,-8.970754256118536,-8.889508887806652,-8.792878718136322
424.7,-8.652663361202068,-0.1727258768282975,0.043900222430391336,-8.840459004222344,-8.884359226652736,-8.667733127394047
424.8,-8.698685334895211,-0.16733442252397612,-0.05758001914393676,-8.936547791492352,-8.878967772348414,-8.769213368968375
424.9,-8.559975995747273,-0.16170714112132628,0.008609627239834359,-8.864730863705931,-8.873340490945765,-8.703023722584604
425.0,-8.566542093273489,-0.1558502823957631,-0.07990119398858857,-8.94738482620879,-8.867483632220202,-8.791534543813027
425.1,-8.411013627529439,-0.14977037310861765,-0.006108065465780219,-8.867511788398836,-8.861403722933057,-8.717741415290218
425.2,-8.270741990167348,-0.14347420996465468,0.06095095943361089,-8.794156600355482,-8.855107559789094,-8.650682390390827
425.3,-8.243374034542764,-0.13696885227224692,0.026542457737139164,-8.822059744359546,-8.848602202096686,-8.685090892087299
425.4,-8.216006078918198,-0.13026161431422628,-0.0022963446069685714,-8.844191308745634,-8.841894964138666,-8.713929694431407
425.5,-8.091885501721269,-0.12336005743772663,0.055428120627434053,-8.779565286634732,-8.834993407262166,-8.656205229197004
425.6,-7.934474451742627,-0.11627198187162029,0.11286825701097117,-8.715037074685087,-8.827905331696059,-8.598765092813467
425.7,-7.808955339475489,-0.10900541828042508,0.07973244897970057,-8.740906319125163,-8.820638768104864,-8.631900900844737
425.8,-7.750100996753876,-0.10156861906382578,-0.09699456296822417,-8.910196531856489,-8.813201968888265,-8.808627912792662
425.9,-7.691246654032296,-0.09397004941120939,-0.35323415012586895,-9.158837549361516,-8.805603399235649,-9.064867499950308
426.0,-7.115230496471425,-0.08621837812085904,-0.1534949951515574,-8.951346723096854,-8.797851727945298,-8.865128344975997
426.1,-6.454941480849866,-0.07832246819368621,0.10694950723896701,-8.683006310779158,-8.789955818018125,-8.604683842585471
426.2,-5.958413302845394,-0.07029136721160466,0.22778797901451192,-8.554136738021532,-8.781924717036043,-8.483845370809927
426.3,-5.75953081481038,-0.06213429751086247,0.11937942690638711,-8.654388220428913,-8.773767647335301,-8.59225392291805
426.4,-5.560648326775477,-0.05386064616084926,0.10765547048363133,-8.657838525501656,-8.765493995985288,-8.603977879340807
426.5,-5.571676489497156,-0.04547995475908605,-0.011481103346013932,-8.76859440792954,-8.757113304583525,-8.723114453170453
426.6,-5.631718984613445,-0.03700190905328282,-0.09249334480751166,-8.841128603685233,-8.748635258877721,-8.80412669463195
426.7,-5.683167450953388,-0.02843632840151524,-0.1067438919378468,-8.846813570163802,-8.740069678225954,-8.818377241762285
426.8,-5.7057134746896905,-0.01979315508172643,-0.06636728774323662,-8.797793792649403,-8.731426504906166,-8.778000637567676
426.9,-5.728259498425981,-0.011082443461901955,-0.027365607566421667,-8.750081400852762,-8.72271579328634,-8.73899895739086
427.0,-5.727758553095016,-0.002314349042396715,0.016501148802451328,-8.697446550064384,-8.713947698866836,-8.695132201021988
427.1,-5.712666195208922,0.006500882617989305,0.050828901435908555,-8.65430356577054,-8.70513246720645,-8.66080444838853
427.2,-5.697573837322838,0.015352927080483185,0.06331480461112124,-8.632965618132834,-8.696280422743955,-8.648318545213318
427.3,-5.713499382032574,0.024231392297562153,0.029660632698364293,-8.657741324828512,-8.687401957526877,-8.681972717126074
427.4,-5.730650893954876,0.033125829965048745,-0.012385447937651707,-8.690892967797042,-8.67850751985939,-8.72401879776209
427.5,-5.734326832328362,0.042025746943129966,-0.040624847804909284,-8.710232450686219,-8.669607602881308,-8.752258197629349
427.6,-5.703351120876949,0.05092061673429532,-0.02719876971603635,-8.68791150280618,-8.660712733090143,-8.738832119540476
427.7,-5.672375409425554,0.05979989100614382,-0.0006968454277026179,-8.652530304245998,-8.651833458818295,-8.712330195252141
427.8,-5.681812029268615,0.06865301114697787,0.003866484956494114,-8.639113853720966,-8.64298033867746,-8.707766864867944
427.9,-5.721960137818526,0.07746941984208185,0.0003143073239869808,-8.63384962265837,-8.634163929982357,-8.711319042500453
428.0,-5.762108246368459,0.08623857265857518,0.02120735384636574,-8.604187423319498,-8.625394777165864,-8.690425995978073
428.1,-5.857039371223968,0.09494994962673485,0.01043277185434569,-8.606250628343359,-8.616683400197704,-8.701200577970093
428.2,-5.96332324512534,0.10359306680569819,0.006594810567378134,-8.601445472451362,-8.60804028301874,-8.70503853925706
428.3,-6.07086302700075,0.11215748782148637,0.012050693693904626,-8.587425168309048,-8.599475862002953,-8.699582656130534
428.4,-6.197349770594182,0.12063283536532922,-5.433853806189985e-05,-8.591054852997171,-8.59100051445911,-8.7116876883625
428.5,-6.323836514187686,0.12900880264032533,-0.01928588016164228,-8.601910427345755,-8.582624547184114,-8.730919229986082
428.6,-6.432105326496041,0.13727516474453544,-0.03321247011758585,-8.60757065519749,-8.574358185079904,-8.744845819942025
428.7,-6.491456053515597,0.145421789978684,-0.012811751675802403,-8.579023311521556,-8.566211559845755,-8.72444510150024
428.8,-6.550806780535186,0.15343865106673146,-0.00442907023231595,-8.562623768990024,-8.558194698757708,-8.716062420056755
428.9,-6.605111059922244,0.16131583627767887,0.0025560742832324013,-8.547761439263528,-8.55031751354676,-8.709077275541206
429.0,-6.65343314835078,0.16904356043707783,0.015374557294209053,-8.527215232093152,-8.54258978938736,-8.69625879253023
429.1,-6.701755236779316,0.17661217581684,0.03251993255533403,-8.502501241452265,-8.535021174007598,-8.679113417269104
429.2,-6.775159346728147,0.18401218289207377,0.029691679175256017,-8.497929487757109,-8.527621166932365,-8.681941670649183
429.3,-6.863778092306109,0.1912342409538191,0.013398347013251974,-8.507000761857368,-8.52039910887062,-8.698235002811186
429.4,-6.952396837884021,0.19826917856670623,-0.007359891772166685,-8.520724063029899,-8.513364171257733,-8.718993241596605
429.5,-7.018946192824393,0.20510800386072897,-0.016902567851866154,-8.523427913815576,-8.50652534596371,-8.728535917676306
429.6,-7.0788103263792665,0.21174191464649805,-0.03402041012387742,-8.533911845301818,-8.49989143517794,-8.745653759948317
429.7,-7.138674459934107,0.218162308343526,-0.06341127243911092,-8.556882313920024,-8.493471041480912,-8.77504462226355
429.8,-7.1289077132479495,0.22436079171128956,-0.02748193468478337,-8.514754492797932,-8.48727255811315,-8.739115284509221
429.9,-7.110914136268273,0.23032919037302074,0.024565642025610797,-8.456738517425807,-8.481304159451417,-8.687067707798828
430.0,-7.093689928965281,0.23605955812239215,0.0965621760304855,-8.379011615671562,-8.475573791702047,-8.615071173793954
430.1,-7.249961061570375,0.24154418600348485,0.02503457807516375,-8.44505458574579,-8.470089163820953,-8.686598771749274
430.2,-7.406232194175381,0.24677561115466012,-0.014043786277052484,-8.478901524946831,-8.464857738669778,-8.725677136101492
430.3,-7.561104229822827,0.2517466254071977,-0.02469918241397582,-8.484585906831217,-8.459886724417242,-8.736332532238414
430.4,-7.703272681803745,0.25645028362981154,-0.007885403923684451,-8.463068470118312,-8.455183066194627,-8.719518753748122
430.5,-7.845441133784744,0.26087991181041287,0.007249806023905604,-8.44350363199012,-8.450753438014026,-8.704383543800533
430.6,-7.980618468239446,0.2650291148667557,0.010450541164741249,-8.436153693792942,-8.446604234957682,-8.701182808659697
430.7,-8.08397659484369,0.26889178417787196,0.011917556466758591,-8.430824009179808,-8.442741565646568,-8.69971579335768
430.8,-8.187334721447993,0.2724621048284859,-0.02925297924197062,-8.468424224237923,-8.439171244995952,-8.74088632906641
430.9,-8.244134938886557,0.2757345625588823,-0.06814868517384434,-8.504047472439401,-8.435898787265556,-8.779782034998282
431.0,-8.160198209732004,0.2787039504129999,-0.004454793023250296,-8.437384192434688,-8.432929399411439,-8.716088142847688
431.1,-8.07626148057745,0.2813653750778191,0.03351926969765216,-8.396748705048967,-8.43026797474662,-8.678114080126786
431.2,-8.011576663026343,0.28371426290742285,0.04222229179204195,-8.385696795124973,-8.427919086917015,-8.669411058032397
431.3,-7.990577688305292,0.28574636562541955,0.012563224592887993,-8.413323759606131,-8.42588698419902,-8.69907012523155
431.4,-7.969578713584253,0.28745776569973713,9.521791795634449e-05,-8.424080366206745,-8.424175584124702,-8.711538131906483
431.5,-7.964234144734085,0.2888448813841191,-0.004256125108820109,-8.42704459354914,-8.42278846844032,-8.71588947493326
431.6,-7.98753637007802,0.2899044714209841,-0.012498799662962657,-8.434227678066417,-8.421728878403455,-8.724132149487401
431.7,-8.010838595421943,0.29063363940064046,0.00031507896295784345,-8.42068463146084,-8.420999710423798,-8.711318270861481
431.8,-8.051826087716066,0.2910298377721888,0.009771913314996685,-8.410831598737254,-8.42060351205225,-8.701861436509443
431.9,-8.120212456628268,0.2910908715017829,-0.001660397628342632,-8.422202875951,-8.420542478322655,-8.71329374745278
432.0,-8.18859882554051,0.29081490137426735,-0.013635785242698928,-8.43445423369287,-8.420818448450172,-8.725269135067137
432.1,-8.241536465530228,0.2902004469345574,-0.015538375920472518,-8.436971278810354,-8.421432902889881,-8.727171725744912
432.2,-8.27347379570845,0.2892463890654784,-0.00365955276184542,-8.426046513520806,-8.42238696075896,-8.715292902586285
432.3,-8.305411125886689,0.28795197219913604,0.0020607536741778718,-8.421620623951124,-8.423681377625302,-8.709572596150261
432.4,-8.3380783088013,0.28631680615924543,0.003956879685720133,-8.421359663979473,-8.425316543665193,-8.707676470138718
432.5,-8.371640172498559,0.2843408676322046,0.005502653818717138,-8.421789828373518,-8.427292482192234,-8.706130696005722
432.6,-8.405202036195815,0.2820245012650603,0.010282843766131224,-8.419326004793247,-8.42960884855938,-8.701350506058308
432.7,-8.445827892883633,0.27936842038887216,0.01181134545338183,-8.420453583982185,-8.432264929435567,-8.699822004371057
432.8,-8.49442923104575,0.2763737073663477,0.007185689800943078,-8.428073952657147,-8.43525964245809,-8.704447660023495
432.9,-8.543030569207836,0.27304181356297996,0.00022257888215775935,-8.438368957379302,-8.438591536261459,-8.711410770942281
433.0,-8.581188845340236,0.2693745589412873,-0.0038018678050563523,-8.446060658688207,-8.442258790883152,-8.715435217629494
433.1,-8.60831300092844,0.2653741312781143,-0.008896122743595004,-8.45515534128992,-8.446259218546324,-8.720529472568034
433.2,-8.635437156516629,0.26104308500531986,-0.028639842270019214,-8.479230107089139,-8.45059026481912,-8.740273192094458
433.3,-8.623566740287597,0.2563843396745389,-0.023652450001010253,-8.47890146015091,-8.455249010149899,-8.73528579982545
433.4,-8.57269734887317,0.25140117804706713,0.009313816925231163,-8.45091835485214,-8.460232171777372,-8.702319532899207
433.5,-8.521827957458713,0.24609724381027878,0.03635424708035115,-8.42918185893381,-8.46553610601416,-8.675279102744087
433.6,-8.503166098048904,0.24047653892234586,0.030702468658441007,-8.440454342243651,-8.471156810902093,-8.680930881165997
433.7,-8.515210966840788,0.23454342058738542,-0.0017014536283325426,-8.478791382865387,-8.477089929237053,-8.71333480345277
433.8,-8.52725583563268,0.2283025978635157,-0.027416360514213072,-8.510747112475135,-8.483330751960922,-8.739049710338652
433.9,-8.521272993519618,0.22175912790665547,-0.02739745048362742,-8.51727167240141,-8.489874221917784,-8.739030800308067
434.0,-8.498854824873723,0.21491841185324984,-0.003605234516114957,-8.500320172487303,-8.49671493797119,-8.715238584340554
434.1,-8.476436656227825,0.2077861903454531,0.026057396984318908,-8.477789762494666,-8.503847159478985,-8.68557595284012
434.2,-8.48585725046318,0.20036853870264265,0.027313147367583245,-8.483951663754214,-8.511264811121796,-8.684320202456856
434.3,-8.523011423842535,0.1926718617434769,0.00102491126754921,-8.517936576813412,-8.518961488080961,-8.71060843855689
434.4,-8.560165597221868,0.18470288826304684,-0.02867630304294859,-8.55560676460434,-8.526930461561392,-8.740309652867387
434.5,-8.555384505115523,0.17646866517000198,-0.023101795354130185,-8.558266480008568,-8.535164684654436,-8.734735145178568
434.6,-8.515861133499797,0.1679765512888579,0.008389470599665804,-8.535267327935914,-8.543656798535581,-8.703243879224773
434.7,-8.476337761884094,0.1592342108330152,0.03042334195988617,-8.521975797031537,-8.552399138991424,-8.681210007864552
434.8,-8.460881912364957,0.1502496065543364,0.019958215194910048,-8.541425528075193,-8.561383743270103,-8.691675134629529
434.9,-8.464234514463712,0.14103099257543916,-0.015143740941207474,-8.585746098190207,-8.570602357249,-8.726777090765646
435.0,-8.46758711656247,0.13158690691117003,-0.05212962652242934,-8.632176069435697,-8.580046442913268,-8.763762976346868
435.1,-8.424526465233754,0.12192616368602258,-0.03988594969907647,-8.629593135837492,-8.589707186138416,-8.751519299523515
435.2,-8.34765858280482,0.11205784505455878,0.013244302835985253,-8.586331201933895,-8.59957550476988,-8.698389046988453
435.3,-8.270790700375843,0.10199129283217924,0.07558198824137714,-8.534060068750883,-8.609642056992259,-8.636051361583062
435.4,-8.272442618169796,0.09173609984386896,0.06710654206625655,-8.552790707914314,-8.61989724998057,-8.644526807758183
435.5,-8.32656475081868,0.08130210099881958,0.008472226762020769,-8.621859022063598,-8.63033124882562,-8.703161123062419
435.6,-8.380686883467563,0.07069936409909622,-0.05555830547468932,-8.696492291200032,-8.640933985725342,-8.767191655299127
435.7,-8.35892895994999,0.05993818039077626,-0.056065707099163586,-8.707760876532825,-8.651695169433662,-8.767699056923602
435.8,-8.291580818187368,0.04902905486623982,-0.026305043022865595,-8.688909337981064,-8.662604294958198,-8.737938392847305
435.9,-8.224232676424784,0.03798269632653636,-0.008888209701495418,-8.682538863199397,-8.673650653497903,-8.720521559525935
436.0,-8.16033440072333,0.026810007212987604,0.0014183971739258824,-8.683404945437525,-8.684823342611452,-8.710214952650514
436.1,-8.098252939630862,0.015522073217416117,0.018304379728449574,-8.677806896878574,-8.696111276607022,-8.693328970095989
436.2,-8.036171478538428,0.004130152680607839,0.05551031779723736,-8.651992879346594,-8.707503197143831,-8.656123032027201
436.3,-8.06654749059089,-0.007354334211170863,0.028987080418568588,-8.69000060361704,-8.718987684035609,-8.68264626940587
436.4,-8.13823198977409,-0.018919816421578764,-0.007330510999948345,-8.737883677245966,-8.730553166246018,-8.718963860824386
436.5,-8.20991648895733,-0.030554583241311294,-0.015232670444709972,-8.75742060351046,-8.74218793306575,-8.72686602026915
436.6,-8.298887802978284,-0.04224679563651626,-0.01959837850672988,-8.773478523967684,-8.753880145460956,-8.731231728331169
436.7,-8.39413073153552,-0.0539844977579366,-0.019222200404043554,-8.78484004798642,-8.765617847582375,-8.730855550228481
436.8,-8.489373660092813,-0.0657556286000369,-0.017621464551900362,-8.795010442976375,-8.777388978424476,-8.72925481437634
436.9,-8.557388480280009,-0.07754803379921331,0.004187940682535427,-8.784993442941117,-8.789181383623651,-8.707445409141902
437.0,-8.617876606625684,-0.08934947756004002,0.020393021706964512,-8.780589805677515,-8.800982827384479,-8.691240328117475
437.1,-8.67836473297136,-0.10114765469836787,0.019361892567176544,-8.79341911195563,-8.812781004522806,-8.692271457257263
437.2,-8.721232169827289,-0.11293020278996337,0.016249897832772475,-8.80831365478163,-8.824563552614402,-8.695383451991667
437.3,-8.760760953739387,-0.12468471441325933,-0.004234990037925133,-8.840553054275624,-8.836318064237698,-8.715868339862364
437.4,-8.800289737651463,-0.1363987494746811,-0.044871020023032615,-8.892903119322153,-8.84803209929912,-8.756504369847471
437.5,-8.752281248894066,-0.14805984760491517,-0.015814711964319224,-8.875507909393674,-8.859693197429355,-8.727448061788758
437.6,-8.695205209810704,-0.15965554061440052,0.008364141989339912,-8.8629247484495,-8.871288890438839,-8.703269207835099
437.7,-8.638129170727373,-0.17117336499624702,0.023415803015952516,-8.859390911804732,-8.882806714820685,-8.688217546808486
437.8,-8.596673185820967,-0.1826008744647187,0.018456747267377987,-8.87577747702178,-8.894234224289157,-8.693176602557061
437.9,-8.555532459095335,-0.19392565251736488,0.012611279928235295,-8.892947722413568,-8.905559002341803,-8.699022069896204
438.0,-8.51595327681038,-0.20513532500883697,0.007305045078908765,-8.909463629754367,-8.916768674833275,-8.70432830474553
438.1,-8.499443102700566,-0.21621757272439468,-0.016967775382147283,-8.94481869793098,-8.927850922548833,-8.728601125206586
438.2,-8.482932928590763,-0.22716014394108183,-0.034942125468671474,-8.973735619234192,-8.938793493765521,-8.74657547529311
438.3,-8.461834490350554,-0.237950866964538,-0.038985756496552164,-8.988569973285529,-8.949584216788976,-8.750619106320991
438.4,-8.415931292140153,-0.24857766262941133,-0.0051072207453214825,-8.965318233199172,-8.96021101245385,-8.71674057056976
438.5,-8.370028093929724,-0.2590285567513451,0.04535755116941209,-8.925304355406372,-8.970661906575783,-8.666275798655027
438.6,-8.362164082451729,-0.2692916925185297,0.0760413527906,-8.904883689552369,-8.98092504234297,-8.635591997033838
438.7,-8.463301304861346,-0.27935534281084135,0.014812021156662209,-8.976176671478617,-8.99098869263528,-8.696821328667777
438.8,-8.564438527271022,-0.28920792243463045,-0.03317958641536535,-9.034020858674435,-9.00084127225907,-8.744812936239803
438.9,-8.647114991106497,-0.29883800026127083,-0.05460003204733589,-9.065071382133045,-9.010471350085709,-8.766233381871775
439.0,-8.698564053954941,-0.3082343112576458,-0.04125190831186973,-9.061119569393954,-9.019867661082085,-8.752885258136308
439.1,-8.750013116803386,-0.3173857683968166,-0.027257314940975753,-9.056276433162232,-9.029019118221255,-8.738890664765414
439.2,-8.778417658033005,-0.32628147443720357,0.008881530877251263,-9.02903329338439,-9.037914824261643,-8.702751818947187
439.3,-8.78330279519672,-0.3349107335587023,0.06588433200114528,-8.980659751381996,-9.046544083383141,-8.645749017823293
439.4,-8.788187932360431,-0.34326306284426256,0.11660359348741962,-8.938292819181282,-9.0548964126687,-8.59502975633702
439.5,-8.886073543820084,-0.35132820359556893,0.06221753728884262,-9.000744016131165,-9.062961553420008,-8.649415812535596
439.6,-9.038797859256995,-0.35909613247159106,-0.06525385831541108,-9.13598334061144,-9.070729482296029,-8.77688720813985
439.7,-9.19152217469382,-0.36655707243890157,-0.2139478192270633,-9.292138241490404,-9.07819042226334,-8.925581169051503
439.8,-9.079243266984392,-0.37370150352280795,-0.11560044633708799,-9.200935299684335,-9.085334853347247,-8.827233796161527
439.9,-8.889695809290094,-0.38052017334849786,0.051896531693405065,-9.04025699147953,-9.092153523172936,-8.659736818131034
440.0,-8.700148351595688,-0.38700410746156255,0.22448431141992886,-8.874153145866073,-9.098637457286001,-8.48714903840451
440.1,-8.825333126301246,-0.39314461941743795,0.09875678047045452,-9.006021188771422,-9.104777969241876,-8.612876569353984
440.2,-8.973977260533035,-0.39893332062948705,-0.028922081723954766,-9.139488752177881,-9.110566670453926,-8.740555431548394
440.3,-9.106744637834973,-0.4043621299656409,-0.12158551093719547,-9.237580990727276,-9.11599547979008,-8.833218860761635
440.4,-9.093982365482146,-0.40942328308371856,-0.05743173357126605,-9.178488366479423,-9.121056632908157,-8.769065083395704
440.5,-9.081220093129312,-0.4141093414957597,0.008158452473755712,-9.117584238846442,-9.125742691320198,-8.703474897350683
440.6,-9.087412393156121,-0.4184132013519227,0.047441025176412535,-9.082605525999949,-9.130046551176362,-8.664192324648026
440.7,-9.142942378132915,-0.4223281019347348,0.024030232534851335,-9.109931219224322,-9.133961451759173,-8.687603117289587
440.8,-9.19847236310974,-0.42584763385471625,-0.015404116505936236,-9.152885100185092,-9.137480983679154,-8.727037466330374
440.9,-9.211263015103448,-0.4289657469386521,-0.027552459546879578,-9.16815155630997,-9.14059909676309,-8.739185809371318
441.0,-9.175519915412227,-0.4316767578020374,-0.0032516688020056824,-9.146561776428483,-9.143310107626476,-8.714885018626445
441.1,-9.139776815721007,-0.43397535709748913,0.014359999813975736,-9.131248707107952,-9.145608706921928,-8.697273350010462
441.2,-9.126074755755846,-0.43585661643118834,0.009559246709753368,-9.137930719545874,-9.147489966255627,-8.702074103114686
441.3,-9.123203463859518,-0.4373159949396975,-0.00046361138571230417,-9.149412956149849,-9.148949344764135,-8.71209696121015
441.4,-9.120332171963192,-0.438349345519784,-0.0003622291700596759,-9.150344924514282,-9.149982695344223,-8.711995578994499
441.5,-9.13370429529004,-0.43895292070417813,-0.004092064932135842,-9.154678335460753,-9.150586270528617,-8.715725414756575
441.6,-9.149201409663277,-0.4391233781764929,0.0022224234804885464,-9.148534304520442,-9.150756728000932,-8.709410926343951
441.7,-9.168275257616187,-0.43885778591884467,0.01451578019429639,-9.135975355548988,-9.150491135743284,-8.697117569630143
441.8,-9.216406028137717,-0.43815362698602744,0.0029150048265713176,-9.146871971983895,-9.149786976810466,-8.708718344997868
441.9,-9.264536798659218,-0.4370088039004165,-0.008742260726752604,-9.157384414451608,-9.148642153724856,-8.72037561055119
442.0,-9.300278345825282,-0.4354216426621046,-0.012960995934221557,-9.160015988420765,-9.147054992486543,-8.72459434575866
442.1,-9.312632881684431,-0.4333908963691079,-0.002227797364441823,-9.14725204355799,-9.145024246193547,-8.713861147188881
442.2,-9.324987417543575,-0.43091574844282,-0.0012737100873717825,-9.143822808354631,-9.142549098267258,-8.71290705991181
442.3,-9.328696512463708,-0.42799581545423443,-0.0004652647455023395,-9.140094430024176,-9.139629165278674,-8.71209861456994
442.4,-9.32650309299811,-0.42463114954680936,0.0004120001133516879,-9.135852499257897,-9.136264499371247,-8.711221349711087
442.5,-9.324309673532508,-0.42082224045220035,-0.0004050273667088113,-9.132860617643347,-9.132455590276638,-8.712038377191147
442.6,-9.322116254066907,-0.41657001709544905,0.001404867288692077,-9.126798499631196,-9.128203366919887,-8.710228482535747
442.7,-9.319922834601307,-0.41187584878657646,0.009374039452858227,-9.114135159158156,-9.123509198611016,-8.70225931037158
442.8,-9.323625248778786,-0.40674154599590023,0.019645484408416708,-9.098729411411922,-9.118374895820338,-8.691987865416023
442.9,-9.36922473270576,-0.4011693607107634,-0.0034965742162371546,-9.11629928475144,-9.112802710535203,-8.715129924040676
443.0,-9.414824216632757,-0.39516198637173966,-0.01939704419497846,-9.126192380391156,-9.106795336196178,-8.731030394019417
443.1,-9.448413366849008,-0.3887225573867548,-0.0182555389176629,-9.118611446128856,-9.100355907211194,-8.729888888742101
443.2,-9.46428673700071,-0.38185464822194726,0.0030652117104574845,-9.090422786335928,-9.093487998046387,-8.70856813811398
443.3,-9.480160107152422,-0.37456227206847115,0.02435192465803451,-9.061843697234876,-9.08619562189291,-8.687281425166404
443.4,-9.523374938149185,-0.36684987908483147,0.016058574576188665,-9.062424654333082,-9.07848322890927,-8.69557477524825
443.5,-9.578583244742012,-0.35872235421472637,-0.008224458049318059,-9.078580162088484,-9.070355704039166,-8.719857807873757
443.6,-9.633791551334838,-0.35018501458076146,-0.03763374108335388,-9.099452105488554,-9.0618183644052,-8.749267090907793
443.7,-9.628072644163796,-0.34124360645478835,-0.01163666887184394,-9.06451362515107,-9.052876956279228,-8.723270018696283
443.8,-9.622122823734795,-0.33190430180601116,0.009246498080625087,-9.034291153549825,-9.04353765163045,-8.702386851743814
443.9,-9.616139199188318,-0.32217369442839383,0.02509225166973931,-9.008714792583094,-9.033807044252832,-8.686541098154699
444.0,-9.61007929184487,-0.31205879564929406,0.03582063933503534,-8.987871506138697,-9.023692145473733,-8.675812710489403
444.1,-9.612950698194808,-0.30156702962163695,0.03186075126373113,-8.981339628182344,-9.013200379446076,-8.679772598560708
444.2,-9.6620836095613,-0.29070622820233427,-0.024438808074317978,-9.02677838610109,-9.002339578026772,-8.736072157898757
444.3,-9.71121652092782,-0.279484625420043,-0.08573439388728152,-9.076852369131764,-8.991117975244482,-8.797367743711721
444.4,-9.687755787548863,-0.26791085153574423,-0.07610094271820039,-9.055645144078383,-8.979544201360182,-8.78773429254264
444.5,-9.57729909207072,-0.2559939267000116,0.024101243145793406,-8.943526033378657,-8.96762727652445,-8.687532106678646
444.6,-9.466842396592579,-0.24374325421122048,0.1332738257361188,-8.82210277829954,-8.95537660403566,-8.57835952408832
444.7,-9.532942681006903,-0.23116861337933386,0.07812584326981843,-8.864676119933954,-8.942801963203772,-8.63350750655462
444.8,-9.658545612319813,-0.21828015200027834,-0.024534428773111024,-8.954447930597828,-8.929913501824718,-8.73616777859755
444.9,-9.77797029127347,-0.20508837844630168,-0.11231797877911341,-9.029039707049854,-8.91672172827074,-8.823951328603552
445.0,-9.752849705010888,-0.19160415337807665,-0.05126101461219757,-8.954498517814713,-8.903237503202515,-8.762894364436637
445.1,-9.727729118748305,-0.17783868108468565,0.010607861275245479,-8.878864169633879,-8.889472030909124,-8.701025488549194
445.2,-9.727659531094496,-0.163803500457986,0.046565716536225696,-8.8288711337462,-8.875436850282425,-8.665067633288214
445.3,-9.777531283233456,-0.14951047560821895,0.031386793196655854,-8.829757032236001,-8.861143825432658,-8.680246556627782
445.4,-9.827403035372388,-0.13497178612808183,0.01489496477307904,-8.831710171179441,-8.84660513595252,-8.69673838505136
445.5,-9.874031476213869,-0.12019991701283456,-0.00038364807704898557,-8.832216914914323,-8.831833266837274,-8.712016997901488
445.6,-9.918731342945817,-0.10520764824435994,-0.01710630481197549,-8.833947302880775,-8.816840998068798,-8.728739654636414
445.7,-9.963431209677738,-0.09000804404743803,-0.03856116156125334,-8.84020255543313,-8.801641393871877,-8.750194511385692
445.8,-9.958161917465686,-0.07461444182683066,-0.015483334660157295,-8.801731126311427,-8.78624779165127,-8.727116684484596
445.9,-9.948556987424114,-0.05904044079410126,0.006622006854316775,-8.764051783764224,-8.77067379061854,-8.705011342970122
446.0,-9.94052739785751,-0.04329989029341867,0.022303391495170022,-8.732629848622688,-8.754933240117857,-8.68932995832927
446.1,-9.938310875540223,-0.027406877835909435,0.0272458211026772,-8.71179440655767,-8.739040227660348,-8.68438752872176
446.2,-9.936094353222938,-0.01137571685243173,0.0260332226550032,-8.696975844021868,-8.72300906667687,-8.685600127169435
446.3,-9.94042381728936,0.004779065825054121,0.00991992910621968,-8.696934354893164,-8.706854283999384,-8.70171342071822
446.4,-9.951137008489573,0.02104274274304984,-0.023013493847658092,-8.713604100929047,-8.690590607081388,-8.734646843672097
446.5,-9.961850199689792,0.037400398856264144,-0.0668198883028873,-8.741052839271061,-8.674232950968175,-8.778453238127327
446.6,-9.893282323110066,0.05383694479650678,-0.039928220625001676,-8.697724625652933,-8.657796405027932,-8.751561570449441
446.7,-9.804811295279194,0.07033713036943157,0.0030981319361367415,-8.63819808751887,-8.641296219455008,-8.708535217888302
446.8,-9.71634026744827,0.08688555826756864,0.047977544161047235,-8.576770247395823,-8.62474779155687,-8.663655805663392
446.9,-9.66137401277952,0.10346669798783541,0.06505690041863438,-8.543109751417969,-8.608166651836603,-8.646576449405805
447.0,-9.665157313311763,0.12006489994147473,0.029015749004378026,-8.562552700878586,-8.591568449882963,-8.68261760082006
447.1,-9.668940613844008,0.13666440974413788,-0.005942012112959569,-8.58091095219326,-8.5749689400803,-8.717575361937397
447.2,-9.672723914376249,0.15324938267360774,-0.047336807900470165,-8.605720775051301,-8.558383967150831,-8.758970157724908
447.3,-9.595571486250966,0.16980389828244757,-0.021765628595342992,-8.563595080137334,-8.541829451541991,-8.733398978419782
447.4,-9.512047851423794,0.1863119751526592,-0.008120166824364679,-8.533441541496144,-8.52532137467178,-8.719753516648803
447.5,-9.428524216596575,0.2027575857792457,-0.011641933266003268,-8.520517697311197,-8.508875764045193,-8.723275283090443
447.6,-9.335286433895892,0.21912467156939308,-0.01549273562658125,-8.508001413881626,-8.492508678255046,-8.72712608545102
447.7,-9.231973227053919,0.23539715794381944,-0.007500940331359079,-8.483737132211978,-8.47623619188062,-8.719134290155798
447.8,-9.128660020211887,0.2515589695266825,0.01599878631782694,-8.44407559397993,-8.460074380297756,-8.695634563506612
447.9,-9.033054256550088,0.26759404541029175,0.059555792373358646,-8.384483512040788,-8.444039304414147,-8.65207755745108
448.0,-9.070596238754657,0.28348635448073883,0.005427335983097886,-8.422719659360602,-8.4281469953437,-8.70620601384134
448.1,-9.108138220959226,0.29921991079043797,-0.011937198703673775,-8.424350637737675,-8.412413439034001,-8.723570548528112
448.2,-9.145680203163774,0.3147787889634598,0.0022271817810008213,-8.394627379079978,-8.396854560860978,-8.709406168043438
448.3,-9.217425404127926,0.3301471396194447,0.003373141076476135,-8.378113069128517,-8.381486210204994,-8.708260208747962
448.4,-9.310261778726785,0.3453092048017983,-0.008407210259922297,-8.374731355282563,-8.36632414502264,-8.72004056008436
448.5,-9.403098153325695,0.3602493333957986,-0.0250137286519729,-8.376397745080613,-8.35138401642864,-8.73664707847641
448.6,-9.477460497461399,0.37495199652218625,-0.03867362986691826,-8.37535498316917,-8.336681353302252,-8.750306979691358
448.7,-9.469020827043321,0.3894018028917622,0.007798234665249419,-8.314433312267427,-8.322231546932677,-8.703835115159189
448.8,-9.46058115662524,0.40358351410648446,0.028093761917575573,-8.27995607380038,-8.308049835717954,-8.683539587906862
448.9,-9.452141486207164,0.4174820598925343,0.02150847374892441,-8.27264281618298,-8.294151289931904,-8.690124876075513
449.0,-9.411776537202712,0.43108255325081407,0.020952962969823935,-8.2595978336038,-8.280550796573625,-8.690680386854615
449.1,-9.360556468458494,0.44437030551034734,0.007284658703691364,-8.2599783856104,-8.267263044314092,-8.704348691120748
449.2,-9.309336399714304,0.45733084127006696,-0.02758837804212855,-8.2818908865965,-8.254302508554371,-8.739221727866568
449.3,-9.227251474105142,0.46994991321451296,-0.048897481863081335,-8.290580918473006,-8.241683436609925,-8.76053083168752
449.4,-9.07650149905122,0.48221351678900426,-0.013647311882635465,-8.24306714491807,-8.229419833035434,-8.725280661707075
449.5,-8.925751523997214,0.49410790471991006,0.015474753865977138,-8.20205069123855,-8.21752544510453,-8.696158595958462
449.6,-8.775001548943209,0.5056196013657172,0.04401362105318121,-8.162000127405541,-8.206013748458721,-8.667619728771257
449.7,-8.673593648533053,0.5167354168846758,0.026333038898041655,-8.16856489404172,-8.194897932939764,-8.685300310926397
449.8,-8.579302158344818,0.5274424612049081,0.0057008450910570364,-8.178490043528473,-8.184190888619531,-8.705932504733381
449.9,-8.485010668156637,0.537728157782971,-0.012103048654911042,-8.18600824069638,-8.173905192041468,-8.72373639847935
450.0,-8.381927891795012,0.5475802571369982,-0.020659514198576714,-8.184712606886016,-8.16405309268744,-8.732292864023016
450.1,-8.267555806474116,0.5569868501406796,-0.019072833154483028,-8.173719332838242,-8.154646499683759,-8.730706182978922
450.2,-8.153183721153283,0.5659363810644932,-0.018014572469877897,-8.163711541229823,-8.145696968759946,-8.729647922294317
450.3,-8.03881259442866,0.5744176603507689,-0.014212792671303265,-8.151428482144974,-8.13721568947367,-8.725846142495742
450.4,-7.925022555343556,0.5824198771093428,-0.003137069646754069,-8.13235054236185,-8.129213472715096,-8.714770419471193
450.5,-7.811232516258389,0.5899326113207546,0.020952257818100197,-8.100748480685583,-8.121700738503684,-8.690681092006338
450.6,-7.697442477173222,0.5969458457341448,0.06123435884143848,-8.053453145248856,-8.114687504090295,-8.650398990983
450.7,-7.653924583705441,0.6034499774472264,0.04732547893017085,-8.060857893447041,-8.108183372377212,-8.664307870894268
450.8,-7.664401415948577,0.6094358291559386,-0.007735315322008253,-8.109932835990508,-8.1021975206685,-8.719368665146447
450.9,-7.674878248191707,0.6148946600616313,-0.05458638897591429,-8.151325078738722,-8.096738689762807,-8.766219738800354
451.0,-7.673987461231443,0.6198181764238868,-0.08538382777632739,-8.177199001176879,-8.091815173400551,-8.797017177600766
451.1,-7.596575311879385,0.6241985417473543,-0.03548039144775131,-8.122915199524837,-8.087434808077084,-8.74711374127219
451.2,-7.519163162527372,0.6280283865912506,0.02127030233370708,-8.06233466089948,-8.083604963233189,-8.690363047490731
451.3,-7.441751013175314,0.6313008179904745,0.08894767176203516,-7.991384860071929,-8.080332531833964,-8.622685678062403
451.4,-7.470249001014163,0.6340094284775875,0.06445254094656071,-8.01317138040029,-8.077623921346852,-8.647180808877877
451.5,-7.545623988541179,0.6361483046952253,0.006336917933027347,-8.069148127196186,-8.075485045129213,-8.705296431891412
451.6,-7.620998976068194,0.6377120355888364,-0.04251841506547417,-8.116439729301076,-8.073921314235601,-8.754151764889913
451.7,-7.673633867329025,0.6386957201699766,-0.06528932172637393,-8.138226951380837,-8.072937629654461,-8.776922671550812
451.8,-7.660537827025106,0.6390949748407418,-0.02442489965255791,-8.096963274636256,-8.072538374983697,-8.736058249476997
451.9,-7.647441786721194,0.638905940270277,0.011274448799090335,-8.061452960755071,-8.072727409554162,-8.700358901025348
452.0,-7.634345746417274,0.6381252878146696,0.041734238481717215,-8.031773823528052,-8.073508062009768,-8.66989911134272
452.1,-7.667834312955483,0.636750225471915,0.022729174987769517,-8.052153949364754,-8.074883124352525,-8.688904174836669
452.2,-7.71148778063519,0.6347785033640329,-0.005635938676466711,-8.082490785136873,-8.076854846460407,-8.717269288500905
452.3,-7.755141248314922,0.6322084187388057,-0.02922098797080929,-8.108645919056443,-8.079424931085633,-8.740854337795248
452.4,-7.775429426542604,0.6290388204840253,-0.021132577696453242,-8.103727107036867,-8.082594529340414,-8.732765927520893
452.5,-7.768694885969919,0.6252691131475421,0.024818999755778032,-8.061545236921118,-8.086364236676896,-8.68681435006866
452.6,-7.818303820468354,0.6208992604568442,0.026320250050734927,-8.06441383931686,-8.090734089367594,-8.685313099773703
452.7,-7.912320173705104,0.6159297883323178,-0.0054553939296837755,-8.101158955421806,-8.09570356149212,-8.717088743754122
452.8,-7.994065498865542,0.610361787388787,-0.01639000573859538,-8.117661568174247,-8.101271562435652,-8.728023355563034
452.9,-8.057130623963593,0.6041969149203741,-0.003968805377243135,-8.111405240281307,-8.107436434904065,-8.715602155201681
453.0,-8.112513111803983,0.5974373963641808,0.016385018823331952,-8.097810934636925,-8.114195953460257,-8.695248331001107
453.1,-8.186639855927375,0.5900860262387463,0.014233393549099459,-8.107313930036593,-8.121547323585693,-8.697399956275339
453.2,-8.277725112711336,0.5821461685537097,-0.011316759915242211,-8.140803941185972,-8.12948718127073,-8.722950109739681
453.3,-8.358694602424583,0.573621756687577,-0.03382806887365073,-8.171839662010512,-8.138011593136861,-8.74546141869809
453.4,-8.398009469968873,0.5645172927309676,-0.02011529711243076,-8.167231354205901,-8.147116057093472,-8.73174864693687
453.5,-8.41619665210919,0.5548378462932051,0.012745458831214224,-8.14405004470002,-8.156795503531233,-8.698887890993225
453.6,-8.460035343963176,0.5445890527705981,0.022017528747612418,-8.145026768306229,-8.16704429705384,-8.689615821076826
453.7,-8.52818824796313,0.5337771110752567,0.012091762459293786,-8.165764476289889,-8.177856238749182,-8.699541587365145
453.8,-8.588627138352003,0.522408780823778,0.01573269580761828,-8.173491873193042,-8.189224569000661,-8.695900654016821
453.9,-8.656433711526203,0.5104913789856412,0.015765515251255004,-8.185376455587543,-8.201141970838798,-8.695867834573184
454.0,-8.745612511441086,0.49803277599164986,-0.006198142151346529,-8.219798715984135,-8.213600573832789,-8.717831491975785
454.1,-8.83134451008137,0.4850413913032636,-0.030622079956099144,-8.257214038477274,-8.226591958521174,-8.742255429780538
454.2,-8.889962730872806,0.47152618844417277,-0.038335055938847576,-8.278442217319114,-8.240107161380266,-8.749968405763287
454.3,-8.90803375007907,0.45749666949597184,-0.01831235540450691,-8.272449035732974,-8.254136680328466,-8.729945705228946
454.4,-8.840605876972706,0.4429628690603001,0.07453922609824684,-8.194131254665892,-8.268670480764138,-8.637094123726191
454.5,-8.891664253574616,0.4279353476903264,0.03859113211744988,-8.245106870016663,-8.283698002134113,-8.673042217706989
454.6,-8.977830458160557,0.4124251847949655,-0.03891675690035352,-8.338124921929827,-8.299208165029473,-8.750550106724793
454.7,-9.059350869542707,0.3964439710197221,-0.11358978326213517,-8.428779162066851,-8.315189378804716,-8.825223133086574
454.8,-8.882443331500099,0.3800038001085681,0.07300886055904582,-8.258620689156825,-8.33162954971587,-8.638624489265393
454.9,-8.911170903079732,0.3631172602517658,0.06048941636315544,-8.288026673209517,-8.348516089572673,-8.651143933461283
455.0,-9.012805106361352,0.3457974249250565,-0.016828123667247945,-8.38266404856663,-8.365835924899383,-8.728461473491686
455.1,-9.0526818055103,0.3280578432261341,-0.02549823173353665,-8.409073738331841,-8.383575506598305,-8.737131581557975
455.2,-9.059323500423567,0.30991252971482985,0.0019551124577003127,-8.399765707651909,-8.40172082010961,-8.709678237366738
455.3,-9.077992163479689,0.2913759537639258,0.014249038679080613,-8.406008357381433,-8.420257396060514,-8.697384311145358
455.4,-9.109603311058814,0.2724630284280134,0.003653260720042781,-8.435517060676382,-8.439170321396425,-8.707980089104396
455.5,-9.125309087330281,0.253189098838301,-0.007175435599009352,-8.465619686585146,-8.458444250986137,-8.718808785423448
455.6,-9.107697162250478,0.23356993013175897,-0.005006909414787756,-8.483070329107468,-8.47806341969268,-8.716640259239226
455.7,-9.08399727330311,0.21362169492347408,-0.018148665420644732,-8.516160320321609,-8.498011654900965,-8.729782015245084
455.8,-9.010388458225979,0.19336096033155567,-0.00022930011765390917,-8.518501689610536,-8.518272389492884,-8.711862649942093
455.9,-8.936779643148888,0.17280467456440787,0.004777062556908773,-8.534051612703122,-8.538828675260032,-8.70685628726753
456.0,-8.869632587279423,0.1519701530806422,-0.00129072627853933,-8.560953923022335,-8.559663196743797,-8.712924076102977
456.1,-8.803249177363218,0.13087506433236076,-0.003669542140226201,-8.584427827632304,-8.580758285492077,-8.715302891964665
456.2,-8.748840155675394,0.1095374151029883,-0.005605185977556671,-8.607701120699007,-8.60209593472145,-8.717238535801995
456.3,-8.700068670839013,0.08797553545127049,0.004352142734561747,-8.619305671638607,-8.623657814373168,-8.707281207089878
456.4,-8.663909860445623,0.06620806327348808,0.020260131189944564,-8.625165155361007,-8.645425286550951,-8.691373218634494
456.5,-8.642233644962781,0.04425392849635862,0.03693434587923229,-8.630445075448847,-8.66737942132808,-8.674699003945207
456.6,-8.639606426300146,0.022132336913511755,0.043208587558813544,-8.646292425352113,-8.689501012910927,-8.668424762265625
456.7,-8.693796965007207,-0.00013724632117275565,-0.006108307957746953,-8.717878904103358,-8.71177059614561,-8.717741657782186
456.8,-8.746811564016673,-0.022535113529680878,-0.05791010780187726,-8.792078571155997,-8.73416846335412,-8.769543457626316
456.9,-8.768939367322055,-0.04504133166136754,-0.08177467689079916,-8.838449358376606,-8.756674681485807,-8.793408026715237
457.0,-8.79106717062745,-0.06763575974540854,-0.10106635949894968,-8.880335469068797,-8.779269109569848,-8.812699709323388
457.1,-8.712565628304231,-0.09029806662940168,-0.002627317375824216,-8.804558733829664,-8.80193141645384,-8.714260667200262
457.2,-8.612313131696146,-0.11300774898896845,0.14747096760256923,-8.677170131210838,-8.824641098813407,-8.56416238222187
457.3,-8.708878313655097,-0.13574414959287107,0.13782634177059347,-8.709551157646716,-8.847377499417309,-8.573807008053846
457.4,-8.93241428582172,-0.15848647580783493,0.03544674809029512,-8.834673077541979,-8.870119825632274,-8.676186601734143
457.5,-9.14582265252313,-0.18121381832695604,-0.035947240737050155,-8.928794408888445,-8.892847168151395,-8.747580590561489
457.6,-9.343618118804011,-0.2039051701052741,-0.09107040287056953,-9.006608922800282,-8.915538519929713,-8.802703752695008
457.7,-9.498884941809449,-0.2265394454858088,-0.123764404645017,-9.061937199955265,-8.938172795310248,-8.835397754469456
457.8,-9.459145213424238,-0.2490954994990858,0.003169948410504629,-8.95755890091302,-8.960728849323525,-8.708463401413933
457.9,-9.41940548503905,-0.2715521473189241,0.08844632640073401,-8.894739170742628,-8.983185497143364,-8.623187023423705
458.0,-9.492054788282333,-0.293888183857015,0.022635043712908205,-8.982886489968546,-9.005521533681454,-8.68899830611153
458.1,-9.568824718117378,-0.3160824034785975,-0.07616142236778599,-9.103877175670823,-9.027715753303037,-8.787794772192225
458.2,-9.476198624562997,-0.33811361982132476,-0.02144530606263151,-9.071192275708395,-9.049746969645764,-8.73307865588707
458.3,-9.32717464311846,-0.35996068569922085,0.08591614348205501,-8.985677892041604,-9.07159403552366,-8.625717206342383
458.4,-9.289939735330389,-0.3816025130734489,0.08566301536691268,-9.007572847530975,-9.093235862897888,-8.625970334457525
458.5,-9.34954932790819,-0.40301809307144887,-0.0053583073722440686,-9.120009750268132,-9.114651442895887,-8.716991657196683
458.6,-9.380275396419991,-0.4241865160358572,-0.06527682818315192,-9.201096694043448,-9.135819865860295,-8.77691017800759
458.7,-9.35001901230855,-0.44508699158449005,-0.0695699231175765,-9.226290264526504,-9.15672034140893,-8.781203272942015
458.8,-9.302512751575609,-0.4656988686625605,-0.0706205588857298,-9.24795277737273,-9.177332218486999,-8.78225390871017
458.9,-9.111039514810614,-0.48600165556820385,0.050589770276328466,-9.147045235116314,-9.197635005392643,-8.66104357954811
459.0,-8.919566278045512,-0.5059750399323074,0.14441454791922637,-9.07319384183752,-9.217608389756746,-8.567218801905213
459.1,-8.839343797428082,-0.525598908633579,0.09685350070547642,-9.140378757752542,-9.237232258458018,-8.614779849118962
459.2,-8.772508799689374,-0.5448533676297473,0.007875755554365132,-9.248610961899821,-9.256486717454186,-8.703757594270074
459.3,-8.728949417165172,-0.56371876168576,-0.12231047169217865,-9.397662583202377,-9.275352111510198,-8.833943821516618
459.4,-8.696435093940936,-0.5821756939798388,-0.2606795499974778,-9.554488593801755,-9.293809043804277,-8.972312899821917
459.5,-8.5186294155498,-0.6002050455682616,-0.22004353411913274,-9.531881929511833,-9.3118383953927,-8.931676883943572
459.6,-8.24340375227134,-0.6177879946897695,-0.013590319288691269,-9.3430116638029,-9.32942134451421,-8.72522366911313
459.7,-7.441127804227794,-0.6349060358905443,0.8158004086187587,-8.530738977096224,-9.346539385714983,-7.89583294120568
459.8,-8.461737285213346,-0.6515409989507657,-0.07280305948766391,-9.435977408262868,-9.363174348775205,-8.784436409312102
459.9,-8.720064854089546,-0.6676750675938437,-0.10926600208329942,-9.488574419501582,-9.379308417418283,-8.820899351907737
460.0,-8.962356037493864,-0.6832907979595195,-0.07533058010117219,-9.47025472788513,-9.394924147783959,-8.78696392992561
460.1,-9.292905056183491,-0.6983711368221526,-0.12015803814080489,-9.530162524787396,-9.410004486646592,-8.831791387965243
460.2,-9.582648577649888,-0.712899439535646,-0.15549293474018405,-9.580025724100269,-9.424532789360084,-8.867126284564623
460.3,-9.64792213101051,-0.7268594876866241,-0.024079890995321207,-9.462572728506384,-9.438492837511063,-8.73571324081976
460.4,-9.687705085698248,-0.7402355064376479,0.06716716575262344,-9.384701690509463,-9.451868856262086,-8.644466184071815
460.5,-9.736624505071054,-0.7530121815424499,0.09180615368307515,-9.372839377683814,-9.46464553136689,-8.619827196141364
460.6,-9.812530133320433,-0.7651746760153828,0.04974346736438785,-9.427064558475434,-9.476808025839821,-8.66188988246005
460.7,-9.857901480128826,-0.7767086464375067,0.018281650883602736,-9.470060345378343,-9.488341996261946,-8.693351698940836
460.8,-9.9326190016906,-0.787600258881987,-0.04656835423117779,-9.545801962937604,-9.499233608706426,-8.758201704055617
460.9,-9.883238106633502,-0.7978362044417454,0.017598511638430292,-9.491871042627753,-9.509469554266184,-8.694034838186008
461.0,-9.851777919822451,-0.8074037143425867,0.0706232567845112,-9.448413807382515,-9.519037064167026,-8.641010093039927
461.1,-9.983154594443993,-0.8162905746253293,-0.035645560042109795,-9.563569484491877,-9.527923924449768,-8.747278909866548
461.2,-10.037716642197273,-0.8244851403807862,-0.06672367053308817,-9.602842160738312,-9.536118490205226,-8.778357020357527
461.3,-10.089447750016745,-0.8319763495217816,-0.10062959719807067,-9.64423929654429,-9.54360969934622,-8.812262947022509
461.4,-10.011698131706872,-0.8387537360767373,-0.01192598285618638,-9.562313068757362,-9.550387085901177,-8.723559332680624
461.5,-9.878202356911935,-0.8448074429897416,0.12691492475952149,-9.42952586805466,-9.55644079281418,-8.584718425064917
461.6,-9.934427873695407,-0.850128234412393,0.07229127605279245,-9.489470308184039,-9.561761584236832,-8.639342073771646
461.7,-9.990653390478847,-0.8547075074731207,0.01447051155386236,-9.551870345743698,-9.56634085729756,-8.697162838270577
461.8,-10.04687890726232,-0.8585373035101012,-0.047902375595959744,-9.6180730289305,-9.57017065333454,-8.759535725420399
461.9,-10.045058005341614,-0.8616103187543229,-0.05898374245779783,-9.63222741103656,-9.573243668578762,-8.770617092282237
462.0,-10.00558655669059,-0.863919914449808,-0.04046959816511396,-9.61602286243936,-9.575553264274246,-8.752102947989552
462.1,-9.966115108039567,-0.865460126398458,-0.02936219357539452,-9.606455669798292,-9.577093476222897,-8.740995543399833
462.2,-9.912568398176107,-0.8662256739174787,-0.009528751968385842,-9.587387775710303,-9.577859023741917,-8.721162101792824
462.3,-9.70756817443459,-0.8662119681978265,0.15795280976598403,-9.41989250825628,-9.577845318022264,-8.553680540058455
462.4,-9.777708622001564,-0.8654151200526332,0.045393460627530136,-9.531655009249542,-9.577048469877072,-8.666239889196909
462.5,-9.832202122187581,-0.863831947045085,-0.06103099803478545,-9.636496294904308,-9.575465296869524,-8.772664347859225
462.6,-9.773652863277428,-0.8614599799857668,-0.07093114694144187,-9.644024476751648,-9.573093329810206,-8.78256449676588
462.7,-9.600935519402386,-0.8582974687900319,0.01010264044093077,-9.55982817817354,-9.56993081861447,-8.701530709383508
462.8,-9.398119615188007,-0.8543433876865152,0.09460945634699498,-9.471367281163959,-9.565976737510955,-8.617023893477445
462.9,-9.443165224192414,-0.8495974397684816,-0.09321588612706685,-9.654446675719987,-9.561230789592921,-8.804849235951506
463.0,-9.28530098858919,-0.8440600608802831,-0.09421794572935166,-9.649911356434073,-9.555693410704722,-8.80585129555379
463.1,-9.07637631107935,-0.8377324228317895,-0.04689762992688386,-9.596263402583112,-9.549365772656229,-8.758530979751322
463.2,-8.726015899988157,-0.8306164359342683,0.15422446256285555,-9.388025323195851,-9.542249785758706,-8.557408887261584
463.3,-8.688809833219189,-0.8227147508517904,0.06712117503237014,-9.467226925643859,-9.53434810067623,-8.64451217479207
463.4,-8.619392421106582,-0.8140307597628769,0.04350627973784778,-9.482157829849468,-9.525664109587316,-8.668127070086591
463.5,-8.683696010571724,-0.804568596827717,-0.08380563554246681,-9.600007582194623,-9.516201946652156,-8.795438985366905
463.6,-8.581700635553121,-0.794333137956938,-0.022222058601584625,-9.528188546382962,-9.505966487781377,-8.733855408426024
463.7,-8.500985759068785,-0.7833299998785501,0.030460199451116533,-9.464503150251872,-9.494963349702989,-8.681173150373322
463.8,-8.572589669279168,-0.7715655385003419,-0.06600265276954709,-9.549201541094329,-9.48319888832478,-8.777636002593987
463.9,-8.487105377085891,-0.7590468465656641,-0.007558431368216878,-9.47823862775832,-9.470680196390102,-8.719191781192656
464.0,-8.489258999876057,-0.7457817506012023,-0.03937239684616689,-9.496787497271807,-9.45741510042564,-8.751005746670605
464.1,-8.392314823136566,-0.7317788071560136,0.028898380179333577,-9.414513776801119,-9.443412156980452,-8.682734969645105
464.2,-8.308781542484951,-0.7170472983317732,0.09010166201855555,-9.338578986137657,-9.428680648156211,-8.621531687805883
464.3,-8.393976293614552,-0.7015972266048596,-0.006656365046636956,-9.419886941475935,-9.413230576429298,-8.718289714871077
464.4,-8.403003623725267,-0.6854393089415862,-0.014924105020482973,-9.411996763786508,-9.397072658766024,-8.726557454844922
464.5,-8.411807728382671,-0.6685849702085753,-0.012485455531529736,-9.392703775564543,-9.380218320033014,-8.72411880535597
464.6,-8.412646572301243,-0.651046335880954,0.0039780763857045235,-9.358701609319688,-9.362679685705393,-8.707655273438734
464.7,-8.411021283386335,-0.6328362240517433,0.023556952925550902,-9.320912620950631,-9.344469573876182,-8.688076396898888
464.8,-8.50373188749536,-0.6139681367464989,-0.05521457185808573,-9.380816058429023,-9.325601486570937,-8.766847921682524
464.9,-8.489505033389003,-0.5944562505479475,-0.03369656051176235,-9.339786160884149,-9.306089600372387,-8.745329910336201
465.0,-8.434211387967432,-0.5743154065360592,0.022082879937412096,-9.263865876423086,-9.285948756360497,-8.689550469887026
465.1,-8.37339023419942,-0.5535610995496737,0.07838890553600326,-9.186805543838108,-9.265194449374112,-8.633244444288435
465.2,-8.491265861414657,-0.5322094667764912,-0.04641797780602484,-9.290260794406954,-9.24384281660093,-8.758051327630463
465.3,-8.459481702513314,-0.5102772756789156,-0.02195931152859764,-9.243869937031953,-9.221910625503355,-8.733592661353036
465.4,-8.461610082416499,-0.487781911263918,-0.03149533328689034,-9.230910594375247,-9.199415261088356,-8.74312868311133
465.5,-8.371799912792364,-0.46474136270576494,0.04859332103100804,-9.127781391499196,-9.176374712530203,-8.66304002879343
465.6,-8.380429683985238,-0.4411742093311226,0.022781089690229368,-9.130026469465331,-9.152807559155562,-8.68885226013421
465.7,-8.327897183318685,-0.417099605976716,0.04309380977578133,-9.085639146025374,-9.128732955801155,-8.668539540048657
465.8,-8.247278478000517,-0.39253726773037834,0.06822732417118924,-9.035943293383628,-9.104170617554818,-8.643406025653249
465.9,-8.321045142142177,-0.3675074540669777,-0.09012230220922518,-9.169263106100642,-9.079140803891416,-8.801755652033664
466.0,-8.20697918002529,-0.34203095239135406,-0.08971349787069258,-9.143377800086485,-9.053664302215793,-8.80134684769513
466.1,-8.080588883601397,-0.3161290610010329,-0.09788720409504414,-9.125649614920516,-9.027762410825472,-8.809520553919484
466.2,-7.819817132836723,-0.28982357148211146,0.023271850393654044,-8.978185070912897,-9.00145692130655,-8.688361499430785
466.3,-7.662699342685605,-0.2631367505523293,0.055580002417632494,-8.919190097959136,-8.974770100376768,-8.656053347406806
466.4,-7.503379615909783,-0.2360913213659434,0.1229472662252786,-8.824777404965104,-8.947724671190382,-8.58868608359916
466.5,-7.516224287718283,-0.20871044429562446,0.06175925118860129,-8.858584542931462,-8.920343794120063,-8.649874098635838
466.6,-7.602409471914448,-0.18101769720717617,-0.028547882375545765,-8.921198929407161,-8.892651047031615,-8.740181232199985
466.7,-7.609751458235428,-0.15303705524345187,-0.004353504391113178,-8.869023909459004,-8.86467040506789,-8.715986854215553
466.8,-7.72093257995318,-0.12479287013440314,-0.061924080251923426,-8.898350300210765,-8.836426219958842,-8.773557430076362
466.9,-7.792150074600571,-0.09630984905074234,-0.07064214356447404,-8.878585342439655,-8.807943198875181,-8.782275493388912
467.0,-7.820009331622048,-0.06761303301923324,-0.0354853447944279,-8.8147317276381,-8.779246382843672,-8.747118694618866
467.1,-7.854734368629662,-0.0387277749181423,-0.008494330329339356,-8.75885545507192,-8.75036112474258,-8.720127680153778
467.2,-7.900343676320861,-0.009679717071886432,0.009670001967430935,-8.711643064928895,-8.721313066896325,-8.701963347857008
467.3,-7.8453957918192945,0.019505231535599646,0.13535399069035042,-8.556774127598489,-8.692128118288839,-8.57627935913409
467.4,-8.066377822635157,0.048800918408782444,-0.005556405448489989,-8.668388836864146,-8.662832431415657,-8.717189755272928
467.5,-8.1220213208396,0.07818097102928673,0.025403458003444283,-8.608048920791708,-8.633452378795152,-8.686229891820995
467.6,-8.24255633274068,0.10761882066460574,-0.010071921799232907,-8.614086450959066,-8.604014529159834,-8.721705271623671
467.7,-8.340102197556801,0.13708772647546086,-0.03508328117267438,-8.609628904521653,-8.574545623348978,-8.746716630997113
467.8,-8.397060231796424,0.16656079990010655,-0.04219849771856662,-8.587271047642899,-8.545072549924333,-8.753831847543005
467.9,-8.402020249671626,0.1960110292934958,-0.025813066277975357,-8.541435386808919,-8.515622320530943,-8.737446416102413
468.0,-8.384126066880743,0.22541130479885835,-0.01446132598751982,-8.5006833710131,-8.486222045025581,-8.726094675811959
468.1,-8.306643657330767,0.2547344434289038,0.035529645474882604,-8.421369260920653,-8.456898906395535,-8.676103704349556
468.2,-8.30328617358999,0.28395321433353815,0.0016568540546713466,-8.42602328143623,-8.4276801354909,-8.709976495769768
468.3,-8.299994659367023,0.3130403642306836,-0.029776329788694076,-8.428369315382449,-8.398592985593755,-8.741409679613133
468.4,-8.169434353153402,0.3419686429765119,0.07847637325809573,-8.291188333589831,-8.369664706847926,-8.633156976566344
468.5,-8.233332495983843,0.3707108292511425,0.009758318464865728,-8.33116420210843,-8.340922520573296,-8.701875031359574
468.6,-8.237747897300249,0.3992397563356238,0.017322696380566313,-8.295070897108248,-8.312393593488816,-8.694310653443873
468.7,-8.272942327862767,0.4275283379558009,0.005408678299152897,-8.278696333569485,-8.284105011868638,-8.706224671525286
468.8,-8.379411964434453,0.45554959416848384,-0.07434123616919577,-8.33042499182515,-8.256083755655954,-8.785974585993635
468.9,-8.333908516326424,0.4832766772651641,-0.005914236798589354,-8.234270909357864,-8.228356672559274,-8.717547586623027
469.0,-8.39245730126582,0.5106828976683824,-0.04960889179158409,-8.250559343947641,-8.200950452156057,-8.761242241616022
469.1,-8.336146946139555,0.5377417497957317,0.012978427180117234,-8.16091317284859,-8.173891600028707,-8.698654922644321
469.2,-8.317330922297264,0.5644269378663843,0.03186675168350983,-8.115339660274545,-8.147206411958054,-8.67976659814093
469.3,-8.270269105488309,0.5907124016249579,0.0761099339246165,-8.044811014274865,-8.120920948199482,-8.635523415899822
469.4,-8.335912195235117,0.6165723419574909,0.007100143991290733,-8.087960863875658,-8.095061007866947,-8.704533205833147
469.5,-8.392639906027611,0.6419812463742747,-0.053135602040924525,-8.122787705491088,-8.069652103450164,-8.764768951865364
469.6,-8.37413216515099,0.6669139143342901,-0.03958141691142831,-8.084300852401578,-8.044719435490148,-8.751214766735867
469.7,-8.308142297566892,0.6913454823860262,0.017947612987946573,-8.002340254450466,-8.020287867438412,-8.693685736836493
469.8,-8.291356503172981,0.7152514490995079,0.020943117378261013,-7.97543878334667,-7.996381900724931,-8.690690232446178
469.9,-8.287265421382775,0.7386076997644411,0.004994718598382877,-7.968030931461615,-7.973025650059998,-8.706638631226056
470.0,-8.253784156167912,0.7613905308294837,0.0125256876756746,-7.93771713131928,-7.950242818994955,-8.699107662148764
470.1,-8.28043491822064,0.7835766740577783,-0.044196439847311066,-7.972253115613971,-7.92805667576666,-8.75582978967175
470.2,-8.179847933152834,0.805143320374037,0.02545987487137978,-7.881030154579022,-7.906490029450402,-8.686173474953058
470.3,-8.200955952118493,0.8260681433786494,-0.023027953508078118,-7.908593159953868,-7.885565206445789,-8.734661303332517
470.4,-8.194312099337788,0.846329322504484,-0.03547725567121805,-7.900781282991173,-7.865304027319954,-8.747110605495656
470.5,-8.117920804743113,0.8659055657922863,0.033882937242910596,-7.811844846789242,-7.845727784032152,-8.677750412581528
470.6,-8.10565911648896,0.8847761322608301,0.05255554332219141,-7.774301674241418,-7.826857217563608,-8.659077806502248
470.7,-8.17438045141956,0.9029208538482576,0.0016421628445751797,-7.807070333131606,-7.808712495976181,-8.709991186979863
470.8,-8.229156111658938,0.920320156901347,-0.02946187618646679,-7.820775069109558,-7.791313192923091,-8.741095226010906
470.9,-8.157609300053323,0.9369550831897775,0.0637241585181828,-7.7109541081164785,-7.774678266634661,-8.647909191306256
471.0,-8.333053810528561,0.9528073104228134,-0.10034382036973982,-7.859169859771365,-7.758826039401625,-8.81197717019418
471.1,-8.209921850073998,0.9678591722462087,0.017603557136690505,-7.72617062044154,-7.74377417757823,-8.694029792687749
471.2,-8.18777194981038,0.9820936776975306,0.015398811479809139,-7.714140860647099,-7.729539672126908,-8.69623453834463
471.3,-8.198826253391152,0.9954945300985338,-0.03738185667455434,-7.753520676400459,-7.716138819725905,-8.749015206498994
471.4,-8.08114795827639,1.0080461453636587,0.02693209218058983,-7.676655112280191,-7.70358720446078,-8.684701257643848
471.5,-8.08224477441142,1.019733669704205,-0.03095709184136511,-7.722856771961599,-7.691899680120233,-8.742590441665804
471.6,-7.944576926355008,1.0305429967082234,0.055155837093694655,-7.625934516022521,-7.681090353116216,-8.656477512730744
471.7,-7.960400241944403,1.0404607837766877,9.351376301379791e-05,-7.671079052284737,-7.671172566047751,-8.711539836061425
471.8,-7.931068430036788,1.04947446789705,0.006458975790776856,-7.655699906136611,-7.662158881927389,-8.705174374033662
471.9,-7.931537689361666,1.057572280735843,-0.0005622253164434127,-7.654623294405039,-7.654061069088596,-8.712195575140882
472.0,-7.976621872505742,1.0647432630325722,-0.03931580103122132,-7.686205887823088,-7.646890086791867,-8.75094915085566
472.1,-7.943621923039084,1.0709772782777525,0.00635748270171671,-7.6342985888449695,-7.640656071546687,-8.705275867122722
472.2,-7.995783453400701,1.0762650256585595,-0.035538762012676556,-7.6709070861785555,-7.63536832416588,-8.747172111837115
472.3,-7.922739313567585,1.0805980522562135,0.03512737620817334,-7.595907921360052,-7.631035297568225,-8.676505973616266
472.4,-7.854088741058365,1.0839687644798772,0.07784223066327098,-7.54982235468129,-7.6276645853445615,-8.633791119161168
472.5,-7.848053642951232,1.0863704387225268,0.024082073236614404,-7.601180837865297,-7.6252629111019115,-8.687551276587824
472.6,-7.837743177718493,1.087797231224958,-0.06689482944141675,-7.690730948040898,-7.623836118599481,-8.778528179265855
472.7,-7.670752114169734,1.0882441871348059,-0.04514117888147159,-7.668530341571104,-7.623389162689633,-8.756774528705911
472.8,-7.5007261823144535,1.0877072487481871,-0.05962958518207323,-7.683555686258325,-7.623926101076251,-8.771262935006511
472.9,-7.2099280041046745,1.0861832629223285,0.0194318208169622,-7.606018266085148,-7.62545008690211,-8.692201529007477
473.0,-6.9979405011534155,1.0836699876483045,0.009896915277871185,-7.618066446898263,-7.627963362176134,-8.701736434546568
473.1,-6.748560391606338,1.080166097773797,0.04702030569570703,-7.584446946354935,-7.6314672520506415,-8.664613044128732
473.2,-6.565962679526174,1.075671189866572,0.04304696655059887,-7.592915193407268,-7.635962159957867,-8.66858638327384
473.3,-6.433230713106965,1.0701857862101831,0.025436836144825153,-7.616010727469431,-7.641447563614255,-8.686196513679613
473.4,-6.373410105611092,1.0637113379242344,-0.025414905639509707,-7.673336917539714,-7.647922011900205,-8.737048255463948
473.5,-6.2836738452487415,1.0562502272023606,-0.0093721536490039,-7.664755276271082,-7.655383122622078,-8.721005503473442
473.6,-6.271826045428496,1.0478057686619304,-0.04053914533333509,-7.704366726495843,-7.663827581162508,-8.752172495157774
473.7,-6.222461946389819,1.0383822098003308,-0.010436664857297337,-7.683687804881405,-7.673251140024108,-8.722070014681735
473.8,-6.199340152844588,1.0279847305535545,0.012041899132105544,-7.6716067201387785,-7.683648619270884,-8.699591450692333
473.9,-6.231502625837161,1.016619441953682,-0.004241732325998683,-7.699255640196755,-7.695013907870757,-8.715875082150438
474.0,-6.280440935074701,1.0042933838827328,-0.01984571591872354,-7.72718568186043,-7.707339965941706,-8.731479065743162
474.1,-6.29505884225557,0.9910145219212396,0.019311959389620766,-7.701306868513578,-7.720618827903199,-8.692321390434818
474.2,-6.352759706058918,0.976791743290802,0.03940368378195637,-7.6954379227516805,-7.734841606533637,-8.672229666042483
474.3,-6.495964346568089,0.9616348518907623,0.0007730886716841266,-7.749225409261992,-7.749998497933676,-8.710860261152755
474.4,-6.640522273341419,0.9455545624300548,-0.011365377987035519,-7.77744416538142,-7.766078787394384,-8.722998727811474
474.5,-6.791757835577767,0.9285624936561826,-0.003189657904242989,-7.786260514072499,-7.783070856168256,-8.714823007728683
474.6,-6.9998965863995934,0.9106711606841805,-0.027445805721806927,-7.828407994862065,-7.800962189140258,-8.739079155546246
474.7,-7.227957848641668,0.8918939664293353,-0.051030647468571264,-7.8707700308636745,-7.819739383395103,-8.76266399729301
474.8,-7.331932527360663,0.8722451921483392,0.06489112445472639,-7.774497033221373,-7.839388157676099,-8.646742225369712
474.9,-7.539648643475004,0.8517399870944646,0.08588031417771036,-7.774013048552264,-7.859893362729974,-8.625753035646728
475.0,-7.933245837612425,0.8303943572932524,-0.07819846229337246,-7.959437454824559,-7.881238992531186,-8.78983181211781
475.1,-8.080996632565848,0.8082251534461106,-0.004370463860681441,-7.90777866023901,-7.9034081963783285,-8.71600381368512
475.2,-8.273546329118386,0.7852500579701234,0.008361083233845703,-7.91802220862047,-7.926383291854315,-8.703272266590593
475.3,-8.509895423321892,0.7614875711832658,-0.04577839758343545,-7.995924176224609,-7.950145778641173,-8.757411747407874
475.4,-8.605205902726638,0.7369569966451122,0.01355424318075541,-7.961122109998572,-7.974676353179326,-8.698079106643684
475.5,-8.708538793059848,0.711678425664011,0.035061525765454696,-7.964893398394973,-7.999954924160428,-8.676571824058984
475.6,-8.847036689909068,0.6856727209825788,-0.008962828680024812,-8.034923457521884,-8.02596062884186,-8.720596178504463
475.7,-8.936486009723694,0.6589614996542347,-0.03397622362353936,-8.086648073793743,-8.052671850170205,-8.745609573447979
475.8,-8.915238084936295,0.631567115124359,0.02229143567825792,-8.057774799021821,-8.08006623470008,-8.689341914146182
475.9,-8.869803717563897,0.6035126385305135,0.07409838718913031,-8.034022324104795,-8.108120711293925,-8.637534962635309
476.0,-8.882646373511031,0.5748218392369973,0.04039569065267133,-8.09641581993477,-8.136811510587442,-8.671237659171767
476.1,-8.949374775200775,0.5455191646198468,-0.07125366508874639,-8.237367850293339,-8.166114185204592,-8.782887014913186
476.2,-9.005084950591549,0.515629719119201,-0.18984455050308596,-8.385848181208324,-8.196003630705238,-8.901477900327524
476.3,-8.78236048581241,0.4851792425767568,-0.03876676647417,-8.265220873721852,-8.226454107247681,-8.750400116298609
476.4,-8.432666948539401,0.4541940878768336,0.24114018395879955,-8.016299077988805,-8.257439261947605,-8.470493165865639
476.5,-8.493673989768821,0.4227011979103295,0.12123039125611142,-8.167701760657998,-8.288932151914109,-8.590402958568328
476.6,-8.703409618366,0.39072808188162134,-0.13180588893970685,-8.452711156882524,-8.320905267942818,-8.843439238764146
476.7,-8.599573511388163,0.358302790979191,-0.056026520574582225,-8.40935707941983,-8.353330558845247,-8.76765987039902
476.8,-8.50418973719066,0.3254538934314904,0.022438648370598065,-8.36374080802235,-8.386179456392949,-8.689194701453841
476.9,-8.549878083920321,0.2922104489702583,-0.034592742849174095,-8.454015643703354,-8.41942290085418,-8.746226092673613
477.0,-8.48308907892831,0.2586019827241881,0.021393839948326804,-8.431637527151924,-8.45303136710025,-8.690239509876111
477.1,-8.480078843828991,0.22465845856651045,0.010733951480294403,-8.476240939777634,-8.486974891257928,-8.700899398344145
477.2,-8.477032121499349,0.190410251940698,-0.004245647672809506,-8.52546874555655,-8.521223097883741,-8.715878997497247
477.3,-8.43465086926749,0.15588812218912124,0.016023120993944324,-8.539722106641372,-8.555745227635317,-8.695610228830494
477.4,-8.41200751275778,0.12112318441008446,0.01420288402559505,-8.57630728138876,-8.590510165414354,-8.697430465798844
477.5,-8.4346250028388,0.08614688086924559,-0.03230617558420594,-8.657792644539398,-8.625486468955193,-8.743939525408644
477.6,-8.397143450915394,0.05099095199197702,-0.014352059571357283,-8.67499445740382,-8.660642397832461,-8.725985409395795
477.7,-8.385549973276815,0.015687406963751344,-0.013815379820390918,-8.709761322681079,-8.695945942860687,-8.72544872964483
477.8,-8.368766538946936,-0.01973150603386191,0.0038738153229110053,-8.727491040535389,-8.7313648558583,-8.707759534501527
477.9,-8.357556455008249,-0.055233329923526184,0.029656894203195408,-8.737209785544769,-8.766866679747965,-8.681976455621243
478.0,-8.380038937762116,-0.09078542914028236,0.034380074605829,-8.768038704358892,-8.802418778964721,-8.67725327521861
478.1,-8.438462618480589,-0.12635502031857343,0.011904427600086883,-8.826083942542926,-8.837988370143012,-8.699728922224352
478.2,-8.466136924480836,-0.1619092032288204,0.023310415225858413,-8.850232137827401,-8.873542553053259,-8.688322934598581
478.3,-8.541040049689512,-0.19741499193385342,-0.014425304505514432,-8.923473646263806,-8.909048341758291,-8.726058654329954
478.4,-8.652480999863595,-0.23283934613516488,-0.09240315547091268,-9.036875851430516,-8.944472695959604,-8.804036505295352
478.5,-8.647327712533931,-0.2681492026786428,-0.054142273617969354,-9.033924826121051,-8.979782552503082,-8.765775623442408
478.6,-8.606738522268802,-0.3033115071891639,0.027603050704261996,-8.98734180630934,-9.014944857013603,-8.684030299120177
478.7,-8.734579384257573,-0.33829324580317693,-0.04010678046797101,-9.090033376095587,-9.049926595627616,-8.75174013029241
478.8,-8.761588655716839,-0.37306147696818975,0.021105730567887254,-9.06358909622474,-9.084694826792628,-8.690527619256551
478.9,-8.757271957787825,-0.40758336327788486,0.14460337157363953,-8.974613341528684,-9.119216713102324,-8.5670299782508
479.0,-8.695957077174745,-0.4418262033114341,0.35032183527406036,-8.803137717861812,-9.153459553135873,-8.361311514550378
479.1,-9.531206144593256,-0.47575746344545744,-0.3282553827011514,-9.515646195971048,-9.187390813269896,-9.03988873252559
479.2,-9.555324860807968,-0.5093448096069788,-0.19861829945825948,-9.419596458889677,-9.220978159431418,-8.910251649282698
479.3,-9.595044757441904,-0.5425561389356712,-0.09883875792031799,-9.353028246680427,-9.25418948876011,-8.810472107744756
479.4,-9.576961948335077,-0.5753596113236554,0.04061434606045017,-9.246378615087643,-9.286992961148094,-8.67101900376399
479.5,-9.569779277212618,-0.6077236808011208,0.15383399116897803,-9.165523039456582,-9.319357030625559,-8.55779935865546
479.6,-9.668267116217702,-0.639617126736073,0.15134128321500132,-9.19990919334551,-9.351250476560512,-8.560292066609437
479.7,-9.878867114202945,-0.6710090848165837,0.030028246701197504,-9.352614187939825,-9.382642434641022,-8.68160510312324
479.8,-10.084651616271838,-0.7018690777840211,-0.09374885591881207,-9.507251283527271,-9.41350242760846,-8.805382205743252
479.9,-10.144635173737981,-0.7321670458858698,-0.08222755303770768,-9.526027948748016,-9.443800395710308,-8.793860902862146
480.0,-10.240080426091211,-0.7618733770169241,-0.11958706687736351,-9.593093793718726,-9.473506726841363,-8.831220416701802
480.1,-10.117056715161302,-0.7909589365178327,0.047833290900888115,-9.454758995441383,-9.50259228634227,-8.66380005892355
480.2,-10.095697276536784,-0.8193950966002105,0.10252682324705817,-9.42850162317759,-9.53102844642465,-8.609106526577381
480.3,-10.21998412189918,-0.8471537653677962,0.004377921600995455,-9.554409193591239,-9.558787115192235,-8.707255428223442
480.4,-10.23040647217395,-0.874207415403434,0.01581790736480848,-9.570022857863064,-9.585840765227873,-8.69581544245963
480.5,-10.252205076866108,-0.9005291118919889,0.012289073427409274,-9.59987338828902,-9.612162461716428,-8.69934427639703
480.6,-10.294804157859186,-0.9260925402496637,-0.016972204102135062,-9.654698094176238,-9.637725890074103,-8.728605553926574
480.7,-10.319029249413353,-0.9508720332305874,-0.034739172865393124,-9.697244555920419,-9.662505383055025,-8.746372522689832
480.8,-10.311709625505456,-0.9748425974819609,-0.028637215963883605,-9.715113163270283,-9.6864759473064,-8.740270565788322
480.9,-10.29256785937694,-0.9979799395195109,-0.016851515443333617,-9.726464804787284,-9.709613289343949,-8.728484865267772
481.0,-10.220509313498145,-1.0202604910954869,0.045605877798016364,-9.68628796312191,-9.731893840919925,-8.666027472026423
481.1,-10.291772898539945,-1.041661433931953,-0.0323955515531163,-9.785690335309507,-9.753294783756392,-8.744028901377556
481.2,-10.227076054647034,-1.0621607237926771,0.032964603942600174,-9.740829469674516,-9.773794073617116,-8.678668745881838
481.3,-10.249470921155877,-1.081737113867497,0.020931526530784568,-9.772438937161152,-9.793370463691936,-8.690701823293654
481.4,-10.23134576644168,-1.1003701774436487,0.05831941547688217,-9.753684111791205,-9.812003527268088,-8.653313934347556
481.5,-10.327935502920106,-1.1180403298391761,-0.013640267674590308,-9.843313947338205,-9.829673679663614,-8.72527361749903
481.6,-10.476833221299298,-1.1347288495742078,-0.13735850726155147,-9.983720706660199,-9.846362199398646,-8.84899185708599
481.7,-10.27245323803748,-1.1504178987565763,0.08849845758994733,-9.773552790991069,-9.862051248581015,-8.623134892234491
481.8,-10.477098991538229,-1.1650905426589693,-0.10074841029476157,-9.97747230277817,-9.876723892483408,-8.8123817601192
481.9,-10.340556942215793,-1.1787307684655488,0.04480097034058988,-9.845563147949397,-9.890364118289988,-8.666832379483848
482.0,-10.277508885062993,-1.1913235031667444,0.11142811020078322,-9.7915287427904,-9.902956852991183,-8.600205239623655
482.1,-10.381728555848618,-1.2028546305817165,0.0066024686715777485,-9.907885511734577,-9.914487980406156,-8.705030881152862
482.2,-10.441106586950967,-1.213311007488806,-0.0564464526248776,-9.981390809938123,-9.924944357313244,-8.768079802449316
482.3,-10.446650714250332,-1.222680478845128,-0.06732492102980828,-10.001638749699374,-9.934313828669566,-8.778958270854247
482.4,-10.358358405592565,-1.2309518920773297,0.0162917882820935,-9.926293453619675,-9.942585241901769,-8.695341561542346
482.5,-10.369561177553177,-1.238115110426416,0.004327954965472117,-9.945420505285382,-9.949748460250856,-8.707305394858967
482.6,-10.423546195898007,-1.2441610253304574,-0.04335122808539579,-9.999145603240292,-9.955794375154897,-8.754984577909834
482.7,-10.30261599489969,-1.2490815678299128,0.09223233624099104,-9.86848258141336,-9.960714917654352,-8.619401013583447
482.8,-10.419466248651354,-1.252869718981255,-0.0038568726153606,-9.968359941421054,-9.964503068805694,-8.715490222439799
482.9,-10.335455767846925,-1.2555195192655388,0.10069415836335663,-9.86645871072662,-9.967152869089977,-8.610939191461082
483.0,-10.524094588770536,-1.2570260769795378,-0.07692131352426723,-10.045580740328244,-9.968659426803976,-8.788554663348705
483.1,-10.506777234495168,-1.257385575598075,-0.06771073371610158,-10.036729659138615,-9.969018925422514,-8.77934408354054
483.2,-10.423730294445521,-1.2565952800971734,-0.018627087288218613,-9.986855717209831,-9.968228629921612,-8.730260437112657
483.3,-10.310363399964999,-1.2546535422286924,0.03350914170733026,-9.932777750345801,-9.96628689205313,-8.678124208117108
483.4,-10.24525120215298,-1.2515598047381409,0.014755359073792693,-9.948437795488786,-9.96319315456258,-8.696877990750647
483.5,-10.257176715513419,-1.247314604518421,-0.09412259826426414,-10.053070552607124,-9.95894795434286,-8.805755948088702
483.6,-10.012415727412801,-1.2419195746933078,0.05253725527132966,-9.901015669246418,-9.953552924517746,-8.659096094553108
483.7,-9.912105851918854,-1.2353774456255548,0.06474822510530376,-9.88226257034469,-9.947010795449994,-8.646885124719136
483.8,-9.881184000036281,-1.2276920448455797,0.025052437488524426,-9.914272957181494,-9.939325394670018,-8.686580912335915
483.9,-9.864116035792579,-1.218868295897791,-0.008852755295060258,-9.93935440101729,-9.930501645722229,-8.720486105119498
484.0,-9.846624799720255,-1.208912216102698,-0.02570526735066047,-9.946250833277798,-9.920545565927137,-8.7373386171751
484.1,-9.811954638410493,-1.197830913234054,-0.01521943271102851,-9.924683695769522,-9.909464263058492,-8.726852782535467
484.2,-9.777284477100752,-1.1856325811113864,-0.001978425780011438,-9.899244356715837,-9.897265930935825,-8.71361177560445
484.3,-9.750361822660862,-1.1723264941093758,0.0003317479634157034,-9.8836280959704,-9.883959843933814,-8.711301601861024
484.4,-9.732917796301878,-1.1579230005866568,-0.012890197507712229,-9.882446547918807,-9.869556350411095,-8.72452354733215
484.5,-9.715473769942884,-1.142433515237723,-0.03150075029261037,-9.885567615354772,-9.854066865062162,-8.743134100117048
484.6,-9.649789548346604,-1.1258705103727338,-0.003774897785505032,-9.841278757982678,-9.837503860197172,-8.715408247609943
484.7,-9.577242812239176,-1.1082475061311252,0.03356080829736325,-9.7863200476582,-9.819880855955564,-8.678072541527076
484.8,-9.531828232762722,-1.0895790596360406,0.05030797939250065,-9.750904430067978,-9.80121240946048,-8.661325370431937
484.9,-9.549371835845015,-1.0698807530976928,0.011988639783691028,-9.769525463138441,-9.78151410292213,-8.699644710040747
485.0,-9.56691543892732,-1.0491691808748742,-0.02003068105089323,-9.780833211750206,-9.760802530699312,-8.731664030875333
485.1,-9.55813400132736,-1.027461935504923,-0.02318383491070941,-9.762279120240072,-9.739095285329363,-8.734817184735148
485.2,-9.53946074935069,-1.0047775927135332,-0.01824507912451552,-9.734656021662488,-9.716410942537973,-8.729878428948954
485.3,-9.516493529463226,-0.98113569541688,-0.014112410969175693,-9.706881456210494,-9.692769045241318,-8.725745760793615
485.4,-9.469677718020053,-0.9565567367295926,0.007516485268034839,-9.660673601285996,-9.66819008655403,-8.704116864556404
485.5,-9.422861906576852,-0.931062141993171,0.02373615834707448,-9.618959333470535,-9.64269549181761,-8.687897191477365
485.6,-9.399455728014773,-0.9046742498404765,0.013738688476903923,-9.602568911188012,-9.616307599664916,-8.697894661347535
485.7,-9.393121003649977,-0.8774162923129678,-0.012722164487272782,-9.60177180662468,-9.589049642137407,-8.72435551431171
485.8,-9.38658933441057,-0.8493123740483651,-0.034998550463254535,-9.595944274336059,-9.560945723872804,-8.746631900287694
485.9,-9.3309222158787,-0.820387450557427,-0.0015663406027060693,-9.533587140984572,-9.532020800381865,-8.713199690427144
486.0,-9.275255097346802,-0.7906673056095117,0.03957544906595617,-9.462725206367994,-9.50230065543395,-8.672057900758482
486.1,-9.263571513813202,-0.7601785277475618,0.04371845675115883,-9.428093420820842,-9.471811877572,-8.667914893073279
486.2,-9.310263402545495,-0.7289484859541004,-0.005992081509321599,-9.44657391728786,-9.44058183577854,-8.71762543133376
486.3,-9.356955291277815,-0.6970053044907538,-0.054560800220555886,-9.463199454535749,-9.408638654315192,-8.766194150044994
486.4,-9.326762173355338,-0.6643778369347287,-0.028145909134061516,-9.404157095893229,-9.376011186759168,-8.7397792589585
486.5,-9.283572679349659,-0.6310956394365543,0.007726057524496415,-9.335002931736497,-9.342728989260992,-8.703907292299942
486.6,-9.253346679440298,-0.5971889432242685,0.02720873649019773,-9.28161355655851,-9.308822293048706,-8.68442461333424
486.7,-9.256272273112412,-0.5626886263800618,0.011531525662708906,-9.262790450541791,-9.2743219762045,-8.70010182416173
486.8,-9.259197866784527,-0.5276261849162145,-0.004307151747872868,-9.243566686488526,-9.239259534740654,-8.715940501572312
486.9,-9.250104742717028,-0.4920337031779483,-0.006853372639856206,-9.210520425642244,-9.203667053002388,-8.718486722464295
487.0,-9.236026365528307,-0.4559438236015782,-0.002658913289464712,-9.170236086715482,-9.167577173426016,-8.714292263113903
487.1,-9.221947988339586,-0.4193897158570862,0.0026161166832660647,-9.12840694899826,-9.131023065681525,-8.709017233141173
487.2,-9.207869611150874,-0.3824050454049473,0.007227793092202293,-9.086810602137184,-9.094038395229386,-8.704405556732237
487.3,-9.193791233962154,-0.34502394149771404,0.008715326343373433,-9.04794196497878,-9.056657291322153,-8.702918023481065
487.4,-9.17971285677344,-0.30728096465751575,0.004510586580458071,-9.014403727901497,-9.018914314481954,-8.70712276324398
487.5,-9.16563447958472,-0.26921107366124647,-0.007264192146562133,-8.988108615632248,-8.980844423485685,-8.718897541971002
487.6,-9.151556102395999,-0.23084959206580075,-0.027009872004294912,-8.969492813894535,-8.942482941890239,-8.738643221828733
487.7,-9.094955351173144,-0.19223217430627038,-0.010661622365680728,-8.91452714649639,-8.903865524130708,-8.72229497219012
487.8,-9.03766045052211,-0.15339477140053565,0.003302842680280068,-8.861725278544695,-8.865028121224974,-8.708330507144158
487.9,-8.987846802973044,-0.11437359629417337,0.011062476503021747,-8.81494446961559,-8.826006946118612,-8.700570873321418
488.0,-8.948814701022542,-0.07520508888005487,0.013444944362217685,-8.773393494342276,-8.786838438704494,-8.69818840546222
488.1,-8.90978259907204,-0.03592588072742628,0.02394249974829194,-8.723616730803574,-8.747559230551865,-8.687690850076146
488.2,-8.910483116965041,0.00342724044435308,0.0034280602526487857,-8.704778049127437,-8.708206109380086,-8.70820528957179
488.3,-8.91901500159731,0.04281736651189308,-0.01765057222995206,-8.686466555542498,-8.668815983312546,-8.72928392205439
488.4,-8.919026016928601,0.08220750487784304,-0.02579129116736764,-8.655217136113963,-8.629425844946596,-8.737424640991806
488.5,-8.894918076224409,0.1215606145488437,-0.008760251839027412,-8.598832987114623,-8.590072735275594,-8.720393601663465
488.6,-8.870810135520216,0.16083964232501788,0.006118089462219267,-8.544675618037202,-8.550793707499421,-8.705515260362219
488.7,-8.846702194816036,0.20000755906445822,0.01606358673997796,-8.495562204020002,-8.51162579075998,-8.69556976308446
488.8,-8.822594254111843,0.23902739598600903,0.018716334749044796,-8.453889619089384,-8.47260595383843,-8.692917015075395
488.9,-8.798486313407663,0.2778622809735158,0.012186405260247701,-8.421584663590675,-8.433771068850923,-8.69944694456419
489.0,-8.77437837270347,0.3164754748446324,-0.004588815443400923,-8.399746690423207,-8.395157874979807,-8.71622216526784
489.1,-8.750270431999278,0.3548304075472287,-0.031215039119619776,-8.38801798139683,-8.35680294227721,-8.742848388944058
489.2,-8.691941855914038,0.3928907142464352,-0.031071758036960342,-8.349814393614963,-8.318742635578003,-8.742705107861399
489.3,-8.60424770749426,0.4306202712653915,-0.004619044120392973,-8.28563212267944,-8.281013078559047,-8.716252393944831
489.4,-8.51655355907453,0.4679832318428387,0.024319883768204913,-8.219330234213395,-8.2436501179816,-8.687313466056233
489.5,-8.47149413964507,0.5049440616708012,0.018282977519920807,-8.188406310633717,-8.206689288153637,-8.693350372304518
489.6,-8.428032232282504,0.5414675741757561,0.0215077285177881,-8.148658047130894,-8.170165775648682,-8.69012562130665
489.7,-8.40345701610038,0.5775189655068734,0.016939657954335312,-8.11717472636323,-8.134114384317565,-8.694693691870103
489.8,-8.408473478793864,0.6130638491951376,-0.008802849078743982,-8.107372349708045,-8.098569500629301,-8.720436198903183
489.9,-8.413489941487347,0.6480682904474246,-0.03064988921499819,-8.094214948592013,-8.063565059377014,-8.742283239039438
490.0,-8.383597496267758,0.6824988400399155,-0.018461672559605114,-8.047596182344128,-8.029134509784523,-8.730095022384043
490.1,-8.345796524758104,0.7163225677755645,-0.002803484412906879,-7.998114266461781,-7.9953107820488745,-8.714436834237345
490.2,-8.30861551634197,0.7495070954707257,0.00620508207841956,-7.955921172275294,-7.962126254353713,-8.705428267746019
490.3,-8.273386972608746,0.7820206294364532,0.007542385975074081,-7.922070334412911,-7.929612720387985,-8.704090963849364
490.4,-8.238158428875542,0.8138319924204516,0.004675722795201248,-7.893125634608786,-7.897801357403987,-8.706957627029237
490.5,-8.19665898739189,0.8449106549761383,0.005677209778223551,-7.861045485070077,-7.866722694848301,-8.705956140046215
490.6,-8.152024703237487,0.8752267662258154,0.008753653742511022,-7.827652929856113,-7.836406583598623,-8.702879696081927
490.7,-8.108923073368109,0.9047511839855081,0.009803535573632331,-7.797078630265299,-7.806882165838931,-8.701829814250807
490.8,-8.08087305677158,0.9334555042196291,-0.004730660734195398,-7.782908506339005,-7.77817784560481,-8.716364010558634
490.9,-8.052823040175067,0.9613120897942631,-0.01991430059618729,-7.770235560626363,-7.750321260030176,-8.731547650420627
491.0,-8.008969952442943,0.9882940984985367,-0.01956661425486696,-7.742905865580769,-7.723339251325902,-8.731199964079305
491.1,-7.950419300194174,1.0143755103042404,-0.0036568244390055822,-7.700914663959204,-7.697257839520198,-8.715290174263444
491.2,-7.8918686479454365,1.0395311538346084,0.014755575585228446,-7.657346620404602,-7.67210219598983,-8.69687777423921
491.3,-7.856581449857671,1.0637367320139295,0.013852997659877323,-7.634043620150631,-7.64789661781051,-8.697780352164562
491.4,-7.822678746647221,1.086968846870465,0.015993052836046847,-7.608671450117927,-7.624664502953974,-8.695640296988392
491.5,-7.799214710834752,1.1092050234659778,0.011205706854321758,-7.591222619504139,-7.602428326358461,-8.700427642970118
491.6,-7.793560067450595,1.1304237329260447,-0.010017328640250098,-7.591226945538644,-7.581209616898394,-8.72165067846469
491.7,-7.78790542406644,1.1506044145462089,-0.03252531158102003,-7.59355424685925,-7.56102893527823,-8.744158661405459
491.8,-7.738719800810153,1.169727496949953,-0.015100502102900195,-7.557006354977386,-7.541905852874486,-8.726733851927339
491.9,-7.678325888134163,1.1877744182754206,0.00856270877303237,-7.515296222775985,-7.523858931549018,-8.703070641051406
492.0,-7.6226130188448105,1.2047276453687807,0.022239779517163306,-7.484665924938494,-7.506905704455658,-8.689393570307276
492.1,-7.583405208385418,1.2205706919631414,0.01451823060689256,-7.476544427254405,-7.491062657861297,-8.697115119217546
492.2,-7.544197397926047,1.235288135822927,0.0027310359642691686,-7.473614178037242,-7.476345214001512,-8.70890231386017
492.3,-7.500182248116803,1.248865634834694,-0.007151825834185158,-7.46991954082393,-7.462767714989745,-8.718785175658624
492.4,-7.453540277080537,1.2612899420264179,-0.015625440113107958,-7.465968847911129,-7.450343407798021,-8.727258789937547
492.5,-7.405499386636766,1.272548919498384,-0.021498293772604628,-7.46058272409866,-7.439084430326055,-8.733131643597043
492.6,-7.3395251309813565,1.2826315512499185,-0.00517746731359117,-7.434179265888112,-7.42900179857452,-8.71681081713803
492.7,-7.273550875325984,1.2915279548873297,0.018526788760222734,-7.401578606176886,-7.420105394937109,-8.693106561064216
492.8,-7.237123781991404,1.2992293921995728,0.02233308721853898,-7.390070870406327,-7.412403957624866,-8.689300262605899
492.9,-7.2304730355430245,1.3057282785893203,0.0065476367218535204,-7.399357434513265,-7.405905071235118,-8.705085713102585
493.0,-7.223822289094642,1.3110181913482972,-0.000633105010935801,-7.401248263487077,-7.400615158476142,-8.712266454835374
493.1,-7.218416415683817,1.3150938767669318,-0.003817663526185661,-7.400357136583692,-7.396539473057507,-8.715451013350624
493.2,-7.213113262759793,1.3179512560695805,-0.0060556575597836455,-7.399737751314642,-7.393682093754858,-8.717689007384223
493.3,-7.204044016557379,1.3195874301678057,-0.007255009111793972,-7.399300928768427,-7.392045919656633,-8.718888358936233
493.4,-7.187964629748218,1.3200006832254085,-0.006419187803369085,-7.398051854402399,-7.39163266659903,-8.718052537627807
493.5,-7.171885242939047,1.3191904850301621,-0.010642506642462208,-7.403085371436739,-7.392442864794276,-8.7222758564669
493.6,-7.1420218375026945,1.3171574921684264,-0.004102772041827249,-7.398578629697839,-7.394475857656012,-8.715736121866266
493.7,-7.108160931858729,1.3139035480000885,0.0068660413749513675,-7.390863760449399,-7.39772980182435,-8.704767308449487
493.8,-7.080578072002697,1.3094316814325193,0.015699240130927182,-7.386502428260992,-7.402201668391919,-8.695934109693512
493.9,-7.077967636085506,1.3037461044934997,0.006443549709780111,-7.401443695621159,-7.407887245330939,-8.705189800114658
494.0,-7.075357200168313,1.2968522087043342,0.004949390832965682,-7.409831750287139,-7.414781141120105,-8.706683958991473
494.1,-7.080305914100162,1.2887565602556272,0.0023968346370545086,-7.420479954931757,-7.422876789568812,-8.709236515187385
494.2,-7.089759216059029,1.2794668939894678,-0.0011570173073028231,-7.4333234731422735,-7.432166455834971,-8.712790367131742
494.3,-7.099080960974994,1.2689921061930196,-0.0048949660146297945,-7.447536209646049,-7.442641243631419,-8.716528315839069
494.4,-7.1060191922602325,1.2573422462097779,-0.010097167742561622,-7.4643882713572225,-7.454291103614661,-8.721730517567
494.5,-7.112957423545475,1.244528506876006,-0.021467314308916467,-7.48857215725735,-7.467104842948433,-8.733100664133355
494.6,-7.092982009716911,1.2305632137911067,-0.012774549334920275,-7.493844685368252,-7.481070136033332,-8.72440789915936
494.7,-7.0436171952144475,1.2154598134319294,0.019212640959778378,-7.476960895432731,-7.49617353639251,-8.69242070886466
494.8,-6.994252380711956,1.1992328601222415,0.046643138031816286,-7.465757351670381,-7.512400489702197,-8.664990211792622
494.9,-7.003254271532556,1.1818980018698133,0.012773849279816727,-7.516961498674808,-7.529735347954626,-8.698859500544621
495.0,-7.018474362035832,1.163471965084773,-0.02886457895620069,-7.577025963695867,-7.548161384739666,-8.74049792878064
495.1,-7.0087726917125055,1.1439725381940906,-0.04586378227004252,-7.61352459390039,-7.567660811630348,-8.757497132094482
495.2,-6.948340950781618,1.1234185541682282,-0.011008108401868104,-7.599222904058078,-7.58821479565621,-8.722641458226306
495.3,-6.887909209850696,1.1018298719771598,0.026447631841161702,-7.583355846006118,-7.609803477847279,-8.685185717983277
495.4,-6.869252073800291,1.0792273569941173,0.0257389110761667,-7.606667081754154,-7.632405992830321,-8.685894438748273
495.5,-6.864141146913076,1.0556328603665495,0.014969054507139097,-7.64103143495075,-7.656000489457889,-8.6966642953173
495.6,-6.859468839203585,1.0310691973748973,0.0057114052695269885,-7.674852747180014,-7.680564152449541,-8.705921944554913
495.7,-6.856783365217078,1.0055601248008765,-0.006073781376251711,-7.712147006399814,-7.706073225023562,-8.71770713120069
495.8,-6.854097891230569,0.979130317328035,-0.02077641903050298,-7.753279451526907,-7.732503032496403,-8.732409768854941
495.9,-6.834764841355416,0.9518053429983956,-0.022804107362805203,-7.782632114188848,-7.7598280068260435,-8.734437457187244
496.0,-6.804632877913421,0.9236116377500218,-0.01701199823497957,-7.805033710309397,-7.788021712074417,-8.728645348059418
496.1,-6.773881491378092,0.8945764790613419,-0.010730098922520212,-7.827786969685617,-7.817056870763097,-8.72236344874696
496.2,-6.724544492958371,0.8647279587290395,0.01757181330606035,-7.829333577789339,-7.846905391095399,-8.694061536518378
496.3,-6.675207494538621,0.8340949548072613,0.051955872617691495,-7.825582522399486,-7.877538395017178,-8.659677477206747
496.4,-6.671387149312308,0.8027071027368108,0.04731609800642757,-7.8616101490812005,-7.908926247087628,-8.66431725181801
496.5,-6.721440238367343,0.7705947656938832,-0.006778722525344682,-7.9478173066559,-7.941038584130555,-8.718412072349784
496.6,-6.7714933274223785,0.7377890041887502,-0.05993282884010141,-8.03377717447579,-7.973844345635689,-8.771566178664541
496.7,-6.7452328611521315,0.7043215449456307,-0.0388028731517725,-8.04611467803058,-8.007311804878809,-8.75043622297621
496.8,-6.708925790100342,0.6702247490957711,-0.010405777561738626,-8.051814378290405,-8.041408600728667,-8.722039127386177
496.9,-6.680369377903367,0.6355315797165197,0.00951349211921438,-8.066588277988705,-8.076101770107918,-8.702119857705224
497.0,-6.669115125080685,0.6002755687499011,0.015421185305708173,-8.09593659576883,-8.111357781074538,-8.69621216451873
497.1,-6.657860872258002,0.5644907833348843,0.028803724178491766,-8.118338842311063,-8.147142566489554,-8.682829625645947
497.2,-6.68038382874552,0.5282117915881933,0.018349361610392606,-8.165072196625854,-8.183421558236246,-8.693283988214047
497.3,-6.715080007758387,0.49147362786911836,0.0052714817507181905,-8.214888240204601,-8.220159721955321,-8.70636186807372
497.4,-6.750307108631013,0.45431175756436915,-0.001976345225240513,-8.25929793748531,-8.25732159226007,-8.71360969504968
497.5,-6.7883053324841525,0.4167620414295458,-0.010439290254516044,-8.30531059864941,-8.294871308394892,-8.722072640078954
497.6,-6.826303556337292,0.37886069952430645,-0.021971280423206223,-8.35474393072334,-8.332772650300132,-8.733604630247646
497.7,-6.846190598024679,0.3406442747787688,-0.02122116808512644,-8.392210243130796,-8.37098907504567,-8.732854517909566
497.8,-6.853308310743951,0.30214959622910414,-0.013519164331440202,-8.423002917926775,-8.409483753595335,-8.725152514155878
497.9,-6.860116363611734,0.2634137419606626,-0.008775204104374285,-8.456994811968151,-8.448219607863777,-8.720408553928813
498.0,-6.841849685542551,0.22447400179730442,0.021591692324514085,-8.46556765570262,-8.487159348027134,-8.690041657499924
498.1,-6.823583007473367,0.18536783977591204,0.055851712144192725,-8.470413797904333,-8.526265510048527,-8.655781637680246
498.2,-6.853393640969408,0.14613285644530966,0.04744891689943664,-8.518051576479692,-8.56550049337913,-8.664184432925001
498.3,-6.94491623859213,0.1068067510290315,-0.01779372203812184,-8.62262032083353,-8.604826598795407,-8.72942707186256
498.4,-7.0364388362148,0.06742728349154917,-0.07975233546219543,-8.723958401795086,-8.64420606633289,-8.791385685286635
498.5,-7.030796336629573,0.0280322365476951,-0.04224645799390204,-8.725847571270645,-8.683601113276744,-8.753879807818342
498.6,-7.009808789639685,-0.011340622344896523,0.013751561701301901,-8.709222410468033,-8.722973972169335,-8.697881788123137
498.7,-7.018258149684829,-0.05065357897046835,0.0461892536114252,-8.716097675183482,-8.762286928794907,-8.665444096213013
498.8,-7.099016315723918,-0.0898690102770798,0.0157091747630748,-8.785793185338443,-8.801502360101518,-8.695924175061364
498.9,-7.179774481762961,-0.1289494221959938,-0.002631998941729533,-8.843214770962161,-8.840582772020433,-8.714265348766169
499.0,-7.26053264780205,-0.16785748731878664,-0.008076610417356862,-8.887567447560583,-8.879490837143225,-8.719709960241795
499.1,-7.341290813841138,-0.20655608239258877,-0.0023309455133792376,-8.920520377730407,-8.918189432217028,-8.713964295337817
499.2,-7.424741651247216,-0.24500832559404212,0.008034086116004546,-8.948607589302476,-8.956641675418481,-8.703599263708433
499.3,-7.52463321909784,-0.283177613542776,0.004094097131286867,-8.990716866235928,-8.994810963367215,-8.707539252693152
499.4,-7.624524786948408,-0.32102765801546823,-0.002941857639881485,-9.035602865479788,-9.032661007839907,-8.71457520746432
499.5,-7.708636256679586,-0.35852252232186127,-0.0011848713785079265,-9.071340743524807,-9.0701558721463,-8.712818221202946
499.6,-7.780669349527705,-0.3956266573044505,0.004403249714405751,-9.102856757414484,-9.10726000712889,-8.707230100110033
499.7,-7.852702442375783,-0.4323049369239512,0.003986949369003932,-9.139951337379387,-9.14393828674839,-8.707646400455435
499.8,-7.96427883560036,-0.4685226933930822,-0.03612605531163493,-9.216282098529156,-9.18015604321752,-8.747759405136074
499.9,-8.076168320823488,-0.5042457518216746,-0.06824652945210861,-9.284125631098222,-9.215879101646113,-8.779879879276548
500.0,-8.146417608994478,-0.5394404643366295,-0.04165274849764264,-9.29272656265871,-9.251073814161067,-8.753286098322082
500.1,-8.158653880674162,-0.5740737436407986,0.06577916026922914,-9.219927933196008,-9.285707093465238,-8.645854189555209
500.2,-8.170890152353842,-0.6081130959754583,0.1954877120679881,-9.124258733731908,-9.319746445799897,-8.51614563775645
500.3,-8.439359062412487,-0.6415266534516763,0.0829106925253571,-9.270249310750758,-9.353160003276114,-8.628722657299082
500.4,-8.755347745315387,-0.674283205716542,-0.07752706407159475,-9.463443619612576,-9.38591655554098,-8.789160413896033
500.5,-8.993187638256527,-0.7063522309209396,-0.1753318424988698,-9.593317423244248,-9.417985580745379,-8.88696519232331
500.6,-9.018945284470693,-0.7377039259562879,-0.08642892571464704,-9.535766201495374,-9.449337275780726,-8.798062275539086
500.7,-9.044702930684842,-0.7683092359284516,-0.02324854745664199,-9.503191133209532,-9.479942585752891,-8.734881897281081
500.8,-9.067152615260886,-0.7981398828378459,0.02662417284134333,-9.483149059820942,-9.509773232662285,-8.685009176983096
500.9,-9.088150403043196,-0.8271683934356076,0.07556584284367257,-9.463235900416374,-9.538801743260047,-8.636067506980766
501.0,-9.126934842945346,-0.8553681262265884,0.11718479290934809,-9.449816683141679,-9.567001476051027,-8.59444855691509
501.1,-9.295323060064103,-0.8827132975908474,0.04543181454628305,-9.548914832869002,-9.594346647415286,-8.666201535278155
501.2,-9.463711277182766,-0.9091790069962618,-0.013836381902114149,-9.634648738722815,-9.6208123568207,-8.725469731726553
501.3,-9.599150685549883,-0.9347412612758618,-0.03928151558572409,-9.685656126686025,-9.6463746111003,-8.750914865410163
501.4,-9.707235470673433,-0.9593769979444977,-0.05122827655964071,-9.722238624328577,-9.671010347768936,-8.76286162638408
501.5,-9.815320255797046,-0.9830641075304898,-0.0892437014694683,-9.783941158824398,-9.694697457354929,-8.800877051293908
501.6,-9.783645537473749,-1.0057814548989688,-0.019066566016083294,-9.73648137073949,-9.717414804723408,-8.730699915840521
501.7,-9.747958161898074,-1.0275088995447135,0.02602601949157325,-9.71311622987758,-9.739142249369152,-8.685607330332866
501.8,-9.719321656176145,-1.048227314833401,0.043582884454929485,-9.71627778020291,-9.75986066465784,-8.66805046536951
501.9,-9.701359088385905,-1.0679186061713248,0.040965019312344926,-9.738586936683419,-9.779551955995764,-8.670668330512093
502.0,-9.683396520595654,-1.086565728084801,0.038246895410748466,-9.759952182498491,-9.79819907790924,-8.67338645441369
502.1,-9.699238872352437,-1.1041527001916576,0.006850273384164995,-9.80893577663193,-9.815786050016097,-8.704783076440274
502.2,-9.722326441350436,-1.1206646220484144,-0.026108778764339306,-9.858406750637192,-9.832297971872853,-8.737742128588778
502.3,-9.732193613301956,-1.1360876868579683,-0.04293073801799589,-9.890651774700403,-9.847721036682406,-8.754564087842434
502.4,-9.702231902620563,-1.1504091940238494,-0.020857275775508412,-9.882899819623796,-9.862042543848288,-8.732490625599947
502.5,-9.672270191939152,-1.1636175605383539,-0.0026390180305283784,-9.877889928393321,-9.875250910362793,-8.714272367854967
502.6,-9.641970050822735,-1.1757023311931376,0.011111920703821271,-9.876223760313755,-9.887335681017577,-8.700521429120618
502.7,-9.611506899511628,-1.1866541876021268,0.02119869617747449,-9.87708884124909,-9.898287537426565,-8.690434653646964
502.8,-9.584773824102916,-1.1964649560278984,0.025908509967639395,-9.882189795884697,-9.908098305852338,-8.6857248398568
502.9,-9.59138056602231,-1.2051276140039806,-0.0018336816308720753,-9.918594645459292,-9.91676096382842,-8.71346703145531
503.0,-9.597987307941711,-1.2126362957468368,-0.026393007374057136,-9.950662652945333,-9.924269645571275,-8.738026357198496
503.1,-9.58528671098517,-1.2189862963526126,-0.026745088261231145,-9.957364734438283,-9.930619646177052,-8.73837843808567
503.2,-9.555210451330609,-1.2241740747750463,-0.00403738565875978,-9.939844810258245,-9.935807424599485,-8.715670735483199
503.3,-9.525134191676031,-1.2281972555822742,0.023591422951776044,-9.916239182454937,-9.939830605406712,-8.688041926872662
503.4,-9.535464977473586,-1.2310546294915856,0.012611683231721712,-9.930076296084302,-9.942687979316025,-8.699021666592717
503.5,-9.547831495754082,-1.232746152682518,-0.004707936776403975,-9.94908743928336,-9.944379502506957,-8.716341286600843
503.6,-9.52284578884755,-1.233272944890012,0.0020072185800415476,-9.94289907613441,-9.94490629471445,-8.709626131244397
503.7,-9.436329498562676,-1.2326372862806665,0.04613198837834177,-9.898138647726764,-9.944270636105106,-8.665501361446097
503.8,-9.349813208277755,-1.2308426131164767,0.0558179012548515,-9.886658061686063,-9.942475962940915,-8.655815448569587
503.9,-9.30499816545626,-1.227893512211734,-0.017282210844094814,-9.956809072880267,-9.939526862036173,-8.728915560668533
504.0,-9.270384676262239,-1.2237957141901026,-0.14132255851459868,-10.076751622529141,-9.935429064014542,-8.852955908339037
504.1,-9.114816646844348,-1.2185560855501771,-0.1757120696141331,-10.105901504988749,-9.930189435374615,-8.887345419438573
504.2,-8.55702083928064,-1.2121826195491323,0.17881717136280997,-9.74499879801076,-9.923815969373571,-8.532816178461628
504.3,-8.45910476734228,-1.204684425915355,0.08316029753778512,-9.833157478202008,-9.916317775739794,-8.628473052286653
504.4,-8.361188695403976,-1.196071719402227,0.01986103625790328,-9.887844032968763,-9.907705069226665,-8.691772313566535
504.5,-8.263272623465616,-1.18635580719648,0.006287103584723744,-9.891702053436195,-9.897989157020918,-8.705346246239715
504.6,-8.234907996560624,-1.1755490751957987,-0.01790862884030861,-9.905091053860545,-9.887182425020237,-8.729541978664747
504.7,-8.274174261966175,-1.1636649731715643,-0.05018915256356522,-9.925487475559567,-9.875298322996002,-8.761822502388004
504.8,-8.31344052737175,-1.1507179988338507,-0.029633519617953345,-9.891984868276243,-9.86235134865829,-8.741266869442391
504.9,-8.35448115107914,-1.1367236808169676,0.0298251386942986,-9.818531891947108,-9.848357030641406,-8.68180821113014
505.0,-8.492322877697868,-1.1216985606050234,0.017334823289428355,-9.815997087140033,-9.833331910429463,-8.694298526535011
505.1,-8.630164604316594,-1.1056601734181206,0.011773484773761922,-9.805520038468797,-9.81729352324256,-8.699859865050676
505.2,-8.768006330935242,-1.0886270280809298,-0.005262063129406703,-9.805522441034775,-9.800260377905369,-8.716895412953846
505.3,-8.84982149046794,-1.070618585896479,0.0052831303779204055,-9.776968805342998,-9.782251935720918,-8.706350219446518
505.4,-8.884483535528586,-1.0516552385490803,0.021170846159321216,-9.742117742214198,-9.76328858837352,-8.690462503665117
505.5,-8.919145580589253,-1.0317582850613571,-0.01239335245832708,-9.755784987344123,-9.743391634885796,-8.724026702282766
505.6,-8.938384860788842,-1.0109499078313553,-0.0803795199287267,-9.80296277758452,-9.722583257655794,-8.792012869753165
505.7,-8.782642401392126,-0.9892531477767155,-0.016065837157730446,-9.716952334758885,-9.700886497601154,-8.72769918698217
505.8,-8.626899941995323,-0.9666918786138423,0.018910382136625232,-9.659414846301656,-9.67832522843828,-8.692722967687814
505.9,-8.471157482598608,-0.9432907803009338,0.0410935091703917,-9.613830620954982,-9.654924130125373,-8.670539840654047
506.0,-8.354460396039585,-0.9190753116746327,0.027375673934760154,-9.603332987564311,-9.630708661499071,-8.684257675889679
506.1,-8.260400990098978,-0.8940716823109216,0.006063425527210873,-9.599641606608149,-9.60570503213536,-8.705569924297228
506.2,-8.166341584158424,-0.8683068236417144,0.005646903107621292,-9.574293270358531,-9.579940173466152,-8.705986446716818
506.3,-8.084017543859646,-0.8418083593593871,0.014091581200921185,-9.539350127982905,-9.553441709183826,-8.697541768623518
506.4,-8.04892982456141,-0.8146045751422479,-0.0089169199423852,-9.535154844909071,-9.526237924966686,-8.720550269766823
506.5,-8.013842105263155,-0.7867243877346644,-0.02272951166170686,-9.52108724922081,-9.498357737559104,-8.734362861486145
506.6,-7.9787543859649,-0.7581973134162483,-0.03277319297352433,-9.502603856214211,-9.469830663240687,-8.744406542797963
506.7,-7.925499266216617,-0.7290534358951384,-0.0229679278639894,-9.463654713583566,-9.440686785719578,-8.734601277688428
506.8,-7.867090108599936,-0.6993233736610237,-0.004352349675514688,-9.415309073160977,-9.410956723485462,-8.715985699499953
506.9,-7.808680950983289,-0.6690382468341152,0.023033185734846938,-9.357638410923707,-9.380671596658553,-8.688600164089591
507.0,-7.783179728933407,-0.6382296435467901,0.03238339976395134,-9.317479593607278,-9.349862993371229,-8.679249950060488
507.1,-7.813232763700649,-0.6069295858951173,0.005616716118497154,-9.31294621960106,-9.318562935719555,-8.706016633705941
507.2,-7.843285798467874,-0.5751704954979071,-0.0006826958468970669,-9.287486541169242,-9.286803845322346,-8.712316045671336
507.3,-7.873338833235116,-0.542985158701326,0.010120042250052745,-9.244498466275711,-9.254618508525764,-8.701513307574386
507.4,-7.931291124260331,-0.5104066914674672,0.0028018891265973976,-9.219238152165309,-9.222040041291907,-8.70883146069784
507.5,-7.989871005917155,-0.47746850398558005,-0.005134796015978869,-9.194236649825998,-9.189101853810019,-8.716768145840417
507.6,-8.04845088757398,-0.4442042650449228,-0.0231474319755075,-9.178985046844868,-9.15583761486936,-8.734780781799946
507.7,-8.059741532976828,-0.4106478662084291,-0.012176042265451104,-9.134457258298319,-9.122281216032867,-8.72380939208989
507.8,-8.039242424242424,-0.3768333858265537,0.007569824580676062,-9.080896911070317,-9.088466735650993,-8.704063525243763
507.9,-8.01874331550803,-0.3427950529307945,0.003900643892967341,-9.050527758862266,-9.054428402755233,-8.707732705931472
508.0,-7.988331345064136,-0.30856721104648077,-0.009532800315325307,-9.029733361186246,-9.020200560870919,-8.721166150139764
508.1,-7.925104384133605,-0.27418428196445765,-0.0029560985490032963,-8.9887737303379,-8.985817631788896,-8.714589448373442
508.2,-7.861877423203109,-0.23968072951129749,-0.0007654911878617942,-8.952079570523598,-8.951314079335736,-8.7123988410123
508.3,-7.798650462272577,-0.20509102335762525,0.005134109802299451,-8.911590263379765,-8.916724373182063,-8.70649924002214
508.4,-7.7515239520958135,-0.17044960290405187,0.004625573461033813,-8.877457379267456,-8.88208295272849,-8.707007776363405
508.5,-7.706613772455085,-0.13579084128407848,0.014176311062717373,-8.8332478800458,-8.847424191108518,-8.697457038761721
508.6,-7.661703592814356,-0.10114900952315359,0.03480066646352347,-8.777981692884069,-8.812782359347592,-8.676832683360916
508.7,-7.654126578472639,-0.06655824089284385,0.024959916834576455,-8.753231673882706,-8.778191590717283,-8.686673432989862
508.8,-7.67848015634396,-0.03205249549881206,-0.015251616259541136,-8.758937461582791,-8.74368584532325,-8.72688496608398
508.9,-7.702833734215268,0.0023344748590134468,-0.05782077891558125,-8.767119653881007,-8.709298874965425,-8.76945412874002
509.0,-7.705541201328105,0.0365691615160475,-0.08154381431839292,-8.756608002626784,-8.675064188308392,-8.793177164142831
509.1,-7.628269846060957,0.07061833342479987,-0.024504495446005317,-8.665519511845645,-8.641015016399638,-8.736137845270443
509.2,-7.550998490793853,0.10444907125157274,0.039349400052477224,-8.567834878520388,-8.607184278572866,-8.67228394977196
509.3,-7.4737271355267065,0.13802880105138657,0.11527814690277355,-8.458326401870279,-8.573604548773051,-8.596355202921664
509.4,-7.541545454545437,0.17132532748493728,0.059359384554317864,-8.480948637785184,-8.540308022339502,-8.65227396527012
509.5,-7.625484848484855,0.20430686654195013,-0.003993628433257394,-8.511320111715746,-8.507326483282489,-8.715626978257696
509.6,-7.709424242424272,0.23694207773589504,-0.06790334153917771,-8.542594613627722,-8.474691272088544,-8.779536691363617
509.7,-7.709037735849055,0.2692000957356703,-0.05873224051638882,-8.501165494605157,-8.442433254088769,-8.770365590340827
509.8,-7.652433962264135,0.3010505614005386,-0.012821920278298093,-8.423404708702199,-8.4105827884239,-8.724455270102737
509.9,-7.5958301886792485,0.332463652185318,0.01071101311223474,-8.368458684526885,-8.37916969763912,-8.700922336712203
510.0,-7.540120342089178,0.36341011188357963,0.014317052079006264,-8.333906185861853,-8.348223237940859,-8.697316297745433
510.1,-7.48636346976174,0.39386127967739754,0.005482136358317935,-8.312289933788723,-8.317772070147042,-8.706151213466121
510.2,-7.432606597434331,0.4237891184630162,-0.002453588236778573,-8.290297819598202,-8.287844231361422,-8.714086938061218
510.3,-7.380079754601223,0.4531662424226613,0.000625781908125506,-8.257841325493652,-8.258467107401778,-8.711007567916313
510.4,-7.357073619631907,0.48196594381360847,-0.005001258649680521,-8.23466866466051,-8.22966740601083,-8.71663460847412
510.5,-7.334067484662578,0.5101622189465511,0.013917378005695556,-8.187553752872192,-8.201471130877888,-8.697715971818743
510.6,-7.311061349693249,0.5377297933262566,0.0553320091497838,-8.118571547348399,-8.173903556498182,-8.656301340674656
510.7,-7.372781644594988,0.5646441459284897,0.02720823985347767,-8.119780964042471,-8.146989203895949,-8.684425109970961
510.8,-7.458399137665531,0.5908815325881895,-0.020127200985129597,-8.140879018221378,-8.120751817236249,-8.731760550809568
510.9,-7.544016630736027,0.6164190084749295,-0.07333163097856253,-8.168545972328072,-8.095214341349509,-8.784964980803002
511.0,-7.552685837971564,0.6412344496327524,-0.06290364049698517,-8.133302540688671,-8.070398900191686,-8.774536990321424
511.1,-7.493935064935061,0.6653065735625672,-0.0008029787810847067,-8.047129755042956,-8.046326776261871,-8.712436328605524
511.2,-7.435184291898593,0.6886149588264041,0.04802514966244864,-7.974993241335586,-8.023018390998034,-8.66360820016199
511.3,-7.401145561762879,0.7111400636539671,0.06436932891845737,-7.936123957252014,-8.000493286170471,-8.64726402090598
511.4,-7.425043761638724,0.732863243533075,0.0209906669786454,-7.957779439312718,-7.978770106291364,-8.690642682845793
511.5,-7.448941961514582,0.7537667677667642,-0.01965223784494409,-7.977518819902619,-7.957866582057674,-8.731285587669383
511.6,-7.468263715710723,0.7738338349810214,-0.05064643630739852,-7.9884459511508155,-7.937799514843418,-8.762279786131836
511.7,-7.432727556109733,0.793048587568326,-0.0212571415382328,-7.9398419037943455,-7.9185847622561125,-8.73289049136267
511.8,-7.397191396508724,0.8113961250534133,0.012890271361024774,-7.887346953410001,-7.9002372247710255,-8.698743078463414
511.9,-7.361655236907734,0.8288625163689097,0.050328544423661734,-7.832442289031867,-7.882770833455529,-8.661304805400777
512.0,-7.393446322378716,0.845434811029748,0.021925567511145785,-7.844272971283544,-7.86619853879469,-8.689707782313294
512.1,-7.435386854460094,0.8611010491965394,-0.016805069190129234,-7.867337369818029,-7.850532300627899,-8.728438419014568
512.2,-7.477327386541472,0.8758502706193505,-0.05654204515136858,-7.892325124356457,-7.835783079205088,-8.768175394975808
512.3,-7.4615575109994055,0.8896725224546236,-0.038986965995490286,-7.860947793365305,-7.821960827369815,-8.75062031581993
512.4,-7.417874292897564,0.9025588659492663,0.007992417337396501,-7.801082066537776,-7.809074483875173,-8.703640932487042
512.5,-7.374191074795722,0.9145013819872366,0.05880645882179706,-7.7383255090154055,-7.797131967837202,-8.652826891002642
512.6,-7.386145110410123,0.925493175495247,0.05915786087872307,-7.726982313450469,-7.786140174329192,-8.652475488945715
512.7,-7.455545741324964,0.9355283787055155,0.006668184629286422,-7.769436786489637,-7.776104971118923,-8.704965165195151
512.8,-7.524946372239725,0.9446021532747976,-0.043486363179398364,-7.810517559729039,-7.767031196549641,-8.755119713003838
512.9,-7.563330376940136,0.9527106912602303,-0.06299650000411854,-7.821919158568327,-7.758922658564209,-8.774629849828557
513.0,-7.536406081723151,0.9598512149538267,-0.019206124177849972,-7.770988259048462,-7.751782134870612,-8.73083947400229
513.1,-7.509481786506166,0.9660219755787505,0.02281432045434682,-7.722797053791341,-7.745611374245688,-8.688819029370093
513.2,-7.495606870229042,0.9712222508517953,0.05181235556267301,-7.688598743409971,-7.740411098972643,-8.659820994261766
513.3,-7.547769720101772,0.975452341417778,0.0170778149332866,-7.719103193473374,-7.7361810084066605,-8.694555534891153
513.4,-7.599932569974561,0.9787135661628308,-0.013692023857566928,-7.746611807519175,-7.7329197836616075,-8.725325373682006
513.5,-7.651046949856276,0.9810082564148424,-0.038993847254110627,-7.769618940663707,-7.730625093409596,-8.750627197078549
513.6,-7.653282657297988,0.9823397490405583,-0.01178819225685024,-7.74108179304073,-7.729293600783881,-8.723421542081288
513.7,-7.6555183647397005,0.9827123784500889,0.017224119374547407,-7.711696851999802,-7.72892097137435,-8.69440923044989
513.8,-7.65775407218141,0.9821314675208046,0.045458090990776946,-7.684043791312857,-7.729501882303634,-8.666175258833661
513.9,-7.710789355562659,0.9806033174538132,0.01918369466490389,-7.711846337705722,-7.731030032370626,-8.692449655159535
514.0,-7.770103238217384,0.9781351965774054,-0.019589919901536433,-7.75308807314857,-7.733498153247034,-8.731223269725975
514.1,-7.829417120872109,0.9747353281130384,-0.06564471746565467,-7.8025427391770545,-7.736898021711401,-8.777278067290093
514.2,-7.807491787439579,0.970412876920582,-0.03655691003290179,-7.777777382936758,-7.741220472903857,-8.74819025985734
514.3,-7.761437037037052,0.9651779352406923,0.013914008108429007,-7.732541406475318,-7.746455414583746,-8.69771934171601
514.4,-7.715382286634472,0.9590415074532896,0.06599238713990876,-7.68659945523124,-7.7525918423711495,-8.64564096268453
514.5,-7.7449883645765984,0.9520154938722132,0.04764737648109355,-7.711970479471132,-7.759617855952225,-8.663985973343346
514.6,-7.812538461538479,0.9441126735971875,-0.0018278520111623259,-7.769348528238414,-7.767520676227251,-8.713461201835601
514.7,-7.88008855850036,0.9353466864452822,-0.04517517429168533,-7.821461837670842,-7.776286663379157,-8.756808524116124
514.8,-7.9058438818565415,0.9257320139850519,-0.042662400434910173,-7.8285637362742975,-7.7859013358393865,-8.754295750259349
514.9,-7.900326192794547,0.9152839596975383,-0.006961968816596114,-7.803311358943496,-7.796349390126901,-8.718595318641034
515.0,-7.894808503732553,0.9040186282892629,0.02932631152036117,-7.778288410014815,-7.807614721535176,-8.682307038304078
515.1,-7.921767275097817,0.8919529041832727,0.033438975483593945,-7.786241470157572,-7.819680445641166,-8.678194374340844
515.2,-7.9823930899609215,0.8791044292151838,0.004687300713116354,-7.827841619896138,-7.8325289206092545,-8.706946049111322
515.3,-8.043018904823956,0.8654915795620406,-0.022271342038493156,-7.868413112300892,-7.846141770262398,-8.733904691862932
515.4,-8.087692307692299,0.8511334419326246,-0.030174363551383566,-7.890674271443197,-7.860499907891814,-8.741807713375822
515.5,-8.110605564648118,0.8360497890486491,-0.011785834649149783,-7.8873693954249395,-7.875583560775789,-8.723419184473588
515.6,-8.13351882160394,0.8202610544470218,0.01218718605027087,-7.879185109327146,-7.891372295377417,-8.699446163774168
515.7,-8.170607095926465,0.8037883066340894,0.027457012446087135,-7.880388030744262,-7.907845043190349,-8.684176337378352
515.8,-8.232039421813404,0.7866532226234533,0.021855526691869,-7.903124600509116,-7.924980127200985,-8.68977782313257
515.9,-8.293471747700412,0.7688780608895942,0.015735215070802288,-7.927020073864043,-7.942755288934844,-8.695898134753637
516.0,-8.354241174529884,0.7504856337701515,0.004647335036297573,-7.95650038101799,-7.961147716054287,-8.706986014788141
516.1,-8.413627515671418,0.7314992793502668,-0.015164185567609952,-7.995298256041782,-7.980134070474172,-8.726797535392048
516.2,-8.473013856812953,0.711942832862932,-0.04689293294369375,-8.046583449905201,-7.999690516961507,-8.758526282768132
516.3,-8.504611994698502,0.6918405976397687,-0.06051877614951705,-8.080311528334187,-8.01979275218467,-8.772152125973955
516.4,-8.469158051689874,0.6712173156471086,-0.010633772280439609,-8.051049806457769,-8.04041603417733,-8.722267122104878
516.5,-8.433704108681246,0.6500981376426537,0.04383720516490978,-8.017698007016875,-8.061535212181784,-8.66779614465953
516.6,-8.432243180306079,0.6285085929883534,0.07587578929396468,-8.00724896754212,-8.083124756836085,-8.635757560530473
516.7,-8.520400199600834,0.6064745591554563,0.032669400464683127,-8.0724893902043,-8.105158790668982,-8.678963949359755
516.8,-8.60855721889549,0.5840222309579736,0.0010245543758417297,-8.126586564490623,-8.127611118866465,-8.710608795448596
516.9,-8.689441883767508,0.561178089551022,-0.019400895215107582,-8.169856155488525,-8.150455260273416,-8.731034245039547
517.0,-8.750564128256501,0.537968871230709,-0.02576771017483732,-8.199432188768567,-8.17366447859373,-8.737401059999277
517.1,-8.811686372745495,0.5144215360723674,-0.04600351910404535,-8.243215332856117,-8.197211813752071,-8.757636868928484
517.2,-8.841982562038881,0.49056323644405087,-0.05314095118518937,-8.274211064565577,-8.221070113380389,-8.764774301009629
517.3,-8.791010060362193,0.46642128543226435,0.004732668313051219,-8.240479396079124,-8.245212064392174,-8.706900681511387
517.4,-8.740037558685446,0.44202312521691806,0.05208051481288752,-8.217529709794633,-8.26961022460752,-8.659552835011551
517.5,-8.718802963960945,0.4173962954324677,0.06664686994173188,-8.22759018445024,-8.29423705439197,-8.644986479882707
517.6,-8.769325025261049,0.39256840155213235,0.0129428591141519,-8.306122089158155,-8.319064948272306,-8.698690490710288
517.7,-8.819847086561152,0.3675670833319679,-0.03342386345283732,-8.377490129945308,-8.34406626649247,-8.745057213277276
517.8,-8.84764705882354,0.3424199833514187,-0.04886377965708047,-8.4180771461301,-8.36921336647302,-8.76049712948152
517.9,-8.82803921568628,0.3171547156867664,-0.01006808179566301,-8.404546715933336,-8.394478634137672,-8.721701431620101
518.0,-8.80843137254902,0.29179883475365526,0.03299227891731257,-8.386842236153472,-8.419834515070784,-8.678641070907126
518.1,-8.821849915110374,0.2663798043545865,0.044446678455082975,-8.400806867014769,-8.445253545469852,-8.667186671369356
518.2,-8.892478098472026,0.2409249669669481,-0.002282210099416343,-8.472990592956908,-8.47070838285749,-8.713915559923855
518.3,-8.9631062818336,0.21546151330677626,-0.051244945072571726,-8.547416781590234,-8.496171836517663,-8.76287829489701
518.4,-8.988067166723491,0.19001645220303715,-0.05639673566494763,-8.57801363328635,-8.521616897621401,-8.768030085489386
518.5,-8.95022195704057,0.16461658081676453,0.0013297302767799474,-8.545687038730895,-8.547016769007675,-8.710303619547659
518.6,-8.91237674735765,0.13928845523890088,0.06167578306830479,-8.510669111517233,-8.572344894585537,-8.649957566756134
518.7,-8.935935980828509,0.1140583615001583,0.06496448409738703,-8.532610504226893,-8.597574988324281,-8.646668865727051
518.8,-9.02391954809991,0.0889522870256485,0.007993954570063123,-8.614687108228727,-8.62268106279879,-8.703639395254376
518.9,-9.11190311537141,0.06399589256642269,-0.04688867762011055,-8.694526134878126,-8.647637457258016,-8.758522027444549
519.0,-9.147661051907873,0.03921448463942162,-0.05028257668548874,-8.722701441870505,-8.672418865185017,-8.761915926509927
519.1,-9.143535922997593,0.014632988506653288,-0.01656887127849018,-8.713569232596276,-8.697000361317786,-8.72820222110293
519.2,-9.139410794087313,-0.009724078276298453,0.014075405811387942,-8.707282022289348,-8.721357428100736,-8.69755794401305
519.3,-9.157994475138107,-0.033832631713080374,0.02026895089080861,-8.72519703064671,-8.745465981537519,-8.69136439893363
519.4,-9.1883812154696,-0.05766904659212396,0.014863570015567517,-8.754438826400996,-8.769302396416563,-8.696769779808871
519.5,-9.218767955801091,-0.0812101810571931,0.01100228056268018,-8.781841250318951,-8.792843530881632,-8.700631069261759
519.6,-9.251355979202764,-0.10443340049602229,0.006438305002941327,-8.80962844531752,-8.816066750320461,-8.705195044821497
519.7,-9.284631542461003,-0.1273166007210202,0.0012784188954894932,-8.837671531649969,-8.838949950545459,-8.710354930928949
519.8,-9.317907105719204,-0.1498382304169219,-0.00576890612676247,-8.867240486368123,-8.86147158024136,-8.717402255951201
519.9,-9.34763256784967,-0.17197731283121168,-0.012511365115390924,-8.89612202777104,-8.88361066265565,-8.724144714939829
520.0,-9.376860125260958,-0.19371346668410055,-0.021681515396825217,-8.927028331905365,-8.905346816508539,-8.733314865221264
520.1,-9.405988465571477,-0.21502692627583592,-0.03130560360611761,-8.957965879706393,-8.926660276100275,-8.742938953430556
520.2,-9.402143656064311,-0.2358985607701346,-0.004733224042913802,-8.952265134637488,-8.947531910594574,-8.716366573867353
520.3,-9.39829884655715,-0.25630989263357035,0.028624315153283893,-8.939318927304726,-8.96794324245801,-8.683009034671155
520.4,-9.406563355563323,-0.276243115211809,0.057962757641834006,-8.929913707394414,-8.987876465036248,-8.653670592182605
520.5,-9.487995436995424,-0.2956811094246672,0.019698367750741064,-8.987616091498365,-9.007314459249105,-8.691934982073697
520.6,-9.569427518427528,-0.31460745956307296,-0.019641190991502494,-9.045882000379015,-9.026240809387511,-8.73127454081594
520.7,-9.618534178999287,-0.33300646817212837,-0.037188929933770196,-9.081828747930338,-9.044639817996567,-8.748822279758208
520.8,-9.589640591966196,-0.35086317000561196,0.002933609045177629,-9.059562910784873,-9.06249651983005,-8.708699740779261
520.9,-9.560747004933072,-0.36816334503841286,0.015457707530717707,-9.064338987332134,-9.079796694862852,-8.69617564229372
521.0,-9.521493276716233,-0.3848935305245571,0.008490957847872703,-9.088035922501124,-9.096526880348996,-8.703142391976566
521.1,-9.469830148619973,-0.4010410320896682,-0.011557683566172046,-9.124232065480278,-9.112674381914108,-8.723191033390611
521.2,-9.418167020523713,-0.41659393384789467,-0.04578009099318203,-9.174007374665516,-9.128227283672333,-8.75741344081762
521.3,-9.338201137171374,-0.4315411075345436,-0.04883806341131515,-9.192012520770298,-9.143174457358983,-8.760471413235754
521.4,-9.241541577825213,-0.44587222064686505,-0.01260988977179012,-9.170115460243094,-9.157505570471304,-8.724243239596229
521.5,-9.144882018479054,-0.45957774358665643,0.06411675184693696,-9.107094341564158,-9.171211093411095,-8.647516597977502
521.6,-9.196807280513916,-0.472648955799575,0.043853327696684846,-9.140428977927328,-9.184282305624013,-8.667780022127754
521.7,-9.282460385438977,-0.4850779509072766,0.04191539041160431,-9.15479591032011,-9.196711300731716,-8.669717959412834
521.8,-9.369939089931702,-0.4968576408297286,0.07894568639599295,-9.129545304258174,-9.208490990654168,-8.632687663428445
521.9,-9.59602293084901,-0.5079817588962768,-0.002336915037525679,-9.221952023758242,-9.219615108720715,-8.713970264861965
522.0,-9.822106771766318,-0.518444861945277,-0.08751225483290026,-9.317590466602615,-9.230078211769715,-8.799145604657339
522.1,-9.991129902842747,-0.5282423314133311,-0.1405307343076873,-9.380406415545457,-9.23987568123777,-8.852164084132125
522.2,-9.960183519251514,-0.5373703734163953,-0.03067785623438267,-9.279681579475216,-9.249003723240834,-8.74231120605882
522.3,-9.929237135660316,-0.5458260178262454,0.04101191199687539,-9.216447455653809,-9.257459367650684,-8.670621437827563
522.4,-9.918081647398845,-0.5536071163470052,0.06316942620225643,-9.202071039969187,-9.265240466171443,-8.648463923622183
522.5,-9.931809971098264,-0.5607123395976453,0.044145325639934854,-9.228200363782149,-9.272345689422083,-8.667488024184504
522.6,-9.945538294797686,-0.567141173207562,0.02212423494301218,-9.256650288088988,-9.278774523032,-8.689509114881426
522.7,-9.965919811320756,-0.5728939129335323,-0.0003126575457733198,-9.284839920303744,-9.28452726275797,-8.711946007370212
522.8,-9.989504716981118,-0.5779716588075158,-0.016249015458865562,-9.30585402409082,-9.289605008631954,-8.727882365283305
522.9,-10.013089622641507,-0.5823763083259368,-0.024332176602612002,-9.318341834752987,-9.294009658150376,-8.735965526427051
523.0,-10.014665209471767,-0.5861105486922287,-0.007860783683696141,-9.305604682200364,-9.297743898516668,-8.719494133508135
523.1,-10.014300910746812,-0.5891778481255499,0.0066894654278893744,-9.294121732522099,-9.300811197949988,-8.704943884396549
523.2,-10.015209659714603,-0.5915824462496972,0.01075180446158761,-9.292463991612548,-9.303215796074136,-8.70088154536285
523.3,-10.02216172703988,-0.5933293435773358,-0.003190636392934528,-9.30815332979471,-9.304962693401775,-8.714823986217374
523.4,-10.029113794365163,-0.5944242901057376,-0.028448293011800435,-9.334505932941976,-9.306057639930176,-8.74008164283624
523.5,-10.004323659074236,-0.5948737730412738,-0.029331157689048794,-9.33583828055476,-9.306507122865712,-8.740964507513487
523.6,-9.93929794268921,-0.594685003670937,0.008890328457540082,-9.297428025037835,-9.306318353495376,-8.7027430213669
523.7,-9.874272226304186,-0.5938659034001732,0.052750109053758265,-9.252749144170853,-9.305499253224612,-8.658883240770681
523.8,-9.888633579335758,-0.5924250889772833,0.028190859180385625,-9.275867579621336,-9.304058438801722,-8.683442490644053
523.9,-9.934021033210316,-0.5903718569256104,-0.014023012802763484,-9.316028219552813,-9.30200520675005,-8.725656362627202
524.0,-9.978893293812522,-0.5877161672056523,-0.04338647615789152,-9.342735993187983,-9.299349517030091,-8.75501982598233
524.1,-9.967037050759536,-0.5844686261301375,-0.007709051213928428,-9.303811027168505,-9.296101975954576,-8.719342401038368
524.2,-9.955180807706553,-0.5806404685559715,0.030326454874092024,-9.261947363506318,-9.29227381838041,-8.681306894950346
524.3,-9.964068452380927,-0.5762435393777967,0.04341311690022615,-9.244463772302009,-9.287876889202236,-8.668220232924213
524.4,-10.019127976190475,-0.5712902743487122,0.0004354331984506958,-9.2824881909747,-9.28292362417315,-8.711197916625988
524.5,-10.074187500000026,-0.5657936802544772,-0.05567946164601864,-9.333106491724935,-9.277427030078917,-8.767312811470457
524.6,-10.054556053811613,-0.5597673144682553,-0.04976164894487009,-9.321162313237565,-9.271400664292694,-8.761394998769308
524.7,-9.989533632286937,-0.5532252639136646,-0.00655904873882859,-9.271417662476932,-9.264858613738102,-8.718192398563268
524.8,-9.924511210762336,-0.5461821234645672,0.036099549813706375,-9.2217159234753,-9.257815473289005,-8.675533800010733
524.9,-9.92490469043152,-0.5386529738106633,0.02104558561183433,-9.229240738023268,-9.250286323635102,-8.690587764212605
525.0,-9.929032270168856,-0.5306533588185514,0.01612572966801834,-9.226160978974972,-9.24228670864299,-8.69550762015642
525.1,-9.942058402411453,-0.5221992624184756,0.018115357776724066,-9.21571725446619,-9.233832612242914,-8.693517992047715
525.2,-9.977853428786743,-0.5133070850475014,0.010147438344058868,-9.214792996527882,-9.22494043487194,-8.701485911480379
525.3,-10.013648455161993,-0.5039936196803385,0.00804209132037052,-9.207584878184406,-9.215626969504777,-8.703591258504067
525.4,-10.058788876276939,-0.49427602747947813,-0.006069826809290163,-9.211979204113208,-9.205909377303916,-8.717703176633728
525.5,-10.109488838441171,-0.4841718130967072,-0.03550072746694307,-9.23130589038809,-9.195805162921147,-8.747134077291381
525.6,-10.160188800605402,-0.47369879965842937,-0.07779500952058561,-9.263127159003453,-9.185332149482868,-8.789428359345024
525.7,-10.096322188449788,-0.462875103467539,-0.016390572091310136,-9.190899025383288,-9.174508453291978,-8.72802392191575
525.8,-10.03059270516717,-0.4517191084548775,0.04218337286227847,-9.121169085417037,-9.163352458279316,-8.66944997696216
525.9,-10.004250286150336,-0.4402494404135371,0.06438116036513508,-9.087501629872841,-9.151882790237975,-8.647252189459303
526.0,-10.050415871804672,-0.4284849410494761,0.023070746946129216,-9.117047543927786,-9.140118290873914,-8.68856260287831
526.1,-10.096581457459008,-0.4164446418820633,-0.00740190865991501,-9.135479900366416,-9.128077991706501,-8.719035258484354
526.2,-10.120767727098515,-0.4041477380282804,-0.008056842612468001,-9.123837930465188,-9.115781087852719,-8.719690192436907
526.3,-10.136865848984282,-0.3916135619043856,0.0005392159230714717,-9.102707695805753,-9.103246911728824,-8.711094133901367
526.4,-10.153910350134668,-0.3788615568788657,0.0014163242406101976,-9.089078582462694,-9.090494906703304,-8.710217025583828
526.5,-10.177765679107354,-0.3659112509104928,-0.017710816509007073,-9.095255417243939,-9.077544600734932,-8.729344166333446
526.6,-10.20162100808004,-0.3527822302052446,-0.05271481197349075,-9.117130392003174,-9.064415580029683,-8.76434816179793
526.7,-10.164278314650113,-0.3394941129257482,-0.04042666830474259,-9.091554131054929,-9.051127462750188,-8.752060018129182
526.8,-10.071120216466966,-0.3260665229867708,0.019613954350085092,-9.018085918461125,-9.03769987281121,-8.692019395474354
526.9,-9.977962118283713,-0.3125190639700932,0.07906044953179456,-8.945091964262737,-9.024152413794532,-8.632572900292644
527.0,-9.989434225844011,-0.2988712931918845,0.03960971695492699,-8.970894926061396,-9.010504643016324,-8.67202363286951
527.1,-10.008060535506413,-0.2851426959554283,0.0019039304311060865,-8.99487211534876,-8.996776045779868,-8.709729419393332
527.2,-10.020699532346065,-0.27135266002174724,-0.021286988406950296,-9.004272998253136,-8.982986009846186,-8.73292033823139
527.3,-10.022648090413094,-0.2575204503303262,-0.027895842914852406,-8.997049643069618,-8.969153800154764,-8.73952919273929
527.4,-10.024596648480124,-0.24366518400175008,-0.031405316397617226,-8.986703850223806,-8.95529853382619,-8.743038666222056
527.5,-10.011343639921723,-0.22980580565364533,-0.017738491689704212,-8.959177647167788,-8.941439155478085,-8.729371841514142
527.6,-9.994122504892363,-0.2159610630608541,0.003108852014860419,-8.924485560870432,-8.927594412885293,-8.708524497809579
527.7,-9.986613207547181,-0.20214948319026277,0.020386561294475386,-8.893396271720226,-8.913782833014702,-8.691246788529963
527.8,-10.010198113207535,-0.1883893486401722,0.01568827256636549,-8.884334425898246,-8.90002269846461,-8.695945077258074
527.9,-10.033783018867915,-0.1746986745135171,0.02127760244074501,-8.865054421897211,-8.886332024337955,-8.690355747383693
528.0,-10.083193446506108,-0.1610951857536306,0.00941849742630902,-8.863310038151761,-8.87272853557807,-8.70221485239813
528.1,-10.143990919857886,-0.1475962949706021,-0.010642447363657066,-8.869872092158698,-8.859229644795041,-8.722275797188097
528.2,-10.193212529738297,-0.13421908078559336,-0.02348728666444414,-8.869339717274476,-8.845852430610032,-8.735120636488883
528.3,-10.182110229976214,-0.12098026671976223,0.01147709127286857,-8.821136525271333,-8.8326136165442,-8.70015625855157
528.4,-10.171007930214119,-0.10789620065369432,0.027240809431005444,-8.792288741047127,-8.819529550478133,-8.684392540393434
528.5,-10.173868232484073,-0.09498283488246134,0.0065904783210573165,-8.800025706385842,-8.8066161847069,-8.705042871503382
528.6,-10.184616640127388,-0.08225570679061459,-0.04276348543923332,-8.836652542054287,-8.793889056615054,-8.754396835263671
528.7,-10.17693802479009,-0.06972992017058063,-0.08751889721138822,-8.868882167206408,-8.781363269995019,-8.799152247035828
528.8,-10.042591763294796,-0.05742012720705486,-0.00812675983140767,-8.7771802368629,-8.769053477031493,-8.719760109655846
528.9,-9.90824550179935,-0.04534051114909249,0.08168152190868926,-8.675292339064843,-8.756973860973531,-8.62995182791575
529.0,-9.901978321959035,-0.03350476969067273,0.06463517786461971,-8.680502941650492,-8.745138119515111,-8.646998171959819
529.1,-9.972231232436771,-0.021926099079561168,-0.0025276685416691716,-8.736087117445669,-8.733559448904,-8.714161018366108
529.2,-10.03354435483871,-0.010617178973322372,-0.03669465661136011,-8.758945185409122,-8.722250528797762,-8.748328006435798
529.3,-10.037576612903223,0.0004098419396603159,0.0009445138857320547,-8.710278993999045,-8.711223507884778,-8.710688835938706
529.4,-10.041608870967742,0.01114335953732043,0.03874602744101657,-8.661743962846101,-8.70048999028712,-8.672887322383422
529.5,-10.082793438639134,0.021572327063399177,0.024005725115780953,-8.666055297645258,-8.69006102276104,-8.687627624708657
529.6,-10.143546780072905,0.03168626711454925,-0.03834238101050362,-8.718289463720392,-8.679947082709889,-8.749975730834942
529.7,-10.168331163547602,0.04147528280138335,-0.09893401131607615,-8.769092078339131,-8.670158067023056,-8.810567361140516
529.8,-10.035703010577784,0.05093006807089112,-0.03408457921652559,-8.694787860970074,-8.660703281753548,-8.745717929040964
529.9,-9.903074857607816,0.06004191717875351,0.008832836077220931,-8.642758596568465,-8.651591432645684,-8.702800513747217
530.0,-9.776928950592053,0.0688027333012034,0.037913020833223066,-8.604917595690011,-8.642830616523236,-8.673720328991216
530.1,-9.653204981625114,0.0772050362772142,0.07149943292961493,-8.56292888061761,-8.634428313547225,-8.640133916894824
530.2,-9.568922855970463,0.08524196947293766,0.08204843671514649,-8.544342943636355,-8.626391380351501,-8.629584913109293
530.3,-9.586567501025844,0.09290730576146697,0.009383399151422792,-8.60934264491155,-8.618726044062972,-8.702249950673016
530.4,-9.604212146081245,0.10019545261215876,-0.0487598746172984,-8.660197771829578,-8.61143789721228,-8.760393224441737
530.5,-9.589313838550243,0.10710145628491446,-0.06736885948027975,-8.671900753019804,-8.604531893539525,-8.779002209304718
530.6,-9.568308896210864,0.11362100512599141,-0.07980370027977546,-8.677816044978222,-8.598012344698446,-8.791437050104214
530.7,-9.496196192052897,0.11975043196308893,-0.0446344478254895,-8.636517365686839,-8.59188291786135,-8.756267797649928
530.8,-9.35174254966896,0.1254867155986307,0.0594940806575313,-8.526652553568276,-8.586146634225807,-8.652139269166907
530.9,-9.20728890728486,0.13082748140134032,0.16221875910199343,-8.418587109321106,-8.580805868423099,-8.549414590722446
531.0,-9.299046530951374,0.1357710009973831,0.02862573793275082,-8.547236610894306,-8.575862348827055,-8.683007611891687
531.1,-9.391277523888682,0.14031619106352086,-0.1064544324901539,-8.677771591251071,-8.571317158760918,-8.818087782314592
531.2,-9.325895659432286,0.14446261122589268,-0.08781711737785224,-8.654987855976398,-8.567170738598547,-8.799450467202291
531.3,-9.151438230384025,0.14821046106920088,0.0325458195577339,-8.530877069197503,-8.563422888755237,-8.679087530266704
531.4,-9.016475691533945,0.1515605762622366,0.10349498843652678,-8.456577785125676,-8.560072773562203,-8.608138361387912
531.5,-9.04455616093881,0.1545144238068267,0.0007050347045549875,-8.556413891313056,-8.557118926017612,-8.710928315119883
531.6,-9.072636630343677,0.15707409641842274,-0.11136019994013732,-8.665919453346154,-8.554559253406016,-8.822993549764576
531.7,-8.917562526315674,0.1592423060476795,-0.04592417021746015,-8.59831521399422,-8.55239104377676,-8.7575575200419
531.8,-8.719246736842132,0.16102237655348442,0.062321155739193355,-8.488289817531761,-8.550610973270954,-8.649312194085246
531.9,-8.607917159763312,0.16241823553899798,0.08868100654951974,-8.46053410773592,-8.54921511428544,-8.62295234327492
532.0,-8.610030431107354,0.16343440536335216,0.011088723717296245,-8.53711022074379,-8.548198944461086,-8.700544626107142
532.1,-8.60763991507431,0.16407599334271897,-0.05005238155110295,-8.597609738032823,-8.54755735648172,-8.761685731375541
532.2,-8.543521019108267,0.16434868115551154,-0.03673532603532516,-8.584019994704253,-8.547284668668928,-8.748368675859764
532.3,-8.479402123142297,0.16425871346750906,-0.01068780460055797,-8.558062440957487,-8.54737463635693,-8.722321154424996
532.4,-8.442756929637541,0.16381288579370726,0.0005618735175400274,-8.547258590513191,-8.547820464030732,-8.711071476306898
532.5,-8.417170575692975,0.16301853161468044,0.013363117495533575,-8.535251700714225,-8.548614818209758,-8.698270232328905
532.6,-8.406518423307622,0.16188350876620639,0.023200363031102476,-8.52654947802713,-8.549749841058233,-8.688432986793336
532.7,-8.421514138817484,0.16041618512184216,0.017471302133005052,-8.533745862569592,-8.551217164702596,-8.694162047691433
532.8,-8.43784258064513,0.15862542358905193,0.017121529073629807,-8.535886397161757,-8.553007926235386,-8.694511820750808
532.9,-8.492036129032249,0.1565205664403751,-0.018749079792178453,-8.573861863176242,-8.555112783384063,-8.730382429616617
533.0,-8.546229677419367,0.15411141900197817,-0.056606425635845725,-8.614128356458306,-8.55752193082246,-8.768239775460284
533.1,-8.521879481641436,0.15140823272276305,-0.021130881026714888,-8.581355998128391,-8.560225117101675,-8.732764230851153
533.2,-8.465292008639258,0.14842168764800284,0.039821145382636806,-8.5233905167938,-8.563211662176435,-8.671812204441801
533.3,-8.44843514099783,0.14516287432224212,0.05431173095875589,-8.512158744543441,-8.566470475502197,-8.657321618865684
533.4,-8.492686767895886,0.1416432751469336,0.002155443260854737,-8.56783463141665,-8.569990074677506,-8.709477906563585
533.5,-8.529120313862233,0.137874745218983,-0.045607142011633406,-8.619365746617088,-8.573758604605455,-8.757240491836072
533.6,-8.485528334786384,0.13386949267704246,-0.013622136398609713,-8.591385993546005,-8.577763857147396,-8.725255486223048
533.7,-8.441936355710533,0.12964005858302388,0.022439155216052213,-8.559554136025362,-8.581993291241416,-8.689194194608387
533.8,-8.477533916848992,0.12519929636690003,-0.011261766069103637,-8.597695819526642,-8.58643405345754,-8.722895115893543
533.9,-8.53355142231948,0.1205603508634209,-0.050465493958865196,-8.641538492919883,-8.591072998961018,-8.762098843783305
534.0,-8.539927472527461,0.11573663696989556,-0.020942878259953727,-8.616839591114497,-8.595896712854543,-8.732576228084392
534.1,-8.498608791208785,0.11074181795467343,0.07650033468358083,-8.524391197186185,-8.600891531869765,-8.635133015140857
534.2,-8.516408127208505,0.10558978344640622,0.13194165928788298,-8.47410190709015,-8.606043566378032,-8.579691690536556
534.3,-8.726655477031624,0.10029462713457732,0.004878338854498468,-8.606460383835364,-8.611338722689862,-8.70675501096994
534.4,-8.93690282685498,0.09487062421215325,-0.12137635309686239,-8.738139078709148,-8.616762725612286,-8.8330097029213
534.5,-8.977447893569828,0.0893322085915387,-0.0848400035553933,-8.707141144788293,-8.6223011412329,-8.796473353379833
534.6,-9.01292461197338,0.08369394992530352,-0.053512342309906674,-8.681451742209042,-8.627939399899136,-8.765145692134345
534.7,-9.000684772929645,0.07797053046339482,0.01702246350979439,-8.61664035585125,-8.633662819361044,-8.694610886314644
534.8,-8.969518254674984,0.07217672177875233,0.10300862408690165,-8.536448003958785,-8.639456628045686,-8.608624725737537
534.9,-9.02555033557049,0.0663273613934074,0.10324410173654706,-8.542061886694484,-8.645305988431032,-8.608389248087892
535.0,-9.179912751677868,0.060437329337267316,0.008533915640225875,-8.642662104846945,-8.651196020487172,-8.703099434184212
535.1,-9.312252021563353,0.054521524671865655,-0.0626171605561857,-8.719728985708759,-8.657111825152572,-8.774250510380625
535.2,-9.372898921832924,0.04859484201139639,-0.06472767764056118,-8.727766185453603,-8.663038507813042,-8.776361027465
535.3,-9.432553249097472,0.042672148073344504,-0.07254187757069164,-8.741503079321786,-8.668961201751094,-8.78417522739513
535.4,-9.382914259927803,0.03676825829097889,0.020218209804964863,-8.654646881728494,-8.67486509153346,-8.691415140019474
535.5,-9.333275270758136,0.030897913519884426,0.10458346621559417,-8.57615197008896,-8.680735436304554,-8.607049883608845
535.6,-9.42868540344514,0.025075756870578766,0.03717834194468035,-8.64937925100918,-8.68655759295386,-8.674455007879759
535.7,-9.561958295557597,0.019316310699087152,-0.07313290314043017,-8.765449942265782,-8.692317039125351,-8.784766252964868
535.8,-9.564875683060174,0.01363395378713364,-0.057328754496973514,-8.755328150534279,-8.697999396037305,-8.768962104321412
535.9,-9.47607786885251,0.008042898743352386,0.045601119108906955,-8.65798933197218,-8.703590451081086,-8.666032230715532
536.0,-9.454896204846788,0.0025571696566255853,0.07489385369013855,-8.634182326477674,-8.709076180167813,-8.6367394961343
536.1,-9.539029721079084,-0.0028094199676819837,-0.009327508121742729,-8.723770277913863,-8.71444276979212,-8.720960857946181
536.2,-9.590264462809914,-0.008043288958199321,-0.07104366977723697,-8.790720308559875,-8.719676638782637,-8.782677019601676
536.3,-9.513129476584053,-0.013131109884760628,-0.01595199815351807,-8.740716457862717,-8.7247644597092,-8.727585347977957
536.4,-9.43728044280442,-0.01805983009283202,0.027049200854027552,-8.702643979063243,-8.729693179917271,-8.68458414897041
536.5,-9.409605166051652,-0.022816692336128416,0.014042370525687442,-8.720407671634879,-8.734450042160567,-8.69759097929875
536.6,-9.381929889298881,-0.027389254978928107,-0.0020219301932742355,-8.741044534996641,-8.739022604803367,-8.713655280017713
536.7,-9.344602409638538,-0.0317654117401619,-0.005738284702180912,-8.749137046266782,-8.7433987615646,-8.71737163452662
536.8,-9.30567747914739,-0.03593341095196073,0.0006216968514424796,-8.746945063924956,-8.7475667607764,-8.711011652972996
536.9,-9.293022801302932,-0.03988187430598722,-0.005900852912667622,-8.757416077043093,-8.751515224130426,-8.717534202737106
537.0,-9.291626803164263,-0.04359981506155419,-0.007068237363795299,-8.762301402249788,-8.755233164885993,-8.718701587188233
537.1,-9.293833567087427,-0.047076655690244176,0.005672612130610128,-8.753037393384073,-8.758710005514683,-8.705960737693829
537.2,-9.298976157082754,-0.05030224493248828,0.031219364367178842,-8.730716230389747,-8.761935594756928,-8.68041398545726
537.3,-9.344747417840363,-0.05326687424234011,0.027623721439980854,-8.737276502626798,-8.764900224066778,-8.684009628384457
537.4,-9.448503286384948,-0.05596129359748814,-0.0283707957537395,-8.795965439175667,-8.767594643421926,-8.740004145578178
537.5,-9.518344339622645,-0.0583767266523877,-0.05102351283327022,-8.821033589310098,-8.770010076476826,-8.762656862657709
537.6,-9.501834905660377,-0.06050488521326258,0.007177639714683213,-8.764960595323018,-8.772138235037701,-8.704455710109755
537.7,-9.500426136363659,-0.062337983014620874,0.04214667088313836,-8.73182466195592,-8.773971332839059,-8.6694866789413
537.8,-9.577130681818147,-0.06386874877785309,-0.009177044346594419,-8.784679142948887,-8.775502098602292,-8.720810394171034
537.9,-9.64759638267492,-0.0650904385334288,-0.06034232936784234,-8.83706611772571,-8.776723788357868,-8.77197567919228
538.0,-9.599524036173245,-0.0659968471891813,0.004193782601337195,-8.773436414412283,-8.77763019701362,-8.707439567223101
538.1,-9.55145168967157,-0.06658231932816627,0.06893954315116918,-8.709276126001436,-8.778215669152605,-8.64269380667327
538.2,-9.618372670807496,-0.0668417592205992,0.02044069518444413,-8.758034413860594,-8.778475109045038,-8.691192654639995
538.3,-9.691473483038683,-0.06677064003541602,-0.033206309261922064,-8.811610299121776,-8.778403989859855,-8.744839659086361
538.4,-9.684740278444552,-0.06636501223805952,-0.008764504950826894,-8.786762867013325,-8.777998362062498,-8.720397854775266
538.5,-9.66457705232837,-0.06562151116217235,0.023615317850472113,-8.753639543136138,-8.777254860986611,-8.688018031973966
538.6,-9.687953230472528,-0.0645373637439701,0.0038058230634969176,-8.772364890504912,-8.776170713568408,-8.707827526760942
538.7,-9.724115236258458,-0.06311039440917818,-0.03851562389732204,-8.81325936813094,-8.774743744233616,-8.75014897372176
538.8,-9.705550605326893,-0.06133903010353853,-0.03390703870338779,-8.806879418631365,-8.772972379927976,-8.745540388527827
538.9,-9.663419854721559,-0.05922230445902829,-0.008656730184233501,-8.7795123844677,-8.770855654283467,-8.720290080008672
539.0,-9.625489299610894,-0.056759861089079156,0.016071525104777374,-8.75232168580874,-8.768393210913517,-8.695561824719661
539.1,-9.589983463035011,-0.05395195600724201,0.048345311228073035,-8.717239994603608,-8.765585305831681,-8.663288038596365
539.2,-9.608052785923773,-0.05079945916490666,0.04092596419063682,-8.721506844798709,-8.762432808989345,-8.670707385633802
539.3,-9.665237536656852,-0.04730385510485682,0.008621595696636758,-8.75031560923266,-8.758937204929296,-8.703011754127802
539.4,-9.740031403336557,-0.04346724272861602,-0.030064059298743895,-8.7851646518518,-8.755100592553054,-8.741697409123182
539.5,-9.830315996074555,-0.03929233417672101,-0.0779882609270934,-8.828913944928253,-8.75092568400116,-8.789621610751531
539.6,-9.835807692307704,-0.03478245282224027,-0.04011104807201598,-8.786526850718696,-8.746415802646679,-8.751744397896454
539.7,-9.754446745562133,-0.029941530379036962,0.08127706896864613,-8.66029781123483,-8.741574880203476,-8.630356280855793
539.8,-9.77882376237609,-0.024774103127458175,0.09047467464219525,-8.645932778309701,-8.736407452951896,-8.621158675182244
539.9,-9.924368316831572,-0.019285307261310086,-0.029839457753680944,-8.76075811483943,-8.730918657085748,-8.74147280757812
540.0,-9.987470646766184,-0.013480873361154305,-0.07652435074198555,-8.801638573927578,-8.725114223185592,-8.788157700566424
540.1,-9.948167164179091,-0.007367120000129568,-0.02821798595724695,-8.747218455781816,-8.719000469824568,-8.739851335781685
540.2,-9.924474762618688,-0.0009509464896653719,0.00040035444867699346,-8.712183941865428,-8.712584296314104,-8.711232995375761
540.3,-9.92097651174413,0.005760175226391662,0.009136853131110626,-8.696736321466936,-8.705873174598047,-8.702496496693328
540.4,-9.90895985950828,0.01275820951957482,0.030375367611852944,-8.66849977269301,-8.698875140304864,-8.681257982212585
540.5,-9.885879076768685,0.020034566855720776,0.06774914464199391,-8.623849638326725,-8.691598782968718,-8.643884205182445
540.6,-9.926494704992486,0.027580114393104066,0.04406046335989748,-8.639992772071437,-8.684053235431335,-8.66757288646454
540.7,-10.04752344931928,0.035385187386760414,-0.062751331946187,-8.738999494383865,-8.676248162437679,-8.774384681770625
540.8,-10.081857721519013,0.04343960138489092,-0.09186103639731434,-8.760054784836862,-8.668193748439547,-8.803494386221754
540.9,-10.014009620253171,0.05173266520216335,-0.03271323476102049,-8.692613919383296,-8.659900684622276,-8.74434658458546
541.0,-9.92927060020344,0.06025319465367693,0.0272118895376223,-8.62416826563314,-8.651380155170761,-8.684421460286817
541.1,-9.826523906408905,0.06898952703232206,0.08955789104079859,-8.553085931751317,-8.642643822792117,-8.622075458783641
541.2,-9.80082217680126,0.07792953631125538,0.06158376803031766,-8.572120045482865,-8.633703813513183,-8.650049581794121
541.3,-9.846810935104747,0.08706064905222086,-0.04803953362629859,-8.672612234398516,-8.624572700772218,-8.759672883450737
541.4,-9.803354722792587,0.0963698609994838,-0.07384437152554206,-8.689107860350497,-8.615263488824954,-8.78547772134998
541.5,-9.689905030800768,0.10584375433820342,-0.029431853201808657,-8.635221448688045,-8.605789595486236,-8.741065203026247
541.6,-9.589755670103047,0.11546851559515753,0.009377468406187629,-8.586787365823094,-8.596164834229281,-8.702255881418251
541.7,-9.498003092783472,0.12522995415884713,0.0556554069829941,-8.530747988682597,-8.586403395665592,-8.655977942841444
541.8,-9.508449740932605,0.13511352139515143,0.022651389829765736,-8.55386843859952,-8.576519828429287,-8.688981959994672
541.9,-9.568553367875628,0.14510433033387787,-0.03311561306774807,-8.59964463255831,-8.566529019490561,-8.744748962892187
542.0,-9.586318252730107,0.15518717590075615,-0.020128611389552242,-8.576574785313234,-8.556446173923682,-8.73176196121399
542.1,-9.589438377535101,0.16534655566866108,0.02851474785285414,-8.517772046302923,-8.546286794155778,-8.683118601971584
542.2,-9.657726084683754,0.17556669110112022,0.02313809039831784,-8.512928568325,-8.536066658723318,-8.688495259426121
542.3,-9.740318870883383,0.18583154926046466,0.001650140521971679,-8.524151660042003,-8.525801800563974,-8.709983209302466
542.4,-9.77989973753279,0.1961248649523216,0.007561762507470956,-8.507946722364647,-8.515508484872116,-8.704071587316967
542.5,-9.814977848101272,0.20643016327752053,-0.009425027900496341,-8.514628214447415,-8.505203186546918,-8.721058377724935
542.6,-9.803901898734177,0.21673078256189865,-0.01448905680478651,-8.509391624067327,-8.49490256726254,-8.726122406629225
542.7,-9.78512923728808,0.22700989763393759,-0.04575670816996998,-8.53038016036047,-8.484623452190501,-8.757390057994408
542.8,-9.701442796610197,0.23725054341965363,-0.037883521801104124,-8.51226632820589,-8.474382806404785,-8.749516871625543
542.9,-9.601774348057504,0.24743563882368763,-0.025339449670564472,-8.489537160671315,-8.46419771100075,-8.736972799495003
543.0,-9.444775944651411,0.25754801086510865,0.050559814581846836,-8.403525524377484,-8.454085338959331,-8.661073535242592
543.1,-9.347888770053478,0.26757041903605056,0.08803991234129743,-8.356023018447091,-8.444062930788387,-8.623593437483141
543.2,-9.368209625668454,0.277485579850949,0.039901289841184434,-8.394246480132304,-8.434147769973489,-8.671732059983254
543.3,-9.422300053676816,0.2872761915538332,-0.008455662875710174,-8.432812821146316,-8.424357158270606,-8.720089012700148
543.4,-9.514624261943094,0.2969249589508591,-0.06702854785097537,-8.481736938724556,-8.41470839087358,-8.778661897675414
543.5,-9.53889962223421,0.3064146183350413,-0.04000872699496721,-8.445227458484364,-8.405218731489397,-8.751642076819406
543.6,-9.51893200215865,0.3157279624699578,0.03678358889608374,-8.359121798458396,-8.395905387354482,-8.674849760928355
543.7,-9.596805525460526,0.3248478655990565,0.010696298421201886,-8.37608918580418,-8.386785484225383,-8.700937051403237
543.8,-9.706773022751841,0.33375730844709695,-0.05977458614261147,-8.437650627519954,-8.377876041377341,-8.77140793596705
543.9,-9.666638541099648,0.3424394031802012,0.004242803545075866,-8.364951143099162,-8.369193946644238,-8.707390546279363
544.0,-9.619556892778961,0.3508774182909765,0.05971967668808084,-8.301036254845382,-8.360755931533463,-8.651913673136358
544.1,-9.684655361050336,0.3590548033752031,-0.010085424721957406,-8.362663971171193,-8.352578546449235,-8.721718774546396
544.2,-9.704098846787398,0.366955213766653,-0.04407775040392374,-8.388755886461709,-8.344678136057786,-8.755711100228362
544.3,-9.580540362438246,0.3745625349967243,0.058125532339534686,-8.27894528248818,-8.337070814827715,-8.653507817484904
544.4,-9.551285871964687,0.3818609070457345,0.0615071962534801,-8.268265246525225,-8.329772442778705,-8.650126153570959
544.5,-9.65172737306847,0.3888347483529212,-0.0676788104356332,-8.39047741190715,-8.322798601471517,-8.779312160260073
544.6,-9.635605657237878,0.39546877955244375,-0.08167685088049517,-8.39784142115249,-8.316164570271996,-8.793310200704934
544.7,-9.544646145313282,0.40174804690296856,-0.020554230610801968,-8.330439533532273,-8.30988530292147,-8.732187580435241
544.8,-9.46596659242763,0.40765794537875255,0.029937540733592033,-8.274037863712094,-8.303975404445687,-8.681695809090847
544.9,-9.390675433687752,0.413184241390512,0.07856708324026815,-8.219882025193659,-8.298449108433926,-8.633066266584171
545.0,-9.358218802462236,0.4183130951047786,0.08322130404115186,-8.210098950678509,-8.29332025471966,-8.628412045783287
545.1,-9.357443507588515,0.4230310823309006,0.05015985953931908,-8.238442407954219,-8.288602267493538,-8.66147349028512
545.2,-9.46705564924121,0.42732521594534284,-0.10417055187855778,-8.388478685757654,-8.284308133879096,-8.815803901702996
545.3,-9.458554488989277,0.43118296682347534,-0.1526197907189067,-8.43307017371987,-8.280450383000963,-8.864253140543346
545.4,-9.302145680406515,0.43459228424961643,-0.060569181845310543,-8.337610247420132,-8.277041065574823,-8.77220253166975
545.5,-9.14640442427678,0.4375416157767094,0.0343582691913291,-8.2397334648564,-8.27409173404773,-8.677275080633109
545.6,-8.990987521270577,0.44001992650766375,0.14626564048778729,-8.125347782828987,-8.271613423316776,-8.565367709336652
545.7,-9.068777777777816,0.44201671777108126,0.0536313505001242,-8.215985281553234,-8.269616632053358,-8.658001999324314
545.8,-9.158879793932448,0.44352204516481203,-0.018300395547401198,-8.286411700207028,-8.268111304659627,-8.72993374537184
545.9,-9.190362335432162,0.44452653594154656,-0.0032391766112306528,-8.270345990494123,-8.267106813882892,-8.71487252643567
546.0,-9.250996549741219,0.4450214057114435,-0.0013248760305373738,-8.267936820143532,-8.266611944112995,-8.712958225854976
546.1,-9.353929269695238,0.4449984744376235,-0.042077175928243934,-8.308712051315059,-8.266634875386815,-8.753710525752682
546.2,-9.373691907514445,0.4444501817012188,-0.015673737322698673,-8.282856905445918,-8.26718316812322,-8.727307087147137
546.3,-9.35230462427747,0.44336960121355967,0.025215361094281928,-8.243048387516597,-8.26826374861088,-8.686417988730156
546.4,-9.41094776552524,0.44175045455400425,-0.043549130693269864,-8.313432025963705,-8.269882895270435,-8.755182480517709
546.5,-9.423467638483913,0.4395871241128666,-0.09060208019312652,-8.362648305904699,-8.272046225711572,-8.802235430017566
546.6,-9.249706705539305,0.43687466521987933,0.03572028783381701,-8.239038396770741,-8.27475868460456,-8.675913061990622
546.7,-9.158597539543054,0.43360881743963336,0.0805269233675501,-8.197497609017255,-8.278024532384805,-8.631106426456888
546.8,-9.149810193321622,0.42978601501646824,0.05627080895187637,-8.225576525856095,-8.28184733480797,-8.655362540872563
546.9,-9.175105356091809,0.4254033964523434,0.017874649353647992,-8.268355304018447,-8.286229953372095,-8.693758700470791
547.0,-9.209817966903072,0.42045881320229994,-0.010038802212788085,-8.301213338834927,-8.291174536622139,-8.721672152037227
547.1,-9.25000709219858,0.41495083747322253,-0.029078595716889078,-8.325761108068106,-8.296682512351216,-8.740711945541328
547.2,-9.296748068924549,0.4088787691127317,-0.04851943004574598,-8.351274010757454,-8.302754580711706,-8.760152779870184
547.3,-9.353194890077225,0.40224264157617773,-0.0793514550611817,-8.388742163309443,-8.30939070824826,-8.790984804885621
547.4,-9.289954653937942,0.3950432269608636,0.0021585642110945186,-8.31443155865248,-8.316590122863575,-8.709474785613343
547.5,-9.1883501199041,0.3872820400977969,0.11125726219158648,-8.213094047535055,-8.324351309726643,-8.600376087632853
547.6,-9.264489208633098,0.3789613416924593,0.02943026021751688,-8.303241747914463,-8.33267200813198,-8.682203089606922
547.7,-9.287310843373486,0.37008414050728233,-0.014895788278201427,-8.356444997595357,-8.341549209317156,-8.72652913810264
547.8,-9.221648192771113,0.36065419457972914,0.01036385971408955,-8.34061529553062,-8.35097915524471,-8.701269490110349
547.9,-9.18047610405324,0.35067601147110505,-0.010219661282391178,-8.371176999635725,-8.360957338353334,-8.72185301110683
548.0,-9.144144680851051,0.34015484754244973,-0.05705590293997323,-8.428534405221962,-8.371478502281988,-8.768689252764412
548.1,-9.035330091185356,0.3290967062551009,-0.04906154689092931,-8.431598190460267,-8.382536643569338,-8.760694896715368
548.2,-8.887736102626626,0.3175083354947619,-0.0121924893968159,-8.406317503726493,-8.394125014329678,-8.723825839221254
548.3,-8.686147831399031,0.3053972239191515,0.07909953782975046,-8.327136588075536,-8.406236125905288,-8.632533811994689
548.4,-8.606543558282233,0.2927715963305641,0.059302619486002336,-8.359559134007872,-8.418861753493875,-8.652330730338436
548.5,-8.570513563501843,0.27964040807591595,0.015045812012437248,-8.416947129736085,-8.431992941748522,-8.696587537812002
548.6,-8.587159679408138,0.2660133384781025,-0.05809533423253859,-8.503715345578875,-8.445620011346335,-8.769728684056977
548.7,-8.552391573729835,0.2519007833037362,-0.054867051841765296,-8.514599618362467,-8.459732566520703,-8.766500401666203
548.8,-8.471846344485773,0.23731384627357785,0.017513901048948982,-8.456805602501912,-8.474319503550861,-8.69411944877549
548.9,-8.49802426882389,0.22226432962320722,0.002935025511129851,-8.4864339946901,-8.48936902020123,-8.708698324313309
549.0,-8.52146,0.2067647237227109,0.005498252019149646,-8.499370374082579,-8.504868626101727,-8.706135097805289
549.1,-8.516459999999999,0.19082819576538151,0.043883059510056874,-8.476922094549,-8.520805154059056,-8.667750290314382
549.2,-8.563919597989987,0.174468577536634,0.029019890412623487,-8.50814488187518,-8.537164772287804,-8.682613459411815
549.3,-8.62434132492114,0.15770035227554088,-0.007596484388439715,-8.561529481937338,-8.553932997548898,-8.719229834212879
549.4,-8.618663091482652,0.1405386406425722,0.007422093739503904,-8.563672615442362,-8.571094709181866,-8.704211256084935
549.5,-8.670547875713359,0.1229991858082949,-0.050582621915154724,-8.639216785931298,-8.588634164016144,-8.762215971739593
549.6,-8.773274571972117,0.10509833767893828,-0.16977991452234148,-8.776314926667842,-8.6065350121455,-8.88141326434678
549.7,-8.565324840764294,0.08685303627586653,0.021945273996163556,-8.602835039552408,-8.624780313548571,-8.689688075828276
549.8,-8.44594622279125,0.06828079428711349,0.13839364979020355,-8.504958905747122,-8.643352555537325,-8.573239700034236
549.9,-8.492681177976916,0.04939967881022936,0.1130288586869286,-8.54920481232728,-8.66223367101421,-8.59860449113751
550.0,-8.650070096462956,0.030228292306760052,0.006341650190913588,-8.675063407326766,-8.68140505751768,-8.705291699633525
550.1,-8.813011627906977,0.01078575278972771,-0.0790561072059157,-8.779903704240626,-8.700847597034711,-8.790689457030354
550.2,-8.925414728682181,-0.00890832673349641,-0.09584972187687843,-8.816391398434813,-8.720541676557936,-8.807483071701316
550.3,-8.937403634003914,-0.028833859539538556,-0.006341287104592377,-8.746808496468569,-8.740467209363977,-8.71797463692903
550.4,-8.939267449445493,-0.04897030716423241,0.08656528023501811,-8.674038376753654,-8.760603656988671,-8.625068069589421
550.5,-9.075601435094628,-0.06929670204939595,0.027403610038499684,-8.753526441835335,-8.780930051873835,-8.68422973978594
550.6,-9.155679764243628,-0.08979167083496942,-0.0007464705350398032,-8.802171491194448,-8.801425020659408,-8.712379820359478
550.7,-9.207234364713626,-0.11043345826943073,-0.02888758170157219,-8.850954389795442,-8.822066808093869,-8.74052093152601
550.8,-9.277017116523984,-0.131199951710558,-0.1019241044545103,-8.944757405989508,-8.842833301534997,-8.81355745427895
550.9,-9.18971626984134,-0.15206870618779803,-0.03782082462047423,-8.901522880632712,-8.863702056012237,-8.749454174444914
551.0,-9.012091090425537,-0.17301696999672073,0.10657008076576859,-8.778080239055392,-8.884650319821159,-8.60506326905867
551.1,-8.990149601063829,-0.19402171079529912,0.09552249559600853,-8.810132565023729,-8.905655060619738,-8.616110854228431
551.2,-9.04832910547399,-0.21505964217104862,0.012512028936399237,-8.914180963059088,-8.926692991995488,-8.69912132088804
551.3,-9.147724832214829,-0.23610725064739174,-0.09944794505408935,-9.04718854552592,-8.94774060047183,-8.811081294878528
551.4,-9.07389932885911,-0.2571408230969864,-0.0253853254039569,-8.994159498325383,-8.968774172921425,-8.737018675228395
551.5,-9.056429245283017,-0.2781364745291638,0.0032852545882939045,-8.986484569765308,-8.989769824353603,-8.708348095236145
551.6,-9.075,-0.2990701762180764,0.003827973114511659,-9.006875552928003,-9.010703526042516,-8.707805376709928
551.7,-9.075,-0.3199177841376423,0.027200876288000917,-9.00435025767408,-9.03155113396208,-8.684432473536438
551.8,-9.102189925119115,-0.3406550676689107,0.02362984520802226,-9.028658572285327,-9.05228841749335,-8.688003504616416
551.9,-9.141157894736832,-0.3612577385450434,0.004539913384016126,-9.068351174985466,-9.072891088369483,-8.707093436440422
552.0,-9.160296650717699,-0.38170147999872883,-0.0015292472017272149,-9.094864077024894,-9.093334829823167,-8.713162597026166
552.1,-9.17516701030928,-0.4019619760765025,-0.01093927505019285,-9.124534600951135,-9.113595325900942,-8.722572624874632
552.2,-9.189261559696352,-0.4220149410841564,-0.024386316505489666,-9.158034607414084,-9.133648290908596,-8.736019666329929
552.3,-9.20651483781918,-0.44183614912716557,-0.038794507131097215,-9.192264006082702,-9.153469498951605,-8.750427856955536
552.4,-9.18731067961165,-0.46140146370985685,-0.004045196658898711,-9.177080010193194,-9.173034813534295,-8.715678546483337
552.5,-9.20695679442513,-0.4806868673568798,0.016232914107676067,-9.176087303073642,-9.192320217181319,-8.695400435716763
552.6,-9.313577003484374,-0.49966849122042795,-0.016836855883807383,-9.228138696928674,-9.211301841044866,-8.728470205708247
552.7,-9.4103592436975,-0.5183226446365837,-0.003692685919422116,-9.233648680380444,-9.229955994461022,-8.71532603574386
552.8,-9.497136427566732,-0.5366258445941374,0.048742150956502965,-9.199517043462073,-9.248259194418576,-8.662891198867936
552.9,-9.584013437057832,-0.5545548450792499,0.11210735934192338,-9.154080835561766,-9.26618819490369,-8.599525990482515
553.0,-9.795470297029627,-0.5720866662593951,0.034319946802153056,-9.24940006928168,-9.283720016083834,-8.677313403022286
553.1,-9.938459517045441,-0.5891986234701297,-0.02309719826920431,-9.323929171563773,-9.300831973294569,-8.734730548093642
553.2,-9.990563169164872,-0.6058683559683959,-0.06489552707941346,-9.382397232872249,-9.317501705792834,-8.776528876903852
553.3,-9.876359029264872,-0.6220738554162625,-0.029473291399693312,-9.363180496640394,-9.333707205240701,-8.741106641224132
553.4,-9.807329749103959,-0.6377934940592611,-0.1220195753561612,-9.47144641923986,-9.3494268438837,-8.8336529251806
553.5,-9.609064888247993,-0.653006052563766,-0.13990830519250694,-9.504547707580711,-9.364639402388205,-8.851541655016945
553.6,-9.244930535455682,-0.6676907474782015,-0.0009887774621128859,-9.380312874764753,-9.37932409730264,-8.71262212728655
553.7,-8.880241678726177,-0.6818272582832448,0.18177425704982114,-9.211686351057862,-9.393460608107684,-8.529859092774618
553.8,-8.830711790392977,-0.6953957539966185,0.13840799224150124,-9.268621111579556,-9.407029103821056,-8.573225357582938
553.9,-8.948213450292316,-0.7083769192985329,0.04409104247106822,-9.375919226651904,-9.420010269122972,-8.66754230735337
554.0,-9.113418128654933,-0.7207519801443518,0.019786717328507536,-9.412598612640283,-9.43238532996879,-8.691846632495931
554.1,-9.435616740088037,-0.7325027288316088,-0.0670514318489292,-9.511187510504977,-9.444136078656047,-8.778684781673368
554.2,-9.670453874538747,-0.7436115484890962,-0.013152343689439377,-9.468397242002974,-9.455244898313534,-8.724785693513878
554.3,-9.897647626112471,-0.754061436956385,0.053873779984239215,-9.411821006796584,-9.465694786780823,-8.6577595698402
554.4,-10.340525964391741,-0.7638360300228121,-0.13226177137707051,-9.607731151224321,-9.475469379847251,-8.84389512120151
554.5,-10.538770491803263,-0.7729196239956844,-0.13986941984885454,-9.624422393668977,-9.484552973820122,-8.851502769673294
554.6,-10.544468164793981,-0.7812971975682046,-0.030648618099661656,-9.523579165492304,-9.492930547392643,-8.7422819679241
554.7,-10.453747930775082,-0.7889544329584199,0.1075209883256426,-9.393066794457216,-9.500587782782858,-8.604112361498796
554.8,-10.527487584650075,-0.7958777362913172,0.033610327282661084,-9.473900758833095,-9.507511086115755,-8.678023022541778
554.9,-10.463264550264574,-0.8020542571970581,0.07261813211593247,-9.441069474905564,-9.513687607021497,-8.639015217708506
555.0,-10.458729483282664,-0.8074719075992477,0.04391914198135971,-9.475186115442327,-9.519105257423686,-8.66771420784308
555.1,-10.482445801526739,-0.8121193796680579,-0.014695166646223744,-9.53844789613872,-9.523752729492497,-8.726328516470662
555.2,-10.380919083969442,-0.8159861629140006,0.045130261335765295,-9.482489251402674,-9.52761951273844,-8.666503088488673
555.3,-10.44017024539872,-0.8190625603991347,-0.076130620006885,-9.606826530230459,-9.530695910223573,-8.787763969831325
555.4,-10.324101773323125,-0.8213397040435259,-0.05859301674792494,-9.59156607061589,-9.532973053867964,-8.770226366572363
555.5,-10.08543919442289,-0.8228095690058276,0.032390497108183876,-9.502052421722082,-9.534442918830266,-8.679242852716255
555.6,-9.841299610894932,-0.8234649871179389,0.07586766043429595,-9.459230676508081,-9.535098336942378,-8.635765689390142
555.7,-9.817953307392987,-0.8232996593548061,-0.1464937783622468,-9.681426787541492,-9.534933009179245,-8.858127128186686
555.8,-9.489050078247452,-0.8223081673215648,-0.08845522370206753,-9.622396740848071,-9.533941517146003,-8.800088573526507
555.9,-9.065403770620621,-0.8204859837413823,0.06821095463015017,-9.46390837893567,-9.53211933356582,-8.643422395194289
556.0,-8.73989573459716,-0.8178294819285403,0.1635034468844632,-9.365959384868516,-9.52946283175298,-8.548129902939975
556.1,-8.775440758293836,-0.8143359442324953,-0.035227442418572036,-9.561196736475505,-9.525969294056933,-8.74686079224301
556.2,-8.731599999999986,-0.8100035694398773,-0.06560754479072536,-9.587244464055042,-9.521636919264315,-8.777240894615163
556.3,-8.67185167464119,-0.8048314791226256,0.018892327460371,-9.497572501486694,-9.516464828947065,-8.692741022364068
556.4,-8.744134615384548,-0.7988197229217144,0.06730295345497064,-9.443150119291182,-9.510453072746152,-8.644330396369469
556.5,-9.01495729250616,-0.7919692827571864,-0.0018404728752380306,-9.505443105456862,-9.503602632581625,-8.713473822699676
556.6,-9.30988074133782,-0.7842820759565001,-0.038083213477915115,-9.533998639258854,-9.49591542578094,-8.749716563302353
556.7,-9.65530097087406,-0.7757609572944879,-0.0967528565902793,-9.584147163709206,-9.487394307118926,-8.808386206414719
556.8,-9.777443902439016,-0.7664097199395211,0.06646441929245032,-9.41157865047151,-9.47804306976396,-8.64516893053199
556.9,-9.964624999999891,-0.7562330953017995,0.13724671337328137,-9.330619731752957,-9.467866445126239,-8.574386636451157
557.0,-10.350335250616295,-0.7452367517809946,-0.03726820747388729,-9.49413830907932,-9.456870101605434,-8.748901557298327
557.1,-10.728138613861377,-0.7334272924118035,-0.26119189768459916,-9.706252539920841,-9.445060642236243,-8.972825247509038
557.2,-10.513617161715992,-0.7208122514072977,0.04882280914727681,-9.38362279208446,-9.432445601231736,-8.662810540677162
557.3,-10.543510779436108,-0.7074000896012823,0.06284785302187484,-9.356185586403846,-9.419033439425721,-8.648785496802564
557.4,-10.53800000000004,-0.6932001887922111,0.07165811940993777,-9.333175419206713,-9.40483353861665,-8.639975230414501
557.5,-10.502695142378558,-0.6782228449925326,0.08032090381021816,-9.309535291006753,-9.389856194816971,-8.63131244601422
557.6,-10.504809764309744,-0.6624792605886684,0.028988555594204112,-9.345124054818903,-9.374112610413107,-8.682644794230235
557.7,-10.463617075232465,-0.6459815354181491,0.0021009485871700227,-9.355513936655418,-9.357614885242588,-8.709532401237269
557.8,-10.609010143702353,-0.6287426567717463,-0.2281170483354052,-9.56849305493159,-9.340376006596186,-8.939750398159845
557.9,-10.327944774851504,-0.6107764883297493,-0.04534422484453062,-9.367754062998719,-9.322409838154188,-8.75697757466897
558.0,-10.070275213675236,-0.5920977580428312,0.10643186551637107,-9.1972992423509,-9.30373110786727,-8.605201484308068
558.1,-9.969511149228131,-0.5727220449692417,0.10129265214440811,-9.183062742649273,-9.28435539479368,-8.61034069768003
558.2,-9.993559102674732,-0.5526657650813328,-0.021859391928043627,-9.286158506833814,-9.264299114905771,-8.733492741752482
558.3,-9.992054592720978,-0.531946156055687,-0.10924853390680431,-9.35282803978693,-9.243579505880126,-8.820881883731243
558.4,-9.659230836236935,-0.5105812610623645,0.14335291964477812,-9.078861691242025,-9.222214610886803,-8.56828043017966
558.5,-9.795990418118429,-0.4885899115700103,-0.07160309708944458,-9.271826358483894,-9.200223261394449,-8.783236446913884
558.6,-9.63103852889667,-0.46599170918477173,0.006520734255520683,-9.17110432475369,-9.17762505900921,-8.705112615568918
558.7,-9.512189973614749,-0.44280700654216637,0.01733157671845948,-9.137108779648145,-9.154440356366605,-8.694301773105979
558.8,-9.334429708222993,-0.419056887272206,0.05410818858805532,-9.07658204850859,-9.130690237096644,-8.657525161236384
558.9,-9.255875666074552,-0.3947631450592254,-0.04919384352507497,-9.15559033840874,-9.106396494883665,-8.760827193349513
559.0,-9.143388392857117,-0.36994826181898377,-0.161028759238026,-9.242610370881449,-9.081581611643422,-8.872662109062464
559.1,-8.613626570915688,-0.34463538501669977,0.10797631097942778,-8.94829242386171,-9.056268734841138,-8.60365703884501
559.2,-8.383957619477012,-0.31884830415074517,0.053615193693045175,-8.976866460282139,-9.030481653975183,-8.658018156131394
559.3,-8.119755635707858,-0.2926114264277591,0.02864497194773921,-8.975599804304458,-9.004244776252198,-8.682988377876699
559.4,-8.12389492753623,-0.2659497516559518,-0.2498065354890756,-9.227389636969466,-8.977583101480391,-8.961439885313514
559.5,-7.448508196721584,-0.23888884638434033,0.18473696192094638,-8.765785234287833,-8.950522196208778,-8.526896387903493
559.6,-7.310399817017384,-0.21145481731660323,0.12988671517192352,-8.793201451969118,-8.923088167141042,-8.581746634652514
559.7,-7.295823367065304,-0.18367428402914782,0.008037610048839947,-8.887270023804746,-8.895307633853587,-8.703595739775599
559.8,-7.295526802218099,-0.1555743510238597,-0.06829900303452638,-8.935506703882824,-8.867207700848299,-8.779932352858966
559.9,-7.279115241635694,-0.12718257914684036,-0.06869301699812151,-8.9075089459694,-8.838815928971279,-8.78032636682256
560.0,-7.359015873015927,-0.09852695640524142,-0.10629073919305576,-8.916451045422736,-8.81016030622968,-8.817924089017495
560.1,-7.4769765478423755,-0.06963586821506655,-0.12355781038915532,-8.904827028428661,-8.781269218039505,-8.835191160213594
560.2,-7.400275212064088,-0.040538067113536455,0.10942470179941272,-8.642746715138562,-8.752171416937975,-8.602208648025027
560.3,-7.466540284359973,-0.01126264197029761,0.2460050037882679,-8.476890988006469,-8.722895991794736,-8.465628346036171
560.4,-7.803060000000147,0.01816101326760059,0.14009476741722196,-8.553377569139617,-8.693472336556837,-8.571538582407216
560.5,-8.291942583732112,0.04770323126143269,-0.11896402691206671,-8.782894145475073,-8.663930118563005,-8.830597376736506
560.6,-8.463561116458186,0.07733410336113938,-0.09494258701022985,-8.729241833473528,-8.6342992464633,-8.806575936834669
560.7,-8.617130434782558,0.10702351204367853,-0.11704398963070418,-8.721653827411464,-8.60460983778076,-8.828677339455142
560.8,-8.563784256559819,0.13674116367230352,-0.014780965479823008,-8.589673151631958,-8.574892186152136,-8.726414315304261
560.9,-8.452997084548107,0.1664566215392563,0.06051251744073445,-8.484664210844448,-8.545176728285183,-8.651120832383704
561.0,-8.453935546875002,0.19613933915397694,-0.04555995059745586,-8.561053961267918,-8.515494010670462,-8.757193300421894
561.1,-8.303113837095106,0.22575869373858903,-0.042448711849001466,-8.528323367934851,-8.48587465608585,-8.75408206167344
561.2,-8.047248520709886,0.2552840198921257,0.055205569718618425,-8.401143760213694,-8.456349329932314,-8.65642778010582
561.3,-7.8661565906839295,0.2846846433847095,0.09643801067974773,-8.330510695759981,-8.42694870643973,-8.615195339144691
561.4,-7.8511555333998,0.3139299150426978,0.008521732730652688,-8.389181702051088,-8.397703434781741,-8.703111617093786
561.5,-7.799316316316314,0.3429892446856458,-0.001195298634478155,-8.369839403773272,-8.368644105138793,-8.712828648458917
561.6,-7.629714285714154,0.37183213507583074,0.1388044325625637,-8.200996782186044,-8.339801214748608,-8.572828917261875
561.7,-7.834925176946487,0.4004282158410165,-0.08277841028864186,-8.393983544272064,-8.311205133983423,-8.79441176011308
561.8,-7.761113821138243,0.4287472773311206,-0.03284418929388386,-8.315730261787202,-8.282886072493318,-8.744477539118323
561.9,-7.93295092024537,0.4567593043694783,-0.25112844164573334,-8.506002487100695,-8.25487404545496,-8.962761791470172
562.0,-7.517259793814442,0.48443450985947234,0.09139254032687474,-8.13580629963809,-8.227198839964966,-8.620240809497563
562.1,-7.5724875518670975,0.5117433682074242,-0.05623324166350605,-8.25612322328052,-8.199889981617014,-8.767866591487945
562.2,-7.352693430656812,0.5386566485228128,0.06710140626018285,-8.105875295041443,-8.172976701301625,-8.644531943564257
562.3,-7.180530890052305,0.5651454475571034,0.15471924783159274,-7.9917686544357425,-8.146487902267335,-8.556914101992845
562.4,-7.258090526315772,0.5911812223427335,0.014531413468286389,-8.105920714013418,-8.120452127481705,-8.697101936356152
562.5,-7.263508994709033,0.616735822494114,-0.031562429921137836,-8.126459957251463,-8.094897527330325,-8.743195779745577
562.6,-7.178893617021265,0.6417815221328564,0.024564845806087886,-8.045286981885495,-8.069851827691583,-8.68706850401835
562.7,-7.144163636363631,0.6662910513998426,0.02741025298485294,-8.017932045439743,-8.045342298424597,-8.684223096839586
562.8,-7.1881428571427906,0.690237627517192,-0.06705875648505308,-8.0884544787923,-8.021395722307247,-8.778692106309492
562.9,-7.158883369330518,0.7135949853636796,-0.1155456516102835,-8.113584016071043,-7.9980383644607596,-8.827179001434722
563.0,-7.029639913232106,0.7363374075276841,-0.08948617274140502,-8.06478211503816,-7.975295942296754,-8.801119522565843
563.1,-6.835290076335781,0.7584397538023255,-0.011457742631390051,-7.964651338653503,-7.953193596022113,-8.723091092455828
563.2,-6.551585526315736,0.7798774900880718,0.16148792861547387,-7.770267931120893,-7.931755859736366,-8.550145421208965
563.3,-6.520341298467053,0.8006267166687506,0.10611622251497868,-7.804890410640709,-7.911006633155688,-8.60551712730946
563.4,-6.559340396753806,0.8206641958276065,0.016997256629758678,-7.873971897367073,-7.890969153996832,-8.69463609319468
563.5,-6.59833949504056,0.8399673787707842,-0.03266450243041603,-7.9043304734840705,-7.8716659710536545,-8.744297852254855
563.6,-6.637338593327313,0.8585144318263986,-0.04863897775714908,-7.901757895755189,-7.8531189179980405,-8.760272327581587
563.7,-6.676337691614067,0.8762842618881719,-0.0419122085924668,-7.877261296528734,-7.835349087936267,-8.753545558416905
563.8,-6.715336789900776,0.8932565410734714,-0.024273074566176646,-7.842649883317144,-7.818376808750967,-8.735906424390615
563.9,-6.754335888187529,0.909411730566479,-0.004810896231188529,-7.807032515489149,-7.80222161925796,-8.716444246055627
564.0,-6.7933349864742825,0.9247311036181409,0.011711749355927585,-7.77519049685037,-7.786902246206298,-8.69992160046851
564.1,-6.832334084761036,0.9391967676755182,0.02460391675460674,-7.747832665394314,-7.77243658214892,-8.687029433069831
564.2,-6.891436499466379,0.9527916856141413,0.01566698862746959,-7.743174675582828,-7.758841664210298,-8.69596636119697
564.3,-6.952624688722816,0.9654996960480078,0.005608959294800472,-7.74052469448163,-7.746133653776431,-8.706024390529638
564.4,-7.013812877979323,0.9773055326929072,-0.0014323163940465587,-7.735760133525578,-7.734327817131532,-8.713065666218485
564.5,-7.075001067235829,0.9881948427598513,-0.004737667155813245,-7.728176174220401,-7.7234385070645875,-8.716371016980252
564.6,-7.136189256492335,0.998154204356493,-0.004911010590539756,-7.7183901560584856,-7.713479145467946,-8.716544360414979
564.7,-7.197377445748842,1.007171142875563,-0.003413044132142951,-7.707875251081019,-7.704462206948875,-8.715046393956582
564.8,-7.2585656350052785,1.0152341463505081,-0.001939607188817802,-7.698338810662748,-7.696399203473931,-8.713572957013257
564.9,-7.319753824261785,1.0223326797597156,-0.0018846517455315317,-7.691185321810255,-7.689300670064723,-8.71351800156997
565.0,-7.377733466433716,1.0284571982619033,-0.000813623440218611,-7.683989775002754,-7.683176151562535,-8.712446973264658
565.1,-7.432138258048407,1.0335991593464997,0.001552225573578638,-7.67648196490436,-7.6780341904779394,-8.710081124250861
565.2,-7.486543049663097,1.0377510338840779,0.002095889013836781,-7.671786426926524,-7.673882315940361,-8.709537460810601
565.3,-7.540947841277726,1.040906316063183,0.0015613440526323565,-7.669165689708623,-7.670727033761255,-8.710072005771806
565.4,-7.595352632892416,1.0430595322011735,0.0007016962942608122,-7.667872121329005,-7.668573817623265,-8.710931653530178
565.5,-7.649757424507106,1.0442062484179928,6.528293126015585e-05,-7.667361818475186,-7.667427101406446,-8.711568066893179
565.6,-7.704162216121797,1.0443430771631086,-0.00011170429645838064,-7.667401976957788,-7.66729027266133,-8.711745054120897
565.7,-7.758567007736487,1.043467682587176,9.98122984820234e-05,-7.668065854938781,-7.668165667237263,-8.711533537525957
565.8,-7.813074720945482,1.041578784751313,0.0003163041015293642,-7.669738260971597,-7.6700545650731256,-8.71131704572291
565.9,-7.867703742613259,1.038676162668226,0.00018584616335311942,-7.67277134099286,-7.6729571871562126,-8.711447503661086
566.0,-7.922332764281036,1.034760656170766,-0.00037938555319945796,-7.677252079206872,-7.676872693653673,-8.712012735377638
566.1,-7.976961785948813,1.0298341666048598,-0.001308456064620254,-7.683107639284199,-7.681799183219579,-8.71294180588906
566.2,-8.031590807616588,1.0238996563451064,-0.0021602464526845476,-7.689893939932017,-7.687733693479332,-8.713793596277123
566.3,-8.086219829284303,1.0169611471327071,-0.0021372114893406036,-7.696809414181072,-7.694672202691732,-8.71377056131378
566.4,-8.14084885095208,1.0090237172367436,-0.0002217514529622782,-7.702831384040658,-7.702609632587695,-8.7118551012774
566.5,-8.195477872619858,1.0000934974411846,0.004581218874956692,-7.706958633508298,-7.711539852383254,-8.707052130949481
566.6,-8.262202874516356,0.9901776658613644,0.0008559036507035337,-7.720599780312371,-7.721455683963074,-8.710777446173735
566.7,-8.331163626312941,0.9792844415950184,-0.0014345539287786671,-7.733783462158199,-7.732348908229421,-8.713067903753217
566.8,-8.400124378109448,0.9674230772143205,-0.0006889627279788463,-7.744899235338097,-7.744210272610118,-8.712322312552418
566.9,-8.469085129906032,0.9546038501066958,0.0017057294600661315,-7.755323770257677,-7.757029499717743,-8.709927620364372
567.0,-8.538045881702617,0.9408380526735195,0.003757728618899823,-7.76703756853202,-7.7707952971509195,-8.707875621205538
567.1,-8.607006633499202,0.9261379813971308,0.0031833762891500033,-7.782311992138158,-7.785495368427308,-8.708449973535288
567.2,-8.675967385295788,0.910516924787895,-0.002130818082729823,-7.803247243119274,-7.801116425036543,-8.713764167907168
567.3,-8.733156799999986,0.8939891502243463,-0.0018034872339340912,-7.819447686834026,-7.8176441996000925,-8.713436837058373
567.4,-8.782756799999998,0.8765698897007154,-0.0001498089101854231,-7.8352132690339085,-7.835063460123723,-8.711783158734624
567.5,-8.832356800000008,0.8582753244974131,-0.003271424910635914,-7.856629450237661,-7.853358025327026,-8.714904774735075
567.6,-8.88195680000002,0.8391225687912801,-0.00801380373352522,-7.880524584766684,-7.872510781033158,-8.719647153557965
567.7,-8.931556800000031,0.8191296522236369,-0.009941104890399663,-7.9024448024912015,-7.892503697600802,-8.721574454714839
567.8,-8.981156799999987,0.798315501445371,-0.004186743076796625,-7.917504591455865,-7.913317848379068,-8.715820092901236
567.9,-9.030756799999997,0.7766999206594754,0.013327315317798953,-7.921606113847164,-7.934933429164963,-8.69830603450664
568.0,-9.115348025711675,0.7543035711826099,0.009571986995634578,-7.947757791646194,-7.957329778641829,-8.702061362828804
568.1,-9.212685032139609,0.7311479500483846,0.00559078286151668,-7.974894616914537,-7.980485399776054,-8.706042566962923
568.2,-9.31002203856754,0.7072553676761657,0.009385617340932514,-7.994992364807341,-8.004377982148274,-8.702247732483507
568.3,-9.407359044995363,0.6826489246302849,0.013213520871969874,-8.015770904322183,-8.028984425194153,-8.698419828952469
568.4,-9.504696051423295,0.6573524874955715,0.007810138247586913,-8.04647072408128,-8.054280862328866,-8.703823211576852
568.5,-9.602033057851228,0.6313906638961463,-0.015456719944444756,-8.095699405872738,-8.080242685928292,-8.727090069768883
568.6,-9.678814140763407,0.6047887766853974,-0.0417258925614169,-8.148570465700459,-8.10684457313904,-8.753359242385855
568.7,-9.67285504912224,0.5775728373360095,-0.009806308210017784,-8.143866820698447,-8.134060512488428,-8.721439658034457
568.8,-9.66689595748108,0.5497695185598331,0.0018634443441444756,-8.160000386920462,-8.161863831264606,-8.709769905480295
568.9,-9.660936865839913,0.5214061261882622,0.0020184282803280733,-8.188208795355848,-8.190227223636176,-8.70961492154411
569.0,-9.654977774198745,0.4925105703446352,0.0017163452807112491,-8.217406434199093,-8.219122779479804,-8.709917004543728
569.1,-9.649018682557578,0.4631113359409805,0.011578840523994074,-8.236943173359464,-8.248522013883457,-8.700054509300445
569.2,-9.64305959091641,0.43323745253219853,0.039161803085005865,-8.239234094207234,-8.27839589729224,-8.672471546739432
569.3,-9.716134530667524,0.40291846356150585,0.008152317214578063,-8.300562569048354,-8.308714886262933,-8.703481032609862
569.4,-9.790007793968119,0.37218439503165524,-0.00574888732604013,-8.345197842118823,-8.339448954792783,-8.71738223715048
569.5,-9.863881057268713,0.34106572363710086,-0.008535463298077884,-8.379103089485415,-8.370567626187338,-8.720168813122516
569.6,-9.93775432056931,0.3095933443928848,-0.009220540536672102,-8.411260545968226,-8.402040005431553,-8.720853890361111
569.7,-10.011627583869904,0.2777985377965918,-0.01665411537144489,-8.450488927399292,-8.433834812027847,-8.728287465195883
569.8,-10.079125445473984,0.24571293656024398,-0.031146015093791883,-8.497066428357986,-8.465920413264195,-8.742779364918231
569.9,-10.080550962223807,0.21336849194948895,0.003566209510814376,-8.494698648364135,-8.49826485787495,-8.708067140313624
570.0,-10.081976478973628,0.18079743976787704,0.021228339774736656,-8.509607570281824,-8.530835910056561,-8.690405010049702
570.1,-10.08340199572345,0.14803226602441463,0.0240840378363456,-8.539517045963679,-8.563601083800025,-8.687549311988093
570.2,-10.084827512473272,0.11510567232293334,0.015704990800281284,-8.580822686701223,-8.596527677501506,-8.695928359024158
570.3,-10.086253029223093,0.08205054101211878,0.0001882470102933364,-8.629394561802027,-8.62958280881232,-8.711445102814146
570.4,-10.084146496815288,0.048899900135304306,-0.01455819854603747,-8.677291648235173,-8.662733449689135,-8.726191548370476
570.5,-10.078151742225552,0.01568688821934819,-0.023381263965438225,-8.719327725570528,-8.695946461605091,-8.735014613789877
570.6,-10.072156987635818,-0.0175552810579174,-0.024890341482467545,-8.754078972364823,-8.729188630882357,-8.736523691306907
570.7,-10.066162233046082,-0.05079335428205482,-0.01382161236053547,-8.77624831646703,-8.762426704106494,-8.725454962184974
570.8,-10.060167478456355,-0.08399407375851889,0.0138474574157432,-8.781779966167214,-8.795627423582957,-8.697785892408696
570.9,-10.065159842519646,-0.11712421297156492,0.048270740810944776,-8.78048682198506,-8.828757562796003,-8.663362609013493
571.0,-10.13878188976377,-0.15015061200586438,0.028750273948469244,-8.833033687881834,-8.861783961830303,-8.682883075875969
571.1,-10.212403937007892,-0.18304021289118483,0.016508162306138722,-8.878165400409484,-8.894673562715624,-8.6951251875183
571.2,-10.286025984252014,-0.21576009483059908,0.001256570323442112,-8.926136874331595,-8.927393444655038,-8.710376779500997
571.3,-10.359648031496052,-0.24827750927284167,-0.027299966397318923,-8.9872108254946,-8.959910859097281,-8.738933316221758
571.4,-10.426806118230667,-0.28055991478962816,-0.06965481222978212,-9.061848076843848,-8.992193264614066,-8.78128816205422
571.5,-10.388980570483662,-0.3125750117189967,-0.028380674674093793,-9.05258903621753,-9.024208361543435,-8.740014024498533
571.6,-10.351155022736657,-0.3442907765360214,-0.0030875686160410434,-9.059011694976501,-9.05592412636046,-8.714720918440479
571.7,-10.313329474989652,-0.37567549591257754,0.016353632581262406,-9.070955213155754,-9.087308845737017,-8.695279717243176
571.8,-10.27550392724269,-0.40669780042821874,0.04137775773573817,-9.07695339251692,-9.118331150252658,-8.6702555920887
571.9,-10.259412887828125,-0.4373266978946452,0.05911309497205061,-9.089846952747033,-9.148960047719084,-8.652520254852389
572.0,-10.32038055977434,-0.467531606256707,0.01770682251373543,-9.161458133567411,-9.179164956081145,-8.693926527310703
572.1,-10.381348231720557,-0.4972823860333932,-0.008436539188717437,-9.217352275046549,-9.208915735857833,-8.720069889013157
572.2,-10.442315903666772,-0.5265493722628055,-0.026605914353411305,-9.264788636440656,-9.238182722087243,-8.73823926417785
572.3,-10.503283575612919,-0.5553034059157047,-0.045783230567015776,-9.31271998630716,-9.266936755740144,-8.757416580391455
572.4,-10.521440400363966,-0.5835158647428486,-0.030738496806031503,-9.32588771137332,-9.295149214567287,-8.742371846630471
572.5,-10.512341219290262,-0.6111586935220097,-0.0011820197319974343,-9.323974063078445,-9.322792043346448,-8.712815369556436
572.6,-10.503242038216557,-0.6382044336712708,0.015221852170268474,-9.334615931325441,-9.34983778349571,-8.69641149765417
572.7,-10.494142857142853,-0.6646262521959401,0.020586081992266827,-9.355673520028112,-9.37625960202038,-8.691047267832172
572.8,-10.482748153442946,-0.6903979699372144,0.019839005368391782,-9.382192314393262,-9.402031319761653,-8.691794344456047
572.9,-10.462972122944969,-0.7154940890915392,0.020425004508497185,-9.406702434407482,-9.427127438915978,-8.69120834531594
573.0,-10.44319609244699,-0.7398898199704651,0.013240813237124328,-9.43828235655778,-9.451523169794903,-8.698392536587315
573.1,-10.423420061949013,-0.7635611069716952,-0.0040203456105830475,-9.479214802406718,-9.475194456796133,-8.715653695435021
573.2,-10.40261331338818,-0.7864846537329346,-0.0326513364506063,-9.53076934000798,-9.498118003557373,-8.744284686275044
573.3,-10.325575168287264,-0.8086379474411107,-0.01782676340397924,-9.53809806066953,-9.52027129726555,-8.729460113228418
573.4,-10.24853702318626,-0.8299992822705169,-0.012705856716843376,-9.5543384888118,-9.541632632094956,-8.724339206541282
573.5,-10.171498878085258,-0.8505477819244454,-0.010446232365681745,-9.572627364114567,-9.562181131748885,-8.722079582190121
573.6,-10.094677091477694,-0.8702634212559194,-0.0017937929469448114,-9.583690564027304,-9.581896771080357,-8.713427142771383
573.7,-10.048547302580104,-0.8891270469442021,-0.007513357764508024,-9.60827375453315,-9.60076039676864,-8.719146707588946
573.8,-10.002417513682566,-0.9071203972048578,0.010059885988909383,-9.608693861040386,-9.618753747029297,-8.70157346383553
573.9,-9.956287724784977,-0.9242261205122593,0.05254288964564857,-9.583316580691049,-9.635859470336698,-8.65909046017879
574.0,-9.933904269785199,-0.9404277933145782,0.0912521874501143,-9.560808955688902,-9.652061143139017,-8.620381162374324
574.1,-10.027458797933164,-0.9557099367224597,0.023568098211634046,-9.643775188335264,-9.667343286546899,-8.688065251612805
574.2,-10.121013326081128,-0.9700580321537707,-0.047041489373356976,-9.728732871351566,-9.68169138197821,-8.758674839197795
574.3,-10.214567854228987,-0.9834585359180098,-0.13028150264677144,-9.82537338838922,-9.695091885742448,-8.841914852471211
574.4,-10.20261082766438,-0.9958988927251947,-0.12348362988338402,-9.831015872433017,-9.707532242549634,-8.835116979707824
574.5,-10.082145975056644,-1.007367548105277,-0.018442613050194047,-9.73744351097991,-9.719000897929716,-8.730075962874633
574.6,-9.961681122448907,-1.0178539597253873,0.08690185033409663,-9.642585459215729,-9.729487309549826,-8.624731499490341
574.7,-9.84121626984117,-1.02734860759348,0.2030151911578345,-9.535966766260085,-9.738981957417918,-8.508618158666604
574.8,-9.969858195754703,-1.035843003138225,0.08576023477246003,-9.661716118190204,-9.747476352962664,-8.625873115051979
574.9,-10.107535082547185,-1.0433296971562798,-0.027680482409994808,-9.782643529390713,-9.754963046980718,-8.739313832234433
575.0,-10.245211969339667,-1.0498022866193708,-0.13712038959741793,-9.898556026041227,-9.76143563644381,-8.848753739421857
575.1,-10.256103796693155,-1.0552554203349214,-0.12570184127632086,-9.892590611435681,-9.76688877015936,-8.83733519110076
575.2,-10.172515309246714,-1.0596848034552648,-0.03178641768044083,-9.803104570960144,-9.771318153279704,-8.74341976750488
575.3,-10.088926821800369,-1.0630872008317986,0.05033797605843527,-9.724382574597803,-9.774720550656237,-8.661295373766004
575.4,-10.042691526499533,-1.0654604392117533,0.08872512647957051,-9.688368662556622,-9.777093789036192,-8.622908223344869
575.5,-10.080774674706456,-1.0668034082765592,0.04372612369905054,-9.734710634401948,-9.778436758100998,-8.667907226125388
575.6,-10.118857822913379,-1.0671160605221193,0.005393937452751296,-9.773355472893806,-9.778749410346558,-8.706239412371687
575.7,-10.153814960629932,-1.0663994099826004,-0.02099703526558843,-9.799029795072627,-9.77803275980704,-8.732630385090028
575.8,-10.171859580052487,-1.0646555298006737,-0.023111086285492445,-9.799399965910604,-9.776288879625113,-8.734744436109931
575.9,-10.189904199475064,-1.061887548648435,-0.02149225620651942,-9.795013154679394,-9.773520898472874,-8.733125606030958
576.0,-10.205524551303757,-1.058099646004536,-0.017694083513345664,-9.78742707934232,-9.769732995828974,-8.729327433337785
576.1,-10.201122248560784,-1.0532970462943476,0.002943899005512545,-9.761986497113273,-9.764930396118785,-8.708689450818927
576.2,-10.19671994581781,-1.0474860119012568,0.0190542228501292,-9.740065138875567,-9.759119361725695,-8.692579126974309
576.3,-10.19694525801952,-1.0406738350584672,0.02609373220435208,-9.726213452678554,-9.752307184882905,-8.685539617620087
576.4,-10.222398535564855,-1.0328688286319325,0.004501535006394184,-9.740000643449978,-9.744502178456372,-8.707131814818045
576.5,-10.247851813110191,-1.0240803158062914,-0.01890566506919488,-9.754619330699924,-9.73571366563073,-8.730539014893633
576.6,-10.260761274158899,-1.0143186186869027,-0.02967930260264311,-9.755631271113984,-9.72595196851134,-8.741312652427082
576.7,-10.24250787401573,-1.0035950458322875,-0.007221103492650138,-9.722449499149377,-9.715228395656727,-8.718854453317089
576.8,-10.224254473872584,-0.9919218787324804,0.01888119139833911,-9.68467403715858,-9.703555228556919,-8.6927521584261
576.9,-10.230005133846724,-0.9793123572499561,0.025082809178297805,-9.665862897896098,-9.690945707074395,-8.686550540646142
577.0,-10.260441510817763,-0.9657806640409637,0.009408723167197677,-9.668005290698204,-9.677414013865402,-8.702224626657241
577.1,-10.2908778877888,-0.9513419079762131,-0.006655079556480158,-9.669630337357132,-9.662975257800651,-8.71828842938092
577.2,-10.298,-0.9360121065809752,-0.004355337099361469,-9.652000793504776,-9.647645456405414,-8.7159886869238
577.3,-10.298,-0.9198081675157346,-0.004676827199677424,-9.63611834453985,-9.631441517340173,-8.716310177024116
577.4,-10.293481481481503,-0.9027478691195839,-0.013890702279785559,-9.628271921223808,-9.614381218944022,-8.725524052104225
577.5,-10.24689881634212,-0.8848498400395843,0.004179531908760195,-9.592303657955263,-9.596483189864022,-8.70745381791568
577.6,-10.200316151202738,-0.8661335379703069,0.009078419065684223,-9.56868846872906,-9.577766887794745,-8.702554930758755
577.7,-10.160975552968551,-0.8466192275287443,-0.001819834785381451,-9.560072412138565,-9.558252577353183,-8.71345318460982
577.8,-10.129543655413284,-0.8263279572907205,-0.022215737665968016,-9.560177044781128,-9.53796130711516,-8.733849087490407
577.9,-10.09811175785798,-0.8052815360158276,-0.03621621343627501,-9.553131099276541,-9.516914885840267,-8.747849563260713
578.0,-10.033705072748733,-0.7835025080888007,-0.0037638330379528447,-9.498899690951193,-9.49513585791324,-8.715397182862391
578.1,-9.96567518678727,-0.7610141282060761,0.04977844398640442,-9.42286903404411,-9.472647478030515,-8.661854905838034
578.2,-9.942640159045727,-0.7378403353370869,0.07491677143470672,-9.374556913726819,-9.449473685161525,-8.636716578389732
578.3,-10.0002942345924,-0.7140057259906197,0.029803506328849445,-9.39583556948621,-9.425639075815058,-8.681829843495589
578.4,-10.057948310139142,-0.6895355268172885,-0.014695966326573488,-9.4158648429683,-9.401168876641727,-8.726329316151013
578.5,-10.095392943063343,-0.6644555665798811,-0.04843779244604525,-9.424526708850365,-9.37608891640432,-8.760071142270483
578.6,-10.12907377706495,-0.638792247523992,-0.09416707198070796,-9.444592669329138,-9.35042559734843,-8.805800421805147
578.7,-10.096257661290318,-0.6125725161819724,-0.08890792126586856,-9.41311378727228,-9.32420586600641,-8.800541271090307
578.8,-9.939402822580742,-0.5858238336438141,0.031758758233214154,-9.265698425235039,-9.297457183468254,-8.679874591591224
578.9,-9.782547983870987,-0.558574145329123,0.15451591205535758,-9.115691583098204,-9.270207495153562,-8.557117437769081
579.0,-9.850938915857613,-0.5308518502948368,0.06432636539246377,-9.178158834726812,-9.242485200119276,-8.647306984431975
579.1,-9.95328519417478,-0.5026857701138056,-0.04164258327094844,-9.255961703209193,-9.214319119938244,-8.753275933095388
579.2,-10.001814904819751,-0.4741051173597681,-0.07577583581301206,-9.261514302997218,-9.185738467184207,-8.78740918563745
579.3,-9.968603078169313,-0.445139463734637,-0.015727402602299066,-9.172500216161374,-9.156772813559076,-8.727360752426737
579.4,-9.935391251518837,-0.41581870787433733,0.04780014039689006,-9.079651917301886,-9.127452057698775,-8.66383320942755
579.5,-9.975420711974111,-0.3861730428697374,0.03169323598748329,-9.066113156706693,-9.097806392694176,-8.679940113836956
579.6,-10.02113268608415,-0.35623292353945746,-0.004889527649962722,-9.072755801013859,-9.067866273363896,-8.716522877474402
579.7,-10.038645161290315,-0.32602903349155055,-0.032924855355508785,-9.070587238671498,-9.03766238331599,-8.744558205179947
579.8,-10.02251612903226,-0.29559225201121175,-0.04693316334206566,-9.054158765177716,-9.00722560183565,-8.758566513166505
579.9,-10.006387096774189,-0.2649536208117904,-0.07565081174044408,-9.052237782376674,-8.976586970636228,-8.787284161564882
580.0,-9.877537720706231,-0.23414431068645952,0.0014821208881315578,-8.944295539622766,-8.945777660510899,-8.710151228936308
580.1,-9.745916532905284,-0.20319558809792732,0.08167521467660804,-8.833153723245758,-8.914828937922366,-8.629958135147831
580.2,-9.674915969733174,-0.17213878174356653,0.10397946428563593,-8.779792667282369,-8.883772131568005,-8.607653885538802
580.3,-9.668544006371967,-0.14100524913328388,0.059625178565158296,-8.793013420392564,-8.852638598957723,-8.652008171259281
580.4,-9.662172043010754,-0.10982634321735577,0.0020070506288932116,-8.819452642412902,-8.821459693041794,-8.709626299195545
580.5,-9.610485973923344,-0.07863337910131701,-0.03696466841069989,-8.827231397336456,-8.790266728925756,-8.748598018235139
580.6,-9.557542473330685,-0.047457600884807244,-0.11047087396303908,-8.869561824672285,-8.759090950709245,-8.822104223787477
580.7,-9.4103291634088,-0.0163301486610557,-0.12444694003029494,-8.85241043851579,-8.727963498485494,-8.836080289854733
580.8,-9.144105551212036,0.014717974286580227,-0.04038482397960541,-8.737300199517463,-8.69691537553786,-8.752018173804045
580.9,-8.87788193901497,0.045655934054917,0.046785877185758475,-8.619191538583763,-8.665977415769522,-8.66484747263868
581.0,-8.715100502512582,0.07645309842232909,0.0611814710488327,-8.573998780353277,-8.63518025140211,-8.650451878775606
581.1,-8.56589292616928,0.10707906884584581,0.1149586250962656,-8.489595655882328,-8.604554280978594,-8.596674724728173
581.2,-8.50851546391761,0.13750371211902387,0.13970732501874483,-8.43442231268667,-8.574129637705415,-8.571926024805695
581.3,-8.66850019091252,0.16769719165612493,0.004648481502798063,-8.539287676665516,-8.543936158168314,-8.70698486832164
581.4,-8.82848491790761,0.1976299983686372,-0.09024006686707264,-8.604243418322874,-8.514003351455802,-8.801873416691512
581.5,-8.925966101694923,0.2272729811007264,-0.10474503717413364,-8.589105405897845,-8.484360368723712,-8.816378386998572
581.6,-8.993762711864408,0.25659737659078474,-0.09057815415741702,-8.54561412739107,-8.455035973233654,-8.802211503981855
581.7,-9.059103563474391,0.28557483892686836,-0.08467775163390323,-8.510736262531474,-8.42605851089757,-8.796311101458341
581.8,-9.020128062360827,0.314177468464468,0.015239420705633819,-8.382216460654337,-8.39745588135997,-8.696393929118805
581.9,-8.98115256124722,0.34237784017575174,0.11146984246942855,-8.257785667179258,-8.369255509648687,-8.60016350735501
582.0,-9.004782894736906,0.37014903140014144,0.14753878033944962,-8.193945538084847,-8.341484318424298,-8.56409456948499
582.1,-9.156098684210631,0.39746464896684564,0.05794752191007687,-8.256221178947516,-8.314168700857593,-8.653685827914362
582.2,-9.307414473684357,0.42429885566076075,-0.03917386263156131,-8.32650835679524,-8.287334494163678,-8.750807212456
582.3,-9.357477150053976,0.45062639600397575,-0.05934815751967132,-8.320355111340135,-8.261006953820463,-8.77098150734411
582.4,-9.338045699892046,0.4764226213259677,-0.053110854135084484,-8.288321582633555,-8.23521072849847,-8.764744203959523
582.5,-9.318614249730116,0.5016635140964574,-0.10478479980630581,-8.314754635534287,-8.209969835727982,-8.816418149630744
582.6,-9.094859823008788,0.5263257114958021,-0.016811216541453705,-8.20211885487009,-8.185307638328636,-8.728444566365892
582.7,-8.824417345132646,0.5503865281987425,0.055370572221997136,-8.1058762494037,-8.161246821625696,-8.656262777602441
582.8,-8.553974867256812,0.5738239783482777,0.07417014853954093,-8.06363922293662,-8.13780937147616,-8.637463201284898
582.9,-8.269165970772498,0.596616796697436,0.06657237845957782,-8.048444174667425,-8.115016553127003,-8.645060971364861
583.0,-7.984197286012452,0.618744458897712,0.03184524936857702,-8.06104364155815,-8.092888890926726,-8.679788100455863
583.1,-7.699806297056627,0.6401872009139791,-0.017042957849785458,-8.088489106760246,-8.071446148910459,-8.728676307674224
583.2,-7.4198610540723955,0.6609260375467348,-0.06869509567117581,-8.11940240794888,-8.050707312277703,-8.780328445495615
583.3,-7.139915811088483,0.6809427800436139,-0.09998480868806593,-8.13067537846889,-8.030690569780825,-8.811618158512506
583.4,-6.861564223268502,0.7002200527831905,-0.0900345804081017,-8.101447877449349,-8.011413297041248,-8.80166793023254
583.5,-6.589876260928089,0.7187413090152057,-0.020234677552226972,-8.01312671836146,-7.992892040809233,-8.731868027376665
583.6,-6.3181882985876765,0.7364908456424715,0.1354929700468132,-7.8396495341351535,-7.975142504181967,-8.576140379777625
583.7,-6.170535183350052,0.7534538170308507,0.26185879128366235,-7.6963207415099255,-7.958179532793588,-8.449774558540776
583.8,-6.46521638586045,0.7696162478348547,0.03440240034890614,-7.907614701640678,-7.942017101989584,-8.677230949475533
583.9,-6.759897588371183,0.7849650448275692,-0.12523369121210942,-8.05190199620898,-7.92666830499687,-8.836867041036548
584.0,-7.008909090909066,0.7994880077247883,-0.20157761191982893,-8.11372295401948,-7.912145342099651,-8.913210961744268
584.1,-7.065727272727262,0.8131738389944194,-0.08073861970104476,-7.979198130531064,-7.898459510830019,-8.792371969525483
584.2,-7.122545454545458,0.8260121526434093,0.015625499645165936,-7.869995697535863,-7.885621197181029,-8.696007850179273
584.3,-7.169712188896004,0.8379934819756361,0.0729577340826545,-7.8006821337661485,-7.873639867848802,-8.638675615741784
584.4,-7.140356732610101,0.8491092863154102,0.1383446906452635,-7.724179372863765,-7.862524063509029,-8.573288659179175
584.5,-7.111001276324198,0.8593519566924287,0.11870856073654694,-7.733572832395463,-7.85228139313201,-8.592924789087892
584.6,-7.081645820038295,0.8687148204852302,0.001857643777530997,-7.841060885561678,-7.842918529339208,-8.709775706046909
584.7,-6.852289028213122,0.8771921450213975,-0.01549421275410504,-7.8499354175571465,-7.834441204803041,-8.727127562578543
584.8,-6.6184332288402645,0.8847791401339613,-0.11667572284394502,-7.943529932534423,-7.826854209690477,-8.828309072668384
584.9,-6.384577429467141,0.8914719596746518,-0.273429038910503,-8.09359042906029,-7.820161390149787,-8.985062388734942
585.0,-5.905181818181888,0.8972677019858413,-0.1872272082977941,-8.00159285613639,-7.814365647838597,-8.898860558122232
585.1,-5.359727272727315,0.9021644093342108,0.027305686763011427,-7.782163253727217,-7.809468940490228,-8.684327663061428
585.2,-4.814272727272742,0.9061610663103513,0.36539786084889825,-7.440074422665189,-7.805472283514088,-8.346235488975541
585.3,-4.79907724931802,0.9092575971996875,0.3369479098109621,-7.465427842813789,-7.8023757526247515,-8.374685440013476
585.4,-5.230158739775683,0.9114548623312744,0.032395281841397006,-7.767783205651767,-7.800178487493165,-8.679238067983041
585.5,-5.6612402302333455,0.9127546534121675,-0.1312941398131741,-7.930172836225445,-7.798878696412271,-8.842927489637614
585.6,-6.057369487485286,0.913159687856212,-0.17503371756278674,-7.973507379531013,-7.7984736619682264,-8.886667067387226
585.7,-6.3440202622171755,0.9126736021172168,-0.09037238894804515,-7.889332136655267,-7.798959747707222,-8.802005738772484
585.8,-6.630671036948739,0.9113009440375972,-0.046031388422078184,-7.846363794208919,-7.8003324057868415,-8.757664738246516
585.9,-6.917321811680628,0.9090471642246587,-0.08215004731301795,-7.884736232912798,-7.80258618559978,-8.793783397137457
586.0,-6.954672721945504,0.9059186064677758,0.03437602666473559,-7.771338716691927,-7.805714743356663,-8.677257323159703
586.1,-6.959946674479932,0.901922497210774,0.09176921915790226,-7.717941633455762,-7.809710852613665,-8.619864130666537
586.2,-6.965220627014359,0.8970669340948636,0.07799427570752028,-7.736572140022055,-7.814566415729575,-8.633639074116918
586.3,-6.950138080138387,0.8913608735884871,0.039560882423325824,-7.780711593812626,-7.820272476235951,-8.672072467401113
586.4,-6.91237503603345,0.88481411772144,0.004027613103242518,-7.822791618999756,-7.826819232102999,-8.707605736721197
586.5,-6.8746119919285125,0.8774372999415916,-0.03102467139397366,-7.86522072127682,-7.834196049882847,-8.742658021218412
586.6,-6.836838773772348,0.8692418701134774,-0.05145694634733208,-7.893848426058294,-7.842391479710962,-8.763090296171772
586.7,-6.7965322168606175,0.8602400786789588,-0.04618681836860433,-7.897580089514085,-7.85139327114548,-8.757820168193042
586.8,-6.7562256599489325,0.8504449600010341,-0.01388065817735825,-7.875069048000763,-7.861188389823405,-8.725514008001797
586.9,-6.715919103037202,0.8398703149127537,0.04496245400980388,-7.826800580901881,-7.871763034911685,-8.666670895814635
587.0,-6.736931265716664,0.8285306924940266,0.06398532859278835,-7.819117328737624,-7.883102657330412,-8.64764802123165
587.1,-6.8241064543168575,0.8164413710999157,0.028876081774048615,-7.866315896950474,-7.895191978724523,-8.68275726805039
587.2,-6.911281642917052,0.8036183386647933,-0.006833735048533806,-7.914848746208179,-7.9080150111596454,-8.718467084872973
587.3,-6.998456831517147,0.7900782723074746,-0.056258606228309055,-7.977813683745273,-7.921555077516964,-8.767891956052749
587.4,-6.977951279933943,0.7758385172631628,-0.021845070048674427,-7.957639902609951,-7.935794832561276,-8.733478419873114
587.5,-6.945746490503711,0.760917065168716,-0.003649198080108648,-7.954365482735831,-7.950716284655723,-8.715282547904547
587.6,-6.913541701073479,0.7453325317283982,-0.009860108824753737,-7.9761609269207945,-7.96630081809604,-8.721493458649192
587.7,-6.87364830393483,0.7291041337878827,-0.02228038004596969,-8.004809596082525,-7.982529216036556,-8.733913729870409
587.8,-6.812861329715083,0.7122516658448641,-0.012834077563746752,-8.012215761543322,-7.999381683979575,-8.724467427388186
587.9,-6.752074355495266,0.6947954760251674,0.012738511798877899,-8.004099362000394,-8.016837873799272,-8.698894838025561
588.0,-6.6912873812754485,0.6767564415537579,0.06537989450043158,-7.969497013770249,-8.03487690827068,-8.646253455324008
588.1,-6.720354640278164,0.6581559437505204,0.058367638093588935,-7.995109767980329,-8.053477406073918,-8.65326571173085
588.2,-6.813427654453115,0.6390158425811139,0.011402837520476487,-8.061214669722848,-8.072617507243326,-8.700230512303962
588.3,-6.9065006686279595,0.6193584507935996,-0.025633825207472368,-8.117908724238312,-8.092274899030839,-8.737267175031912
588.4,-6.99957368280291,0.5992065076719053,-0.07113564463332829,-8.183562486785862,-8.112426842152534,-8.782768994457767
588.5,-6.968505146476622,0.5785831524375027,-0.018775432507860183,-8.151825629894796,-8.133050197386936,-8.730408782332299
588.6,-6.9146650831353655,0.5575118973309621,0.017254505364206155,-8.13686694712927,-8.154121452493477,-8.694378844460232
588.7,-6.860825019794108,0.5360166004052915,0.00917577414103721,-8.16644097527811,-8.175616749419147,-8.702457575683402
588.8,-6.800885416666734,0.5141214380631723,-0.033269103741125815,-8.230781015502393,-8.197511911761266,-8.744902453565565
588.9,-6.638125000000037,0.49185087737036953,-0.002009498810686074,-8.221791971264755,-8.21978247245407,-8.713642848635125
589.0,-6.475364583333339,0.4692296481777261,0.016982934935021406,-8.225420766711691,-8.242403701646712,-8.694650414889418
589.1,-6.312604166666642,0.44628271508423784,0.043257861850135956,-8.222092772890065,-8.265350634740201,-8.668375487974302
589.2,-6.190444444444454,0.4230352492737549,0.055841017936233986,-8.23275708261445,-8.288598100550685,-8.655792331888204
589.3,-6.215650205761307,0.3995126002578721,-0.03412675755664209,-8.34624750712321,-8.312120749566567,-8.74576010738108
589.4,-6.240855967078189,0.37574026755753986,-0.06389849047460743,-8.399791572741506,-8.3358930822669,-8.775531840299045
589.5,-6.26606172839507,0.35174387235586496,-0.02091691812248711,-8.38080639559106,-8.359889477468574,-8.732550267946927
589.6,-6.379524523507178,0.32754912915446655,0.01564518818933201,-8.36843903248064,-8.384084220669973,-8.695988161635107
589.7,-6.673806607370001,0.3031818174656132,-0.04276430849001975,-8.451215840848846,-8.408451532358825,-8.754397658314458
589.8,-6.968088691232491,0.27866775357218676,-0.018857699058870574,-8.451823295311122,-8.432965596252252,-8.730491048883309
589.9,-7.262370775095315,0.2540327623873045,0.07377746367174762,-8.383823123765387,-8.457600587437135,-8.63785588615269
590.0,-7.635772418990331,0.22930264944517711,0.13116895441923182,-8.35116174596003,-8.482330700379261,-8.580464395405206
590.1,-8.131376538558392,0.2045031730544929,0.0757022680867761,-8.431427908683169,-8.507130176769946,-8.635931081737663
590.2,-8.626980658126453,0.17966001664529038,-0.009366697525251953,-8.5413400307044,-8.531973333179149,-8.72100004734969
590.3,-9.12258477769395,0.15479876133992354,-0.15909670321888308,-8.715931291703399,-8.556834588484515,-8.870730053043323
590.4,-9.415125962732919,0.12994485877832643,-0.1927526574533545,-8.774441148499466,-8.581688491046112,-8.904386007277793
590.5,-9.417858881987579,0.10512360422735398,-0.02729118164347548,-8.63380092724056,-8.606509745597085,-8.738924531467914
590.6,-9.420591801242237,0.08036011000351193,0.06268597165162529,-8.568587268169301,-8.631273239820926,-8.648947378172814
590.7,-9.423324720496897,0.05567927923789151,0.10570587870599299,-8.550248191880554,-8.655954070586548,-8.605927471118445
590.8,-9.469913695598663,0.03110578001159528,0.09062311499173925,-8.589904454821104,-8.680527569812844,-8.6210102348327
590.9,-9.585969756577297,0.006664019889379091,0.019591352995906794,-8.685377976939153,-8.704969329935059,-8.692041996828532
591.0,-9.702025817555931,-0.017621879121355932,-0.02126179590747547,-8.75051702485327,-8.729255228945794,-8.732895145731915
591.1,-9.818081878534565,-0.04172810515970923,-0.02832623098319527,-8.781687685967343,-8.753361454984148,-8.739959580807634
591.2,-9.94062220058428,-0.06563118062270229,-0.015742608462556047,-8.793007138909697,-8.777264530447141,-8.727375958286995
591.3,-10.076941577409864,-0.08930798577379262,-0.0056609188770480575,-8.80660225447528,-8.800941335598232,-8.717294268701487
591.4,-10.213260954235603,-0.1127357818240026,-0.0015728784105019013,-8.825942010058943,-8.82436913164844,-8.71320622823494
591.5,-10.349580331061341,-0.13589223346191626,-0.018878299793669867,-8.866403883080025,-8.847525583286355,-8.730511649618109
591.6,-10.456795465508925,-0.15875543080955554,-0.03897855668896663,-8.90936733732296,-8.870388780633995,-8.750611906513406
591.7,-10.455830680173662,-0.18130391078192729,0.012973650012376312,-8.87996361059399,-8.892937260606367,-8.698659699812062
591.8,-10.454865894838399,-0.20351667782883745,0.03060202011192955,-8.884548007541346,-8.915150027653276,-8.681031329712509
591.9,-10.453901109503136,-0.22537322403839438,0.02028762265586228,-8.91671895120697,-8.937006573862833,-8.691345727168576
592.0,-10.450442717053317,-0.24685354858247133,-0.006495023311882853,-8.964981921718794,-8.95848689840691,-8.718128373136322
592.1,-10.411696005740234,-0.26793817648526336,-0.0072346911067498266,-8.986806217416452,-8.979571526309702,-8.718868040931188
592.2,-10.372949294427151,-0.28860817669696204,-0.00819418719030884,-9.008435713711709,-9.000241526521402,-8.719827537014748
592.3,-10.334202583114113,-0.30884517945547146,-0.0020183092555031024,-9.022496838535414,-9.02047852927991,-8.713651659079941
592.4,-10.29545587180103,-0.32863139292001137,0.01633514853704447,-9.023929594207406,-9.04026474274445,-8.695298201287395
592.5,-10.30569053829736,-0.34794961906138516,0.000250538625989412,-9.059332430259834,-9.059582968885824,-8.71138281119845
592.6,-10.322290016599476,-0.3667832687946406,-0.008029822002372424,-9.086446440621451,-9.07841661861908,-8.719663171826811
592.7,-10.33888949490159,-0.3851163763408117,-0.005000363837286792,-9.101750090002538,-9.09674972616525,-8.716633713661725
592.8,-10.355488973203686,-0.4029336128054017,0.004525754615449268,-9.11004120801439,-9.11456696262984,-8.70710759520899
592.9,-10.37515254237287,-0.4202202989622516,0.01144971705893788,-9.120403931727752,-9.13185364878669,-8.700183632765501
593.0,-10.39633898305084,-0.43696241723243023,0.010935847075530695,-9.137659919981338,-9.148595767056868,-8.700697502748907
593.1,-10.417525423728812,-0.45314662284877893,-0.001239366929751315,-9.166019339602968,-9.164779972673218,-8.71287271675419
593.2,-10.438711864406782,-0.468760254197753,-0.029271325367113056,-9.209664929389305,-9.180393604022191,-8.740904675191551
593.3,-10.418201309329032,-0.483791342331212,-0.03352890889316061,-9.228953601048811,-9.195424692155651,-8.745162258717599
593.4,-10.340109188683694,-0.4982286196418259,0.0018420037003003317,-9.208019965765963,-9.209861969466264,-8.709791346124138
593.5,-10.262017068038357,-0.5120615276967826,0.020374273023428695,-9.203320604497792,-9.223694877521222,-8.69125907680101
593.6,-10.18392494739302,-0.5252802242255011,0.022933292291873342,-9.213980281758067,-9.23691357404994,-8.688700057532566
593.7,-10.099129152148606,-0.5378755892580758,0.01561373118932437,-9.23389520789319,-9.249508939082514,-8.696019618635114
593.8,-9.974158188153382,-0.5498392304121926,0.029496986896721283,-9.23197559333991,-9.261472580236632,-8.682136362927718
593.9,-9.849187224158014,-0.5611634873272782,0.021308883648447265,-9.25148795350327,-9.272796837151716,-8.69032446617599
594.0,-9.724216260162645,-0.5718414352456528,-0.010388943786844558,-9.293863728856936,-9.28347478507009,-8.722022293611284
594.1,-9.599245296167279,-0.5818668877414663,-0.0624138859919825,-9.355914123557888,-9.293500237565905,-8.774047235816422
594.2,-9.413141801385686,-0.5912343985991997,-0.0634928519287055,-9.366360600352344,-9.302867748423639,-8.775126201753144
594.3,-9.215220323325816,-0.5999392628445069,-0.04545441113349739,-9.357027023802443,-9.311572612668945,-8.757087760957937
594.4,-9.01729884526572,-0.6079775169311608,0.0023477065992435174,-9.317263160156356,-9.3196108667556,-8.709285643225195
594.5,-8.819377367205627,-0.6153459380888421,0.10252354159791977,-9.22445574631536,-9.32697928791328,-8.609109808226519
594.6,-8.800207720588205,-0.6220420428374767,0.09326068534681192,-9.240414707315104,-9.333675392661915,-8.618372664477628
594.7,-8.954159926470588,-0.62806408467478,-0.013263215902333203,-9.352960650401553,-9.339697434499218,-8.724896565726771
594.8,-9.1081121323528,-0.6334110509446105,-0.04975537213772678,-9.394799772906776,-9.34504440076905,-8.761388721962165
594.9,-9.262064338235183,-0.6380826588946584,-0.03325744585634606,-9.382973454575444,-9.349716008719097,-8.744890795680785
595.0,-9.41904666056716,-0.6420793509329121,0.008490394191482321,-9.34522230656587,-9.35371270075735,-8.703142955632956
595.1,-9.592422689844433,-0.6454022890932358,0.0344637338742959,-9.322571905043379,-9.357035638917674,-8.677169615950143
595.2,-9.765798719121708,-0.648053348721275,0.03539057847141671,-9.324296120074298,-9.359686698545714,-8.676242771353023
595.3,-9.939174748398784,-0.6500351113927645,-0.007807716666400181,-9.369476177883604,-9.361668461217203,-8.71944106649084
595.4,-10.112550777676057,-0.6513508570771589,-0.10397698088284671,-9.466961187784444,-9.362984206901597,-8.815610330707285
595.5,-10.099638268792715,-0.6520045555603224,-0.06363410819071048,-9.427272013575472,-9.363637905384762,-8.775267458015149
595.6,-10.035401366742581,-0.6520008571408211,-0.007488522655021403,-9.371122729620282,-9.36363420696526,-8.71912187247946
595.7,-9.971164464692448,-0.6513450826151364,0.03437788663538435,-9.328600545804191,-9.362978432439576,-8.677255463189054
595.8,-9.906927562642387,-0.650043212567876,0.08395080914692664,-9.277725753245388,-9.361676562392315,-8.627682540677512
595.9,-9.911479564032692,-0.6481018759837955,0.0887757243386401,-9.270959501469594,-9.359735225808235,-8.622857625485798
596.0,-10.021833787465942,-0.6455283381991436,0.018251506489369386,-9.338910181534214,-9.357161688023583,-8.69338184333507
596.1,-10.132188010899192,-0.6423304882105387,-0.02603230179029592,-9.379996139825273,-9.353963838034977,-8.737665651614735
596.2,-10.242542234332443,-0.638516825360236,-0.05611832253369623,-9.40626849771837,-9.350150175184675,-8.767751672358134
596.3,-10.352896457765567,-0.6340964454172751,-0.08708721024742662,-9.43281700548914,-9.345729795241713,-8.798720560071866
596.4,-10.351758152173915,-0.629079026074609,-0.02091295338738868,-9.361625329286436,-9.340712375899047,-8.732546303211828
596.5,-10.34949365942029,-0.6234748118828857,0.022975582659714257,-9.31213257904761,-9.335108161707325,-8.688657767164724
596.6,-10.347229166666667,-0.6172945986421057,0.039156475686492234,-9.289771472780052,-9.328927948466545,-8.672476874137946
596.7,-10.344964673913042,-0.610549717272898,0.026704158449169648,-9.295478908648168,-9.322183067097336,-8.68492919137527
596.8,-10.302370085856362,-0.6032520171896487,0.026585550630858584,-9.28829981638323,-9.314885367014087,-8.68504779919358
596.9,-10.2298441030276,-0.595413849198176,0.029642724587174908,-9.27740447443544,-9.307047199022614,-8.681990625237264
597.0,-10.15731812019884,-0.5870480479410752,0.008297587330847449,-9.290383810434667,-9.298681397765513,-8.703335762493591
597.1,-10.08479213737008,-0.5781679139142633,-0.032235950603083555,-9.322037214341785,-9.289801263738703,-8.743869300427523
597.2,-10.005672682156511,-0.5687871950786126,-0.07529690992146176,-9.355717454824513,-9.280420544903052,-8.786930259745901
597.3,-9.888596210241442,-0.5589200680909103,-0.07379630157642274,-9.344349719491772,-9.270553417915348,-8.785429651400861
597.4,-9.771519738326239,-0.5485811191786818,-0.045962653964115065,-9.306177122967236,-9.26021446900312,-8.757596003788553
597.5,-9.654443266411036,-0.5377853246836929,0.027463354505964963,-9.221955320002166,-9.249418674508131,-8.684169995318474
597.6,-9.537366794495835,-0.5265480312991889,0.15906785237850507,-9.079113528745122,-9.238181381123628,-8.552565497445933
597.7,-9.650641875140916,-0.5148849360261394,0.11887896921212371,-9.107639316638455,-9.226518285850577,-8.592754380612314
597.8,-9.855735406806305,-0.5028120658739365,0.031482721778637424,-9.182962693919738,-9.214445415698375,-8.680150628045801
597.9,-10.060828938471928,-0.49034575733114233,-0.03667186683566338,-9.238650973991245,-9.201979107155582,-8.748305216660102
598.0,-10.265922470137552,-0.4775026356319956,-0.11505304925138127,-9.304189034707816,-9.189135985456435,-8.82668639907582
598.1,-10.39445606128882,-0.4642995938444688,-0.15167026498031363,-9.32760320864922,-9.175932943668908,-8.863303614804753
598.2,-10.324154123478982,-0.45075377180572124,-0.03685649094793325,-9.199243612578094,-9.16238712163016,-8.748489840772372
598.3,-10.253852185669222,-0.43688253493080953,0.03230667866305219,-9.116209206092195,-9.148515884755248,-8.679326671161386
598.4,-10.183550247859385,-0.4227034529205048,0.0691033950624195,-9.065233407682523,-9.134336802744944,-8.642529954762018
598.5,-10.113248310049546,-0.4082342783940232,0.09197274517705682,-9.027894883041405,-9.119867628218461,-8.619660604647382
598.6,-10.112791075050717,-0.39349292547239867,0.047682635262989284,-9.057443640033847,-9.105126275296838,-8.66395071456145
598.7,-10.12563759296823,-0.37849744833812216,0.0026830257257097895,-9.087447772436851,-9.09013079816256,-8.708950324098728
598.8,-10.13848411088573,-0.36326601979653145,-0.02791661922801097,-9.102815988848981,-9.07489936962097,-8.73954996905245
598.9,-10.151330628803244,-0.3478169098642717,-0.04860769770870872,-9.108057957397419,-9.05945025968871,-8.760241047533148
599.0,-10.14309090909091,-0.3321684644099443,-0.04554186961804806,-9.08934368385243,-9.043801814234383,-8.757175219442487
599.1,-10.103614256711024,-0.3163390838718367,-0.015056506691704073,-9.043028940387979,-9.027972433696275,-8.726689856516142
599.2,-10.064137604331139,-0.3003472020773696,0.00798534563522818,-9.00399520626658,-9.011980551901809,-8.70364800418921
599.3,-10.024660951951299,-0.28421126518860973,0.023124635908684195,-8.972719979104363,-8.995844615013048,-8.688508713915754
599.4,-9.985184299571413,-0.26794971079788465,0.03201734062900245,-8.947565719993321,-8.979583060622323,-8.679616009195437
599.5,-9.963179846362406,-0.251580947197194,0.01947696851021047,-8.943737328511423,-8.963214297021633,-8.692156381314229
599.6,-9.941715770447352,-0.2351233328447428,0.004309458220980895,-8.9424472244482,-8.946756682669182,-8.707323891603458
599.7,-9.920251694532299,-0.21859515605152843,-0.011648679927497753,-8.941877185803465,-8.930228505875967,-8.723282029751937
599.8,-9.89878761861727,-0.20201461491048966,-0.02712177880932947,-8.940769743544259,-8.913647964734928,-8.738755128633768
599.9,-9.867077428118636,-0.18539979749028362,-0.029915502928911156,-8.926948650243634,-8.897033147314723,-8.74154885275335
600.0,-9.826778582748464,-0.16876866231528243,-0.018927276888484168,-8.899329289028206,-8.88040201213972,-8.730560626712922
600.1,-9.78647973737829,-0.15213901915289035,2.7500317546537423e-06,-8.863769618945575,-8.86377236897733,-8.711630599792684
600.2,-9.746180892008118,-0.13552851012876233,0.02796578472954499,-8.819196075223656,-8.847161859953202,-8.683667565094893
600.3,-9.712038147138964,-0.11895459118996782,0.05649109637750713,-8.7740968446369,-8.830587941014407,-8.655142253446932
600.4,-9.720212534059947,-0.10243451393558095,0.04288484895369873,-8.77118301480632,-8.81406786376002,-8.66874850087074
600.5,-9.728386920980927,-0.08598530783359856,0.019704025156124717,-8.777914632501913,-8.797618657658036,-8.691929324668314
600.6,-9.736561307901908,-0.06962376284248553,-0.023081039755694126,-8.804338152422618,-8.781257112666925,-8.734714389580132
600.7,-9.74473569482289,-0.05336641245502713,-0.09167667115596813,-8.856676433435434,-8.764999762279466,-8.803310020980406
600.8,-9.642561175666541,-0.03722951718153064,-0.0745382879190408,-8.82340115492501,-8.74886286700597,-8.786171637743479
600.9,-9.498109136477623,-0.021229048488763558,-0.029861083129351346,-8.762723481442553,-8.732862398313202,-8.74149443295379
601.0,-9.353657097288705,-0.005380673210344272,0.016606047290195103,-8.700407975744588,-8.717014023034784,-8.695027302534244
601.1,-9.209205058099789,0.010300261556384527,0.08313816242051222,-8.618194925847542,-8.701333088268054,-8.628495187403926
601.2,-9.139356358645953,0.02579874305266991,0.10919328493523617,-8.576641321836533,-8.685834606771769,-8.602440064889203
601.3,-9.218267612076813,0.04110010694623417,0.025873108562721382,-8.644660134315483,-8.670533242878205,-8.685760241261717
601.4,-9.297178865507762,0.05619005089184234,-0.022965293537976945,-8.678408592470573,-8.655443298932596,-8.734598643362416
601.5,-9.376090118938711,0.07105464755239815,-0.05012213254579662,-8.690700834817838,-8.640578702272041,-8.761755482370235
601.6,-9.45500137236966,0.0856803570691643,-0.07160645253311647,-8.697559445288391,-8.625952992755275,-8.783239802357555
601.7,-9.457115605607905,0.10005403897045848,-0.024801539224289456,-8.63638085007827,-8.61157931085398,-8.736434889048729
601.8,-9.456196276717996,0.11416296350894203,0.007665316772551362,-8.589805069542946,-8.597470386315496,-8.703968033051888
601.9,-9.455276947828086,0.1279948224183915,0.02021323088310035,-8.563425296522947,-8.583638527406046,-8.691420118941338
602.0,-9.454357618938175,0.14153773908162018,0.015321699757308124,-8.55477391098551,-8.570095610742818,-8.69631165006713
602.1,-9.437341497227356,0.15478027810200212,0.013979541303524634,-8.542873530418913,-8.556853071722436,-8.697653808520915
602.2,-9.410077171903877,0.16771145427183815,0.014866920403414346,-8.529054975149187,-8.5439218955526,-8.696766429421025
602.3,-9.38281284658043,0.18032074093159445,0.009890246612769146,-8.521422362280076,-8.531312608892843,-8.701743103211669
602.4,-9.355548521256951,0.1925980777148389,-0.0019150302049658185,-8.520950302314565,-8.5190352721096,-8.713548380029405
602.5,-9.313112712061397,0.20453387767449221,-0.008877208300547241,-8.515976680450494,-8.507099472149946,-8.720510558124985
602.6,-9.23223890309089,0.2161190337868084,0.007856047984682908,-8.487658268052947,-8.49551431603763,-8.703777301839756
602.7,-9.151365094120385,0.22734492483029003,0.006663621618527234,-8.47762480337562,-8.48428842499415,-8.704969728205912
602.8,-9.07049128514997,0.23820342063753727,-0.012339046149382877,-8.485768975336285,-8.473429929186901,-8.723972395973822
602.9,-8.989617476179463,0.24868688671881728,-0.044371469814028425,-8.50731793291965,-8.462946463105622,-8.756004819638466
603.0,-8.865328029948557,0.25878818825692634,-0.03649643148894005,-8.489341593056452,-8.452845161567513,-8.748129781313379
603.1,-8.740152550304144,0.2685006934736971,-0.018586958942553147,-8.461719615293294,-8.443132656350741,-8.730220308766992
603.2,-8.614977070659732,0.27781827636927636,0.02107666834976757,-8.412738405105396,-8.433815073455163,-8.690556681474671
603.3,-8.48980159101546,0.286735318836069,0.0911143539062968,-8.333783677082073,-8.42489803098837,-8.620518995918141
603.4,-8.49192648444864,0.2952467121500004,0.06562469350701153,-8.350761944167427,-8.416386637674439,-8.646008656317427
603.5,-8.547063147973631,0.3033478578425035,0.012039371016432932,-8.396246120965502,-8.408285491981935,-8.699593978808005
603.6,-8.602199811498622,0.3110346679573772,-0.029829053250025307,-8.430427735117087,-8.400598681867061,-8.741462403074465
603.7,-8.65733647502361,0.31830356469739474,-0.07520342137473966,-8.468533206501784,-8.393329785127044,-8.786836771199178
603.8,-8.648591448931121,0.3251514794662601,-0.07241935928667688,-8.458901229644855,-8.386481870358178,-8.784052709111116
603.9,-8.565456057007122,0.33157585131222,-0.01648854910056257,-8.396546047612782,-8.380057498512219,-8.728121898925002
604.0,-8.482320665083122,0.337574624780331,0.020323835883603723,-8.353734889160505,-8.374058725044108,-8.691309513940835
604.1,-8.399185273159123,0.3431462471810668,0.04586747954762782,-8.322619623095743,-8.368487102643371,-8.665765870276811
604.2,-8.332774850299394,0.34828966528361305,0.053302402768081215,-8.310041281772744,-8.363343684540826,-8.658330947056358
604.3,-8.316008383233543,0.35300432144285143,0.017854915974586973,-8.340774112407,-8.358629028381587,-8.693778433849852
604.4,-8.29924191616767,0.35729014916966795,-0.006856984099217263,-8.361200184753988,-8.354343200654771,-8.718490333923656
604.5,-8.2824754491018,0.3611475681548405,-0.021514383953391412,-8.372000165622989,-8.350485781669597,-8.73314773377783
604.6,-8.263630319148936,0.36457747875736113,-0.028210124702229358,-8.375265995769308,-8.347055871067077,-8.739843474526667
604.7,-8.219868230174068,0.3675812559686308,-0.009805618459458498,-8.353857712315266,-8.344052093855808,-8.721438968283897
604.8,-8.17610614119925,0.3701607428645297,0.003421919557622834,-8.338050687402287,-8.34147260695991,-8.708211430266816
604.9,-8.132344052224383,0.372318243557911,0.007672733758834656,-8.331642372507693,-8.339315106266527,-8.703960616065604
605.0,-8.088581963249515,0.3740565156645893,0.0011729589786678152,-8.336403875181182,-8.337576834159849,-8.710460390845771
605.1,-8.021214355468725,0.3753787622964022,0.0076891487128571065,-8.328565438815179,-8.336254587528037,-8.703944201111582
605.2,-7.952366699218702,0.3762886235954044,0.006836541304492364,-8.328508184924543,-8.335344726229035,-8.704796808519946
605.3,-7.883519042968757,0.37679016782371694,6.073795131069943e-05,-8.334782444049411,-8.334843182000721,-8.711572611873128
605.4,-7.814671386718734,0.3768878820239948,-0.00887563924451024,-8.343621107044955,-8.334745467800444,-8.720508989068948
605.5,-7.743330125832684,0.3765866622658926,-0.013235522344376232,-8.348282209902923,-8.335046687558545,-8.724868872168814
605.6,-7.671531458179079,0.3758918034943043,-0.010830146530293227,-8.346571692860428,-8.335741546330134,-8.722463496354733
605.7,-7.599732790525475,0.374808988995524,0.0013533681578665087,-8.335470992671048,-8.336824360828915,-8.710279981666572
605.8,-7.527934122871952,0.3733442794978248,0.025134468912212278,-8.313154601414402,-8.338289070326613,-8.686498880912227
605.9,-7.498970059880237,0.37150410192327493,0.01708026147516674,-8.323048986425997,-8.340129247901164,-8.694553088349272
606.0,-7.48125548902195,0.36929523780791584,0.0055131691431043305,-8.336824942873418,-8.342338112016522,-8.706120180681335
606.1,-7.4635409181636625,0.3667248114076975,-0.003700722344634342,-8.348609260761375,-8.34490853841674,-8.715334072169073
606.2,-7.445826347305375,0.3638002775078245,-0.01676968470854321,-8.364602757025157,-8.347833072316615,-8.728403034532981
606.3,-7.3958823529411895,0.3605294089533903,-0.006811230953769297,-8.357915171824818,-8.351103940871049,-8.718444580778208
606.4,-7.337058823529418,0.3569202839193821,-0.00010945147922985718,-8.354822517384287,-8.354713065905056,-8.711742801303668
606.5,-7.278235294117646,0.35298127293831577,-0.005123533122387002,-8.36377561000851,-8.358652076886123,-8.716756882946825
606.6,-7.2194117647058755,0.34872102570391467,-0.018033736625535094,-8.380946060746059,-8.362912324120524,-8.729667086449973
606.7,-7.141889314928403,0.3441484576693743,-0.013842152105162212,-8.381327044260226,-8.367484892155064,-8.725475501929601
606.8,-7.06034534764832,0.33927273645885836,-0.00017926708762647887,-8.372539880453207,-8.372360613365581,-8.711812616912065
606.9,-6.978801380368143,0.33410326811095076,0.024596386235942846,-8.352933695477546,-8.377530081713488,-8.687036963588495
607.0,-6.897257413087966,0.32864968317284204,0.06290847904909835,-8.320075187602498,-8.382983666651597,-8.64872487077534
607.1,-6.901328497409325,0.32292182266405844,0.027538758907125673,-8.361172768253255,-8.38871152716038,-8.684094590917313
607.2,-6.913763730569951,0.31692972392854557,-0.009070798824692628,-8.403774424720586,-8.394703625895893,-8.720704148649132
607.3,-6.926198963730562,0.31068360639390136,-0.04426480739192223,-8.44521455082246,-8.400949743430537,-8.755898157216361
607.4,-6.934557131599705,0.3041938572565065,-0.07771601974262324,-8.485155512310556,-8.407439492567931,-8.789349369567063
607.5,-6.867049908064105,0.29747101711123514,-0.03740898363300539,-8.45157131634621,-8.414162332713204,-8.749042333457444
607.6,-6.7995426845285065,0.29052576554433623,0.005037406011215478,-8.416070178268887,-8.421107584280103,-8.706595943813223
607.7,-6.732035460992908,0.28336890670796105,0.05576655017176064,-8.372497892944716,-8.428264443116477,-8.655866799652678
607.8,-6.696546787523265,0.27601135489467543,0.08748005695405202,-8.348141937975711,-8.435621994929763,-8.624153292870387
607.9,-6.760263129832001,0.268464120130133,0.03344314655514774,-8.409726083139159,-8.443169229694305,-8.67819020326929
608.0,-6.823979472140738,0.2607382938019043,-0.011845783144379726,-8.462740839166914,-8.450895056022535,-8.72347913296882
608.1,-6.887695814449474,0.25284503434225036,-0.05671879920007143,-8.51550711468226,-8.458788315482188,-8.76835214902451
608.2,-6.897851691474959,0.24479555298240382,-0.05639753626267943,-8.523235333104715,-8.466837796842034,-8.768030886087118
608.3,-6.852926116373514,0.23660109959567147,-0.015311353285418855,-8.490343603514185,-8.475032250228768,-8.726944703109858
608.4,-6.808000541272017,0.22827294864640532,0.010306375205752373,-8.473054025972282,-8.483360401178034,-8.701326974618686
608.5,-6.76307496617052,0.21982238526159972,0.024129992796752847,-8.467680971766086,-8.49181096456284,-8.687503357027685
608.6,-6.735569425350568,0.21126069144156356,0.015632213334228026,-8.484740445048647,-8.500372658382876,-8.69600113649021
608.7,-6.712473467143249,0.20259913242579047,0.00555272533169919,-8.50348149206695,-8.509034217398648,-8.70608062449274
608.8,-6.689377508935956,0.19384894322980356,0.004615088022984607,-8.51316931857165,-8.517784406594636,-8.707018261801455
608.9,-6.6725662751677755,0.18502131536838673,0.009916879093274695,-8.516695155362777,-8.526612034456052,-8.701716470731164
609.0,-6.688505872483218,0.17612738378023568,-0.005114615255619865,-8.540620581299823,-8.535505966044203,-8.716747965080058
609.1,-6.704445469798662,0.16717821396866211,-0.011007743140968775,-8.555462878996746,-8.544455135855777,-8.722641092965407
609.2,-6.720385067114105,0.15818478937257235,-0.013306952741103623,-8.56675551319297,-8.553448560451866,-8.724940302565543
609.3,-6.719009106431421,0.14915799898151222,-0.0013596653566571703,-8.563835016199583,-8.562475350842927,-8.712993015181096
609.4,-6.705349459305635,0.14010862520812595,0.013129935503505955,-8.558394789112807,-8.571524724616312,-8.698503414320932
609.5,-6.69168981217985,0.13104733203092034,0.012165474860414317,-8.568420542933104,-8.580586017793518,-8.699467874964025
609.6,-6.674329759489979,0.12198465341975392,-0.004427795753339577,-8.594076492158024,-8.589648696404685,-8.716061145577779
609.7,-6.608551724137892,0.11293098205598703,0.006882568858834454,-8.591819798909617,-8.598702367768452,-8.704750780965604
609.8,-6.542773688785881,0.1038965583587348,-4.675663479465544e-05,-8.607783548100498,-8.607736791465705,-8.711680106459234
609.9,-6.476995653433795,0.09489145982815797,-0.01902011030698559,-8.635762000303266,-8.61674188999628,-8.730653460131425
610.0,-6.4001960436964795,0.08592559071620982,-0.029086412753754218,-8.654794171861983,-8.625707759108229,-8.740719762578193
610.1,-6.316641275464991,0.07700867203473277,-0.022010213561599268,-8.656634891351306,-8.634624677789706,-8.733643563386037
610.2,-6.233086507233502,0.06815023191026184,0.008274350321799321,-8.635208767592378,-8.643483117914176,-8.703358999502639
610.3,-6.1803624322696935,0.059359596294351044,0.04102467770491869,-8.61124907582517,-8.652273753530087,-8.67060867211952
610.4,-6.2291282360024045,0.050645880037688204,0.009840086334725523,-8.651147383452026,-8.66098746978675,-8.701793263489714
610.5,-6.2778940397351155,0.042017978335708195,0.012499936207516198,-8.657115435281215,-8.66961537148873,-8.699133413616922
610.6,-6.3266598434678265,0.033484558552852275,0.037008886537625414,-8.641139904733961,-8.678148791271587,-8.674624463286813
610.7,-6.416082642089176,0.025054052432055246,0.024345808596769672,-8.662233488795614,-8.686579297392383,-8.687287541227668
610.8,-6.509477419354826,0.016734648695472074,-0.009594093504654197,-8.704492794633621,-8.694898701128967,-8.721227443329093
610.9,-6.602872196620583,0.008534286041881223,-0.07893700585347863,-8.782036069636035,-8.703099063782558,-8.790570355677918
611.0,-6.5543375156837955,0.0004606465456264419,-0.0522571806024924,-8.763429883881305,-8.711172703278812,-8.76389053042693
611.1,-6.431376411543244,-0.007478850538618839,0.0031979798655832753,-8.715914220497474,-8.719112200363057,-8.708435369958856
611.2,-6.308415307402694,-0.0152770545615587,0.024416976634763745,-8.702493427751234,-8.726910404385997,-8.687216373189674
611.3,-6.202787111253644,-0.02292708885232672,0.014205626384695483,-8.72035481229207,-8.734560438676766,-8.697427723439743
611.4,-6.116862135299804,-0.03042235567633289,-0.0053977870810702835,-8.747453492581842,-8.742055705500771,-8.71703113690551
611.5,-6.030937159345963,-0.037756540775932296,0.00873486752526927,-8.740655023075101,-8.749389890600371,-8.702898482299169
611.6,-5.9982285245901625,-0.04492361749251572,0.02092960854120063,-8.735627358775753,-8.756556967316955,-8.690703741283238
611.7,-6.064785901639369,-0.051917850469193116,-0.006848839878687181,-8.77040004017232,-8.763551200293632,-8.718482189703126
611.8,-6.1313432786885,-0.0587337989338073,0.021395851419157508,-8.748971297339088,-8.770367148758247,-8.690237498405281
611.9,-6.2374790338812485,-0.06536631956257821,0.052038595181887304,-8.72496107420513,-8.776999669387017,-8.659594754642551
612.0,-6.436405568601201,-0.07181056892523342,0.009866475121207051,-8.773577443628465,-8.783443918749672,-8.701766874703232
612.1,-6.635332103321155,-0.07806200551303318,-0.037539468902750284,-8.827234824240222,-8.789695355337471,-8.749172818727189
612.2,-6.782037113402091,-0.08411639135164027,-0.06067624768022756,-8.856425988856307,-8.79574974117608,-8.772309597504666
612.3,-6.816745017182122,-0.08996979320132427,-0.014780192484787666,-8.816383335510551,-8.801603143025764,-8.726413542309226
612.4,-6.851452920962192,-0.09561858334751526,-0.015893313933406972,-8.82314524710536,-8.807251933171955,-8.727526663757846
612.5,-6.848591341077088,-0.10105943998524547,-0.019140631009565354,-8.83183342081925,-8.812692789809685,-8.730773980834003
612.6,-6.791217177050317,-0.10628934720152479,0.008537436529646492,-8.809385260496317,-8.817922697025963,-8.703095913294792
612.7,-6.733843013023546,-0.11130559456019908,0.03287721520651414,-8.790061729178124,-8.822938944384639,-8.678756134617924
612.8,-6.719029963898911,-0.11610577629432847,0.03022011294465638,-8.79751901317411,-8.827739126118766,-8.681413236879783
612.9,-6.736719494584833,-0.12068779011160313,0.023427266176618642,-8.808893873759423,-8.832321139936042,-8.68820608364782
613.0,-6.754409025270755,-0.12504983561877894,0.04897446663461114,-8.787708718808606,-8.836683185443217,-8.662658883189827
613.1,-6.864306039273806,-0.1291904123715721,0.009788753867636123,-8.831035008328374,-8.840823762196012,-8.701844595956803
613.2,-6.997688773619887,-0.1331083175568923,-0.03654401277769094,-8.881285680159023,-8.844741667381331,-8.74817736260213
613.3,-7.123367820464017,-0.13680264331472194,-0.07210141575468813,-8.920537408893848,-8.84843599313916,-8.783734765579126
613.4,-7.178141498668681,-0.14027277370736416,-0.0449673551445565,-8.89687347867636,-8.851906123531803,-8.756600704968996
613.5,-7.232915176873345,-0.14351838134418232,-0.03285127977075968,-8.88800301093938,-8.855151731168622,-8.744484629595199
613.6,-7.242756154747927,-0.14653942367033865,0.00690113691766623,-8.851271636577112,-8.858172773494777,-8.704732212906773
613.7,-7.201724501758468,-0.14933613892840947,0.08042779782239043,-8.780541690930457,-8.860969488752849,-8.631205552002049
613.8,-7.160692848769057,-0.15190904180211062,0.13686128683997903,-8.72668110478657,-8.863542391626549,-8.57477206298446
613.9,-7.252385542168675,-0.15425891875170333,0.04189009015466266,-8.824002178421479,-8.865892268576141,-8.669743259669776
614.0,-7.357204819277122,-0.15638682305097462,-0.08697374885750557,-8.95499392173292,-8.868020172875413,-8.798607098681945
614.1,-7.363157024793341,-0.15829406953599104,-0.137083390975721,-9.007010810336151,-8.86992741936043,-8.84871674080016
614.2,-7.232578512396596,-0.1599822290761142,-0.06393195290234592,-8.935547531802898,-8.871615578900553,-8.775565302726784
614.3,-7.102,-0.1614531227780373,0.010263287689326377,-8.86282318491315,-8.873086472602475,-8.701370062135112
614.4,-7.054806122448984,-0.1627088159338566,0.021696966146756144,-8.852645199611539,-8.874342165758295,-8.689936383677683
614.5,-7.0076122448979685,-0.16375161172442776,0.07348012772827361,-8.801904833820593,-8.875384961548866,-8.638153222096165
614.6,-7.067318739054292,-0.16458404468947635,0.0726476939153218,-8.803569700598594,-8.876217394513915,-8.638985655909117
614.7,-7.185094570928242,-0.16520887397613185,0.07193769066999423,-8.804904533130577,-8.87684222380057,-8.639695659154444
614.8,-7.387186654643658,-0.16562907637773672,0.03823566590461851,-8.839026760297557,-8.877262426202176,-8.67339768391982
614.9,-7.73660054102782,-0.16584783917494705,-0.10609684479668437,-8.98357803379607,-8.877481188999386,-8.817730194621124
615.0,-8.047070599163938,-0.16586855279128684,-0.19188831665251543,-9.069390219268241,-8.877501902615725,-8.903521666476955
615.1,-8.129745935903406,-0.16569480327544472,-0.044814340193926334,-8.92214249329381,-8.877328153099883,-8.756447690018366
615.2,-8.212421272642874,-0.16533036462271253,0.09783111360222553,-8.779132600844926,-8.876963714447152,-8.613802236222213
615.3,-8.405898564593189,-0.1647791909480546,0.1200743266886525,-8.75633821408384,-8.876412540772494,-8.591559023135787
615.4,-8.60015693779892,-0.16404540852337043,0.12867196169795508,-8.747006796649854,-8.875678758347808,-8.582961388126483
615.5,-8.95623285643803,-0.16313330769156636,-0.04064442410611896,-8.915411081622125,-8.874766657516005,-8.752277773930558
615.6,-9.329691169215735,-0.16204733467008886,-0.24668797817686716,-9.120368662671394,-8.873680684494527,-8.958321328001306
615.7,-9.288221770091486,-0.16079208325658945,-0.05921903117574251,-8.93164446425677,-8.872425433081029,-8.77085238100018
615.8,-9.188018311291978,-0.15937228644939105,0.16548205475995342,-8.705523581513877,-8.87100563627383,-8.546151295064485
615.9,-9.353559748427614,-0.15779280799540835,0.10431351344643033,-8.765112644373417,-8.869426157819847,-8.607319836378009
616.0,-9.545226781857394,-0.15605863387813795,-0.001465440090450125,-8.869157423793027,-8.867691983702576,-8.71309878991489
616.1,-9.658617710583187,-0.15417486375828215,-0.04606583842054723,-8.911874052003268,-8.86580821358272,-8.757699188244986
616.2,-9.754081803005002,-0.1521467023794989,-0.08797318918212275,-8.95175324138606,-8.863780052203937,-8.799606539006561
616.3,-9.747960489705065,-0.1499794509516832,-0.039995550599342684,-8.901608351375465,-8.861612800776122,-8.751628900423782
616.4,-9.735306414662086,-0.14767849852408144,0.00836010916946622,-8.850951739179054,-8.85931184834852,-8.703273240654973
616.5,-9.71067869415808,-0.145249313360418,0.06889560140084935,-8.787987061784007,-8.856882663184857,-8.64273774842359
616.6,-9.770391868002386,-0.14269743432807797,0.05018722930329311,-8.804143554849224,-8.854330784152516,-8.661446120521145
616.7,-9.884711255156265,-0.14002846231323568,-0.016768806688587826,-8.868430618826261,-8.851661812137674,-8.728402156513027
616.8,-9.924763779527552,-0.13724805167365067,-0.006364889528573996,-8.855246291026663,-8.848881401498089,-8.717998239353014
616.9,-9.96140236318407,-0.13436190174066895,0.003543128561846166,-8.84245212300326,-8.845995251565107,-8.708090221262593
617.0,-10.009287935323385,-0.1313757483817689,-0.010301380535963644,-8.853310478742172,-8.843009098206208,-8.721934730360402
617.1,-10.014374999999992,-0.12829535563477795,-0.0012774021223607435,-8.841206107581577,-8.839928705459217,-8.712910751946799
617.2,-9.998758485639692,-0.12512650742465983,0.004854009346360891,-8.831905847902737,-8.836759857249099,-8.706779340478079
617.3,-10.007896866840724,-0.12187499937353079,-0.035570175344912434,-8.869078524542882,-8.83350834919797,-8.74720352516935
617.4,-9.984064042695168,-0.1185466307143109,-0.05732264363752174,-8.887502624176271,-8.83017998053875,-8.76895599346196
617.5,-9.926838095238187,-0.11514719631814928,-0.04833264378600706,-8.875113189928594,-8.826780546142588,-8.759965993610447
617.6,-9.750647619047593,-0.11168247884548473,0.0895474037106253,-8.733768424959298,-8.823315828669923,-8.622085946113813
617.7,-9.722481327800883,-0.10815824103031281,0.09884547746528131,-8.72094611338947,-8.819791590854752,-8.612787872359158
617.8,-9.796394385964907,-0.10458021810692958,0.028760386631781557,-8.787453181299586,-8.816213567931369,-8.682872963192658
617.9,-9.843411929824555,-0.10095411038811074,0.004330961775685052,-8.808256498436865,-8.81258746021255,-8.707302388048754
618.0,-9.95633829787237,-0.09728557600336339,-0.07652293238269636,-8.885441858210498,-8.808918925827802,-8.788156282207135
618.1,-10.013522174534979,-0.09358022380555577,-0.10301545461394918,-8.908229028243944,-8.805213573629995,-8.814648804438388
618.2,-9.879044349070032,-0.08984360645389139,0.05222758535717517,-8.749249370921154,-8.80147695627833,-8.659405764467264
618.3,-9.915950431034473,-0.08608121368084468,0.022437819496464895,-8.775276744008819,-8.797714563505284,-8.689195530327973
618.4,-9.931979151689436,-0.08229846575031982,0.001439532844263452,-8.792492282730494,-8.793931815574759,-8.710193816980174
618.5,-9.92340860215049,-0.07850070711393077,-0.0014717397992122377,-8.791605796737581,-8.790134056938369,-8.713105089623651
618.6,-10.010146953404991,-0.07469320027193084,-0.0989607301551726,-8.885287280251543,-8.78632655009637,-8.81059407997961
618.7,-9.858164295874781,-0.07088111984494436,0.04914507958887484,-8.733369390080508,-8.782514469669383,-8.662488270235563
618.8,-9.750693877550919,-0.0670695468622718,0.16213659152131035,-8.6165663051654,-8.77870289668671,-8.549496758303128
618.9,-9.931552427867603,-0.06326346327215371,-0.006236213029665122,-8.781133026126257,-8.774896813096593,-8.717869562854103
619.0,-9.95684546084546,-0.05946774667898892,-0.018764614555674075,-8.789865711059102,-8.771101096503427,-8.730397964380114
619.1,-10.001520054384821,-0.055687165312108794,-0.058538060465641875,-8.82585857560219,-8.767320515136548,-8.77017141029008
619.2,-10.090575118966743,-0.051926373230312545,-0.1564406989152492,-8.92000042197,-8.763559723054751,-8.868074048739688
619.3,-9.857434262948365,-0.04818990576597036,0.05327120288484621,-8.706552052705563,-8.759823255590408,-8.658362146939593
619.4,-9.773450904392737,-0.044482175212099906,0.10399671878016269,-8.652118806256375,-8.756115525036538,-8.607636631044276
619.5,-9.858076227390223,-0.04080746675542088,-0.015157026627199689,-8.76759784320706,-8.75244081657986,-8.726790376451639
619.6,-9.849432330827062,-0.03716993465798985,-0.032982517054894425,-8.781785801537323,-8.74880328448243,-8.744615866879332
619.7,-9.81797336561742,-0.03357359868961611,-0.012854209001667307,-8.758061157515723,-8.745206948514054,-8.724487558826105
619.8,-9.7550193704601,-0.03002234081285767,0.05655379996840225,-8.685101890668895,-8.741655690637296,-8.655079549856037
619.9,-9.791833333333274,-0.026519902121997382,0.041266999159537784,-8.696886252786898,-8.738153251946436,-8.670366350664901
620.0,-9.87516666666662,-0.02306988003700064,-0.012925556276357473,-8.747628786137797,-8.73470322986144,-8.724558906100796
620.1,-9.897471444568867,-0.019675725753061556,-0.008506905223912247,-8.739815980801412,-8.731309075577501,-8.720140255048351
620.2,-9.916990353697754,-0.016340741945951594,-0.013062002860017722,-8.741036094630408,-8.72797409177039,-8.724695352684456
620.3,-9.933603429796346,-0.013068080732996624,-0.03180080736840785,-8.756502237925844,-8.724701430557435,-8.743434157192846
620.4,-9.937282642089102,-0.009860741889123732,-0.053857336175582346,-8.775351427889145,-8.721494091713563,-8.765490686000021
620.5,-9.912705069124424,-0.006721571317040098,-0.05691925794624521,-8.775274179087724,-8.71835492114148,-8.768552607770683
620.6,-9.84625915080524,-0.003653259770231815,-0.016789433787538895,-8.732076043382209,-8.71528660959467,-8.728422783611977
620.7,-9.705702781844785,-0.0006583418271022753,0.1084754605871141,-8.603816231064426,-8.712291691651542,-8.603157889237325
620.8,-9.65247422201566,0.0022608048857921115,0.16153343075890964,-8.547839114179737,-8.709372544938647,-8.550099919065529
620.9,-9.791814677194541,0.0051019602238060804,0.03292823191240495,-8.673603157688227,-8.706531389600633,-8.678705117912033
621.0,-9.908088624338626,0.007863061810314466,-0.0732463420120448,-8.77701663002617,-8.703770288014125,-8.784879691836483
621.1,-9.902356701940036,0.010542205081950952,-0.07229455223199875,-8.773385696974486,-8.701091144742488,-8.783927902056437
621.2,-9.896624779541446,0.01313764309639303,-0.09688161854265283,-8.795377325270698,-8.698495706728046,-8.808514968367092
621.3,-9.781176569037726,0.01564778610643254,-0.03929904905374834,-8.735284612771755,-8.695985563718006,-8.750932398878186
621.4,-9.652306276150624,0.018071200904384903,0.012388558696398877,-8.681173590223654,-8.693562148920053,-8.69924479112804
621.5,-9.55025614591591,0.02040660994119424,0.033891640008960194,-8.657335099874285,-8.691226739883245,-8.677741709815479
621.6,-9.474919111815977,0.022652890224885744,0.04349832120056169,-8.645482138398991,-8.688980459599552,-8.668135028623878
621.7,-9.399582077716044,0.02480907200330077,0.08205428081286095,-8.604769997008278,-8.686824277821138,-8.629579069011578
621.8,-9.46008292682924,0.02687433723632312,0.019057520617270785,-8.665701491970845,-8.684759012588115,-8.692575829207168
621.9,-9.523497560975581,0.02884801786306737,-0.017681147269810554,-8.700466479231181,-8.682785331961371,-8.729314497094249
622.0,-9.574465578424407,0.030729593869751215,-0.026575649327460257,-8.707479405282148,-8.680903755954688,-8.7382089991519
622.1,-9.598241305890703,0.03251869116421297,-0.010926839168572263,-8.690041497828798,-8.679114658660225,-8.722560188993011
622.2,-9.622017033356999,0.0342150792632629,-0.014790984887156222,-8.692209255448333,-8.677418270561176,-8.726424334711595
622.3,-9.614026845637607,0.03581866879927245,-0.01716971731656193,-8.692984398341729,-8.675814681025166,-8.728803067141001
622.4,-9.57375838926176,0.03732950885260822,-0.019107789481756256,-8.693411630453587,-8.674303840971831,-8.730741139306195
622.5,-9.533489932885912,0.03874778411670775,-0.04467560142177843,-8.71756116712951,-8.67288556570773,-8.756308951246217
622.6,-9.452466222645086,0.040073811902771934,-0.037362368662978485,-8.708921906584646,-8.671559537921667,-8.748995718487418
622.7,-9.333214716143306,0.04130803899121294,0.019048001612935343,-8.65127730922029,-8.670325310833226,-8.692585348211503
622.8,-9.213963209641664,0.04245103833714826,0.10234714177259108,-8.5668351697147,-8.66918231148729,-8.609286208051847
622.9,-9.189235540904978,0.04350350563736957,0.12630515713626653,-8.541824687050802,-8.668129844187069,-8.585328192688172
623.0,-9.330380281690136,0.04446625576634002,0.01781943305433032,-8.649347661003768,-8.6671670940581,-8.69381391677011
623.1,-9.471525022475296,0.04534021908888466,-0.0676050303681221,-8.733898161103676,-8.666293130735554,-8.779238380192561
623.2,-9.608499433748579,0.046126437657337226,-0.14021047785493865,-8.805717390022041,-8.665506912167102,-8.851843827679378
623.3,-9.589246885617227,0.04682606130099043,-0.060895556199982326,-8.72570284472343,-8.664807288523448,-8.772528906024421
623.4,-9.569994337485854,0.04744034361576805,0.006466017721504486,-8.657726988487166,-8.66419300620867,-8.705167332102935
623.5,-9.550741789354479,0.04797063786209417,0.06024428266880592,-8.603418429293539,-8.663662711962344,-8.651389067155632
623.6,-9.563460550949452,0.04841839277897878,0.07075018390128589,-8.592464773144174,-8.66321495704546,-8.640883165923153
623.7,-9.608927253276295,0.04878514832236905,0.040191048686423876,-8.622657152815647,-8.66284820150207,-8.671442301138015
623.8,-9.654393955603087,0.04907253133583225,0.0026055714142238715,-8.659955247074382,-8.662560818488606,-8.709027778410215
623.9,-9.69986065792993,0.0492822511616401,-0.04290499751555685,-8.705256096178356,-8.662351098662798,-8.754538347339995
624.0,-9.681051793835257,0.04941609520031405,-0.03388871132705274,-8.696105965951178,-8.662217254624125,-8.745522061151492
624.1,-9.64138529560382,0.04947592442666863,-0.014507592478005043,-8.676665017875775,-8.662157425397771,-8.726140942302443
624.2,-9.601718797372381,0.04946366887035383,-0.003738619981508262,-8.665908300935593,-8.662169680954085,-8.715371969805947
624.3,-9.562052299140989,0.049381323068849126,0.003237586557248786,-8.65901444019834,-8.66225202675559,-8.70839576326719
624.4,-9.537249104370673,0.04923094150080044,-0.0017271882154371483,-8.664129596539075,-8.662402408323638,-8.713360538039876
624.5,-9.516231669453068,0.049014634007518106,-0.0009502422627403395,-8.663568958079662,-8.66261871581692,-8.71258359208718
624.6,-9.495214234535464,0.04873456121036798,0.013551903037067395,-8.649346885577003,-8.66289878861407,-8.698081446787372
624.7,-9.47419679961786,0.048392929931690636,0.04173488459418566,-8.621505535298562,-8.663240419892748,-8.669898465230252
624.8,-9.49395259593676,0.047991988626774354,0.03785941404796038,-8.625781947149704,-8.663641361197664,-8.67377393577648
624.9,-9.539776523702008,0.047534022834287225,0.007646939075015152,-8.656452387915136,-8.66409932699015,-8.703986410749424
625.0,-9.585600451467258,0.047021350652442305,-0.03345260574915976,-8.698064604921155,-8.664611999171996,-8.745085955573598
625.1,-9.631424379232508,0.04645631824802774,-0.09463226157634308,-8.759809293152754,-8.66517703157641,-8.806265611400782
625.2,-9.602260632497128,0.04584129540528093,-0.10623331246036352,-8.772025366879522,-8.665792054419157,-8.817866662284802
625.3,-9.310822894168485,0.04517867112142346,0.11825078770577403,-8.548203890997241,-8.666454678703015,-8.593382562118665
625.4,-9.230472785485645,0.04447084925550125,0.10798581821903847,-8.559176682349898,-8.667162500568937,-8.6036475316054
625.5,-9.228978880675772,0.043720244236992584,-0.001097922838856208,-8.669011028426302,-8.667913105587447,-8.712731272663294
625.6,-9.152118997912227,0.04292927684045664,-0.051408456955778656,-8.72011252993976,-8.668704072983981,-8.763041806780217
625.7,-8.95150154798758,0.04210037003229551,0.008524801673296199,-8.661008178118847,-8.669532979792143,-8.703108548151143
625.8,-8.761002040816498,0.04123594489549657,0.04897327809683515,-8.621424126832107,-8.670397404928941,-8.662660071727604
625.9,-8.713618181818134,0.04033841663800645,-0.05613438554765038,-8.727429318734083,-8.671294933186433,-8.76776773537209
626.0,-8.668704590818269,0.039410190690166776,-0.15553036103663603,-8.827753520170909,-8.672223159134273,-8.867163710861075
626.1,-8.36590316205518,0.038453658896412744,0.024607770446951005,-8.648571920481075,-8.673179690928025,-8.687025579377488
626.2,-8.312328125000091,0.0374711958062007,-0.009539796187026862,-8.683701950205265,-8.674162154018237,-8.721173146011466
626.3,-8.063161352657476,0.03646515506889014,0.19556430658313603,-8.479603888172413,-8.675168194755548,-8.516069043241302
626.4,-8.05299140401101,0.035437865937059415,0.2056533393921831,-8.470542144495196,-8.67619548388738,-8.505980010432255
626.5,-8.462362948960301,0.03439162988248296,-0.1689393040921846,-8.84618102403414,-8.677241719941955,-8.880572653916623
626.6,-8.494130841121507,0.0333287173287426,-0.14709892544823444,-8.82540355794393,-8.678304632495696,-8.858732275272674
626.7,-8.51202220166512,0.032251364504185705,-0.11081044151220205,-8.790192426832455,-8.679381985320253,-8.82244379133664
626.8,-8.443031078610657,0.03116177041867979,-0.00348488994888458,-8.683956469354644,-8.68047157940576,-8.715118239773323
626.9,-8.273813574660577,0.03006209396734708,0.17509670651218479,-8.506474549344906,-8.681571255857092,-8.536536643312253
627.0,-8.402347048300548,0.028954451164193436,0.01610749022458554,-8.66657140843566,-8.682678898660246,-8.695525859599853
627.1,-8.343313059033996,0.027840912508275376,-0.005298070497894998,-8.689090507814058,-8.683792437316164,-8.716931420322334
627.2,-8.082490699734183,0.026723500484776144,0.11552599018943852,-8.569383859150225,-8.684909849339663,-8.596107359635
627.3,-8.036729422066543,0.025604187203088265,-0.044940744132365956,-8.730969906753716,-8.68602916262135,-8.756574093956806
627.4,-7.769036363636402,0.024484892173725882,-0.04935977545625653,-8.736508233106969,-8.687148457650713,-8.760993125280695
627.5,-7.511332476435304,0.023367480225615626,-0.11823468134970339,-8.806500550948526,-8.688265869598823,-8.829868031174142
627.6,-7.235147582697126,0.022253759565041015,-0.1990344643230803,-8.888414054582478,-8.689379590259398,-8.91066781414752
627.7,-6.585719195305818,0.021145479977242317,0.09687814721788299,-8.593609722629314,-8.690487869847196,-8.614755202606556
627.8,-6.330061190276854,0.020044331171402,0.03878660347782512,-8.652802415175211,-8.691589018653037,-8.672846746346613
627.9,-5.901141078838476,0.01895194126947641,0.22272423553817863,-8.469957173016784,-8.692681408554963,-8.48890911428626
628.0,-5.776064039408874,0.017869875439066516,0.18517999522258008,-8.508583479162793,-8.693763474385372,-8.526453354601859
628.1,-5.905542648253477,0.016799634670256358,-0.02915317345413153,-8.723986888608314,-8.694833715154182,-8.74078652327857
628.2,-6.076040963855379,0.01574265469608625,-0.22558825484883385,-8.921478949977187,-8.695890695128352,-8.937221604673272
628.3,-6.017741447891845,0.014700305056070295,-0.15864710285525538,-8.855580147623623,-8.696933044768368,-8.870280452679694
628.4,-5.8164685759746195,0.013673888301914083,0.06549435384994994,-8.632465107672575,-8.697959461522524,-8.64613899597449
628.5,-5.889992924528252,0.01266463934433924,0.018973172744819966,-8.67999553773528,-8.6989687104801,-8.692660177079619
628.6,-5.9815350467289745,0.011673724939677155,-0.03996613763696386,-8.739925762521725,-8.699959624884762,-8.751599487461403
628.7,-5.989937644341745,0.010702243314655056,-0.00022708812699584642,-8.701158194636779,-8.700931106509783,-8.711860437951435
628.8,-5.89524942263284,0.009751223927564027,0.17099192723114773,-8.530890198665727,-8.701882125896875,-8.540641422593291
628.9,-6.215757621951041,0.008821627363770866,-0.034703464083214744,-8.737515186543883,-8.702811722460668,-8.746336813907654
629.0,-6.370515837104073,0.007914345363314639,-0.0338124625208729,-8.737531466981997,-8.703719004461124,-8.745445812345311
629.1,-6.493414925373364,0.007030200978113918,0.0330189048734333,-8.671584243972891,-8.704603148846324,-8.678614444951005
629.2,-6.8225194029853435,0.0061699488561031725,-0.08801350910011699,-8.793476910068453,-8.705463400968336,-8.799646858924556
629.3,-6.934435745937948,0.005334275649416392,0.003625068122930961,-8.702674006052092,-8.706299074175023,-8.708008281701508
629.4,-7.097246895544137,0.004523800543543234,0.012540595877469743,-8.694568953403426,-8.707109549280895,-8.69909275394697
629.5,-7.208354302241588,0.00373907590419802,0.012782090133228034,-8.695112183787012,-8.70789427392024,-8.69885125969121
629.6,-7.016741865509744,0.002980588038465022,0.2296408795976922,-8.479011882188281,-8.708652761785974,-8.481992470226746
629.7,-7.137677881174064,0.002248758066615066,0.03030341267074313,-8.679081179087081,-8.709384591757823,-8.681329937153695
629.8,-7.171760623229477,0.0015439429008287063,-0.18885681381719588,-8.898946220740806,-8.71008940692361,-8.900490163641635
629.9,-7.015951646811526,0.0008664363269102887,-0.3079057114794683,-9.018672624976997,-8.710766913497528,-9.019539061303908
630.0,-6.429406447091663,0.00021647018493541406,-0.04798055583505434,-8.759397435474558,-8.711416879639504,-8.759613905659492
630.1,-5.983562109645875,-0.0004057843553580652,0.07284046554423239,-8.639198668635565,-8.712039134179797,-8.638792884280207
630.2,-5.6553472889497325,-0.0010002154287483724,0.13363161319178274,-8.579001952061404,-8.712633565253187,-8.578001736632656
630.3,-5.466603294440682,-0.0015667690227034216,0.1552373128300087,-8.557962806017134,-8.713200118847142,-8.55639603699443
630.4,-5.470435757987746,-0.002105447444079072,0.10036416673384363,-8.613374630534674,-8.713738797268517,-8.611269183090595
630.5,-5.579275050437112,-0.0026163077089645416,0.039419570415256025,-8.674830087118147,-8.714249657533403,-8.672213779409182
630.6,-5.77631607262954,-0.0030994598603805053,-0.05715670416130149,-8.771889513846121,-8.714732809684818,-8.76879005398574
630.7,-5.793720372836198,-0.003555065218608615,0.015738666878416213,-8.69944974816463,-8.715188415043047,-8.695894682946022
630.8,-5.772437705998662,-0.003983334568993789,0.05655380402731558,-8.659062880366116,-8.715616684393433,-8.655079545797124
630.9,-5.8053974950560185,-0.004384526292113383,-0.06675775464451143,-8.782775630761064,-8.716017876116553,-8.77839110446895
631.0,-5.77880952380952,-0.004758944441249756,-0.24316344319188593,-8.959555737457574,-8.716392294265688,-8.954796793016325
631.1,-5.6944538411877295,-0.0051069367721350845,-0.4356329346075876,-9.152373221204162,-8.716740286596574,-9.147266284432026
631.2,-5.468501613944293,-0.005428892729959449,-0.4882542228355934,-9.205316465389991,-8.717062242554398,-9.199887572660032
631.3,-4.33999431356065,-0.005725241398645162,0.44347112492740953,-8.273887466295674,-8.717358591223084,-8.26816222489703
631.4,-3.066088378915218,-0.005996449417392023,1.6684838977398195,-7.049145901502011,-8.71762979924183,-7.043149452084619
631.5,-4.994792425342939,-0.006243018869490174,-0.136248593160804,-8.854124961854733,-8.71787636869393,-8.847881942985243
631.6,-5.903298685034429,-0.006465485148378614,-0.7706936918692943,-9.488792526842111,-8.718098834972817,-9.482327041693733
631.7,-5.839428929242276,-0.006664414805899278,-0.33997147676653366,-9.058269241396872,-8.718297764630337,-9.051604826590973
631.8,-6.05707382133993,-0.006840403387658433,-0.16534538104231442,-8.883819134254411,-8.718473753212097,-8.876978730866753
631.9,-6.263992024539888,-0.006994073260359655,-0.00970427927288428,-8.728331702357682,-8.718627423084799,-8.721337629097324
632.0,-6.38607791411046,-0.007126071435916099,0.16939730039153883,-8.549362120868816,-8.718759421260355,-8.5422360494329
632.1,-6.594556838905914,-0.007237067397083893,0.19179429302355952,-8.527076124197963,-8.718870417221522,-8.51983905680088
632.2,-6.8446209386283785,-0.0073277509292840656,0.1081468689904793,-8.610814231763243,-8.718961100753722,-8.60348648083396
632.3,-7.081083032490974,-0.007398829963196889,-0.014773520806280055,-8.733805700593916,-8.719032179787636,-8.726406870630719
632.4,-7.241899344848128,-0.007451028432620875,-0.10383108215163682,-8.822915460408696,-8.71908437825706,-8.815464431976075
632.5,-7.271678975580708,-0.00748508415198854,-0.09564778541141936,-8.814766219387847,-8.719118433976428,-8.807281135235858
632.6,-7.225472566371643,-0.007501746717822858,-0.04088699373864166,-8.760022090280904,-8.719135096542262,-8.75252034356308
632.7,-7.1446466076695465,-0.007501775438302694,0.019636115613129577,-8.699499009649612,-8.719135125262742,-8.691997234211309
632.8,-7.012544074722781,-0.00748593729498212,0.09865149663847664,-8.620467790480944,-8.71911928711942,-8.612981853185962
632.9,-6.88958381502897,-0.007455004940578042,0.12719738834297717,-8.59189096642204,-8.719088354765017,-8.58443596148146
633.0,-6.7913179190751904,-0.00740975473660324,0.07860912331781997,-8.640433981243222,-8.719043104561042,-8.633024226506619
633.1,-6.671850515463927,-0.00735096483447772,-0.009645405899195235,-8.728629720558112,-8.718984314658917,-8.721278755723635
633.2,-6.534966208476449,-0.007279413303601115,-0.13948304716518461,-8.858395810293224,-8.71891276312804,-8.851116396989623
633.3,-6.297354674221093,-0.007195876309712429,-0.2084701027116253,-8.927299328845777,-8.718829226134151,-8.920103452536065
633.4,-6.0270134755757265,-0.007101126346701536,-0.2460606396723734,-8.964795115843513,-8.71873447617114,-8.957693989496812
633.5,-5.553683885457634,-0.0069959305248696434,-0.02986950399171434,-8.748498784341022,-8.718629280349308,-8.741502853816153
633.6,-5.151142857142792,-0.006881048918463883,0.21816711858849464,-8.500347280154408,-8.718514398742903,-8.493466231235944
633.7,-4.953255141745277,-0.006757232975134434,0.3980820152730288,-8.320308567526544,-8.718390582799573,-8.31355133455141
633.8,-5.15250963126026,-0.006625223989781966,0.3192250493063357,-8.399033524507885,-8.718258573814222,-8.392408300518102
633.9,-5.8217446340122825,-0.0064857516450783585,-0.12507229541882842,-8.843191396888345,-8.718119101469517,-8.836705645243267
634.0,-6.205570027248002,-0.00633953262075591,-0.23939508908221935,-8.957367971527415,-8.717972882445194,-8.951028438906658
634.1,-6.4295482288828145,-0.006187269273569303,-0.21626489963860215,-8.93408551873661,-8.717820619098008,-8.927898249463041
634.2,-6.503012951969783,-0.00602964838964141,-0.11796902322750397,-8.835632021441585,-8.717662998214081,-8.829602373051943
634.3,-6.540249865083622,-0.005867340010708952,-0.0829174064169562,-8.800418096252104,-8.717500689835148,-8.794550756241394
634.4,-6.377478888295101,-0.005700996335587477,0.061447014326339505,-8.655887331833688,-8.717334346160026,-8.650186335498098
634.5,-6.219,-0.005531250697977406,0.14588086708350584,-8.57128373343891,-8.717164600522416,-8.565752482740933
634.6,-6.219,-0.005358716621534667,0.0639343280056267,-8.653057738440348,-8.716992066445973,-8.647699021818813
634.7,-6.219,-0.005183986952930723,0.01918931386312961,-8.69762802291424,-8.71681733677737,-8.692444035961309
634.8,-6.219,-0.005007633073428282,0.04178408850442289,-8.674856894393445,-8.716640982897866,-8.669849261320016
634.9,-6.2867133956386,-0.004830204189300889,0.07270444487101478,-8.643759109142724,-8.716463554013739,-8.638928904953424
635.0,-6.523473520249282,-0.004652226701227523,-0.001905943005667321,-8.718191519531334,-8.716285576525665,-8.713539292830106
635.1,-6.755143958868999,-0.00447420365259751,-0.03562009243767784,-8.751727645914714,-8.716107553477036,-8.747253442262117
635.2,-6.97776606683813,-0.00429661425646721,-0.057721402036621614,-8.773651366117528,-8.715929964080907,-8.76935475186106
635.3,-7.176251018329846,-0.004119913500718123,-0.08169117676918711,-8.797444440094344,-8.715753263325157,-8.793324526593626
635.4,-7.340711303462329,-0.0039445318307771045,-0.11396994143470551,-8.829547823089921,-8.715577881655216,-8.825603291259144
635.5,-7.387538345105917,-0.0037708749090733886,-0.07245008950743699,-8.787854314240949,-8.715404224733511,-8.784083439331877
635.6,-7.2911710393541505,-0.003599323450224657,0.07871029847114971,-8.636522374803514,-8.715232673274663,-8.63292305135329
635.7,-7.245390804597706,-0.0034302331307657697,0.16064718659251104,-8.554416396362694,-8.715063582955205,-8.550986163231928
635.8,-7.256885057471258,-0.003263934572059344,0.1783564248103355,-8.536540859586163,-8.714897284396498,-8.533276925014103
635.9,-7.3739213260761245,-0.00310073339485754,0.0872723250664102,-8.627461758152887,-8.714734083219296,-8.624361024758029
636.0,-7.61093270658091,-0.0029409103438194227,-0.1305970008048598,-8.845171260973117,-8.714574260168257,-8.842230350629299
636.1,-7.695108823529391,-0.002784721480128552,-0.2076847799571666,-8.922102851261734,-8.714418071304568,-8.919318129781605
636.2,-7.590206862745086,-0.0026323984402013196,-0.1076480505561094,-8.821913798820749,-8.71426574826464,-8.819281400380548
636.3,-7.506266990291304,-0.002484148758328347,-0.03089000135921567,-8.745007499941982,-8.714117498582768,-8.742523351183655
636.4,-7.45286893203884,-0.0023401562509493315,0.030837617032325917,-8.683135889043061,-8.713973506075389,-8.680795732792113
636.5,-7.428682058682073,-0.002200581460126298,0.09832339814063479,-8.61551053314393,-8.713833931284565,-8.613309951683805
636.6,-7.459466089466111,-0.0020655621536516365,0.15815961309441542,-8.555539298883675,-8.71369891197809,-8.553473736730023
636.7,-7.584192564347313,-0.0019352138791057449,0.1698740508152418,-8.543694512888303,-8.713568563703545,-8.541759299009197
636.8,-7.965508102955007,-0.0018096305690648749,-0.045979869362111375,-8.759422849755614,-8.713442980393504,-8.75761321918655
636.9,-8.287294950448306,-0.0016888851945532145,-0.20066922353492556,-8.913991458553918,-8.713322235018993,-8.912302573359364
637.0,-8.318441717791398,-0.0015730304637343376,-0.09224929489130364,-8.805455675179477,-8.713206380288174,-8.803882644715742
637.1,-8.346855539971957,-0.0014620995627465333,-0.030589445777958968,-8.743684895165144,-8.713095449387184,-8.742222795602398
637.2,-8.324415147265075,-0.0013561069355040737,0.02324877355486181,-8.68974068320508,-8.712989456759942,-8.688384576269577
637.3,-8.30197475455822,-0.0012550490992125545,0.022603585050678304,-8.690284813872973,-8.712888398923651,-8.68902976477376
637.4,-8.227766558591986,-0.0011589054922810965,0.033134397477343855,-8.679657857839375,-8.71279225531672,-8.678498952347095
637.5,-8.14856322371472,-0.001067639351257592,0.02577230293745822,-8.686928686238238,-8.712700989175696,-8.68586104688698
637.6,-8.043643873336421,-0.0009811986133653789,0.03695108806616733,-8.675663460371636,-8.712614548437804,-8.67468226175827
637.7,-7.93028912345112,-0.0008995168411808656,0.05918867029715896,-8.65334419636846,-8.712532866665619,-8.65244467952728
637.8,-7.8908749431559695,-0.000822514165961728,0.01289200531923998,-8.69956385867116,-8.712455863990401,-8.6987413445052
637.9,-7.906336516598452,-0.0007500982461144847,-0.08546054061411198,-8.797843988684665,-8.712383448070554,-8.79709389043855
638.0,-7.843533783783734,-0.000682165237278537,-0.10736539519363608,-8.819680910255354,-8.712315515061718,-8.818998745018074
638.1,-7.650290540540429,-0.0006186007705011577,-0.003997160348149585,-8.716249110943089,-8.71225195059494,-8.715630510172588
638.2,-7.473305220883457,-0.0005592809349845036,0.07785614070592954,-8.634336490053494,-8.712192630759423,-8.63377720911851
638.3,-7.384951807228927,-0.0005040732619014258,0.06931341173911526,-8.642824011347225,-8.71213742308634,-8.642319938085324
638.4,-7.296598393574297,-0.000452837705801702,0.06555466341879411,-8.646531524111447,-8.71208618753024,-8.646078686405644
638.5,-7.331427055702916,-0.00040542762016416084,-0.04735209188099081,-8.759390869325594,-8.712038777444603,-8.758985441705429
638.6,-7.37784615384615,-0.00036169072369308735,-0.14585727663199483,-8.857852317180127,-8.711995040548132,-8.857490626456434
638.7,-7.334026281208929,-0.00032147005400903577,-0.1140609858059898,-8.826015805684438,-8.711954819878448,-8.825694335630429
638.8,-7.24204204993437,-0.00028460490544481834,0.01963045736188354,-8.692287497368,-8.711917954729884,-8.692002892462556
638.9,-7.240559704732888,-0.0002509317477267331,0.12507842731313634,-8.58680585425903,-8.711884281572166,-8.586554922511302
639.0,-7.393838037342601,-0.0002202851223990097,0.13601988753522035,-8.575833747411618,-8.711853634946838,-8.575613462289219
639.1,-7.565176268271912,-0.00019249851393576454,0.17351564517171317,-8.538310203166661,-8.711825848338375,-8.538117704652725
639.2,-7.992089423903908,-0.0001674051925793604,-0.027444738030183727,-8.739245493047202,-8.711800755017018,-8.739078087854622
639.3,-8.419002579535418,-0.00014483902604662537,-0.24354480920596908,-8.955322998056454,-8.711778188850486,-8.955178159030408
639.4,-8.486786018755353,-0.0001246352573549564,-0.14268554951339024,-8.854443534595184,-8.711757985081794,-8.854318899337828
639.5,-8.428388746803082,-0.0001066312461385116,0.02913750820801002,-8.682602472862568,-8.711739981070577,-8.68249584161643
639.6,-8.43908868243243,-9.066717095031202e-05,0.08155632348038142,-8.630167693515007,-8.711724016995388,-8.630077026344058
639.7,-8.5560650337838,-7.65866901789324e-05,-0.0017387810521136294,-8.713448717566731,-8.711709936514618,-8.713372130876552
