analysis_type,dataset_id,dataset_label,curve_id,curve_label,lag_ka,reduced_terms,full_terms,ok,n_bins,n_events,df,loglik_reduced,loglik_full,ll_gain_nats,info_nats_per_bin,info_bits_per_bin,info_bits_per_event,LR_statistic,LR_p_value,delta_AICc_full_minus_reduced,expected_events_reduced,expected_events_full,max_rate_full_per_kyr,converged_reduced,converged_full,LR_q_value_BH
core_component_diagnostic_0_20kyr,strong_monsoon_start,Strong monsoon starts,lr04_after_ep_baseline,LR04 vs EP baseline,0.0,same_type_history_count+cheng_log_resolution_scaled,same_type_history_count+cheng_log_resolution_scaled+lr04_after_ep_baseline_lag,True,3100,91,1,-403.7683434289221,-398.40219242177704,5.366151007145049,0.001731016453917758,0.002497328853764348,0.08507384007329098,10.732302014290099,0.0010528139104254487,-8.72712988119224,90.99999416353539,90.99999618160236,0.8971600323734692,True,True,0.00443059187304043
core_component_diagnostic_0_20kyr,strong_monsoon_start,Strong monsoon starts,co2_after_ep_baseline,CO2 vs EP baseline,0.0,same_type_history_count+cheng_log_resolution_scaled,same_type_history_count+cheng_log_resolution_scaled+co2_after_ep_baseline_lag,True,3100,91,1,-403.7683434289221,-398.4818438668513,5.286499562070787,0.0017053224393776734,0.0024602602264068396,0.0838110626578154,10.572999124141575,0.0011475140429013703,-8.567826991043717,90.99999416353539,90.99999683304291,0.9016097424988996,True,True,0.0035120884343344968
core_component_diagnostic_0_20kyr,strong_monsoon_start,Strong monsoon starts,full_after_climate_state,Full predictive model vs climate-state,0.0,same_type_history_count+cheng_log_resolution_scaled+lr04_lag+co2_lag,same_type_history_count+cheng_log_resolution_scaled+lr04_lag+co2_lag+pre_phase_sin_lag+pre_phase_cos_lag,True,3100,91,2,-398.0069241096045,-387.1288260023947,10.87809810720978,0.003509063905551542,0.005062509094701668,0.17245910102829856,21.75619621441956,1.8866963898502053e-05,-17.73936607705059,91.000013644014,90.99986051688683,1.1654305031004526,True,True,0.0008645794738743556
core_component_diagnostic_0_20kyr,strong_monsoon_start,Strong monsoon starts,lr04_after_ep_baseline,LR04 vs EP baseline,0.2,same_type_history_count+cheng_log_resolution_scaled,same_type_history_count+cheng_log_resolution_scaled+lr04_after_ep_baseline_lag,True,3100,91,1,-403.7683434289221,-398.3257378592518,5.44260556967032,0.001755679216022684,0.0025329096983477493,0.08628593477887937,10.88521113934064,0.0009693512953877958,-8.880039006242782,90.99999416353539,91.00000164431384,0.9134268808857671,True,True,0.004256716558007277
core_component_diagnostic_0_20kyr,strong_monsoon_start,Strong monsoon starts,co2_after_ep_baseline,CO2 vs EP baseline,0.2,same_type_history_count+cheng_log_resolution_scaled,same_type_history_count+cheng_log_resolution_scaled+co2_after_ep_baseline_lag,True,3100,91,1,-403.7683434289221,-398.0890879681359,5.67925546078618,0.0018320178905761873,0.002643043125554125,0.09003773284854712,11.35851092157236,0.0007510301412255377,-9.353338788474503,90.99999416353539,91.00001802064267,0.9159963727959878,True,True,0.0031605851776574712
core_component_diagnostic_0_20kyr,strong_monsoon_start,Strong monsoon starts,full_after_climate_state,Full predictive model vs climate-state,0.2,same_type_history_count+cheng_log_resolution_scaled+lr04_lag+co2_lag,same_type_history_count+cheng_log_resolution_scaled+lr04_lag+co2_lag+pre_phase_sin_lag+pre_phase_cos_lag,True,3100,91,2,-397.74838745485056,-387.02767828591806,10.720709168932501,0.0034582932803008067,0.0049892625654296,0.1699638895915578,21.441418337865002,2.2082852205315478e-05,-17.424588200496032,91.0000368418555,91.00005161722572,1.239384013589814,True,True,0.0008645794738743556
core_component_diagnostic_0_20kyr,strong_monsoon_start,Strong monsoon starts,lr04_after_ep_baseline,LR04 vs EP baseline,0.4,same_type_history_count+cheng_log_resolution_scaled,same_type_history_count+cheng_log_resolution_scaled+lr04_after_ep_baseline_lag,True,3100,91,1,-403.7683434289221,-398.27411398784454,5.49422944107755,0.0017723320777669517,0.0025569346994028137,0.08710436888075519,10.9884588821551,0.0009168101535942024,-8.983286749057243,90.99999416353539,91.0000008735298,0.9287007682175266,True,True,0.004256716558007277
core_component_diagnostic_0_20kyr,strong_monsoon_start,Strong monsoon starts,co2_after_ep_baseline,CO2 vs EP baseline,0.4,same_type_history_count+cheng_log_resolution_scaled,same_type_history_count+cheng_log_resolution_scaled+co2_after_ep_baseline_lag,True,3100,91,1,-403.7683434289221,-398.16043482633904,5.607908602583052,0.0018090027750267909,0.002609839332485525,0.08890661462313326,11.215817205166104,0.0008110308748911875,-9.210645072068246,90.99999416353539,90.99996134937027,0.951912502308456,True,True,0.003276564734560398
core_component_diagnostic_0_20kyr,strong_monsoon_start,Strong monsoon starts,full_after_climate_state,Full predictive model vs climate-state,0.4,same_type_history_count+cheng_log_resolution_scaled+lr04_lag+co2_lag,same_type_history_count+cheng_log_resolution_scaled+lr04_lag+co2_lag+pre_phase_sin_lag+pre_phase_cos_lag,True,3100,91,2,-397.76297504150557,-387.2778088563237,10.485166185181868,0.003382311672639312,0.0048796442768575905,0.16622964020064318,20.970332370363735,2.7947964564535332e-05,-16.953502232994765,91.00001536247014,90.99979030415858,1.2697688136716403,True,True,0.0008645794738743556
core_component_diagnostic_0_20kyr,strong_monsoon_start,Strong monsoon starts,lr04_after_ep_baseline,LR04 vs EP baseline,0.6,same_type_history_count+cheng_log_resolution_scaled,same_type_history_count+cheng_log_resolution_scaled+lr04_after_ep_baseline_lag,True,3100,91,1,-403.7683434289221,-398.2632730907296,5.505070338192468,0.001775829141352409,0.0025619798956952266,0.08727623820500222,11.010140676384935,0.000906147685819706,-9.004968543287077,90.99999416353539,91.00000224462467,0.9420637959679234,True,True,0.004256716558007277
core_component_diagnostic_0_20kyr,strong_monsoon_start,Strong monsoon starts,co2_after_ep_baseline,CO2 vs EP baseline,0.6,same_type_history_count+cheng_log_resolution_scaled,same_type_history_count+cheng_log_resolution_scaled+co2_after_ep_baseline_lag,True,3100,91,1,-403.7683434289221,-398.24015638519876,5.528187043723335,0.0017832861431365597,0.002572738075189121,0.08764272563831071,11.05637408744667,0.0008838281895116601,-9.051201954348812,90.99999416353539,90.99994421713288,0.9481699891955433,True,True,0.00340360544025989
core_component_diagnostic_0_20kyr,strong_monsoon_start,Strong monsoon starts,full_after_climate_state,Full predictive model vs climate-state,0.6,same_type_history_count+cheng_log_resolution_scaled+lr04_lag+co2_lag,same_type_history_count+cheng_log_resolution_scaled+lr04_lag+co2_lag+pre_phase_sin_lag+pre_phase_cos_lag,True,3100,91,2,-397.80084408449295,-387.56308144648096,10.237762638011986,0.00330250407677806,0.0047645062540832925,0.16230735590833192,20.475525276023973,3.579284166609589e-05,-16.458695138655003,91.00002976919728,90.99988745178274,1.2575983470106973,True,True,0.0008645794738743556
core_component_diagnostic_0_20kyr,strong_monsoon_start,Strong monsoon starts,lr04_after_ep_baseline,LR04 vs EP baseline,0.8,same_type_history_count+cheng_log_resolution_scaled,same_type_history_count+cheng_log_resolution_scaled+lr04_after_ep_baseline_lag,True,3100,91,1,-403.7683434289221,-398.3152554236617,5.453088005260383,0.0017590606468581881,0.0025377880718452403,0.0864521211287939,10.906176010520767,0.0009584417305147458,-8.901003877422909,90.99999416353539,91.00000614455732,0.9517154707468127,True,True,0.004256716558007277
core_component_diagnostic_0_20kyr,strong_monsoon_start,Strong monsoon starts,co2_after_ep_baseline,CO2 vs EP baseline,0.8,same_type_history_count+cheng_log_resolution_scaled,same_type_history_count+cheng_log_resolution_scaled+co2_after_ep_baseline_lag,True,3100,91,1,-403.7683434289221,-397.8844069571329,5.883936471789184,0.0018980440231578012,0.002738298699598697,0.09328270295336219,11.767872943578368,0.0006026180039856425,-9.76270081048051,90.99999416353539,90.9999774978632,0.9529215150915249,True,True,0.002766564472843177
core_component_diagnostic_0_20kyr,strong_monsoon_start,Strong monsoon starts,full_after_climate_state,Full predictive model vs climate-state,0.8,same_type_history_count+cheng_log_resolution_scaled+lr04_lag+co2_lag,same_type_history_count+cheng_log_resolution_scaled+lr04_lag+co2_lag+pre_phase_sin_lag+pre_phase_cos_lag,True,3100,91,2,-397.6146771946874,-387.5557272636643,10.05894993102305,0.0032448225583945325,0.0046812894135604315,0.1594724965059048,20.1178998620461,4.280096405318592e-05,-16.10106972467713,91.0000168309734,90.99999052711937,1.2669136729371089,True,True,0.0008645794738743556
core_component_diagnostic_0_20kyr,strong_monsoon_start,Strong monsoon starts,lr04_after_ep_baseline,LR04 vs EP baseline,1.0,same_type_history_count+cheng_log_resolution_scaled,same_type_history_count+cheng_log_resolution_scaled+lr04_after_ep_baseline_lag,True,3100,91,1,-403.7683434289221,-398.3021658427358,5.466177586186291,0.0017632830923181584,0.002543879772970763,0.08665964061768534,10.932355172372581,0.0009449929025215167,-8.927183039274723,90.99999416353539,91.00000470134258,0.9509611796328755,True,True,0.004256716558007277
core_component_diagnostic_0_20kyr,strong_monsoon_start,Strong monsoon starts,co2_after_ep_baseline,CO2 vs EP baseline,1.0,same_type_history_count+cheng_log_resolution_scaled,same_type_history_count+cheng_log_resolution_scaled+co2_after_ep_baseline_lag,True,3100,91,1,-403.7683434289221,-397.67339507826125,6.094948350660843,0.001966112371180917,0.00283650056773315,0.09662804131838204,12.189896701321686,0.00048049043984856575,-10.184724568223828,90.99999416353539,91.00004489001051,0.9933975356987313,True,True,0.0023109302107002447
core_component_diagnostic_0_20kyr,strong_monsoon_start,Strong monsoon starts,full_after_climate_state,Full predictive model vs climate-state,1.0,same_type_history_count+cheng_log_resolution_scaled+lr04_lag+co2_lag,same_type_history_count+cheng_log_resolution_scaled+lr04_lag+co2_lag+pre_phase_sin_lag+pre_phase_cos_lag,True,3100,91,2,-397.46653517601794,-387.610283814716,9.85625136130193,0.003179435923000622,0.004586956438937222,0.15625895561214714,19.71250272260386,5.2418479777414844e-05,-15.695672585234888,91.00000816030077,91.00007931654046,1.278774812309884,True,True,0.0008823777429198165
core_component_diagnostic_0_20kyr,strong_monsoon_start,Strong monsoon starts,lr04_after_ep_baseline,LR04 vs EP baseline,1.2,same_type_history_count+cheng_log_resolution_scaled,same_type_history_count+cheng_log_resolution_scaled+lr04_after_ep_baseline_lag,True,3100,91,1,-403.7683434289221,-398.21243189833797,5.555911530584126,0.0017922295259948794,0.00258564064928759,0.08808226387682999,11.111823061168252,0.0008577913226066335,-9.106650928070394,90.99999416353539,90.99999993549028,0.9406835299758115,True,True,0.004256716558007277
core_component_diagnostic_0_20kyr,strong_monsoon_start,Strong monsoon starts,co2_after_ep_baseline,CO2 vs EP baseline,1.2,same_type_history_count+cheng_log_resolution_scaled,same_type_history_count+cheng_log_resolution_scaled+co2_after_ep_baseline_lag,True,3100,91,1,-403.7683434289221,-397.1827415673905,6.585601861531586,0.0021243876972682537,0.003064843595774434,0.10440675985605213,13.171203723063172,0.00028428406444898504,-11.166031589965314,90.99999416353539,90.99994834188425,1.008517453974384,True,True,0.0015951494727415273
core_component_diagnostic_0_20kyr,strong_monsoon_start,Strong monsoon starts,full_after_climate_state,Full predictive model vs climate-state,1.2,same_type_history_count+cheng_log_resolution_scaled+lr04_lag+co2_lag,same_type_history_count+cheng_log_resolution_scaled+lr04_lag+co2_lag+pre_phase_sin_lag+pre_phase_cos_lag,True,3100,91,2,-397.0728226268318,-387.37347333228615,9.699349294545641,0.003128822353079239,0.004513936492609955,0.1537714629350644,19.398698589091282,6.132338553478486e-05,-15.381868451722312,90.99997359590992,90.99999494453874,1.3765660069120171,True,True,0.0008848088484304673
core_component_diagnostic_0_20kyr,strong_monsoon_start,Strong monsoon starts,lr04_after_ep_baseline,LR04 vs EP baseline,1.4,same_type_history_count+cheng_log_resolution_scaled,same_type_history_count+cheng_log_resolution_scaled+lr04_after_ep_baseline_lag,True,3100,91,1,-403.7683434289221,-398.1179439220564,5.6503995068657105,0.0018227095183437777,0.002629613983095679,0.08958025656699566,11.300799013731421,0.0007747374315139027,-9.295626880633563,90.99999416353539,90.99999995210702,0.9308334639436011,True,True,0.004256716558007277
core_component_diagnostic_0_20kyr,strong_monsoon_start,Strong monsoon starts,co2_after_ep_baseline,CO2 vs EP baseline,1.4,same_type_history_count+cheng_log_resolution_scaled,same_type_history_count+cheng_log_resolution_scaled+co2_after_ep_baseline_lag,True,3100,91,1,-403.7683434289221,-396.7855605661922,6.982782862729891,0.00225251060088061,0.0032496858734402754,0.11070358469961378,13.965565725459783,0.00018618962908470123,-11.960393592361925,90.99999416353539,90.99995954205075,1.0456988831557574,True,True,0.0015951494727415273
core_component_diagnostic_0_20kyr,strong_monsoon_start,Strong monsoon starts,full_after_climate_state,Full predictive model vs climate-state,1.4,same_type_history_count+cheng_log_resolution_scaled+lr04_lag+co2_lag,same_type_history_count+cheng_log_resolution_scaled+lr04_lag+co2_lag+pre_phase_sin_lag+pre_phase_cos_lag,True,3100,91,2,-396.72541511458184,-387.1944650547839,9.53095005979793,0.003074500019289655,0.0044355659310422076,0.1511016965519873,19.06190011959586,7.257064477833733e-05,-15.045069982226892,90.99999277130402,90.99991535610968,1.4430774958823966,True,True,0.0009162043903265089
core_component_diagnostic_0_20kyr,strong_monsoon_start,Strong monsoon starts,lr04_after_ep_baseline,LR04 vs EP baseline,1.6,same_type_history_count+cheng_log_resolution_scaled,same_type_history_count+cheng_log_resolution_scaled+lr04_after_ep_baseline_lag,True,3100,91,1,-403.7683434289221,-397.91648285211636,5.851860576805734,0.0018876969602599142,0.0027233710432681487,0.09277417839704682,11.703721153611468,0.0006237523491380656,-9.69854902051361,90.99999416353539,90.99999945218673,0.9383192601015102,True,True,0.004256716558007277
core_component_diagnostic_0_20kyr,strong_monsoon_start,Strong monsoon starts,co2_after_ep_baseline,CO2 vs EP baseline,1.6,same_type_history_count+cheng_log_resolution_scaled,same_type_history_count+cheng_log_resolution_scaled+co2_after_ep_baseline_lag,True,3100,91,1,-403.7683434289221,-396.51632151219894,7.252021916723152,0.0023393619086203715,0.0033749858244111505,0.11497204456785239,14.504043833446303,0.00013985899376955436,-12.498871700348445,90.99999416353539,90.99998477856505,1.008993979003209,True,True,0.0015951494727415273
core_component_diagnostic_0_20kyr,strong_monsoon_start,Strong monsoon starts,full_after_climate_state,Full predictive model vs climate-state,1.6,same_type_history_count+cheng_log_resolution_scaled+lr04_lag+co2_lag,same_type_history_count+cheng_log_resolution_scaled+lr04_lag+co2_lag+pre_phase_sin_lag+pre_phase_cos_lag,True,3100,91,2,-396.4563107719908,-387.11592058421115,9.340390187779633,0.0030130290928321395,0.0043468821302831,0.14808060004261112,18.680780375559266,8.780516889806934e-05,-14.663950238190296,90.99997216178127,91.00007566549164,1.4445742130927743,True,True,0.0009853691176338892
core_component_diagnostic_0_20kyr,strong_monsoon_start,Strong monsoon starts,lr04_after_ep_baseline,LR04 vs EP baseline,1.8,same_type_history_count+cheng_log_resolution_scaled,same_type_history_count+cheng_log_resolution_scaled+lr04_after_ep_baseline_lag,True,3100,91,1,-403.7683434289221,-397.6769300059643,6.091413422957771,0.001964972071921862,0.0028348554636469813,0.09657199931105101,12.182826845915542,0.0004823149613908063,-10.177654712817684,90.99999416353539,91.0000011793949,0.9661940911503876,True,True,0.00405948425837262
core_component_diagnostic_0_20kyr,strong_monsoon_start,Strong monsoon starts,co2_after_ep_baseline,CO2 vs EP baseline,1.8,same_type_history_count+cheng_log_resolution_scaled,same_type_history_count+cheng_log_resolution_scaled+co2_after_ep_baseline_lag,True,3100,91,1,-403.7683434289221,-396.1799868868586,7.5883565420634795,0.0024478569490527353,0.003531511081203969,0.12030422364540994,15.176713084126959,9.790336120158638e-05,-13.171540951029101,90.99999416353539,90.9999882165685,1.0215781048347954,True,True,0.0015951494727415273
core_component_diagnostic_0_20kyr,strong_monsoon_start,Strong monsoon starts,full_after_climate_state,Full predictive model vs climate-state,1.8,same_type_history_count+cheng_log_resolution_scaled+lr04_lag+co2_lag,same_type_history_count+cheng_log_resolution_scaled+lr04_lag+co2_lag+pre_phase_sin_lag+pre_phase_cos_lag,True,3100,91,2,-396.12267038058906,-386.961762224449,9.160908156140067,0.0029551316632709895,0.00426335379577501,0.14523512930662122,18.321816312280134,0.00010506743707172727,-14.304986174911164,91.00000952381943,91.00002438911591,1.4209540279903368,True,True,0.0010611811144244454
core_component_diagnostic_0_20kyr,strong_monsoon_start,Strong monsoon starts,lr04_after_ep_baseline,LR04 vs EP baseline,2.0,same_type_history_count+cheng_log_resolution_scaled,same_type_history_count+cheng_log_resolution_scaled+lr04_after_ep_baseline_lag,True,3100,91,1,-403.7683434289221,-397.5516884235193,6.216655005402799,0.002005372582388,0.0028931410797458615,0.09855755326606781,12.433310010805599,0.0004217437736492481,-10.42813787770774,90.99999416353539,90.99993511817847,0.9733663213393867,True,True,0.00405948425837262
core_component_diagnostic_0_20kyr,strong_monsoon_start,Strong monsoon starts,co2_after_ep_baseline,CO2 vs EP baseline,2.0,same_type_history_count+cheng_log_resolution_scaled,same_type_history_count+cheng_log_resolution_scaled+co2_after_ep_baseline_lag,True,3100,91,1,-403.7683434289221,-396.40567823188724,7.362665197034858,0.002375053289366083,0.0034264776024154685,0.11672616008228519,14.725330394069715,0.00012436418276012246,-12.720158260971857,90.99999416353539,90.99998553231693,1.0333540175711982,True,True,0.0015951494727415273
core_component_diagnostic_0_20kyr,strong_monsoon_start,Strong monsoon starts,full_after_climate_state,Full predictive model vs climate-state,2.0,same_type_history_count+cheng_log_resolution_scaled+lr04_lag+co2_lag,same_type_history_count+cheng_log_resolution_scaled+lr04_lag+co2_lag+pre_phase_sin_lag+pre_phase_cos_lag,True,3100,91,2,-396.2756236313918,-387.3702264268445,8.905397204547285,0.0028727087756604142,0.004144442704563486,0.14118431191370118,17.81079440909457,0.000135654790471015,-13.7939642717256,90.9999988979119,90.99997846275684,1.4459394034504653,True,True,0.0012455576215975013
core_component_diagnostic_0_20kyr,strong_monsoon_start,Strong monsoon starts,lr04_after_ep_baseline,LR04 vs EP baseline,2.2,same_type_history_count+cheng_log_resolution_scaled,same_type_history_count+cheng_log_resolution_scaled+lr04_after_ep_baseline_lag,True,3100,91,1,-403.7683434289221,-397.44461498335716,6.323728445564939,0.0020399124017951415,0.0029429715059177456,0.1002550732785166,12.647456891129877,0.00037607690605753324,-10.64228475803202,90.99999416353539,90.99999513141458,0.9634477525883454,True,True,0.00405948425837262
core_component_diagnostic_0_20kyr,strong_monsoon_start,Strong monsoon starts,co2_after_ep_baseline,CO2 vs EP baseline,2.2,same_type_history_count+cheng_log_resolution_scaled,same_type_history_count+cheng_log_resolution_scaled+co2_after_ep_baseline_lag,True,3100,91,1,-403.7683434289221,-397.15939185413004,6.608951574792059,0.002131919862836148,0.00307571021368639,0.10477694134536053,13.217903149584117,0.00027728765976224633,-11.21273101648626,90.99999416353539,90.99997359241698,0.9844642539306607,True,True,0.0015951494727415273
core_component_diagnostic_0_20kyr,strong_monsoon_start,Strong monsoon starts,full_after_climate_state,Full predictive model vs climate-state,2.2,same_type_history_count+cheng_log_resolution_scaled+lr04_lag+co2_lag,same_type_history_count+cheng_log_resolution_scaled+lr04_lag+co2_lag+pre_phase_sin_lag+pre_phase_cos_lag,True,3100,91,2,-396.7509298609191,-388.19682818379493,8.554101677124152,0.002759387637781984,0.00398095486091838,0.13561494581150527,17.108203354248303,0.0001927528659047663,-13.091373216879333,90.9999982753427,91.00000858656345,1.3751569260109717,True,True,0.0015254913538662344
core_component_diagnostic_0_20kyr,strong_monsoon_start,Strong monsoon starts,lr04_after_ep_baseline,LR04 vs EP baseline,2.4,same_type_history_count+cheng_log_resolution_scaled,same_type_history_count+cheng_log_resolution_scaled+lr04_after_ep_baseline_lag,True,3100,91,1,-403.7683434289221,-397.36706163565924,6.401281793262854,0.002064929610729953,0.00297906370918488,0.1014845878953091,12.802563586525707,0.0003461447067688089,-10.79739145342785,90.99999416353539,90.99999768484452,0.9514730234360552,True,True,0.00405948425837262
core_component_diagnostic_0_20kyr,strong_monsoon_start,Strong monsoon starts,co2_after_ep_baseline,CO2 vs EP baseline,2.4,same_type_history_count+cheng_log_resolution_scaled,same_type_history_count+cheng_log_resolution_scaled+co2_after_ep_baseline_lag,True,3100,91,1,-403.7683434289221,-396.990348554345,6.777994874577075,0.002186449959540992,0.003154380513781664,0.10745691860135338,13.55598974915415,0.00023155129719868532,-11.550817616056293,90.99999416353539,90.99996824021147,1.0045510041531742,True,True,0.0015951494727415273
core_component_diagnostic_0_20kyr,strong_monsoon_start,Strong monsoon starts,full_after_climate_state,Full predictive model vs climate-state,2.4,same_type_history_count+cheng_log_resolution_scaled+lr04_lag+co2_lag,same_type_history_count+cheng_log_resolution_scaled+lr04_lag+co2_lag+pre_phase_sin_lag+pre_phase_cos_lag,True,3100,91,2,-396.60846707135306,-388.2472678159322,8.361199255420843,0.002697161050135756,0.003891180871509724,0.13255671100747413,16.722398510841685,0.00023376382306877633,-12.705568373472715,90.99996511166756,91.00004075320945,1.3676734548054854,True,True,0.0015254913538662344
core_component_diagnostic_0_20kyr,strong_monsoon_start,Strong monsoon starts,lr04_after_ep_baseline,LR04 vs EP baseline,2.6,same_type_history_count+cheng_log_resolution_scaled,same_type_history_count+cheng_log_resolution_scaled+lr04_after_ep_baseline_lag,True,3100,91,1,-403.7683434289221,-397.42164194617436,6.346701482747733,0.0020473230589508817,0.00295366282424606,0.10061928302376688,12.693402965495466,0.0003669478654965592,-10.688230832397608,90.99999416353539,91.00000139658285,0.9330889971022222,True,True,0.00405948425837262
core_component_diagnostic_0_20kyr,strong_monsoon_start,Strong monsoon starts,co2_after_ep_baseline,CO2 vs EP baseline,2.6,same_type_history_count+cheng_log_resolution_scaled,same_type_history_count+cheng_log_resolution_scaled+co2_after_ep_baseline_lag,True,3100,91,1,-403.7683434289221,-396.8967182295404,6.871625199381697,0.002216653290123128,0.0031979547090308417,0.10894131426368801,13.743250398763394,0.00020957252678970002,-11.738078265665536,90.99999416353539,90.9998801306608,0.9179705270845722,True,True,0.0015951494727415273
core_component_diagnostic_0_20kyr,strong_monsoon_start,Strong monsoon starts,full_after_climate_state,Full predictive model vs climate-state,2.6,same_type_history_count+cheng_log_resolution_scaled+lr04_lag+co2_lag,same_type_history_count+cheng_log_resolution_scaled+lr04_lag+co2_lag+pre_phase_sin_lag+pre_phase_cos_lag,True,3100,91,2,-396.5708733896249,-388.39676111060527,8.174112279019653,0.002636810412586985,0.0038041133060036244,0.12959067306166194,16.348224558039306,0.00028185655715221573,-12.331394420670335,90.99994627036466,90.99985744754571,1.2431335507197208,True,True,0.0015254913538662344
core_component_diagnostic_0_20kyr,strong_monsoon_start,Strong monsoon starts,lr04_after_ep_baseline,LR04 vs EP baseline,2.8,same_type_history_count+cheng_log_resolution_scaled,same_type_history_count+cheng_log_resolution_scaled+lr04_after_ep_baseline_lag,True,3100,91,1,-403.7683434289221,-397.4710337508818,6.297309678040278,0.0020313902187226703,0.0029306765946615436,0.09983623564231632,12.594619356080557,0.0003868588318387726,-10.589447222982699,90.99999416353539,90.99999404875257,0.9199068634160436,True,True,0.00405948425837262
core_component_diagnostic_0_20kyr,strong_monsoon_start,Strong monsoon starts,co2_after_ep_baseline,CO2 vs EP baseline,2.8,same_type_history_count+cheng_log_resolution_scaled,same_type_history_count+cheng_log_resolution_scaled+co2_after_ep_baseline_lag,True,3100,91,1,-403.7683434289221,-396.7825740405259,6.985769388396193,0.0022534739962568363,0.0032510757591719722,0.11075093245530895,13.971538776792386,0.00018559902258766752,-11.966366643694528,90.99999416353539,90.99998532238214,0.9652658238740704,True,True,0.0015951494727415273
core_component_diagnostic_0_20kyr,strong_monsoon_start,Strong monsoon starts,full_after_climate_state,Full predictive model vs climate-state,2.8,same_type_history_count+cheng_log_resolution_scaled+lr04_lag+co2_lag,same_type_history_count+cheng_log_resolution_scaled+lr04_lag+co2_lag+pre_phase_sin_lag+pre_phase_cos_lag,True,3100,91,2,-396.511906379659,-388.50773457358434,8.00417180607468,0.002581990905185381,0.0037250254745313546,0.12689647220930989,16.00834361214936,0.0003340660580084709,-11.99151347478039,91.00002092046296,91.00004605188951,1.2788828181976573,True,True,0.0015254913538662344
core_component_diagnostic_0_20kyr,strong_monsoon_start,Strong monsoon starts,lr04_after_ep_baseline,LR04 vs EP baseline,3.0,same_type_history_count+cheng_log_resolution_scaled,same_type_history_count+cheng_log_resolution_scaled+lr04_after_ep_baseline_lag,True,3100,91,1,-403.7683434289221,-397.50826947471796,6.260073954204131,0.0020193786949045584,0.0029133476288156334,0.09924590823437872,12.520147908408262,0.0004025870177554414,-10.514975775310404,90.99999416353539,91.00000035279072,0.9077747263387151,True,True,0.00405948425837262
core_component_diagnostic_0_20kyr,strong_monsoon_start,Strong monsoon starts,co2_after_ep_baseline,CO2 vs EP baseline,3.0,same_type_history_count+cheng_log_resolution_scaled,same_type_history_count+cheng_log_resolution_scaled+co2_after_ep_baseline_lag,True,3100,91,1,-403.7683434289221,-396.84092502595104,6.927418402971057,0.002234651097732599,0.003223920056815899,0.10982584808933282,13.854836805942114,0.00019748776761368522,-11.849664672844256,90.99999416353539,90.9999957476465,0.9255808269446005,True,True,0.0015951494727415273
core_component_diagnostic_0_20kyr,strong_monsoon_start,Strong monsoon starts,full_after_climate_state,Full predictive model vs climate-state,3.0,same_type_history_count+cheng_log_resolution_scaled+lr04_lag+co2_lag,same_type_history_count+cheng_log_resolution_scaled+lr04_lag+co2_lag+pre_phase_sin_lag+pre_phase_cos_lag,True,3100,91,2,-396.56288250594196,-388.7501450644859,7.812737441456079,0.002520237884340671,0.0036359346975987786,0.12386151167644191,15.625474882912158,0.00040454910119379426,-11.608644745543188,90.99999516206165,91.00003195181506,1.2658798466681633,True,True,0.0015254913538662344
core_component_diagnostic_0_20kyr,strong_monsoon_start,Strong monsoon starts,lr04_after_ep_baseline,LR04 vs EP baseline,3.2,same_type_history_count+cheng_log_resolution_scaled,same_type_history_count+cheng_log_resolution_scaled+lr04_after_ep_baseline_lag,True,3100,91,1,-403.7683434289221,-397.5941629316593,6.174180497262796,0.001991671128149289,0.0028733740596627064,0.09788417126323505,12.348360994525592,0.00044137380233731974,-10.343188861427734,90.99999416353539,90.99998862819555,0.898528891027857,True,True,0.00405948425837262
core_component_diagnostic_0_20kyr,strong_monsoon_start,Strong monsoon starts,co2_after_ep_baseline,CO2 vs EP baseline,3.2,same_type_history_count+cheng_log_resolution_scaled,same_type_history_count+cheng_log_resolution_scaled+co2_after_ep_baseline_lag,True,3100,91,1,-403.7683434289221,-396.67559510832825,7.0927483205938415,0.00228798332922382,0.0033008622027078257,0.11244695415817867,14.185496641187683,0.00016564234678951895,-12.180324508089825,90.99999416353539,90.99998824861814,0.9332376051494322,True,True,0.0015951494727415273
core_component_diagnostic_0_20kyr,strong_monsoon_start,Strong monsoon starts,full_after_climate_state,Full predictive model vs climate-state,3.2,same_type_history_count+cheng_log_resolution_scaled+lr04_lag+co2_lag,same_type_history_count+cheng_log_resolution_scaled+lr04_lag+co2_lag+pre_phase_sin_lag+pre_phase_cos_lag,True,3100,91,2,-396.47523775075274,-388.8069954558987,7.668242294854053,0.002473626546727114,0.0035686887519744996,0.12157071572660383,15.336484589708107,0.00046743872148979486,-11.319654452339137,90.99999525235478,90.99985122304338,1.2364846860287038,True,True,0.0015254913538662344
core_component_diagnostic_0_20kyr,strong_monsoon_start,Strong monsoon starts,lr04_after_ep_baseline,LR04 vs EP baseline,3.4,same_type_history_count+cheng_log_resolution_scaled,same_type_history_count+cheng_log_resolution_scaled+lr04_after_ep_baseline_lag,True,3100,91,1,-403.7683434289221,-397.613270266482,6.15507316244009,0.0019855074717548674,0.002864481783148731,0.09758124755781392,12.31014632488018,0.0004505026545200211,-10.304974191782321,90.99999416353539,90.99999290696717,0.8957863292704867,True,True,0.00405948425837262
core_component_diagnostic_0_20kyr,strong_monsoon_start,Strong monsoon starts,co2_after_ep_baseline,CO2 vs EP baseline,3.4,same_type_history_count+cheng_log_resolution_scaled,same_type_history_count+cheng_log_resolution_scaled+co2_after_ep_baseline_lag,True,3100,91,1,-403.7683434289221,-396.8595129282111,6.908830500711019,0.002228655000229361,0.003215269516683291,0.10953115935954068,13.817661001422039,0.00020143384172966133,-11.81248886832418,90.99999416353539,90.99998607194166,0.9299961493178343,True,True,0.0015951494727415273
core_component_diagnostic_0_20kyr,strong_monsoon_start,Strong monsoon starts,full_after_climate_state,Full predictive model vs climate-state,3.4,same_type_history_count+cheng_log_resolution_scaled+lr04_lag+co2_lag,same_type_history_count+cheng_log_resolution_scaled+lr04_lag+co2_lag+pre_phase_sin_lag+pre_phase_cos_lag,True,3100,91,2,-396.60879989230966,-389.1448079120137,7.463991980295987,0.0024077393484825764,0.0034736336178090364,0.11833257379349466,14.927983960591973,0.0005733627440975634,-10.911153823223003,91.00000909689103,91.00002719508001,1.2514481490804084,True,True,0.0015732919526684694
core_component_diagnostic_0_20kyr,strong_monsoon_start,Strong monsoon starts,lr04_after_ep_baseline,LR04 vs EP baseline,3.6,same_type_history_count+cheng_log_resolution_scaled,same_type_history_count+cheng_log_resolution_scaled+lr04_after_ep_baseline_lag,True,3100,91,1,-403.7683434289221,-397.56375487852733,6.20458855039476,0.002001480177546697,0.002887525526584182,0.09836625420231827,12.40917710078952,0.0004272290885355679,-10.404004967691662,90.99999416353539,90.99999304132083,0.8964281078039912,True,True,0.00405948425837262
core_component_diagnostic_0_20kyr,strong_monsoon_start,Strong monsoon starts,co2_after_ep_baseline,CO2 vs EP baseline,3.6,same_type_history_count+cheng_log_resolution_scaled,same_type_history_count+cheng_log_resolution_scaled+co2_after_ep_baseline_lag,True,3100,91,1,-403.7683434289221,-396.89285469490824,6.875488734013857,0.0022178995916173733,0.003199752742016041,0.1090025659368102,13.750977468027713,0.00020871218393328029,-11.745805334929855,90.99999416353539,90.99998965543094,0.9311640830945895,True,True,0.0015951494727415273
core_component_diagnostic_0_20kyr,strong_monsoon_start,Strong monsoon starts,full_after_climate_state,Full predictive model vs climate-state,3.6,same_type_history_count+cheng_log_resolution_scaled+lr04_lag+co2_lag,same_type_history_count+cheng_log_resolution_scaled+lr04_lag+co2_lag+pre_phase_sin_lag+pre_phase_cos_lag,True,3100,91,2,-396.6073335370736,-389.3337363224382,7.2735972146354015,0.002346321682140452,0.003385026655154281,0.11531409484591507,14.547194429270803,0.0006936124279407986,-10.530364291901833,91.00000788024343,91.00005770976166,1.2196955494029602,True,True,0.0016982548846964896
core_component_diagnostic_0_20kyr,strong_monsoon_start,Strong monsoon starts,lr04_after_ep_baseline,LR04 vs EP baseline,3.8,same_type_history_count+cheng_log_resolution_scaled,same_type_history_count+cheng_log_resolution_scaled+lr04_after_ep_baseline_lag,True,3100,91,1,-403.7683434289221,-397.5768510763844,6.1914923525376935,0.0019972555975928045,0.0028814307460348623,0.09815862980997882,12.382984705075387,0.00043326401505399255,-10.377812571977529,90.99999416353539,90.9999905041706,0.8949098723480184,True,True,0.00405948425837262
core_component_diagnostic_0_20kyr,strong_monsoon_start,Strong monsoon starts,co2_after_ep_baseline,CO2 vs EP baseline,3.8,same_type_history_count+cheng_log_resolution_scaled,same_type_history_count+cheng_log_resolution_scaled+co2_after_ep_baseline_lag,True,3100,91,1,-403.7683434289221,-396.6450017194919,7.1233417094301785,0.0022978521643323155,0.0033150999221782033,0.11293197537090582,14.246683418860357,0.00016034312118744175,-12.241511285762499,90.99999416353539,90.99998566725336,0.8928913003826621,True,True,0.0015951494727415273
core_component_diagnostic_0_20kyr,strong_monsoon_start,Strong monsoon starts,full_after_climate_state,Full predictive model vs climate-state,3.8,same_type_history_count+cheng_log_resolution_scaled+lr04_lag+co2_lag,same_type_history_count+cheng_log_resolution_scaled+lr04_lag+co2_lag+pre_phase_sin_lag+pre_phase_cos_lag,True,3100,91,2,-396.4332465392357,-389.28566680928725,7.147579729948461,0.002305670880628536,0.0033263799454048776,0.11331623989840792,14.295159459896922,0.0007867659649490732,-10.278329322527952,91.00000981466576,91.00002648532084,1.2227150227212347,True,True,0.0017658524991079198
core_component_diagnostic_0_20kyr,strong_monsoon_start,Strong monsoon starts,lr04_after_ep_baseline,LR04 vs EP baseline,4.0,same_type_history_count+cheng_log_resolution_scaled,same_type_history_count+cheng_log_resolution_scaled+lr04_after_ep_baseline_lag,True,3100,91,1,-403.7683434289221,-397.65950798876077,6.108835440161329,0.0019705920774713962,0.002842963417783064,0.09684820434206041,12.217670880322657,0.00047338991917610063,-10.2124987472248,90.99999416353539,90.99998714100057,0.883068861041944,True,True,0.00405948425837262
core_component_diagnostic_0_20kyr,strong_monsoon_start,Strong monsoon starts,co2_after_ep_baseline,CO2 vs EP baseline,4.0,same_type_history_count+cheng_log_resolution_scaled,same_type_history_count+cheng_log_resolution_scaled+co2_after_ep_baseline_lag,True,3100,91,1,-403.7683434289221,-396.53952376817006,7.228819660752038,0.002331877309920012,0.003364187830983098,0.11460420083568795,14.457639321504075,0.00014334726145886315,-12.452467188406217,90.99999416353539,90.99998514426028,0.9329664901959299,True,True,0.0015951494727415273
core_component_diagnostic_0_20kyr,strong_monsoon_start,Strong monsoon starts,full_after_climate_state,Full predictive model vs climate-state,4.0,same_type_history_count+cheng_log_resolution_scaled+lr04_lag+co2_lag,same_type_history_count+cheng_log_resolution_scaled+lr04_lag+co2_lag+pre_phase_sin_lag+pre_phase_cos_lag,True,3100,91,2,-396.37706836474024,-389.347197405487,7.0298709592532305,0.002267700309436526,0.003271599990646444,0.11145010957147226,14.059741918506461,0.000885045980221667,-10.04291178113749,90.99999311106589,91.00001078023317,1.1464733821627318,True,True,0.001829911368061494
core_component_diagnostic_0_20kyr,strong_monsoon_start,Strong monsoon starts,lr04_after_ep_baseline,LR04 vs EP baseline,4.2,same_type_history_count+cheng_log_resolution_scaled,same_type_history_count+cheng_log_resolution_scaled+lr04_after_ep_baseline_lag,True,3100,91,1,-403.7683434289221,-397.76227501384017,6.006068415081927,0.0019374414242199765,0.0027951371347350105,0.09521895733712672,12.012136830163854,0.0005285522307014126,-10.006964697065996,90.99999416353539,90.99998703355845,0.8635437583726302,True,True,0.004106444253910975
core_component_diagnostic_0_20kyr,strong_monsoon_start,Strong monsoon starts,co2_after_ep_baseline,CO2 vs EP baseline,4.2,same_type_history_count+cheng_log_resolution_scaled,same_type_history_count+cheng_log_resolution_scaled+co2_after_ep_baseline_lag,True,3100,91,1,-403.7683434289221,-396.71573374507705,7.0526096838450485,0.0022750353818854997,0.0032821822632931393,0.11181060457372231,14.105219367690097,0.00017286345673984363,-12.100047234592239,90.99999416353539,90.99998783495873,0.930719515229224,True,True,0.0015951494727415273
core_component_diagnostic_0_20kyr,strong_monsoon_start,Strong monsoon starts,full_after_climate_state,Full predictive model vs climate-state,4.2,same_type_history_count+cheng_log_resolution_scaled+lr04_lag+co2_lag,same_type_history_count+cheng_log_resolution_scaled+lr04_lag+co2_lag+pre_phase_sin_lag+pre_phase_cos_lag,True,3100,91,2,-396.5381712465241,-389.65607623934136,6.882095007182727,0.002220030647478299,0.0032028272057384568,0.10910730041526612,13.764190014365454,0.0010259923307308176,-9.747359876996484,91.00005815771897,90.99993687360765,1.1371160876782604,True,True,0.001955192932147407
core_component_diagnostic_0_20kyr,strong_monsoon_start,Strong monsoon starts,lr04_after_ep_baseline,LR04 vs EP baseline,4.4,same_type_history_count+cheng_log_resolution_scaled,same_type_history_count+cheng_log_resolution_scaled+lr04_after_ep_baseline_lag,True,3100,91,1,-403.7683434289221,-397.93467392139473,5.833669507527361,0.001881828873395923,0.0027149051834499628,0.09248578097466907,11.667339015054722,0.0006360692262395881,-9.662166881956864,90.99999416353539,90.99999211649671,0.8424934864177656,True,True,0.004256716558007277
core_component_diagnostic_0_20kyr,strong_monsoon_start,Strong monsoon starts,co2_after_ep_baseline,CO2 vs EP baseline,4.4,same_type_history_count+cheng_log_resolution_scaled,same_type_history_count+cheng_log_resolution_scaled+co2_after_ep_baseline_lag,True,3100,91,1,-403.7683434289221,-397.1442299086326,6.624113520289484,0.002136810812996608,0.0030827663632281206,0.10501731567040849,13.248227040578968,0.0002728378027768803,-11.24305490748111,90.99999416353539,90.99998512814736,0.9428713650570324,True,True,0.0015951494727415273
core_component_diagnostic_0_20kyr,strong_monsoon_start,Strong monsoon starts,full_after_climate_state,Full predictive model vs climate-state,4.4,same_type_history_count+cheng_log_resolution_scaled+lr04_lag+co2_lag,same_type_history_count+cheng_log_resolution_scaled+lr04_lag+co2_lag+pre_phase_sin_lag+pre_phase_cos_lag,True,3100,91,2,-396.90519450852855,-390.1695647028452,6.735629805683345,0.00217278380828495,0.0031346644251365337,0.10678527162553027,13.47125961136669,0.0011878268644190642,-9.45442947399772,90.99999621516898,91.00000391172364,1.1290365057617338,True,True,0.002048070120869501
core_component_diagnostic_0_20kyr,strong_monsoon_start,Strong monsoon starts,lr04_after_ep_baseline,LR04 vs EP baseline,4.6,same_type_history_count+cheng_log_resolution_scaled,same_type_history_count+cheng_log_resolution_scaled+lr04_after_ep_baseline_lag,True,3100,91,1,-403.7683434289221,-398.24376365487785,5.524579774044241,0.0017821225077562068,0.002571059304196483,0.08758553673636371,11.049159548088483,0.0008872741130246704,-9.043987414990625,90.99999416353539,90.99999426926601,0.8174404038091488,True,True,0.004256716558007277
core_component_diagnostic_0_20kyr,strong_monsoon_start,Strong monsoon starts,co2_after_ep_baseline,CO2 vs EP baseline,4.6,same_type_history_count+cheng_log_resolution_scaled,same_type_history_count+cheng_log_resolution_scaled+co2_after_ep_baseline_lag,True,3100,91,1,-403.7683434289221,-397.2547814282882,6.513562000633897,0.0021011490324625475,0.0030313172893023607,0.1032646549103002,13.027124001267794,0.00030701167270126166,-11.021951868169936,90.99999416353539,90.99999381725922,0.9181914549193734,True,True,0.0016320094180435488
core_component_diagnostic_0_20kyr,strong_monsoon_start,Strong monsoon starts,full_after_climate_state,Full predictive model vs climate-state,4.6,same_type_history_count+cheng_log_resolution_scaled+lr04_lag+co2_lag,same_type_history_count+cheng_log_resolution_scaled+lr04_lag+co2_lag+pre_phase_sin_lag+pre_phase_cos_lag,True,3100,91,2,-397.0894924449832,-390.40614105505153,6.683351389931659,0.002155919803203761,0.003110334808636376,0.10595646051398644,13.366702779863317,0.0012515764153695531,-9.349872642494347,91.0000046397641,91.00000908894532,1.0974893716494996,True,True,0.002048070120869501
core_component_diagnostic_0_20kyr,strong_monsoon_start,Strong monsoon starts,lr04_after_ep_baseline,LR04 vs EP baseline,4.8,same_type_history_count+cheng_log_resolution_scaled,same_type_history_count+cheng_log_resolution_scaled+lr04_after_ep_baseline_lag,True,3100,91,1,-403.7683434289221,-398.58371457225314,5.184628856668951,0.0016724609215061131,0.0024128510775374553,0.08219602571830892,10.369257713337902,0.001281310545422807,-8.364085580240044,90.99999416353539,90.9999888714249,0.7924406425369735,True,True,0.00517649460350814
core_component_diagnostic_0_20kyr,strong_monsoon_start,Strong monsoon starts,co2_after_ep_baseline,CO2 vs EP baseline,4.8,same_type_history_count+cheng_log_resolution_scaled,same_type_history_count+cheng_log_resolution_scaled+co2_after_ep_baseline_lag,True,3100,91,1,-403.7683434289221,-397.12206054875554,6.646282880166552,0.0021439622194085652,0.0030930836617940327,0.10536878408309343,13.292565760333105,0.00026646057854409923,-11.287393627235247,90.99999416353539,90.99999010504379,0.8727569663245769,True,True,0.0015951494727415273
core_component_diagnostic_0_20kyr,strong_monsoon_start,Strong monsoon starts,full_after_climate_state,Full predictive model vs climate-state,4.8,same_type_history_count+cheng_log_resolution_scaled+lr04_lag+co2_lag,same_type_history_count+cheng_log_resolution_scaled+lr04_lag+co2_lag+pre_phase_sin_lag+pre_phase_cos_lag,True,3100,91,2,-397.06665019904824,-390.37062914283626,6.6960210562119755,0.0021600067923264435,0.0031162310875758378,0.1061573227635725,13.392042112423951,0.0012358193887732896,-9.375211975054981,90.9999993800883,90.99995817773122,1.1009048932016685,True,True,0.002048070120869501
core_component_diagnostic_0_20kyr,strong_monsoon_start,Strong monsoon starts,lr04_after_ep_baseline,LR04 vs EP baseline,5.0,same_type_history_count+cheng_log_resolution_scaled,same_type_history_count+cheng_log_resolution_scaled+lr04_after_ep_baseline_lag,True,3100,91,1,-403.7683434289221,-398.869028162492,4.899315266430108,0.0015804242794935832,0.0022800702705259054,0.07767272350143195,9.798630532860216,0.001746418777961722,-7.793458399762358,90.99999416353539,90.99999309846015,0.7730833147880638,True,True,0.006784165252851304
core_component_diagnostic_0_20kyr,strong_monsoon_start,Strong monsoon starts,co2_after_ep_baseline,CO2 vs EP baseline,5.0,same_type_history_count+cheng_log_resolution_scaled,same_type_history_count+cheng_log_resolution_scaled+co2_after_ep_baseline_lag,True,3100,91,1,-403.7683434289221,-397.53762714024504,6.230716288677058,0.0020099084802184058,0.0028996849970517676,0.09878047792154372,12.461432577354117,0.0004154411977386239,-10.456260444256259,90.99999416353539,90.99999863009538,0.8862327655568218,True,True,0.002097978048580051
core_component_diagnostic_0_20kyr,strong_monsoon_start,Strong monsoon starts,full_after_climate_state,Full predictive model vs climate-state,5.0,same_type_history_count+cheng_log_resolution_scaled+lr04_lag+co2_lag,same_type_history_count+cheng_log_resolution_scaled+lr04_lag+co2_lag+pre_phase_sin_lag+pre_phase_cos_lag,True,3100,91,2,-397.474248791289,-390.83265852940474,6.641590261884289,0.002142448471575577,0.0030908997853022245,0.10529438829051535,13.283180523768578,0.0013049503800451367,-9.266350386399608,91.00007532378753,91.00001839236839,1.036872359466951,True,True,0.002048070120869501
core_component_diagnostic_0_20kyr,strong_monsoon_start,Strong monsoon starts,lr04_after_ep_baseline,LR04 vs EP baseline,5.2,same_type_history_count+cheng_log_resolution_scaled,same_type_history_count+cheng_log_resolution_scaled+lr04_after_ep_baseline_lag,True,3100,91,1,-403.7683434289221,-399.14394455580447,4.624398873117627,0.0014917415719734282,0.0021521281681739714,0.07331425627845398,9.248797746235255,0.0023565008161325154,-7.243625613137397,90.99999416353539,91.00000142210413,0.7570235150151823,True,True,0.008815058608495706
core_component_diagnostic_0_20kyr,strong_monsoon_start,Strong monsoon starts,co2_after_ep_baseline,CO2 vs EP baseline,5.2,same_type_history_count+cheng_log_resolution_scaled,same_type_history_count+cheng_log_resolution_scaled+co2_after_ep_baseline_lag,True,3100,91,1,-403.7683434289221,-398.06410317925713,5.704240249664963,0.0018400774998919235,0.0026546706839454402,0.09043383648605346,11.408480499329926,0.0007310960345724625,-9.403308366232068,90.99999416353539,91.00000234015047,0.8680534220256901,True,True,0.0031605851776574712
core_component_diagnostic_0_20kyr,strong_monsoon_start,Strong monsoon starts,full_after_climate_state,Full predictive model vs climate-state,5.2,same_type_history_count+cheng_log_resolution_scaled+lr04_lag+co2_lag,same_type_history_count+cheng_log_resolution_scaled+lr04_lag+co2_lag+pre_phase_sin_lag+pre_phase_cos_lag,True,3100,91,2,-397.9694489486465,-391.3876322301467,6.581816718499795,0.0021231666833870307,0.003063082045103137,0.10434675098702995,13.16363343699959,0.0013853302522355544,-9.14680329963062,91.00000070159848,91.000049911064,1.0130255178040217,True,True,0.002048070120869501
core_component_diagnostic_0_20kyr,strong_monsoon_start,Strong monsoon starts,lr04_after_ep_baseline,LR04 vs EP baseline,5.4,same_type_history_count+cheng_log_resolution_scaled,same_type_history_count+cheng_log_resolution_scaled+lr04_after_ep_baseline_lag,True,3100,91,1,-403.7683434289221,-399.41322968425015,4.3551137446719395,0.0014048754015070772,0.0020268067748211516,0.06904506595544582,8.710227489343879,0.0031642971813611647,-6.705055356246021,90.99999416353539,91.0000169645487,0.7411656620501336,True,True,0.011414071975624203
core_component_diagnostic_0_20kyr,strong_monsoon_start,Strong monsoon starts,co2_after_ep_baseline,CO2 vs EP baseline,5.4,same_type_history_count+cheng_log_resolution_scaled,same_type_history_count+cheng_log_resolution_scaled+co2_after_ep_baseline_lag,True,3100,91,1,-403.7683434289221,-398.2670770882967,5.5012663406254205,0.001774602045363039,0.0025602095703966673,0.08721593042010625,11.002532681250841,0.0009098747216536338,-8.997360548152983,90.99999416353539,91.00000801254252,0.8825191746468283,True,True,0.00340360544025989
core_component_diagnostic_0_20kyr,strong_monsoon_start,Strong monsoon starts,full_after_climate_state,Full predictive model vs climate-state,5.4,same_type_history_count+cheng_log_resolution_scaled+lr04_lag+co2_lag,same_type_history_count+cheng_log_resolution_scaled+lr04_lag+co2_lag+pre_phase_sin_lag+pre_phase_cos_lag,True,3100,91,2,-398.19845905995305,-391.6203476662667,6.578111393686356,0.0021219714173181794,0.0030613576406730626,0.10428800753941202,13.156222787372712,0.0013904728724493422,-9.139392650003742,91.00018825782671,90.99995271861617,1.027282126990257,True,True,0.002048070120869501
core_component_diagnostic_0_20kyr,strong_monsoon_start,Strong monsoon starts,lr04_after_ep_baseline,LR04 vs EP baseline,5.6,same_type_history_count+cheng_log_resolution_scaled,same_type_history_count+cheng_log_resolution_scaled+lr04_after_ep_baseline_lag,True,3100,91,1,-403.7683434289221,-399.5929905497319,4.1753528791902,0.0013468880255452257,0.0019431486750868248,0.06619517464581491,8.3507057583804,0.0038553754889676536,-6.345533625282542,90.99999416353539,91.00002311424564,0.7284600457951386,True,True,0.01342734222019769
core_component_diagnostic_0_20kyr,strong_monsoon_start,Strong monsoon starts,co2_after_ep_baseline,CO2 vs EP baseline,5.6,same_type_history_count+cheng_log_resolution_scaled,same_type_history_count+cheng_log_resolution_scaled+co2_after_ep_baseline_lag,True,3100,91,1,-403.7683434289221,-398.34730057365005,5.421042855272049,0.0017487235017006608,0.002522874723789526,0.08594408399722563,10.842085710544097,0.0009921891095761059,-8.83691357744624,90.99999416353539,91.00001064577063,0.8627718297139296,True,True,0.0035025072471150795
core_component_diagnostic_0_20kyr,strong_monsoon_start,Strong monsoon starts,full_after_climate_state,Full predictive model vs climate-state,5.6,same_type_history_count+cheng_log_resolution_scaled+lr04_lag+co2_lag,same_type_history_count+cheng_log_resolution_scaled+lr04_lag+co2_lag+pre_phase_sin_lag+pre_phase_cos_lag,True,3100,91,2,-398.3016993069316,-391.7298279610024,6.571871345929196,0.0021199584986868374,0.0030584536129459124,0.10418907912233329,13.143742691858392,0.001399176617227679,-9.126912554489422,91.00000447160912,91.0000038547698,1.001998660491915,True,True,0.002048070120869501
core_component_diagnostic_0_20kyr,strong_monsoon_start,Strong monsoon starts,lr04_after_ep_baseline,LR04 vs EP baseline,5.8,same_type_history_count+cheng_log_resolution_scaled,same_type_history_count+cheng_log_resolution_scaled+lr04_after_ep_baseline_lag,True,3100,91,1,-403.7683434289221,-399.74932146260005,4.019021966322043,0.0012964586988135623,0.0018703945354956845,0.06371673692347936,8.038043932644086,0.004580497262785919,-6.032871799546228,90.99999416353539,91.00000298597988,0.7164022404607053,True,True,0.01542100745137926
core_component_diagnostic_0_20kyr,strong_monsoon_start,Strong monsoon starts,co2_after_ep_baseline,CO2 vs EP baseline,5.8,same_type_history_count+cheng_log_resolution_scaled,same_type_history_count+cheng_log_resolution_scaled+co2_after_ep_baseline_lag,True,3100,91,1,-403.7683434289221,-398.89909572233216,4.869247706589931,0.0015707250666419132,0.002266077264244275,0.07719603867205772,9.738495413179862,0.0018044854091479403,-7.733323280082004,90.99999416353539,90.9999287960485,0.8169642620614337,True,True,0.004796132271682683
core_component_diagnostic_0_20kyr,strong_monsoon_start,Strong monsoon starts,full_after_climate_state,Full predictive model vs climate-state,5.8,same_type_history_count+cheng_log_resolution_scaled+lr04_lag+co2_lag,same_type_history_count+cheng_log_resolution_scaled+lr04_lag+co2_lag+pre_phase_sin_lag+pre_phase_cos_lag,True,3100,91,2,-398.7888241567208,-392.28463286016876,6.504191296552051,0.00209812622469421,0.0030269562995254196,0.10311609372009671,13.008382593104102,0.0014971510204750326,-8.991552455735132,90.9998131912951,91.00001824001507,0.9439906764357938,True,True,0.0021601750438282616
core_component_diagnostic_0_20kyr,strong_monsoon_start,Strong monsoon starts,lr04_after_ep_baseline,LR04 vs EP baseline,6.0,same_type_history_count+cheng_log_resolution_scaled,same_type_history_count+cheng_log_resolution_scaled+lr04_after_ep_baseline_lag,True,3100,91,1,-403.7683434289221,-399.95000469139154,3.818338737530553,0.0012317221733969526,0.0017769994713127592,0.06053514682494015,7.636677475061106,0.005719317027535752,-5.631505341963248,90.99999416353539,90.99999695271421,0.7032368967565638,True,True,0.018633903863906807
core_component_diagnostic_0_20kyr,strong_monsoon_start,Strong monsoon starts,co2_after_ep_baseline,CO2 vs EP baseline,6.0,same_type_history_count+cheng_log_resolution_scaled,same_type_history_count+cheng_log_resolution_scaled+co2_after_ep_baseline_lag,True,3100,91,1,-403.7683434289221,-398.39953725571144,5.368806173210658,0.0017318729591002122,0.002498564529543571,0.08511593452291286,10.737612346421315,0.0010497969791765883,-8.732440213323457,90.99999416353539,91.00001071718411,0.8354505140348296,True,True,0.0035025072471150795
core_component_diagnostic_0_20kyr,strong_monsoon_start,Strong monsoon starts,full_after_climate_state,Full predictive model vs climate-state,6.0,same_type_history_count+cheng_log_resolution_scaled+lr04_lag+co2_lag,same_type_history_count+cheng_log_resolution_scaled+lr04_lag+co2_lag+pre_phase_sin_lag+pre_phase_cos_lag,True,3100,91,2,-398.3935634040499,-391.798388999237,6.595174404812951,0.0021274756144557907,0.0030692985185875694,0.10455852096287324,13.190348809625903,0.001366948487526813,-9.173518672256932,90.9999573450864,90.99992183265117,0.9660148317625842,True,True,0.002048070120869501
core_component_diagnostic_0_20kyr,strong_monsoon_start,Strong monsoon starts,lr04_after_ep_baseline,LR04 vs EP baseline,6.2,same_type_history_count+cheng_log_resolution_scaled,same_type_history_count+cheng_log_resolution_scaled+lr04_after_ep_baseline_lag,True,3100,91,1,-403.7683434289221,-400.131800224994,3.636543203928113,0.0011730784528800366,0.0016923944665437265,0.05765299831083024,7.273086407856226,0.006999542330297053,-5.267914274758368,90.99999416353539,91.00000679666984,0.6914900230633564,True,True,0.022092305480000074
core_component_diagnostic_0_20kyr,strong_monsoon_start,Strong monsoon starts,co2_after_ep_baseline,CO2 vs EP baseline,6.2,same_type_history_count+cheng_log_resolution_scaled,same_type_history_count+cheng_log_resolution_scaled+co2_after_ep_baseline_lag,True,3100,91,1,-403.7683434289221,-398.3998118153032,5.36853161361887,0.0017317843914899582,0.002498436753491474,0.08511158171234691,10.73706322723774,0.0010501085416192832,-8.731891094139883,90.99999416353539,90.99996539671412,0.845481977961372,True,True,0.0035025072471150795
core_component_diagnostic_0_20kyr,strong_monsoon_start,Strong monsoon starts,full_after_climate_state,Full predictive model vs climate-state,6.2,same_type_history_count+cheng_log_resolution_scaled+lr04_lag+co2_lag,same_type_history_count+cheng_log_resolution_scaled+lr04_lag+co2_lag+pre_phase_sin_lag+pre_phase_cos_lag,True,3100,91,2,-398.3997952539152,-391.7695873223897,6.63020793152549,0.002138776752104997,0.0030856026138304828,0.10511393519642304,13.26041586305098,0.0013198886110331205,-9.24358572568201,91.00008792157072,90.99981175906694,0.978897067287247,True,True,0.002048070120869501
core_component_diagnostic_0_20kyr,strong_monsoon_start,Strong monsoon starts,lr04_after_ep_baseline,LR04 vs EP baseline,6.4,same_type_history_count+cheng_log_resolution_scaled,same_type_history_count+cheng_log_resolution_scaled+lr04_after_ep_baseline_lag,True,3100,91,1,-403.7683434289221,-400.28611105862143,3.4822323703006646,0.0011233007646131176,0.0016205804425341256,0.05520658650390977,6.964464740601329,0.008314430132292753,-4.959292607503471,90.99999416353539,91.00000339646749,0.6810806042521219,True,True,0.02544719525338085
core_component_diagnostic_0_20kyr,strong_monsoon_start,Strong monsoon starts,co2_after_ep_baseline,CO2 vs EP baseline,6.4,same_type_history_count+cheng_log_resolution_scaled,same_type_history_count+cheng_log_resolution_scaled+co2_after_ep_baseline_lag,True,3100,91,1,-403.7683434289221,-398.5614731866232,5.206870242298919,0.0016796355620319094,0.0024232018958441825,0.08254863601227436,10.413740484597838,0.0012508113513264641,-8.40856835149998,90.99999416353539,90.99999729241152,0.8550480160338015,True,True,0.003715645484822732
core_component_diagnostic_0_20kyr,strong_monsoon_start,Strong monsoon starts,full_after_climate_state,Full predictive model vs climate-state,6.4,same_type_history_count+cheng_log_resolution_scaled+lr04_lag+co2_lag,same_type_history_count+cheng_log_resolution_scaled+lr04_lag+co2_lag+pre_phase_sin_lag+pre_phase_cos_lag,True,3100,91,2,-398.56103813956224,-391.923432498993,6.637605640569234,0.002141163109861043,0.003089045400330918,0.10523121693434996,13.275211281138468,0.0013101604864014813,-9.258381143769498,91.00002981851742,91.00029597135361,0.9939382691739358,True,True,0.002048070120869501
core_component_diagnostic_0_20kyr,strong_monsoon_start,Strong monsoon starts,lr04_after_ep_baseline,LR04 vs EP baseline,6.6,same_type_history_count+cheng_log_resolution_scaled,same_type_history_count+cheng_log_resolution_scaled+lr04_after_ep_baseline_lag,True,3100,91,1,-403.7683434289221,-400.47036393048086,3.2979794984412365,0.0010638643543358828,0.0015348318281789171,0.052285479861040034,6.595958996882473,0.010221048632608956,-4.590786863784615,90.99999416353539,90.99999554038303,0.6699004045952889,True,True,0.030362526820397195
core_component_diagnostic_0_20kyr,strong_monsoon_start,Strong monsoon starts,co2_after_ep_baseline,CO2 vs EP baseline,6.6,same_type_history_count+cheng_log_resolution_scaled,same_type_history_count+cheng_log_resolution_scaled+co2_after_ep_baseline_lag,True,3100,91,1,-403.7683434289221,-398.6630589151514,5.105284513770698,0.0016468659721840962,0.002375925371078777,0.08093811703674955,10.210569027541396,0.0013963808216607624,-8.205396894443538,90.99999416353539,90.9999276376586,0.8268365523252488,True,True,0.004029556085363914
core_component_diagnostic_0_20kyr,strong_monsoon_start,Strong monsoon starts,full_after_climate_state,Full predictive model vs climate-state,6.6,same_type_history_count+cheng_log_resolution_scaled+lr04_lag+co2_lag,same_type_history_count+cheng_log_resolution_scaled+lr04_lag+co2_lag+pre_phase_sin_lag+pre_phase_cos_lag,True,3100,91,2,-398.65758771167464,-391.98738821038836,6.670199501286277,0.0021516772584794443,0.003104214110401855,0.10574795321149175,13.340399002572553,0.001268145729064841,-9.323568865203583,90.99999581722882,91.00010971026609,0.9422887057461963,True,True,0.002048070120869501
core_component_diagnostic_0_20kyr,strong_monsoon_start,Strong monsoon starts,lr04_after_ep_baseline,LR04 vs EP baseline,6.8,same_type_history_count+cheng_log_resolution_scaled,same_type_history_count+cheng_log_resolution_scaled+lr04_after_ep_baseline_lag,True,3100,91,1,-403.7683434289221,-400.6640508687215,3.1042925602005766,0.0010013846968388957,0.001444692736151573,0.04921480749527336,6.208585120401153,0.012713220282036801,-4.203412987303295,90.99999416353539,90.9999979431057,0.6585238226007102,True,True,0.036686721385306195
core_component_diagnostic_0_20kyr,strong_monsoon_start,Strong monsoon starts,co2_after_ep_baseline,CO2 vs EP baseline,6.8,same_type_history_count+cheng_log_resolution_scaled,same_type_history_count+cheng_log_resolution_scaled+co2_after_ep_baseline_lag,True,3100,91,1,-403.7683434289221,-398.4215081441899,5.346835284732208,0.001724785575720067,0.002488339596688157,0.08476761263443171,10.693670569464416,0.0010750269768373016,-8.688498436366558,90.99999416353539,90.99996457466031,0.8673604476160287,True,True,0.0035025072471150795
core_component_diagnostic_0_20kyr,strong_monsoon_start,Strong monsoon starts,full_after_climate_state,Full predictive model vs climate-state,6.8,same_type_history_count+cheng_log_resolution_scaled+lr04_lag+co2_lag,same_type_history_count+cheng_log_resolution_scaled+lr04_lag+co2_lag+pre_phase_sin_lag+pre_phase_cos_lag,True,3100,91,2,-398.3600373333337,-391.60731681989694,6.7527205134367705,0.002178296939818313,0.003142618192659485,0.1070562241455429,13.505441026873541,0.001167698556076594,-9.48861088950457,91.0000032708866,90.99998423532557,0.9835300056170065,True,True,0.002048070120869501
core_component_diagnostic_0_20kyr,strong_monsoon_start,Strong monsoon starts,lr04_after_ep_baseline,LR04 vs EP baseline,7.0,same_type_history_count+cheng_log_resolution_scaled,same_type_history_count+cheng_log_resolution_scaled+lr04_after_ep_baseline_lag,True,3100,91,1,-403.7683434289221,-400.84636130358336,2.9219821253387295,0.0009425748791415256,0.0013598481038039933,0.0463244958438723,5.843964250677459,0.0156305716414251,-3.838792117579601,90.99999416353539,90.9999987250185,0.6464512427934989,True,True,0.043852437105109304
core_component_diagnostic_0_20kyr,strong_monsoon_start,Strong monsoon starts,co2_after_ep_baseline,CO2 vs EP baseline,7.0,same_type_history_count+cheng_log_resolution_scaled,same_type_history_count+cheng_log_resolution_scaled+co2_after_ep_baseline_lag,True,3100,91,1,-403.7683434289221,-398.47690500461505,5.291438424307046,0.0017069156207442082,0.002462558701263576,0.08388936235073721,10.582876848614092,0.0011413990359740605,-8.577704715516234,90.99999416353539,90.9999030639857,0.8433566888448415,True,True,0.0035120884343344968
core_component_diagnostic_0_20kyr,strong_monsoon_start,Strong monsoon starts,full_after_climate_state,Full predictive model vs climate-state,7.0,same_type_history_count+cheng_log_resolution_scaled+lr04_lag+co2_lag,same_type_history_count+cheng_log_resolution_scaled+lr04_lag+co2_lag+pre_phase_sin_lag+pre_phase_cos_lag,True,3100,91,2,-398.3743753557851,-391.56921785871054,6.8051574970745605,0.0021952120958305035,0.0031670216043541356,0.1078875491593167,13.610314994149121,0.0011080456434294946,-9.593484856780151,91.00000208164991,90.99997745611851,0.9608836452166393,True,True,0.0020347747270250717
core_component_diagnostic_0_20kyr,strong_monsoon_start,Strong monsoon starts,lr04_after_ep_baseline,LR04 vs EP baseline,7.2,same_type_history_count+cheng_log_resolution_scaled,same_type_history_count+cheng_log_resolution_scaled+lr04_after_ep_baseline_lag,True,3100,91,1,-403.7683434289221,-401.0673256284731,2.7010178004489944,0.000871296064660966,0.0012570145116324453,0.04282137347319319,5.402035600897989,0.020113279619918996,-3.396863467800131,90.99999416353539,90.9999908550927,0.6319156104718819,True,True,0.05490381734085996
core_component_diagnostic_0_20kyr,strong_monsoon_start,Strong monsoon starts,co2_after_ep_baseline,CO2 vs EP baseline,7.2,same_type_history_count+cheng_log_resolution_scaled,same_type_history_count+cheng_log_resolution_scaled+co2_after_ep_baseline_lag,True,3100,91,1,-403.7683434289221,-398.7634081467395,5.0049352821826005,0.001614495252316968,0.0023292242940564653,0.07934720122609937,10.009870564365201,0.0015570346493859663,-8.004698431267343,90.99999416353539,90.99989773429706,0.8130525686296011,True,True,0.004368347210777295
core_component_diagnostic_0_20kyr,strong_monsoon_start,Strong monsoon starts,full_after_climate_state,Full predictive model vs climate-state,7.2,same_type_history_count+cheng_log_resolution_scaled+lr04_lag+co2_lag,same_type_history_count+cheng_log_resolution_scaled+lr04_lag+co2_lag+pre_phase_sin_lag+pre_phase_cos_lag,True,3100,91,2,-398.6481830357544,-391.7903356123337,6.857847423420708,0.0022122088462647443,0.003191542731916842,0.10872288427409023,13.715694846841416,0.0010511742320538856,-9.698864709472446,91.00001412411825,91.0000132301361,0.8896243189069705,True,True,0.001966085137730416
core_component_diagnostic_0_20kyr,strong_monsoon_start,Strong monsoon starts,lr04_after_ep_baseline,LR04 vs EP baseline,7.4,same_type_history_count+cheng_log_resolution_scaled,same_type_history_count+cheng_log_resolution_scaled+lr04_after_ep_baseline_lag,True,3100,91,1,-403.7683434289221,-401.2768021934696,2.4915412354524733,0.0008037229791782172,0.0011595271563089177,0.039500375654479614,4.983082470904947,0.025596337530434766,-2.9779103378070886,90.99999416353539,90.99999582115913,0.6179214426134484,True,True,0.06803237080457661
core_component_diagnostic_0_20kyr,strong_monsoon_start,Strong monsoon starts,co2_after_ep_baseline,CO2 vs EP baseline,7.4,same_type_history_count+cheng_log_resolution_scaled,same_type_history_count+cheng_log_resolution_scaled+co2_after_ep_baseline_lag,True,3100,91,1,-403.7683434289221,-398.84002223418065,4.928321194741443,0.0015897810305617558,0.0022935692088907906,0.07813257744573023,9.856642389482886,0.0016921966019552558,-7.851470256385028,90.99999416353539,90.99999558635523,0.8406520590830435,True,True,0.004619239372904887
core_component_diagnostic_0_20kyr,strong_monsoon_start,Strong monsoon starts,full_after_climate_state,Full predictive model vs climate-state,7.4,same_type_history_count+cheng_log_resolution_scaled+lr04_lag+co2_lag,same_type_history_count+cheng_log_resolution_scaled+lr04_lag+co2_lag+pre_phase_sin_lag+pre_phase_cos_lag,True,3100,91,2,-398.65814287113665,-391.7289964360257,6.929146435110965,0.00223520852745515,0.0032247242579122675,0.10985324395085747,13.85829287022193,0.0009788360119720144,-9.84146273285296,91.00001031813632,90.99997420090367,0.949311238162115,True,True,0.0019344615675317598
core_component_diagnostic_0_20kyr,strong_monsoon_start,Strong monsoon starts,lr04_after_ep_baseline,LR04 vs EP baseline,7.6,same_type_history_count+cheng_log_resolution_scaled,same_type_history_count+cheng_log_resolution_scaled+lr04_after_ep_baseline_lag,True,3100,91,1,-403.7683434289221,-401.4732041688666,2.295139260055521,0.0007403675032437165,0.0010681245253650533,0.03638665965529302,4.590278520111042,0.03215378887086837,-2.585106387013184,90.99999416353539,90.99999247763044,0.6045993240054115,True,True,0.07903879311895594
core_component_diagnostic_0_20kyr,strong_monsoon_start,Strong monsoon starts,co2_after_ep_baseline,CO2 vs EP baseline,7.6,same_type_history_count+cheng_log_resolution_scaled,same_type_history_count+cheng_log_resolution_scaled+co2_after_ep_baseline_lag,True,3100,91,1,-403.7683434289221,-399.1756662954562,4.592677133465884,0.0014815087527309302,0.0021373653305985065,0.0728113464269821,9.185354266931768,0.002439593091570078,-7.18018213383391,90.99999416353539,90.99999542010482,0.8460950498328363,True,True,0.006317920570476356
core_component_diagnostic_0_20kyr,strong_monsoon_start,Strong monsoon starts,full_after_climate_state,Full predictive model vs climate-state,7.6,same_type_history_count+cheng_log_resolution_scaled+lr04_lag+co2_lag,same_type_history_count+cheng_log_resolution_scaled+lr04_lag+co2_lag+pre_phase_sin_lag+pre_phase_cos_lag,True,3100,91,2,-398.99763067186524,-392.0184544177767,6.979176254088543,0.00225134717873824,0.0032480074100850174,0.11064640627762147,13.958352508177086,0.000931069852383717,-9.941522370808116,91.00002318790465,91.00003537198046,0.9546086120484086,True,True,0.0018807611018151083
core_component_diagnostic_0_20kyr,strong_monsoon_start,Strong monsoon starts,lr04_after_ep_baseline,LR04 vs EP baseline,7.8,same_type_history_count+cheng_log_resolution_scaled,same_type_history_count+cheng_log_resolution_scaled+lr04_after_ep_baseline_lag,True,3100,91,1,-403.7683434289221,-401.67610324373913,2.092240185182959,0.0006749161887686964,0.0009736982385522779,0.03316993999463804,4.184480370365918,0.040795717155592666,-2.17930823726806,90.99999416353539,90.999998251784,0.591265306689576,True,True,0.07903879311895594
core_component_diagnostic_0_20kyr,strong_monsoon_start,Strong monsoon starts,co2_after_ep_baseline,CO2 vs EP baseline,7.8,same_type_history_count+cheng_log_resolution_scaled,same_type_history_count+cheng_log_resolution_scaled+co2_after_ep_baseline_lag,True,3100,91,1,-403.7683434289221,-399.3907821344624,4.377561294459667,0.0014121165465998927,0.0020372535389369143,0.06940094473301575,8.755122588919335,0.0030873361942190605,-6.749950455821477,90.99999416353539,90.99999980866966,0.8301655021475431,True,True,0.0077955238904031275
core_component_diagnostic_0_20kyr,strong_monsoon_start,Strong monsoon starts,full_after_climate_state,Full predictive model vs climate-state,7.8,same_type_history_count+cheng_log_resolution_scaled+lr04_lag+co2_lag,same_type_history_count+cheng_log_resolution_scaled+lr04_lag+co2_lag+pre_phase_sin_lag+pre_phase_cos_lag,True,3100,91,2,-399.1726782495872,-392.12574527314473,7.046932976442463,0.0022732041859491814,0.003279540405996917,0.11172060723725762,14.093865952884926,0.000870073404886205,-10.077035815515956,91.00002105014552,90.99999700232993,0.9979184496213577,True,True,0.001829911368061494
core_component_diagnostic_0_20kyr,strong_monsoon_start,Strong monsoon starts,lr04_after_ep_baseline,LR04 vs EP baseline,8.0,same_type_history_count+cheng_log_resolution_scaled,same_type_history_count+cheng_log_resolution_scaled+lr04_after_ep_baseline_lag,True,3100,91,1,-403.7683434289221,-401.873120959265,1.8952224696570852,0.0006113620869861565,0.0008820090510824551,0.03004646217973199,3.7904449393141704,0.05154594463246762,-1.7852728062163123,90.99999416353539,90.99998601271952,0.5800026209531115,True,True,0.08958260133775908
core_component_diagnostic_0_20kyr,strong_monsoon_start,Strong monsoon starts,co2_after_ep_baseline,CO2 vs EP baseline,8.0,same_type_history_count+cheng_log_resolution_scaled,same_type_history_count+cheng_log_resolution_scaled+co2_after_ep_baseline_lag,True,3100,91,1,-403.7683434289221,-399.63751350919046,4.130829919731639,0.0013325257805585932,0.0019224283354685773,0.06548931692255593,8.261659839463277,0.004049108992661078,-6.256487706365419,90.99999416353539,90.9999933103872,0.813976905817314,True,True,0.009974634347774852
core_component_diagnostic_0_20kyr,strong_monsoon_start,Strong monsoon starts,full_after_climate_state,Full predictive model vs climate-state,8.0,same_type_history_count+cheng_log_resolution_scaled+lr04_lag+co2_lag,same_type_history_count+cheng_log_resolution_scaled+lr04_lag+co2_lag+pre_phase_sin_lag+pre_phase_cos_lag,True,3100,91,2,-399.3857372791888,-392.2728725050456,7.1128647741431905,0.002294472507788126,0.003310224108441993,0.1127658762216503,14.225729548286381,0.000814558121355605,-10.208899410917411,91.00010608053398,91.00000187733096,0.9613904245841575,True,True,0.0017884863099329588
core_component_diagnostic_0_20kyr,strong_monsoon_start,Strong monsoon starts,lr04_after_ep_baseline,LR04 vs EP baseline,8.2,same_type_history_count+cheng_log_resolution_scaled,same_type_history_count+cheng_log_resolution_scaled+lr04_after_ep_baseline_lag,True,3100,91,1,-403.7683434289221,-402.09632448250227,1.6720189464198256,0.0005393609504580083,0.0007781333684749264,0.026507840024970024,3.3440378928396512,0.0674488984366513,-1.3388657597417932,90.99999416353539,90.99998342215353,0.5691557665081138,True,True,0.11167768429675053
core_component_diagnostic_0_20kyr,strong_monsoon_start,Strong monsoon starts,co2_after_ep_baseline,CO2 vs EP baseline,8.2,same_type_history_count+cheng_log_resolution_scaled,same_type_history_count+cheng_log_resolution_scaled+co2_after_ep_baseline_lag,True,3100,91,1,-403.7683434289221,-400.0994182867205,3.6689251422016014,0.0011835242394198713,0.0017074645509829306,0.058166374813704236,7.337850284403203,0.0067517534511715195,-5.332678151305345,90.99999416353539,90.99999781816962,0.7728449790383869,True,True,0.016236359489721987
core_component_diagnostic_0_20kyr,strong_monsoon_start,Strong monsoon starts,full_after_climate_state,Full predictive model vs climate-state,8.2,same_type_history_count+cheng_log_resolution_scaled+lr04_lag+co2_lag,same_type_history_count+cheng_log_resolution_scaled+lr04_lag+co2_lag+pre_phase_sin_lag+pre_phase_cos_lag,True,3100,91,2,-399.87250992881076,-392.70302728329534,7.169482645515416,0.0023127363372630375,0.003336573244653089,0.11366348415851182,14.338965291030831,0.0007697208467667436,-10.322135153661861,90.99999837452106,91.00001493891062,0.9142415503989066,True,True,0.0017658524991079198
core_component_diagnostic_0_20kyr,strong_monsoon_start,Strong monsoon starts,lr04_after_ep_baseline,LR04 vs EP baseline,8.4,same_type_history_count+cheng_log_resolution_scaled,same_type_history_count+cheng_log_resolution_scaled+lr04_after_ep_baseline_lag,True,3100,91,1,-403.7683434289221,-402.3514598598852,1.4168835690368837,0.0004570592158183496,0.0006593970640537314,0.022462976907324916,2.8337671380737675,0.0923016148651336,-0.8285950049759094,90.99999416353539,90.99998924659086,0.5564264319790792,True,True,0.14566348595903894
core_component_diagnostic_0_20kyr,strong_monsoon_start,Strong monsoon starts,co2_after_ep_baseline,CO2 vs EP baseline,8.4,same_type_history_count+cheng_log_resolution_scaled,same_type_history_count+cheng_log_resolution_scaled+co2_after_ep_baseline_lag,True,3100,91,1,-403.7683434289221,-400.5386583967691,3.229685032152986,0.001041833881339673,0.0015030485740388467,0.051202753621103575,6.459370064305972,0.011036876466727713,-4.454197931208114,90.99999416353539,90.99987013512035,0.7473306109845702,True,True,0.025923826119523236
core_component_diagnostic_0_20kyr,strong_monsoon_start,Strong monsoon starts,full_after_climate_state,Full predictive model vs climate-state,8.4,same_type_history_count+cheng_log_resolution_scaled+lr04_lag+co2_lag,same_type_history_count+cheng_log_resolution_scaled+lr04_lag+co2_lag+pre_phase_sin_lag+pre_phase_cos_lag,True,3100,91,2,-400.3037576887653,-393.0481526966222,7.255604992143105,0.0023405177394010017,0.0033766533357464726,0.11502884989905565,14.51120998428621,0.0007062050015569561,-10.49437984691724,91.00000208043679,91.0000123581734,0.9378318000988966,True,True,0.0016982548846964896
core_component_diagnostic_0_20kyr,strong_monsoon_start,Strong monsoon starts,lr04_after_ep_baseline,LR04 vs EP baseline,8.6,same_type_history_count+cheng_log_resolution_scaled,same_type_history_count+cheng_log_resolution_scaled+lr04_after_ep_baseline_lag,True,3100,91,1,-403.7683434289221,-402.5947440269567,1.1735994019654186,0.0003785804522469092,0.0005461761410341169,0.018606000408854535,2.347198803930837,0.12550835725193848,-0.3420266708329791,90.99999416353539,90.99998872669525,0.5434186697416633,True,True,0.18919916540963863
core_component_diagnostic_0_20kyr,strong_monsoon_start,Strong monsoon starts,co2_after_ep_baseline,CO2 vs EP baseline,8.6,same_type_history_count+cheng_log_resolution_scaled,same_type_history_count+cheng_log_resolution_scaled+co2_after_ep_baseline_lag,True,3100,91,1,-403.7683434289221,-400.86350043528626,2.904842993635839,0.0009370461269793029,0.0013518718004772502,0.04605277562065358,5.809685987271678,0.015938139888403507,-3.8045138541738197,90.99999416353539,90.99993456571207,0.742988941500096,True,True,0.036585275652926234
core_component_diagnostic_0_20kyr,strong_monsoon_start,Strong monsoon starts,full_after_climate_state,Full predictive model vs climate-state,8.6,same_type_history_count+cheng_log_resolution_scaled+lr04_lag+co2_lag,same_type_history_count+cheng_log_resolution_scaled+lr04_lag+co2_lag+pre_phase_sin_lag+pre_phase_cos_lag,True,3100,91,2,-400.5716909012841,-393.2187280488997,7.352962852384394,0.0023719235007691594,0.0034219622719276555,0.11657234113160145,14.705925704768788,0.0006406912717616462,-10.689095567399818,91.00000086906769,90.99998049205198,0.9544255630005337,True,True,0.0016592261140493914
core_component_diagnostic_0_20kyr,strong_monsoon_start,Strong monsoon starts,lr04_after_ep_baseline,LR04 vs EP baseline,8.8,same_type_history_count+cheng_log_resolution_scaled,same_type_history_count+cheng_log_resolution_scaled+lr04_after_ep_baseline_lag,True,3100,91,1,-403.7683434289221,-402.8246546662822,0.9436887626399084,0.0003044157298838414,0.00043917906387201227,0.014961045033002615,1.8873775252798168,0.16949800755119698,0.11779460781804119,90.99999416353539,91.00000253595793,0.5319609786592836,True,True,0.24456141089529848
core_component_diagnostic_0_20kyr,strong_monsoon_start,Strong monsoon starts,co2_after_ep_baseline,CO2 vs EP baseline,8.8,same_type_history_count+cheng_log_resolution_scaled,same_type_history_count+cheng_log_resolution_scaled+co2_after_ep_baseline_lag,True,3100,91,1,-403.7683434289221,-401.03498047197536,2.733362956946735,0.00088172998611185,0.0012720674783666605,0.04333416684545766,5.46672591389347,0.019381902582823036,-3.4615537807956116,90.99999416353539,90.99992893960963,0.7283052752031992,True,True,0.04350160357478059
core_component_diagnostic_0_20kyr,strong_monsoon_start,Strong monsoon starts,full_after_climate_state,Full predictive model vs climate-state,8.8,same_type_history_count+cheng_log_resolution_scaled+lr04_lag+co2_lag,same_type_history_count+cheng_log_resolution_scaled+lr04_lag+co2_lag+pre_phase_sin_lag+pre_phase_cos_lag,True,3100,91,2,-400.59108680744276,-393.132299133577,7.458787673865743,0.002406060539956691,0.0034712116090741397,0.11825006580362454,14.917575347731486,0.0005763544777102313,-10.900745210362516,91.00005711815439,90.99999278639855,0.9482203104157639,True,True,0.0015732919526684694
core_component_diagnostic_0_20kyr,strong_monsoon_start,Strong monsoon starts,lr04_after_ep_baseline,LR04 vs EP baseline,9.0,same_type_history_count+cheng_log_resolution_scaled,same_type_history_count+cheng_log_resolution_scaled+lr04_after_ep_baseline_lag,True,3100,91,1,-403.7683434289221,-403.048789258556,0.7195541703661092,0.00023211424850519654,0.0003348700752381155,0.011407661903716023,1.4391083407322185,0.2302836847921092,0.5660637923656395,90.99999416353539,91.00000616141543,0.5312800373591305,True,True,0.302060417714325
core_component_diagnostic_0_20kyr,strong_monsoon_start,Strong monsoon starts,co2_after_ep_baseline,CO2 vs EP baseline,9.0,same_type_history_count+cheng_log_resolution_scaled,same_type_history_count+cheng_log_resolution_scaled+co2_after_ep_baseline_lag,True,3100,91,1,-403.7683434289221,-401.2780009618738,2.490342467048322,0.000803336279693007,0.0011589692668792907,0.039481370629953855,4.980684934096644,0.02563183327541573,-2.9755128009987857,90.99999416353539,90.99997188641726,0.7088864653878936,True,True,0.056278590452543235
core_component_diagnostic_0_20kyr,strong_monsoon_start,Strong monsoon starts,full_after_climate_state,Full predictive model vs climate-state,9.0,same_type_history_count+cheng_log_resolution_scaled+lr04_lag+co2_lag,same_type_history_count+cheng_log_resolution_scaled+lr04_lag+co2_lag+pre_phase_sin_lag+pre_phase_cos_lag,True,3100,91,2,-400.6735381530411,-393.1118716975594,7.561666455481657,0.00243924724370376,0.0035190899019934877,0.11988108457340452,15.123332910963313,0.0005200079513325064,-11.106502773594343,91.00004856729079,90.9999738635894,0.9456939677661164,True,True,0.0015632467634863639
core_component_diagnostic_0_20kyr,strong_monsoon_start,Strong monsoon starts,lr04_after_ep_baseline,LR04 vs EP baseline,9.2,same_type_history_count+cheng_log_resolution_scaled,same_type_history_count+cheng_log_resolution_scaled+lr04_after_ep_baseline_lag,True,3100,91,1,-403.7683434289221,-403.2395442310639,0.5287991978581772,0.00017058038640586361,0.00024609547754066255,0.008383472311824769,1.0575983957163544,0.30376357496261086,0.9475737373815036,90.99999416353539,91.00001431584911,0.5294180883347954,True,True,0.38835596292688224
core_component_diagnostic_0_20kyr,strong_monsoon_start,Strong monsoon starts,co2_after_ep_baseline,CO2 vs EP baseline,9.2,same_type_history_count+cheng_log_resolution_scaled,same_type_history_count+cheng_log_resolution_scaled+co2_after_ep_baseline_lag,True,3100,91,1,-403.7683434289221,-401.3202775344828,2.44806589443931,0.0007896986756255838,0.0011392943631216119,0.03881112665579117,4.89613178887862,0.02691692462951301,-2.8909596557807618,90.99999416353539,90.99994812833921,0.6929427027166147,True,True,0.05784275292725136
core_component_diagnostic_0_20kyr,strong_monsoon_start,Strong monsoon starts,full_after_climate_state,Full predictive model vs climate-state,9.2,same_type_history_count+cheng_log_resolution_scaled+lr04_lag+co2_lag,same_type_history_count+cheng_log_resolution_scaled+lr04_lag+co2_lag+pre_phase_sin_lag+pre_phase_cos_lag,True,3100,91,2,-400.35993305822984,-392.6933610243125,7.666572033917362,0.0024730877528765685,0.003567911436758255,0.12154423575769881,15.333144067834724,0.0004682201185133987,-11.316313930465753,90.99997654998509,91.00000363401867,0.9535062530759677,True,True,0.0015254913538662344
core_component_diagnostic_0_20kyr,strong_monsoon_start,Strong monsoon starts,lr04_after_ep_baseline,LR04 vs EP baseline,9.4,same_type_history_count+cheng_log_resolution_scaled,same_type_history_count+cheng_log_resolution_scaled+lr04_after_ep_baseline_lag,True,3100,91,1,-403.7683434289221,-403.3809667703839,0.38737665853818726,0.0001249602124316733,0.0001802794787836065,0.006141388837683298,0.7747533170763745,0.3787505805739856,1.2304188160214835,90.99999416353539,90.99988766559494,0.5297279041471654,True,True,0.4722692424441055
core_component_diagnostic_0_20kyr,strong_monsoon_start,Strong monsoon starts,co2_after_ep_baseline,CO2 vs EP baseline,9.4,same_type_history_count+cheng_log_resolution_scaled,same_type_history_count+cheng_log_resolution_scaled+co2_after_ep_baseline_lag,True,3100,91,1,-403.7683434289221,-401.3743900484265,2.3939533804955886,0.0007722430259663189,0.0011141111839226953,0.03795323813363028,4.787906760991177,0.028660236314355256,-2.782734627893319,90.99999416353539,90.99993459885013,0.6792726331238561,True,True,0.06030591391145585
core_component_diagnostic_0_20kyr,strong_monsoon_start,Strong monsoon starts,full_after_climate_state,Full predictive model vs climate-state,9.4,same_type_history_count+cheng_log_resolution_scaled+lr04_lag+co2_lag,same_type_history_count+cheng_log_resolution_scaled+lr04_lag+co2_lag+pre_phase_sin_lag+pre_phase_cos_lag,True,3100,91,2,-400.05663441849595,-392.3096576293979,7.746976789098028,0.002499024770676783,0.003605330643714074,0.12281895599465527,15.493953578196056,0.0004320467365567123,-11.477123440827086,90.99998255356718,90.99999065751676,0.9673749834407248,True,True,0.0015254913538662344
core_component_diagnostic_0_20kyr,strong_monsoon_start,Strong monsoon starts,lr04_after_ep_baseline,LR04 vs EP baseline,9.6,same_type_history_count+cheng_log_resolution_scaled,same_type_history_count+cheng_log_resolution_scaled+lr04_after_ep_baseline_lag,True,3100,91,1,-403.7683434289221,-403.4933659452307,0.274977483691373,8.870241409399128e-05,0.00012797053292828054,0.004359435737117249,0.549954967382746,0.4583360950178811,1.455217165715112,90.99999416353539,91.00002425226674,0.5295114847651576,True,True,0.5577342842988673
core_component_diagnostic_0_20kyr,strong_monsoon_start,Strong monsoon starts,co2_after_ep_baseline,CO2 vs EP baseline,9.6,same_type_history_count+cheng_log_resolution_scaled,same_type_history_count+cheng_log_resolution_scaled+co2_after_ep_baseline_lag,True,3100,91,1,-403.7683434289221,-401.57266854092205,2.195674888000042,0.0007082822219354974,0.0010218352491361581,0.03480977222331968,4.391349776000084,0.03612170545458089,-2.3861776429022257,90.99999416353539,90.99996363663297,0.6519945416301259,True,True,0.07445494389617693
core_component_diagnostic_0_20kyr,strong_monsoon_start,Strong monsoon starts,full_after_climate_state,Full predictive model vs climate-state,9.6,same_type_history_count+cheng_log_resolution_scaled+lr04_lag+co2_lag,same_type_history_count+cheng_log_resolution_scaled+lr04_lag+co2_lag+pre_phase_sin_lag+pre_phase_cos_lag,True,3100,91,2,-400.055734496104,-392.2495491416983,7.80618535440567,0.0025181243078727968,0.0036328854513100377,0.12375763625341886,15.61237070881134,0.00040720844473240135,-11.59554057144237,91.00000252210583,90.9999987079571,0.9454497702778638,True,True,0.0015254913538662344
core_component_diagnostic_0_20kyr,strong_monsoon_start,Strong monsoon starts,lr04_after_ep_baseline,LR04 vs EP baseline,9.8,same_type_history_count+cheng_log_resolution_scaled,same_type_history_count+cheng_log_resolution_scaled+lr04_after_ep_baseline_lag,True,3100,91,1,-403.7683434289221,-403.580857358966,0.18748606995609407,6.0479377405191634e-05,8.725329785852199e-05,0.002972365091883716,0.37497213991218814,0.5403064218800251,1.6301999931856699,90.99999416353539,91.00011825681005,0.5286142773474324,True,True,0.636542547678795
core_component_diagnostic_0_20kyr,strong_monsoon_start,Strong monsoon starts,co2_after_ep_baseline,CO2 vs EP baseline,9.8,same_type_history_count+cheng_log_resolution_scaled,same_type_history_count+cheng_log_resolution_scaled+co2_after_ep_baseline_lag,True,3100,91,1,-403.7683434289221,-401.76281968332,2.0055237456020905,0.0006469431437426098,0.000933341665214579,0.03179515562818896,4.011047491204181,0.04520305857840843,-2.005875358106323,90.99999416353539,90.99997888017764,0.6381193088251573,True,True,0.09131017832838502
core_component_diagnostic_0_20kyr,strong_monsoon_start,Strong monsoon starts,full_after_climate_state,Full predictive model vs climate-state,9.8,same_type_history_count+cheng_log_resolution_scaled+lr04_lag+co2_lag,same_type_history_count+cheng_log_resolution_scaled+lr04_lag+co2_lag+pre_phase_sin_lag+pre_phase_cos_lag,True,3100,91,2,-400.0600851252151,-392.2033596590509,7.856725466164221,0.002534427569730394,0.0036564060863423066,0.12455888865561704,15.713450932328442,0.00038713949946030205,-11.696620794959472,90.99989370115635,91.00000215037883,0.9682526493740183,True,True,0.0015254913538662344
core_component_diagnostic_0_20kyr,strong_monsoon_start,Strong monsoon starts,lr04_after_ep_baseline,LR04 vs EP baseline,10.0,same_type_history_count+cheng_log_resolution_scaled,same_type_history_count+cheng_log_resolution_scaled+lr04_after_ep_baseline_lag,True,3100,91,1,-403.7683434289221,-403.6363262039337,0.13201722498837398,4.25862016091529e-05,6.143890187182248e-05,0.0020929735802488977,0.26403444997674796,0.6073618832762113,1.74113768312111,90.99999416353539,91.00007457362722,0.527553637920281,True,True,0.7026046231869304
core_component_diagnostic_0_20kyr,strong_monsoon_start,Strong monsoon starts,co2_after_ep_baseline,CO2 vs EP baseline,10.0,same_type_history_count+cheng_log_resolution_scaled,same_type_history_count+cheng_log_resolution_scaled+co2_after_ep_baseline_lag,True,3100,91,1,-403.7683434289221,-401.8244239977746,1.943919431147492,0.0006270707842411264,0.0009046719107110264,0.030818493661584415,3.887838862294984,0.048636971083072765,-1.8826667291971262,90.99999416353539,91.0000231717994,0.6374670474837304,True,True,0.09632027606647743
core_component_diagnostic_0_20kyr,strong_monsoon_start,Strong monsoon starts,full_after_climate_state,Full predictive model vs climate-state,10.0,same_type_history_count+cheng_log_resolution_scaled+lr04_lag+co2_lag,same_type_history_count+cheng_log_resolution_scaled+lr04_lag+co2_lag+pre_phase_sin_lag+pre_phase_cos_lag,True,3100,91,2,-399.8504626508115,-391.94991281432226,7.900549836489233,0.0025485644633836237,0.003676801312709396,0.1252536710922981,15.801099672978467,0.0003705397481637509,-11.784269535609496,90.99994527035707,90.99999005648017,1.0099232515010383,True,True,0.0015254913538662344
core_component_diagnostic_0_20kyr,strong_monsoon_start,Strong monsoon starts,lr04_after_ep_baseline,LR04 vs EP baseline,10.2,same_type_history_count+cheng_log_resolution_scaled,same_type_history_count+cheng_log_resolution_scaled+lr04_after_ep_baseline_lag,True,3100,91,1,-403.7683434289221,-403.67270082727646,0.0956426016456362,3.085245214375361e-05,4.451067970705741e-05,0.001516297880130527,0.1912852032912724,0.6618490997670314,1.8138869298065856,90.99999416353539,91.00006279552149,0.5264894818048961,True,True,0.7510871806344964
core_component_diagnostic_0_20kyr,strong_monsoon_start,Strong monsoon starts,co2_after_ep_baseline,CO2 vs EP baseline,10.2,same_type_history_count+cheng_log_resolution_scaled,same_type_history_count+cheng_log_resolution_scaled+co2_after_ep_baseline_lag,True,3100,91,1,-403.7683434289221,-402.00629999364435,1.7620434352777465,0.0005684011081541118,0.0008200294599697284,0.02793506951545229,3.524086870555493,0.06048313306262471,-1.518914737457635,90.99999416353539,90.99999198163174,0.6271787783338023,True,True,0.1174768546024057
core_component_diagnostic_0_20kyr,strong_monsoon_start,Strong monsoon starts,full_after_climate_state,Full predictive model vs climate-state,10.2,same_type_history_count+cheng_log_resolution_scaled+lr04_lag+co2_lag,same_type_history_count+cheng_log_resolution_scaled+lr04_lag+co2_lag+pre_phase_sin_lag+pre_phase_cos_lag,True,3100,91,2,-400.03249895498766,-392.12021915144396,7.912279803543697,0.0025523483237237733,0.0036822602692575465,0.12543963554613619,15.824559607087394,0.000366218721420913,-11.807729469718424,90.9999887548275,90.99999507201508,0.9965008100908369,True,True,0.0015254913538662344
core_component_diagnostic_0_20kyr,strong_monsoon_start,Strong monsoon starts,lr04_after_ep_baseline,LR04 vs EP baseline,10.4,same_type_history_count+cheng_log_resolution_scaled,same_type_history_count+cheng_log_resolution_scaled+lr04_after_ep_baseline_lag,True,3100,91,1,-403.7683434289221,-403.70731595835764,0.061027470564454234,1.96862808272433e-05,2.8401299723011392e-05,0.0009675168037509375,0.12205494112890847,0.7268163394029189,1.8831171919689496,90.99999416353539,91.00006409724858,0.5240559749664108,True,True,0.7992764887399896
core_component_diagnostic_0_20kyr,strong_monsoon_start,Strong monsoon starts,co2_after_ep_baseline,CO2 vs EP baseline,10.4,same_type_history_count+cheng_log_resolution_scaled,same_type_history_count+cheng_log_resolution_scaled+co2_after_ep_baseline_lag,True,3100,91,1,-403.7683434289221,-402.21186920753485,1.5564742213872478,0.0005020884585120154,0.0007243605291828687,0.024676018027108712,3.1129484427744956,0.07767223530151544,-1.1077763096766375,90.99999416353539,90.9999946920473,0.6046058095969571,True,True,0.1455544457959409
core_component_diagnostic_0_20kyr,strong_monsoon_start,Strong monsoon starts,full_after_climate_state,Full predictive model vs climate-state,10.4,same_type_history_count+cheng_log_resolution_scaled+lr04_lag+co2_lag,same_type_history_count+cheng_log_resolution_scaled+lr04_lag+co2_lag+pre_phase_sin_lag+pre_phase_cos_lag,True,3100,91,2,-400.25323652639116,-392.3419390242185,7.911297502172658,0.002552031452313761,0.003681803120445722,0.12542406234485426,15.822595004345317,0.00036657863531608067,-11.805764866976347,90.99999910850207,90.999984542009,0.9508435653770396,True,True,0.0015254913538662344
core_component_diagnostic_0_20kyr,strong_monsoon_start,Strong monsoon starts,lr04_after_ep_baseline,LR04 vs EP baseline,10.6,same_type_history_count+cheng_log_resolution_scaled,same_type_history_count+cheng_log_resolution_scaled+lr04_after_ep_baseline_lag,True,3100,91,1,-403.7683434289221,-403.735137743127,0.033205685795110185,1.0711511546809736e-05,1.5453444589007278e-05,0.0005264360244606874,0.06641137159022037,0.7966353288901984,1.9387607615076377,90.99999416353539,91.00003302012169,0.520110781116834,True,True,0.8559592363607451
core_component_diagnostic_0_20kyr,strong_monsoon_start,Strong monsoon starts,co2_after_ep_baseline,CO2 vs EP baseline,10.6,same_type_history_count+cheng_log_resolution_scaled,same_type_history_count+cheng_log_resolution_scaled+co2_after_ep_baseline_lag,True,3100,91,1,-403.7683434289221,-402.2134295399066,1.554913889015495,0.0005015851254888693,0.0007236343731264603,0.024651280842769525,3.10982777803099,0.07782118884139413,-1.104655644933132,90.99999416353539,91.00002666123072,0.6039306169555998,True,True,0.1455544457959409
core_component_diagnostic_0_20kyr,strong_monsoon_start,Strong monsoon starts,full_after_climate_state,Full predictive model vs climate-state,10.6,same_type_history_count+cheng_log_resolution_scaled+lr04_lag+co2_lag,same_type_history_count+cheng_log_resolution_scaled+lr04_lag+co2_lag+pre_phase_sin_lag+pre_phase_cos_lag,True,3100,91,2,-399.9005430894002,-391.96685968858606,7.933683400814118,0.0025592527099400383,0.0036922211930121335,0.12577896371799577,15.867366801628236,0.0003584636130608284,-11.850536664259266,90.99994151175241,91.00000622814291,0.9659287583716547,True,True,0.0015254913538662344
core_component_diagnostic_0_20kyr,strong_monsoon_start,Strong monsoon starts,lr04_after_ep_baseline,LR04 vs EP baseline,10.8,same_type_history_count+cheng_log_resolution_scaled,same_type_history_count+cheng_log_resolution_scaled+lr04_after_ep_baseline_lag,True,3100,91,1,-403.7683434289221,-403.75310150122425,0.015241927697843494,4.916750870272095e-06,7.093372097828046e-06,0.00024164234618974663,0.030483855395686987,0.8613968844062897,1.974688277702171,90.99999416353539,91.00001514310773,0.5157860455849606,True,True,0.8969184054127347
core_component_diagnostic_0_20kyr,strong_monsoon_start,Strong monsoon starts,co2_after_ep_baseline,CO2 vs EP baseline,10.8,same_type_history_count+cheng_log_resolution_scaled,same_type_history_count+cheng_log_resolution_scaled+co2_after_ep_baseline_lag,True,3100,91,1,-403.7683434289221,-402.4772126922218,1.2911307367002678,0.00041649378603234445,0.0006008735196699323,0.020469317703041653,2.5822614734005356,0.10806716821585509,-0.5770893403026776,90.99999416353539,90.99999578665697,0.5785225131846031,True,True,0.19845061799638844
core_component_diagnostic_0_20kyr,strong_monsoon_start,Strong monsoon starts,full_after_climate_state,Full predictive model vs climate-state,10.8,same_type_history_count+cheng_log_resolution_scaled+lr04_lag+co2_lag,same_type_history_count+cheng_log_resolution_scaled+lr04_lag+co2_lag+pre_phase_sin_lag+pre_phase_cos_lag,True,3100,91,2,-400.3449402571513,-392.4476104642759,7.897329792875382,0.00254752573963722,0.0036753027511116057,0.12520262119171405,15.794659585750765,0.00037173482538127,-11.777829448381794,90.99993963030698,91.00000482333965,0.9452341723548982,True,True,0.0015254913538662344
core_component_diagnostic_0_20kyr,strong_monsoon_start,Strong monsoon starts,lr04_after_ep_baseline,LR04 vs EP baseline,11.0,same_type_history_count+cheng_log_resolution_scaled,same_type_history_count+cheng_log_resolution_scaled+lr04_after_ep_baseline_lag,True,3100,91,1,-403.7683434289221,-403.7651970479579,0.0031463809642104934,1.0149616013582237e-06,1.4642800689722304e-06,4.988206828366939e-05,0.006292761928420987,0.936772586221799,1.998879371169437,90.99999416353539,91.00001589852232,0.5104674742200562,True,True,0.9461403120840169
core_component_diagnostic_0_20kyr,strong_monsoon_start,Strong monsoon starts,co2_after_ep_baseline,CO2 vs EP baseline,11.0,same_type_history_count+cheng_log_resolution_scaled,same_type_history_count+cheng_log_resolution_scaled+co2_after_ep_baseline_lag,True,3100,91,1,-403.7683434289221,-402.6718795134006,1.0964639155214968,0.000353698037264999,0.0005102784043343738,0.017383110477324822,2.1929278310429936,0.1386455496024779,-0.18775569794513558,90.99999416353539,90.99999729711635,0.571083380160196,True,True,0.25005715196161193
core_component_diagnostic_0_20kyr,strong_monsoon_start,Strong monsoon starts,full_after_climate_state,Full predictive model vs climate-state,11.0,same_type_history_count+cheng_log_resolution_scaled+lr04_lag+co2_lag,same_type_history_count+cheng_log_resolution_scaled+lr04_lag+co2_lag+pre_phase_sin_lag+pre_phase_cos_lag,True,3100,91,2,-400.5684377488717,-392.6910473250624,7.877390423809288,0.0025410936850997702,0.0036660232579277,0.12488650658874582,15.754780847618576,0.000379221373745493,-11.737950710249606,91.00000445787734,91.00000143604099,0.9498419036243559,True,True,0.0015254913538662344
core_component_diagnostic_0_20kyr,strong_monsoon_start,Strong monsoon starts,lr04_after_ep_baseline,LR04 vs EP baseline,11.2,same_type_history_count+cheng_log_resolution_scaled,same_type_history_count+cheng_log_resolution_scaled+lr04_after_ep_baseline_lag,True,3100,91,1,-403.7683434289221,-403.76823765251186,0.0001057764102370129,3.412142265710094e-08,4.922680725547584e-08,1.6769571702414847e-06,0.0002115528204740258,0.9883952935555236,2.004960580277384,90.99999416353539,91.00001659185227,0.5049193847660017,True,True,0.9883952935555236
core_component_diagnostic_0_20kyr,strong_monsoon_start,Strong monsoon starts,co2_after_ep_baseline,CO2 vs EP baseline,11.2,same_type_history_count+cheng_log_resolution_scaled,same_type_history_count+cheng_log_resolution_scaled+co2_after_ep_baseline_lag,True,3100,91,1,-403.7683434289221,-402.82983770362307,0.9385057252990237,0.00030274378235452373,0.0004367669534628391,0.014878874238843971,1.8770114505980473,0.17067420497784835,0.12816068249981072,90.99999416353539,90.99996031011224,0.5580644469034394,True,True,0.30242271408355587
core_component_diagnostic_0_20kyr,strong_monsoon_start,Strong monsoon starts,full_after_climate_state,Full predictive model vs climate-state,11.2,same_type_history_count+cheng_log_resolution_scaled+lr04_lag+co2_lag,same_type_history_count+cheng_log_resolution_scaled+lr04_lag+co2_lag+pre_phase_sin_lag+pre_phase_cos_lag,True,3100,91,2,-400.7144224999335,-392.86491777890296,7.8495047210305415,0.002532098297106626,0.003653045656279119,0.1244444124666513,15.699009442061083,0.0003899450520171525,-11.682179304692113,90.99998765185458,90.99998270000023,0.9317530818884721,True,True,0.0015254913538662344
core_component_diagnostic_0_20kyr,strong_monsoon_start,Strong monsoon starts,lr04_after_ep_baseline,LR04 vs EP baseline,11.4,same_type_history_count+cheng_log_resolution_scaled,same_type_history_count+cheng_log_resolution_scaled+lr04_after_ep_baseline_lag,True,3100,91,1,-403.7683434289221,-403.7650751504917,0.0032682784303688095,1.0542833646350998e-06,1.5210093818507893e-06,5.181460531579612e-05,0.006536556860737619,0.9355620585992446,1.9986355762371204,90.99999416353539,91.00001489422107,0.5007821572349386,True,True,0.9461403120840169
core_component_diagnostic_0_20kyr,strong_monsoon_start,Strong monsoon starts,co2_after_ep_baseline,CO2 vs EP baseline,11.4,same_type_history_count+cheng_log_resolution_scaled,same_type_history_count+cheng_log_resolution_scaled+co2_after_ep_baseline_lag,True,3100,91,1,-403.7683434289221,-402.86746027267634,0.9008831562457544,0.000290607469756695,0.00041925795546327325,0.01428241386743019,1.8017663124915089,0.1794991029092451,0.20340582060634915,90.99999416353539,90.99999751682134,0.5790026675650269,True,True,0.31257602403161644
core_component_diagnostic_0_20kyr,strong_monsoon_start,Strong monsoon starts,full_after_climate_state,Full predictive model vs climate-state,11.4,same_type_history_count+cheng_log_resolution_scaled+lr04_lag+co2_lag,same_type_history_count+cheng_log_resolution_scaled+lr04_lag+co2_lag+pre_phase_sin_lag+pre_phase_cos_lag,True,3100,91,2,-400.57620566873015,-392.7586691234934,7.817536545236749,0.002521785982334435,0.003638168130897193,0.12393759566792635,15.635073090473497,0.0004026122792947458,-11.618242953104527,90.99998256043325,90.99999886914463,0.9571047815672489,True,True,0.0015254913538662344
core_component_diagnostic_0_20kyr,strong_monsoon_start,Strong monsoon starts,lr04_after_ep_baseline,LR04 vs EP baseline,11.6,same_type_history_count+cheng_log_resolution_scaled,same_type_history_count+cheng_log_resolution_scaled+lr04_after_ep_baseline_lag,True,3100,91,1,-403.7683434289221,-403.7592103408707,0.00913308805138513,2.946157435930687e-06,4.250406722495346e-06,0.00014479407516192937,0.01826617610277026,0.892491366724004,1.9869059569950878,90.99999416353539,91.00001314103076,0.49717784141594185,True,True,0.9198125310114734
core_component_diagnostic_0_20kyr,strong_monsoon_start,Strong monsoon starts,co2_after_ep_baseline,CO2 vs EP baseline,11.6,same_type_history_count+cheng_log_resolution_scaled,same_type_history_count+cheng_log_resolution_scaled+co2_after_ep_baseline_lag,True,3100,91,1,-403.7683434289221,-402.9917401287954,0.7766033001266806,0.0002505171935892518,0.000361419912848634,0.012312106921217201,1.553206600253361,0.21266268348016973,0.4519655328444969,90.99999416353539,91.00001223669007,0.5790536117395017,True,True,0.36404967849995157
core_component_diagnostic_0_20kyr,strong_monsoon_start,Strong monsoon starts,full_after_climate_state,Full predictive model vs climate-state,11.6,same_type_history_count+cheng_log_resolution_scaled+lr04_lag+co2_lag,same_type_history_count+cheng_log_resolution_scaled+lr04_lag+co2_lag+pre_phase_sin_lag+pre_phase_cos_lag,True,3100,91,2,-400.79021356049657,-393.02334070783616,7.766872852660413,0.0025054428556969075,0.003614589983144611,0.12313438404119005,15.533745705320825,0.0004235356564791371,-11.516915567951855,91.00001877762918,90.99998605912654,0.9365476593252211,True,True,0.0015254913538662344
core_component_diagnostic_0_20kyr,strong_monsoon_start,Strong monsoon starts,lr04_after_ep_baseline,LR04 vs EP baseline,11.8,same_type_history_count+cheng_log_resolution_scaled,same_type_history_count+cheng_log_resolution_scaled+lr04_after_ep_baseline_lag,True,3100,91,1,-403.7683434289221,-403.75061899505965,0.017724433862440492,5.717559310464675e-06,8.248694463195908e-06,0.0002809994817132672,0.035448867724880984,0.8506581840816577,1.969723265372977,90.99999416353539,91.00000659175974,0.4934368483478963,True,True,0.8949632978359108
core_component_diagnostic_0_20kyr,strong_monsoon_start,Strong monsoon starts,co2_after_ep_baseline,CO2 vs EP baseline,11.8,same_type_history_count+cheng_log_resolution_scaled,same_type_history_count+cheng_log_resolution_scaled+co2_after_ep_baseline_lag,True,3100,91,1,-403.7683434289221,-403.1949728908487,0.5733705380733909,0.00018495823808819062,0.0002668383328613928,0.009090097053519973,1.1467410761467818,0.284232397045913,0.8584310569510762,90.99999416353539,91.00000779857463,0.5835541345657455,True,True,0.47845786836062026
core_component_diagnostic_0_20kyr,strong_monsoon_start,Strong monsoon starts,full_after_climate_state,Full predictive model vs climate-state,11.8,same_type_history_count+cheng_log_resolution_scaled+lr04_lag+co2_lag,same_type_history_count+cheng_log_resolution_scaled+lr04_lag+co2_lag+pre_phase_sin_lag+pre_phase_cos_lag,True,3100,91,2,-401.3324231452834,-393.63818077406404,7.694242371219389,0.0024820136681352866,0.0035807888104374035,0.12198291552039507,15.388484742438777,0.00045544191380938304,-11.371654605069807,91.000016074526,90.99995562627036,0.899880126693542,True,True,0.0015254913538662344
core_component_diagnostic_0_20kyr,strong_monsoon_start,Strong monsoon starts,lr04_after_ep_baseline,LR04 vs EP baseline,12.0,same_type_history_count+cheng_log_resolution_scaled,same_type_history_count+cheng_log_resolution_scaled+lr04_after_ep_baseline_lag,True,3100,91,1,-403.7683434289221,-403.74129342682625,0.027050002095847958,8.72580712769289e-06,1.2588678670876103e-05,0.0004288450975792958,0.054100004191695916,0.816076627831446,1.951072128906162,90.99999416353539,90.99997436101069,0.4900998825160932,True,True,0.8676183095892215
core_component_diagnostic_0_20kyr,strong_monsoon_start,Strong monsoon starts,co2_after_ep_baseline,CO2 vs EP baseline,12.0,same_type_history_count+cheng_log_resolution_scaled,same_type_history_count+cheng_log_resolution_scaled+co2_after_ep_baseline_lag,True,3100,91,1,-403.7683434289221,-403.30243999126196,0.4659034376601312,0.00015029143150326814,0.00021682470291786826,0.0073863360334658415,0.9318068753202624,0.33439384939634254,1.0733652577775956,90.99999416353539,90.9999947932726,0.5826450221746955,True,True,0.5360919655148733
core_component_diagnostic_0_20kyr,strong_monsoon_start,Strong monsoon starts,full_after_climate_state,Full predictive model vs climate-state,12.0,same_type_history_count+cheng_log_resolution_scaled+lr04_lag+co2_lag,same_type_history_count+cheng_log_resolution_scaled+lr04_lag+co2_lag+pre_phase_sin_lag+pre_phase_cos_lag,True,3100,91,2,-401.58617387077595,-393.96126954762667,7.624904323149281,0.0024596465558546065,0.0035485198884710597,0.12088364455231082,15.249808646298561,0.0004881419451732643,-11.232978508929591,91.00000030701382,91.00005510192342,0.867903677573205,True,True,0.0015406980144531154
core_component_diagnostic_0_20kyr,strong_monsoon_start,Strong monsoon starts,lr04_after_ep_baseline,LR04 vs EP baseline,12.2,same_type_history_count+cheng_log_resolution_scaled,same_type_history_count+cheng_log_resolution_scaled+lr04_after_ep_baseline_lag,True,3100,91,1,-403.7683434289221,-403.7282054811083,0.040137947813775554,1.2947725101217921e-05,1.8679618794320646e-05,0.0006363386622241099,0.08027589562755111,0.7769238732870255,1.924896237470307,90.99999416353539,90.99998458451181,0.4861690119655829,True,True,0.8437560344299954
core_component_diagnostic_0_20kyr,strong_monsoon_start,Strong monsoon starts,co2_after_ep_baseline,CO2 vs EP baseline,12.2,same_type_history_count+cheng_log_resolution_scaled,same_type_history_count+cheng_log_resolution_scaled+co2_after_ep_baseline_lag,True,3100,91,1,-403.7683434289221,-403.3620810347992,0.4062623941229049,0.00013105238520093706,0.0001890686262260621,0.006440799354953764,0.8125247882458098,0.36737484759469974,1.1926473448520483,90.99999416353539,91.00000160667643,0.5774970277786702,True,True,0.5456597001038923
core_component_diagnostic_0_20kyr,strong_monsoon_start,Strong monsoon starts,full_after_climate_state,Full predictive model vs climate-state,12.2,same_type_history_count+cheng_log_resolution_scaled+lr04_lag+co2_lag,same_type_history_count+cheng_log_resolution_scaled+lr04_lag+co2_lag+pre_phase_sin_lag+pre_phase_cos_lag,True,3100,91,2,-401.6502331765274,-394.10048282240837,7.549750354119055,0.002435403340038405,0.003513544321237825,0.1196921691850248,15.09950070823811,0.0005262414847379839,-11.08267057086914,90.9999948729158,90.99983917767594,0.876401976479518,True,True,0.0015632467634863639
core_component_diagnostic_0_20kyr,strong_monsoon_start,Strong monsoon starts,lr04_after_ep_baseline,LR04 vs EP baseline,12.4,same_type_history_count+cheng_log_resolution_scaled,same_type_history_count+cheng_log_resolution_scaled+lr04_after_ep_baseline_lag,True,3100,91,1,-403.7683434289221,-403.7078903835347,0.060453045387419024,1.9500982383038395e-05,2.813397057647253e-05,0.0009584099866710423,0.12090609077483805,0.7280538313275153,1.88426604232302,90.99999416353539,90.99998986064269,0.48111701755392605,True,True,0.7992764887399896
core_component_diagnostic_0_20kyr,strong_monsoon_start,Strong monsoon starts,co2_after_ep_baseline,CO2 vs EP baseline,12.4,same_type_history_count+cheng_log_resolution_scaled,same_type_history_count+cheng_log_resolution_scaled+co2_after_ep_baseline_lag,True,3100,91,1,-403.7683434289221,-403.44548961497827,0.32285381394382284,0.00010414639159478156,0.00015025148268027138,0.00511845710229496,0.6457076278876457,0.4216515079358073,1.3594645052102123,90.99999416353539,91.00000370243967,0.5672010310526956,True,True,0.5530753545651498
core_component_diagnostic_0_20kyr,strong_monsoon_start,Strong monsoon starts,full_after_climate_state,Full predictive model vs climate-state,12.4,same_type_history_count+cheng_log_resolution_scaled+lr04_lag+co2_lag,same_type_history_count+cheng_log_resolution_scaled+lr04_lag+co2_lag+pre_phase_sin_lag+pre_phase_cos_lag,True,3100,91,2,-401.78682025199373,-394.317415584439,7.469404667554727,0.002409485376630557,0.0034761526039593814,0.1184183854096053,14.938809335109454,0.0005702676947015147,-10.921979197740484,90.99999394181486,90.99998115983685,0.8761447576050304,True,True,0.0015732919526684694
core_component_diagnostic_0_20kyr,strong_monsoon_start,Strong monsoon starts,lr04_after_ep_baseline,LR04 vs EP baseline,12.6,same_type_history_count+cheng_log_resolution_scaled,same_type_history_count+cheng_log_resolution_scaled+lr04_after_ep_baseline_lag,True,3100,91,1,-403.7683434289221,-403.6798632746479,0.08848015427417977,2.8541985249735407e-05,4.117738057691922e-05,0.001402745931741204,0.17696030854835954,0.6739986229765669,1.8282118245494985,90.99999416353539,91.00001413425548,0.4761788604445287,True,True,0.7563762324514806
core_component_diagnostic_0_20kyr,strong_monsoon_start,Strong monsoon starts,co2_after_ep_baseline,CO2 vs EP baseline,12.6,same_type_history_count+cheng_log_resolution_scaled,same_type_history_count+cheng_log_resolution_scaled+co2_after_ep_baseline_lag,True,3100,91,1,-403.7683434289221,-403.44208479134466,0.326258637577439,0.00010524472179917387,0.00015183603821940675,0.005172436466814955,0.652517275154878,0.4192141232159923,1.35265485794298,90.99999416353539,90.99999983839557,0.5712519579853162,True,True,0.5530753545651498
core_component_diagnostic_0_20kyr,strong_monsoon_start,Strong monsoon starts,full_after_climate_state,Full predictive model vs climate-state,12.6,same_type_history_count+cheng_log_resolution_scaled+lr04_lag+co2_lag,same_type_history_count+cheng_log_resolution_scaled+lr04_lag+co2_lag+pre_phase_sin_lag+pre_phase_cos_lag,True,3100,91,2,-401.5070921366139,-394.1282950068528,7.378797129761097,0.0023802571386326117,0.0034339851699458227,0.11698191238276978,14.757594259522193,0.0006243514482701773,-10.740764122153223,90.99999207767954,91.00000412466224,0.8823985519274515,True,True,0.0016592261140493914
core_component_diagnostic_0_20kyr,strong_monsoon_start,Strong monsoon starts,lr04_after_ep_baseline,LR04 vs EP baseline,12.8,same_type_history_count+cheng_log_resolution_scaled,same_type_history_count+cheng_log_resolution_scaled+lr04_after_ep_baseline_lag,True,3100,91,1,-403.7683434289221,-403.6398301619626,0.12851326695948728,4.145589256757654e-05,5.9808210622868316e-05,0.0020374225596801296,0.25702653391897456,0.6121703647569294,1.7481455991788835,90.99999416353539,91.00003575761161,0.4714917128836536,True,True,0.7026046231869304
core_component_diagnostic_0_20kyr,strong_monsoon_start,Strong monsoon starts,co2_after_ep_baseline,CO2 vs EP baseline,12.8,same_type_history_count+cheng_log_resolution_scaled,same_type_history_count+cheng_log_resolution_scaled+co2_after_ep_baseline_lag,True,3100,91,1,-403.7683434289221,-403.4137423951925,0.35460103372957974,0.0001143874302353483,0.00016502617834056928,0.00562177091050291,0.7092020674591595,0.3997088334785023,1.2959700656386985,90.99999416353539,91.00003845043915,0.5725339910781787,True,True,0.5530753545651498
core_component_diagnostic_0_20kyr,strong_monsoon_start,Strong monsoon starts,full_after_climate_state,Full predictive model vs climate-state,12.8,same_type_history_count+cheng_log_resolution_scaled+lr04_lag+co2_lag,same_type_history_count+cheng_log_resolution_scaled+lr04_lag+co2_lag+pre_phase_sin_lag+pre_phase_cos_lag,True,3100,91,2,-401.02676246771694,-393.75879700845917,7.267965459257766,0.002344504986857344,0.0033824057178785346,0.11522481016948853,14.535930918515533,0.0006975297036776249,-10.519100781146562,91.00001567969198,90.99997944531361,0.8604098866913497,True,True,0.0016982548846964896
core_component_diagnostic_0_20kyr,strong_monsoon_start,Strong monsoon starts,lr04_after_ep_baseline,LR04 vs EP baseline,13.0,same_type_history_count+cheng_log_resolution_scaled,same_type_history_count+cheng_log_resolution_scaled+lr04_after_ep_baseline_lag,True,3100,91,1,-403.7683434289221,-403.58242666034033,0.18591676858176243,5.997315115540723e-05,8.652296775839023e-05,0.0029474857148462604,0.37183353716352485,0.5420065257463007,1.6333385959343332,90.99999416353539,91.0000276041017,0.46614564173267853,True,True,0.636542547678795
core_component_diagnostic_0_20kyr,strong_monsoon_start,Strong monsoon starts,co2_after_ep_baseline,CO2 vs EP baseline,13.0,same_type_history_count+cheng_log_resolution_scaled,same_type_history_count+cheng_log_resolution_scaled+co2_after_ep_baseline_lag,True,3100,91,1,-403.7683434289221,-403.4305530805867,0.3377903483353748,0.0001089646284952822,0.00015720272916245186,0.005355257806632975,0.6755806966707496,0.4111126618424029,1.3295914364271084,90.99999416353539,90.99999926370461,0.5724796387066186,True,True,0.5530753545651498
core_component_diagnostic_0_20kyr,strong_monsoon_start,Strong monsoon starts,full_after_climate_state,Full predictive model vs climate-state,13.0,same_type_history_count+cheng_log_resolution_scaled+lr04_lag+co2_lag,same_type_history_count+cheng_log_resolution_scaled+lr04_lag+co2_lag+pre_phase_sin_lag+pre_phase_cos_lag,True,3100,91,2,-400.6665338478013,-393.51803932130576,7.14849452649554,0.002305965976288884,0.0033268056784506498,0.11333074289227489,14.29698905299108,0.0007860465632642361,-10.28015891562211,90.99999970021244,90.99999799024641,0.8564287768528273,True,True,0.0017658524991079198
core_component_diagnostic_0_20kyr,strong_monsoon_start,Strong monsoon starts,lr04_after_ep_baseline,LR04 vs EP baseline,13.2,same_type_history_count+cheng_log_resolution_scaled,same_type_history_count+cheng_log_resolution_scaled+lr04_after_ep_baseline_lag,True,3100,91,1,-403.7683434289221,-403.5115361972833,0.2568072316387884,8.284104246412529e-05,0.00011951436114506559,0.004071368346700036,0.5136144632775768,0.4735783548642605,1.4915576698202813,90.99999416353539,91.0000097707044,0.4609988420101949,True,True,0.5694215933486941
core_component_diagnostic_0_20kyr,strong_monsoon_start,Strong monsoon starts,co2_after_ep_baseline,CO2 vs EP baseline,13.2,same_type_history_count+cheng_log_resolution_scaled,same_type_history_count+cheng_log_resolution_scaled+co2_after_ep_baseline_lag,True,3100,91,1,-403.7683434289221,-403.4999835864461,0.2683598424760021,8.6567691121291e-05,0.00012489077868189406,0.0042545210320205674,0.5367196849520042,0.463795383829431,1.4684524481458539,90.99999416353539,91.00001056772852,0.554457284379984,True,True,0.581136503250852
core_component_diagnostic_0_20kyr,strong_monsoon_start,Strong monsoon starts,full_after_climate_state,Full predictive model vs climate-state,13.2,same_type_history_count+cheng_log_resolution_scaled+lr04_lag+co2_lag,same_type_history_count+cheng_log_resolution_scaled+lr04_lag+co2_lag+pre_phase_sin_lag+pre_phase_cos_lag,True,3100,91,2,-400.57827085709596,-393.55148289231033,7.026787964785626,0.0022667057950921375,0.0032701652097337016,0.11140123241949972,14.053575929571252,0.0008877787825248833,-10.036745792202282,90.99966245011399,90.99998066469594,0.82923495130798,True,True,0.001829911368061494
core_component_diagnostic_0_20kyr,strong_monsoon_start,Strong monsoon starts,lr04_after_ep_baseline,LR04 vs EP baseline,13.4,same_type_history_count+cheng_log_resolution_scaled,same_type_history_count+cheng_log_resolution_scaled+lr04_after_ep_baseline_lag,True,3100,91,1,-403.7683434289221,-403.42183478008803,0.3465086488340603,0.00011177698349485817,0.00016126009977355938,0.005493475926352023,0.6930172976681206,0.40513997819294845,1.3121548354297374,90.99999416353539,90.99999181562973,0.45576514544546576,True,True,0.4990138755791194
core_component_diagnostic_0_20kyr,strong_monsoon_start,Strong monsoon starts,co2_after_ep_baseline,CO2 vs EP baseline,13.4,same_type_history_count+cheng_log_resolution_scaled,same_type_history_count+cheng_log_resolution_scaled+co2_after_ep_baseline_lag,True,3100,91,1,-403.7683434289221,-403.59393890478475,0.1744045241373442,5.625952391527232e-05,8.116533615533741e-05,0.0027649729899070987,0.3488090482746884,0.5547880743696794,1.6563630848231696,90.99999416353539,90.99999803478772,0.548728024911842,True,True,0.6540607815554882
core_component_diagnostic_0_20kyr,strong_monsoon_start,Strong monsoon starts,full_after_climate_state,Full predictive model vs climate-state,13.4,same_type_history_count+cheng_log_resolution_scaled+lr04_lag+co2_lag,same_type_history_count+cheng_log_resolution_scaled+lr04_lag+co2_lag+pre_phase_sin_lag+pre_phase_cos_lag,True,3100,91,2,-400.67542257948713,-393.763619530332,6.911803049155139,0.0022296138868242387,0.0032166528976184956,0.10957828552326743,13.823606098310279,0.0009959604110064506,-9.806775960941309,90.9999955812436,90.99996481873714,0.8043556503275272,True,True,0.0019344615675317598
core_component_diagnostic_0_20kyr,strong_monsoon_start,Strong monsoon starts,lr04_after_ep_baseline,LR04 vs EP baseline,13.6,same_type_history_count+cheng_log_resolution_scaled,same_type_history_count+cheng_log_resolution_scaled+lr04_after_ep_baseline_lag,True,3100,91,1,-403.7683434289221,-403.3033641259444,0.46497930297766743,0.00014999332354118303,0.0002163946240393186,0.007371684994746019,0.9299586059553349,0.3348736815262157,1.0752135271425232,90.99999416353539,91.0000026474908,0.44917025553801865,True,True,0.42277802292684735
core_component_diagnostic_0_20kyr,strong_monsoon_start,Strong monsoon starts,co2_after_ep_baseline,CO2 vs EP baseline,13.6,same_type_history_count+cheng_log_resolution_scaled,same_type_history_count+cheng_log_resolution_scaled+co2_after_ep_baseline_lag,True,3100,91,1,-403.7683434289221,-403.61496376876505,0.15337966015704296,4.947730972807838e-05,7.138066938122594e-05,0.0024316491767230816,0.3067593203140859,0.5796756377382322,1.698412812783772,90.99999416353539,91.00002844871584,0.5427997171703074,True,True,0.6729567748455338
core_component_diagnostic_0_20kyr,strong_monsoon_start,Strong monsoon starts,full_after_climate_state,Full predictive model vs climate-state,13.6,same_type_history_count+cheng_log_resolution_scaled+lr04_lag+co2_lag,same_type_history_count+cheng_log_resolution_scaled+lr04_lag+co2_lag+pre_phase_sin_lag+pre_phase_cos_lag,True,3100,91,2,-400.19933346330663,-393.4288596686916,6.770473794615043,0.00218402380471453,0.0031508803122450983,0.10733768096659126,13.540947589230086,0.0011471510081537887,-9.524117451861116,90.99998967375456,91.00007028907892,0.7930470476594872,True,True,0.002048070120869501
core_component_diagnostic_0_20kyr,strong_monsoon_start,Strong monsoon starts,lr04_after_ep_baseline,LR04 vs EP baseline,13.8,same_type_history_count+cheng_log_resolution_scaled,same_type_history_count+cheng_log_resolution_scaled+lr04_after_ep_baseline_lag,True,3100,91,1,-403.7683434289221,-403.16852660587244,0.5998168230496503,0.00019348929775795173,0.00027914605034048495,0.009509370945664872,1.1996336460993007,0.2733949129240935,0.8055384869985573,90.99999416353539,91.0000155285723,0.442251487192741,True,True,0.35401136160683905
core_component_diagnostic_0_20kyr,strong_monsoon_start,Strong monsoon starts,co2_after_ep_baseline,CO2 vs EP baseline,13.8,same_type_history_count+cheng_log_resolution_scaled,same_type_history_count+cheng_log_resolution_scaled+co2_after_ep_baseline_lag,True,3100,91,1,-403.7683434289221,-403.588557154236,0.1797862746860801,5.7995572479380676e-05,8.366992480951894e-05,0.002850294141862733,0.3595725493721602,0.5487437265006052,1.6455995837256978,90.99999416353539,91.00001075569894,0.5452618671974829,True,True,0.6540607815554882
core_component_diagnostic_0_20kyr,strong_monsoon_start,Strong monsoon starts,full_after_climate_state,Full predictive model vs climate-state,13.8,same_type_history_count+cheng_log_resolution_scaled+lr04_lag+co2_lag,same_type_history_count+cheng_log_resolution_scaled+lr04_lag+co2_lag+pre_phase_sin_lag+pre_phase_cos_lag,True,3100,91,2,-399.2629487035887,-392.6708077161462,6.592140987442463,0.002126497092723375,0.0030678868101368115,0.1045104297958694,13.184281974884925,0.0013711013082483067,-9.167451837515955,90.9999903789227,90.9999752120103,0.8156605615834633,True,True,0.002048070120869501
core_component_diagnostic_0_20kyr,strong_monsoon_start,Strong monsoon starts,lr04_after_ep_baseline,LR04 vs EP baseline,14.0,same_type_history_count+cheng_log_resolution_scaled,same_type_history_count+cheng_log_resolution_scaled+lr04_after_ep_baseline_lag,True,3100,91,1,-403.7683434289221,-403.0461420608764,0.7222013680457167,0.00023296818324055376,0.0003361020426460582,0.011449630024206379,1.4444027360914333,0.22942820871511974,0.5607693970064247,90.99999416353539,91.00001568633928,0.45010183837976775,True,True,0.302060417714325
core_component_diagnostic_0_20kyr,strong_monsoon_start,Strong monsoon starts,co2_after_ep_baseline,CO2 vs EP baseline,14.0,same_type_history_count+cheng_log_resolution_scaled,same_type_history_count+cheng_log_resolution_scaled+co2_after_ep_baseline_lag,True,3100,91,1,-403.7683434289221,-403.63469272000356,0.13365070891853748,4.311313190920564e-05,6.219910160260269e-05,0.0021188704941545976,0.26730141783707495,0.6051477754656422,1.737870715260783,90.99999416353539,91.00001679317721,0.5405351288975598,True,True,0.6945446059321575
core_component_diagnostic_0_20kyr,strong_monsoon_start,Strong monsoon starts,full_after_climate_state,Full predictive model vs climate-state,14.0,same_type_history_count+cheng_log_resolution_scaled+lr04_lag+co2_lag,same_type_history_count+cheng_log_resolution_scaled+lr04_lag+co2_lag+pre_phase_sin_lag+pre_phase_cos_lag,True,3100,91,2,-399.08699714344505,-392.6340328371534,6.452964306291619,0.002081601389126329,0.0030031160012001317,0.10230395168923526,12.905928612583239,0.0015758439541834713,-8.889098475214269,91.00000748135909,91.00001322406607,0.8725131879718612,True,True,0.0022416935122891632
core_component_diagnostic_0_20kyr,strong_monsoon_start,Strong monsoon starts,lr04_after_ep_baseline,LR04 vs EP baseline,14.2,same_type_history_count+cheng_log_resolution_scaled,same_type_history_count+cheng_log_resolution_scaled+lr04_after_ep_baseline_lag,True,3100,91,1,-403.7683434289221,-402.9547011993946,0.8136422295274883,0.0002624652353314478,0.0003786572934184346,0.012899314391177441,1.6272844590549767,0.2020790577954118,0.37788767404288137,90.99999416353539,91.00002295992851,0.4554429690162328,True,True,0.2721331311644879
core_component_diagnostic_0_20kyr,strong_monsoon_start,Strong monsoon starts,co2_after_ep_baseline,CO2 vs EP baseline,14.2,same_type_history_count+cheng_log_resolution_scaled,same_type_history_count+cheng_log_resolution_scaled+co2_after_ep_baseline_lag,True,3100,91,1,-403.7683434289221,-403.64839028866373,0.11995314025836024,3.8694561373664594e-05,5.582445180315954e-05,0.0019017120943933472,0.23990628051672047,0.6242738121014044,1.7652658525811376,90.99999416353539,91.00002436372554,0.5358122000621326,True,True,0.7084455620476612
core_component_diagnostic_0_20kyr,strong_monsoon_start,Strong monsoon starts,full_after_climate_state,Full predictive model vs climate-state,14.2,same_type_history_count+cheng_log_resolution_scaled+lr04_lag+co2_lag,same_type_history_count+cheng_log_resolution_scaled+lr04_lag+co2_lag+pre_phase_sin_lag+pre_phase_cos_lag,True,3100,91,2,-398.7882246063947,-392.46387929780417,6.324345308590523,0.002040111389867911,0.0029432585850235255,0.10026485289640581,12.648690617181046,0.0017921391646666693,-8.631860479812076,90.99999427755887,90.99992762980997,0.917442542675823,True,True,0.0025139729948796333
core_component_diagnostic_0_20kyr,strong_monsoon_start,Strong monsoon starts,lr04_after_ep_baseline,LR04 vs EP baseline,14.4,same_type_history_count+cheng_log_resolution_scaled,same_type_history_count+cheng_log_resolution_scaled+lr04_after_ep_baseline_lag,True,3100,91,1,-403.7683434289221,-402.8887235459405,0.8796198829816149,0.00028374834934890805,0.00040936233646609877,0.013945310363130837,1.7592397659632297,0.184719368684401,0.2459323671346283,90.99999416353539,91.00002690920861,0.4573246086125775,True,True,0.2521169761773581
core_component_diagnostic_0_20kyr,strong_monsoon_start,Strong monsoon starts,co2_after_ep_baseline,CO2 vs EP baseline,14.4,same_type_history_count+cheng_log_resolution_scaled,same_type_history_count+cheng_log_resolution_scaled+co2_after_ep_baseline_lag,True,3100,91,1,-403.7683434289221,-403.66464293807906,0.103700490843039,3.345177123969e-05,4.8260704476452815e-05,0.0016440459766703707,0.207400981686078,0.6488121594006887,1.79777115141178,90.99999416353539,91.00003289615987,0.5298435743393979,True,True,0.708534494056545
core_component_diagnostic_0_20kyr,strong_monsoon_start,Strong monsoon starts,full_after_climate_state,Full predictive model vs climate-state,14.4,same_type_history_count+cheng_log_resolution_scaled+lr04_lag+co2_lag,same_type_history_count+cheng_log_resolution_scaled+lr04_lag+co2_lag+pre_phase_sin_lag+pre_phase_cos_lag,True,3100,91,2,-398.67053439137067,-392.46231694896045,6.208217442410216,0.002002650787874263,0.0028892143602985755,0.09842378590028114,12.416434884820433,0.002012822239646549,-8.399604747451463,90.99999834460327,91.00003853691244,0.9777871085602124,True,True,0.002784863646634267
core_component_diagnostic_0_20kyr,strong_monsoon_start,Strong monsoon starts,lr04_after_ep_baseline,LR04 vs EP baseline,14.6,same_type_history_count+cheng_log_resolution_scaled,same_type_history_count+cheng_log_resolution_scaled+lr04_after_ep_baseline_lag,True,3100,91,1,-403.7683434289221,-402.8667159221103,0.901627506811792,0.00029084758284251357,0.0004196043654214363,0.014294214646224752,1.803255013623584,0.1793194772081169,0.20191711947427393,90.99999416353539,91.00001110211409,0.45483789396999463,True,True,0.24940206233720982
core_component_diagnostic_0_20kyr,strong_monsoon_start,Strong monsoon starts,co2_after_ep_baseline,CO2 vs EP baseline,14.6,same_type_history_count+cheng_log_resolution_scaled,same_type_history_count+cheng_log_resolution_scaled+co2_after_ep_baseline_lag,True,3100,91,1,-403.7683434289221,-403.6669076666932,0.1014357622289026,3.2721213622226646e-05,4.7206732624654785e-05,0.0016081414410596684,0.2028715244578052,0.6524129499728584,1.8023006086400528,90.99999416353539,91.00002514408075,0.5323882064084747,True,True,0.708534494056545
core_component_diagnostic_0_20kyr,strong_monsoon_start,Strong monsoon starts,full_after_climate_state,Full predictive model vs climate-state,14.6,same_type_history_count+cheng_log_resolution_scaled+lr04_lag+co2_lag,same_type_history_count+cheng_log_resolution_scaled+lr04_lag+co2_lag+pre_phase_sin_lag+pre_phase_cos_lag,True,3100,91,2,-398.594076782808,-392.4760157591471,6.118061023660857,0.0019735680721486635,0.002847256870545669,0.09699446482078652,12.236122047321714,0.0022027228524995413,-8.219291909952744,90.99999280544031,90.9999554296089,0.907678374277174,True,True,0.003006419028411536
core_component_diagnostic_0_20kyr,strong_monsoon_start,Strong monsoon starts,lr04_after_ep_baseline,LR04 vs EP baseline,14.8,same_type_history_count+cheng_log_resolution_scaled,same_type_history_count+cheng_log_resolution_scaled+lr04_after_ep_baseline_lag,True,3100,91,1,-403.7683434289221,-402.87060752449906,0.8977359044230298,0.0002895922272332354,0.0004177932701093785,0.01423251799273707,1.7954718088460595,0.1802608965407556,0.20970032425179852,90.99999416353539,91.0000101028239,0.4508727315806916,True,True,0.24940206233720982
core_component_diagnostic_0_20kyr,strong_monsoon_start,Strong monsoon starts,co2_after_ep_baseline,CO2 vs EP baseline,14.8,same_type_history_count+cheng_log_resolution_scaled,same_type_history_count+cheng_log_resolution_scaled+co2_after_ep_baseline_lag,True,3100,91,1,-403.7683434289221,-403.67697759090015,0.09136583802194309,2.9472850974820353e-05,4.252033594223277e-05,0.001448494960669468,0.18273167604388618,0.6690361157082758,1.8224404570539718,90.99999416353539,90.99999719637181,0.5324159377211284,True,True,0.7188579541120836
core_component_diagnostic_0_20kyr,strong_monsoon_start,Strong monsoon starts,full_after_climate_state,Full predictive model vs climate-state,14.8,same_type_history_count+cheng_log_resolution_scaled+lr04_lag+co2_lag,same_type_history_count+cheng_log_resolution_scaled+lr04_lag+co2_lag+pre_phase_sin_lag+pre_phase_cos_lag,True,3100,91,2,-398.74050123671,-392.68010938483036,6.060391851879615,0.0019549651135095532,0.002820418474371162,0.09608018978627035,12.12078370375923,0.002333486327351346,-8.10395356639026,91.00000188929536,91.00000312540192,0.8542894331777328,True,True,0.0031424282541664796
core_component_diagnostic_0_20kyr,strong_monsoon_start,Strong monsoon starts,lr04_after_ep_baseline,LR04 vs EP baseline,15.0,same_type_history_count+cheng_log_resolution_scaled,same_type_history_count+cheng_log_resolution_scaled+lr04_after_ep_baseline_lag,True,3100,91,1,-403.7683434289221,-402.8453795072475,0.9229639216745795,0.0002977302973143805,0.00042953402345785336,0.014632477722190609,1.845927843349159,0.17425775402451799,0.15924428974869898,90.99999416353539,91.00000663123969,0.4482189184407066,True,True,0.24788779093628616
core_component_diagnostic_0_20kyr,strong_monsoon_start,Strong monsoon starts,co2_after_ep_baseline,CO2 vs EP baseline,15.0,same_type_history_count+cheng_log_resolution_scaled,same_type_history_count+cheng_log_resolution_scaled+co2_after_ep_baseline_lag,True,3100,91,1,-403.7683434289221,-403.70248331686753,0.06586011205456543,2.1245197436956592e-05,3.0650340985004196e-05,0.0010441324950935494,0.13172022410913087,0.716655077064366,1.8734519089887272,90.99999416353539,90.99999358735428,0.5259630098186804,True,True,0.7539808623281351
core_component_diagnostic_0_20kyr,strong_monsoon_start,Strong monsoon starts,full_after_climate_state,Full predictive model vs climate-state,15.0,same_type_history_count+cheng_log_resolution_scaled+lr04_lag+co2_lag,same_type_history_count+cheng_log_resolution_scaled+lr04_lag+co2_lag+pre_phase_sin_lag+pre_phase_cos_lag,True,3100,91,2,-398.9766708819596,-392.9725498245203,6.004121057439306,0.00193681324433526,0.002794230862730544,0.09518808433477678,12.008242114878612,0.002468558116150211,-7.991411977509642,91.0000053061414,91.00000544398925,0.8718822432664639,True,True,0.003280583812252254
core_component_diagnostic_0_20kyr,strong_monsoon_start,Strong monsoon starts,lr04_after_ep_baseline,LR04 vs EP baseline,15.2,same_type_history_count+cheng_log_resolution_scaled,same_type_history_count+cheng_log_resolution_scaled+lr04_after_ep_baseline_lag,True,3100,91,1,-403.7683434289221,-402.7718727449145,0.9964706840075905,0.0003214421561314808,0.00046374300458354326,0.015797838617681144,1.992941368015181,0.15803367298402604,0.012230765082676953,90.99999416353539,91.00001671506791,0.44739467606510264,True,True,0.23132465175922653
core_component_diagnostic_0_20kyr,strong_monsoon_start,Strong monsoon starts,co2_after_ep_baseline,CO2 vs EP baseline,15.2,same_type_history_count+cheng_log_resolution_scaled,same_type_history_count+cheng_log_resolution_scaled+co2_after_ep_baseline_lag,True,3100,91,1,-403.7683434289221,-403.7460834622524,0.022259966669707865,7.180634409583182e-06,1.0359465653142307e-05,0.0003529048738982544,0.04451993333941573,0.8328892437277012,1.9606521997584423,90.99999416353539,90.99991770547729,0.5190800795298497,True,True,0.8583858532295696
core_component_diagnostic_0_20kyr,strong_monsoon_start,Strong monsoon starts,full_after_climate_state,Full predictive model vs climate-state,15.2,same_type_history_count+cheng_log_resolution_scaled+lr04_lag+co2_lag,same_type_history_count+cheng_log_resolution_scaled+lr04_lag+co2_lag+pre_phase_sin_lag+pre_phase_cos_lag,True,3100,91,2,-399.4441371940328,-393.4866220129935,5.957515181039298,0.0019217790906578382,0.002772541163776165,0.09444920448028694,11.915030362078596,0.0025863305574210216,-7.898200224709626,91.00000273248338,91.00000791614748,0.8437170002056876,True,True,0.00339245956233147
core_component_diagnostic_0_20kyr,strong_monsoon_start,Strong monsoon starts,lr04_after_ep_baseline,LR04 vs EP baseline,15.4,same_type_history_count+cheng_log_resolution_scaled,same_type_history_count+cheng_log_resolution_scaled+lr04_after_ep_baseline_lag,True,3100,91,1,-403.7683434289221,-402.6748553765492,1.0934880523728907,0.0003527380814106099,0.0005088934807837744,0.017335931762963743,2.1869761047457814,0.13918232685276757,-0.1818039716479234,90.99999416353539,91.00001732362243,0.44863711961060676,True,True,0.20672669135484595
core_component_diagnostic_0_20kyr,strong_monsoon_start,Strong monsoon starts,co2_after_ep_baseline,CO2 vs EP baseline,15.4,same_type_history_count+cheng_log_resolution_scaled,same_type_history_count+cheng_log_resolution_scaled+co2_after_ep_baseline_lag,True,3100,91,1,-403.7683434289221,-403.7656775534108,0.0026658755112975996,8.599598423540644e-07,1.2406597999278634e-06,4.226423494259755e-05,0.005331751022595199,0.9417911252265398,1.9998403820752628,90.99999416353539,91.0000078062495,0.509882942699195,True,True,0.9504496925507372
core_component_diagnostic_0_20kyr,strong_monsoon_start,Strong monsoon starts,full_after_climate_state,Full predictive model vs climate-state,15.4,same_type_history_count+cheng_log_resolution_scaled+lr04_lag+co2_lag,same_type_history_count+cheng_log_resolution_scaled+lr04_lag+co2_lag+pre_phase_sin_lag+pre_phase_cos_lag,True,3100,91,2,-399.7293560654509,-393.8394995156122,5.889856549838669,0.0018999537257544093,0.0027410538180643955,0.09337655863735854,11.779713099677338,0.0027673736486391372,-7.7628829623083675,90.99998035783713,91.00000250026676,0.8237727039641674,True,True,0.0035833940834942677
core_component_diagnostic_0_20kyr,strong_monsoon_start,Strong monsoon starts,lr04_after_ep_baseline,LR04 vs EP baseline,15.6,same_type_history_count+cheng_log_resolution_scaled,same_type_history_count+cheng_log_resolution_scaled+lr04_after_ep_baseline_lag,True,3100,91,1,-403.7683434289221,-402.5563188264524,1.2120246024696826,0.00039097567821602664,0.0005640586720704608,0.01921518553207064,2.424049204939365,0.11948571954928316,-0.41887707184150713,90.99999416353539,91.00004773868558,0.45193116499425345,True,True,0.18284935870420607
core_component_diagnostic_0_20kyr,strong_monsoon_start,Strong monsoon starts,co2_after_ep_baseline,CO2 vs EP baseline,15.6,same_type_history_count+cheng_log_resolution_scaled,same_type_history_count+cheng_log_resolution_scaled+co2_after_ep_baseline_lag,True,3100,91,1,-403.7683434289221,-403.7664126103223,0.0019308185998170302,6.228447096183968e-07,8.985749738103876e-07,3.0610795811123095e-05,0.0038616371996340604,0.9504496925507372,2.001310495898224,90.99999416353539,91.00001487781418,0.502013551366356,True,True,0.9504496925507372
core_component_diagnostic_0_20kyr,strong_monsoon_start,Strong monsoon starts,full_after_climate_state,Full predictive model vs climate-state,15.6,same_type_history_count+cheng_log_resolution_scaled+lr04_lag+co2_lag,same_type_history_count+cheng_log_resolution_scaled+lr04_lag+co2_lag+pre_phase_sin_lag+pre_phase_cos_lag,True,3100,91,2,-399.91740666240776,-394.0952835164204,5.822123145987348,0.00187810424064108,0.0027095316742454184,0.09230272736440435,11.644246291974696,0.002961311169704038,-7.627416154605726,91.00001809783072,90.99998702480808,0.8465899895456163,True,True,0.0037859801030393396
core_component_diagnostic_0_20kyr,strong_monsoon_start,Strong monsoon starts,lr04_after_ep_baseline,LR04 vs EP baseline,15.8,same_type_history_count+cheng_log_resolution_scaled,same_type_history_count+cheng_log_resolution_scaled+lr04_after_ep_baseline_lag,True,3100,91,1,-403.7683434289221,-402.4127725668636,1.355570862058471,0.00043728092324466807,0.00063086301944043,0.021490938024893772,2.711141724116942,0.09964964905607446,-0.705969591019084,90.99999416353539,91.00001748486088,0.4573522604805041,True,True,0.1548402239179003
core_component_diagnostic_0_20kyr,strong_monsoon_start,Strong monsoon starts,co2_after_ep_baseline,CO2 vs EP baseline,15.8,same_type_history_count+cheng_log_resolution_scaled,same_type_history_count+cheng_log_resolution_scaled+co2_after_ep_baseline_lag,True,3100,91,1,-403.7683434289221,-403.7593859924005,0.008957436521598083,2.889495652128414e-06,4.168661047995884e-06,0.0001420093324042554,0.017914873043196167,0.8935239932827672,1.9872572600546619,90.99999416353539,91.00001964502383,0.497653460487809,True,True,0.9115749830460554
core_component_diagnostic_0_20kyr,strong_monsoon_start,Strong monsoon starts,full_after_climate_state,Full predictive model vs climate-state,15.8,same_type_history_count+cheng_log_resolution_scaled+lr04_lag+co2_lag,same_type_history_count+cheng_log_resolution_scaled+lr04_lag+co2_lag+pre_phase_sin_lag+pre_phase_cos_lag,True,3100,91,2,-399.74918496232544,-394.03669122001725,5.712493742308197,0.0018427399168736121,0.0026585117397217007,0.09056468563887113,11.424987484616395,0.003304421885007026,-7.408157347247425,91.00006473496782,91.00003113330814,0.8817731554389472,True,True,0.004171832629821371
core_component_diagnostic_0_20kyr,strong_monsoon_start,Strong monsoon starts,lr04_after_ep_baseline,LR04 vs EP baseline,16.0,same_type_history_count+cheng_log_resolution_scaled,same_type_history_count+cheng_log_resolution_scaled+lr04_after_ep_baseline_lag,True,3100,91,1,-403.7683434289221,-402.28285259383813,1.485490835083965,0.0004791905919625694,0.0006913258906650455,0.023550662209468585,2.97098167016793,0.08477039939544159,-0.9658095370700721,90.99999416353539,91.00009567045569,0.46627840418965133,True,True,0.1359017514117397
core_component_diagnostic_0_20kyr,strong_monsoon_start,Strong monsoon starts,co2_after_ep_baseline,CO2 vs EP baseline,16.0,same_type_history_count+cheng_log_resolution_scaled,same_type_history_count+cheng_log_resolution_scaled+co2_after_ep_baseline_lag,True,3100,91,1,-403.7683434289221,-403.7386575576123,0.0296858713097663,9.576087519279451e-06,1.3815373975183162e-05,0.000470633618934811,0.0593717426195326,0.8074916962941466,1.9458003904783254,90.99999416353539,90.99990007481688,0.4900415330319987,True,True,0.8407903229454518
core_component_diagnostic_0_20kyr,strong_monsoon_start,Strong monsoon starts,full_after_climate_state,Full predictive model vs climate-state,16.0,same_type_history_count+cheng_log_resolution_scaled+lr04_lag+co2_lag,same_type_history_count+cheng_log_resolution_scaled+lr04_lag+co2_lag+pre_phase_sin_lag+pre_phase_cos_lag,True,3100,91,2,-399.806344352231,-394.1687822790284,5.637562073202616,0.0018185684107105214,0.002623639627649393,0.08937673456827602,11.275124146405233,0.0035615406061154653,-7.258294009036263,90.99991005185638,90.99999572870166,0.8813396722704491,True,True,0.004440933348366197
core_component_diagnostic_0_20kyr,strong_monsoon_start,Strong monsoon starts,lr04_after_ep_baseline,LR04 vs EP baseline,16.2,same_type_history_count+cheng_log_resolution_scaled,same_type_history_count+cheng_log_resolution_scaled+lr04_after_ep_baseline_lag,True,3100,91,1,-403.7683434289221,-402.1688182327,1.599525196222089,0.000515975869749061,0.0007443958285053401,0.02535853921281928,3.199050392444178,0.07368104052889804,-1.1938782593463202,90.99999416353539,90.99998268647354,0.4739566214353577,True,True,0.12002879182933392
core_component_diagnostic_0_20kyr,strong_monsoon_start,Strong monsoon starts,co2_after_ep_baseline,CO2 vs EP baseline,16.2,same_type_history_count+cheng_log_resolution_scaled,same_type_history_count+cheng_log_resolution_scaled+co2_after_ep_baseline_lag,True,3100,91,1,-403.7683434289221,-403.6852087726566,0.08313465626548577,2.6817631053382507e-05,3.868966332910481e-05,0.0013179995200024717,0.16626931253097155,0.6834488970023032,1.8389028205668865,90.99999416353539,90.99988133638703,0.48078392692260663,True,True,0.7266140904971855
core_component_diagnostic_0_20kyr,strong_monsoon_start,Strong monsoon starts,full_after_climate_state,Full predictive model vs climate-state,16.2,same_type_history_count+cheng_log_resolution_scaled+lr04_lag+co2_lag,same_type_history_count+cheng_log_resolution_scaled+lr04_lag+co2_lag+pre_phase_sin_lag+pre_phase_cos_lag,True,3100,91,2,-400.12958634224276,-394.5201883246348,5.609398017607987,0.0018094832314864474,0.0026105324846372336,0.08893022749863104,11.218796035215973,0.0036632739205077125,-7.201965897847003,91.0000097019348,91.00000108108637,0.8632017539353085,True,True,0.00451208129233267
core_component_diagnostic_0_20kyr,strong_monsoon_start,Strong monsoon starts,lr04_after_ep_baseline,LR04 vs EP baseline,16.4,same_type_history_count+cheng_log_resolution_scaled,same_type_history_count+cheng_log_resolution_scaled+lr04_after_ep_baseline_lag,True,3100,91,1,-403.7683434289221,-402.038066566301,1.7302768626211105,0.0005581538266519711,0.0008052457577639968,0.027431448890861434,3.460553725242221,0.06284926458107301,-1.455381592144363,90.99999416353539,91.00000444654063,0.4824557638957437,True,True,0.10579626204480624
core_component_diagnostic_0_20kyr,strong_monsoon_start,Strong monsoon starts,co2_after_ep_baseline,CO2 vs EP baseline,16.4,same_type_history_count+cheng_log_resolution_scaled,same_type_history_count+cheng_log_resolution_scaled+co2_after_ep_baseline_lag,True,3100,91,1,-403.7683434289221,-403.6591619713465,0.1091814575755734,3.5219825024378516e-05,5.08114669036479e-05,0.0017309400813330603,0.2183629151511468,0.6402901358917692,1.7868092179467112,90.99999416353539,90.99991418483745,0.48087983738479934,True,True,0.708534494056545
core_component_diagnostic_0_20kyr,strong_monsoon_start,Strong monsoon starts,full_after_climate_state,Full predictive model vs climate-state,16.4,same_type_history_count+cheng_log_resolution_scaled+lr04_lag+co2_lag,same_type_history_count+cheng_log_resolution_scaled+lr04_lag+co2_lag+pre_phase_sin_lag+pre_phase_cos_lag,True,3100,91,2,-399.9882381150096,-394.4748621506858,5.513375964323814,0.001778508375588327,0.0025658452136407654,0.08740791387127882,11.026751928647627,0.00403247090013772,-7.009921791278657,90.99988636971514,90.99999593564158,0.8732941106202623,True,True,0.004906982661613371
core_component_diagnostic_0_20kyr,strong_monsoon_start,Strong monsoon starts,lr04_after_ep_baseline,LR04 vs EP baseline,16.6,same_type_history_count+cheng_log_resolution_scaled,same_type_history_count+cheng_log_resolution_scaled+lr04_after_ep_baseline_lag,True,3100,91,1,-403.7683434289221,-401.88575670507794,1.882586723844156,0.0006072860399497277,0.0008761285582365692,0.029846137698168837,3.765173447688312,0.052330430484433525,-1.760001314590454,90.99999416353539,91.00001351838506,0.49198801534086445,True,True,0.08958260133775908
core_component_diagnostic_0_20kyr,strong_monsoon_start,Strong monsoon starts,co2_after_ep_baseline,CO2 vs EP baseline,16.6,same_type_history_count+cheng_log_resolution_scaled,same_type_history_count+cheng_log_resolution_scaled+co2_after_ep_baseline_lag,True,3100,91,1,-403.7683434289221,-403.65805874192563,0.1102846869964651,3.5575705482730676e-05,5.132489387606185e-05,0.0017484304507229863,0.2205693739929302,0.6386064260279475,1.7846027591049278,90.99999416353539,90.99987665985569,0.47929344422220715,True,True,0.708534494056545
core_component_diagnostic_0_20kyr,strong_monsoon_start,Strong monsoon starts,full_after_climate_state,Full predictive model vs climate-state,16.6,same_type_history_count+cheng_log_resolution_scaled+lr04_lag+co2_lag,same_type_history_count+cheng_log_resolution_scaled+lr04_lag+co2_lag+pre_phase_sin_lag+pre_phase_cos_lag,True,3100,91,2,-399.56856135463204,-394.1924253971908,5.3761359574412495,0.0017342374056262095,0.0025019757048210744,0.08523213939500363,10.752271914882499,0.004625661193674191,-6.735441777513529,91.00028057564143,90.9999960517082,0.9014311266766941,True,True,0.0053544621870380595
core_component_diagnostic_0_20kyr,strong_monsoon_start,Strong monsoon starts,lr04_after_ep_baseline,LR04 vs EP baseline,16.8,same_type_history_count+cheng_log_resolution_scaled,same_type_history_count+cheng_log_resolution_scaled+lr04_after_ep_baseline_lag,True,3100,91,1,-403.7683434289221,-401.78660999934846,1.9817334295736373,0.0006392688482495605,0.0009222699971644402,0.03141798891439302,3.9634668591472746,0.04649784627979957,-1.9582947260494166,90.99999416353539,91.0000269812453,0.5005986184381412,True,True,0.08386218704035278
core_component_diagnostic_0_20kyr,strong_monsoon_start,Strong monsoon starts,co2_after_ep_baseline,CO2 vs EP baseline,16.8,same_type_history_count+cheng_log_resolution_scaled,same_type_history_count+cheng_log_resolution_scaled+co2_after_ep_baseline_lag,True,3100,91,1,-403.7683434289221,-403.595813505297,0.17252992362512032,5.5654814072619454e-05,8.029292426416539e-05,0.002735253463944096,0.34505984725024064,0.5569230417205147,1.6601122858476174,90.99999416353539,90.99991145672121,0.4720098524688299,True,True,0.6540607815554882
core_component_diagnostic_0_20kyr,strong_monsoon_start,Strong monsoon starts,full_after_climate_state,Full predictive model vs climate-state,16.8,same_type_history_count+cheng_log_resolution_scaled+lr04_lag+co2_lag,same_type_history_count+cheng_log_resolution_scaled+lr04_lag+co2_lag+pre_phase_sin_lag+pre_phase_cos_lag,True,3100,91,2,-399.76966612146555,-394.4167649165265,5.35290120493903,0.0017267423241738807,0.0024911625879787407,0.08486378046960545,10.70580240987806,0.004734395603540193,-6.6889722725090905,90.99997735094453,90.99995679006062,0.8783904207422206,True,True,0.0053544621870380595
core_component_diagnostic_0_20kyr,strong_monsoon_start,Strong monsoon starts,lr04_after_ep_baseline,LR04 vs EP baseline,17.0,same_type_history_count+cheng_log_resolution_scaled,same_type_history_count+cheng_log_resolution_scaled+lr04_after_ep_baseline_lag,True,3100,91,1,-403.7683434289221,-401.71958918044606,2.0487542484760297,0.0006608884672503322,0.0009534605142827625,0.03248052301402817,4.097508496952059,0.04294645652101102,-2.0923363638542014,90.99999416353539,91.00002574266996,0.5087818233830237,True,True,0.08029427259993815
core_component_diagnostic_0_20kyr,strong_monsoon_start,Strong monsoon starts,co2_after_ep_baseline,CO2 vs EP baseline,17.0,same_type_history_count+cheng_log_resolution_scaled,same_type_history_count+cheng_log_resolution_scaled+co2_after_ep_baseline_lag,True,3100,91,1,-403.7683434289221,-403.5933002158712,0.17504321305091253,5.6465552597068556e-05,8.146257271284575e-05,0.0027750986308771627,0.35008642610182505,0.5540642104304909,1.655085706996033,90.99999416353539,90.99998997823364,0.4700930304705185,True,True,0.6540607815554882
core_component_diagnostic_0_20kyr,strong_monsoon_start,Strong monsoon starts,full_after_climate_state,Full predictive model vs climate-state,17.0,same_type_history_count+cheng_log_resolution_scaled+lr04_lag+co2_lag,same_type_history_count+cheng_log_resolution_scaled+lr04_lag+co2_lag+pre_phase_sin_lag+pre_phase_cos_lag,True,3100,91,2,-399.6077455521808,-394.31860119947567,5.2891443527051365,0.0017061755976468182,0.002461491073610828,0.08385299261751172,10.578288705410273,0.005046076074362796,-6.561458568041303,90.99996449342208,90.99999624347986,0.8820500192158878,True,True,0.0053544621870380595
core_component_diagnostic_0_20kyr,strong_monsoon_start,Strong monsoon starts,lr04_after_ep_baseline,LR04 vs EP baseline,17.2,same_type_history_count+cheng_log_resolution_scaled,same_type_history_count+cheng_log_resolution_scaled+lr04_after_ep_baseline_lag,True,3100,91,1,-403.7683434289221,-401.6465048610215,2.121838567900568,0.0006844640541614735,0.0009874728966055126,0.03363918658766032,4.243677135801136,0.03939675102717709,-2.2385050027032776,90.99999416353539,91.00002537243753,0.5175856096540103,True,True,0.07903879311895594
core_component_diagnostic_0_20kyr,strong_monsoon_start,Strong monsoon starts,co2_after_ep_baseline,CO2 vs EP baseline,17.2,same_type_history_count+cheng_log_resolution_scaled,same_type_history_count+cheng_log_resolution_scaled+co2_after_ep_baseline_lag,True,3100,91,1,-403.7683434289221,-403.5180491448517,0.2502942840703781,8.074009163560584e-05,0.00011648332980360903,0.003968113432870198,0.5005885681407563,0.47924162456719666,1.5045835649571018,90.99999416353539,90.99990821691247,0.4689582043307917,True,True,0.5902854156254496
core_component_diagnostic_0_20kyr,strong_monsoon_start,Strong monsoon starts,full_after_climate_state,Full predictive model vs climate-state,17.2,same_type_history_count+cheng_log_resolution_scaled+lr04_lag+co2_lag,same_type_history_count+cheng_log_resolution_scaled+lr04_lag+co2_lag+pre_phase_sin_lag+pre_phase_cos_lag,True,3100,91,2,-399.8575065839306,-394.5696203185964,5.287886265334237,0.001705769763011044,0.0024609055779943757,0.08383304716244576,10.575772530668473,0.005052428474043587,-6.558942393299503,90.9999502505972,91.00004196907825,0.8577848948423532,True,True,0.0053544621870380595
core_component_diagnostic_0_20kyr,strong_monsoon_start,Strong monsoon starts,lr04_after_ep_baseline,LR04 vs EP baseline,17.4,same_type_history_count+cheng_log_resolution_scaled,same_type_history_count+cheng_log_resolution_scaled+lr04_after_ep_baseline_lag,True,3100,91,1,-403.7683434289221,-401.58190994831193,2.1864334806101624,0.0007053011227774718,0.0010175344321644764,0.03466326087593271,4.372866961220325,0.0365155060522435,-2.367694828122467,90.99999416353539,91.000001923101,0.5265284355656479,True,True,0.07903879311895594
core_component_diagnostic_0_20kyr,strong_monsoon_start,Strong monsoon starts,co2_after_ep_baseline,CO2 vs EP baseline,17.4,same_type_history_count+cheng_log_resolution_scaled,same_type_history_count+cheng_log_resolution_scaled+co2_after_ep_baseline_lag,True,3100,91,1,-403.7683434289221,-403.43942692228336,0.32891650663873406,0.00010610209891572066,0.00015307297193362047,0.005214573769167291,0.6578330132774681,0.41732601503772226,1.34733911982039,90.99999416353539,90.99990535211147,0.4614876163577557,True,True,0.5530753545651498
core_component_diagnostic_0_20kyr,strong_monsoon_start,Strong monsoon starts,full_after_climate_state,Full predictive model vs climate-state,17.4,same_type_history_count+cheng_log_resolution_scaled+lr04_lag+co2_lag,same_type_history_count+cheng_log_resolution_scaled+lr04_lag+co2_lag+pre_phase_sin_lag+pre_phase_cos_lag,True,3100,91,2,-400.0625377855416,-394.77303833342205,5.289499452119571,0.001706290145845023,0.002461656331728321,0.08385862228964609,10.578998904239143,0.005044284533809923,-6.5621687668701725,90.99993504740664,91.00003707635426,0.8384730192458735,True,True,0.0053544621870380595
core_component_diagnostic_0_20kyr,strong_monsoon_start,Strong monsoon starts,lr04_after_ep_baseline,LR04 vs EP baseline,17.6,same_type_history_count+cheng_log_resolution_scaled,same_type_history_count+cheng_log_resolution_scaled+lr04_after_ep_baseline_lag,True,3100,91,1,-403.7683434289221,-401.5259779564377,2.24236547248438,0.0007233437008014129,0.0010435643700044686,0.03554999502213025,4.48473094496876,0.03419892914347803,-2.479558811870902,90.99999416353539,91.00000496622732,0.5355419548311116,True,True,0.07903879311895594
core_component_diagnostic_0_20kyr,strong_monsoon_start,Strong monsoon starts,co2_after_ep_baseline,CO2 vs EP baseline,17.6,same_type_history_count+cheng_log_resolution_scaled,same_type_history_count+cheng_log_resolution_scaled+co2_after_ep_baseline_lag,True,3100,91,1,-403.7683434289221,-403.4257754573005,0.3425679716215768,0.00011050579729728284,0.00015942616575027099,0.005431001250833407,0.6851359432431536,0.4078237707961222,1.3200361898547044,90.99999416353539,90.9999128745334,0.4651678231738475,True,True,0.5530753545651498
core_component_diagnostic_0_20kyr,strong_monsoon_start,Strong monsoon starts,full_after_climate_state,Full predictive model vs climate-state,17.6,same_type_history_count+cheng_log_resolution_scaled+lr04_lag+co2_lag,same_type_history_count+cheng_log_resolution_scaled+lr04_lag+co2_lag+pre_phase_sin_lag+pre_phase_cos_lag,True,3100,91,2,-399.98885914384584,-394.73903346508746,5.249825678758384,0.0016934921544381884,0.002443192732992341,0.08322964255248635,10.499651357516768,0.005248433232839286,-6.482821220147798,90.99998368377447,91.0000420676712,0.8358699976432324,True,True,0.0053544621870380595
core_component_diagnostic_0_20kyr,strong_monsoon_start,Strong monsoon starts,lr04_after_ep_baseline,LR04 vs EP baseline,17.8,same_type_history_count+cheng_log_resolution_scaled,same_type_history_count+cheng_log_resolution_scaled+lr04_after_ep_baseline_lag,True,3100,91,1,-403.7683434289221,-401.48958901673257,2.278754412189528,0.0007350820684482349,0.00106049925479667,0.03612689769087557,4.557508824379056,0.03277471327621315,-2.552336691281198,90.99999416353539,91.0000034969824,0.5442655912636459,True,True,0.07903879311895594
core_component_diagnostic_0_20kyr,strong_monsoon_start,Strong monsoon starts,co2_after_ep_baseline,CO2 vs EP baseline,17.8,same_type_history_count+cheng_log_resolution_scaled,same_type_history_count+cheng_log_resolution_scaled+co2_after_ep_baseline_lag,True,3100,91,1,-403.7683434289221,-403.42094954862546,0.34739388029663587,0.00011206254203117286,0.00016167207365778413,0.005507510201528909,0.6947877605932717,0.40454064436504045,1.3103843725045863,90.99999416353539,90.99997340530457,0.4755973742959759,True,True,0.5530753545651498
core_component_diagnostic_0_20kyr,strong_monsoon_start,Strong monsoon starts,full_after_climate_state,Full predictive model vs climate-state,17.8,same_type_history_count+cheng_log_resolution_scaled+lr04_lag+co2_lag,same_type_history_count+cheng_log_resolution_scaled+lr04_lag+co2_lag+pre_phase_sin_lag+pre_phase_cos_lag,True,3100,91,2,-399.927603169807,-394.70500533353277,5.222597836274247,0.0016847089794433054,0.002430521289983963,0.08279797801044271,10.445195672548493,0.005393300001264563,-6.428365535179523,90.9999836626247,91.00008155146429,0.8135012553125259,True,True,0.0054093938041584405
core_component_diagnostic_0_20kyr,strong_monsoon_start,Strong monsoon starts,lr04_after_ep_baseline,LR04 vs EP baseline,18.0,same_type_history_count+cheng_log_resolution_scaled,same_type_history_count+cheng_log_resolution_scaled+lr04_after_ep_baseline_lag,True,3100,91,1,-403.7683434289221,-401.4957748487154,2.2725685802066664,0.000733086638776344,0.0010576204583045905,0.036028828799387146,4.545137160413333,0.033012377176018265,-2.539965027315475,90.99999416353539,91.00001644319954,0.5495628951179492,True,True,0.07903879311895594
core_component_diagnostic_0_20kyr,strong_monsoon_start,Strong monsoon starts,co2_after_ep_baseline,CO2 vs EP baseline,18.0,same_type_history_count+cheng_log_resolution_scaled,same_type_history_count+cheng_log_resolution_scaled+co2_after_ep_baseline_lag,True,3100,91,1,-403.7683434289221,-403.42352742075377,0.3448160081683227,0.00011123097037687829,0.0001604723693559895,0.005466641153885356,0.6896320163366454,0.40628957379602326,1.3155401167612126,90.99999416353539,91.00002944015827,0.4618232431804129,True,True,0.5530753545651498
core_component_diagnostic_0_20kyr,strong_monsoon_start,Strong monsoon starts,full_after_climate_state,Full predictive model vs climate-state,18.0,same_type_history_count+cheng_log_resolution_scaled+lr04_lag+co2_lag,same_type_history_count+cheng_log_resolution_scaled+lr04_lag+co2_lag+pre_phase_sin_lag+pre_phase_cos_lag,True,3100,91,2,-399.93643406592423,-394.71681582253495,5.219618243389277,0.001683747820448154,0.0024291346306681526,0.08275074016561838,10.439236486778555,0.0054093938041584405,-6.422406349409584,91.00005493621163,90.99995140427096,0.7678849568192214,True,True,0.0054093938041584405
core_component_diagnostic_0_20kyr,strong_monsoon_start,Strong monsoon starts,lr04_after_ep_baseline,LR04 vs EP baseline,18.2,same_type_history_count+cheng_log_resolution_scaled,same_type_history_count+cheng_log_resolution_scaled+lr04_after_ep_baseline_lag,True,3100,91,1,-403.7683434289221,-401.5327607670442,2.2355826618779133,0.000721155697379972,0.0010404077483189078,0.035442461755918836,4.471165323755827,0.03447147367275461,-2.4659931906579686,90.99999416353539,91.00000002165226,0.5516473125475098,True,True,0.07903879311895594
core_component_diagnostic_0_20kyr,strong_monsoon_start,Strong monsoon starts,co2_after_ep_baseline,CO2 vs EP baseline,18.2,same_type_history_count+cheng_log_resolution_scaled,same_type_history_count+cheng_log_resolution_scaled+co2_after_ep_baseline_lag,True,3100,91,1,-403.7683434289221,-403.36011526769664,0.4082281612254519,0.0001316865036211135,0.00018998346572618699,0.00647196421704593,0.8164563224509038,0.36621829528857386,1.1887158106469542,90.99999416353539,91.00002088392066,0.45696771479146137,True,True,0.5456597001038923
core_component_diagnostic_0_20kyr,strong_monsoon_start,Strong monsoon starts,full_after_climate_state,Full predictive model vs climate-state,18.2,same_type_history_count+cheng_log_resolution_scaled+lr04_lag+co2_lag,same_type_history_count+cheng_log_resolution_scaled+lr04_lag+co2_lag+pre_phase_sin_lag+pre_phase_cos_lag,True,3100,91,2,-400.258892378264,-394.98591119722033,5.27298118104369,0.001700961671304416,0.0024539689679330843,0.08359674506145671,10.54596236208738,0.005128299372763714,-6.52913222471841,90.99995658317195,90.99997083741235,0.7271258395383978,True,True,0.0053544621870380595
core_component_diagnostic_0_20kyr,strong_monsoon_start,Strong monsoon starts,lr04_after_ep_baseline,LR04 vs EP baseline,18.4,same_type_history_count+cheng_log_resolution_scaled,same_type_history_count+cheng_log_resolution_scaled+lr04_after_ep_baseline_lag,True,3100,91,1,-403.7683434289221,-401.58631869661167,2.182024732310424,0.0007038789459065884,0.001015482664645586,0.03459336549891557,4.364049464620848,0.036704955434584303,-2.35887733152299,90.99999416353539,91.00000579842562,0.5532322523806437,True,True,0.07903879311895594
core_component_diagnostic_0_20kyr,strong_monsoon_start,Strong monsoon starts,co2_after_ep_baseline,CO2 vs EP baseline,18.4,same_type_history_count+cheng_log_resolution_scaled,same_type_history_count+cheng_log_resolution_scaled+co2_after_ep_baseline_lag,True,3100,91,1,-403.7683434289221,-403.302440278302,0.46590315062007903,0.00015029133890970292,0.0002168245693335909,0.007386331482792657,0.9318063012401581,0.3343939982914556,1.0733658318577,90.99999416353539,91.00003376929271,0.450631576800998,True,True,0.5360919655148733
core_component_diagnostic_0_20kyr,strong_monsoon_start,Strong monsoon starts,full_after_climate_state,Full predictive model vs climate-state,18.4,same_type_history_count+cheng_log_resolution_scaled+lr04_lag+co2_lag,same_type_history_count+cheng_log_resolution_scaled+lr04_lag+co2_lag+pre_phase_sin_lag+pre_phase_cos_lag,True,3100,91,2,-400.5576533497522,-395.22959223591863,5.328061113833542,0.001718729391559207,0.0024796023698325734,0.08446997084045031,10.656122227667083,0.0048534712235792235,-6.639292090298113,90.99988026603876,91.00000677885774,0.6998632590585984,True,True,0.0053544621870380595
core_component_diagnostic_0_20kyr,strong_monsoon_start,Strong monsoon starts,lr04_after_ep_baseline,LR04 vs EP baseline,18.6,same_type_history_count+cheng_log_resolution_scaled,same_type_history_count+cheng_log_resolution_scaled+lr04_after_ep_baseline_lag,True,3100,91,1,-403.7683434289221,-401.65588367890393,2.1124597500181608,0.0006814386290381163,0.0009831081307834645,0.03349049676295319,4.2249195000363216,0.039834508784826174,-2.2197473669384635,90.99999416353539,90.99998347005979,0.5542136629082367,True,True,0.07903879311895594
core_component_diagnostic_0_20kyr,strong_monsoon_start,Strong monsoon starts,co2_after_ep_baseline,CO2 vs EP baseline,18.6,same_type_history_count+cheng_log_resolution_scaled,same_type_history_count+cheng_log_resolution_scaled+co2_after_ep_baseline_lag,True,3100,91,1,-403.7683434289221,-403.3431833800994,0.4251600488227041,0.00013714840284603357,0.00019786332065181445,0.006740398835391481,0.8503200976454082,0.35646179947602574,1.1548520354524499,90.99999416353539,91.00008315039867,0.4554689771661821,True,True,0.5456597001038923
core_component_diagnostic_0_20kyr,strong_monsoon_start,Strong monsoon starts,full_after_climate_state,Full predictive model vs climate-state,18.6,same_type_history_count+cheng_log_resolution_scaled+lr04_lag+co2_lag,same_type_history_count+cheng_log_resolution_scaled+lr04_lag+co2_lag+pre_phase_sin_lag+pre_phase_cos_lag,True,3100,91,2,-400.5924564436669,-395.2575376621759,5.334918781491012,0.0017209415424164556,0.002482793828904024,0.08457869087475248,10.669837562982025,0.004820301594081113,-6.653007425613055,90.9999725525214,90.99997959490304,0.6936868548826983,True,True,0.0053544621870380595
core_component_diagnostic_0_20kyr,strong_monsoon_start,Strong monsoon starts,lr04_after_ep_baseline,LR04 vs EP baseline,18.8,same_type_history_count+cheng_log_resolution_scaled,same_type_history_count+cheng_log_resolution_scaled+lr04_after_ep_baseline_lag,True,3100,91,1,-403.7683434289221,-401.6901093393575,2.078234089564603,0.0006703980934079364,0.0009671800047810461,0.03294789027276091,4.156468179129206,0.04147580232974916,-2.151296046031348,90.99999416353539,90.9999669908205,0.5566350835995724,True,True,0.07903879311895594
core_component_diagnostic_0_20kyr,strong_monsoon_start,Strong monsoon starts,co2_after_ep_baseline,CO2 vs EP baseline,18.8,same_type_history_count+cheng_log_resolution_scaled,same_type_history_count+cheng_log_resolution_scaled+co2_after_ep_baseline_lag,True,3100,91,1,-403.7683434289221,-403.3600327699893,0.4083106589328054,0.00013171311578477594,0.0001900218589627301,0.006473272118510585,0.8166213178656108,0.36616986864475476,1.1885508152322473,90.99999416353539,91.00003480797835,0.4593040684007784,True,True,0.5456597001038923
core_component_diagnostic_0_20kyr,strong_monsoon_start,Strong monsoon starts,full_after_climate_state,Full predictive model vs climate-state,18.8,same_type_history_count+cheng_log_resolution_scaled+lr04_lag+co2_lag,same_type_history_count+cheng_log_resolution_scaled+lr04_lag+co2_lag+pre_phase_sin_lag+pre_phase_cos_lag,True,3100,91,2,-400.6161553577219,-395.2787117804071,5.337443577314787,0.0017217559926821892,0.002483968832263449,0.08461871846172189,10.674887154629573,0.004808146667557802,-6.658057017260603,90.99996084948573,91.00000614553637,0.6771665473594519,True,True,0.0053544621870380595
core_component_diagnostic_0_20kyr,strong_monsoon_start,Strong monsoon starts,lr04_after_ep_baseline,LR04 vs EP baseline,19.0,same_type_history_count+cheng_log_resolution_scaled,same_type_history_count+cheng_log_resolution_scaled+lr04_after_ep_baseline_lag,True,3100,91,1,-403.7683434289221,-401.67782490870013,2.0905185202219627,0.0006743608129748267,0.0009728970006486323,0.033142645077041316,4.181037040443925,0.040878679854618766,-2.1758649073460674,90.99999416353539,90.99994930499759,0.5648908432113113,True,True,0.07903879311895594
core_component_diagnostic_0_20kyr,strong_monsoon_start,Strong monsoon starts,co2_after_ep_baseline,CO2 vs EP baseline,19.0,same_type_history_count+cheng_log_resolution_scaled,same_type_history_count+cheng_log_resolution_scaled+co2_after_ep_baseline_lag,True,3100,91,1,-403.7683434289221,-403.4191056246308,0.349237804291306,0.00011265735622300194,0.0001625302091425863,0.0055367433883738194,0.698475608582612,0.40329638638209775,1.306696524515246,90.99999416353539,91.00002263859574,0.4583475143367081,True,True,0.5530753545651498
core_component_diagnostic_0_20kyr,strong_monsoon_start,Strong monsoon starts,full_after_climate_state,Full predictive model vs climate-state,19.0,same_type_history_count+cheng_log_resolution_scaled+lr04_lag+co2_lag,same_type_history_count+cheng_log_resolution_scaled+lr04_lag+co2_lag+pre_phase_sin_lag+pre_phase_cos_lag,True,3100,91,2,-400.3920339235303,-395.0942457685193,5.2977881550110055,0.001708963920971292,0.0024655137738434415,0.08399002965840295,10.595576310022011,0.005002646757970812,-6.578746172653041,90.9999847504852,91.00000428029331,0.7116834805281391,True,True,0.0053544621870380595
core_component_diagnostic_0_20kyr,strong_monsoon_start,Strong monsoon starts,lr04_after_ep_baseline,LR04 vs EP baseline,19.2,same_type_history_count+cheng_log_resolution_scaled,same_type_history_count+cheng_log_resolution_scaled+lr04_after_ep_baseline_lag,True,3100,91,1,-403.7683434289221,-401.66307321933306,2.1052702095890368,0.0006791194224480764,0.0009797622229372168,0.033376515286872216,4.2105404191780735,0.040173536278659355,-2.2053682860802155,90.99999416353539,90.99996449351515,0.5772372243626864,True,True,0.07903879311895594
core_component_diagnostic_0_20kyr,strong_monsoon_start,Strong monsoon starts,co2_after_ep_baseline,CO2 vs EP baseline,19.2,same_type_history_count+cheng_log_resolution_scaled,same_type_history_count+cheng_log_resolution_scaled+co2_after_ep_baseline_lag,True,3100,91,1,-403.7683434289221,-403.46585481571356,0.3024886132085385,9.757697200275434e-05,0.00014077381361333492,0.004795591452761959,0.604977226417077,0.43668526537255115,1.400194906680781,90.99999416353539,91.00001582897025,0.45875735412655694,True,True,0.5582938202864262
core_component_diagnostic_0_20kyr,strong_monsoon_start,Strong monsoon starts,full_after_climate_state,Full predictive model vs climate-state,19.2,same_type_history_count+cheng_log_resolution_scaled+lr04_lag+co2_lag,same_type_history_count+cheng_log_resolution_scaled+lr04_lag+co2_lag+pre_phase_sin_lag+pre_phase_cos_lag,True,3100,91,2,-400.1737159515769,-394.9055346836934,5.268181267883506,0.0016994133122204857,0.0024517351579611824,0.08352064823823808,10.536362535767012,0.00515297393491678,-6.5195323983980416,91.00006132975409,90.99999929696617,0.6967904419248966,True,True,0.0053544621870380595
core_component_diagnostic_0_20kyr,strong_monsoon_start,Strong monsoon starts,lr04_after_ep_baseline,LR04 vs EP baseline,19.4,same_type_history_count+cheng_log_resolution_scaled,same_type_history_count+cheng_log_resolution_scaled+lr04_after_ep_baseline_lag,True,3100,91,1,-403.7683434289221,-401.65721395011906,2.1111294788030364,0.0006810095092913021,0.000982489041852788,0.03346940692025981,4.222258957606073,0.039897011476850985,-2.2170868245082147,90.99999416353539,90.99994984719098,0.5892575199994398,True,True,0.07903879311895594
core_component_diagnostic_0_20kyr,strong_monsoon_start,Strong monsoon starts,co2_after_ep_baseline,CO2 vs EP baseline,19.4,same_type_history_count+cheng_log_resolution_scaled,same_type_history_count+cheng_log_resolution_scaled+co2_after_ep_baseline_lag,True,3100,91,1,-403.7683434289221,-403.50269240803186,0.26565102089023185,8.56938777065264e-05,0.00012363013240175095,0.004211575938960746,0.5313020417804637,0.46605996795365356,1.4738700913173943,90.99999416353539,91.0000153765488,0.46223178431155076,True,True,0.581136503250852
core_component_diagnostic_0_20kyr,strong_monsoon_start,Strong monsoon starts,full_after_climate_state,Full predictive model vs climate-state,19.4,same_type_history_count+cheng_log_resolution_scaled+lr04_lag+co2_lag,same_type_history_count+cheng_log_resolution_scaled+lr04_lag+co2_lag+pre_phase_sin_lag+pre_phase_cos_lag,True,3100,91,2,-399.9918638576317,-394.7385371542059,5.253326703425785,0.0016946215172341241,0.002444822059097402,0.08328514706815325,10.50665340685157,0.005230090466600314,-6.489823269482599,91.00002213172928,91.00008298865622,0.7414553033970488,True,True,0.0053544621870380595
core_component_diagnostic_0_20kyr,strong_monsoon_start,Strong monsoon starts,lr04_after_ep_baseline,LR04 vs EP baseline,19.6,same_type_history_count+cheng_log_resolution_scaled,same_type_history_count+cheng_log_resolution_scaled+lr04_after_ep_baseline_lag,True,3100,91,1,-403.7683434289221,-401.6776427341856,2.0907006947364835,0.0006744195789472528,0.0009729817820256243,0.033145533233839945,4.181401389472967,0.04086989294825984,-2.176229256375109,90.99999416353539,90.9999519061534,0.5998333908295178,True,True,0.07903879311895594
core_component_diagnostic_0_20kyr,strong_monsoon_start,Strong monsoon starts,co2_after_ep_baseline,CO2 vs EP baseline,19.6,same_type_history_count+cheng_log_resolution_scaled,same_type_history_count+cheng_log_resolution_scaled+co2_after_ep_baseline_lag,True,3100,91,1,-403.7683434289221,-403.45329894793383,0.3150444809882629,0.0001016272519316977,0.0001466171323810336,0.004994649564628618,0.6300889619765258,0.4273226839436941,1.3750831711213323,90.99999416353539,91.00001869393927,0.4590309889687429,True,True,0.5533280907476039
core_component_diagnostic_0_20kyr,strong_monsoon_start,Strong monsoon starts,full_after_climate_state,Full predictive model vs climate-state,19.6,same_type_history_count+cheng_log_resolution_scaled+lr04_lag+co2_lag,same_type_history_count+cheng_log_resolution_scaled+lr04_lag+co2_lag+pre_phase_sin_lag+pre_phase_cos_lag,True,3100,91,2,-400.25604102150317,-394.94739986637995,5.308641155123212,0.0017124648887494231,0.0024705646026952632,0.08416209086104744,10.617282310246424,0.004948646594082415,-6.6004521728774534,91.00003848246597,91.00002803392086,0.7575955173253053,True,True,0.0053544621870380595
core_component_diagnostic_0_20kyr,strong_monsoon_start,Strong monsoon starts,lr04_after_ep_baseline,LR04 vs EP baseline,19.8,same_type_history_count+cheng_log_resolution_scaled,same_type_history_count+cheng_log_resolution_scaled+lr04_after_ep_baseline_lag,True,3100,91,1,-403.7683434289221,-401.73476099043137,2.0335824384907255,0.0006559943349970082,0.0009463997739514372,0.03223999229944456,4.067164876981451,0.04372460389105543,-2.061992743883593,90.99999416353539,90.99992985727165,0.6079758199961972,True,True,0.08029427259993815
core_component_diagnostic_0_20kyr,strong_monsoon_start,Strong monsoon starts,co2_after_ep_baseline,CO2 vs EP baseline,19.8,same_type_history_count+cheng_log_resolution_scaled,same_type_history_count+cheng_log_resolution_scaled+co2_after_ep_baseline_lag,True,3100,91,1,-403.7683434289221,-403.3560727610653,0.4122706678567738,0.00013299053801831413,0.00019186478968417694,0.0065360532749554785,0.8245413357135476,0.36385572304685176,1.1806307973843104,90.99999416353539,91.00001115457053,0.4556267882444319,True,True,0.5456597001038923
core_component_diagnostic_0_20kyr,strong_monsoon_start,Strong monsoon starts,full_after_climate_state,Full predictive model vs climate-state,19.8,same_type_history_count+cheng_log_resolution_scaled+lr04_lag+co2_lag,same_type_history_count+cheng_log_resolution_scaled+lr04_lag+co2_lag+pre_phase_sin_lag+pre_phase_cos_lag,True,3100,91,2,-400.7224079513909,-395.3283714097566,5.394036541634307,0.00174001178762397,0.002510306377093442,0.08551593152735901,10.788073083268614,0.0045435958561146515,-6.771242945899644,90.9999302291968,90.99999537621906,0.7513268939358148,True,True,0.0053544621870380595
core_component_diagnostic_0_20kyr,strong_monsoon_start,Strong monsoon starts,lr04_after_ep_baseline,LR04 vs EP baseline,20.0,same_type_history_count+cheng_log_resolution_scaled,same_type_history_count+cheng_log_resolution_scaled+lr04_after_ep_baseline_lag,True,3100,91,1,-403.7683434289221,-401.80942005909776,1.9589233698243333,0.0006319107644594624,0.0009116545261700202,0.03105636297941827,3.9178467396486667,0.047776036348640964,-1.9126746065508087,90.99999416353539,90.99995629779474,0.6079227614198958,True,True,0.08465578370548663
core_component_diagnostic_0_20kyr,strong_monsoon_start,Strong monsoon starts,co2_after_ep_baseline,CO2 vs EP baseline,20.0,same_type_history_count+cheng_log_resolution_scaled,same_type_history_count+cheng_log_resolution_scaled+co2_after_ep_baseline_lag,True,3100,91,1,-403.7683434289221,-403.26738803770945,0.5009553912126421,0.00016159851329440068,0.00023313737374486108,0.007942042402297466,1.0019107824252842,0.31684859576189606,1.0032613506725738,90.99999416353539,91.00000940838635,0.4540225222754436,True,True,0.5246181667533033
core_component_diagnostic_0_20kyr,strong_monsoon_start,Strong monsoon starts,full_after_climate_state,Full predictive model vs climate-state,20.0,same_type_history_count+cheng_log_resolution_scaled+lr04_lag+co2_lag,same_type_history_count+cheng_log_resolution_scaled+lr04_lag+co2_lag+pre_phase_sin_lag+pre_phase_cos_lag,True,3100,91,2,-401.104181941994,-395.6371719775699,5.467009964424108,0.0017635516014271315,0.0025442671497307124,0.08667283696884845,10.934019928848215,0.004223842735610428,-6.917189791479245,90.99999839634222,91.00008534696818,0.7279848984502318,True,True,0.005078668051150633
core_component_diagnostic_0_20kyr,weak_monsoon_start,Weak monsoon starts,lr04_after_ep_baseline,LR04 vs EP baseline,0.0,same_type_history_count+cheng_log_resolution_scaled,same_type_history_count+cheng_log_resolution_scaled+lr04_after_ep_baseline_lag,True,3100,96,1,-423.55222152693216,-416.02413017953273,7.528091347399425,0.002428416563677234,0.0035034645336297627,0.1131327088984611,15.05618269479885,0.00010435785331391945,-13.051010561700991,96.00000426819236,95.99999157644372,0.82699060625396,True,True,0.0072426479816911195
core_component_diagnostic_0_20kyr,weak_monsoon_start,Weak monsoon starts,co2_after_ep_baseline,CO2 vs EP baseline,0.0,same_type_history_count+cheng_log_resolution_scaled,same_type_history_count+cheng_log_resolution_scaled+co2_after_ep_baseline_lag,True,3100,96,1,-423.55222152693216,-413.44719272039276,10.105028806539394,0.0032596867117869015,0.0047027338539466145,0.15185911403369276,20.21005761307879,6.938716443721161e-06,-18.20488547998093,96.00000426819236,95.99997485130699,0.942439181400403,True,True,0.0001874317239570694
core_component_diagnostic_0_20kyr,weak_monsoon_start,Weak monsoon starts,full_after_climate_state,Full predictive model vs climate-state,0.0,same_type_history_count+cheng_log_resolution_scaled+lr04_lag+co2_lag,same_type_history_count+cheng_log_resolution_scaled+lr04_lag+co2_lag+pre_phase_sin_lag+pre_phase_cos_lag,True,3100,96,2,-413.39475732040535,-406.43756859058135,6.957188729823997,0.002244254428975483,0.0032377747351760217,0.10455314249005904,13.914377459647994,0.000951768495421032,-9.897547322279024,96.0000035545514,96.00027266258876,1.052601756488584,True,True,0.009279607510901212
core_component_diagnostic_0_20kyr,weak_monsoon_start,Weak monsoon starts,lr04_after_ep_baseline,LR04 vs EP baseline,0.2,same_type_history_count+cheng_log_resolution_scaled,same_type_history_count+cheng_log_resolution_scaled+lr04_after_ep_baseline_lag,True,3100,96,1,-423.55222152693216,-416.3773573269453,7.174864199986871,0.00231447232257641,0.0033390777420557478,0.10782438542055019,14.349728399973742,0.00015180159196193286,-12.344556266875884,96.00000426819236,95.99999613474921,0.800602809645237,True,True,0.0072426479816911195
core_component_diagnostic_0_20kyr,weak_monsoon_start,Weak monsoon starts,co2_after_ep_baseline,CO2 vs EP baseline,0.2,same_type_history_count+cheng_log_resolution_scaled,same_type_history_count+cheng_log_resolution_scaled+co2_after_ep_baseline_lag,True,3100,96,1,-423.55222152693216,-413.9245557965652,9.62766573036697,0.003105698622699023,0.0044805760014635645,0.1446852667139276,19.25533146073394,1.1435060088049243e-05,-17.250159327636084,96.00000426819236,95.99998380011306,0.8788109261258434,True,True,0.00018807114288388842
core_component_diagnostic_0_20kyr,weak_monsoon_start,Weak monsoon starts,full_after_climate_state,Full predictive model vs climate-state,0.2,same_type_history_count+cheng_log_resolution_scaled+lr04_lag+co2_lag,same_type_history_count+cheng_log_resolution_scaled+lr04_lag+co2_lag+pre_phase_sin_lag+pre_phase_cos_lag,True,3100,96,2,-413.87440718017433,-406.89643510867654,6.977972071497788,0.0022509587327412223,0.0032474470009714665,0.10486547607303694,13.955944142995577,0.0009321917058133558,-9.939114005626607,96.00000704028554,95.99996741801164,1.0347409108944527,True,True,0.009279607510901212
core_component_diagnostic_0_20kyr,weak_monsoon_start,Weak monsoon starts,lr04_after_ep_baseline,LR04 vs EP baseline,0.4,same_type_history_count+cheng_log_resolution_scaled,same_type_history_count+cheng_log_resolution_scaled+lr04_after_ep_baseline_lag,True,3100,96,1,-423.55222152693216,-416.70516662111885,6.847054905813309,0.002208727388972035,0.003186520050745584,0.10289804330532615,13.694109811626618,0.00021512815787201345,-11.68893767852876,96.00000426819236,95.99999750275202,0.782123648461687,True,True,0.0072426479816911195
core_component_diagnostic_0_20kyr,weak_monsoon_start,Weak monsoon starts,co2_after_ep_baseline,CO2 vs EP baseline,0.4,same_type_history_count+cheng_log_resolution_scaled,same_type_history_count+cheng_log_resolution_scaled+co2_after_ep_baseline_lag,True,3100,96,1,-423.55222152693216,-413.7176193372519,9.834602189680254,0.003172452319251695,0.004576881228441111,0.14779512300174422,19.669204379360508,9.20732824509838e-06,-17.66403224626265,96.00000426819236,95.99997797419235,0.8836709229878235,True,True,0.0001874317239570694
core_component_diagnostic_0_20kyr,weak_monsoon_start,Weak monsoon starts,full_after_climate_state,Full predictive model vs climate-state,0.4,same_type_history_count+cheng_log_resolution_scaled+lr04_lag+co2_lag,same_type_history_count+cheng_log_resolution_scaled+lr04_lag+co2_lag+pre_phase_sin_lag+pre_phase_cos_lag,True,3100,96,2,-413.71413088661325,-406.6731243049845,7.0410065816287215,0.0022712924456866844,0.003276782347800745,0.10581276331439905,14.082013163257443,0.0008752451130559491,-10.065183025888473,95.99999877532096,95.99998014382581,1.0771495552988617,True,True,0.009279607510901212
core_component_diagnostic_0_20kyr,weak_monsoon_start,Weak monsoon starts,lr04_after_ep_baseline,LR04 vs EP baseline,0.6,same_type_history_count+cheng_log_resolution_scaled,same_type_history_count+cheng_log_resolution_scaled+lr04_after_ep_baseline_lag,True,3100,96,1,-423.55222152693216,-416.9960506180721,6.556170908860054,0.002114893841567759,0.0030511468572364153,0.09852661726492591,13.112341817720107,0.00029335675374442206,-11.10716968462225,96.00000426819236,95.9999959491609,0.7650556926167106,True,True,0.007407258032046657
core_component_diagnostic_0_20kyr,weak_monsoon_start,Weak monsoon starts,co2_after_ep_baseline,CO2 vs EP baseline,0.6,same_type_history_count+cheng_log_resolution_scaled,same_type_history_count+cheng_log_resolution_scaled+co2_after_ep_baseline_lag,True,3100,96,1,-423.55222152693216,-413.3698743794053,10.182347147526855,0.003284628112105437,0.004738716688498993,0.15302105973277996,20.36469429505371,6.399973543950304e-06,-18.35952216195585,96.00000426819236,96.0001034560623,0.9173033317422855,True,True,0.0001874317239570694
core_component_diagnostic_0_20kyr,weak_monsoon_start,Weak monsoon starts,full_after_climate_state,Full predictive model vs climate-state,0.6,same_type_history_count+cheng_log_resolution_scaled+lr04_lag+co2_lag,same_type_history_count+cheng_log_resolution_scaled+lr04_lag+co2_lag+pre_phase_sin_lag+pre_phase_cos_lag,True,3100,96,2,-413.35246973792994,-406.23969272209615,7.112777015833785,0.0022944441986560596,0.0033101832669975495,0.10689133466346253,14.22555403166757,0.0008146296087360071,-10.2087238942986,95.99995072669614,95.99977343646626,1.025739691126947,True,True,0.009279607510901212
core_component_diagnostic_0_20kyr,weak_monsoon_start,Weak monsoon starts,lr04_after_ep_baseline,LR04 vs EP baseline,0.8,same_type_history_count+cheng_log_resolution_scaled,same_type_history_count+cheng_log_resolution_scaled+lr04_after_ep_baseline_lag,True,3100,96,1,-423.55222152693216,-417.3560519058276,6.196169621104559,0.0019987643939046967,0.00288360747899174,0.09311649150910828,12.392339242209118,0.00043109884733143807,-10.38716710911126,96.00000426819236,95.99999471192109,0.7441726253548299,True,True,0.00870819671609505
core_component_diagnostic_0_20kyr,weak_monsoon_start,Weak monsoon starts,co2_after_ep_baseline,CO2 vs EP baseline,0.8,same_type_history_count+cheng_log_resolution_scaled,same_type_history_count+cheng_log_resolution_scaled+co2_after_ep_baseline_lag,True,3100,96,1,-423.55222152693216,-413.36014881473756,10.192072712194602,0.0032877653910305168,0.00474324282524609,0.153167216231905,20.384145424389203,6.335249581818534e-06,-18.378973291291345,96.00000426819236,95.99999364705435,0.8762459355865905,True,True,0.0001874317239570694
core_component_diagnostic_0_20kyr,weak_monsoon_start,Weak monsoon starts,full_after_climate_state,Full predictive model vs climate-state,0.8,same_type_history_count+cheng_log_resolution_scaled+lr04_lag+co2_lag,same_type_history_count+cheng_log_resolution_scaled+lr04_lag+co2_lag+pre_phase_sin_lag+pre_phase_cos_lag,True,3100,96,2,-413.2873787385019,-406.1485813460439,7.138797392458002,0.0023028378685348394,0.0033222927729065236,0.10728237079177316,14.277594784916005,0.000793706039611253,-10.260764647547035,96.00001241459375,95.99982846181331,1.0464763221727007,True,True,0.009279607510901212
core_component_diagnostic_0_20kyr,weak_monsoon_start,Weak monsoon starts,lr04_after_ep_baseline,LR04 vs EP baseline,1.0,same_type_history_count+cheng_log_resolution_scaled,same_type_history_count+cheng_log_resolution_scaled+lr04_after_ep_baseline_lag,True,3100,96,1,-423.55222152693216,-417.73233466007497,5.819886866857189,0.0018773828602765125,0.002708490942370863,0.08746168668072578,11.639773733714378,0.0006455645492669684,-9.63460160061652,96.00000426819236,96.00000719177628,0.7223238155389178,True,True,0.010867003245993968
core_component_diagnostic_0_20kyr,weak_monsoon_start,Weak monsoon starts,co2_after_ep_baseline,CO2 vs EP baseline,1.0,same_type_history_count+cheng_log_resolution_scaled,same_type_history_count+cheng_log_resolution_scaled+co2_after_ep_baseline_lag,True,3100,96,1,-423.55222152693216,-413.72500693999234,9.827214586939817,0.0031700692215934894,0.004573443145267664,0.14768410156593498,19.654429173879635,9.278798215696504e-06,-17.649257040781777,96.00000426819236,95.9999994203174,0.8136664658032178,True,True,0.0001874317239570694
core_component_diagnostic_0_20kyr,weak_monsoon_start,Weak monsoon starts,full_after_climate_state,Full predictive model vs climate-state,1.0,same_type_history_count+cheng_log_resolution_scaled+lr04_lag+co2_lag,same_type_history_count+cheng_log_resolution_scaled+lr04_lag+co2_lag+pre_phase_sin_lag+pre_phase_cos_lag,True,3100,96,2,-413.619213031647,-406.5006100455165,7.118602986130497,0.0022963235439130637,0.0033128945890799465,0.10697888777237329,14.237205972260995,0.0008098973990741729,-10.220375834892025,96.00001103757134,96.0000064810609,1.0306082756369654,True,True,0.009279607510901212
core_component_diagnostic_0_20kyr,weak_monsoon_start,Weak monsoon starts,lr04_after_ep_baseline,LR04 vs EP baseline,1.2,same_type_history_count+cheng_log_resolution_scaled,same_type_history_count+cheng_log_resolution_scaled+lr04_after_ep_baseline_lag,True,3100,96,1,-423.55222152693216,-418.09122607853976,5.460995448392396,0.001761611434965289,0.002541468081197713,0.08206824012200949,10.921990896784791,0.0009502942981953266,-8.916818763686933,96.00000426819236,96.00002626180245,0.6952491260904636,True,True,0.013711389159675427
core_component_diagnostic_0_20kyr,weak_monsoon_start,Weak monsoon starts,co2_after_ep_baseline,CO2 vs EP baseline,1.2,same_type_history_count+cheng_log_resolution_scaled,same_type_history_count+cheng_log_resolution_scaled+co2_after_ep_baseline_lag,True,3100,96,1,-423.55222152693216,-414.04950173692583,9.502719790006324,0.0030653934806472013,0.004422427972903076,0.1428075699583285,19.00543958001265,1.3034633665219989e-05,-17.00026744691479,96.00000426819236,96.00007807472153,0.8355862553490093,True,True,0.00018807114288388842
core_component_diagnostic_0_20kyr,weak_monsoon_start,Weak monsoon starts,full_after_climate_state,Full predictive model vs climate-state,1.2,same_type_history_count+cheng_log_resolution_scaled+lr04_lag+co2_lag,same_type_history_count+cheng_log_resolution_scaled+lr04_lag+co2_lag+pre_phase_sin_lag+pre_phase_cos_lag,True,3100,96,2,-413.89956350000546,-406.80814440275907,7.091419097246387,0.0022875545474988347,0.0033002436014395657,0.10657036629648597,14.182838194492774,0.0008322155324664294,-10.166008057123804,96.00022207395924,96.00004343228117,0.9931497442570878,True,True,0.009279607510901212
core_component_diagnostic_0_20kyr,weak_monsoon_start,Weak monsoon starts,lr04_after_ep_baseline,LR04 vs EP baseline,1.4,same_type_history_count+cheng_log_resolution_scaled,same_type_history_count+cheng_log_resolution_scaled+lr04_after_ep_baseline_lag,True,3100,96,1,-423.55222152693216,-418.4494937369516,5.102727789980577,0.0016460412225743795,0.002374735508906864,0.07668416747511748,10.205455579961153,0.0014002579637662602,-8.200283446863295,96.00000426819236,96.00005477266343,0.6634881073714861,True,True,0.017678256792549033
core_component_diagnostic_0_20kyr,weak_monsoon_start,Weak monsoon starts,co2_after_ep_baseline,CO2 vs EP baseline,1.4,same_type_history_count+cheng_log_resolution_scaled,same_type_history_count+cheng_log_resolution_scaled+co2_after_ep_baseline_lag,True,3100,96,1,-423.55222152693216,-414.3773771870623,9.174844339869878,0.0029596272064096383,0.004269839493567242,0.13788023364644217,18.349688679739756,1.838490237430033e-05,-16.3445165466419,96.00000426819236,95.99999289952434,0.8507166279426668,True,True,0.00023210939247554166
core_component_diagnostic_0_20kyr,weak_monsoon_start,Weak monsoon starts,full_after_climate_state,Full predictive model vs climate-state,1.4,same_type_history_count+cheng_log_resolution_scaled+lr04_lag+co2_lag,same_type_history_count+cheng_log_resolution_scaled+lr04_lag+co2_lag+pre_phase_sin_lag+pre_phase_cos_lag,True,3100,96,2,-414.1743213154624,-407.12617270283033,7.048148612632076,0.0022735963266555083,0.003280106145449266,0.10592009428013255,14.096297225264152,0.0008690163547919533,-10.079467087895182,96.00000300297916,96.00006198565406,0.9510375415133793,True,True,0.009279607510901212
core_component_diagnostic_0_20kyr,weak_monsoon_start,Weak monsoon starts,lr04_after_ep_baseline,LR04 vs EP baseline,1.6,same_type_history_count+cheng_log_resolution_scaled,same_type_history_count+cheng_log_resolution_scaled+lr04_after_ep_baseline_lag,True,3100,96,1,-423.55222152693216,-418.75186747742134,4.8003540495108155,0.0015485013062938114,0.002234015155400164,0.07214007272646362,9.600708099021631,0.0019450235058578952,-7.595535965923773,96.00000426819236,95.9999998706758,0.6438069710605862,True,True,0.021827486010183045
core_component_diagnostic_0_20kyr,weak_monsoon_start,Weak monsoon starts,co2_after_ep_baseline,CO2 vs EP baseline,1.6,same_type_history_count+cheng_log_resolution_scaled,same_type_history_count+cheng_log_resolution_scaled+co2_after_ep_baseline_lag,True,3100,96,1,-423.55222152693216,-414.65592391492726,8.8962976120049,0.002869773423227387,0.004140207886165096,0.13369421299074788,17.7925952240098,2.463400861513339e-05,-15.787423090911943,96.00000426819236,95.99996669499183,0.8129043776762322,True,True,0.0002764483189031636
core_component_diagnostic_0_20kyr,weak_monsoon_start,Weak monsoon starts,full_after_climate_state,Full predictive model vs climate-state,1.6,same_type_history_count+cheng_log_resolution_scaled+lr04_lag+co2_lag,same_type_history_count+cheng_log_resolution_scaled+lr04_lag+co2_lag+pre_phase_sin_lag+pre_phase_cos_lag,True,3100,96,2,-414.39900803544475,-407.39292067534603,7.006087360098718,0.0022600281806770058,0.003260531448532023,0.1052879946921799,14.012174720197436,0.0009063478727597366,-9.995344582828466,95.99989986656804,96.00003215066005,0.934380892857365,True,True,0.009279607510901212
core_component_diagnostic_0_20kyr,weak_monsoon_start,Weak monsoon starts,lr04_after_ep_baseline,LR04 vs EP baseline,1.8,same_type_history_count+cheng_log_resolution_scaled,same_type_history_count+cheng_log_resolution_scaled+lr04_after_ep_baseline_lag,True,3100,96,1,-423.55222152693216,-419.0330719866561,4.519149540276032,0.001457790174282591,0.002103146655094152,0.06791411073741532,9.038299080552065,0.0026438150785532363,-7.033126947454207,96.00000426819236,95.99999772533646,0.6416548556868718,True,True,0.026702532293387687
core_component_diagnostic_0_20kyr,weak_monsoon_start,Weak monsoon starts,co2_after_ep_baseline,CO2 vs EP baseline,1.8,same_type_history_count+cheng_log_resolution_scaled,same_type_history_count+cheng_log_resolution_scaled+co2_after_ep_baseline_lag,True,3100,96,1,-423.55222152693216,-415.2535897422998,8.298631784632335,0.0026769779950426885,0.0038620628780169667,0.12471244710263123,16.59726356926467,4.621765776928333e-05,-14.592091436166811,96.00000426819236,96.00000235977635,0.8212606739449815,True,True,0.0004667983434697616
core_component_diagnostic_0_20kyr,weak_monsoon_start,Weak monsoon starts,full_after_climate_state,Full predictive model vs climate-state,1.8,same_type_history_count+cheng_log_resolution_scaled+lr04_lag+co2_lag,same_type_history_count+cheng_log_resolution_scaled+lr04_lag+co2_lag+pre_phase_sin_lag+pre_phase_cos_lag,True,3100,96,2,-415.031860737897,-408.08709618214715,6.944764555749828,0.0022402466308870414,0.0032319927047489427,0.10436643109085127,13.889529111499655,0.0009636671955908827,-9.872698974130685,96.00001172333039,96.00012728229257,0.9025770154337671,True,True,0.009279607510901212
core_component_diagnostic_0_20kyr,weak_monsoon_start,Weak monsoon starts,lr04_after_ep_baseline,LR04 vs EP baseline,2.0,same_type_history_count+cheng_log_resolution_scaled,same_type_history_count+cheng_log_resolution_scaled+lr04_after_ep_baseline_lag,True,3100,96,1,-423.55222152693216,-419.3805204414167,4.171701085515451,0.0013457100275856295,0.0019414491832723377,0.06269262987650258,8.343402171030903,0.003870904373257343,-6.3382300379330445,96.00000426819236,95.99998640750144,0.626574183822112,True,True,0.035541940154453784
core_component_diagnostic_0_20kyr,weak_monsoon_start,Weak monsoon starts,co2_after_ep_baseline,CO2 vs EP baseline,2.0,same_type_history_count+cheng_log_resolution_scaled,same_type_history_count+cheng_log_resolution_scaled+co2_after_ep_baseline_lag,True,3100,96,1,-423.55222152693216,-415.348887193676,8.20333433325618,0.002646236881695542,0.003817712826239633,0.12328031001398815,16.40666866651236,5.110511690096098e-05,-14.401496533414502,96.00000426819236,95.99997140393847,0.7712507921952845,True,True,0.00046923789154518713
core_component_diagnostic_0_20kyr,weak_monsoon_start,Weak monsoon starts,full_after_climate_state,Full predictive model vs climate-state,2.0,same_type_history_count+cheng_log_resolution_scaled+lr04_lag+co2_lag,same_type_history_count+cheng_log_resolution_scaled+lr04_lag+co2_lag+pre_phase_sin_lag+pre_phase_cos_lag,True,3100,96,2,-414.98444212347147,-408.10857039503946,6.875871728432003,0.002218023138203872,0.0031999309820637018,0.10333110462914037,13.751743456864006,0.0010323972762100908,-9.734913319495035,95.99999468594078,96.00017157996325,0.9083467437074708,True,True,0.009279607510901212
core_component_diagnostic_0_20kyr,weak_monsoon_start,Weak monsoon starts,lr04_after_ep_baseline,LR04 vs EP baseline,2.2,same_type_history_count+cheng_log_resolution_scaled,same_type_history_count+cheng_log_resolution_scaled+lr04_after_ep_baseline_lag,True,3100,96,1,-423.55222152693216,-419.7253368678455,3.8268846590866588,0.001234478922286019,0.0017809766192639917,0.05751070333039973,7.6537693181733175,0.005665382554287806,-5.6485971850754595,96.00000426819236,95.99999688325761,0.6027659123923889,True,True,0.04768363649858903
core_component_diagnostic_0_20kyr,weak_monsoon_start,Weak monsoon starts,co2_after_ep_baseline,CO2 vs EP baseline,2.2,same_type_history_count+cheng_log_resolution_scaled,same_type_history_count+cheng_log_resolution_scaled+co2_after_ep_baseline_lag,True,3100,96,1,-423.55222152693216,-415.7191161501257,7.833105376806429,0.0025268081860665903,0.0036454136393159068,0.11771648210290948,15.666210753612859,7.556210633213569e-05,-13.661038620515,96.00000426819236,96.00000163017998,0.7880286292344281,True,True,0.0005870594415035157
core_component_diagnostic_0_20kyr,weak_monsoon_start,Weak monsoon starts,full_after_climate_state,Full predictive model vs climate-state,2.2,same_type_history_count+cheng_log_resolution_scaled+lr04_lag+co2_lag,same_type_history_count+cheng_log_resolution_scaled+lr04_lag+co2_lag+pre_phase_sin_lag+pre_phase_cos_lag,True,3100,96,2,-415.2778024664159,-408.4977364640379,6.780066002377964,0.002187118065283214,0.0031553443866227577,0.10189132915135989,13.560132004755928,0.001136199903949387,-9.543301867386958,95.99999353375333,96.00011878185904,0.8813801614298002,True,True,0.009279607510901212
core_component_diagnostic_0_20kyr,weak_monsoon_start,Weak monsoon starts,lr04_after_ep_baseline,LR04 vs EP baseline,2.4,same_type_history_count+cheng_log_resolution_scaled,same_type_history_count+cheng_log_resolution_scaled+lr04_after_ep_baseline_lag,True,3100,96,1,-423.55222152693216,-420.02581197736436,3.526409549567802,0.0011375514676025167,0.0016411398610661134,0.05299514134692657,7.052819099135604,0.007914060248456013,-5.047646966037746,96.00000426819236,96.00000196177845,0.5813355428819538,True,True,0.06148616039185057
core_component_diagnostic_0_20kyr,weak_monsoon_start,Weak monsoon starts,co2_after_ep_baseline,CO2 vs EP baseline,2.4,same_type_history_count+cheng_log_resolution_scaled,same_type_history_count+cheng_log_resolution_scaled+co2_after_ep_baseline_lag,True,3100,96,1,-423.55222152693216,-416.0543783779218,7.49784314901035,0.0024186590803259196,0.003489387460787265,0.11267813675458876,14.9956862980207,0.00010775721668304633,-12.990514164922843,96.00000426819236,95.99999888218787,0.7725656055086387,True,True,0.0007308189841711867
core_component_diagnostic_0_20kyr,weak_monsoon_start,Weak monsoon starts,full_after_climate_state,Full predictive model vs climate-state,2.4,same_type_history_count+cheng_log_resolution_scaled+lr04_lag+co2_lag,same_type_history_count+cheng_log_resolution_scaled+lr04_lag+co2_lag+pre_phase_sin_lag+pre_phase_cos_lag,True,3100,96,2,-415.5398546189922,-408.8468668446641,6.692987774328117,0.0021590283142993924,0.0031148194421785924,0.10058271115368371,13.385975548656234,0.001239573668352564,-9.369145411287263,96.00001610728063,96.00000404051104,0.8691057651741279,True,True,0.009279607510901212
core_component_diagnostic_0_20kyr,weak_monsoon_start,Weak monsoon starts,lr04_after_ep_baseline,LR04 vs EP baseline,2.6,same_type_history_count+cheng_log_resolution_scaled,same_type_history_count+cheng_log_resolution_scaled+lr04_after_ep_baseline_lag,True,3100,96,1,-423.55222152693216,-420.2750889383908,3.277132588541349,0.0010571395446907577,0.001525129978652973,0.049248988894002255,6.554265177082698,0.01046330406464932,-4.54909304398484,96.00000426819236,95.99999773915178,0.5625610317956744,True,True,0.07548526503782724
core_component_diagnostic_0_20kyr,weak_monsoon_start,Weak monsoon starts,co2_after_ep_baseline,CO2 vs EP baseline,2.6,same_type_history_count+cheng_log_resolution_scaled,same_type_history_count+cheng_log_resolution_scaled+co2_after_ep_baseline_lag,True,3100,96,1,-423.55222152693216,-416.1070044901845,7.445217036747636,0.0024016829150798826,0.003464896031373496,0.11188726767976914,14.890434073495271,0.00011393929896566349,-12.885261940397413,96.00000426819236,96.00002654254837,0.7944789977675477,True,True,0.0007308189841711867
core_component_diagnostic_0_20kyr,weak_monsoon_start,Weak monsoon starts,full_after_climate_state,Full predictive model vs climate-state,2.6,same_type_history_count+cheng_log_resolution_scaled+lr04_lag+co2_lag,same_type_history_count+cheng_log_resolution_scaled+lr04_lag+co2_lag+pre_phase_sin_lag+pre_phase_cos_lag,True,3100,96,2,-415.41630573488476,-408.79012329021236,6.626182444672395,0.002137478207958837,0.003083729210630443,0.09957875575994139,13.25236488934479,0.0013252125137452888,-9.23553475197582,96.00002042843293,95.99999576240246,0.8874395617973095,True,True,0.009279607510901212
core_component_diagnostic_0_20kyr,weak_monsoon_start,Weak monsoon starts,lr04_after_ep_baseline,LR04 vs EP baseline,2.8,same_type_history_count+cheng_log_resolution_scaled,same_type_history_count+cheng_log_resolution_scaled+lr04_after_ep_baseline_lag,True,3100,96,1,-423.55222152693216,-420.4989896189673,3.0532319079648573,0.000984913518698341,0.0014209298491305962,0.04588419304484217,6.106463815929715,0.013468834517664697,-4.101291682831857,96.00000426819236,96.00001168548809,0.5475180622472778,True,True,0.0906901524189423
core_component_diagnostic_0_20kyr,weak_monsoon_start,Weak monsoon starts,co2_after_ep_baseline,CO2 vs EP baseline,2.8,same_type_history_count+cheng_log_resolution_scaled,same_type_history_count+cheng_log_resolution_scaled+co2_after_ep_baseline_lag,True,3100,96,1,-423.55222152693216,-415.71804815846974,7.834173368462416,0.002527152699504005,0.003645910667143585,0.11773253195984494,15.668346736924832,7.547681501783016e-05,-13.663174603826974,96.00000426819236,95.9999677626839,0.7892387085996494,True,True,0.0005870594415035157
core_component_diagnostic_0_20kyr,weak_monsoon_start,Weak monsoon starts,full_after_climate_state,Full predictive model vs climate-state,2.8,same_type_history_count+cheng_log_resolution_scaled+lr04_lag+co2_lag,same_type_history_count+cheng_log_resolution_scaled+lr04_lag+co2_lag+pre_phase_sin_lag+pre_phase_cos_lag,True,3100,96,2,-414.5827613592272,-407.9957550163258,6.587006342901418,0.002124840755774651,0.003065497221034846,0.09899001442925025,13.174012685802836,0.0013781595313219622,-9.157182548433866,96.00002367074286,96.00000334151471,0.886109945328003,True,True,0.009279607510901212
core_component_diagnostic_0_20kyr,weak_monsoon_start,Weak monsoon starts,lr04_after_ep_baseline,LR04 vs EP baseline,3.0,same_type_history_count+cheng_log_resolution_scaled,same_type_history_count+cheng_log_resolution_scaled+lr04_after_ep_baseline_lag,True,3100,96,1,-423.55222152693216,-420.7275478804058,2.824673646526378,0.0009111850472665736,0.0013145621490236615,0.042449402728889064,5.649347293052756,0.01746187055021176,-3.644175159954898,96.00000426819236,95.99998812890331,0.5324709822674494,True,True,0.11022805784821173
core_component_diagnostic_0_20kyr,weak_monsoon_start,Weak monsoon starts,co2_after_ep_baseline,CO2 vs EP baseline,3.0,same_type_history_count+cheng_log_resolution_scaled,same_type_history_count+cheng_log_resolution_scaled+co2_after_ep_baseline_lag,True,3100,96,1,-423.55222152693216,-416.12206487769674,7.430156649235414,0.002396824725559811,0.00345788714544519,0.11166093907166759,14.860313298470828,0.00011577330442315828,-12.85514116537297,96.00000426819236,95.9999613025971,0.7190479597578715,True,True,0.0007308189841711867
core_component_diagnostic_0_20kyr,weak_monsoon_start,Weak monsoon starts,full_after_climate_state,Full predictive model vs climate-state,3.0,same_type_history_count+cheng_log_resolution_scaled+lr04_lag+co2_lag,same_type_history_count+cheng_log_resolution_scaled+lr04_lag+co2_lag+pre_phase_sin_lag+pre_phase_cos_lag,True,3100,96,2,-414.96419803552936,-408.4546735764282,6.509524459101158,0.002099846599710051,0.0030294382760292426,0.09782561099677763,13.019048918202316,0.0014891877243732893,-9.002218780833346,95.99998382282818,96.00013330911067,0.8177585794025567,True,True,0.009400497510106388
core_component_diagnostic_0_20kyr,weak_monsoon_start,Weak monsoon starts,lr04_after_ep_baseline,LR04 vs EP baseline,3.2,same_type_history_count+cheng_log_resolution_scaled,same_type_history_count+cheng_log_resolution_scaled+lr04_after_ep_baseline_lag,True,3100,96,1,-423.55222152693216,-420.9292895115633,2.6229320153688604,0.0008461071017318905,0.0012206745197295321,0.03941761469959947,5.245864030737721,0.02199900093106488,-3.240691897639863,96.00000426819236,95.99998987012896,0.5209401003876345,True,True,0.13069994670809135
core_component_diagnostic_0_20kyr,weak_monsoon_start,Weak monsoon starts,co2_after_ep_baseline,CO2 vs EP baseline,3.2,same_type_history_count+cheng_log_resolution_scaled,same_type_history_count+cheng_log_resolution_scaled+co2_after_ep_baseline_lag,True,3100,96,1,-423.55222152693216,-416.65249288245855,6.899728644473612,0.002225718917572133,0.003211033644794068,0.10368962811314177,13.799457288947224,0.00020339497483423596,-11.794285155849366,96.00000426819236,96.00000392251482,0.717316530472461,True,True,0.001208405438721049
core_component_diagnostic_0_20kyr,weak_monsoon_start,Weak monsoon starts,full_after_climate_state,Full predictive model vs climate-state,3.2,same_type_history_count+cheng_log_resolution_scaled+lr04_lag+co2_lag,same_type_history_count+cheng_log_resolution_scaled+lr04_lag+co2_lag+pre_phase_sin_lag+pre_phase_cos_lag,True,3100,96,2,-415.5839046888832,-409.1630273883303,6.420877300552888,0.002071250742113835,0.002988183174085215,0.09649341499650173,12.841754601105777,0.0016272280403425254,-8.824924463736807,96.00005524474538,96.00003764589164,0.8244199412494426,True,True,0.009667648945564416
core_component_diagnostic_0_20kyr,weak_monsoon_start,Weak monsoon starts,lr04_after_ep_baseline,LR04 vs EP baseline,3.4,same_type_history_count+cheng_log_resolution_scaled,same_type_history_count+cheng_log_resolution_scaled+lr04_after_ep_baseline_lag,True,3100,96,1,-423.55222152693216,-421.1474863508744,2.404735176057784,0.000775721024534769,0.001119128875209617,0.03613853659531056,4.809470352115568,0.028303743199797296,-2.80429821901771,96.00000426819236,95.99998996670111,0.5100002678314176,True,True,0.15881544795441815
core_component_diagnostic_0_20kyr,weak_monsoon_start,Weak monsoon starts,co2_after_ep_baseline,CO2 vs EP baseline,3.4,same_type_history_count+cheng_log_resolution_scaled,same_type_history_count+cheng_log_resolution_scaled+co2_after_ep_baseline_lag,True,3100,96,1,-423.55222152693216,-416.8956004103512,6.656621116580936,0.002147297134380947,0.0030978949270864748,0.10003619035383408,13.313242233161873,0.0002635382660795914,-11.308070100064015,96.00000426819236,95.99984965417411,0.7146586358396438,True,True,0.0013520758281846616
core_component_diagnostic_0_20kyr,weak_monsoon_start,Weak monsoon starts,full_after_climate_state,Full predictive model vs climate-state,3.4,same_type_history_count+cheng_log_resolution_scaled+lr04_lag+co2_lag,same_type_history_count+cheng_log_resolution_scaled+lr04_lag+co2_lag+pre_phase_sin_lag+pre_phase_cos_lag,True,3100,96,2,-415.705703547365,-409.3690565572477,6.336646990117288,0.0020440796742313833,0.0029489836091955443,0.09522759571360612,12.673293980234575,0.0017702278885031544,-8.656463842865605,96.00000760372393,96.0000594983446,0.8629792290874957,True,True,0.009932945374378811
core_component_diagnostic_0_20kyr,weak_monsoon_start,Weak monsoon starts,lr04_after_ep_baseline,LR04 vs EP baseline,3.6,same_type_history_count+cheng_log_resolution_scaled,same_type_history_count+cheng_log_resolution_scaled+lr04_after_ep_baseline_lag,True,3100,96,1,-423.55222152693216,-421.4164692096913,2.135752317240872,0.0006889523604002813,0.0009939481537582315,0.032096242465109566,4.271504634481744,0.038756597875992116,-2.2663325013838858,96.00000426819236,96.00000168067183,0.496862621239811,True,True,0.20602191502501074
core_component_diagnostic_0_20kyr,weak_monsoon_start,Weak monsoon starts,co2_after_ep_baseline,CO2 vs EP baseline,3.6,same_type_history_count+cheng_log_resolution_scaled,same_type_history_count+cheng_log_resolution_scaled+co2_after_ep_baseline_lag,True,3100,96,1,-423.55222152693216,-416.742130549198,6.8100909777341485,0.002196803541204564,0.003169317574703138,0.10234254668312216,13.620181955468297,0.00022376699723720067,-11.615009822370439,96.00000426819236,95.99999957760267,0.7363958484201311,True,True,0.0012555814844976258
core_component_diagnostic_0_20kyr,weak_monsoon_start,Weak monsoon starts,full_after_climate_state,Full predictive model vs climate-state,3.6,same_type_history_count+cheng_log_resolution_scaled+lr04_lag+co2_lag,same_type_history_count+cheng_log_resolution_scaled+lr04_lag+co2_lag+pre_phase_sin_lag+pre_phase_cos_lag,True,3100,96,2,-415.0206403439788,-408.77455187010247,6.246088473876341,0.0020148672496375294,0.002906838989101649,0.09386667568974073,12.492176947752682,0.0019380199452955697,-8.475346810383712,96.00001570453024,96.0000104871489,0.9013226446949584,True,True,0.01030210602499224
core_component_diagnostic_0_20kyr,weak_monsoon_start,Weak monsoon starts,lr04_after_ep_baseline,LR04 vs EP baseline,3.8,same_type_history_count+cheng_log_resolution_scaled,same_type_history_count+cheng_log_resolution_scaled+lr04_after_ep_baseline_lag,True,3100,96,1,-423.55222152693216,-421.6366396919422,1.9155818349899505,0.0006179296241903066,0.0008914840044377362,0.028787504309968567,3.831163669979901,0.05030799401836138,-1.825991536882043,96.00000426819236,95.99999774539614,0.48571089590161204,True,True,0.2540553697927249
core_component_diagnostic_0_20kyr,weak_monsoon_start,Weak monsoon starts,co2_after_ep_baseline,CO2 vs EP baseline,3.8,same_type_history_count+cheng_log_resolution_scaled,same_type_history_count+cheng_log_resolution_scaled+co2_after_ep_baseline_lag,True,3100,96,1,-423.55222152693216,-416.95614813388954,6.596073393042616,0.002127765610658908,0.003069716894671684,0.09912627472377313,13.192146786085232,0.0002811246771473059,-11.186974652987374,96.00000426819236,95.99999780630236,0.6756380454838643,True,True,0.0013520758281846616
core_component_diagnostic_0_20kyr,weak_monsoon_start,Weak monsoon starts,full_after_climate_state,Full predictive model vs climate-state,3.8,same_type_history_count+cheng_log_resolution_scaled+lr04_lag+co2_lag,same_type_history_count+cheng_log_resolution_scaled+lr04_lag+co2_lag+pre_phase_sin_lag+pre_phase_cos_lag,True,3100,96,2,-415.0153958982904,-408.878171168879,6.1372247294114,0.001979749912713355,0.0028561753812719154,0.09223066335357227,12.2744494588228,0.002160912420866093,-8.25761932145383,96.00000252406268,95.99999384704545,0.8379655987320415,True,True,0.01091260772537377
core_component_diagnostic_0_20kyr,weak_monsoon_start,Weak monsoon starts,lr04_after_ep_baseline,LR04 vs EP baseline,4.0,same_type_history_count+cheng_log_resolution_scaled,same_type_history_count+cheng_log_resolution_scaled+lr04_after_ep_baseline_lag,True,3100,96,1,-423.55222152693216,-421.7839864873192,1.7682350396129323,0.0005703983998751395,0.0008229109428308636,0.026573165862246634,3.5364700792258645,0.0600330944285424,-1.5312979461280065,96.00000426819236,95.99996514102764,0.48092148755353226,True,True,0.2887305970134658
core_component_diagnostic_0_20kyr,weak_monsoon_start,Weak monsoon starts,co2_after_ep_baseline,CO2 vs EP baseline,4.0,same_type_history_count+cheng_log_resolution_scaled,same_type_history_count+cheng_log_resolution_scaled+co2_after_ep_baseline_lag,True,3100,96,1,-423.55222152693216,-416.915676652805,6.636544874127139,0.002140820927137787,0.003088551735012998,0.09973448310979473,13.273089748254279,0.00026924309303801984,-11.26791761515642,96.00000426819236,95.99997929970492,0.6899347611507154,True,True,0.0013520758281846616
core_component_diagnostic_0_20kyr,weak_monsoon_start,Weak monsoon starts,full_after_climate_state,Full predictive model vs climate-state,4.0,same_type_history_count+cheng_log_resolution_scaled+lr04_lag+co2_lag,same_type_history_count+cheng_log_resolution_scaled+lr04_lag+co2_lag+pre_phase_sin_lag+pre_phase_cos_lag,True,3100,96,2,-414.6347935760125,-408.56236327091375,6.072430305098749,0.0019588484855157253,0.002826020995906393,0.09125692799281061,12.144860610197497,0.002305563174375386,-8.128030472828527,95.99999569788423,95.99991761187862,0.840471186448522,True,True,0.011088660981519715
core_component_diagnostic_0_20kyr,weak_monsoon_start,Weak monsoon starts,lr04_after_ep_baseline,LR04 vs EP baseline,4.2,same_type_history_count+cheng_log_resolution_scaled,same_type_history_count+cheng_log_resolution_scaled+lr04_after_ep_baseline_lag,True,3100,96,1,-423.55222152693216,-421.9559798995459,1.5962416273862345,0.0005149166539955596,0.000742867703190532,0.02398843624886093,3.192483254772469,0.0739775558037376,-1.187311121674611,96.00000426819236,96.00007274194519,0.4765314412235618,True,True,0.33962423346261356
core_component_diagnostic_0_20kyr,weak_monsoon_start,Weak monsoon starts,co2_after_ep_baseline,CO2 vs EP baseline,4.2,same_type_history_count+cheng_log_resolution_scaled,same_type_history_count+cheng_log_resolution_scaled+co2_after_ep_baseline_lag,True,3100,96,1,-423.55222152693216,-417.12938773544226,6.422833791489893,0.002071881868222546,0.0029890936965924282,0.09652281728579716,12.845667582979786,0.0003382615085873425,-10.840495449881928,96.00000426819236,95.99998854421335,0.649182686369621,True,True,0.0015529278348782544
core_component_diagnostic_0_20kyr,weak_monsoon_start,Weak monsoon starts,full_after_climate_state,Full predictive model vs climate-state,4.2,same_type_history_count+cheng_log_resolution_scaled+lr04_lag+co2_lag,same_type_history_count+cheng_log_resolution_scaled+lr04_lag+co2_lag+pre_phase_sin_lag+pre_phase_cos_lag,True,3100,96,2,-414.66348125911213,-408.7005986761013,5.96288258301081,0.0019235105106486484,0.002775039074810603,0.08961063679075905,11.92576516602162,0.0025724858699272355,-7.90893502865265,95.99999822092263,96.00000966013872,0.7679271497228963,True,True,0.011810048766484126
core_component_diagnostic_0_20kyr,weak_monsoon_start,Weak monsoon starts,lr04_after_ep_baseline,LR04 vs EP baseline,4.4,same_type_history_count+cheng_log_resolution_scaled,same_type_history_count+cheng_log_resolution_scaled+lr04_after_ep_baseline_lag,True,3100,96,1,-423.55222152693216,-422.12814508718617,1.4240764397459884,0.0004593794966922543,0.0006627445217639833,0.021401125181961963,2.848152879491977,0.09147898386587085,-0.8429807463941188,96.00000426819236,95.99999278475875,0.4676059702260669,True,True,0.4017120595849111
core_component_diagnostic_0_20kyr,weak_monsoon_start,Weak monsoon starts,co2_after_ep_baseline,CO2 vs EP baseline,4.4,same_type_history_count+cheng_log_resolution_scaled,same_type_history_count+cheng_log_resolution_scaled+co2_after_ep_baseline_lag,True,3100,96,1,-423.55222152693216,-417.5197254436508,6.03249608328133,0.0019459664784778484,0.002807436188236152,0.09065679357845907,12.06499216656266,0.0005137752573946626,-10.059820033464803,96.00000426819236,96.00000148131609,0.641436665588091,True,True,0.0022561435216026486
core_component_diagnostic_0_20kyr,weak_monsoon_start,Weak monsoon starts,full_after_climate_state,Full predictive model vs climate-state,4.4,same_type_history_count+cheng_log_resolution_scaled+lr04_lag+co2_lag,same_type_history_count+cheng_log_resolution_scaled+lr04_lag+co2_lag+pre_phase_sin_lag+pre_phase_cos_lag,True,3100,96,2,-415.0310259674717,-409.2187357756744,5.812290191797274,0.0018749323199346046,0.0027049555599720936,0.08734752329076552,11.624580383594548,0.00299057323729196,-7.607750246225578,96.00000490639727,96.00002697072121,0.814733926719568,True,True,0.013132517259412519
core_component_diagnostic_0_20kyr,weak_monsoon_start,Weak monsoon starts,lr04_after_ep_baseline,LR04 vs EP baseline,4.6,same_type_history_count+cheng_log_resolution_scaled,same_type_history_count+cheng_log_resolution_scaled+lr04_after_ep_baseline_lag,True,3100,96,1,-423.55222152693216,-422.2743561125218,1.2778654144103712,0.00041221464980979716,0.000594700031062375,0.019203855169722527,2.5557308288207423,0.10989498569077037,-0.5505586957228843,96.00000426819236,95.99999825987578,0.4562517575101672,True,True,0.46247473144865864
core_component_diagnostic_0_20kyr,weak_monsoon_start,Weak monsoon starts,co2_after_ep_baseline,CO2 vs EP baseline,4.6,same_type_history_count+cheng_log_resolution_scaled,same_type_history_count+cheng_log_resolution_scaled+co2_after_ep_baseline_lag,True,3100,96,1,-423.55222152693216,-418.0622389086317,5.489982618300473,0.0017709621349356365,0.002554958289673774,0.0825038614373823,10.979965236600947,0.000921021575931146,-8.974793103503089,96.00000426819236,95.99999752823845,0.6311184805521354,True,True,0.0038759657987102393
core_component_diagnostic_0_20kyr,weak_monsoon_start,Weak monsoon starts,full_after_climate_state,Full predictive model vs climate-state,4.6,same_type_history_count+cheng_log_resolution_scaled+lr04_lag+co2_lag,same_type_history_count+cheng_log_resolution_scaled+lr04_lag+co2_lag+pre_phase_sin_lag+pre_phase_cos_lag,True,3100,96,2,-415.76947939601985,-410.121105932786,5.648373463233838,0.0018220559558818834,0.0026286710917729932,0.08488417067183623,11.296746926467677,0.0035232428008055263,-7.279916789098706,95.99998387919354,95.99996477153978,0.8069905973036485,True,True,0.014826980120056591
core_component_diagnostic_0_20kyr,weak_monsoon_start,Weak monsoon starts,lr04_after_ep_baseline,LR04 vs EP baseline,4.8,same_type_history_count+cheng_log_resolution_scaled,same_type_history_count+cheng_log_resolution_scaled+lr04_after_ep_baseline_lag,True,3100,96,1,-423.55222152693216,-422.454786975407,1.0974345515251684,0.0003540111456532801,0.0005107301242534078,0.016492326929016293,2.194869103050337,0.13847097171262318,-0.18969696995247887,96.00000426819236,96.00004612241398,0.4434407700460409,True,True,0.5594227257189976
core_component_diagnostic_0_20kyr,weak_monsoon_start,Weak monsoon starts,co2_after_ep_baseline,CO2 vs EP baseline,4.8,same_type_history_count+cheng_log_resolution_scaled,same_type_history_count+cheng_log_resolution_scaled+co2_after_ep_baseline_lag,True,3100,96,1,-423.55222152693216,-418.5506569279528,5.001564598979371,0.0016134079351546359,0.0023276556269784957,0.07516387962118058,10.003129197958742,0.0015627446126368206,-7.997957064860884,96.00000426819236,95.99999559789907,0.6147486243364684,True,True,0.006313488235052756
core_component_diagnostic_0_20kyr,weak_monsoon_start,Weak monsoon starts,full_after_climate_state,Full predictive model vs climate-state,4.8,same_type_history_count+cheng_log_resolution_scaled+lr04_lag+co2_lag,same_type_history_count+cheng_log_resolution_scaled+lr04_lag+co2_lag+pre_phase_sin_lag+pre_phase_cos_lag,True,3100,96,2,-416.30201637782204,-410.84915237474934,5.452864003072705,0.0017589883880879693,0.0025376838244757847,0.08194604016536387,10.90572800614541,0.004284017664356135,-6.888897868776439,95.99998991366445,96.00003009727929,0.8462685672463042,True,True,0.017307431363998788
core_component_diagnostic_0_20kyr,weak_monsoon_start,Weak monsoon starts,lr04_after_ep_baseline,LR04 vs EP baseline,5.0,same_type_history_count+cheng_log_resolution_scaled,same_type_history_count+cheng_log_resolution_scaled+lr04_after_ep_baseline_lag,True,3100,96,1,-423.55222152693216,-422.63802998447204,0.9141915424601166,0.0002949004975677795,0.0004254514853967234,0.013738537549269193,1.8283830849202332,0.17631864686415363,0.17678904817762486,96.00000426819236,95.99999093169922,0.43055059345741586,True,True,0.6849301282030583
core_component_diagnostic_0_20kyr,weak_monsoon_start,Weak monsoon starts,co2_after_ep_baseline,CO2 vs EP baseline,5.0,same_type_history_count+cheng_log_resolution_scaled,same_type_history_count+cheng_log_resolution_scaled+co2_after_ep_baseline_lag,True,3100,96,1,-423.55222152693216,-418.9303655446018,4.6218559823303735,0.0014909212846227011,0.0021509447436809737,0.06945759068136477,9.243711964660747,0.002363054511575692,-7.238539831562889,96.00000426819236,96.00000675649007,0.616867419462681,True,True,0.009179557910351726
core_component_diagnostic_0_20kyr,weak_monsoon_start,Weak monsoon starts,full_after_climate_state,Full predictive model vs climate-state,5.0,same_type_history_count+cheng_log_resolution_scaled+lr04_lag+co2_lag,same_type_history_count+cheng_log_resolution_scaled+lr04_lag+co2_lag+pre_phase_sin_lag+pre_phase_cos_lag,True,3100,96,2,-416.57301539899294,-411.31805482642346,5.254960572569473,0.0016951485717966043,0.00244558243810097,0.07897193289701049,10.509921145138946,0.005221552160305271,-6.493091007769976,95.99998785397348,95.9999382741866,0.8340099863929248,True,True,0.02028372185349355
core_component_diagnostic_0_20kyr,weak_monsoon_start,Weak monsoon starts,lr04_after_ep_baseline,LR04 vs EP baseline,5.2,same_type_history_count+cheng_log_resolution_scaled,same_type_history_count+cheng_log_resolution_scaled+lr04_after_ep_baseline_lag,True,3100,96,1,-423.55222152693216,-422.7726919750642,0.7795295518679382,0.000251461145763851,0.0003627817479697647,0.011714827278190317,1.5590591037358763,0.21180303875700596,0.4461130293619817,96.00000426819236,96.00010376623885,0.42028256851105067,True,True,0.7923002560910223
core_component_diagnostic_0_20kyr,weak_monsoon_start,Weak monsoon starts,co2_after_ep_baseline,CO2 vs EP baseline,5.2,same_type_history_count+cheng_log_resolution_scaled,same_type_history_count+cheng_log_resolution_scaled+co2_after_ep_baseline_lag,True,3100,96,1,-423.55222152693216,-419.2849452094911,4.267276317441031,0.0013765407475616227,0.00198592851008874,0.06412894147161556,8.534552634882061,0.0034846696917331357,-6.529380501784203,96.00000426819236,95.99999613708425,0.5836554671787518,True,True,0.01303524588389062
core_component_diagnostic_0_20kyr,weak_monsoon_start,Weak monsoon starts,full_after_climate_state,Full predictive model vs climate-state,5.2,same_type_history_count+cheng_log_resolution_scaled+lr04_lag+co2_lag,same_type_history_count+cheng_log_resolution_scaled+lr04_lag+co2_lag+pre_phase_sin_lag+pre_phase_cos_lag,True,3100,96,2,-416.91057968226374,-411.8310465835878,5.079533098675938,0.0016385590640890122,0.002363941035964879,0.07633559595303256,10.159066197351876,0.006222813777763461,-6.142236059982906,96.00000050058861,95.99998651062097,0.7674154599832071,True,True,0.023277933020522574
core_component_diagnostic_0_20kyr,weak_monsoon_start,Weak monsoon starts,lr04_after_ep_baseline,LR04 vs EP baseline,5.4,same_type_history_count+cheng_log_resolution_scaled,same_type_history_count+cheng_log_resolution_scaled+lr04_after_ep_baseline_lag,True,3100,96,1,-423.55222152693216,-422.903688431972,0.6485330949601575,0.00020920422418069598,0.00030181789675851306,0.009746202916160318,1.297066189920315,0.2547498139317887,0.7081059431775429,96.00000426819236,96.00011730896357,0.4112020104749533,True,True,0.8538199073669265
core_component_diagnostic_0_20kyr,weak_monsoon_start,Weak monsoon starts,co2_after_ep_baseline,CO2 vs EP baseline,5.4,same_type_history_count+cheng_log_resolution_scaled,same_type_history_count+cheng_log_resolution_scaled+co2_after_ep_baseline_lag,True,3100,96,1,-423.55222152693216,-419.75974487223016,3.792476654702,0.0012233795660329032,0.0017649636330405614,0.0569936173169348,7.584953309404,0.005885748828422523,-5.579781176306142,96.00000426819236,95.99999690597525,0.554781231825647,True,True,0.021230736845381244
core_component_diagnostic_0_20kyr,weak_monsoon_start,Weak monsoon starts,full_after_climate_state,Full predictive model vs climate-state,5.4,same_type_history_count+cheng_log_resolution_scaled+lr04_lag+co2_lag,same_type_history_count+cheng_log_resolution_scaled+lr04_lag+co2_lag+pre_phase_sin_lag+pre_phase_cos_lag,True,3100,96,2,-417.5070566425502,-412.61013567270925,4.896920969840949,0.0015796519257551447,0.0022789559996176482,0.07359128748765323,9.793841939681897,0.007469546659430334,-5.777011802312927,96.00000828883344,95.99997495394953,0.7495717469346407,True,True,0.02694372187865942
core_component_diagnostic_0_20kyr,weak_monsoon_start,Weak monsoon starts,lr04_after_ep_baseline,LR04 vs EP baseline,5.6,same_type_history_count+cheng_log_resolution_scaled,same_type_history_count+cheng_log_resolution_scaled+lr04_after_ep_baseline_lag,True,3100,96,1,-423.55222152693216,-423.0192019805416,0.5330195463905625,0.00017194178915824597,0.0002480595665401772,0.008010256836193221,1.066039092781125,0.3018418379174068,0.9391330403167331,96.00000426819236,96.00007545062527,0.40359412931837607,True,True,0.8538199073669265
core_component_diagnostic_0_20kyr,weak_monsoon_start,Weak monsoon starts,co2_after_ep_baseline,CO2 vs EP baseline,5.6,same_type_history_count+cheng_log_resolution_scaled,same_type_history_count+cheng_log_resolution_scaled+co2_after_ep_baseline_lag,True,3100,96,1,-423.55222152693216,-419.93207316428004,3.6201483626521167,0.0011677897944039086,0.0016847645451872613,0.05440385510500531,7.240296725304233,0.00712851980667979,-5.235124592206375,96.00000426819236,96.00000432087526,0.5598880530919177,True,True,0.024826913809470993
core_component_diagnostic_0_20kyr,weak_monsoon_start,Weak monsoon starts,full_after_climate_state,Full predictive model vs climate-state,5.6,same_type_history_count+cheng_log_resolution_scaled+lr04_lag+co2_lag,same_type_history_count+cheng_log_resolution_scaled+lr04_lag+co2_lag+pre_phase_sin_lag+pre_phase_cos_lag,True,3100,96,2,-417.4467918365422,-412.71636011640686,4.730431720135357,0.0015259457161726957,0.002201474317388106,0.07108927483232426,9.460863440270714,0.00882266129688525,-5.444033302901744,96.00003800115337,96.00000108830685,0.7828584139690965,True,True,0.03072719968915208
core_component_diagnostic_0_20kyr,weak_monsoon_start,Weak monsoon starts,lr04_after_ep_baseline,LR04 vs EP baseline,5.8,same_type_history_count+cheng_log_resolution_scaled,same_type_history_count+cheng_log_resolution_scaled+lr04_after_ep_baseline_lag,True,3100,96,1,-423.55222152693216,-423.08417955340053,0.46804197353162635,0.0001509812817843956,0.00021781994649740672,0.007033769105645425,0.9360839470632527,0.33328698930223755,1.0690881860346053,96.00000426819236,96.00006446183599,0.3988426737742628,True,True,0.8538199073669265
core_component_diagnostic_0_20kyr,weak_monsoon_start,Weak monsoon starts,co2_after_ep_baseline,CO2 vs EP baseline,5.8,same_type_history_count+cheng_log_resolution_scaled,same_type_history_count+cheng_log_resolution_scaled+co2_after_ep_baseline_lag,True,3100,96,1,-423.55222152693216,-420.15576238849496,3.3964591384371943,0.0010956319801410303,0.0015806628243888198,0.05104223703755564,6.7929182768743885,0.009152017859667216,-4.7877461437765305,96.00000426819236,95.99999580751162,0.559912334961846,True,True,0.030811793460879627
core_component_diagnostic_0_20kyr,weak_monsoon_start,Weak monsoon starts,full_after_climate_state,Full predictive model vs climate-state,5.8,same_type_history_count+cheng_log_resolution_scaled+lr04_lag+co2_lag,same_type_history_count+cheng_log_resolution_scaled+lr04_lag+co2_lag+pre_phase_sin_lag+pre_phase_cos_lag,True,3100,96,2,-417.69128403215075,-413.0932880771535,4.597995954997259,0.001483224501612019,0.002139840633000664,0.06909902044064645,9.195991909994518,0.010072000274389805,-5.179161772625548,96.00007605708629,95.99996981392621,0.7769706009451467,True,True,0.03390906759044568
core_component_diagnostic_0_20kyr,weak_monsoon_start,Weak monsoon starts,lr04_after_ep_baseline,LR04 vs EP baseline,6.0,same_type_history_count+cheng_log_resolution_scaled,same_type_history_count+cheng_log_resolution_scaled+lr04_after_ep_baseline_lag,True,3100,96,1,-423.55222152693216,-423.13738942423487,0.41483210269728943,0.00013381680732170627,0.00019305684431061956,0.00623412726419709,0.8296642053945789,0.3623696454810238,1.1755079277032792,96.00000426819236,95.99999388732527,0.3947153279136851,True,True,0.8538199073669265
core_component_diagnostic_0_20kyr,weak_monsoon_start,Weak monsoon starts,co2_after_ep_baseline,CO2 vs EP baseline,6.0,same_type_history_count+cheng_log_resolution_scaled,same_type_history_count+cheng_log_resolution_scaled+co2_after_ep_baseline_lag,True,3100,96,1,-423.55222152693216,-420.23739655442057,3.3148249725115875,0.0010692983782295442,0.0015426714675023747,0.049815432804764186,6.629649945023175,0.010029497266907267,-4.624477811925317,96.00000426819236,96.0000017495492,0.5513900848256471,True,True,0.032676749159923676
core_component_diagnostic_0_20kyr,weak_monsoon_start,Weak monsoon starts,full_after_climate_state,Full predictive model vs climate-state,6.0,same_type_history_count+cheng_log_resolution_scaled+lr04_lag+co2_lag,same_type_history_count+cheng_log_resolution_scaled+lr04_lag+co2_lag+pre_phase_sin_lag+pre_phase_cos_lag,True,3100,96,2,-417.63019241607,-413.1393916996266,4.4908007164434025,0.0014486453924010977,0.00208995352362371,0.0674880825336823,8.981601432886805,0.011211662851665373,-4.964771295517835,96.00011724795142,95.99999592719936,0.7664779306118988,True,True,0.036528320903812986
core_component_diagnostic_0_20kyr,weak_monsoon_start,Weak monsoon starts,lr04_after_ep_baseline,LR04 vs EP baseline,6.2,same_type_history_count+cheng_log_resolution_scaled,same_type_history_count+cheng_log_resolution_scaled+lr04_after_ep_baseline_lag,True,3100,96,1,-423.55222152693216,-423.1934664209499,0.35875510598225446,0.00011572745354266273,0.00016695942332070743,0.005391398044731177,0.7175102119645089,0.3969618210970094,1.287661921133349,96.00000426819236,95.99990975456231,0.39023085496604504,True,True,0.8538199073669265
core_component_diagnostic_0_20kyr,weak_monsoon_start,Weak monsoon starts,co2_after_ep_baseline,CO2 vs EP baseline,6.2,same_type_history_count+cheng_log_resolution_scaled,same_type_history_count+cheng_log_resolution_scaled+co2_after_ep_baseline_lag,True,3100,96,1,-423.55222152693216,-420.5035834312256,3.048638095706565,0.0009834316437763112,0.001418791955529366,0.04581515689730244,6.09727619141313,0.013539041148188314,-4.092104058315272,96.00000426819236,96.00000364579948,0.5344086987042143,True,True,0.042732598623969366
core_component_diagnostic_0_20kyr,weak_monsoon_start,Weak monsoon starts,full_after_climate_state,Full predictive model vs climate-state,6.2,same_type_history_count+cheng_log_resolution_scaled+lr04_lag+co2_lag,same_type_history_count+cheng_log_resolution_scaled+lr04_lag+co2_lag+pre_phase_sin_lag+pre_phase_cos_lag,True,3100,96,2,-417.99032317322354,-413.62176502391094,4.368558149312605,0.0014092123062298726,0.0020330636057575365,0.06565101226925378,8.73711629862521,0.012669494924780651,-4.72028616125624,96.00009872675696,96.00000319164042,0.7470342115416763,True,True,0.03998809335633893
core_component_diagnostic_0_20kyr,weak_monsoon_start,Weak monsoon starts,lr04_after_ep_baseline,LR04 vs EP baseline,6.4,same_type_history_count+cheng_log_resolution_scaled,same_type_history_count+cheng_log_resolution_scaled+lr04_after_ep_baseline_lag,True,3100,96,1,-423.55222152693216,-423.2269613486816,0.3252601782505735,0.0001049226381453463,0.00015137136972927828,0.004888033814174611,0.650520356501147,0.41992669996260323,1.354651776596711,96.00000426819236,96.00004534099817,0.38654239113687244,True,True,0.8538199073669265
core_component_diagnostic_0_20kyr,weak_monsoon_start,Weak monsoon starts,co2_after_ep_baseline,CO2 vs EP baseline,6.4,same_type_history_count+cheng_log_resolution_scaled,same_type_history_count+cheng_log_resolution_scaled+co2_after_ep_baseline_lag,True,3100,96,1,-423.55222152693216,-420.5888403303866,2.9633811965455834,0.0009559294182405108,0.001379114631135457,0.044533909963749126,5.926762393091167,0.014912615604902698,-3.921590259993309,96.00000426819236,95.99999610119622,0.5184763812835066,True,True,0.04564164169985371
core_component_diagnostic_0_20kyr,weak_monsoon_start,Weak monsoon starts,full_after_climate_state,Full predictive model vs climate-state,6.4,same_type_history_count+cheng_log_resolution_scaled+lr04_lag+co2_lag,same_type_history_count+cheng_log_resolution_scaled+lr04_lag+co2_lag+pre_phase_sin_lag+pre_phase_cos_lag,True,3100,96,2,-418.01284482934125,-413.7275393074299,4.2853055219113685,0.0013823566199714092,0.0019943190403727815,0.0643998856787044,8.570611043822737,0.013769414020895378,-4.553780906453767,96.00012562299813,95.99999939393548,0.7277086880298365,True,True,0.04214275200334646
core_component_diagnostic_0_20kyr,weak_monsoon_start,Weak monsoon starts,lr04_after_ep_baseline,LR04 vs EP baseline,6.6,same_type_history_count+cheng_log_resolution_scaled,same_type_history_count+cheng_log_resolution_scaled+lr04_after_ep_baseline_lag,True,3100,96,1,-423.55222152693216,-423.2377468032995,0.3144747236326566,0.00010144345923634083,0.00014635197557089064,0.004725949211143343,0.6289494472653132,0.42774092553756404,1.3762226858325448,96.00000426819236,96.00003685237826,0.38388725755724623,True,True,0.8538199073669265
core_component_diagnostic_0_20kyr,weak_monsoon_start,Weak monsoon starts,co2_after_ep_baseline,CO2 vs EP baseline,6.6,same_type_history_count+cheng_log_resolution_scaled,same_type_history_count+cheng_log_resolution_scaled+co2_after_ep_baseline_lag,True,3100,96,1,-423.55222152693216,-420.8950013563973,2.657220170534856,0.0008571677969467278,0.0012366317298647621,0.03993289961021628,5.314440341069712,0.021149386063813932,-3.3092682079718543,96.00000426819236,95.99999781721539,0.49626843941523907,True,True,0.06282611742485904
core_component_diagnostic_0_20kyr,weak_monsoon_start,Weak monsoon starts,full_after_climate_state,Full predictive model vs climate-state,6.6,same_type_history_count+cheng_log_resolution_scaled+lr04_lag+co2_lag,same_type_history_count+cheng_log_resolution_scaled+lr04_lag+co2_lag+pre_phase_sin_lag+pre_phase_cos_lag,True,3100,96,2,-418.7044719517091,-414.4891920089159,4.215279942793188,0.0013597677234816737,0.001961730151427886,0.06334753613985881,8.430559885586376,0.014768186940854572,-4.413729748217406,96.00005642616804,96.00002026468292,0.6928019541544027,True,True,0.04387020238312682
core_component_diagnostic_0_20kyr,weak_monsoon_start,Weak monsoon starts,lr04_after_ep_baseline,LR04 vs EP baseline,6.8,same_type_history_count+cheng_log_resolution_scaled,same_type_history_count+cheng_log_resolution_scaled+lr04_after_ep_baseline_lag,True,3100,96,1,-423.55222152693216,-423.26530711252997,0.28691441440219023,9.255303690393234e-05,0.0001335258073605164,0.004311770862683342,0.5738288288043805,0.44874144062200516,1.4313433042934776,96.00000426819236,95.99989703848144,0.38032790382701204,True,True,0.8538199073669265
core_component_diagnostic_0_20kyr,weak_monsoon_start,Weak monsoon starts,co2_after_ep_baseline,CO2 vs EP baseline,6.8,same_type_history_count+cheng_log_resolution_scaled,same_type_history_count+cheng_log_resolution_scaled+co2_after_ep_baseline_lag,True,3100,96,1,-423.55222152693216,-421.0255862020515,2.526635324880658,0.000815043653187309,0.001175859436561355,0.03797046097229376,5.053270649761316,0.024579499689042845,-3.048098516663458,96.00000426819236,95.99999885155037,0.5006562960581962,True,True,0.07092941338838078
core_component_diagnostic_0_20kyr,weak_monsoon_start,Weak monsoon starts,full_after_climate_state,Full predictive model vs climate-state,6.8,same_type_history_count+cheng_log_resolution_scaled+lr04_lag+co2_lag,same_type_history_count+cheng_log_resolution_scaled+lr04_lag+co2_lag+pre_phase_sin_lag+pre_phase_cos_lag,True,3100,96,2,-418.87456443235845,-414.7371033557543,4.137461076604154,0.001334664863420695,0.0019255143797057824,0.062178068511332556,8.274922153208308,0.015963329768586897,-4.258092015839338,96.0000730939407,95.99998964043567,0.6590741733078473,True,True,0.04606560876077933
core_component_diagnostic_0_20kyr,weak_monsoon_start,Weak monsoon starts,lr04_after_ep_baseline,LR04 vs EP baseline,7.0,same_type_history_count+cheng_log_resolution_scaled,same_type_history_count+cheng_log_resolution_scaled+lr04_after_ep_baseline_lag,True,3100,96,1,-423.55222152693216,-423.30761322427134,0.24460830266082212,7.890590408413617e-05,0.00011383715651904347,0.0036759915125941117,0.48921660532164424,0.48427696710264345,1.5159555277762138,96.00000426819236,96.00003617846261,0.376550514959589,True,True,0.8538199073669265
core_component_diagnostic_0_20kyr,weak_monsoon_start,Weak monsoon starts,co2_after_ep_baseline,CO2 vs EP baseline,7.0,same_type_history_count+cheng_log_resolution_scaled,same_type_history_count+cheng_log_resolution_scaled+co2_after_ep_baseline_lag,True,3100,96,1,-423.55222152693216,-421.4002313459798,2.151990180952339,0.0006941903809523674,0.0010015050200328007,0.03234026627189252,4.303980361904678,0.03802328227005048,-2.29880822880682,96.00000426819236,96.00000095545742,0.4773858490902397,True,True,0.10667643081319718
core_component_diagnostic_0_20kyr,weak_monsoon_start,Weak monsoon starts,full_after_climate_state,Full predictive model vs climate-state,7.0,same_type_history_count+cheng_log_resolution_scaled+lr04_lag+co2_lag,same_type_history_count+cheng_log_resolution_scaled+lr04_lag+co2_lag+pre_phase_sin_lag+pre_phase_cos_lag,True,3100,96,2,-419.572937746662,-415.5496636590201,4.02327408764188,0.0012978303508522195,0.0018723734110896806,0.0604620580664376,8.04654817528376,0.01789428147867843,-4.02971803791479,95.99997399865748,95.99998514919828,0.6356613982547038,True,True,0.050203400815181154
core_component_diagnostic_0_20kyr,weak_monsoon_start,Weak monsoon starts,lr04_after_ep_baseline,LR04 vs EP baseline,7.2,same_type_history_count+cheng_log_resolution_scaled,same_type_history_count+cheng_log_resolution_scaled+lr04_after_ep_baseline_lag,True,3100,96,1,-423.55222152693216,-423.34223867438953,0.20998285254262328,6.773640404600751e-05,9.772297420482617e-05,0.0031556377086975115,0.41996570508524655,0.5169541572544853,1.5852064280126115,96.00000426819236,96.00003343789851,0.3732668132076995,True,True,0.8538199073669265
core_component_diagnostic_0_20kyr,weak_monsoon_start,Weak monsoon starts,co2_after_ep_baseline,CO2 vs EP baseline,7.2,same_type_history_count+cheng_log_resolution_scaled,same_type_history_count+cheng_log_resolution_scaled+co2_after_ep_baseline_lag,True,3100,96,1,-423.55222152693216,-421.550253751755,2.0019677751771496,0.000645796056508758,0.0009316867681508339,0.030085718554870678,4.003935550354299,0.04539415235988187,-1.9987634172564412,96.00000426819236,96.00000567621045,0.4646937190271175,True,True,0.12065287864073863
core_component_diagnostic_0_20kyr,weak_monsoon_start,Weak monsoon starts,full_after_climate_state,Full predictive model vs climate-state,7.2,same_type_history_count+cheng_log_resolution_scaled+lr04_lag+co2_lag,same_type_history_count+cheng_log_resolution_scaled+lr04_lag+co2_lag+pre_phase_sin_lag+pre_phase_cos_lag,True,3100,96,2,-419.7527050406934,-415.8199013903335,3.932803650359915,0.001268646338825779,0.001830269781665891,0.05910246169962773,7.86560730071983,0.01958867569544669,-3.84877716335086,95.99997769604312,96.00001413657054,0.6361979783390931,True,True,0.05347179041189502
core_component_diagnostic_0_20kyr,weak_monsoon_start,Weak monsoon starts,lr04_after_ep_baseline,LR04 vs EP baseline,7.4,same_type_history_count+cheng_log_resolution_scaled,same_type_history_count+cheng_log_resolution_scaled+lr04_after_ep_baseline_lag,True,3100,96,1,-423.55222152693216,-423.3859278596185,0.1662936673136528,5.36431184882751e-05,7.739066102085355e-05,0.0024990734287983958,0.3325873346273056,0.5641395288379722,1.6725847984705524,96.00000426819236,96.00003155997128,0.3706996692689635,True,True,0.8538199073669265
core_component_diagnostic_0_20kyr,weak_monsoon_start,Weak monsoon starts,co2_after_ep_baseline,CO2 vs EP baseline,7.4,same_type_history_count+cheng_log_resolution_scaled,same_type_history_count+cheng_log_resolution_scaled+co2_after_ep_baseline_lag,True,3100,96,1,-423.55222152693216,-421.64298238670335,1.9092391402288058,0.0006158835936221955,0.0008885322062836149,0.0286921858279084,3.8184782804576116,0.050690255248490926,-1.8133061473597536,96.00000426819236,95.99999824250077,0.4721091837550281,True,True,0.12900406483527388
core_component_diagnostic_0_20kyr,weak_monsoon_start,Weak monsoon starts,full_after_climate_state,Full predictive model vs climate-state,7.4,same_type_history_count+cheng_log_resolution_scaled+lr04_lag+co2_lag,same_type_history_count+cheng_log_resolution_scaled+lr04_lag+co2_lag+pre_phase_sin_lag+pre_phase_cos_lag,True,3100,96,2,-419.7199758191963,-415.87535195260205,3.8446238665942474,0.0012402012472884669,0.0017892321891673784,0.05777728944186326,7.689247733188495,0.021394447214237677,-3.6724175958195246,95.99996046125267,95.99999585358212,0.6301916661618445,True,True,0.05686418864836856
core_component_diagnostic_0_20kyr,weak_monsoon_start,Weak monsoon starts,lr04_after_ep_baseline,LR04 vs EP baseline,7.6,same_type_history_count+cheng_log_resolution_scaled,same_type_history_count+cheng_log_resolution_scaled+lr04_after_ep_baseline_lag,True,3100,96,1,-423.55222152693216,-423.4315916496863,0.12062987724584673,3.8912863627692495e-05,5.6139395382460475e-05,0.0018128346425586195,0.24125975449169346,0.6232977306505518,1.7639123786061646,96.00000426819236,96.00003704189251,0.37000317260326626,True,True,0.8538199073669265
core_component_diagnostic_0_20kyr,weak_monsoon_start,Weak monsoon starts,co2_after_ep_baseline,CO2 vs EP baseline,7.6,same_type_history_count+cheng_log_resolution_scaled,same_type_history_count+cheng_log_resolution_scaled+co2_after_ep_baseline_lag,True,3100,96,1,-423.55222152693216,-421.4358992468815,2.1163222800506674,0.0006826846064679573,0.0009849056962425555,0.031804246441165855,4.232644560101335,0.03965360969860472,-2.2274724270034767,96.00000426819236,95.99998901871535,0.4887626185447,True,True,0.10824363728538047
core_component_diagnostic_0_20kyr,weak_monsoon_start,Weak monsoon starts,full_after_climate_state,Full predictive model vs climate-state,7.6,same_type_history_count+cheng_log_resolution_scaled+lr04_lag+co2_lag,same_type_history_count+cheng_log_resolution_scaled+lr04_lag+co2_lag+pre_phase_sin_lag+pre_phase_cos_lag,True,3100,96,2,-418.78905578872457,-415.00132331011616,3.7877324786084046,0.0012218491866478724,0.0017627557622910991,0.056922321490650074,7.575464957216809,0.022646895994981427,-3.558634819847839,95.99999225324981,96.00004082985402,0.6277780924116564,True,True,0.05864965373059293
core_component_diagnostic_0_20kyr,weak_monsoon_start,Weak monsoon starts,lr04_after_ep_baseline,LR04 vs EP baseline,7.8,same_type_history_count+cheng_log_resolution_scaled,same_type_history_count+cheng_log_resolution_scaled+lr04_after_ep_baseline_lag,True,3100,96,1,-423.55222152693216,-423.4578124610225,0.0944090659096446,3.0454537390207935e-05,4.3936610065420504e-05,0.0014187863666958705,0.1888181318192892,0.663902101726657,1.8163540012785688,96.00000426819236,96.00000022449018,0.3695566904393049,True,True,0.8538199073669265
core_component_diagnostic_0_20kyr,weak_monsoon_start,Weak monsoon starts,co2_after_ep_baseline,CO2 vs EP baseline,7.8,same_type_history_count+cheng_log_resolution_scaled,same_type_history_count+cheng_log_resolution_scaled+co2_after_ep_baseline_lag,True,3100,96,1,-423.55222152693216,-421.6495731000609,1.9026484268712807,0.0006137575570552518,0.0008854649838717368,0.028593140104191502,3.8052968537425613,0.051090718746643116,-1.8001247206447033,96.00000426819236,96.00001519640017,0.4776958196056103,True,True,0.12900406483527388
core_component_diagnostic_0_20kyr,weak_monsoon_start,Weak monsoon starts,full_after_climate_state,Full predictive model vs climate-state,7.8,same_type_history_count+cheng_log_resolution_scaled+lr04_lag+co2_lag,same_type_history_count+cheng_log_resolution_scaled+lr04_lag+co2_lag+pre_phase_sin_lag+pre_phase_cos_lag,True,3100,96,2,-419.13412545910717,-415.4301089779977,3.704016481109477,0.0011948440261643474,0.001723795551183107,0.05566423134028783,7.408032962218954,0.024624424048042787,-3.3912028248499837,95.99995010271775,95.9999925081686,0.602400131749382,True,True,0.06217667072130804
core_component_diagnostic_0_20kyr,weak_monsoon_start,Weak monsoon starts,lr04_after_ep_baseline,LR04 vs EP baseline,8.0,same_type_history_count+cheng_log_resolution_scaled,same_type_history_count+cheng_log_resolution_scaled+lr04_after_ep_baseline_lag,True,3100,96,1,-423.55222152693216,-423.4662398249395,0.08598170199263677,2.7736032900850572e-05,4.001463711999025e-05,0.0012921393236663518,0.17196340398527354,0.6783727310361454,1.8332087291125845,96.00000426819236,95.99999599513937,0.36946959837718285,True,True,0.8538199073669265
core_component_diagnostic_0_20kyr,weak_monsoon_start,Weak monsoon starts,co2_after_ep_baseline,CO2 vs EP baseline,8.0,same_type_history_count+cheng_log_resolution_scaled,same_type_history_count+cheng_log_resolution_scaled+co2_after_ep_baseline_lag,True,3100,96,1,-423.55222152693216,-421.88768041874084,1.6645411081913153,0.0005369487445778436,0.0007746532910140097,0.02501484585566073,3.3290822163826306,0.0680648459907777,-1.3239100832847726,96.00000426819236,95.99999681440588,0.46564040755734165,True,True,0.15612889498157903
core_component_diagnostic_0_20kyr,weak_monsoon_start,Weak monsoon starts,full_after_climate_state,Full predictive model vs climate-state,8.0,same_type_history_count+cheng_log_resolution_scaled+lr04_lag+co2_lag,same_type_history_count+cheng_log_resolution_scaled+lr04_lag+co2_lag+pre_phase_sin_lag+pre_phase_cos_lag,True,3100,96,2,-419.72436856701404,-416.09561590673763,3.6287526602764046,0.001170565374282711,0.0016887688605140008,0.05453316112076461,7.257505320552809,0.02654927973529225,-3.240675183183839,95.99992278806533,96.00000327594879,0.5620499731733442,True,True,0.06416779911788316
core_component_diagnostic_0_20kyr,weak_monsoon_start,Weak monsoon starts,lr04_after_ep_baseline,LR04 vs EP baseline,8.2,same_type_history_count+cheng_log_resolution_scaled,same_type_history_count+cheng_log_resolution_scaled+lr04_after_ep_baseline_lag,True,3100,96,1,-423.55222152693216,-423.4655050595481,0.0867164673840648,2.7973053994859614e-05,4.0356586276903176e-05,0.0013031814318583317,0.1734329347681296,0.6770786989015448,1.8317391983297284,96.00000426819236,96.00001143513401,0.36960382801165,True,True,0.8538199073669265
core_component_diagnostic_0_20kyr,weak_monsoon_start,Weak monsoon starts,co2_after_ep_baseline,CO2 vs EP baseline,8.2,same_type_history_count+cheng_log_resolution_scaled,same_type_history_count+cheng_log_resolution_scaled+co2_after_ep_baseline_lag,True,3100,96,1,-423.55222152693216,-421.68619172776573,1.8660297991664265,0.0006019450965052989,0.0008684232056156232,0.028042832681337834,3.732059598332853,0.053377537713396594,-1.726887465234995,96.00000426819236,96.00000593213767,0.4677439306344019,True,True,0.1314910075378794
core_component_diagnostic_0_20kyr,weak_monsoon_start,Weak monsoon starts,full_after_climate_state,Full predictive model vs climate-state,8.2,same_type_history_count+cheng_log_resolution_scaled+lr04_lag+co2_lag,same_type_history_count+cheng_log_resolution_scaled+lr04_lag+co2_lag+pre_phase_sin_lag+pre_phase_cos_lag,True,3100,96,2,-419.14609639141554,-415.5223917273699,3.623704664045647,0.0011689369884018215,0.001686419596278988,0.05445729946317565,7.247409328091294,0.02668363923713953,-3.230579190722324,95.99995104436954,96.00004461880907,0.5957246763510319,True,True,0.06416779911788316
core_component_diagnostic_0_20kyr,weak_monsoon_start,Weak monsoon starts,lr04_after_ep_baseline,LR04 vs EP baseline,8.4,same_type_history_count+cheng_log_resolution_scaled,same_type_history_count+cheng_log_resolution_scaled+lr04_after_ep_baseline_lag,True,3100,96,1,-423.55222152693216,-423.4547771356589,0.09744439127325677,3.143367460427638e-05,4.5349206468506885e-05,0.001464401458878868,0.19488878254651354,0.6588784960426529,1.8102833505513445,96.00000426819236,96.00010948027571,0.36998739338176606,True,True,0.8538199073669265
core_component_diagnostic_0_20kyr,weak_monsoon_start,Weak monsoon starts,co2_after_ep_baseline,CO2 vs EP baseline,8.4,same_type_history_count+cheng_log_resolution_scaled,same_type_history_count+cheng_log_resolution_scaled+co2_after_ep_baseline_lag,True,3100,96,1,-423.55222152693216,-421.74489515610446,1.8073263708276954,0.0005830085067186114,0.0008411034814390205,0.027160633254801708,3.614652741655391,0.05727267729334978,-1.6094806085575328,96.00000426819236,95.99999495911709,0.4647587172108478,True,True,0.13772715253876971
core_component_diagnostic_0_20kyr,weak_monsoon_start,Weak monsoon starts,full_after_climate_state,Full predictive model vs climate-state,8.4,same_type_history_count+cheng_log_resolution_scaled+lr04_lag+co2_lag,same_type_history_count+cheng_log_resolution_scaled+lr04_lag+co2_lag+pre_phase_sin_lag+pre_phase_cos_lag,True,3100,96,2,-419.4200636618765,-415.82851294908164,3.591550712794856,0.0011585647460628566,0.0016714556136936648,0.05397408752552459,7.183101425589712,0.02755556650499245,-3.1662712882207416,95.99997342771445,96.00000296532905,0.5931206179349829,True,True,0.06472353993033111
core_component_diagnostic_0_20kyr,weak_monsoon_start,Weak monsoon starts,lr04_after_ep_baseline,LR04 vs EP baseline,8.6,same_type_history_count+cheng_log_resolution_scaled,same_type_history_count+cheng_log_resolution_scaled+lr04_after_ep_baseline_lag,True,3100,96,1,-423.55222152693216,-423.44160423065256,0.11061729627959949,3.56829987998708e-05,5.1479685412620445e-05,0.0016623648414492017,0.22123459255919897,0.6381008266776389,1.783937540538659,96.00000426819236,95.9999829040132,0.3704013263426768,True,True,0.8538199073669265
core_component_diagnostic_0_20kyr,weak_monsoon_start,Weak monsoon starts,co2_after_ep_baseline,CO2 vs EP baseline,8.6,same_type_history_count+cheng_log_resolution_scaled,same_type_history_count+cheng_log_resolution_scaled+co2_after_ep_baseline_lag,True,3100,96,1,-423.55222152693216,-421.9312109758862,1.6210105510459698,0.0005229066293696677,0.0007543948010395828,0.02436066545023653,3.2420211020919396,0.07177204885220993,-1.2368489689940816,96.00000426819236,95.9999939551922,0.4639083395952833,True,True,0.1575864550885479
core_component_diagnostic_0_20kyr,weak_monsoon_start,Weak monsoon starts,full_after_climate_state,Full predictive model vs climate-state,8.6,same_type_history_count+cheng_log_resolution_scaled+lr04_lag+co2_lag,same_type_history_count+cheng_log_resolution_scaled+lr04_lag+co2_lag+pre_phase_sin_lag+pre_phase_cos_lag,True,3100,96,2,-420.0528651202949,-416.51940598700054,3.5334591332943432,0.001139825526869143,0.0016444206350927626,0.05310108300820379,7.0669182665886865,0.029203721380390534,-3.0500881292197164,95.99998475842004,96.00003231624204,0.5690782067454228,True,True,0.06703581498680554
core_component_diagnostic_0_20kyr,weak_monsoon_start,Weak monsoon starts,lr04_after_ep_baseline,LR04 vs EP baseline,8.8,same_type_history_count+cheng_log_resolution_scaled,same_type_history_count+cheng_log_resolution_scaled+lr04_after_ep_baseline_lag,True,3100,96,1,-423.55222152693216,-423.4329296026645,0.11929192426765667,3.848126589279247e-05,5.551673147066131e-05,0.0017927277870734384,0.23858384853531334,0.6252308100322437,1.7665882845625447,96.00000426819236,95.99999887055826,0.37067349043905623,True,True,0.8538199073669265
core_component_diagnostic_0_20kyr,weak_monsoon_start,Weak monsoon starts,co2_after_ep_baseline,CO2 vs EP baseline,8.8,same_type_history_count+cheng_log_resolution_scaled,same_type_history_count+cheng_log_resolution_scaled+co2_after_ep_baseline_lag,True,3100,96,1,-423.55222152693216,-421.90556323622377,1.6466582907083875,0.0005311800937768992,0.000766330887110867,0.02474610156295508,3.293316581416775,0.06956237895218868,-1.288144448318917,96.00000426819236,95.99999013840315,0.46330784659691315,True,True,0.15612889498157903
core_component_diagnostic_0_20kyr,weak_monsoon_start,Weak monsoon starts,full_after_climate_state,Full predictive model vs climate-state,8.8,same_type_history_count+cheng_log_resolution_scaled+lr04_lag+co2_lag,same_type_history_count+cheng_log_resolution_scaled+lr04_lag+co2_lag+pre_phase_sin_lag+pre_phase_cos_lag,True,3100,96,2,-420.05301370613313,-416.55209110492973,3.500922601203399,0.0011293298713559352,0.0016292786049329788,0.05261212161762744,7.001845202406798,0.03016953612798249,-2.985015065037828,95.99998109392337,95.99997676115139,0.5684623818143295,True,True,0.06771384775391626
core_component_diagnostic_0_20kyr,weak_monsoon_start,Weak monsoon starts,lr04_after_ep_baseline,LR04 vs EP baseline,9.0,same_type_history_count+cheng_log_resolution_scaled,same_type_history_count+cheng_log_resolution_scaled+lr04_after_ep_baseline_lag,True,3100,96,1,-423.55222152693216,-423.4294849661171,0.12273656081504214,3.959243897259424e-05,5.7119815362460634e-05,0.0018444940377461245,0.24547312163008428,0.6202807850147438,1.7596990114677737,96.00000426819236,96.00000275717305,0.37080086305632,True,True,0.8538199073669265
core_component_diagnostic_0_20kyr,weak_monsoon_start,Weak monsoon starts,co2_after_ep_baseline,CO2 vs EP baseline,9.0,same_type_history_count+cheng_log_resolution_scaled,same_type_history_count+cheng_log_resolution_scaled+co2_after_ep_baseline_lag,True,3100,96,1,-423.55222152693216,-421.8942028486895,1.6580186782426836,0.0005348447349169947,0.0007716178467103205,0.024916826300020765,3.316037356485367,0.06860700893941796,-1.310865223387509,96.00000426819236,95.99999657992069,0.46198588336408497,True,True,0.15612889498157903
core_component_diagnostic_0_20kyr,weak_monsoon_start,Weak monsoon starts,full_after_climate_state,Full predictive model vs climate-state,9.0,same_type_history_count+cheng_log_resolution_scaled+lr04_lag+co2_lag,same_type_history_count+cheng_log_resolution_scaled+lr04_lag+co2_lag+pre_phase_sin_lag+pre_phase_cos_lag,True,3100,96,2,-420.0519762237074,-416.58907990536744,3.462896318339972,0.0011170633284967651,0.0016115817243812023,0.052040659849809656,6.925792636679944,0.03133886312182684,-2.9089624993109737,96.00005743746212,96.00000326726028,0.5677487436780004,True,True,0.06880924294140241
core_component_diagnostic_0_20kyr,weak_monsoon_start,Weak monsoon starts,lr04_after_ep_baseline,LR04 vs EP baseline,9.2,same_type_history_count+cheng_log_resolution_scaled,same_type_history_count+cheng_log_resolution_scaled+lr04_after_ep_baseline_lag,True,3100,96,1,-423.55222152693216,-423.43082382618337,0.12139770074878697,3.916054862864096e-05,5.6496729305031414e-05,0.0018243735504749727,0.24279540149757395,0.6221943787176545,1.762376731600284,96.00000426819236,95.99999668142205,0.3708037119859308,True,True,0.8538199073669265
core_component_diagnostic_0_20kyr,weak_monsoon_start,Weak monsoon starts,co2_after_ep_baseline,CO2 vs EP baseline,9.2,same_type_history_count+cheng_log_resolution_scaled,same_type_history_count+cheng_log_resolution_scaled+co2_after_ep_baseline_lag,True,3100,96,1,-423.55222152693216,-422.1248179869026,1.4274035400295588,0.00046045275484824476,0.0006642929059832243,0.02145112508904162,2.8548070800591177,0.09110116799797596,-0.8496349469612596,96.00000426819236,95.9999872566905,0.44567650194907166,True,True,0.19577059505948025
core_component_diagnostic_0_20kyr,weak_monsoon_start,Weak monsoon starts,full_after_climate_state,Full predictive model vs climate-state,9.2,same_type_history_count+cheng_log_resolution_scaled+lr04_lag+co2_lag,same_type_history_count+cheng_log_resolution_scaled+lr04_lag+co2_lag+pre_phase_sin_lag+pre_phase_cos_lag,True,3100,96,2,-420.6589329269598,-417.2771901399934,3.381742786966356,0.0010908847699891472,0.0015738140478446401,0.0508210786283165,6.763485573932712,0.03398816895050193,-2.746655436563742,96.0000178480521,95.99986867819706,0.5494287162164417,True,True,0.07303840561703606
core_component_diagnostic_0_20kyr,weak_monsoon_start,Weak monsoon starts,lr04_after_ep_baseline,LR04 vs EP baseline,9.4,same_type_history_count+cheng_log_resolution_scaled,same_type_history_count+cheng_log_resolution_scaled+lr04_after_ep_baseline_lag,True,3100,96,1,-423.55222152693216,-423.42570139093874,0.12652013599341672,4.081294709465055e-05,5.888063637751599e-05,0.0019013538830239538,0.25304027198683343,0.6149424176756505,1.7521318611110246,96.00000426819236,95.9998191071,0.37108259011636613,True,True,0.8538199073669265
core_component_diagnostic_0_20kyr,weak_monsoon_start,Weak monsoon starts,co2_after_ep_baseline,CO2 vs EP baseline,9.4,same_type_history_count+cheng_log_resolution_scaled,same_type_history_count+cheng_log_resolution_scaled+co2_after_ep_baseline_lag,True,3100,96,1,-423.55222152693216,-422.2014016191086,1.3508199078235634,0.00043574835736243984,0.0006286519942423038,0.020300220647407725,2.701639815647127,0.10024509349775745,-0.6964676825492688,96.00000426819236,95.9999895943596,0.43761573709573204,True,True,0.2029587447921032
core_component_diagnostic_0_20kyr,weak_monsoon_start,Weak monsoon starts,full_after_climate_state,Full predictive model vs climate-state,9.4,same_type_history_count+cheng_log_resolution_scaled+lr04_lag+co2_lag,same_type_history_count+cheng_log_resolution_scaled+lr04_lag+co2_lag+pre_phase_sin_lag+pre_phase_cos_lag,True,3100,96,2,-420.8942350559813,-417.570545548861,3.3236895071203207,0.0010721579055226842,0.0015467968933474741,0.04994864968101218,6.6473790142406415,0.03601969138606861,-2.6305488768716714,96.00000448396452,96.0000290873709,0.5486766059016228,True,True,0.07579143395818604
core_component_diagnostic_0_20kyr,weak_monsoon_start,Weak monsoon starts,lr04_after_ep_baseline,LR04 vs EP baseline,9.6,same_type_history_count+cheng_log_resolution_scaled,same_type_history_count+cheng_log_resolution_scaled+lr04_after_ep_baseline_lag,True,3100,96,1,-423.55222152693216,-423.41667930086805,0.1355422260641035,4.3723298730355964e-05,6.307938624959125e-05,0.002036938514309718,0.271084452128207,0.6026052387211787,1.734087680969651,96.00000426819236,96.0000011781809,0.37159555591451526,True,True,0.8538199073669265
core_component_diagnostic_0_20kyr,weak_monsoon_start,Weak monsoon starts,co2_after_ep_baseline,CO2 vs EP baseline,9.6,same_type_history_count+cheng_log_resolution_scaled,same_type_history_count+cheng_log_resolution_scaled+co2_after_ep_baseline_lag,True,3100,96,1,-423.55222152693216,-422.31656414771976,1.2356573792123982,0.0003985991545846446,0.0005750570236218001,0.018569549721120626,2.4713147584247963,0.11594090634432722,-0.4661426253269383,96.00000426819236,96.00001622486195,0.4253509372848329,True,True,0.2067399395496188
core_component_diagnostic_0_20kyr,weak_monsoon_start,Weak monsoon starts,full_after_climate_state,Full predictive model vs climate-state,9.6,same_type_history_count+cheng_log_resolution_scaled+lr04_lag+co2_lag,same_type_history_count+cheng_log_resolution_scaled+lr04_lag+co2_lag+pre_phase_sin_lag+pre_phase_cos_lag,True,3100,96,2,-421.2394013844507,-417.98571329248705,3.2536880919636246,0.0010495768038592337,0.0015142192499598048,0.048896663279952034,6.507376183927249,0.03863146836735306,-2.490546046558279,95.99999743722967,95.9999792716669,0.5341013562395175,True,True,0.07962812867556447
core_component_diagnostic_0_20kyr,weak_monsoon_start,Weak monsoon starts,lr04_after_ep_baseline,LR04 vs EP baseline,9.8,same_type_history_count+cheng_log_resolution_scaled,same_type_history_count+cheng_log_resolution_scaled+lr04_after_ep_baseline_lag,True,3100,96,1,-423.55222152693216,-423.4101992222237,0.1420223047084619,4.5813646680148995e-05,6.609512087049009e-05,0.0021343216114429087,0.2840446094169238,0.5940624077651098,1.7211275236809342,96.00000426819236,96.0000079529144,0.3720433884357625,True,True,0.8538199073669265
core_component_diagnostic_0_20kyr,weak_monsoon_start,Weak monsoon starts,co2_after_ep_baseline,CO2 vs EP baseline,9.8,same_type_history_count+cheng_log_resolution_scaled,same_type_history_count+cheng_log_resolution_scaled+co2_after_ep_baseline_lag,True,3100,96,1,-423.55222152693216,-422.5735679661916,0.978653560740554,0.00031569469701308195,0.00045545117381571714,0.0147072774877992,1.957307121481108,0.1618016100020713,0.04786501161675005,96.00000426819236,95.99999506442693,0.4147673527882272,True,True,0.25939623190808253
core_component_diagnostic_0_20kyr,weak_monsoon_start,Weak monsoon starts,full_after_climate_state,Full predictive model vs climate-state,9.8,same_type_history_count+cheng_log_resolution_scaled+lr04_lag+co2_lag,same_type_history_count+cheng_log_resolution_scaled+lr04_lag+co2_lag+pre_phase_sin_lag+pre_phase_cos_lag,True,3100,96,2,-421.8883718225587,-418.74310191388645,3.145269908672276,0.0010146031963458955,0.0014637629998383148,0.04726734686977891,6.290539817344552,0.04305530147912891,-2.273709679975582,96.00000118691733,96.00001574501634,0.4979130603071131,True,True,0.08697170898784039
core_component_diagnostic_0_20kyr,weak_monsoon_start,Weak monsoon starts,lr04_after_ep_baseline,LR04 vs EP baseline,10.0,same_type_history_count+cheng_log_resolution_scaled,same_type_history_count+cheng_log_resolution_scaled+lr04_after_ep_baseline_lag,True,3100,96,1,-423.55222152693216,-423.40482222032216,0.1473993066099979,4.7548163422579966e-05,6.859749957313413e-05,0.002215127590382456,0.2947986132199958,0.5871617490756972,1.7103735198778622,96.00000426819236,95.99997331711923,0.3724551987195517,True,True,0.8538199073669265
core_component_diagnostic_0_20kyr,weak_monsoon_start,Weak monsoon starts,co2_after_ep_baseline,CO2 vs EP baseline,10.0,same_type_history_count+cheng_log_resolution_scaled,same_type_history_count+cheng_log_resolution_scaled+co2_after_ep_baseline_lag,True,3100,96,1,-423.55222152693216,-422.8637461867131,0.6884753402190427,0.00022208881942549762,0.00032040643842204993,0.010346457907378695,1.3769506804380853,0.2406212409912994,0.6282214526597727,96.00000426819236,95.99997784341738,0.40301998841452824,True,True,0.33753812972390607
core_component_diagnostic_0_20kyr,weak_monsoon_start,Weak monsoon starts,full_after_climate_state,Full predictive model vs climate-state,10.0,same_type_history_count+cheng_log_resolution_scaled+lr04_lag+co2_lag,same_type_history_count+cheng_log_resolution_scaled+lr04_lag+co2_lag+pre_phase_sin_lag+pre_phase_cos_lag,True,3100,96,2,-422.5450034158075,-419.5372361090369,3.0077673067706314,0.0009702475183131069,0.0013997712831051432,0.04520094768360358,6.015534613541263,0.04940185490689468,-1.9987044761722927,95.99996427094487,95.99990787968788,0.4558900846055152,True,True,0.09783504599208553
core_component_diagnostic_0_20kyr,weak_monsoon_start,Weak monsoon starts,lr04_after_ep_baseline,LR04 vs EP baseline,10.2,same_type_history_count+cheng_log_resolution_scaled,same_type_history_count+cheng_log_resolution_scaled+lr04_after_ep_baseline_lag,True,3100,96,1,-423.55222152693216,-423.400368557545,0.1518529693871642,4.89848288345691e-05,7.067016963842753e-05,0.002282057561240889,0.3037059387743284,0.5815684036929275,1.7014661943235296,96.00000426819236,95.99998595199591,0.3728307147059088,True,True,0.8538199073669265
core_component_diagnostic_0_20kyr,weak_monsoon_start,Weak monsoon starts,co2_after_ep_baseline,CO2 vs EP baseline,10.2,same_type_history_count+cheng_log_resolution_scaled,same_type_history_count+cheng_log_resolution_scaled+co2_after_ep_baseline_lag,True,3100,96,1,-423.55222152693216,-422.96834685634815,0.5838746705840094,0.00018834666793032562,0.0002717268037910412,0.008774511372419037,1.1677493411680189,0.2798641733187715,0.8374227919298391,96.00000426819236,95.999999978468,0.40203695427116265,True,True,0.3768837534026123
core_component_diagnostic_0_20kyr,weak_monsoon_start,Weak monsoon starts,full_after_climate_state,Full predictive model vs climate-state,10.2,same_type_history_count+cheng_log_resolution_scaled+lr04_lag+co2_lag,same_type_history_count+cheng_log_resolution_scaled+lr04_lag+co2_lag+pre_phase_sin_lag+pre_phase_cos_lag,True,3100,96,2,-422.7650032443736,-419.84921417702583,2.9157890673477596,0.0009405771184992773,0.0013569659444325382,0.043818691955634044,5.831578134695519,0.0541612772719851,-1.814747997326549,95.99993136145726,95.99999120686581,0.4545918661226953,True,True,0.10517208458723236
core_component_diagnostic_0_20kyr,weak_monsoon_start,Weak monsoon starts,lr04_after_ep_baseline,LR04 vs EP baseline,10.4,same_type_history_count+cheng_log_resolution_scaled,same_type_history_count+cheng_log_resolution_scaled+lr04_after_ep_baseline_lag,True,3100,96,1,-423.55222152693216,-423.407195126404,0.1450264005281383,4.678270984778655e-05,6.749318349674894e-05,0.0021794673837491844,0.2900528010562766,0.5901866961083799,1.7151193320415814,96.00000426819236,95.99998301297748,0.37260913958021463,True,True,0.8538199073669265
core_component_diagnostic_0_20kyr,weak_monsoon_start,Weak monsoon starts,co2_after_ep_baseline,CO2 vs EP baseline,10.4,same_type_history_count+cheng_log_resolution_scaled,same_type_history_count+cheng_log_resolution_scaled+co2_after_ep_baseline_lag,True,3100,96,1,-423.55222152693216,-423.05607062271315,0.4961509042190073,0.00016004867878032495,0.0002309014351772055,0.00745619217759726,0.9923018084380146,0.3191804424277652,1.0128703246598434,96.00000426819236,95.99995662443746,0.39363648890613734,True,True,0.4063878906712098
core_component_diagnostic_0_20kyr,weak_monsoon_start,Weak monsoon starts,full_after_climate_state,Full predictive model vs climate-state,10.4,same_type_history_count+cheng_log_resolution_scaled+lr04_lag+co2_lag,same_type_history_count+cheng_log_resolution_scaled+lr04_lag+co2_lag+pre_phase_sin_lag+pre_phase_cos_lag,True,3100,96,2,-422.9160356014477,-420.0811971917323,2.83483840971536,0.000914464003133987,0.0013192926823928728,0.04260215953560318,5.66967681943072,0.058728014943828774,-1.6528466820617496,96.0000160975699,96.00001612904882,0.4493473636382664,True,True,0.10517208458723236
core_component_diagnostic_0_20kyr,weak_monsoon_start,Weak monsoon starts,lr04_after_ep_baseline,LR04 vs EP baseline,10.6,same_type_history_count+cheng_log_resolution_scaled,same_type_history_count+cheng_log_resolution_scaled+lr04_after_ep_baseline_lag,True,3100,96,1,-423.55222152693216,-423.41010605842405,0.1421154685081092,4.58436995187449e-05,6.613847795169703e-05,0.002135721683856883,0.2842309370162184,0.5939414251294597,1.7209411960816396,96.00000426819236,95.99999791064235,0.3721904377787746,True,True,0.8538199073669265
core_component_diagnostic_0_20kyr,weak_monsoon_start,Weak monsoon starts,co2_after_ep_baseline,CO2 vs EP baseline,10.6,same_type_history_count+cheng_log_resolution_scaled,same_type_history_count+cheng_log_resolution_scaled+co2_after_ep_baseline_lag,True,3100,96,1,-423.55222152693216,-423.08087714842634,0.4713443785058189,0.00015204657371155447,0.0002193568378778179,0.007083397889804536,0.9426887570116378,0.3315873201120883,1.0624833760862202,96.00000426819236,95.99997824026022,0.38952716515625185,True,True,0.4063878906712098
core_component_diagnostic_0_20kyr,weak_monsoon_start,Weak monsoon starts,full_after_climate_state,Full predictive model vs climate-state,10.6,same_type_history_count+cheng_log_resolution_scaled+lr04_lag+co2_lag,same_type_history_count+cheng_log_resolution_scaled+lr04_lag+co2_lag+pre_phase_sin_lag+pre_phase_cos_lag,True,3100,96,2,-422.95683005870103,-420.17674860744864,2.7800814512523857,0.0008968004681459309,0.0012938095880610353,0.04177926794780427,5.560162902504771,0.062033454469021934,-1.5433327651358013,95.9999375715791,95.99995519412867,0.44814586797707295,True,True,0.10517208458723236
core_component_diagnostic_0_20kyr,weak_monsoon_start,Weak monsoon starts,lr04_after_ep_baseline,LR04 vs EP baseline,10.8,same_type_history_count+cheng_log_resolution_scaled,same_type_history_count+cheng_log_resolution_scaled+lr04_after_ep_baseline_lag,True,3100,96,1,-423.55222152693216,-423.4075748377182,0.14464668921397106,4.6660222327087435e-05,6.731647135806554e-05,0.002173761054270866,0.2892933784279421,0.5906737061603667,1.715878754669916,96.00000426819236,96.0001140930074,0.37188790151861234,True,True,0.8538199073669265
core_component_diagnostic_0_20kyr,weak_monsoon_start,Weak monsoon starts,co2_after_ep_baseline,CO2 vs EP baseline,10.8,same_type_history_count+cheng_log_resolution_scaled,same_type_history_count+cheng_log_resolution_scaled+co2_after_ep_baseline_lag,True,3100,96,1,-423.55222152693216,-423.0651574388231,0.4870640881090367,0.0001571174477771086,0.0002266725627451653,0.007319634838645963,0.9741281762180733,0.32365277717544205,1.0310439568797847,96.00000426819236,95.99999512095253,0.3950018939908612,True,True,0.4063878906712098
core_component_diagnostic_0_20kyr,weak_monsoon_start,Weak monsoon starts,full_after_climate_state,Full predictive model vs climate-state,10.8,same_type_history_count+cheng_log_resolution_scaled+lr04_lag+co2_lag,same_type_history_count+cheng_log_resolution_scaled+lr04_lag+co2_lag+pre_phase_sin_lag+pre_phase_cos_lag,True,3100,96,2,-422.9344677784668,-420.191972413837,2.7424953646298036,0.0008846759240741302,0.0012763175684556089,0.041214421481379035,5.484990729259607,0.06440942120104215,-1.468160591890637,95.99996319471256,96.00001444082778,0.4514670787156159,True,True,0.10517208458723236
core_component_diagnostic_0_20kyr,weak_monsoon_start,Weak monsoon starts,lr04_after_ep_baseline,LR04 vs EP baseline,11.0,same_type_history_count+cheng_log_resolution_scaled,same_type_history_count+cheng_log_resolution_scaled+lr04_after_ep_baseline_lag,True,3100,96,1,-423.55222152693216,-423.4072731320812,0.1449483948509851,4.6757546726124225e-05,6.745688078591341e-05,0.002178295108711787,0.2898967897019702,0.5902866774420137,1.7152753433958878,96.00000426819236,96.00020480099732,0.3715107162369929,True,True,0.8538199073669265
core_component_diagnostic_0_20kyr,weak_monsoon_start,Weak monsoon starts,co2_after_ep_baseline,CO2 vs EP baseline,11.0,same_type_history_count+cheng_log_resolution_scaled,same_type_history_count+cheng_log_resolution_scaled+co2_after_ep_baseline_lag,True,3100,96,1,-423.55222152693216,-423.0934722977833,0.4587492291488502,0.0001479836223060807,0.00021349523803376803,0.006894117061507093,0.9174984582977004,0.3381326538023267,1.0876736748001576,96.00000426819236,95.9999893626215,0.39625580594919096,True,True,0.4063878906712098
core_component_diagnostic_0_20kyr,weak_monsoon_start,Weak monsoon starts,full_after_climate_state,Full predictive model vs climate-state,11.0,same_type_history_count+cheng_log_resolution_scaled+lr04_lag+co2_lag,same_type_history_count+cheng_log_resolution_scaled+lr04_lag+co2_lag+pre_phase_sin_lag+pre_phase_cos_lag,True,3100,96,2,-422.98604214163004,-420.29886779375346,2.687174347876578,0.0008668304347988961,0.0012505719695759913,0.04038305318422472,5.374348695753156,0.06807301853888875,-1.3575185583841858,95.99992285561774,96.00004294873352,0.4577582388700778,True,True,0.10517208458723236
core_component_diagnostic_0_20kyr,weak_monsoon_start,Weak monsoon starts,lr04_after_ep_baseline,LR04 vs EP baseline,11.2,same_type_history_count+cheng_log_resolution_scaled,same_type_history_count+cheng_log_resolution_scaled+lr04_after_ep_baseline_lag,True,3100,96,1,-423.55222152693216,-423.40076110848537,0.15146041844678848,4.8858199498964026e-05,7.048748212391904e-05,0.002276158276918219,0.30292083689357696,0.5820570861405252,1.702251296204281,96.00000426819236,96.00032119314713,0.37125536140056814,True,True,0.8538199073669265
core_component_diagnostic_0_20kyr,weak_monsoon_start,Weak monsoon starts,co2_after_ep_baseline,CO2 vs EP baseline,11.2,same_type_history_count+cheng_log_resolution_scaled,same_type_history_count+cheng_log_resolution_scaled+co2_after_ep_baseline_lag,True,3100,96,1,-423.55222152693216,-423.01556744991376,0.5366540770183974,0.00017311421839303143,0.0002497510243829954,0.008064876829034227,1.0733081540367948,0.30019940595612127,0.9318639790610632,96.00000426819236,96.00010194641033,0.4005785523687511,True,True,0.3937680519684188
core_component_diagnostic_0_20kyr,weak_monsoon_start,Weak monsoon starts,full_after_climate_state,Full predictive model vs climate-state,11.2,same_type_history_count+cheng_log_resolution_scaled+lr04_lag+co2_lag,same_type_history_count+cheng_log_resolution_scaled+lr04_lag+co2_lag+pre_phase_sin_lag+pre_phase_cos_lag,True,3100,96,2,-422.8603382686542,-420.1847805781198,2.67555769053439,0.0008630831259788355,0.0012451657457246104,0.04020847720569055,5.35111538106878,0.0688684104223775,-1.33428524369981,95.9999902920069,96.00000564789983,0.4411472539899523,True,True,0.10517208458723236
core_component_diagnostic_0_20kyr,weak_monsoon_start,Weak monsoon starts,lr04_after_ep_baseline,LR04 vs EP baseline,11.4,same_type_history_count+cheng_log_resolution_scaled,same_type_history_count+cheng_log_resolution_scaled+lr04_after_ep_baseline_lag,True,3100,96,1,-423.55222152693216,-423.3866522421497,0.1655692847824639,5.340944670402062e-05,7.705354389651394e-05,0.002488187354991596,0.3311385695649278,0.5649894249547325,1.6740335635329302,96.00000426819236,96.00046447728644,0.3709139534997869,True,True,0.8538199073669265
core_component_diagnostic_0_20kyr,weak_monsoon_start,Weak monsoon starts,co2_after_ep_baseline,CO2 vs EP baseline,11.4,same_type_history_count+cheng_log_resolution_scaled,same_type_history_count+cheng_log_resolution_scaled+co2_after_ep_baseline_lag,True,3100,96,1,-423.55222152693216,-422.8951130210153,0.6571085059168809,0.000211970485779639,0.0003058087686491097,0.009875074820960835,1.3142170118337617,0.25163255948378044,0.6909551212640963,96.00000426819236,95.99993079109238,0.40696798266244005,True,True,0.34344443929543006
core_component_diagnostic_0_20kyr,weak_monsoon_start,Weak monsoon starts,full_after_climate_state,Full predictive model vs climate-state,11.4,same_type_history_count+cheng_log_resolution_scaled+lr04_lag+co2_lag,same_type_history_count+cheng_log_resolution_scaled+lr04_lag+co2_lag+pre_phase_sin_lag+pre_phase_cos_lag,True,3100,96,2,-422.6666464710042,-419.99284449083956,2.673801980164626,0.0008625167677950407,0.0012443486635814829,0.040182092261485385,5.347603960329252,0.06898942961094037,-1.330773822960282,95.99996509359335,95.99996961386795,0.46682303523361357,True,True,0.10517208458723236
core_component_diagnostic_0_20kyr,weak_monsoon_start,Weak monsoon starts,lr04_after_ep_baseline,LR04 vs EP baseline,11.6,same_type_history_count+cheng_log_resolution_scaled,same_type_history_count+cheng_log_resolution_scaled+lr04_after_ep_baseline_lag,True,3100,96,1,-423.55222152693216,-423.3813237897734,0.1708977371587821,5.5128302309284544e-05,7.953332835423241e-05,0.0025682637281054213,0.3417954743175642,0.5587946690764212,1.6633766587802938,96.00000426819236,96.00049414414656,0.37016085945339433,True,True,0.8538199073669265
core_component_diagnostic_0_20kyr,weak_monsoon_start,Weak monsoon starts,co2_after_ep_baseline,CO2 vs EP baseline,11.6,same_type_history_count+cheng_log_resolution_scaled,same_type_history_count+cheng_log_resolution_scaled+co2_after_ep_baseline_lag,True,3100,96,1,-423.55222152693216,-422.77015814099974,0.7820633859324175,0.0002522785115911024,0.0003639609575953324,0.011752905922349274,1.564126771864835,0.2110620030693127,0.44104536123302296,96.00000426819236,95.99999618953855,0.4099855137386757,True,True,0.3229888228787967
core_component_diagnostic_0_20kyr,weak_monsoon_start,Weak monsoon starts,full_after_climate_state,Full predictive model vs climate-state,11.6,same_type_history_count+cheng_log_resolution_scaled+lr04_lag+co2_lag,same_type_history_count+cheng_log_resolution_scaled+lr04_lag+co2_lag+pre_phase_sin_lag+pre_phase_cos_lag,True,3100,96,2,-422.4376840080695,-419.7608201699079,2.67686383816158,0.0008635044639230903,0.0012457736078873253,0.040228106088028216,5.35372767632316,0.06877851683144626,-1.3368975389541902,96.00000026053118,95.99999983078104,0.47026219058548613,True,True,0.10517208458723236
core_component_diagnostic_0_20kyr,weak_monsoon_start,Weak monsoon starts,lr04_after_ep_baseline,LR04 vs EP baseline,11.8,same_type_history_count+cheng_log_resolution_scaled,same_type_history_count+cheng_log_resolution_scaled+lr04_after_ep_baseline_lag,True,3100,96,1,-423.55222152693216,-423.38175927726286,0.17046224966929913,5.498782247396746e-05,7.933065879247554e-05,0.0025617191901736894,0.34092449933859825,0.5592960688930545,1.6642476337592598,96.00000426819236,96.0004201234596,0.3693091333308214,True,True,0.8538199073669265
core_component_diagnostic_0_20kyr,weak_monsoon_start,Weak monsoon starts,co2_after_ep_baseline,CO2 vs EP baseline,11.8,same_type_history_count+cheng_log_resolution_scaled,same_type_history_count+cheng_log_resolution_scaled+co2_after_ep_baseline_lag,True,3100,96,1,-423.55222152693216,-422.64317709087004,0.9090444360621177,0.0002932401406651993,0.0004230560967272651,0.013661186456817935,1.8180888721242354,0.17754093203202256,0.1870832609736226,96.00000426819236,96.00000061876787,0.41265599298622535,True,True,0.27888781667028273
core_component_diagnostic_0_20kyr,weak_monsoon_start,Weak monsoon starts,full_after_climate_state,Full predictive model vs climate-state,11.8,same_type_history_count+cheng_log_resolution_scaled+lr04_lag+co2_lag,same_type_history_count+cheng_log_resolution_scaled+lr04_lag+co2_lag+pre_phase_sin_lag+pre_phase_cos_lag,True,3100,96,2,-422.1791854902346,-419.4966824225099,2.682503067724724,0.0008653235702337819,0.00124839802354061,0.040312852843498864,5.365006135449448,0.06839175054292472,-1.3481759980804782,95.99997133132548,96.00000374431335,0.49972459606360603,True,True,0.10517208458723236
core_component_diagnostic_0_20kyr,weak_monsoon_start,Weak monsoon starts,lr04_after_ep_baseline,LR04 vs EP baseline,12.0,same_type_history_count+cheng_log_resolution_scaled,same_type_history_count+cheng_log_resolution_scaled+lr04_after_ep_baseline_lag,True,3100,96,1,-423.55222152693216,-423.3752488344369,0.17697269249526926,5.70879653210546e-05,8.236052446312659e-05,0.00265955860245513,0.3539453849905385,0.5518881954916546,1.6512267481073195,96.00000426819236,96.00009266463024,0.3685198417075016,True,True,0.8538199073669265
core_component_diagnostic_0_20kyr,weak_monsoon_start,Weak monsoon starts,co2_after_ep_baseline,CO2 vs EP baseline,12.0,same_type_history_count+cheng_log_resolution_scaled,same_type_history_count+cheng_log_resolution_scaled+co2_after_ep_baseline_lag,True,3100,96,1,-423.55222152693216,-422.49554165708736,1.0566798698447997,0.0003408644741434838,0.0004917634864620283,0.015879862583669666,2.1133597396895993,0.14601842748101032,-0.10818760659174131,96.00000426819236,95.9999992258884,0.412564206805341,True,True,0.2417682159931482
core_component_diagnostic_0_20kyr,weak_monsoon_start,Weak monsoon starts,full_after_climate_state,Full predictive model vs climate-state,12.0,same_type_history_count+cheng_log_resolution_scaled+lr04_lag+co2_lag,same_type_history_count+cheng_log_resolution_scaled+lr04_lag+co2_lag+pre_phase_sin_lag+pre_phase_cos_lag,True,3100,96,2,-421.88914870547313,-419.2028242792213,2.686324426251815,0.0008665562665328436,0.0012501764283781884,0.04037028049971233,5.37264885250363,0.06813089986321814,-1.3558187151346601,95.99997344092435,95.99998545897041,0.5172924705080273,True,True,0.10517208458723236
core_component_diagnostic_0_20kyr,weak_monsoon_start,Weak monsoon starts,lr04_after_ep_baseline,LR04 vs EP baseline,12.2,same_type_history_count+cheng_log_resolution_scaled,same_type_history_count+cheng_log_resolution_scaled+lr04_after_ep_baseline_lag,True,3100,96,1,-423.55222152693216,-423.37766073477394,0.17456079215821774,5.630993295426378e-05,8.123806102590638e-05,0.0026233123872948937,0.3491215843164355,0.5546108015309199,1.6560505487814225,96.00000426819236,95.99980300265923,0.36760774745307756,True,True,0.8538199073669265
core_component_diagnostic_0_20kyr,weak_monsoon_start,Weak monsoon starts,co2_after_ep_baseline,CO2 vs EP baseline,12.2,same_type_history_count+cheng_log_resolution_scaled,same_type_history_count+cheng_log_resolution_scaled+co2_after_ep_baseline_lag,True,3100,96,1,-423.55222152693216,-422.34856096209285,1.2036605648393106,0.00038827760156106796,0.0005601661702604136,0.018088699247992522,2.407321129678621,0.1207688755784902,-0.4021489965807632,96.00000426819236,96.0000310171859,0.4168463265372416,True,True,0.2067399395496188
core_component_diagnostic_0_20kyr,weak_monsoon_start,Weak monsoon starts,full_after_climate_state,Full predictive model vs climate-state,12.2,same_type_history_count+cheng_log_resolution_scaled+lr04_lag+co2_lag,same_type_history_count+cheng_log_resolution_scaled+lr04_lag+co2_lag+pre_phase_sin_lag+pre_phase_cos_lag,True,3100,96,2,-421.55984418000844,-418.8611108209985,2.698733359009964,0.0008705591480677303,0.0012559513657178353,0.0405567628513051,5.397466718019928,0.06729069193128176,-1.3806365806509575,96.00000186352253,95.9997968361833,0.5135182825766044,True,True,0.10517208458723236
core_component_diagnostic_0_20kyr,weak_monsoon_start,Weak monsoon starts,lr04_after_ep_baseline,LR04 vs EP baseline,12.4,same_type_history_count+cheng_log_resolution_scaled,same_type_history_count+cheng_log_resolution_scaled+lr04_after_ep_baseline_lag,True,3100,96,1,-423.55222152693216,-423.39143762425374,0.1607839026784177,5.186577505755409e-05,7.482649646739578e-05,0.0024162722817596557,0.3215678053568354,0.5706669712754571,1.6836043277410226,96.00000426819236,95.99998980701847,0.36711648572705224,True,True,0.8538199073669265
core_component_diagnostic_0_20kyr,weak_monsoon_start,Weak monsoon starts,co2_after_ep_baseline,CO2 vs EP baseline,12.4,same_type_history_count+cheng_log_resolution_scaled,same_type_history_count+cheng_log_resolution_scaled+co2_after_ep_baseline_lag,True,3100,96,1,-423.55222152693216,-422.3414251978227,1.2107963291094848,0.0003905794610030596,0.0005634870514621984,0.018195936036800156,2.4215926582189695,0.11967320415714713,-0.4164205251211115,96.00000426819236,95.99999803449464,0.4189933071360767,True,True,0.2067399395496188
core_component_diagnostic_0_20kyr,weak_monsoon_start,Weak monsoon starts,full_after_climate_state,Full predictive model vs climate-state,12.4,same_type_history_count+cheng_log_resolution_scaled+lr04_lag+co2_lag,same_type_history_count+cheng_log_resolution_scaled+lr04_lag+co2_lag+pre_phase_sin_lag+pre_phase_cos_lag,True,3100,96,2,-421.4904674695034,-418.80121790750206,2.6892495620013506,0.0008674998587101131,0.0012515377441329567,0.040414239654293395,5.378499124002701,0.06793189892665169,-1.361668986633731,96.00002667686189,95.9999647868834,0.4946054206079085,True,True,0.10517208458723236
core_component_diagnostic_0_20kyr,weak_monsoon_start,Weak monsoon starts,lr04_after_ep_baseline,LR04 vs EP baseline,12.6,same_type_history_count+cheng_log_resolution_scaled,same_type_history_count+cheng_log_resolution_scaled+lr04_after_ep_baseline_lag,True,3100,96,1,-423.55222152693216,-423.3897261295387,0.16249539739345664,5.24178701269215e-05,7.562300128607139e-05,0.002441992749862722,0.3249907947869133,0.5686236842855085,1.6801813383109447,96.00000426819236,95.99998947271644,0.367203122949112,True,True,0.8538199073669265
core_component_diagnostic_0_20kyr,weak_monsoon_start,Weak monsoon starts,co2_after_ep_baseline,CO2 vs EP baseline,12.6,same_type_history_count+cheng_log_resolution_scaled,same_type_history_count+cheng_log_resolution_scaled+co2_after_ep_baseline_lag,True,3100,96,1,-423.55222152693216,-422.27543444677644,1.2767870801557137,0.00041186680005023027,0.0005941981899392735,0.019187649883455705,2.5535741603114275,0.11004505498953322,-0.5484020272135695,96.00000426819236,95.99999401965869,0.4221099098888956,True,True,0.2029587447921032
core_component_diagnostic_0_20kyr,weak_monsoon_start,Weak monsoon starts,full_after_climate_state,Full predictive model vs climate-state,12.6,same_type_history_count+cheng_log_resolution_scaled+lr04_lag+co2_lag,same_type_history_count+cheng_log_resolution_scaled+lr04_lag+co2_lag+pre_phase_sin_lag+pre_phase_cos_lag,True,3100,96,2,-421.3492207221468,-418.67060454622884,2.6786161759179663,0.0008640697341670859,0.0012465891204650997,0.040254440348352176,5.357232351835933,0.06865809917658956,-1.3404022144669625,96.00004239341548,95.99987696331385,0.511304930006533,True,True,0.10517208458723236
core_component_diagnostic_0_20kyr,weak_monsoon_start,Weak monsoon starts,lr04_after_ep_baseline,LR04 vs EP baseline,12.8,same_type_history_count+cheng_log_resolution_scaled,same_type_history_count+cheng_log_resolution_scaled+lr04_after_ep_baseline_lag,True,3100,96,1,-423.55222152693216,-423.3724675898231,0.17975393710906928,5.798514100292558e-05,8.365487537016803e-05,0.0027013553504950092,0.35950787421813857,0.5487796766449164,1.6456642588797195,96.00000426819236,95.99987666720347,0.36736412421157566,True,True,0.8538199073669265
core_component_diagnostic_0_20kyr,weak_monsoon_start,Weak monsoon starts,co2_after_ep_baseline,CO2 vs EP baseline,12.8,same_type_history_count+cheng_log_resolution_scaled,same_type_history_count+cheng_log_resolution_scaled+co2_after_ep_baseline_lag,True,3100,96,1,-423.55222152693216,-422.1628664610612,1.3893550658709728,0.0004481790535067654,0.0006465856979245199,0.02087932982881262,2.7787101317419456,0.0955250734392326,-0.7735379986440876,96.00000426819236,95.99998850457371,0.4200105714050785,True,True,0.2010006753617186
core_component_diagnostic_0_20kyr,weak_monsoon_start,Weak monsoon starts,full_after_climate_state,Full predictive model vs climate-state,12.8,same_type_history_count+cheng_log_resolution_scaled+lr04_lag+co2_lag,same_type_history_count+cheng_log_resolution_scaled+lr04_lag+co2_lag+pre_phase_sin_lag+pre_phase_cos_lag,True,3100,96,2,-421.1716369423877,-418.50563625874634,2.6660006836413572,0.0008600002205294701,0.0012407180533212814,0.04006485380516638,5.3320013672827145,0.06952974143439247,-1.3151712299137444,96.00013943754927,95.99999921646545,0.514062305016549,True,True,0.10517208458723236
core_component_diagnostic_0_20kyr,weak_monsoon_start,Weak monsoon starts,lr04_after_ep_baseline,LR04 vs EP baseline,13.0,same_type_history_count+cheng_log_resolution_scaled,same_type_history_count+cheng_log_resolution_scaled+lr04_after_ep_baseline_lag,True,3100,96,1,-423.55222152693216,-423.3567789742998,0.19544255263235755,6.304598472011533e-05,9.095612950367176e-05,0.0029371250152227337,0.3908851052647151,0.5318345194696762,1.614287027833143,96.00000426819236,95.99987238858196,0.3674858016005503,True,True,0.8538199073669265
core_component_diagnostic_0_20kyr,weak_monsoon_start,Weak monsoon starts,co2_after_ep_baseline,CO2 vs EP baseline,13.0,same_type_history_count+cheng_log_resolution_scaled,same_type_history_count+cheng_log_resolution_scaled+co2_after_ep_baseline_lag,True,3100,96,1,-423.55222152693216,-422.2242164993065,1.328005027625636,0.00042838871858891486,0.0006180342798810051,0.01995735695449079,2.656010055251272,0.10315921082460945,-0.6508379221534142,96.00000426819236,96.00000983288052,0.41824285107229503,True,True,0.2029587447921032
core_component_diagnostic_0_20kyr,weak_monsoon_start,Weak monsoon starts,full_after_climate_state,Full predictive model vs climate-state,13.0,same_type_history_count+cheng_log_resolution_scaled+lr04_lag+co2_lag,same_type_history_count+cheng_log_resolution_scaled+lr04_lag+co2_lag+pre_phase_sin_lag+pre_phase_cos_lag,True,3100,96,2,-421.379996317988,-418.76062617935787,2.6193701386301314,0.0008449581092355263,0.0012190168739530088,0.03936408655473258,5.238740277260263,0.0728487329827494,-1.2219101398912926,96.00005276238055,95.99983307375823,0.5255400364100269,True,True,0.10517208458723236
core_component_diagnostic_0_20kyr,weak_monsoon_start,Weak monsoon starts,lr04_after_ep_baseline,LR04 vs EP baseline,13.2,same_type_history_count+cheng_log_resolution_scaled,same_type_history_count+cheng_log_resolution_scaled+lr04_after_ep_baseline_lag,True,3100,96,1,-423.55222152693216,-423.3356192923844,0.21660223454773586,6.987168856378576e-05,0.00010080353858951182,0.0032551142669529857,0.4332044690954717,0.5104207387205406,1.5719676640023863,96.00000426819236,95.99985316378222,0.36762563810483384,True,True,0.8538199073669265
core_component_diagnostic_0_20kyr,weak_monsoon_start,Weak monsoon starts,co2_after_ep_baseline,CO2 vs EP baseline,13.2,same_type_history_count+cheng_log_resolution_scaled,same_type_history_count+cheng_log_resolution_scaled+co2_after_ep_baseline_lag,True,3100,96,1,-423.55222152693216,-422.2788514990822,1.2733700278499782,0.0004107645251128962,0.0005926079433534854,0.019136298170789632,2.5467400556999564,0.11052208874817501,-0.5415679226020984,96.00000426819236,96.00000005870973,0.41126306611794206,True,True,0.2029587447921032
core_component_diagnostic_0_20kyr,weak_monsoon_start,Weak monsoon starts,full_after_climate_state,Full predictive model vs climate-state,13.2,same_type_history_count+cheng_log_resolution_scaled+lr04_lag+co2_lag,same_type_history_count+cheng_log_resolution_scaled+lr04_lag+co2_lag+pre_phase_sin_lag+pre_phase_cos_lag,True,3100,96,2,-421.57866241480906,-419.0123029978873,2.5663594169217845,0.0008278578764263821,0.0011943464528812097,0.03856743754095573,5.132718833843569,0.07681468724665347,-1.1158886964745989,95.9998176274432,95.99996274122249,0.4899729653107023,True,True,0.10517208458723236
core_component_diagnostic_0_20kyr,weak_monsoon_start,Weak monsoon starts,lr04_after_ep_baseline,LR04 vs EP baseline,13.4,same_type_history_count+cheng_log_resolution_scaled,same_type_history_count+cheng_log_resolution_scaled+lr04_after_ep_baseline_lag,True,3100,96,1,-423.55222152693216,-423.2977570850424,0.2544644418897519,8.208530383540384e-05,0.00011842406077320094,0.00382411029580128,0.5089288837795038,0.47560290205884914,1.4962432493183542,96.00000426819236,96.00038803048096,0.3674926633713605,True,True,0.8538199073669265
core_component_diagnostic_0_20kyr,weak_monsoon_start,Weak monsoon starts,co2_after_ep_baseline,CO2 vs EP baseline,13.4,same_type_history_count+cheng_log_resolution_scaled,same_type_history_count+cheng_log_resolution_scaled+co2_after_ep_baseline_lag,True,3100,96,1,-423.55222152693216,-422.252009370938,1.3002121559941315,0.0004194232761271392,0.0006050998805020261,0.01953968364121126,2.600424311988263,0.1068351086674734,-0.595252178890405,96.00000426819236,95.9999950846125,0.41386626710036983,True,True,0.2029587447921032
core_component_diagnostic_0_20kyr,weak_monsoon_start,Weak monsoon starts,full_after_climate_state,Full predictive model vs climate-state,13.4,same_type_history_count+cheng_log_resolution_scaled+lr04_lag+co2_lag,same_type_history_count+cheng_log_resolution_scaled+lr04_lag+co2_lag+pre_phase_sin_lag+pre_phase_cos_lag,True,3100,96,2,-421.64420546418364,-419.13183170596085,2.512373758222793,0.0008104431478138043,0.0011692223102734167,0.03775613710257908,5.024747516445586,0.08107555687089783,-1.0079173790766163,96.00004393188281,96.00000080477939,0.5239577507933133,True,True,0.10517208458723236
core_component_diagnostic_0_20kyr,weak_monsoon_start,Weak monsoon starts,lr04_after_ep_baseline,LR04 vs EP baseline,13.6,same_type_history_count+cheng_log_resolution_scaled,same_type_history_count+cheng_log_resolution_scaled+lr04_after_ep_baseline_lag,True,3100,96,1,-423.55222152693216,-423.275224979098,0.2769965478341305,8.935372510778403e-05,0.0001289101760979557,0.004162724436496486,0.553993095668261,0.4566906920213334,1.451179037429597,96.00000426819236,95.99983631236633,0.36683729218408373,True,True,0.8538199073669265
core_component_diagnostic_0_20kyr,weak_monsoon_start,Weak monsoon starts,co2_after_ep_baseline,CO2 vs EP baseline,13.6,same_type_history_count+cheng_log_resolution_scaled,same_type_history_count+cheng_log_resolution_scaled+co2_after_ep_baseline_lag,True,3100,96,1,-423.55222152693216,-422.2470112017836,1.3052103251485505,0.0004210355887575969,0.0006074259559383502,0.019614796493842557,2.610420650297101,0.1061635984441042,-0.605248517199243,96.00000426819236,95.99994634444067,0.40357724804457207,True,True,0.2029587447921032
core_component_diagnostic_0_20kyr,weak_monsoon_start,Weak monsoon starts,full_after_climate_state,Full predictive model vs climate-state,13.6,same_type_history_count+cheng_log_resolution_scaled+lr04_lag+co2_lag,same_type_history_count+cheng_log_resolution_scaled+lr04_lag+co2_lag+pre_phase_sin_lag+pre_phase_cos_lag,True,3100,96,2,-421.69854783233836,-419.2305576223632,2.4679902099751416,0.0007961258741855296,0.0011485668506108543,0.037089137884308836,4.935980419950283,0.08475502775188898,-0.9191502825813131,95.99995507151154,95.99999620813318,0.4890097805391052,True,True,0.10517208458723236
core_component_diagnostic_0_20kyr,weak_monsoon_start,Weak monsoon starts,lr04_after_ep_baseline,LR04 vs EP baseline,13.8,same_type_history_count+cheng_log_resolution_scaled,same_type_history_count+cheng_log_resolution_scaled+lr04_after_ep_baseline_lag,True,3100,96,1,-423.55222152693216,-423.28914962085537,0.26307190607678876,8.486190518606089e-05,0.00012242984977231945,0.0039534638988978155,0.5261438121535775,0.4682326081411946,1.4790283209442805,96.00000426819236,95.9998247745166,0.3660702066948255,True,True,0.8538199073669265
core_component_diagnostic_0_20kyr,weak_monsoon_start,Weak monsoon starts,co2_after_ep_baseline,CO2 vs EP baseline,13.8,same_type_history_count+cheng_log_resolution_scaled,same_type_history_count+cheng_log_resolution_scaled+co2_after_ep_baseline_lag,True,3100,96,1,-423.55222152693216,-422.2303537409242,1.3218677860079424,0.0004264089632283685,0.0006151780966401716,0.019865126037338875,2.643735572015885,0.10395884193974304,-0.6385634389180268,96.00000426819236,95.9999969504425,0.3995229954405684,True,True,0.2029587447921032
core_component_diagnostic_0_20kyr,weak_monsoon_start,Weak monsoon starts,full_after_climate_state,Full predictive model vs climate-state,13.8,same_type_history_count+cheng_log_resolution_scaled+lr04_lag+co2_lag,same_type_history_count+cheng_log_resolution_scaled+lr04_lag+co2_lag+pre_phase_sin_lag+pre_phase_cos_lag,True,3100,96,2,-421.63128731066496,-419.1661589890889,2.46512832157606,0.0007952026843793742,0.0011472349692557148,0.037046129215549124,4.93025664315212,0.08499793460293335,-0.9134265057831499,95.99994547878215,95.99999420015573,0.4832490142794446,True,True,0.10517208458723236
core_component_diagnostic_0_20kyr,weak_monsoon_start,Weak monsoon starts,lr04_after_ep_baseline,LR04 vs EP baseline,14.0,same_type_history_count+cheng_log_resolution_scaled,same_type_history_count+cheng_log_resolution_scaled+lr04_after_ep_baseline_lag,True,3100,96,1,-423.55222152693216,-423.31486698938,0.2373545375521644,7.65659798555369e-05,0.00011046135943838736,0.0035669813985312587,0.4747090751043288,0.4908287134083362,1.5304630579935292,96.00000426819236,95.99984131557957,0.3653571882306996,True,True,0.8538199073669265
core_component_diagnostic_0_20kyr,weak_monsoon_start,Weak monsoon starts,co2_after_ep_baseline,CO2 vs EP baseline,14.0,same_type_history_count+cheng_log_resolution_scaled,same_type_history_count+cheng_log_resolution_scaled+co2_after_ep_baseline_lag,True,3100,96,1,-423.55222152693216,-422.33909109433495,1.213130432597211,0.00039133239761200353,0.0005645733093740256,0.01823101311520291,2.426260865194422,0.11931720280791526,-0.42108873209656394,96.00000426819236,95.99999126205637,0.3990663158163905,True,True,0.2067399395496188
core_component_diagnostic_0_20kyr,weak_monsoon_start,Weak monsoon starts,full_after_climate_state,Full predictive model vs climate-state,14.0,same_type_history_count+cheng_log_resolution_scaled+lr04_lag+co2_lag,same_type_history_count+cheng_log_resolution_scaled+lr04_lag+co2_lag+pre_phase_sin_lag+pre_phase_cos_lag,True,3100,96,2,-421.7814855319281,-419.33758454121096,2.443900990717168,0.0007883551582958607,0.001137356077332672,0.0367271233305342,4.887801981434336,0.08682150012308537,-0.870971844065366,95.99998115668839,95.9999936144201,0.483445388089113,True,True,0.10517208458723236
core_component_diagnostic_0_20kyr,weak_monsoon_start,Weak monsoon starts,lr04_after_ep_baseline,LR04 vs EP baseline,14.2,same_type_history_count+cheng_log_resolution_scaled,same_type_history_count+cheng_log_resolution_scaled+lr04_after_ep_baseline_lag,True,3100,96,1,-423.55222152693216,-423.3533889784344,0.19883254849776222,6.413953177347168e-05,9.253378441452771e-05,0.0029880701217191237,0.39766509699552444,0.5282975681711626,1.6075070361023336,96.00000426819236,95.9998303139594,0.3647362938296125,True,True,0.8538199073669265
core_component_diagnostic_0_20kyr,weak_monsoon_start,Weak monsoon starts,co2_after_ep_baseline,CO2 vs EP baseline,14.2,same_type_history_count+cheng_log_resolution_scaled,same_type_history_count+cheng_log_resolution_scaled+co2_after_ep_baseline_lag,True,3100,96,1,-423.55222152693216,-422.4803570355573,1.0718644913748676,0.0003457627391531831,0.0004988301891004815,0.01610805818970305,2.1437289827497352,0.14315355035013252,-0.1385568496518772,96.00000426819236,96.00000047180808,0.39947063096743723,True,True,0.24097514308938975
core_component_diagnostic_0_20kyr,weak_monsoon_start,Weak monsoon starts,full_after_climate_state,Full predictive model vs climate-state,14.2,same_type_history_count+cheng_log_resolution_scaled+lr04_lag+co2_lag,same_type_history_count+cheng_log_resolution_scaled+lr04_lag+co2_lag+pre_phase_sin_lag+pre_phase_cos_lag,True,3100,96,2,-421.9592637512936,-419.5296579438349,2.4296058074586995,0.000783743808857645,0.001130703306366352,0.03651229426808012,4.859211614917399,0.0880715428859582,-0.8423814775484288,95.9999814162745,95.99998892690373,0.4703864054822616,True,True,0.10517208458723236
core_component_diagnostic_0_20kyr,weak_monsoon_start,Weak monsoon starts,lr04_after_ep_baseline,LR04 vs EP baseline,14.4,same_type_history_count+cheng_log_resolution_scaled,same_type_history_count+cheng_log_resolution_scaled+lr04_after_ep_baseline_lag,True,3100,96,1,-423.55222152693216,-423.4017293029214,0.15049222401074758,4.854587871314438e-05,7.00368984750505e-05,0.0022616081799235054,0.30098444802149515,0.5832659175363242,1.7041876850763629,96.00000426819236,95.99985072949916,0.36515366942776933,True,True,0.8538199073669265
core_component_diagnostic_0_20kyr,weak_monsoon_start,Weak monsoon starts,co2_after_ep_baseline,CO2 vs EP baseline,14.4,same_type_history_count+cheng_log_resolution_scaled,same_type_history_count+cheng_log_resolution_scaled+co2_after_ep_baseline_lag,True,3100,96,1,-423.55222152693216,-422.55171279758855,1.0005087293436077,0.00032274475140116375,0.0004656222523194003,0.015035718564480634,2.0010174586872154,0.1571936586424613,0.004154674410642656,96.00000426819236,95.99998977814724,0.40360529281795393,True,True,0.2560735406917515
core_component_diagnostic_0_20kyr,weak_monsoon_start,Weak monsoon starts,full_after_climate_state,Full predictive model vs climate-state,14.4,same_type_history_count+cheng_log_resolution_scaled+lr04_lag+co2_lag,same_type_history_count+cheng_log_resolution_scaled+lr04_lag+co2_lag+pre_phase_sin_lag+pre_phase_cos_lag,True,3100,96,2,-421.952717177408,-419.49553946054306,2.457177716864919,0.000792637973182232,0.0011435348731302852,0.03692664694483213,4.914355433729838,0.08567641316565162,-0.8975252963608682,95.99999916104073,95.99999156723078,0.4766075252139396,True,True,0.10517208458723236
core_component_diagnostic_0_20kyr,weak_monsoon_start,Weak monsoon starts,lr04_after_ep_baseline,LR04 vs EP baseline,14.6,same_type_history_count+cheng_log_resolution_scaled,same_type_history_count+cheng_log_resolution_scaled+lr04_after_ep_baseline_lag,True,3100,96,1,-423.55222152693216,-423.4388425067184,0.11337902021375612,3.6573877488308425e-05,5.2764951678463063e-05,0.001703868231283703,0.22675804042751224,0.6339381821275117,1.7784140926703458,96.00000426819236,95.99983162806618,0.3662465383137167,True,True,0.8538199073669265
core_component_diagnostic_0_20kyr,weak_monsoon_start,Weak monsoon starts,co2_after_ep_baseline,CO2 vs EP baseline,14.6,same_type_history_count+cheng_log_resolution_scaled,same_type_history_count+cheng_log_resolution_scaled+co2_after_ep_baseline_lag,True,3100,96,1,-423.55222152693216,-422.6512686047449,0.9009529221872299,0.0002906299748991064,0.00041929042352062477,0.013539586592853509,1.8019058443744598,0.17948225825315228,0.20326628872339825,96.00000426819236,95.99999478273915,0.3914679758468588,True,True,0.27888781667028273
core_component_diagnostic_0_20kyr,weak_monsoon_start,Weak monsoon starts,full_after_climate_state,Full predictive model vs climate-state,14.6,same_type_history_count+cheng_log_resolution_scaled+lr04_lag+co2_lag,same_type_history_count+cheng_log_resolution_scaled+lr04_lag+co2_lag+pre_phase_sin_lag+pre_phase_cos_lag,True,3100,96,2,-422.0267762132424,-419.56226599883394,2.464510214408449,0.0007950032949704674,0.0011469473111442791,0.03703684025570068,4.929020428816898,0.08505048867589497,-0.9121902914479278,96.00000775550993,95.99997380886057,0.45403065041915125,True,True,0.10517208458723236
core_component_diagnostic_0_20kyr,weak_monsoon_start,Weak monsoon starts,lr04_after_ep_baseline,LR04 vs EP baseline,14.8,same_type_history_count+cheng_log_resolution_scaled,same_type_history_count+cheng_log_resolution_scaled+lr04_after_ep_baseline_lag,True,3100,96,1,-423.55222152693216,-423.46453926645506,0.08768226047709504,2.8284600153901628e-05,4.080605237556109e-05,0.00131769544129416,0.17536452095419008,0.6753875409456025,1.829807612143668,96.00000426819236,96.00004517339624,0.36708281293825057,True,True,0.8538199073669265
core_component_diagnostic_0_20kyr,weak_monsoon_start,Weak monsoon starts,co2_after_ep_baseline,CO2 vs EP baseline,14.8,same_type_history_count+cheng_log_resolution_scaled,same_type_history_count+cheng_log_resolution_scaled+co2_after_ep_baseline_lag,True,3100,96,1,-423.55222152693216,-422.834646542148,0.7175749847841644,0.00023147580154327883,0.0003339489909722862,0.010783769500146742,1.4351499695683287,0.23092579610507794,0.5700221635295293,96.00000426819236,96.00000244670589,0.3816703908338254,True,True,0.32959789901308245
core_component_diagnostic_0_20kyr,weak_monsoon_start,Weak monsoon starts,full_after_climate_state,Full predictive model vs climate-state,14.8,same_type_history_count+cheng_log_resolution_scaled+lr04_lag+co2_lag,same_type_history_count+cheng_log_resolution_scaled+lr04_lag+co2_lag+pre_phase_sin_lag+pre_phase_cos_lag,True,3100,96,2,-422.32963487561153,-419.89860695942144,2.4310279161900894,0.0007842025536097063,0.0011313651351451846,0.03653366582239659,4.862055832380179,0.0879463845912782,-0.8452256950112087,95.99999522797944,95.99999301610733,0.45691939155643163,True,True,0.10517208458723236
core_component_diagnostic_0_20kyr,weak_monsoon_start,Weak monsoon starts,lr04_after_ep_baseline,LR04 vs EP baseline,15.0,same_type_history_count+cheng_log_resolution_scaled,same_type_history_count+cheng_log_resolution_scaled+lr04_after_ep_baseline_lag,True,3100,96,1,-423.55222152693216,-423.48817800138244,0.06404352554972093,2.0659201790232557e-05,2.9804927971492906e-05,0.0009624507990794584,0.12808705109944185,0.7204237536398941,1.8770850819984162,96.00000426819236,96.0001855339014,0.3676283563216837,True,True,0.8800177195884449
core_component_diagnostic_0_20kyr,weak_monsoon_start,Weak monsoon starts,co2_after_ep_baseline,CO2 vs EP baseline,15.0,same_type_history_count+cheng_log_resolution_scaled,same_type_history_count+cheng_log_resolution_scaled+co2_after_ep_baseline_lag,True,3100,96,1,-423.55222152693216,-422.7866152299456,0.7656062969865616,0.0002469697732214715,0.0003563020670760888,0.011505587582665367,1.5312125939731231,0.21593054720605198,0.4739595391247349,96.00000426819236,95.99998971965714,0.38349670237689304,True,True,0.32550724280315296
core_component_diagnostic_0_20kyr,weak_monsoon_start,Weak monsoon starts,full_after_climate_state,Full predictive model vs climate-state,15.0,same_type_history_count+cheng_log_resolution_scaled+lr04_lag+co2_lag,same_type_history_count+cheng_log_resolution_scaled+lr04_lag+co2_lag+pre_phase_sin_lag+pre_phase_cos_lag,True,3100,96,2,-422.09764340925346,-419.6206542410142,2.4769891682392426,0.0007990287639481428,0.0011527548352756238,0.03722437488910869,4.953978336478485,0.08399574230747286,-0.9371481991095152,95.9999943970185,95.99996567115477,0.4602736453566867,True,True,0.10517208458723236
core_component_diagnostic_0_20kyr,weak_monsoon_start,Weak monsoon starts,lr04_after_ep_baseline,LR04 vs EP baseline,15.2,same_type_history_count+cheng_log_resolution_scaled,same_type_history_count+cheng_log_resolution_scaled+lr04_after_ep_baseline_lag,True,3100,96,1,-423.55222152693216,-423.50367435394537,0.04854717298678679,1.566037838283445e-05,2.2593150231359984e-05,0.0007295704762209995,0.09709434597357358,0.7553447952710826,1.9080777871242844,96.00000426819236,96.00038826486877,0.36803786486270074,True,True,0.9082121943140397
core_component_diagnostic_0_20kyr,weak_monsoon_start,Weak monsoon starts,co2_after_ep_baseline,CO2 vs EP baseline,15.2,same_type_history_count+cheng_log_resolution_scaled,same_type_history_count+cheng_log_resolution_scaled+co2_after_ep_baseline_lag,True,3100,96,1,-423.55222152693216,-422.8309873959738,0.7212341309583508,0.00023265617127688734,0.0003356519045333787,0.010838759417223688,1.4424682619167015,0.2297403393098042,0.5627038711811565,96.00000426819236,96.00012715414996,0.3809518612607647,True,True,0.32959789901308245
core_component_diagnostic_0_20kyr,weak_monsoon_start,Weak monsoon starts,full_after_climate_state,Full predictive model vs climate-state,15.2,same_type_history_count+cheng_log_resolution_scaled+lr04_lag+co2_lag,same_type_history_count+cheng_log_resolution_scaled+lr04_lag+co2_lag+pre_phase_sin_lag+pre_phase_cos_lag,True,3100,96,2,-422.10641095998875,-419.62692950353176,2.4794814564569947,0.0007998327278893532,0.0011539147100666615,0.03726182917923594,4.958962912913989,0.08378666136179289,-0.9421327755450193,95.99999860088505,95.99995150592684,0.47937903480700417,True,True,0.10517208458723236
core_component_diagnostic_0_20kyr,weak_monsoon_start,Weak monsoon starts,lr04_after_ep_baseline,LR04 vs EP baseline,15.4,same_type_history_count+cheng_log_resolution_scaled,same_type_history_count+cheng_log_resolution_scaled+lr04_after_ep_baseline_lag,True,3100,96,1,-423.55222152693216,-423.51224149414594,0.03998003278621809,1.289678476974777e-05,1.860612743072742e-05,0.000600822864950573,0.07996006557243618,0.7773515359628944,1.9252120675254218,96.00000426819236,96.00030560154093,0.368104524091925,True,True,0.9129361061889806
core_component_diagnostic_0_20kyr,weak_monsoon_start,Weak monsoon starts,co2_after_ep_baseline,CO2 vs EP baseline,15.4,same_type_history_count+cheng_log_resolution_scaled,same_type_history_count+cheng_log_resolution_scaled+co2_after_ep_baseline_lag,True,3100,96,1,-423.55222152693216,-422.81225444056076,0.7399670863713936,0.0002386990601198044,0.00034436995029969833,0.011120279645094426,1.4799341727427873,0.22378482187079018,0.5252379603550708,96.00000426819236,95.99999048331325,0.38043205697784394,True,True,0.32959789901308245
core_component_diagnostic_0_20kyr,weak_monsoon_start,Weak monsoon starts,full_after_climate_state,Full predictive model vs climate-state,15.4,same_type_history_count+cheng_log_resolution_scaled+lr04_lag+co2_lag,same_type_history_count+cheng_log_resolution_scaled+lr04_lag+co2_lag+pre_phase_sin_lag+pre_phase_cos_lag,True,3100,96,2,-421.9936815758273,-419.5030035468161,2.4906780290111783,0.0008034445254874768,0.0011591254325501693,0.03743009209276588,4.981356058022357,0.08285377026603574,-0.9645259206533865,95.99996753339525,95.99982034568927,0.4790944528115629,True,True,0.10517208458723236
core_component_diagnostic_0_20kyr,weak_monsoon_start,Weak monsoon starts,lr04_after_ep_baseline,LR04 vs EP baseline,15.6,same_type_history_count+cheng_log_resolution_scaled,same_type_history_count+cheng_log_resolution_scaled+lr04_after_ep_baseline_lag,True,3100,96,1,-423.55222152693216,-423.5261280808076,0.026093446124548336,8.417240685338173e-06,1.2143511394706203e-05,0.0003921342221207211,0.05218689224909667,0.8193006933599557,1.9529852408487614,96.00000426819236,95.9998475480287,0.3674951940457348,True,True,0.9304457410512511
core_component_diagnostic_0_20kyr,weak_monsoon_start,Weak monsoon starts,co2_after_ep_baseline,CO2 vs EP baseline,15.6,same_type_history_count+cheng_log_resolution_scaled,same_type_history_count+cheng_log_resolution_scaled+co2_after_ep_baseline_lag,True,3100,96,1,-423.55222152693216,-422.83701651172953,0.7152050152026277,0.00023071129522665408,0.0003328460415005635,0.010748153423455696,1.4304100304052554,0.2316975329695926,0.5747621026926026,96.00000426819236,95.99999525881665,0.3791127063104935,True,True,0.32959789901308245
core_component_diagnostic_0_20kyr,weak_monsoon_start,Weak monsoon starts,full_after_climate_state,Full predictive model vs climate-state,15.6,same_type_history_count+cheng_log_resolution_scaled+lr04_lag+co2_lag,same_type_history_count+cheng_log_resolution_scaled+lr04_lag+co2_lag+pre_phase_sin_lag+pre_phase_cos_lag,True,3100,96,2,-421.9283962080089,-419.42220174120735,2.50619446680156,0.0008084498280005032,0.0011663465576638614,0.03766327425789553,5.01238893360312,0.08157809743717882,-0.9955587962341497,95.99997092820216,95.99989071389211,0.4783571666026383,True,True,0.10517208458723236
core_component_diagnostic_0_20kyr,weak_monsoon_start,Weak monsoon starts,lr04_after_ep_baseline,LR04 vs EP baseline,15.8,same_type_history_count+cheng_log_resolution_scaled,same_type_history_count+cheng_log_resolution_scaled+lr04_after_ep_baseline_lag,True,3100,96,1,-423.55222152693216,-423.539544456913,0.012677070019151415,4.089377425532714e-06,5.8997245321393234e-06,0.000190511938016999,0.02535414003830283,0.8734877995733199,1.9798179930595552,96.00000426819236,95.99999354317595,0.36672151575599193,True,True,0.9304457410512511
core_component_diagnostic_0_20kyr,weak_monsoon_start,Weak monsoon starts,co2_after_ep_baseline,CO2 vs EP baseline,15.8,same_type_history_count+cheng_log_resolution_scaled,same_type_history_count+cheng_log_resolution_scaled+co2_after_ep_baseline_lag,True,3100,96,1,-423.55222152693216,-422.889388471465,0.6628330554671606,0.00021381711466682602,0.00030847289098701676,0.009961103771455749,1.3256661109343213,0.24957768701830635,0.6795060221635367,96.00000426819236,96.00000867517144,0.3817287447435023,True,True,0.34344443929543006
core_component_diagnostic_0_20kyr,weak_monsoon_start,Weak monsoon starts,full_after_climate_state,Full predictive model vs climate-state,15.8,same_type_history_count+cheng_log_resolution_scaled+lr04_lag+co2_lag,same_type_history_count+cheng_log_resolution_scaled+lr04_lag+co2_lag+pre_phase_sin_lag+pre_phase_cos_lag,True,3100,96,2,-421.8975792207505,-419.3742522439859,2.523326976764622,0.00081397644411762,0.0011743197793289229,0.03792074287416313,5.046653953529244,0.0801923643085857,-1.029823816160274,95.99997454962016,96.00000907076179,0.4750533667408849,True,True,0.10517208458723236
core_component_diagnostic_0_20kyr,weak_monsoon_start,Weak monsoon starts,lr04_after_ep_baseline,LR04 vs EP baseline,16.0,same_type_history_count+cheng_log_resolution_scaled,same_type_history_count+cheng_log_resolution_scaled+lr04_after_ep_baseline_lag,True,3100,96,1,-423.55222152693216,-423.5438261799942,0.008395346937959403,2.7081764315998072e-06,3.907072707721411e-06,0.00012616588952017057,0.016790693875918805,0.8968995900544057,1.9883814392219392,96.00000426819236,96.00000773539986,0.36639532658572715,True,True,0.9304457410512511
core_component_diagnostic_0_20kyr,weak_monsoon_start,Weak monsoon starts,co2_after_ep_baseline,CO2 vs EP baseline,16.0,same_type_history_count+cheng_log_resolution_scaled,same_type_history_count+cheng_log_resolution_scaled+co2_after_ep_baseline_lag,True,3100,96,1,-423.55222152693216,-422.9794052236534,0.5728163032787847,0.00018477945267057573,0.00026658040002601653,0.008608325417506784,1.1456326065575695,0.2844652677504898,0.8595395265402885,96.00000426819236,95.99998847235625,0.384785432361917,True,True,0.3780393689842036
core_component_diagnostic_0_20kyr,weak_monsoon_start,Weak monsoon starts,full_after_climate_state,Full predictive model vs climate-state,16.0,same_type_history_count+cheng_log_resolution_scaled+lr04_lag+co2_lag,same_type_history_count+cheng_log_resolution_scaled+lr04_lag+co2_lag+pre_phase_sin_lag+pre_phase_cos_lag,True,3100,96,2,-422.0808050655726,-419.5865889921349,2.4942160734376557,0.0008045858301411792,0.001160771987114209,0.03748326208389634,4.9884321468753114,0.08256114790663516,-0.9716020095063413,96.00001522108036,95.99997004378056,0.4869118836363695,True,True,0.10517208458723236
core_component_diagnostic_0_20kyr,weak_monsoon_start,Weak monsoon starts,lr04_after_ep_baseline,LR04 vs EP baseline,16.2,same_type_history_count+cheng_log_resolution_scaled,same_type_history_count+cheng_log_resolution_scaled+lr04_after_ep_baseline_lag,True,3100,96,1,-423.55222152693216,-423.5441178905571,0.008103636375039969,2.6140762500128932e-06,3.7713148423992194e-06,0.00012178204178580812,0.016207272750079937,0.89869679695214,1.988964860347778,96.00000426819236,96.00000328470242,0.36638951913745427,True,True,0.9304457410512511
core_component_diagnostic_0_20kyr,weak_monsoon_start,Weak monsoon starts,co2_after_ep_baseline,CO2 vs EP baseline,16.2,same_type_history_count+cheng_log_resolution_scaled,same_type_history_count+cheng_log_resolution_scaled+co2_after_ep_baseline_lag,True,3100,96,1,-423.55222152693216,-423.04170821184243,0.5105133150897245,0.00016468171454507243,0.00023758549289926788,0.007672031541538858,1.021026630179449,0.31227561331796827,0.984145502918409,96.00000426819236,96.00000294880013,0.38444010995832617,True,True,0.40435688391172814
core_component_diagnostic_0_20kyr,weak_monsoon_start,Weak monsoon starts,full_after_climate_state,Full predictive model vs climate-state,16.2,same_type_history_count+cheng_log_resolution_scaled+lr04_lag+co2_lag,same_type_history_count+cheng_log_resolution_scaled+lr04_lag+co2_lag+pre_phase_sin_lag+pre_phase_cos_lag,True,3100,96,2,-422.25460518909324,-419.8056204610582,2.448984728035043,0.0007899950735596914,0.0011397219749512786,0.0368035221078017,4.897969456070086,0.08638124244828319,-0.8811393187011163,96.00004635827015,96.00001882250871,0.47435122381818234,True,True,0.10517208458723236
core_component_diagnostic_0_20kyr,weak_monsoon_start,Weak monsoon starts,lr04_after_ep_baseline,LR04 vs EP baseline,16.4,same_type_history_count+cheng_log_resolution_scaled,same_type_history_count+cheng_log_resolution_scaled+lr04_after_ep_baseline_lag,True,3100,96,1,-423.55222152693216,-423.54476561310946,0.007455913822695948,2.405133491192241e-06,3.469874160419006e-06,0.0001120480197635304,0.014911827645391895,0.902808738841808,1.9902603054524661,96.00000426819236,95.99999718512223,0.3663049500718392,True,True,0.9304457410512511
core_component_diagnostic_0_20kyr,weak_monsoon_start,Weak monsoon starts,co2_after_ep_baseline,CO2 vs EP baseline,16.4,same_type_history_count+cheng_log_resolution_scaled,same_type_history_count+cheng_log_resolution_scaled+co2_after_ep_baseline_lag,True,3100,96,1,-423.55222152693216,-423.10077958474824,0.4514419421839193,0.0001456264329625546,0.0002100945326574266,0.006784302617062734,0.9028838843678386,0.34200961096091914,1.1022882487300194,96.00000426819236,95.99992215493555,0.3876257769266466,True,True,0.4063878906712098
core_component_diagnostic_0_20kyr,weak_monsoon_start,Weak monsoon starts,full_after_climate_state,Full predictive model vs climate-state,16.4,same_type_history_count+cheng_log_resolution_scaled+lr04_lag+co2_lag,same_type_history_count+cheng_log_resolution_scaled+lr04_lag+co2_lag+pre_phase_sin_lag+pre_phase_cos_lag,True,3100,96,2,-422.4122459682463,-420.00454328532237,2.4077026829239117,0.000776678284814165,0.001120509909867542,0.03618313250613937,4.815405365847823,0.09002186597131238,-0.7985752284788532,96.00005089603602,96.00003773791295,0.462627817388441,True,True,0.10517208458723236
core_component_diagnostic_0_20kyr,weak_monsoon_start,Weak monsoon starts,lr04_after_ep_baseline,LR04 vs EP baseline,16.6,same_type_history_count+cheng_log_resolution_scaled,same_type_history_count+cheng_log_resolution_scaled+lr04_after_ep_baseline_lag,True,3100,96,1,-423.55222152693216,-423.5421285302992,0.010092996632977247,3.255805365476531e-06,4.697134254872671e-06,0.00015167829364693,0.020185993265954494,0.8870188534805001,1.9849861398319035,96.00000426819236,96.00000862860279,0.3664663081843114,True,True,0.9304457410512511
core_component_diagnostic_0_20kyr,weak_monsoon_start,Weak monsoon starts,co2_after_ep_baseline,CO2 vs EP baseline,16.6,same_type_history_count+cheng_log_resolution_scaled,same_type_history_count+cheng_log_resolution_scaled+co2_after_ep_baseline_lag,True,3100,96,1,-423.55222152693216,-423.1500384268706,0.40218310006156344,0.0001297364838908269,0.00018717018193166687,0.006044037124876743,0.8043662001231269,0.36979114519133227,1.2008059329747311,96.00000426819236,95.99992008101657,0.379622185444214,True,True,0.419650625441849
core_component_diagnostic_0_20kyr,weak_monsoon_start,Weak monsoon starts,full_after_climate_state,Full predictive model vs climate-state,16.6,same_type_history_count+cheng_log_resolution_scaled+lr04_lag+co2_lag,same_type_history_count+cheng_log_resolution_scaled+lr04_lag+co2_lag+pre_phase_sin_lag+pre_phase_cos_lag,True,3100,96,2,-422.5919762843457,-420.2428358578344,2.349140426511326,0.0007577872343584922,0.0010932558850579594,0.03530305462166328,4.698280853022652,0.0954511742616678,-0.681450715653682,95.99999119316064,96.00000703973583,0.4597570944263799,True,True,0.10517208458723236
core_component_diagnostic_0_20kyr,weak_monsoon_start,Weak monsoon starts,lr04_after_ep_baseline,LR04 vs EP baseline,16.8,same_type_history_count+cheng_log_resolution_scaled,same_type_history_count+cheng_log_resolution_scaled+lr04_after_ep_baseline_lag,True,3100,96,1,-423.55222152693216,-423.5341741068767,0.01804742005543858,5.821748404980187e-06,8.399007553168149e-06,0.0002712179522377215,0.03609484011087716,0.8493197713210581,1.9690772929869809,96.00000426819236,95.99984687781766,0.3668997165256319,True,True,0.9304457410512511
core_component_diagnostic_0_20kyr,weak_monsoon_start,Weak monsoon starts,co2_after_ep_baseline,CO2 vs EP baseline,16.8,same_type_history_count+cheng_log_resolution_scaled,same_type_history_count+cheng_log_resolution_scaled+co2_after_ep_baseline_lag,True,3100,96,1,-423.55222152693216,-423.1397218010807,0.4124997258514327,0.00013306442769401054,0.00019197138995287707,0.006199076133894989,0.8249994517028654,0.36372248680435315,1.1801726813949927,96.00000426819236,95.9999309896516,0.37917846391426,True,True,0.41745421780954167
core_component_diagnostic_0_20kyr,weak_monsoon_start,Weak monsoon starts,full_after_climate_state,Full predictive model vs climate-state,16.8,same_type_history_count+cheng_log_resolution_scaled+lr04_lag+co2_lag,same_type_history_count+cheng_log_resolution_scaled+lr04_lag+co2_lag+pre_phase_sin_lag+pre_phase_cos_lag,True,3100,96,2,-422.6543772156797,-420.3618103078156,2.2925669078641135,0.0007395377122142302,0.0010669273899618394,0.03445286363418439,4.585133815728227,0.10100685351447068,-0.568303678359257,95.99995937457018,95.9999608038554,0.46081001868909666,True,True,0.10517208458723236
core_component_diagnostic_0_20kyr,weak_monsoon_start,Weak monsoon starts,lr04_after_ep_baseline,LR04 vs EP baseline,17.0,same_type_history_count+cheng_log_resolution_scaled,same_type_history_count+cheng_log_resolution_scaled+lr04_after_ep_baseline_lag,True,3100,96,1,-423.55222152693216,-423.5297710313613,0.022450495570865314,7.242095345440424e-06,1.0448135040511942e-05,0.0003373876940165315,0.04490099114173063,0.8321861898520792,1.9602711419561274,96.00000426819236,95.9999864678559,0.3670156185909211,True,True,0.9304457410512511
core_component_diagnostic_0_20kyr,weak_monsoon_start,Weak monsoon starts,co2_after_ep_baseline,CO2 vs EP baseline,17.0,same_type_history_count+cheng_log_resolution_scaled,same_type_history_count+cheng_log_resolution_scaled+co2_after_ep_baseline_lag,True,3100,96,1,-423.55222152693216,-423.1571770356517,0.39504449128043007,0.00012743370686465485,0.0001838479769357354,0.00593675758854979,0.7900889825608601,0.3740732204853058,1.215083150536998,96.00000426819236,95.9999379740368,0.3752834661260104,True,True,0.41979328076684314
core_component_diagnostic_0_20kyr,weak_monsoon_start,Weak monsoon starts,full_after_climate_state,Full predictive model vs climate-state,17.0,same_type_history_count+cheng_log_resolution_scaled+lr04_lag+co2_lag,same_type_history_count+cheng_log_resolution_scaled+lr04_lag+co2_lag+pre_phase_sin_lag+pre_phase_cos_lag,True,3100,96,2,-422.7380001915551,-420.4906259275928,2.2473742639622856,0.0007249594399878341,0.0010458953889160884,0.03377370526708202,4.494748527924571,0.10567633875929758,-0.47791839055560104,95.99999621718067,96.00002379145457,0.4677999173198786,True,True,0.1058058006576497
core_component_diagnostic_0_20kyr,weak_monsoon_start,Weak monsoon starts,lr04_after_ep_baseline,LR04 vs EP baseline,17.2,same_type_history_count+cheng_log_resolution_scaled,same_type_history_count+cheng_log_resolution_scaled+lr04_after_ep_baseline_lag,True,3100,96,1,-423.55222152693216,-423.5308958248522,0.021325702079934672,6.879258735462797e-06,9.92467246264426e-06,0.0003204842149395542,0.042651404159869344,0.836383053645425,1.9625207289379887,96.00000426819236,95.99981986734906,0.36683342493935134,True,True,0.9304457410512511
core_component_diagnostic_0_20kyr,weak_monsoon_start,Weak monsoon starts,co2_after_ep_baseline,CO2 vs EP baseline,17.2,same_type_history_count+cheng_log_resolution_scaled,same_type_history_count+cheng_log_resolution_scaled+co2_after_ep_baseline_lag,True,3100,96,1,-423.55222152693216,-423.09196591886035,0.46025560807180455,0.00014846955099090468,0.0002141962849375893,0.006916755034442988,0.9205112161436091,0.3373407793994434,1.084660916954249,96.00000426819236,95.99999227728341,0.3758957110318894,True,True,0.4063878906712098
core_component_diagnostic_0_20kyr,weak_monsoon_start,Weak monsoon starts,full_after_climate_state,Full predictive model vs climate-state,17.2,same_type_history_count+cheng_log_resolution_scaled+lr04_lag+co2_lag,same_type_history_count+cheng_log_resolution_scaled+lr04_lag+co2_lag+pre_phase_sin_lag+pre_phase_cos_lag,True,3100,96,2,-422.56282019083335,-420.30057345762094,2.2622467332124074,0.0007297570107136798,0.00105281682041058,0.033997209825758316,4.524493466424815,0.10411630022852206,-0.5076633290558448,96.00001154111808,95.99996961058542,0.4519325020338525,True,True,0.1058058006576497
core_component_diagnostic_0_20kyr,weak_monsoon_start,Weak monsoon starts,lr04_after_ep_baseline,LR04 vs EP baseline,17.4,same_type_history_count+cheng_log_resolution_scaled,same_type_history_count+cheng_log_resolution_scaled+lr04_after_ep_baseline_lag,True,3100,96,1,-423.55222152693216,-423.5338021056566,0.01841942127555285,5.9417487985654356e-06,8.57213152589831e-06,0.00027680841385713294,0.0368388425511057,0.8477935326005046,1.9683332905467523,96.00000426819236,95.99983753036244,0.3666338427130889,True,True,0.9304457410512511
core_component_diagnostic_0_20kyr,weak_monsoon_start,Weak monsoon starts,co2_after_ep_baseline,CO2 vs EP baseline,17.4,same_type_history_count+cheng_log_resolution_scaled,same_type_history_count+cheng_log_resolution_scaled+co2_after_ep_baseline_lag,True,3100,96,1,-423.55222152693216,-423.1169401752875,0.43528135164467585,0.00014041333924021801,0.00020257362819652223,0.0065414400771793635,0.8705627032893517,0.35079957569466036,1.1346094298085063,96.00000426819236,95.9999523001466,0.37512800134396146,True,True,0.411985548199543
core_component_diagnostic_0_20kyr,weak_monsoon_start,Weak monsoon starts,full_after_climate_state,Full predictive model vs climate-state,17.4,same_type_history_count+cheng_log_resolution_scaled+lr04_lag+co2_lag,same_type_history_count+cheng_log_resolution_scaled+lr04_lag+co2_lag+pre_phase_sin_lag+pre_phase_cos_lag,True,3100,96,2,-422.6022221343196,-420.3560721998906,2.2461499344290132,0.000724564494977101,0.00104532560370768,0.0337553059530605,4.4922998688580265,0.1058058006576497,-0.47546973148905636,96.00000816107223,95.99995590077188,0.457909622117267,True,True,0.1058058006576497
core_component_diagnostic_0_20kyr,weak_monsoon_start,Weak monsoon starts,lr04_after_ep_baseline,LR04 vs EP baseline,17.6,same_type_history_count+cheng_log_resolution_scaled,same_type_history_count+cheng_log_resolution_scaled+lr04_after_ep_baseline_lag,True,3100,96,1,-423.55222152693216,-423.541343901769,0.010877625163175253,3.508911342959759e-06,5.062288993407076e-06,0.00016346974874543684,0.021755250326350506,0.8827400543186503,1.9834168827715075,96.00000426819236,96.00000191254469,0.3662204642061869,True,True,0.9304457410512511
core_component_diagnostic_0_20kyr,weak_monsoon_start,Weak monsoon starts,co2_after_ep_baseline,CO2 vs EP baseline,17.6,same_type_history_count+cheng_log_resolution_scaled,same_type_history_count+cheng_log_resolution_scaled+co2_after_ep_baseline_lag,True,3100,96,1,-423.55222152693216,-423.086287806069,0.46593372086317686,0.00015030120027844415,0.00021683879628137025,0.0070020861299192475,0.9318674417263537,0.3343781412119831,1.0733046913715043,96.00000426819236,95.99997615358691,0.3734711765397657,True,True,0.4063878906712098
core_component_diagnostic_0_20kyr,weak_monsoon_start,Weak monsoon starts,full_after_climate_state,Full predictive model vs climate-state,17.6,same_type_history_count+cheng_log_resolution_scaled+lr04_lag+co2_lag,same_type_history_count+cheng_log_resolution_scaled+lr04_lag+co2_lag+pre_phase_sin_lag+pre_phase_cos_lag,True,3100,96,2,-422.43441236738624,-420.15451646488435,2.2798959025018917,0.0007354502911296424,0.0010610304878330796,0.03426244283627653,4.559791805003783,0.10229485479976237,-0.5429616676348132,95.99997050495614,95.99987354204345,0.45399483667386326,True,True,0.10542632994669388
core_component_diagnostic_0_20kyr,weak_monsoon_start,Weak monsoon starts,lr04_after_ep_baseline,LR04 vs EP baseline,17.8,same_type_history_count+cheng_log_resolution_scaled,same_type_history_count+cheng_log_resolution_scaled+lr04_after_ep_baseline_lag,True,3100,96,1,-423.55222152693216,-423.5495566856524,0.002664841279738539,8.596262192704965e-07,1.2401784835596738e-06,4.004743019828114e-05,0.005329682559477078,0.9418023973956072,1.999842450538381,96.00000426819236,96.00000522533166,0.36553357978088263,True,True,0.9512204213695632
core_component_diagnostic_0_20kyr,weak_monsoon_start,Weak monsoon starts,co2_after_ep_baseline,CO2 vs EP baseline,17.8,same_type_history_count+cheng_log_resolution_scaled,same_type_history_count+cheng_log_resolution_scaled+co2_after_ep_baseline_lag,True,3100,96,1,-423.55222152693216,-423.12454867457444,0.42767285235771624,0.00013795898463152137,0.00019903274297397258,0.006427098991867865,0.8553457047154325,0.35504444929147294,1.1498264283824255,96.00000426819236,95.99997493044913,0.3710138448989083,True,True,0.4121780388326295
core_component_diagnostic_0_20kyr,weak_monsoon_start,Weak monsoon starts,full_after_climate_state,Full predictive model vs climate-state,17.8,same_type_history_count+cheng_log_resolution_scaled+lr04_lag+co2_lag,same_type_history_count+cheng_log_resolution_scaled+lr04_lag+co2_lag+pre_phase_sin_lag+pre_phase_cos_lag,True,3100,96,2,-422.3856691917251,-420.0785051246373,2.3071640670878537,0.0007442464732541463,0.0010737206961628576,0.034672230813592275,4.614328134175707,0.09954314934251406,-0.5974979968067373,96.00005379971142,95.9999934458641,0.4617146575015487,True,True,0.10517208458723236
core_component_diagnostic_0_20kyr,weak_monsoon_start,Weak monsoon starts,lr04_after_ep_baseline,LR04 vs EP baseline,18.0,same_type_history_count+cheng_log_resolution_scaled,same_type_history_count+cheng_log_resolution_scaled+lr04_after_ep_baseline_lag,True,3100,96,1,-423.55222152693216,-423.5521326162834,8.891064874205767e-05,2.8680854432921832e-08,4.1377726458834565e-08,1.3361557502331996e-06,0.00017782129748411535,0.9893605524511548,2.004994311800374,96.00000426819236,96.00010856391057,0.3647355019519898,True,True,0.9893605524511548
core_component_diagnostic_0_20kyr,weak_monsoon_start,Weak monsoon starts,co2_after_ep_baseline,CO2 vs EP baseline,18.0,same_type_history_count+cheng_log_resolution_scaled,same_type_history_count+cheng_log_resolution_scaled+co2_after_ep_baseline_lag,True,3100,96,1,-423.55222152693216,-423.24978539745587,0.30243612947629117,9.756004176654554e-05,0.00014074938844551538,0.004545032335219768,0.6048722589525823,0.43672505376200843,1.4002998741452757,96.00000426819236,95.99997404453056,0.3721484927131532,True,True,0.48471681791167964
core_component_diagnostic_0_20kyr,weak_monsoon_start,Weak monsoon starts,full_after_climate_state,Full predictive model vs climate-state,18.0,same_type_history_count+cheng_log_resolution_scaled+lr04_lag+co2_lag,same_type_history_count+cheng_log_resolution_scaled+lr04_lag+co2_lag+pre_phase_sin_lag+pre_phase_cos_lag,True,3100,96,2,-422.58527518945186,-420.2855854914536,2.2996896979982466,0.0007418353864510473,0.0010702422331888737,0.03455990544672405,4.599379395996493,0.10028995907003202,-0.5825492586275232,96.00002183351046,95.99988118535346,0.45557191916940937,True,True,0.10517208458723236
core_component_diagnostic_0_20kyr,weak_monsoon_start,Weak monsoon starts,lr04_after_ep_baseline,LR04 vs EP baseline,18.2,same_type_history_count+cheng_log_resolution_scaled,same_type_history_count+cheng_log_resolution_scaled+lr04_after_ep_baseline_lag,True,3100,96,1,-423.55222152693216,-423.54648788643385,0.005733640498306158,1.8495614510665027e-06,2.668353133273039e-06,8.616556992860855e-05,0.011467280996612317,0.9147212366983086,1.9937048521012457,96.00000426819236,95.99999548175546,0.363841643594859,True,True,0.9332004536013048
core_component_diagnostic_0_20kyr,weak_monsoon_start,Weak monsoon starts,co2_after_ep_baseline,CO2 vs EP baseline,18.2,same_type_history_count+cheng_log_resolution_scaled,same_type_history_count+cheng_log_resolution_scaled+co2_after_ep_baseline_lag,True,3100,96,1,-423.55222152693216,-423.33881827582405,0.21340325110810454,6.883975842196921e-05,9.931477809136923e-05,0.0032070397092004645,0.4268065022162091,0.513560123884623,1.578365630881649,96.00000426819236,95.99996446521948,0.37412308261376687,True,True,0.5637997012211623
core_component_diagnostic_0_20kyr,weak_monsoon_start,Weak monsoon starts,full_after_climate_state,Full predictive model vs climate-state,18.2,same_type_history_count+cheng_log_resolution_scaled+lr04_lag+co2_lag,same_type_history_count+cheng_log_resolution_scaled+lr04_lag+co2_lag+pre_phase_sin_lag+pre_phase_cos_lag,True,3100,96,2,-422.69177512450574,-420.3843391555488,2.307435968956952,0.0007443341835345006,0.0010738472353493595,0.03467631697482307,4.614871937913904,0.09951608705346211,-0.5980418005449337,96.00000490341631,96.00004720659885,0.45574808225752533,True,True,0.10517208458723236
core_component_diagnostic_0_20kyr,weak_monsoon_start,Weak monsoon starts,lr04_after_ep_baseline,LR04 vs EP baseline,18.4,same_type_history_count+cheng_log_resolution_scaled,same_type_history_count+cheng_log_resolution_scaled+lr04_after_ep_baseline_lag,True,3100,96,1,-423.55222152693216,-423.53161071719944,0.020610809732716007,6.6486483008761315e-06,9.591971932288827e-06,0.0003097407603134934,0.04122161946543201,0.8391107397264144,1.963950513632426,96.00000426819236,95.99998537686976,0.36293959304061557,True,True,0.9304457410512511
core_component_diagnostic_0_20kyr,weak_monsoon_start,Weak monsoon starts,co2_after_ep_baseline,CO2 vs EP baseline,18.4,same_type_history_count+cheng_log_resolution_scaled,same_type_history_count+cheng_log_resolution_scaled+co2_after_ep_baseline_lag,True,3100,96,1,-423.55222152693216,-423.370343669794,0.1818778571381472,5.867027649617651e-05,8.464331694861817e-05,0.0027332737764657953,0.3637557142762944,0.5464277705467997,1.6414164188215636,96.00000426819236,96.00000518666545,0.37311054819133677,True,True,0.5871192002683698
core_component_diagnostic_0_20kyr,weak_monsoon_start,Weak monsoon starts,full_after_climate_state,Full predictive model vs climate-state,18.4,same_type_history_count+cheng_log_resolution_scaled+lr04_lag+co2_lag,same_type_history_count+cheng_log_resolution_scaled+lr04_lag+co2_lag+pre_phase_sin_lag+pre_phase_cos_lag,True,3100,96,2,-422.6058277928452,-420.26238791734477,2.343439875500451,0.0007559483469356293,0.001090602931292242,0.035217386322978654,4.686879751000902,0.09599685240493153,-0.6700496136319316,95.99999264620271,96.00007043529516,0.4714549737621742,True,True,0.10517208458723236
core_component_diagnostic_0_20kyr,weak_monsoon_start,Weak monsoon starts,lr04_after_ep_baseline,LR04 vs EP baseline,18.6,same_type_history_count+cheng_log_resolution_scaled,same_type_history_count+cheng_log_resolution_scaled+lr04_after_ep_baseline_lag,True,3100,96,1,-423.55222152693216,-423.5107068082326,0.04151471869954548,1.3391844741788866e-05,1.932034799733374e-05,0.0006238862374139019,0.08302943739909097,0.7732332288388625,1.922142695698767,96.00000426819236,95.99999552885798,0.3622076772825546,True,True,0.9129361061889806
core_component_diagnostic_0_20kyr,weak_monsoon_start,Weak monsoon starts,co2_after_ep_baseline,CO2 vs EP baseline,18.6,same_type_history_count+cheng_log_resolution_scaled,same_type_history_count+cheng_log_resolution_scaled+co2_after_ep_baseline_lag,True,3100,96,1,-423.55222152693216,-423.3499493491359,0.20227217779626017,6.524908961169683e-05,9.41345380053146e-05,0.003039761123088284,0.40454435559252033,0.5247516451717928,1.6006277775053377,96.00000426819236,95.99996545932774,0.37322325213670676,True,True,0.5698915716381836
core_component_diagnostic_0_20kyr,weak_monsoon_start,Weak monsoon starts,full_after_climate_state,Full predictive model vs climate-state,18.6,same_type_history_count+cheng_log_resolution_scaled+lr04_lag+co2_lag,same_type_history_count+cheng_log_resolution_scaled+lr04_lag+co2_lag+pre_phase_sin_lag+pre_phase_cos_lag,True,3100,96,2,-422.3125585497633,-419.9048848764638,2.4076736732994846,0.0007766689268708015,0.0011204964092090583,0.03618269654737584,4.815347346598969,0.09002447750971414,-0.798517209229999,96.00000537376556,96.0000826128001,0.4684399544529028,True,True,0.10517208458723236
core_component_diagnostic_0_20kyr,weak_monsoon_start,Weak monsoon starts,lr04_after_ep_baseline,LR04 vs EP baseline,18.8,same_type_history_count+cheng_log_resolution_scaled,same_type_history_count+cheng_log_resolution_scaled+lr04_after_ep_baseline_lag,True,3100,96,1,-423.55222152693216,-423.4894898117807,0.06273171515147169,2.0236037145636028e-05,2.9194430437253954e-05,0.0009427368162029922,0.12546343030294338,0.7231828784736725,1.8797087027949146,96.00000426819236,95.99997495993607,0.3616796613127102,True,True,0.8800177195884449
core_component_diagnostic_0_20kyr,weak_monsoon_start,Weak monsoon starts,co2_after_ep_baseline,CO2 vs EP baseline,18.8,same_type_history_count+cheng_log_resolution_scaled,same_type_history_count+cheng_log_resolution_scaled+co2_after_ep_baseline_lag,True,3100,96,1,-423.55222152693216,-423.38588844204526,0.1663330848869009,5.365583383448416e-05,7.740900538777256e-05,0.0024996657989801558,0.3326661697738018,0.564093352192879,1.6725059633240562,96.00000426819236,95.9999582550389,0.37050698392091275,True,True,0.5997203007524293
core_component_diagnostic_0_20kyr,weak_monsoon_start,Weak monsoon starts,full_after_climate_state,Full predictive model vs climate-state,18.8,same_type_history_count+cheng_log_resolution_scaled+lr04_lag+co2_lag,same_type_history_count+cheng_log_resolution_scaled+lr04_lag+co2_lag+pre_phase_sin_lag+pre_phase_cos_lag,True,3100,96,2,-422.3012911934526,-419.88321704397123,2.418074149481356,0.0007800239191875342,0.0011253366399866292,0.0363389956662349,4.836148298962712,0.08909303220910147,-0.8193181615937419,96.0000253235635,96.0000215510394,0.4560747616075665,True,True,0.10517208458723236
core_component_diagnostic_0_20kyr,weak_monsoon_start,Weak monsoon starts,lr04_after_ep_baseline,LR04 vs EP baseline,19.0,same_type_history_count+cheng_log_resolution_scaled,same_type_history_count+cheng_log_resolution_scaled+lr04_after_ep_baseline_lag,True,3100,96,1,-423.55222152693216,-423.46980576918736,0.0824157577447977,2.658572830477345e-05,3.835509838371801e-05,0.0012385500519742274,0.1648315154895954,0.6847466583833767,1.8403406176082626,96.00000426819236,95.99998206167616,0.36130654999002537,True,True,0.8538199073669265
core_component_diagnostic_0_20kyr,weak_monsoon_start,Weak monsoon starts,co2_after_ep_baseline,CO2 vs EP baseline,19.0,same_type_history_count+cheng_log_resolution_scaled,same_type_history_count+cheng_log_resolution_scaled+co2_after_ep_baseline_lag,True,3100,96,1,-423.55222152693216,-423.44112842585025,0.11109310108190584,3.583648421996963e-05,5.1701118067045776e-05,0.0016695152709150197,0.22218620216381169,0.6373791671621989,1.7829859309340463,96.00000426819236,95.99996966034587,0.36809953488964325,True,True,0.6636628441585782
core_component_diagnostic_0_20kyr,weak_monsoon_start,Weak monsoon starts,full_after_climate_state,Full predictive model vs climate-state,19.0,same_type_history_count+cheng_log_resolution_scaled+lr04_lag+co2_lag,same_type_history_count+cheng_log_resolution_scaled+lr04_lag+co2_lag+pre_phase_sin_lag+pre_phase_cos_lag,True,3100,96,2,-422.44717810006193,-420.0530944998404,2.3940836002215065,0.0007722850323295182,0.001114171786294569,0.03597846393242878,4.788167200443013,0.09125626783995011,-0.7713370630740428,96.00001731896361,96.00003813022747,0.46666780181774015,True,True,0.10517208458723236
core_component_diagnostic_0_20kyr,weak_monsoon_start,Weak monsoon starts,lr04_after_ep_baseline,LR04 vs EP baseline,19.2,same_type_history_count+cheng_log_resolution_scaled,same_type_history_count+cheng_log_resolution_scaled+lr04_after_ep_baseline_lag,True,3100,96,1,-423.55222152693216,-423.45497738053047,0.09724414640169243,3.1369079484416916e-05,4.525601540942e-05,0.0014613921642625208,0.19448829280338487,0.659207011084076,1.8106838402944732,96.00000426819236,96.00001852016837,0.36110487175373407,True,True,0.8538199073669265
core_component_diagnostic_0_20kyr,weak_monsoon_start,Weak monsoon starts,co2_after_ep_baseline,CO2 vs EP baseline,19.2,same_type_history_count+cheng_log_resolution_scaled,same_type_history_count+cheng_log_resolution_scaled+co2_after_ep_baseline_lag,True,3100,96,1,-423.55222152693216,-423.49909132855646,0.053130198375697546,1.7138773669579852e-05,2.4726023780021196e-05,0.0007984445178965178,0.10626039675139509,0.744442462174145,1.898911736346463,96.00000426819236,96.00000179515166,0.36716238272693447,True,True,0.7444424621741451
core_component_diagnostic_0_20kyr,weak_monsoon_start,Weak monsoon starts,full_after_climate_state,Full predictive model vs climate-state,19.2,same_type_history_count+cheng_log_resolution_scaled+lr04_lag+co2_lag,same_type_history_count+cheng_log_resolution_scaled+lr04_lag+co2_lag+pre_phase_sin_lag+pre_phase_cos_lag,True,3100,96,2,-422.70897792696474,-420.36916975960526,2.339808167359479,0.0007547768281804771,0.0010889127869938755,0.03516280874667723,4.679616334718958,0.09634611878822034,-0.6627861973499876,95.99975148295202,96.00033903371045,0.46424699841507977,True,True,0.10517208458723236
core_component_diagnostic_0_20kyr,weak_monsoon_start,Weak monsoon starts,lr04_after_ep_baseline,LR04 vs EP baseline,19.4,same_type_history_count+cheng_log_resolution_scaled,same_type_history_count+cheng_log_resolution_scaled+lr04_after_ep_baseline_lag,True,3100,96,1,-423.55222152693216,-423.4448356583207,0.10738586861145905,3.4640602777890014e-05,4.997582584106638e-05,0.001613802709451102,0.2147717372229181,0.6430527985236455,1.79040039587494,96.00000426819236,95.99999261619811,0.36079302158588394,True,True,0.8538199073669265
core_component_diagnostic_0_20kyr,weak_monsoon_start,Weak monsoon starts,co2_after_ep_baseline,CO2 vs EP baseline,19.4,same_type_history_count+cheng_log_resolution_scaled,same_type_history_count+cheng_log_resolution_scaled+co2_after_ep_baseline_lag,True,3100,96,1,-423.55222152693216,-423.4949906553663,0.057230871565877806,1.8461571472863807e-05,2.6634417610917773e-05,0.000860069735352553,0.11446174313175561,0.7351205828394494,1.8907103899661024,96.00000426819236,95.99998120209975,0.36832675342964516,True,True,0.7424717886678438
core_component_diagnostic_0_20kyr,weak_monsoon_start,Weak monsoon starts,full_after_climate_state,Full predictive model vs climate-state,19.4,same_type_history_count+cheng_log_resolution_scaled+lr04_lag+co2_lag,same_type_history_count+cheng_log_resolution_scaled+lr04_lag+co2_lag+pre_phase_sin_lag+pre_phase_cos_lag,True,3100,96,2,-422.62750691693907,-420.2867513583913,2.3407555585477553,0.0007550824382412114,0.0010893536891129426,0.03517704621093878,4.681511117095511,0.09625488454833718,-0.6646809797265405,96.00000735205872,96.00012204188593,0.46466404011042467,True,True,0.10517208458723236
core_component_diagnostic_0_20kyr,weak_monsoon_start,Weak monsoon starts,lr04_after_ep_baseline,LR04 vs EP baseline,19.6,same_type_history_count+cheng_log_resolution_scaled,same_type_history_count+cheng_log_resolution_scaled+lr04_after_ep_baseline_lag,True,3100,96,1,-423.55222152693216,-423.4407652374887,0.11145628944348118,3.595364175596167e-05,5.187014066322426e-05,0.0016749732922499503,0.22291257888696236,0.6368295845775755,1.7822595542108957,96.00000426819236,96.00000254831747,0.3603693757881547,True,True,0.8538199073669265
core_component_diagnostic_0_20kyr,weak_monsoon_start,Weak monsoon starts,co2_after_ep_baseline,CO2 vs EP baseline,19.6,same_type_history_count+cheng_log_resolution_scaled,same_type_history_count+cheng_log_resolution_scaled+co2_after_ep_baseline_lag,True,3100,96,1,-423.55222152693216,-423.48509392697656,0.06712759995559736,2.16540645018056e-05,3.124021147184468e-05,0.0010087984954449845,0.13425519991119472,0.7140602667848686,1.8709169331866633,96.00000426819236,95.99998260480152,0.3695192657687894,True,True,0.7284857267199164
core_component_diagnostic_0_20kyr,weak_monsoon_start,Weak monsoon starts,full_after_climate_state,Full predictive model vs climate-state,19.6,same_type_history_count+cheng_log_resolution_scaled+lr04_lag+co2_lag,same_type_history_count+cheng_log_resolution_scaled+lr04_lag+co2_lag+pre_phase_sin_lag+pre_phase_cos_lag,True,3100,96,2,-422.53841323074414,-420.2035113233114,2.3349019074327657,0.0007531941636879889,0.0010866294847791719,0.03508907711266076,4.669803814865531,0.09681997938100421,-0.6529736774965613,95.99999847192575,96.000011606659,0.4711257622136853,True,True,0.10517208458723236
core_component_diagnostic_0_20kyr,weak_monsoon_start,Weak monsoon starts,lr04_after_ep_baseline,LR04 vs EP baseline,19.8,same_type_history_count+cheng_log_resolution_scaled,same_type_history_count+cheng_log_resolution_scaled+lr04_after_ep_baseline_lag,True,3100,96,1,-423.55222152693216,-423.4465720697181,0.10564945721404229,3.4080470069045895e-05,4.916772515977727e-05,0.0015877077916178076,0.21129891442808457,0.6457512276576642,1.7938732186697735,96.00000426819236,95.99999151436947,0.3606434756821086,True,True,0.8538199073669265
core_component_diagnostic_0_20kyr,weak_monsoon_start,Weak monsoon starts,co2_after_ep_baseline,CO2 vs EP baseline,19.8,same_type_history_count+cheng_log_resolution_scaled,same_type_history_count+cheng_log_resolution_scaled+co2_after_ep_baseline_lag,True,3100,96,1,-423.55222152693216,-423.4677943243938,0.08442720253833613,2.7234581463979397e-05,3.929119561876956e-05,0.0012687781918561006,0.16885440507667226,0.6811319473184239,1.8363177280211858,96.00000426819236,95.99995355762775,0.368958230702652,True,True,0.7019829252975592
core_component_diagnostic_0_20kyr,weak_monsoon_start,Weak monsoon starts,full_after_climate_state,Full predictive model vs climate-state,19.8,same_type_history_count+cheng_log_resolution_scaled+lr04_lag+co2_lag,same_type_history_count+cheng_log_resolution_scaled+lr04_lag+co2_lag+pre_phase_sin_lag+pre_phase_cos_lag,True,3100,96,2,-422.4589278320594,-420.14097741438457,2.3179504176748083,0.000747725941185422,0.001078740507292241,0.03483432888131195,4.6359008353496165,0.09847521196277723,-0.6190706979806464,96.00001433162973,95.99990465738902,0.47559144572043893,True,True,0.10517208458723236
core_component_diagnostic_0_20kyr,weak_monsoon_start,Weak monsoon starts,lr04_after_ep_baseline,LR04 vs EP baseline,20.0,same_type_history_count+cheng_log_resolution_scaled,same_type_history_count+cheng_log_resolution_scaled+lr04_after_ep_baseline_lag,True,3100,96,1,-423.55222152693216,-423.4555165190164,0.09670500791577297,3.119516384379773e-05,4.500510817716568e-05,0.0014532899515543084,0.19341001583154593,0.6600935165266848,1.811762117266312,96.00000426819236,95.99999352126648,0.3600753011318596,True,True,0.8538199073669265
core_component_diagnostic_0_20kyr,weak_monsoon_start,Weak monsoon starts,co2_after_ep_baseline,CO2 vs EP baseline,20.0,same_type_history_count+cheng_log_resolution_scaled,same_type_history_count+cheng_log_resolution_scaled+co2_after_ep_baseline_lag,True,3100,96,1,-423.55222152693216,-423.4106445547215,0.14157697221065746,4.566999103569596e-05,6.588786958464197e-05,0.0021276291220040633,0.2831539444213149,0.5946414220158158,1.722018188676543,96.00000426819236,96.00001442119428,0.3711274728412664,True,True,0.6256123294124729
core_component_diagnostic_0_20kyr,weak_monsoon_start,Weak monsoon starts,full_after_climate_state,Full predictive model vs climate-state,20.0,same_type_history_count+cheng_log_resolution_scaled+lr04_lag+co2_lag,same_type_history_count+cheng_log_resolution_scaled+lr04_lag+co2_lag+pre_phase_sin_lag+pre_phase_cos_lag,True,3100,96,2,-422.18149654858024,-419.8548273533148,2.326669195265424,0.0007505384500856207,0.0010827980999350137,0.034965355310401486,4.653338390530848,0.09762036053648357,-0.6365082531618782,96.00000362956231,96.00000969145157,0.4907863281128915,True,True,0.10517208458723236
