analysis_type,dataset_id,dataset_label,driver_id,driver_label,lag_ka,reduced_terms,full_terms,ok,n_bins,n_events,df,loglik_reduced,loglik_full,ll_gain_nats,info_nats_per_bin,info_bits_per_bin,info_bits_per_event,LR_statistic,LR_p_value,delta_AICc_full_minus_reduced,expected_events_reduced,expected_events_full,max_rate_full_per_kyr,converged_reduced,converged_full,LR_q_value_BH
single_driver_given_y_history,strong_monsoon_start,Strong monsoon starts,lr04,LR04,0.0,same_type_history_count+cheng_log_resolution_scaled,same_type_history_count+cheng_log_resolution_scaled+lr04_lr04_scaled_lag,True,3150,93,1,-412.0469760607441,-406.1086402117779,5.938335848966176,0.001885185983798786,0.00271974846997989,0.09212051269286725,11.876671697932352,0.0005684142754931949,-9.871581831879894,93.00002251148582,92.99999161621449,0.9346775708696522,True,True,0.001207880335423039
single_driver_given_y_history,strong_monsoon_start,Strong monsoon starts,co2,CO2,0.0,same_type_history_count+cheng_log_resolution_scaled,same_type_history_count+cheng_log_resolution_scaled+co2_co2_scaled_lag,True,3150,93,1,-412.0469760607441,-406.709144469389,5.337831591355098,0.001694549711541301,0.0024447184653804584,0.08280498027901552,10.675663182710196,0.001085542626585243,-8.670573316657737,93.00002251148582,92.99998802955099,0.899993229299788,True,True,0.0015791979532159002
single_driver_given_y_history,strong_monsoon_start,Strong monsoon starts,pre_phase,Precession phase,0.0,same_type_history_count+cheng_log_resolution_scaled,same_type_history_count+cheng_log_resolution_scaled+pre_phase_pre_phase_sin_lag+pre_phase_pre_phase_cos_lag,True,3150,93,2,-412.0469760607441,-403.8316274087593,8.215348651984812,0.0026080471911062893,0.0037626167490134345,0.1274434705311002,16.430697303969623,0.0002704701946231284,-12.419242069405414,93.00002251148582,93.00004701225038,0.7307070958546992,True,True,0.00039741442300679573
single_driver_given_y_history,strong_monsoon_start,Strong monsoon starts,lr04,LR04,0.2,same_type_history_count+cheng_log_resolution_scaled,same_type_history_count+cheng_log_resolution_scaled+lr04_lr04_scaled_lag,True,3150,93,1,-412.0469760607441,-406.02028634494843,6.026689715795669,0.0019132348304113235,0.0027602144018904536,0.09349113296725729,12.053379431591338,0.0005169857183061434,-10.04828956553888,93.00002251148582,93.00000992016528,0.9528045025905144,True,True,0.0011984668924369688
single_driver_given_y_history,strong_monsoon_start,Strong monsoon starts,co2,CO2,0.2,same_type_history_count+cheng_log_resolution_scaled,same_type_history_count+cheng_log_resolution_scaled+co2_co2_scaled_lag,True,3150,93,1,-412.0469760607441,-406.2698842035038,5.777091857240293,0.0018339974149969185,0.002645898975619233,0.08961915885161917,11.554183714480587,0.0006759697882138794,-9.549093848428129,93.00002251148582,92.99999691349106,0.9172052710972681,True,True,0.0012228430121588643
single_driver_given_y_history,strong_monsoon_start,Strong monsoon starts,pre_phase,Precession phase,0.2,same_type_history_count+cheng_log_resolution_scaled,same_type_history_count+cheng_log_resolution_scaled+pre_phase_pre_phase_sin_lag+pre_phase_pre_phase_cos_lag,True,3150,93,2,-412.0469760607441,-403.85757171854965,8.18940434219445,0.0025998109022839526,0.0037507342959741197,0.1270410003475105,16.3788086843889,0.0002775791772102778,-12.36735344982469,93.00002251148582,92.99998303681303,0.730401543086709,True,True,0.00039741442300679573
single_driver_given_y_history,strong_monsoon_start,Strong monsoon starts,lr04,LR04,0.4,same_type_history_count+cheng_log_resolution_scaled,same_type_history_count+cheng_log_resolution_scaled+lr04_lr04_scaled_lag,True,3150,93,1,-412.0469760607441,-405.96358359989995,6.083392460844152,0.0019312357018552865,0.002786184169854338,0.09437075414022758,12.166784921688304,0.0004864808857092051,-10.161695055635846,93.00002251148582,93.00000693037619,0.9696371245524387,True,True,0.0011984668924369688
single_driver_given_y_history,strong_monsoon_start,Strong monsoon starts,co2,CO2,0.4,same_type_history_count+cheng_log_resolution_scaled,same_type_history_count+cheng_log_resolution_scaled+co2_co2_scaled_lag,True,3150,93,1,-412.0469760607441,-406.29678758937814,5.750188471365959,0.001825456657576495,0.002633577267243352,0.08920181066469418,11.500376942731918,0.0006958207759609646,-9.49528707667946,93.00002251148582,92.99998459150531,0.956451002486211,True,True,0.0012228430121588643
single_driver_given_y_history,strong_monsoon_start,Strong monsoon starts,pre_phase,Precession phase,0.4,same_type_history_count+cheng_log_resolution_scaled,same_type_history_count+cheng_log_resolution_scaled+pre_phase_pre_phase_sin_lag+pre_phase_pre_phase_cos_lag,True,3150,93,2,-412.0469760607441,-403.8837195128982,8.16325654784589,0.0025915100151891715,0.0037387586473274998,0.1266353735385121,16.32651309569178,0.00028493298438751893,-12.31505786112757,93.00002251148582,92.99998130062099,0.7300871399507135,True,True,0.00039741442300679573
single_driver_given_y_history,strong_monsoon_start,Strong monsoon starts,lr04,LR04,0.6,same_type_history_count+cheng_log_resolution_scaled,same_type_history_count+cheng_log_resolution_scaled+lr04_lr04_scaled_lag,True,3150,93,1,-412.0469760607441,-405.9566862454828,6.090289815261315,0.0019334253381781952,0.0027893431473187493,0.09447775176402215,12.18057963052263,0.00048289636475172293,-10.175489764470171,93.00002251148582,93.00000623506907,0.9841210587500026,True,True,0.0011984668924369688
single_driver_given_y_history,strong_monsoon_start,Strong monsoon starts,co2,CO2,0.6,same_type_history_count+cheng_log_resolution_scaled,same_type_history_count+cheng_log_resolution_scaled+co2_co2_scaled_lag,True,3150,93,1,-412.0469760607441,-406.3369672331836,5.7100088275605,0.0018127012150985714,0.0026151750536361077,0.088578509881223,11.420017655121,0.0007265700488753937,-9.414927789068543,93.00002251148582,92.99997586134228,0.9557387139098643,True,True,0.0012228430121588643
single_driver_given_y_history,strong_monsoon_start,Strong monsoon starts,pre_phase,Precession phase,0.6,same_type_history_count+cheng_log_resolution_scaled,same_type_history_count+cheng_log_resolution_scaled+pre_phase_pre_phase_sin_lag+pre_phase_pre_phase_cos_lag,True,3150,93,2,-412.0469760607441,-403.9081356371841,8.138840423559998,0.0025837588646222217,0.0037275761008433777,0.1262566098672757,16.277680847119996,0.0002919755700057273,-12.266225612555786,93.00002251148582,92.9999754989741,0.7298350770424971,True,True,0.00039741442300679573
single_driver_given_y_history,strong_monsoon_start,Strong monsoon starts,lr04,LR04,0.8,same_type_history_count+cheng_log_resolution_scaled,same_type_history_count+cheng_log_resolution_scaled+lr04_lr04_scaled_lag,True,3150,93,1,-412.0469760607441,-406.01614864898687,6.03082741175723,0.0019145483846848348,0.0027621094601267865,0.09355532042364922,12.06165482351446,0.0005146958342995758,-10.056564957462001,93.00002251148582,93.00000209643179,0.9947060974219577,True,True,0.0011984668924369688
single_driver_given_y_history,strong_monsoon_start,Strong monsoon starts,co2,CO2,0.8,same_type_history_count+cheng_log_resolution_scaled,same_type_history_count+cheng_log_resolution_scaled+co2_co2_scaled_lag,True,3150,93,1,-412.0469760607441,-405.9375876549639,6.10938840578018,0.0019394883827873587,0.002798090271709078,0.09477402533208168,12.21877681156036,0.00047310938836891975,-10.213686945507902,93.00002251148582,92.99994074535391,0.9627179196137671,True,True,0.0010967535821279505
single_driver_given_y_history,strong_monsoon_start,Strong monsoon starts,pre_phase,Precession phase,0.8,same_type_history_count+cheng_log_resolution_scaled,same_type_history_count+cheng_log_resolution_scaled+pre_phase_pre_phase_sin_lag+pre_phase_pre_phase_cos_lag,True,3150,93,2,-412.0469760607441,-403.9312762232198,8.11569983752429,0.0025764126468331076,0.003716977748869733,0.1258976334294587,16.23139967504858,0.0002988108368302886,-12.219944440484369,93.00002251148582,93.000006090608,0.7296218331735759,True,True,0.00039741442300679573
single_driver_given_y_history,strong_monsoon_start,Strong monsoon starts,lr04,LR04,1.0,same_type_history_count+cheng_log_resolution_scaled,same_type_history_count+cheng_log_resolution_scaled+lr04_lr04_scaled_lag,True,3150,93,1,-412.0469760607441,-406.0075899527042,6.039386108039878,0.0019172654311237708,0.002766029329550105,0.09368809019443904,12.078772216079756,0.0005099917162787685,-10.073682350027298,93.00002251148582,93.00000171345809,0.9937769493893783,True,True,0.0011984668924369688
single_driver_given_y_history,strong_monsoon_start,Strong monsoon starts,co2,CO2,1.0,same_type_history_count+cheng_log_resolution_scaled,same_type_history_count+cheng_log_resolution_scaled+co2_co2_scaled_lag,True,3150,93,1,-412.0469760607441,-405.6825854508903,6.3643906098537855,0.002020441463445646,0.002914880879719474,0.09872983624856282,12.728781219707571,0.0003600711174571077,-10.723691353655113,93.00002251148582,92.99989285998143,1.0066433617648352,True,True,0.0008744584281101187
single_driver_given_y_history,strong_monsoon_start,Strong monsoon starts,pre_phase,Precession phase,1.0,same_type_history_count+cheng_log_resolution_scaled,same_type_history_count+cheng_log_resolution_scaled+pre_phase_pre_phase_sin_lag+pre_phase_pre_phase_cos_lag,True,3150,93,2,-412.0469760607441,-403.9559582183463,8.091017842397775,0.0025685770928246905,0.003705673433959172,0.1255147453437784,16.18203568479555,0.00030627785583971765,-12.170580450231341,93.00002251148582,92.99995733350703,0.7293554876699013,True,True,0.00039741442300679573
single_driver_given_y_history,strong_monsoon_start,Strong monsoon starts,lr04,LR04,1.2,same_type_history_count+cheng_log_resolution_scaled,same_type_history_count+cheng_log_resolution_scaled+lr04_lr04_scaled_lag,True,3150,93,1,-412.0469760607441,-405.9191586751323,6.12781738561182,0.001945338852575181,0.0028065307154588404,0.09505991133005749,12.25563477122364,0.0004638553345011409,-10.250544905171182,93.00002251148582,92.99997715430214,0.98231709747471,True,True,0.0011984668924369688
single_driver_given_y_history,strong_monsoon_start,Strong monsoon starts,co2,CO2,1.2,same_type_history_count+cheng_log_resolution_scaled,same_type_history_count+cheng_log_resolution_scaled+co2_co2_scaled_lag,True,3150,93,1,-412.0469760607441,-405.1416150070553,6.905361053688807,0.002192178112282161,0.003162644491334803,0.10712182954521109,13.810722107377615,0.00020217912994753922,-11.805632241325156,93.00002251148582,92.99989366932672,1.0240950136909264,True,True,0.0005426913488065526
single_driver_given_y_history,strong_monsoon_start,Strong monsoon starts,pre_phase,Precession phase,1.2,same_type_history_count+cheng_log_resolution_scaled,same_type_history_count+cheng_log_resolution_scaled+pre_phase_pre_phase_sin_lag+pre_phase_pre_phase_cos_lag,True,3150,93,2,-412.0469760607441,-403.98229681681175,8.064679243932346,0.002560215632994396,0.003693610397327413,0.1251061586191543,16.129358487864693,0.00031445195998629585,-12.117903253300483,93.00002251148582,92.99999363275015,0.7290300608511588,True,True,0.00039741442300679573
single_driver_given_y_history,strong_monsoon_start,Strong monsoon starts,lr04,LR04,1.4,same_type_history_count+cheng_log_resolution_scaled,same_type_history_count+cheng_log_resolution_scaled+lr04_lr04_scaled_lag,True,3150,93,1,-412.0469760607441,-405.8255182502255,6.2214578105185865,0.001975065971593202,0.002849417882646055,0.09651254118639864,12.442915621037173,0.00041958027617645564,-10.437825754984715,93.00002251148582,92.99997211671182,0.9713763717634216,True,True,0.0011984668924369688
single_driver_given_y_history,strong_monsoon_start,Strong monsoon starts,co2,CO2,1.4,same_type_history_count+cheng_log_resolution_scaled,same_type_history_count+cheng_log_resolution_scaled+co2_co2_scaled_lag,True,3150,93,1,-412.0469760607441,-404.69683043960936,7.350145621134743,0.002333379562264998,0.0033663551229913724,0.11402170577874005,14.700291242269486,0.00012602697825396303,-12.695201376217028,93.00002251148582,92.99994002469226,1.0644879355681502,True,True,0.0005189456758190354
single_driver_given_y_history,strong_monsoon_start,Strong monsoon starts,pre_phase,Precession phase,1.4,same_type_history_count+cheng_log_resolution_scaled,same_type_history_count+cheng_log_resolution_scaled+pre_phase_pre_phase_sin_lag+pre_phase_pre_phase_cos_lag,True,3150,93,2,-412.0469760607441,-404.0080318484316,8.038944212312515,0.0025520457816865126,0.0036818237933607303,0.12470693493641183,16.07788842462503,0.0003226494196402585,-12.06643319006082,93.00002251148582,93.00005813801886,0.7287079366494444,True,True,0.00039741442300679573
single_driver_given_y_history,strong_monsoon_start,Strong monsoon starts,lr04,LR04,1.6,same_type_history_count+cheng_log_resolution_scaled,same_type_history_count+cheng_log_resolution_scaled+lr04_lr04_scaled_lag,True,3150,93,1,-412.0469760607441,-405.6211392661775,6.425836794566578,0.0020399481887512947,0.002943023135581916,0.09968304168906489,12.851673589133156,0.00033717754781651494,-10.846583723080698,93.00002251148582,92.99991809171212,0.9786909931546561,True,True,0.0011984668924369688
single_driver_given_y_history,strong_monsoon_start,Strong monsoon starts,co2,CO2,1.6,same_type_history_count+cheng_log_resolution_scaled,same_type_history_count+cheng_log_resolution_scaled+co2_co2_scaled_lag,True,3150,93,1,-412.0469760607441,-404.3825055589565,7.664470501787605,0.0024331652386627317,0.0035103154234821343,0.11889778047278197,15.32894100357521,9.03221286078402e-05,-13.323851137522752,93.00002251148582,92.99994338010694,1.0281870612800474,True,True,0.0005189456758190354
single_driver_given_y_history,strong_monsoon_start,Strong monsoon starts,pre_phase,Precession phase,1.6,same_type_history_count+cheng_log_resolution_scaled,same_type_history_count+cheng_log_resolution_scaled+pre_phase_pre_phase_sin_lag+pre_phase_pre_phase_cos_lag,True,3150,93,2,-412.0469760607441,-404.035049670787,8.011926389957125,0.002543468695224484,0.0036694496732566856,0.1242878115135329,16.02385277991425,0.00033148553311905955,-12.01239754535004,93.00002251148582,93.00003006136376,0.7283383897272343,True,True,0.00039741442300679573
single_driver_given_y_history,strong_monsoon_start,Strong monsoon starts,lr04,LR04,1.8,same_type_history_count+cheng_log_resolution_scaled,same_type_history_count+cheng_log_resolution_scaled+lr04_lr04_scaled_lag,True,3150,93,1,-412.0469760607441,-405.3775707270688,6.669405333675286,0.002117271534500091,0.0030545771430386466,0.10346148387711546,13.338810667350572,0.0002599691765868175,-11.333720801298114,93.00002251148582,92.99985890726057,1.008082232934024,True,True,0.0011803851608340246
single_driver_given_y_history,strong_monsoon_start,Strong monsoon starts,co2,CO2,1.8,same_type_history_count+cheng_log_resolution_scaled,same_type_history_count+cheng_log_resolution_scaled+co2_co2_scaled_lag,True,3150,93,1,-412.0469760607441,-404.0354156099156,8.011560450828483,0.0025433525240725345,0.0036692820737118737,0.12428213475475701,16.023120901656966,6.257364613389735e-05,-14.018031035604508,93.00002251148582,92.99996691375922,1.0415860443398786,True,True,0.0005189456758190354
single_driver_given_y_history,strong_monsoon_start,Strong monsoon starts,pre_phase,Precession phase,1.8,same_type_history_count+cheng_log_resolution_scaled,same_type_history_count+cheng_log_resolution_scaled+pre_phase_pre_phase_sin_lag+pre_phase_pre_phase_cos_lag,True,3150,93,2,-412.0469760607441,-404.06157857243176,7.985397488312344,0.0025350468216864585,0.0036572994780683823,0.12387627264425166,15.970794976624688,0.0003403971654849042,-11.959339742060479,93.00002251148582,93.00001709517826,0.7279627503423494,True,True,0.00039741442300679573
single_driver_given_y_history,strong_monsoon_start,Strong monsoon starts,lr04,LR04,2.0,same_type_history_count+cheng_log_resolution_scaled,same_type_history_count+cheng_log_resolution_scaled+lr04_lr04_scaled_lag,True,3150,93,1,-412.0469760607441,-405.2517636182422,6.7952124425019065,0.0021572102992069545,0.00311219660082047,0.10541311067295141,13.590424885003813,0.00022734216711827723,-11.585335018951355,93.00002251148582,92.99989161009958,1.0155198454038838,True,True,0.0011803851608340246
single_driver_given_y_history,strong_monsoon_start,Strong monsoon starts,co2,CO2,2.0,same_type_history_count+cheng_log_resolution_scaled,same_type_history_count+cheng_log_resolution_scaled+co2_co2_scaled_lag,True,3150,93,1,-412.0469760607441,-404.27111161693006,7.775864443814044,0.002468528394861601,0.0035613336735604247,0.12062581797543374,15.551728887628087,8.027820117111605e-05,-13.54663902157563,93.00002251148582,92.9999617265519,1.054463353517705,True,True,0.0005189456758190354
single_driver_given_y_history,strong_monsoon_start,Strong monsoon starts,pre_phase,Precession phase,2.0,same_type_history_count+cheng_log_resolution_scaled,same_type_history_count+cheng_log_resolution_scaled+pre_phase_pre_phase_sin_lag+pre_phase_pre_phase_cos_lag,True,3150,93,2,-412.0469760607441,-404.08506920180633,7.961906858937766,0.0025275894790278623,0.003646540806796616,0.12351186603665956,15.923813717875532,0.00034848796609360987,-11.912358483311323,93.00002251148582,93.00001389235538,0.7276470401710433,True,True,0.00039741442300679573
single_driver_given_y_history,strong_monsoon_start,Strong monsoon starts,lr04,LR04,2.2,same_type_history_count+cheng_log_resolution_scaled,same_type_history_count+cheng_log_resolution_scaled+lr04_lr04_scaled_lag,True,3150,93,1,-412.0469760607441,-405.14426114782873,6.902714912915371,0.0021913380675921816,0.0031614325630264445,0.10708078036057311,13.805429825830743,0.0002027494267944216,-11.800339959778285,93.00002251148582,93.00001857272233,1.0047041052012509,True,True,0.0011803851608340246
single_driver_given_y_history,strong_monsoon_start,Strong monsoon starts,co2,CO2,2.2,same_type_history_count+cheng_log_resolution_scaled,same_type_history_count+cheng_log_resolution_scaled+co2_co2_scaled_lag,True,3150,93,1,-412.0469760607441,-405.0541604377668,6.992815622977275,0.0022199414676118334,0.0032026985463873593,0.10847849915182992,13.98563124595455,0.00018421304749346982,-11.980541379902093,93.00002251148582,92.99991037518348,1.0051952586204675,True,True,0.0005426913488065526
single_driver_given_y_history,strong_monsoon_start,Strong monsoon starts,pre_phase,Precession phase,2.2,same_type_history_count+cheng_log_resolution_scaled,same_type_history_count+cheng_log_resolution_scaled+pre_phase_pre_phase_sin_lag+pre_phase_pre_phase_cos_lag,True,3150,93,2,-412.0469760607441,-404.10266342104546,7.944312639698637,0.0025220040126027418,0.0036384826820840426,0.12323892955445952,15.888625279397274,0.00035467359586842617,-11.877170044833065,93.00002251148582,92.9999823528242,0.7274641066980582,True,True,0.00039741442300679573
single_driver_given_y_history,strong_monsoon_start,Strong monsoon starts,lr04,LR04,2.4,same_type_history_count+cheng_log_resolution_scaled,same_type_history_count+cheng_log_resolution_scaled+lr04_lr04_scaled_lag,True,3150,93,1,-412.0469760607441,-405.0681279942572,6.978848066486876,0.002215507322694246,0.0031963014275041735,0.1082618225444962,13.957696132973751,0.00018697065406034173,-11.952606266921293,93.00002251148582,93.00001627896525,0.991750244677456,True,True,0.0011803851608340246
single_driver_given_y_history,strong_monsoon_start,Strong monsoon starts,co2,CO2,2.4,same_type_history_count+cheng_log_resolution_scaled,same_type_history_count+cheng_log_resolution_scaled+co2_co2_scaled_lag,True,3150,93,1,-412.0469760607441,-404.82041617099765,7.226559889746454,0.0022941459967449063,0.003309753052579144,0.11210453887768068,14.453119779492908,0.00014369164632960585,-12.44802991344045,93.00002251148582,92.99992806683723,1.0294935586174392,True,True,0.000523448140200707
single_driver_given_y_history,strong_monsoon_start,Strong monsoon starts,pre_phase,Precession phase,2.4,same_type_history_count+cheng_log_resolution_scaled,same_type_history_count+cheng_log_resolution_scaled+pre_phase_pre_phase_sin_lag+pre_phase_pre_phase_cos_lag,True,3150,93,2,-412.0469760607441,-404.11749235255354,7.92948370819056,0.0025172964152985903,0.0036316910547988406,0.12300889056576719,15.85896741638112,0.0003599722156687155,-11.84751218181691,93.00002251148582,92.99996727338387,0.7273433330791852,True,True,0.00039741442300679573
single_driver_given_y_history,strong_monsoon_start,Strong monsoon starts,lr04,LR04,2.6,same_type_history_count+cheng_log_resolution_scaled,same_type_history_count+cheng_log_resolution_scaled+lr04_lr04_scaled_lag,True,3150,93,1,-412.0469760607441,-405.1327698705509,6.914206190193227,0.0021949860921248337,0.003166695549928743,0.1072590428201671,13.828412380386453,0.00020028452736868332,-11.823322514333995,93.00002251148582,92.99998924399756,0.9720017051597665,True,True,0.0011803851608340246
single_driver_given_y_history,strong_monsoon_start,Strong monsoon starts,co2,CO2,2.6,same_type_history_count+cheng_log_resolution_scaled,same_type_history_count+cheng_log_resolution_scaled+co2_co2_scaled_lag,True,3150,93,1,-412.0469760607441,-404.7222762154213,7.324699845322812,0.002325301538197718,0.003354700997729326,0.11362696927792879,14.649399690645623,0.00012947587555120886,-12.644309824593165,93.00002251148582,92.99995626578516,0.9389346254217463,True,True,0.0005189456758190354
single_driver_given_y_history,strong_monsoon_start,Strong monsoon starts,pre_phase,Precession phase,2.6,same_type_history_count+cheng_log_resolution_scaled,same_type_history_count+cheng_log_resolution_scaled+pre_phase_pre_phase_sin_lag+pre_phase_pre_phase_cos_lag,True,3150,93,2,-412.0469760607441,-404.13096186461485,7.916014196129254,0.002513020379723573,0.003625522039480098,0.12279994004690654,15.832028392258508,0.00036485366735322585,-11.820573157694298,93.00002251148582,93.00004454222073,0.7272429401757584,True,True,0.00039741442300679573
single_driver_given_y_history,strong_monsoon_start,Strong monsoon starts,lr04,LR04,2.8,same_type_history_count+cheng_log_resolution_scaled,same_type_history_count+cheng_log_resolution_scaled+lr04_lr04_scaled_lag,True,3150,93,1,-412.0469760607441,-405.19544053536896,6.851535525375141,0.0021750906429762354,0.003137992484105801,0.10628684220358359,13.703071050750282,0.0002141040882188138,-11.697981184697824,93.00002251148582,92.99999686329096,0.957715044338555,True,True,0.0011803851608340246
single_driver_given_y_history,strong_monsoon_start,Strong monsoon starts,co2,CO2,2.8,same_type_history_count+cheng_log_resolution_scaled,same_type_history_count+cheng_log_resolution_scaled+co2_co2_scaled_lag,True,3150,93,1,-412.0469760607441,-404.60331162975694,7.443664430987155,0.0023630680733292557,0.0034091865906751544,0.11547244903899717,14.88732886197431,0.00011412701040374799,-12.882238995921853,93.00002251148582,92.9999640663676,0.989002050177485,True,True,0.0005189456758190354
single_driver_given_y_history,strong_monsoon_start,Strong monsoon starts,pre_phase,Precession phase,2.8,same_type_history_count+cheng_log_resolution_scaled,same_type_history_count+cheng_log_resolution_scaled+pre_phase_pre_phase_sin_lag+pre_phase_pre_phase_cos_lag,True,3150,93,2,-412.0469760607441,-404.1381663530609,7.90880970768319,0.002510733240534346,0.0036222223951139785,0.12268817789902185,15.81761941536638,0.0003674917429661223,-11.80616418080217,93.00002251148582,93.0000602448053,0.7272874186830774,True,True,0.00039741442300679573
single_driver_given_y_history,strong_monsoon_start,Strong monsoon starts,lr04,LR04,3.0,same_type_history_count+cheng_log_resolution_scaled,same_type_history_count+cheng_log_resolution_scaled+lr04_lr04_scaled_lag,True,3150,93,1,-412.0469760607441,-405.24477495723664,6.802201103507457,0.002159428921748399,0.003115397396558617,0.10552152472214671,13.604402207014914,0.00022565574582972516,-11.599312340962456,93.00002251148582,92.99999459865747,0.9444820313827331,True,True,0.0011803851608340246
single_driver_given_y_history,strong_monsoon_start,Strong monsoon starts,co2,CO2,3.0,same_type_history_count+cheng_log_resolution_scaled,same_type_history_count+cheng_log_resolution_scaled+co2_co2_scaled_lag,True,3150,93,1,-412.0469760607441,-404.6617667515871,7.3852093091570055,0.0023445108917958747,0.0033824142369040695,0.11456564350804106,14.770418618314011,0.0001214254588097918,-12.765328752261553,93.00002251148582,92.99995134451106,0.9479915548214006,True,True,0.0005189456758190354
single_driver_given_y_history,strong_monsoon_start,Strong monsoon starts,pre_phase,Precession phase,3.0,same_type_history_count+cheng_log_resolution_scaled,same_type_history_count+cheng_log_resolution_scaled+pre_phase_pre_phase_sin_lag+pre_phase_pre_phase_cos_lag,True,3150,93,2,-412.0469760607441,-404.1460828953743,7.90089316536978,0.0025082200524983427,0.0036185966311976145,0.12256536976637082,15.80178633073956,0.00037041255300295124,-11.79033109617535,93.00002251148582,92.99999511905241,0.7273011668095665,True,True,0.00039741442300679573
single_driver_given_y_history,strong_monsoon_start,Strong monsoon starts,lr04,LR04,3.2,same_type_history_count+cheng_log_resolution_scaled,same_type_history_count+cheng_log_resolution_scaled+lr04_lr04_scaled_lag,True,3150,93,1,-412.0469760607441,-405.3429374199687,6.704038640775423,0.0021282662351668007,0.0030704391431665683,0.10399874517177086,13.408077281550845,0.00025054309384139894,-11.402987415498387,93.00002251148582,92.9999921111511,0.9344138987000064,True,True,0.0011803851608340246
single_driver_given_y_history,strong_monsoon_start,Strong monsoon starts,co2,CO2,3.2,same_type_history_count+cheng_log_resolution_scaled,same_type_history_count+cheng_log_resolution_scaled+co2_co2_scaled_lag,True,3150,93,1,-412.0469760607441,-404.489071946507,7.55790411423709,0.002399334639440346,0.0034615081857536966,0.11724463209810908,15.11580822847418,0.00010111302670572494,-13.110718362421721,93.00002251148582,92.99996770349352,0.9566123338657838,True,True,0.0005189456758190354
single_driver_given_y_history,strong_monsoon_start,Strong monsoon starts,pre_phase,Precession phase,3.2,same_type_history_count+cheng_log_resolution_scaled,same_type_history_count+cheng_log_resolution_scaled+pre_phase_pre_phase_sin_lag+pre_phase_pre_phase_cos_lag,True,3150,93,2,-412.0469760607441,-404.1556859272175,7.8912901335265815,0.0025051714709608194,0.003614198457731684,0.12241639937478285,15.782580267053163,0.00037398677074064273,-11.771125032488953,93.00002251148582,93.0000115212413,0.7272647450279683,True,True,0.00039741442300679573
single_driver_given_y_history,strong_monsoon_start,Strong monsoon starts,lr04,LR04,3.4,same_type_history_count+cheng_log_resolution_scaled,same_type_history_count+cheng_log_resolution_scaled+lr04_lr04_scaled_lag,True,3150,93,1,-412.0469760607441,-405.3716968828061,6.675279177938023,0.0021191362469644517,0.003057267354463664,0.10355260394151121,13.350558355876046,0.0002583456939843908,-11.345468489823588,93.00002251148582,92.99998835748431,0.9312396856163142,True,True,0.0011803851608340246
single_driver_given_y_history,strong_monsoon_start,Strong monsoon starts,co2,CO2,3.4,same_type_history_count+cheng_log_resolution_scaled,same_type_history_count+cheng_log_resolution_scaled+co2_co2_scaled_lag,True,3150,93,1,-412.0469760607441,-404.67545163890156,7.371524421842537,0.002340166483124615,0.003376146580058448,0.1143533519052055,14.743048843685074,0.0001232008989986754,-12.737958977632616,93.00002251148582,92.99995064577311,0.9538973353884151,True,True,0.0005189456758190354
single_driver_given_y_history,strong_monsoon_start,Strong monsoon starts,pre_phase,Precession phase,3.4,same_type_history_count+cheng_log_resolution_scaled,same_type_history_count+cheng_log_resolution_scaled+pre_phase_pre_phase_sin_lag+pre_phase_pre_phase_cos_lag,True,3150,93,2,-412.0469760607441,-404.1655610375532,7.881415023190925,0.0025020365152987065,0.003609675672744547,0.12226320827037981,15.76283004638185,0.00037769822672341266,-11.75137481181764,93.00002251148582,92.99999036268771,0.7272030211797296,True,True,0.00039741442300679573
single_driver_given_y_history,strong_monsoon_start,Strong monsoon starts,lr04,LR04,3.6,same_type_history_count+cheng_log_resolution_scaled,same_type_history_count+cheng_log_resolution_scaled+lr04_lr04_scaled_lag,True,3150,93,1,-412.0469760607441,-405.3292602766076,6.717715784136487,0.002132608185440155,0.003076703253293722,0.10421091664381962,13.435431568272975,0.00024691617514564215,-11.430341702220517,93.00002251148582,93.00000147420295,0.9315996484763335,True,True,0.0011803851608340246
single_driver_given_y_history,strong_monsoon_start,Strong monsoon starts,co2,CO2,3.6,same_type_history_count+cheng_log_resolution_scaled,same_type_history_count+cheng_log_resolution_scaled+co2_co2_scaled_lag,True,3150,93,1,-412.0469760607441,-404.7424688477574,7.304507212986721,0.002318891178725943,0.0033454528039090813,0.11331372400337211,14.609014425973442,0.00013228027030681296,-12.603924559920983,93.00002251148582,92.99995655992406,0.9545727841326049,True,True,0.0005189456758190354
single_driver_given_y_history,strong_monsoon_start,Strong monsoon starts,pre_phase,Precession phase,3.6,same_type_history_count+cheng_log_resolution_scaled,same_type_history_count+cheng_log_resolution_scaled+pre_phase_pre_phase_sin_lag+pre_phase_pre_phase_cos_lag,True,3150,93,2,-412.0469760607441,-404.1751235257474,7.871852534996719,0.0024990008047608633,0.0036052960682060264,0.12211486682633316,15.743705069993439,0.000381327285318673,-11.73224983542923,93.00002251148582,93.00000002211561,0.7271251726343277,True,True,0.00039741442300679573
single_driver_given_y_history,strong_monsoon_start,Strong monsoon starts,lr04,LR04,3.8,same_type_history_count+cheng_log_resolution_scaled,same_type_history_count+cheng_log_resolution_scaled+lr04_lr04_scaled_lag,True,3150,93,1,-412.0469760607441,-405.34961169192263,6.697364368821468,0.002126147418673482,0.003067382337119103,0.10389520819274382,13.394728737642936,0.00025233243057544354,-11.389638871590478,93.00002251148582,92.99999612195359,0.9298034838465791,True,True,0.0011803851608340246
single_driver_given_y_history,strong_monsoon_start,Strong monsoon starts,co2,CO2,3.8,same_type_history_count+cheng_log_resolution_scaled,same_type_history_count+cheng_log_resolution_scaled+co2_co2_scaled_lag,True,3150,93,1,-412.0469760607441,-404.530932442531,7.516043618213075,0.0023860455930835157,0.0034423361444765543,0.11659525650646393,15.03208723642615,0.00010569867880506164,-13.026997370373692,93.00002251148582,92.99995953911936,0.9128339904788376,True,True,0.0005189456758190354
single_driver_given_y_history,strong_monsoon_start,Strong monsoon starts,pre_phase,Precession phase,3.8,same_type_history_count+cheng_log_resolution_scaled,same_type_history_count+cheng_log_resolution_scaled+pre_phase_pre_phase_sin_lag+pre_phase_pre_phase_cos_lag,True,3150,93,2,-412.0469760607441,-404.1834505452251,7.8635255155189725,0.0024963573065139594,0.0036014823063946198,0.12198569102304357,15.727051031037945,0.0003845158622977829,-11.715595796473735,93.00002251148582,92.99999828004275,0.7270579557559197,True,True,0.00039741442300679573
single_driver_given_y_history,strong_monsoon_start,Strong monsoon starts,lr04,LR04,4.0,same_type_history_count+cheng_log_resolution_scaled,same_type_history_count+cheng_log_resolution_scaled+lr04_lr04_scaled_lag,True,3150,93,1,-412.0469760607441,-405.4395441730799,6.607431887664177,0.002097597424655294,0.003026193402331654,0.10250009911123345,13.214863775328354,0.0002777376849021234,-11.209773909275896,93.00002251148582,92.99999554876914,0.9172221596344239,True,True,0.0011803851608340246
single_driver_given_y_history,strong_monsoon_start,Strong monsoon starts,co2,CO2,4.0,same_type_history_count+cheng_log_resolution_scaled,same_type_history_count+cheng_log_resolution_scaled+co2_co2_scaled_lag,True,3150,93,1,-412.0469760607441,-404.46640903893933,7.580567021804768,0.002406529213271355,0.0034718877617410026,0.1175961983815501,15.161134043609536,9.871448052564677e-05,-13.156044177557078,93.00002251148582,92.99995123579674,0.9532071766120287,True,True,0.0005189456758190354
single_driver_given_y_history,strong_monsoon_start,Strong monsoon starts,pre_phase,Precession phase,4.0,same_type_history_count+cheng_log_resolution_scaled,same_type_history_count+cheng_log_resolution_scaled+pre_phase_pre_phase_sin_lag+pre_phase_pre_phase_cos_lag,True,3150,93,2,-412.0469760607441,-404.1919155903324,7.855060470411672,0.00249366999060688,0.003597605329062174,0.12185437404888008,15.710120940823344,0.000387784621996654,-11.698665706259135,93.00002251148582,93.00000689030261,0.7269716431617957,True,True,0.00039741442300679573
single_driver_given_y_history,strong_monsoon_start,Strong monsoon starts,lr04,LR04,4.2,same_type_history_count+cheng_log_resolution_scaled,same_type_history_count+cheng_log_resolution_scaled+lr04_lr04_scaled_lag,True,3150,93,1,-412.0469760607441,-405.54885294499707,6.498123115747035,0.0020628962272212807,0.002976130156880694,0.1008044085395074,12.99624623149407,0.0003121160497552357,-10.991156365441611,93.00002251148582,92.99999631859785,0.8965805505946318,True,True,0.0011984668924369688
single_driver_given_y_history,strong_monsoon_start,Strong monsoon starts,co2,CO2,4.2,same_type_history_count+cheng_log_resolution_scaled,same_type_history_count+cheng_log_resolution_scaled+co2_co2_scaled_lag,True,3150,93,1,-412.0469760607441,-404.5866837180014,7.460292342742719,0.002368346775473879,0.0034168021480815323,0.11573039533824546,14.920584685485437,0.00011213276026539087,-12.915494819432979,93.00002251148582,92.9999243296509,0.953921269352292,True,True,0.0005189456758190354
single_driver_given_y_history,strong_monsoon_start,Strong monsoon starts,pre_phase,Precession phase,4.2,same_type_history_count+cheng_log_resolution_scaled,same_type_history_count+cheng_log_resolution_scaled+pre_phase_pre_phase_sin_lag+pre_phase_pre_phase_cos_lag,True,3150,93,2,-412.0469760607441,-404.20354594202684,7.843430118717265,0.0024899778154657986,0.003592278646296042,0.1216739541487369,15.68686023743453,0.0003923210223634058,-11.67540500287032,93.00002251148582,93.00000576126062,0.7267997698380764,True,True,0.00039741442300679573
single_driver_given_y_history,strong_monsoon_start,Strong monsoon starts,lr04,LR04,4.4,same_type_history_count+cheng_log_resolution_scaled,same_type_history_count+cheng_log_resolution_scaled+lr04_lr04_scaled_lag,True,3150,93,1,-412.0469760607441,-405.73258327466397,6.314392786080134,0.002004569138438138,0.0028919819551437636,0.09795422751293392,12.628785572160268,0.0003798518673739464,-10.62369570610781,93.00002251148582,93.00000029314828,0.8742751252887572,True,True,0.0011984668924369688
single_driver_given_y_history,strong_monsoon_start,Strong monsoon starts,co2,CO2,4.4,same_type_history_count+cheng_log_resolution_scaled,same_type_history_count+cheng_log_resolution_scaled+co2_co2_scaled_lag,True,3150,93,1,-412.0469760607441,-405.0245744775917,7.022401583152373,0.002229333835921388,0.0032162488695697566,0.1089374617112337,14.044803166304746,0.00017850643467639274,-12.039713300252288,93.00002251148582,92.99999952212156,0.9678104571503103,True,True,0.0005426913488065526
single_driver_given_y_history,strong_monsoon_start,Strong monsoon starts,pre_phase,Precession phase,4.4,same_type_history_count+cheng_log_resolution_scaled,same_type_history_count+cheng_log_resolution_scaled+pre_phase_pre_phase_sin_lag+pre_phase_pre_phase_cos_lag,True,3150,93,2,-412.0469760607441,-404.2104053390899,7.836570721654198,0.002487800229096571,0.00358913705324005,0.12156754535167912,15.673141443308396,0.00039502135878398143,-11.661686208744186,93.00002251148582,93.00000805400535,0.7267156075952925,True,True,0.00039741442300679573
single_driver_given_y_history,strong_monsoon_start,Strong monsoon starts,lr04,LR04,4.6,same_type_history_count+cheng_log_resolution_scaled,same_type_history_count+cheng_log_resolution_scaled+lr04_lr04_scaled_lag,True,3150,93,1,-412.0469760607441,-406.0627291922539,5.984246868490175,0.0018997609106318014,0.002740775644643201,0.0928327234475923,11.96849373698035,0.0005410766223409426,-9.963403870927891,93.00002251148582,92.9999890598298,0.8476209237029916,True,True,0.0011997785973646988
single_driver_given_y_history,strong_monsoon_start,Strong monsoon starts,co2,CO2,4.6,same_type_history_count+cheng_log_resolution_scaled,same_type_history_count+cheng_log_resolution_scaled+co2_co2_scaled_lag,True,3150,93,1,-412.0469760607441,-405.13778400785736,6.909192052886738,0.002193394302503726,0.0031643990829362326,0.10718125926074337,13.818384105773475,0.00020135633442721078,-11.813294239721017,93.00002251148582,93.00000122692555,0.9423924150993489,True,True,0.0005426913488065526
single_driver_given_y_history,strong_monsoon_start,Strong monsoon starts,pre_phase,Precession phase,4.6,same_type_history_count+cheng_log_resolution_scaled,same_type_history_count+cheng_log_resolution_scaled+pre_phase_pre_phase_sin_lag+pre_phase_pre_phase_cos_lag,True,3150,93,2,-412.0469760607441,-404.2164451256632,7.830530935080901,0.0024858828365336193,0.0035863708404980424,0.12147385104912724,15.661061870161802,0.00039741442300679573,-11.649606635597593,93.00002251148582,92.99997445408124,0.7266318567786291,True,True,0.00039741442300679573
single_driver_given_y_history,strong_monsoon_start,Strong monsoon starts,lr04,LR04,4.8,same_type_history_count+cheng_log_resolution_scaled,same_type_history_count+cheng_log_resolution_scaled+lr04_lr04_scaled_lag,True,3150,93,1,-412.0469760607441,-406.42706776940156,5.61990829134254,0.001784097870267473,0.0025739091498954442,0.08718079378678119,11.23981658268508,0.0008006106749109511,-9.234726716632622,93.00002251148582,92.99999329279187,0.8209629726574583,True,True,0.0016332457768183403
single_driver_given_y_history,strong_monsoon_start,Strong monsoon starts,co2,CO2,4.8,same_type_history_count+cheng_log_resolution_scaled,same_type_history_count+cheng_log_resolution_scaled+co2_co2_scaled_lag,True,3150,93,1,-412.0469760607441,-405.0005133423406,7.046462718403518,0.0022369722915566723,0.003227268831634832,0.10931071849085722,14.092925436807036,0.00017399698324994372,-12.087835570754578,93.00002251148582,92.99999834512016,0.8947860179617877,True,True,0.0005426913488065526
single_driver_given_y_history,strong_monsoon_start,Strong monsoon starts,pre_phase,Precession phase,4.8,same_type_history_count+cheng_log_resolution_scaled,same_type_history_count+cheng_log_resolution_scaled+pre_phase_pre_phase_sin_lag+pre_phase_pre_phase_cos_lag,True,3150,93,2,-412.0469760607441,-404.2156562715177,7.831319789226427,0.002486133266421088,0.0035867321344547837,0.12148608842508138,15.662639578452854,0.00039710104461288865,-11.651184343888644,93.00002251148582,93.00001038770077,0.7266807451455319,True,True,0.00039741442300679573
single_driver_given_y_history,strong_monsoon_start,Strong monsoon starts,lr04,LR04,5.0,same_type_history_count+cheng_log_resolution_scaled,same_type_history_count+cheng_log_resolution_scaled+lr04_lr04_scaled_lag,True,3150,93,1,-412.0469760607441,-406.7349009556858,5.312075105058284,0.001686373049224852,0.002432922035205494,0.0824054237730893,10.624150210116568,0.0011162025098592648,-8.61906034406411,93.00002251148582,92.99998586968209,0.8002464146788588,True,True,0.0021894741539547117
single_driver_given_y_history,strong_monsoon_start,Strong monsoon starts,co2,CO2,5.0,same_type_history_count+cheng_log_resolution_scaled,same_type_history_count+cheng_log_resolution_scaled+co2_co2_scaled_lag,True,3150,93,1,-412.0469760607441,-405.43136569139773,6.615610369346371,0.002100193768046467,0.0030299391340665436,0.10262697066999583,13.231220738692741,0.0002753244404025529,-11.226130872640283,93.00002251148582,93.00000731455289,0.9094546679466503,True,True,0.0007020773230265099
single_driver_given_y_history,strong_monsoon_start,Strong monsoon starts,pre_phase,Precession phase,5.0,same_type_history_count+cheng_log_resolution_scaled,same_type_history_count+cheng_log_resolution_scaled+pre_phase_pre_phase_sin_lag+pre_phase_pre_phase_cos_lag,True,3150,93,2,-412.0469760607441,-404.2073125529304,7.839663507813725,0.002488782065972611,0.003590553544432075,0.12161552327915094,15.67932701562745,0.0003938015295007175,-11.66787178106324,93.00002251148582,93.0000083368401,0.7268746908400832,True,True,0.00039741442300679573
single_driver_given_y_history,strong_monsoon_start,Strong monsoon starts,lr04,LR04,5.2,same_type_history_count+cheng_log_resolution_scaled,same_type_history_count+cheng_log_resolution_scaled+lr04_lr04_scaled_lag,True,3150,93,1,-412.0469760607441,-407.03150546744956,5.015470593294538,0.0015922128867601707,0.0022970776357683987,0.07780424250183286,10.030941186589075,0.0015393236221737734,-8.025851320536617,93.00002251148582,92.99999113913623,0.7830240708009147,True,True,0.0029076112863282385
single_driver_given_y_history,strong_monsoon_start,Strong monsoon starts,co2,CO2,5.2,same_type_history_count+cheng_log_resolution_scaled,same_type_history_count+cheng_log_resolution_scaled+co2_co2_scaled_lag,True,3150,93,1,-412.0469760607441,-405.97911812096515,6.067857939778946,0.0019263041078663322,0.0027790693836627963,0.0941297694466431,12.135715879557893,0.0004946527683379475,-10.130626013505434,93.00002251148582,92.99999969403933,0.8913316364585739,True,True,0.0010968387471841444
single_driver_given_y_history,strong_monsoon_start,Strong monsoon starts,pre_phase,Precession phase,5.2,same_type_history_count+cheng_log_resolution_scaled,same_type_history_count+cheng_log_resolution_scaled+pre_phase_pre_phase_sin_lag+pre_phase_pre_phase_cos_lag,True,3150,93,2,-412.0469760607441,-404.1965121095662,7.850463951177915,0.0024922107781517188,0.003595500130489509,0.12178306893593499,15.70092790235583,0.0003895711843086941,-11.68947266779162,93.00002251148582,92.99999172480173,0.7271111095078169,True,True,0.00039741442300679573
single_driver_given_y_history,strong_monsoon_start,Strong monsoon starts,lr04,LR04,5.4,same_type_history_count+cheng_log_resolution_scaled,same_type_history_count+cheng_log_resolution_scaled+lr04_lr04_scaled_lag,True,3150,93,1,-412.0469760607441,-407.3217111933051,4.725264867439023,0.001500084084901277,0.0021641638702035314,0.07330232463592606,9.450529734878046,0.002110881262435647,-7.445439868825588,93.00002251148582,92.99998969334287,0.7660359520880887,True,True,0.0038448194422935
single_driver_given_y_history,strong_monsoon_start,Strong monsoon starts,co2,CO2,5.4,same_type_history_count+cheng_log_resolution_scaled,same_type_history_count+cheng_log_resolution_scaled+co2_co2_scaled_lag,True,3150,93,1,-412.0469760607441,-406.1950758126892,5.851900248054903,0.00185774611049362,0.0026801611008399062,0.09077965018973876,11.703800496109807,0.0006237257532898108,-9.698710630057349,93.00002251148582,92.99999997843614,0.906601243274287,True,True,0.0012228430121588643
single_driver_given_y_history,strong_monsoon_start,Strong monsoon starts,pre_phase,Precession phase,5.4,same_type_history_count+cheng_log_resolution_scaled,same_type_history_count+cheng_log_resolution_scaled+pre_phase_pre_phase_sin_lag+pre_phase_pre_phase_cos_lag,True,3150,93,2,-412.0469760607441,-404.18499515014526,7.861980910598845,0.002495866955745665,0.0036007748797729053,0.12196172979875969,15.72396182119769,0.00038511024631662116,-11.71250658663348,93.00002251148582,93.00000327200141,0.7273481035650347,True,True,0.00039741442300679573
single_driver_given_y_history,strong_monsoon_start,Strong monsoon starts,lr04,LR04,5.6,same_type_history_count+cheng_log_resolution_scaled,same_type_history_count+cheng_log_resolution_scaled+lr04_lr04_scaled_lag,True,3150,93,1,-412.0469760607441,-407.51991954921994,4.527056511524165,0.0014371607973092588,0.0020733847552380966,0.07022754816129036,9.05411302304833,0.0026210452520800498,-7.049023156995872,93.00002251148582,93.00000223068862,0.75231346669163,True,True,0.004609424408830432
single_driver_given_y_history,strong_monsoon_start,Strong monsoon starts,co2,CO2,5.6,same_type_history_count+cheng_log_resolution_scaled,same_type_history_count+cheng_log_resolution_scaled+co2_co2_scaled_lag,True,3150,93,1,-412.0469760607441,-406.2850143140889,5.7619617466551745,0.001829194205287357,0.0026389694087908984,0.08938444771711107,11.523923493310349,0.0006870622609210144,-9.51883362725789,93.00002251148582,93.00000717099157,0.8857858856907594,True,True,0.0012228430121588643
single_driver_given_y_history,strong_monsoon_start,Strong monsoon starts,pre_phase,Precession phase,5.6,same_type_history_count+cheng_log_resolution_scaled,same_type_history_count+cheng_log_resolution_scaled+pre_phase_pre_phase_sin_lag+pre_phase_pre_phase_cos_lag,True,3150,93,2,-412.0469760607441,-404.17458777742405,7.872388283320049,0.0024991708835936663,0.0036055414400946715,0.12212317780965821,15.744776566640098,0.0003811230445806255,-11.733321332075889,93.00002251148582,92.99996316730432,0.7275442062054414,True,True,0.00039741442300679573
single_driver_given_y_history,strong_monsoon_start,Strong monsoon starts,lr04,LR04,5.8,same_type_history_count+cheng_log_resolution_scaled,same_type_history_count+cheng_log_resolution_scaled+lr04_lr04_scaled_lag,True,3150,93,1,-412.0469760607441,-407.6936351340887,4.353340926655392,0.0013820129925890133,0.001993823290852285,0.0675327243675774,8.706681853310783,0.003170457693784122,-6.701591987258325,93.00002251148582,92.99999477584227,0.7392768099275007,True,True,0.0053897780794330075
single_driver_given_y_history,strong_monsoon_start,Strong monsoon starts,co2,CO2,5.8,same_type_history_count+cheng_log_resolution_scaled,same_type_history_count+cheng_log_resolution_scaled+co2_co2_scaled_lag,True,3150,93,1,-412.0469760607441,-406.8583001032331,5.188675957511009,0.0016471987166701617,0.002376405419898707,0.08049115131914976,10.377351915022018,0.0012757053422467182,-8.37226204896956,93.00002251148582,92.99999656093962,0.8385537393961684,True,True,0.001712130854067964
single_driver_given_y_history,strong_monsoon_start,Strong monsoon starts,pre_phase,Precession phase,5.8,same_type_history_count+cheng_log_resolution_scaled,same_type_history_count+cheng_log_resolution_scaled+pre_phase_pre_phase_sin_lag+pre_phase_pre_phase_cos_lag,True,3150,93,2,-412.0469760607441,-404.1681700638657,7.878805996878384,0.002501208252977265,0.003608480742800848,0.12222273483680292,15.757611993756768,0.0003786849379532015,-11.746156759192559,93.00002251148582,93.00000777996853,0.7276322060205113,True,True,0.00039741442300679573
single_driver_given_y_history,strong_monsoon_start,Strong monsoon starts,lr04,LR04,6.0,same_type_history_count+cheng_log_resolution_scaled,same_type_history_count+cheng_log_resolution_scaled+lr04_lr04_scaled_lag,True,3150,93,1,-412.0469760607441,-407.9119199000164,4.135056160727686,0.0013127162415008527,0.001893849211707679,0.06414650555784074,8.270112321455372,0.0040303012934129545,-6.265022455402914,93.00002251148582,92.99999543936144,0.7251499010601209,True,True,0.006630495676260022
single_driver_given_y_history,strong_monsoon_start,Strong monsoon starts,co2,CO2,6.0,same_type_history_count+cheng_log_resolution_scaled,same_type_history_count+cheng_log_resolution_scaled+co2_co2_scaled_lag,True,3150,93,1,-412.0469760607441,-406.34213910456845,5.7048369561756544,0.0018110593511668745,0.0026128063446840336,0.08849827941671726,11.409673912351309,0.0007306265450018989,-9.40458404629885,93.00002251148582,93.00000592384123,0.8572941191701741,True,True,0.0012228430121588643
single_driver_given_y_history,strong_monsoon_start,Strong monsoon starts,pre_phase,Precession phase,6.0,same_type_history_count+cheng_log_resolution_scaled,same_type_history_count+cheng_log_resolution_scaled+pre_phase_pre_phase_sin_lag+pre_phase_pre_phase_cos_lag,True,3150,93,2,-412.0469760607441,-404.1637219670016,7.883254093742494,0.0025026203472198394,0.0036105179641618777,0.12229173749580555,15.766508187484988,0.000377004251367682,-11.755052952920778,93.00002251148582,92.99999817781482,0.7276604125216609,True,True,0.00039741442300679573
single_driver_given_y_history,strong_monsoon_start,Strong monsoon starts,lr04,LR04,6.2,same_type_history_count+cheng_log_resolution_scaled,same_type_history_count+cheng_log_resolution_scaled+lr04_lr04_scaled_lag,True,3150,93,1,-412.0469760607441,-408.1101044522212,3.9368716085228925,0.0012498005106421882,0.001803080998803979,0.06107209834658638,7.873743217045785,0.005015771836978279,-5.868653350993327,93.00002251148582,93.0000023065197,0.7125224036544934,True,True,0.007993886365184132
single_driver_given_y_history,strong_monsoon_start,Strong monsoon starts,co2,CO2,6.2,same_type_history_count+cheng_log_resolution_scaled,same_type_history_count+cheng_log_resolution_scaled+co2_co2_scaled_lag,True,3150,93,1,-412.0469760607441,-406.33625006847353,5.710725992270568,0.001812928886435101,0.0026155035139442707,0.0885896351497253,11.421451984541136,0.0007260093484264044,-9.416362118488678,93.00002251148582,93.00000270745912,0.8682817494574231,True,True,0.0012228430121588643
single_driver_given_y_history,strong_monsoon_start,Strong monsoon starts,pre_phase,Precession phase,6.2,same_type_history_count+cheng_log_resolution_scaled,same_type_history_count+cheng_log_resolution_scaled+pre_phase_pre_phase_sin_lag+pre_phase_pre_phase_cos_lag,True,3150,93,2,-412.0469760607441,-404.1571713068736,7.889804753870521,0.0025046999218636574,0.003613518156187673,0.12239335690313087,15.779609507741043,0.00037454269585925326,-11.768154273176833,93.00002251148582,92.99998679665532,0.7277171590567845,True,True,0.00039741442300679573
single_driver_given_y_history,strong_monsoon_start,Strong monsoon starts,lr04,LR04,6.4,same_type_history_count+cheng_log_resolution_scaled,same_type_history_count+cheng_log_resolution_scaled+lr04_lr04_scaled_lag,True,3150,93,1,-412.0469760607441,-408.2822176214056,3.764758439338493,0.0011951614093138074,0.0017242534382788945,0.05840213258686579,7.529516878676986,0.006069618212985363,-5.524427012624528,93.00002251148582,92.99999415491999,0.701197159565166,True,True,0.009380319056431923
single_driver_given_y_history,strong_monsoon_start,Strong monsoon starts,co2,CO2,6.4,same_type_history_count+cheng_log_resolution_scaled,same_type_history_count+cheng_log_resolution_scaled+co2_co2_scaled_lag,True,3150,93,1,-412.0469760607441,-406.4957604519175,5.551215608826624,0.0017622906694687694,0.002542448009447485,0.08611517451354385,11.102431217653248,0.0008621462258411498,-9.09734135160079,93.00002251148582,93.00001045258776,0.8790625328743785,True,True,0.001332407803572686
single_driver_given_y_history,strong_monsoon_start,Strong monsoon starts,pre_phase,Precession phase,6.4,same_type_history_count+cheng_log_resolution_scaled,same_type_history_count+cheng_log_resolution_scaled+pre_phase_pre_phase_sin_lag+pre_phase_pre_phase_cos_lag,True,3150,93,2,-412.0469760607441,-404.1503794524052,7.896596608338882,0.0025068560661393275,0.003616628814841623,0.12249871792205498,15.793193216677764,0.000372007475546147,-11.781737982113555,93.00002251148582,93.00001185744941,0.7277656255030711,True,True,0.00039741442300679573
single_driver_given_y_history,strong_monsoon_start,Strong monsoon starts,lr04,LR04,6.6,same_type_history_count+cheng_log_resolution_scaled,same_type_history_count+cheng_log_resolution_scaled+lr04_lr04_scaled_lag,True,3150,93,1,-412.0469760607441,-408.48070287708333,3.566273183660769,0.0011321502170351647,0.001633347503657996,0.055323060607770834,7.132546367321538,0.007569715253526844,-5.12745650126908,93.00002251148582,93.0000006883306,0.6892364021907992,True,True,0.011354572880290266
single_driver_given_y_history,strong_monsoon_start,Strong monsoon starts,co2,CO2,6.6,same_type_history_count+cheng_log_resolution_scaled,same_type_history_count+cheng_log_resolution_scaled+co2_co2_scaled_lag,True,3150,93,1,-412.0469760607441,-406.5938760005285,5.453100060215604,0.001731142876258922,0.0024975112426490033,0.08459312273488559,10.906200120431208,0.000958429256090096,-8.90111025437875,93.00002251148582,93.00000564133893,0.8500757352972512,True,True,0.001437643884135144
single_driver_given_y_history,strong_monsoon_start,Strong monsoon starts,pre_phase,Precession phase,6.6,same_type_history_count+cheng_log_resolution_scaled,same_type_history_count+cheng_log_resolution_scaled+pre_phase_pre_phase_sin_lag+pre_phase_pre_phase_cos_lag,True,3150,93,2,-412.0469760607441,-404.1395014062166,7.907474654527505,0.002510309414135716,0.0036216109428704765,0.12266746741980646,15.81494930905501,0.00036798269162561495,-11.8034940744908,93.00002251148582,92.99999923158681,0.727875519394807,True,True,0.00039741442300679573
single_driver_given_y_history,strong_monsoon_start,Strong monsoon starts,lr04,LR04,6.8,same_type_history_count+cheng_log_resolution_scaled,same_type_history_count+cheng_log_resolution_scaled+lr04_lr04_scaled_lag,True,3150,93,1,-412.0469760607441,-408.6822531511724,3.3647229095716966,0.0010681660030386337,0.0015410377954300225,0.05219644145811367,6.729445819143393,0.009483405915812166,-4.724355953090935,93.00002251148582,93.00000400806977,0.6773197911134935,True,True,0.013818677191612014
single_driver_given_y_history,strong_monsoon_start,Strong monsoon starts,co2,CO2,6.8,same_type_history_count+cheng_log_resolution_scaled,same_type_history_count+cheng_log_resolution_scaled+co2_co2_scaled_lag,True,3150,93,1,-412.0469760607441,-406.3581082434859,5.688867817258199,0.0018059897832565712,0.0026054925042003894,0.08825055256162609,11.377735634516398,0.0007432967328808783,-9.37264576846394,93.00002251148582,92.99999741365714,0.8919789549646425,True,True,0.0012228430121588643
single_driver_given_y_history,strong_monsoon_start,Strong monsoon starts,pre_phase,Precession phase,6.8,same_type_history_count+cheng_log_resolution_scaled,same_type_history_count+cheng_log_resolution_scaled+pre_phase_pre_phase_sin_lag+pre_phase_pre_phase_cos_lag,True,3150,93,2,-412.0469760607441,-404.123914420378,7.923061640366086,0.002515257663608281,0.0036287497578456284,0.12290926599154547,15.846123280732172,0.00036229142072786,-11.834668046167963,93.00002251148582,92.99998296964827,0.7280674683422546,True,True,0.00039741442300679573
single_driver_given_y_history,strong_monsoon_start,Strong monsoon starts,lr04,LR04,7.0,same_type_history_count+cheng_log_resolution_scaled,same_type_history_count+cheng_log_resolution_scaled+lr04_lr04_scaled_lag,True,3150,93,1,-412.0469760607441,-408.8718322234969,3.1751438372472194,0.0010079821705546727,0.0014542108787637198,0.04925552976457761,6.350287674494439,0.011736226501445896,-4.345197808441981,93.00002251148582,92.99999762096323,0.6646816632009322,True,True,0.016626320877048354
single_driver_given_y_history,strong_monsoon_start,Strong monsoon starts,co2,CO2,7.0,same_type_history_count+cheng_log_resolution_scaled,same_type_history_count+cheng_log_resolution_scaled+co2_co2_scaled_lag,True,3150,93,1,-412.0469760607441,-406.42814841714517,5.618827643598934,0.001783754807491725,0.002573414214930159,0.08716402986053765,11.237655287197867,0.0008015435102799044,-9.23256542114541,93.00002251148582,92.99994564860665,0.8662866385892669,True,True,0.0012774599695085976
single_driver_given_y_history,strong_monsoon_start,Strong monsoon starts,pre_phase,Precession phase,7.0,same_type_history_count+cheng_log_resolution_scaled,same_type_history_count+cheng_log_resolution_scaled+pre_phase_pre_phase_sin_lag+pre_phase_pre_phase_cos_lag,True,3150,93,2,-412.0469760607441,-404.11133954422746,7.935636516516638,0.0025192496877830596,0.00363450903132569,0.12310433815780562,15.871273033033276,0.0003577641754130468,-11.859817798469066,93.00002251148582,92.99999278589965,0.7281819061430281,True,True,0.00039741442300679573
single_driver_given_y_history,strong_monsoon_start,Strong monsoon starts,lr04,LR04,7.2,same_type_history_count+cheng_log_resolution_scaled,same_type_history_count+cheng_log_resolution_scaled+lr04_lr04_scaled_lag,True,3150,93,1,-412.0469760607441,-409.10068664171513,2.9462894190289717,0.0009353299742949116,0.0013493959155100707,0.045705345525341105,5.892578838057943,0.015204818500277084,-3.8874889720054853,93.00002251148582,93.00000789079223,0.6495112948415059,True,True,0.020957993067949494
single_driver_given_y_history,strong_monsoon_start,Strong monsoon starts,co2,CO2,7.2,same_type_history_count+cheng_log_resolution_scaled,same_type_history_count+cheng_log_resolution_scaled+co2_co2_scaled_lag,True,3150,93,1,-412.0469760607441,-406.73367870663685,5.313297354107249,0.001686761064795952,0.0024334818233457075,0.0824243843391288,10.626594708214498,0.0011147279669759295,-8.62150484216204,93.00002251148582,92.99996061452043,0.8344152939573439,True,True,0.0015791979532159002
single_driver_given_y_history,strong_monsoon_start,Strong monsoon starts,pre_phase,Precession phase,7.2,same_type_history_count+cheng_log_resolution_scaled,same_type_history_count+cheng_log_resolution_scaled+pre_phase_pre_phase_sin_lag+pre_phase_pre_phase_cos_lag,True,3150,93,2,-412.0469760607441,-404.0984424779758,7.9485335827682775,0.002523343994529612,0.0036404158673648186,0.12330440841074386,15.897067165536555,0.00035317969386760027,-11.885611930972345,93.00002251148582,92.99998511145239,0.7282892625748879,True,True,0.00039741442300679573
single_driver_given_y_history,strong_monsoon_start,Strong monsoon starts,lr04,LR04,7.4,same_type_history_count+cheng_log_resolution_scaled,same_type_history_count+cheng_log_resolution_scaled+lr04_lr04_scaled_lag,True,3150,93,1,-412.0469760607441,-409.31773464686955,2.729241413874547,0.0008664258456744594,0.001249988270852569,0.04233831239984508,5.458482827749094,0.019473548055108897,-3.453392961696636,93.00002251148582,93.00000618347903,0.6349112212514446,True,True,0.026135551337119835
single_driver_given_y_history,strong_monsoon_start,Strong monsoon starts,co2,CO2,7.4,same_type_history_count+cheng_log_resolution_scaled,same_type_history_count+cheng_log_resolution_scaled+co2_co2_scaled_lag,True,3150,93,1,-412.0469760607441,-406.8204683857551,5.226507674989023,0.0016592087857108008,0.0023937322869443715,0.08107802907392225,10.453015349978045,0.0012244940361754897,-8.447925483925587,93.00002251148582,92.99997444700001,0.8632049808027347,True,True,0.001687816103917567
single_driver_given_y_history,strong_monsoon_start,Strong monsoon starts,pre_phase,Precession phase,7.4,same_type_history_count+cheng_log_resolution_scaled,same_type_history_count+cheng_log_resolution_scaled+pre_phase_pre_phase_sin_lag+pre_phase_pre_phase_cos_lag,True,3150,93,2,-412.0469760607441,-404.08497262192145,7.962003438822649,0.002527620139308777,0.0036465850402318443,0.1235133642659173,15.924006877645297,0.00034845431079120044,-11.912551643081088,93.00002251148582,92.99997148601284,0.7283964948352912,True,True,0.00039741442300679573
single_driver_given_y_history,strong_monsoon_start,Strong monsoon starts,lr04,LR04,7.6,same_type_history_count+cheng_log_resolution_scaled,same_type_history_count+cheng_log_resolution_scaled+lr04_lr04_scaled_lag,True,3150,93,1,-412.0469760607441,-409.5213412367583,2.525634823985797,0.0008017888330113642,0.0011567367732256443,0.03917979393183634,5.051269647971594,0.02460790030535675,-3.046179781919136,93.00002251148582,93.00000794121249,0.6210155859416577,True,True,0.03217956193777421
single_driver_given_y_history,strong_monsoon_start,Strong monsoon starts,co2,CO2,7.6,same_type_history_count+cheng_log_resolution_scaled,same_type_history_count+cheng_log_resolution_scaled+co2_co2_scaled_lag,True,3150,93,1,-412.0469760607441,-407.1518855390397,4.89509052170439,0.0015539969910172665,0.0022419437524969815,0.07593680452005905,9.79018104340878,0.0017544618821177603,-7.785091177356321,93.00002251148582,92.99998355537338,0.8702240690063381,True,True,0.0022942963073847634
single_driver_given_y_history,strong_monsoon_start,Strong monsoon starts,pre_phase,Precession phase,7.6,same_type_history_count+cheng_log_resolution_scaled,same_type_history_count+cheng_log_resolution_scaled+pre_phase_pre_phase_sin_lag+pre_phase_pre_phase_cos_lag,True,3150,93,2,-412.0469760607441,-404.07176741657634,7.975208644167765,0.0025318122679897667,0.003652633003490676,0.1237182146343616,15.95041728833553,0.0003438831480605222,-11.93896205377132,93.00002251148582,93.00000834580925,0.7284832159293086,True,True,0.00039741442300679573
single_driver_given_y_history,strong_monsoon_start,Strong monsoon starts,lr04,LR04,7.8,same_type_history_count+cheng_log_resolution_scaled,same_type_history_count+cheng_log_resolution_scaled+lr04_lr04_scaled_lag,True,3150,93,1,-412.0469760607441,-409.7316579552943,2.315318105449819,0.0007350216207777203,0.0010604120472421856,0.035917182245299835,4.630636210899638,0.03140591583155738,-2.62554634484718,93.00002251148582,92.99999711925105,0.6071267412452226,True,True,0.04004254268523565
single_driver_given_y_history,strong_monsoon_start,Strong monsoon starts,co2,CO2,7.8,same_type_history_count+cheng_log_resolution_scaled,same_type_history_count+cheng_log_resolution_scaled+co2_co2_scaled_lag,True,3150,93,1,-412.0469760607441,-407.3708209761237,4.6761550846204045,0.0014844936776572714,0.0021416716669871647,0.07254049194633945,9.352310169240809,0.002227045742228321,-7.347220303188351,93.00002251148582,93.00000159780049,0.8540017341099542,True,True,0.0028394833213411094
single_driver_given_y_history,strong_monsoon_start,Strong monsoon starts,pre_phase,Precession phase,7.8,same_type_history_count+cheng_log_resolution_scaled,same_type_history_count+cheng_log_resolution_scaled+pre_phase_pre_phase_sin_lag+pre_phase_pre_phase_cos_lag,True,3150,93,2,-412.0469760607441,-404.05758392287754,7.9893921378665596,0.0025363149644020825,0.0036591290212753523,0.12393824104319741,15.978784275733119,0.0003390401103838899,-11.96732904116891,93.00002251148582,92.99996699924742,0.72858141666506,True,True,0.00039741442300679573
single_driver_given_y_history,strong_monsoon_start,Strong monsoon starts,lr04,LR04,8.0,same_type_history_count+cheng_log_resolution_scaled,same_type_history_count+cheng_log_resolution_scaled+lr04_lr04_scaled_lag,True,3150,93,1,-412.0469760607441,-409.9360407946041,2.110935266140018,0.0006701381797269898,0.0009668050286024851,0.03274662193653578,4.221870532280036,0.0399061451496795,-2.216780666227578,93.00002251148582,93.00000809218889,0.5954427363042837,True,True,0.04963935128374767
single_driver_given_y_history,strong_monsoon_start,Strong monsoon starts,co2,CO2,8.0,same_type_history_count+cheng_log_resolution_scaled,same_type_history_count+cheng_log_resolution_scaled+co2_co2_scaled_lag,True,3150,93,1,-412.0469760607441,-407.6216429696657,4.425333091078414,0.0014048676479614013,0.002026795588819256,0.06864952800839416,8.850666182156829,0.002929819372835262,-6.845576316104371,93.00002251148582,92.9999943601389,0.8376377827532704,True,True,0.0036444094637706915
single_driver_given_y_history,strong_monsoon_start,Strong monsoon starts,pre_phase,Precession phase,8.0,same_type_history_count+cheng_log_resolution_scaled,same_type_history_count+cheng_log_resolution_scaled+pre_phase_pre_phase_sin_lag+pre_phase_pre_phase_cos_lag,True,3150,93,2,-412.0469760607441,-404.0450911885863,8.001884872157802,0.0025402809117961275,0.003664850673913168,0.12413203895512344,16.003769744315605,0.0003348309192672292,-11.992314509751395,93.00002251148582,92.99992773916355,0.7286311692164557,True,True,0.00039741442300679573
single_driver_given_y_history,strong_monsoon_start,Strong monsoon starts,lr04,LR04,8.2,same_type_history_count+cheng_log_resolution_scaled,same_type_history_count+cheng_log_resolution_scaled+lr04_lr04_scaled_lag,True,3150,93,1,-412.0469760607441,-410.1681792392534,1.8787968214907096,0.0005964434353938761,0.0008604859864135219,0.02914549308819993,3.757593642981419,0.05256818056131899,-1.752503776928961,93.00002251148582,92.99999769388245,0.5842732518113377,True,True,0.06383279068160162
single_driver_given_y_history,strong_monsoon_start,Strong monsoon starts,co2,CO2,8.2,same_type_history_count+cheng_log_resolution_scaled,same_type_history_count+cheng_log_resolution_scaled+co2_co2_scaled_lag,True,3150,93,1,-412.0469760607441,-408.0944848803064,3.9524911804376757,0.0012547591049008493,0.0018102347381507302,0.061314402421234405,7.904982360875351,0.004929882231262208,-5.899892494822893,93.00002251148582,92.99999804206371,0.7953249170680109,True,True,0.005986285566532682
single_driver_given_y_history,strong_monsoon_start,Strong monsoon starts,pre_phase,Precession phase,8.2,same_type_history_count+cheng_log_resolution_scaled,same_type_history_count+cheng_log_resolution_scaled+pre_phase_pre_phase_sin_lag+pre_phase_pre_phase_cos_lag,True,3150,93,2,-412.0469760607441,-404.0318413707852,8.015134689958927,0.002544487203161564,0.0036709190696066173,0.12433758138990154,16.030269379917854,0.000330423732281148,-12.018814145353645,93.00002251148582,93.00006291118802,0.7286767846836637,True,True,0.00039741442300679573
single_driver_given_y_history,strong_monsoon_start,Strong monsoon starts,lr04,LR04,8.4,same_type_history_count+cheng_log_resolution_scaled,same_type_history_count+cheng_log_resolution_scaled+lr04_lr04_scaled_lag,True,3150,93,1,-412.0469760607441,-410.4309944895389,1.615981571205225,0.0005130100226048333,0.000740117015538328,0.025068479558556272,3.23196314241045,0.0722140731043727,-1.226873276357992,93.00002251148582,93.00000114633153,0.5713646067987369,True,True,0.0856492494958839
single_driver_given_y_history,strong_monsoon_start,Strong monsoon starts,co2,CO2,8.4,same_type_history_count+cheng_log_resolution_scaled,same_type_history_count+cheng_log_resolution_scaled+co2_co2_scaled_lag,True,3150,93,1,-412.0469760607441,-408.54688263666435,3.5000934240797505,0.0011111407695491272,0.0016030372779580724,0.05429642393083794,7.000186848159501,0.008150120855175793,-4.995096982107043,93.00002251148582,92.99999647617136,0.7692130248373729,True,True,0.009666422409627104
single_driver_given_y_history,strong_monsoon_start,Strong monsoon starts,pre_phase,Precession phase,8.4,same_type_history_count+cheng_log_resolution_scaled,same_type_history_count+cheng_log_resolution_scaled+pre_phase_pre_phase_sin_lag+pre_phase_pre_phase_cos_lag,True,3150,93,2,-412.0469760607441,-404.01901250708516,8.027963553658935,0.0025485598583044238,0.0036767946689844717,0.12453659362689339,16.05592710731787,0.0003262118458805153,-12.044471872753661,93.00002251148582,92.9999977840309,0.7287035979214384,True,True,0.00039741442300679573
single_driver_given_y_history,strong_monsoon_start,Strong monsoon starts,lr04,LR04,8.6,same_type_history_count+cheng_log_resolution_scaled,same_type_history_count+cheng_log_resolution_scaled+lr04_lr04_scaled_lag,True,3150,93,1,-412.0469760607441,-410.6855849282359,1.3613911325081745,0.00043218766111370615,0.0006235149954221438,0.021119056296556485,2.722782265016349,0.09892544332446868,-0.7176923989638908,93.00002251148582,92.99999736050519,0.5580990657372232,True,True,0.11466358203517961
single_driver_given_y_history,strong_monsoon_start,Strong monsoon starts,co2,CO2,8.6,same_type_history_count+cheng_log_resolution_scaled,same_type_history_count+cheng_log_resolution_scaled+co2_co2_scaled_lag,True,3150,93,1,-412.0469760607441,-408.8922105168051,3.1547655439389928,0.0010015128710917436,0.0014448776525105263,0.0489394043592275,6.3095310878779856,0.01200905970217245,-4.3044412218255275,93.00002251148582,92.99999439380721,0.7650328613432862,True,True,0.013919591927518066
single_driver_given_y_history,strong_monsoon_start,Strong monsoon starts,pre_phase,Precession phase,8.6,same_type_history_count+cheng_log_resolution_scaled,same_type_history_count+cheng_log_resolution_scaled+pre_phase_pre_phase_sin_lag+pre_phase_pre_phase_cos_lag,True,3150,93,2,-412.0469760607441,-404.0075756332872,8.039400427456883,0.002552190611891074,0.0036820327391786215,0.12471401213346944,16.078800854913766,0.0003225022556604679,-12.067345620349556,93.00002251148582,92.99999653091656,0.7286915060672846,True,True,0.00039741442300679573
single_driver_given_y_history,strong_monsoon_start,Strong monsoon starts,lr04,LR04,8.8,same_type_history_count+cheng_log_resolution_scaled,same_type_history_count+cheng_log_resolution_scaled+lr04_lr04_scaled_lag,True,3150,93,1,-412.0469760607441,-410.9334707332505,1.1135053274936126,0.000353493754759877,0.000509983686977294,0.01727364101052125,2.2270106549872253,0.1356160071841912,-0.2219207889347672,93.00002251148582,93.00001620054539,0.5454669561775247,True,True,0.1536981414754167
single_driver_given_y_history,strong_monsoon_start,Strong monsoon starts,co2,CO2,8.8,same_type_history_count+cheng_log_resolution_scaled,same_type_history_count+cheng_log_resolution_scaled+co2_co2_scaled_lag,True,3150,93,1,-412.0469760607441,-409.0786225327051,2.9683535280390174,0.0009423344533457198,0.0013595012427006824,0.04604762273663601,5.936707056078035,0.014828698579240289,-3.9316171900255767,93.00002251148582,93.00000046492372,0.7494384594014453,True,True,0.01680585838980566
single_driver_given_y_history,strong_monsoon_start,Strong monsoon starts,pre_phase,Precession phase,8.8,same_type_history_count+cheng_log_resolution_scaled,same_type_history_count+cheng_log_resolution_scaled+pre_phase_pre_phase_sin_lag+pre_phase_pre_phase_cos_lag,True,3150,93,2,-412.0469760607441,-403.9971158146741,8.049860246070011,0.002555511189228575,0.0036868233196363223,0.12487627372961738,16.099720492140023,0.0003191465213452979,-12.088265257575813,93.00002251148582,92.99999942219787,0.7286450207979233,True,True,0.00039741442300679573
single_driver_given_y_history,strong_monsoon_start,Strong monsoon starts,lr04,LR04,9.0,same_type_history_count+cheng_log_resolution_scaled,same_type_history_count+cheng_log_resolution_scaled+lr04_lr04_scaled_lag,True,3150,93,1,-412.0469760607441,-411.1773632003818,0.869612860362281,0.00027606757471818446,0.00039828132099616807,0.013490173775676661,1.739225720724562,0.18723696294907163,0.26586414532789604,93.00002251148582,93.00000430146069,0.5451860966566543,True,True,0.20758880674788377
single_driver_given_y_history,strong_monsoon_start,Strong monsoon starts,co2,CO2,9.0,same_type_history_count+cheng_log_resolution_scaled,same_type_history_count+cheng_log_resolution_scaled+co2_co2_scaled_lag,True,3150,93,1,-412.0469760607441,-409.33858410838917,2.70839195235493,0.000859806969001565,0.0012404392503003285,0.04201487783275307,5.41678390470986,0.0199440640787996,-3.4116940386574015,93.00002251148582,93.00000462994535,0.7290738008968011,True,True,0.022111897130843036
single_driver_given_y_history,strong_monsoon_start,Strong monsoon starts,pre_phase,Precession phase,9.0,same_type_history_count+cheng_log_resolution_scaled,same_type_history_count+cheng_log_resolution_scaled+pre_phase_pre_phase_sin_lag+pre_phase_pre_phase_cos_lag,True,3150,93,2,-412.0469760607441,-403.9880328889902,8.058943171753924,0.0025583946576996585,0.0036909832853001144,0.12501717579242325,16.11788634350785,0.00031626086216236186,-12.106431108943639,93.00002251148582,93.00000822215583,0.7285609248287913,True,True,0.00039741442300679573
single_driver_given_y_history,strong_monsoon_start,Strong monsoon starts,lr04,LR04,9.2,same_type_history_count+cheng_log_resolution_scaled,same_type_history_count+cheng_log_resolution_scaled+lr04_lr04_scaled_lag,True,3150,93,1,-412.0469760607441,-411.3879040442845,0.6590720164596178,0.00020922921157448182,0.00030185394594761265,0.010224085265967525,1.3181440329192355,0.25092541054045886,0.6869458331332225,93.00002251148582,92.99998486837646,0.5413587887589764,True,True,0.2722807646290085
single_driver_given_y_history,strong_monsoon_start,Strong monsoon starts,co2,CO2,9.2,same_type_history_count+cheng_log_resolution_scaled,same_type_history_count+cheng_log_resolution_scaled+co2_co2_scaled_lag,True,3150,93,1,-412.0469760607441,-409.3913029998973,2.655673060846823,0.0008430708129672454,0.0012162940809860717,0.041197057581786295,5.311346121693646,0.021186979807887703,-3.3062562556411876,93.00002251148582,92.99999636189781,0.71182332094295,True,True,0.022990127025580273
single_driver_given_y_history,strong_monsoon_start,Strong monsoon starts,pre_phase,Precession phase,9.2,same_type_history_count+cheng_log_resolution_scaled,same_type_history_count+cheng_log_resolution_scaled+pre_phase_pre_phase_sin_lag+pre_phase_pre_phase_cos_lag,True,3150,93,2,-412.0469760607441,-403.98026454153296,8.06671151921114,0.002560860799749568,0.003694541176205647,0.12513768500051387,16.13342303842228,0.00031381355596772506,-12.12196780385807,93.00002251148582,93.00001197560331,0.7284380055657906,True,True,0.00039741442300679573
single_driver_given_y_history,strong_monsoon_start,Strong monsoon starts,lr04,LR04,9.4,same_type_history_count+cheng_log_resolution_scaled,same_type_history_count+cheng_log_resolution_scaled+lr04_lr04_scaled_lag,True,3150,93,1,-412.0469760607441,-411.54700544491834,0.4999706158257595,0.00015872083042087605,0.000228985754933976,0.007755969118731445,0.999941231651519,0.3173247285006336,1.005148634400939,93.00002251148582,92.99993218946298,0.5392909527328148,True,True,0.3371575240319232
single_driver_given_y_history,strong_monsoon_start,Strong monsoon starts,co2,CO2,9.4,same_type_history_count+cheng_log_resolution_scaled,same_type_history_count+cheng_log_resolution_scaled+co2_co2_scaled_lag,True,3150,93,1,-412.0469760607441,-409.44344606467996,2.6035299960641396,0.0008265174590679808,0.0011924126394055228,0.04038817004438061,5.207059992128279,0.022495343421827164,-3.201970126075821,93.00002251148582,93.00000333038383,0.6977680674207362,True,True,0.023901302385691364
single_driver_given_y_history,strong_monsoon_start,Strong monsoon starts,pre_phase,Precession phase,9.4,same_type_history_count+cheng_log_resolution_scaled,same_type_history_count+cheng_log_resolution_scaled+pre_phase_pre_phase_sin_lag+pre_phase_pre_phase_cos_lag,True,3150,93,2,-412.0469760607441,-403.9735604319098,8.073415628834312,0.002562989088518829,0.003697611647858639,0.12524168484682488,16.146831257668623,0.0003117167519427146,-12.135376023104413,93.00002251148582,92.99998343503208,0.7282830490328748,True,True,0.00039741442300679573
single_driver_given_y_history,strong_monsoon_start,Strong monsoon starts,lr04,LR04,9.6,same_type_history_count+cheng_log_resolution_scaled,same_type_history_count+cheng_log_resolution_scaled+lr04_lr04_scaled_lag,True,3150,93,1,-412.0469760607441,-411.676123392895,0.37085266784907844,0.00011773100566637411,0.0001698499380337484,0.005752981772110833,0.7417053356981569,0.38911514534531855,1.2633845303543012,93.00002251148582,92.99989478668532,0.5393328343351034,True,True,0.4049973961757397
single_driver_given_y_history,strong_monsoon_start,Strong monsoon starts,co2,CO2,9.6,same_type_history_count+cheng_log_resolution_scaled,same_type_history_count+cheng_log_resolution_scaled+co2_co2_scaled_lag,True,3150,93,1,-412.0469760607441,-409.6536114980395,2.393364562704619,0.0007597982738744822,0.00109615720179471,0.037127905222078886,4.786729125409238,0.02867983928890767,-2.78163925935678,93.00002251148582,92.9999968731036,0.6690989349302258,True,True,0.029850444974169207
single_driver_given_y_history,strong_monsoon_start,Strong monsoon starts,pre_phase,Precession phase,9.6,same_type_history_count+cheng_log_resolution_scaled,same_type_history_count+cheng_log_resolution_scaled+pre_phase_pre_phase_sin_lag+pre_phase_pre_phase_cos_lag,True,3150,93,2,-412.0469760607441,-403.96740447672903,8.07957158401507,0.0025649433600047843,0.0037004310656399775,0.12533718125554763,16.15914316803014,0.00030980373186287866,-12.147687933465932,93.00002251148582,92.99999121429244,0.7281029651239205,True,True,0.00039741442300679573
single_driver_given_y_history,strong_monsoon_start,Strong monsoon starts,lr04,LR04,9.8,same_type_history_count+cheng_log_resolution_scaled,same_type_history_count+cheng_log_resolution_scaled+lr04_lr04_scaled_lag,True,3150,93,1,-412.0469760607441,-411.7793247748657,0.2676512858784008,8.49686621836193e-05,0.0001225838675632772,0.004152034223917453,0.5353025717568016,0.4643860396727377,1.4697872942956565,93.00002251148582,92.99987867054989,0.5387812421930182,True,True,0.4736737604661925
single_driver_given_y_history,strong_monsoon_start,Strong monsoon starts,co2,CO2,9.8,same_type_history_count+cheng_log_resolution_scaled,same_type_history_count+cheng_log_resolution_scaled+co2_co2_scaled_lag,True,3150,93,1,-412.0469760607441,-409.85594214362465,2.191033917119455,0.0006955663228950651,0.001003490084650082,0.03398918028653503,4.38206783423891,0.036318910678946506,-2.376977968186452,93.00002251148582,92.99999945842265,0.6545987602826235,True,True,0.03704528889252543
single_driver_given_y_history,strong_monsoon_start,Strong monsoon starts,pre_phase,Precession phase,9.8,same_type_history_count+cheng_log_resolution_scaled,same_type_history_count+cheng_log_resolution_scaled+pre_phase_pre_phase_sin_lag+pre_phase_pre_phase_cos_lag,True,3150,93,2,-412.0469760607441,-403.9621768067898,8.084799253954316,0.002566602937763275,0.0037028253302421213,0.1254182773146525,16.16959850790863,0.00030818840608047565,-12.158143273344422,93.00002251148582,93.0000097866025,0.7278950681993476,True,True,0.00039741442300679573
single_driver_given_y_history,strong_monsoon_start,Strong monsoon starts,lr04,LR04,10.0,same_type_history_count+cheng_log_resolution_scaled,same_type_history_count+cheng_log_resolution_scaled+lr04_lr04_scaled_lag,True,3150,93,1,-412.0469760607441,-411.84714402896407,0.1998320317800335,6.343874024762968e-05,9.152275595549843e-05,0.003099964314621721,0.399664063560067,0.5272627994174912,1.605425802492391,93.00002251148582,92.99988403240951,0.5380921011887194,True,True,0.5272627994174912
single_driver_given_y_history,strong_monsoon_start,Strong monsoon starts,co2,CO2,10.0,same_type_history_count+cheng_log_resolution_scaled,same_type_history_count+cheng_log_resolution_scaled+co2_co2_scaled_lag,True,3150,93,1,-412.0469760607441,-409.9236946772978,2.123281383446283,0.0006740575820464391,0.0009724595308920034,0.03293814540118076,4.246562766892566,0.039329856610951966,-2.241472900840108,93.00002251148582,92.99999894870082,0.6539163701847935,True,True,0.039329856610951966
single_driver_given_y_history,strong_monsoon_start,Strong monsoon starts,pre_phase,Precession phase,10.0,same_type_history_count+cheng_log_resolution_scaled,same_type_history_count+cheng_log_resolution_scaled+pre_phase_pre_phase_sin_lag+pre_phase_pre_phase_cos_lag,True,3150,93,2,-412.0469760607441,-403.95776428626993,8.089211774474165,0.0025680037379283063,0.003704846257693489,0.12548672808316658,16.17842354894833,0.0003068315142727325,-12.166968314384121,93.00002251148582,93.00000798007937,0.7276321906015765,True,True,0.00039741442300679573
single_driver_given_y_history,weak_monsoon_start,Weak monsoon starts,lr04,LR04,0.0,same_type_history_count+cheng_log_resolution_scaled,same_type_history_count+cheng_log_resolution_scaled+lr04_lr04_scaled_lag,True,3150,97,1,-428.39599408427057,-420.91889271070147,7.4771013735690985,0.0023736829757362216,0.003424500657737205,0.11120801105022882,14.954202747138197,0.00011015243123216651,-12.949112881085739,97.00000073042789,96.99999278581728,0.8263354627884659,True,True,0.004027080544849208
single_driver_given_y_history,weak_monsoon_start,Weak monsoon starts,co2,CO2,0.0,same_type_history_count+cheng_log_resolution_scaled,same_type_history_count+cheng_log_resolution_scaled+co2_co2_scaled_lag,True,3150,97,1,-428.39599408427057,-417.77898186385846,10.617012220412107,0.0033704800699720975,0.004862574882363832,0.15790835958191823,21.234024440824214,4.064842167629538e-06,-19.228934574771756,97.00000073042789,96.99998693627897,0.9717669526142965,True,True,6.082724372344096e-05
single_driver_given_y_history,weak_monsoon_start,Weak monsoon starts,pre_phase,Precession phase,0.0,same_type_history_count+cheng_log_resolution_scaled,same_type_history_count+cheng_log_resolution_scaled+pre_phase_pre_phase_sin_lag+pre_phase_pre_phase_cos_lag,True,3150,97,2,-428.39599408427057,-423.79806944800384,4.597924636266725,0.0014596586146878494,0.0021058422448010147,0.06838559867137316,9.19584927253345,0.010072718622278837,-5.184394037969241,97.00000073042789,97.00007127816404,0.5001373039180629,True,True,0.052075523965639504
single_driver_given_y_history,weak_monsoon_start,Weak monsoon starts,lr04,LR04,0.2,same_type_history_count+cheng_log_resolution_scaled,same_type_history_count+cheng_log_resolution_scaled+lr04_lr04_scaled_lag,True,3150,97,1,-428.39599408427057,-421.29291920373464,7.103074880535928,0.002254944406519342,0.0032531971127657618,0.10564506087847578,14.206149761071856,0.00016383419939479613,-12.201059895019398,97.00000073042789,97.00000143014137,0.7986786627080701,True,True,0.004027080544849208
single_driver_given_y_history,weak_monsoon_start,Weak monsoon starts,co2,CO2,0.2,same_type_history_count+cheng_log_resolution_scaled,same_type_history_count+cheng_log_resolution_scaled+co2_co2_scaled_lag,True,3150,97,1,-428.39599408427057,-418.32047589469676,10.075518189573813,0.0031985772030393056,0.004614571468725298,0.1498546404792236,20.151036379147627,7.1561463204048185e-06,-18.14594651309517,97.00000073042789,97.0001996672421,0.9033172293234584,True,True,6.082724372344096e-05
single_driver_given_y_history,weak_monsoon_start,Weak monsoon starts,pre_phase,Precession phase,0.2,same_type_history_count+cheng_log_resolution_scaled,same_type_history_count+cheng_log_resolution_scaled+pre_phase_pre_phase_sin_lag+pre_phase_pre_phase_cos_lag,True,3150,97,2,-428.39599408427057,-423.8228718163663,4.573122267904296,0.0014517848469537448,0.0020944827991379103,0.06801670945654038,9.146244535808592,0.010325669827508805,-5.134789301244382,97.00000073042789,97.00000293386853,0.4993116434228841,True,True,0.052075523965639504
single_driver_given_y_history,weak_monsoon_start,Weak monsoon starts,lr04,LR04,0.4,same_type_history_count+cheng_log_resolution_scaled,same_type_history_count+cheng_log_resolution_scaled+lr04_lr04_scaled_lag,True,3150,97,1,-428.39599408427057,-421.63937763628326,6.756616447987312,0.002144957602535655,0.0030945196960952695,0.10049213446082576,13.513232895974625,0.0002368870908734828,-11.508143029922167,97.00000073042789,96.99999700989571,0.7789510214547535,True,True,0.004027080544849208
single_driver_given_y_history,weak_monsoon_start,Weak monsoon starts,co2,CO2,0.4,same_type_history_count+cheng_log_resolution_scaled,same_type_history_count+cheng_log_resolution_scaled+co2_co2_scaled_lag,True,3150,97,1,-428.39599408427057,-418.17257892640197,10.223415157868601,0.0032455286215455877,0.004682308047367013,0.15205433349697,20.446830315737202,6.131101246162327e-06,-18.441740449684744,97.00000073042789,97.00000041250303,0.9055807167249065,True,True,6.082724372344096e-05
single_driver_given_y_history,weak_monsoon_start,Weak monsoon starts,pre_phase,Precession phase,0.4,same_type_history_count+cheng_log_resolution_scaled,same_type_history_count+cheng_log_resolution_scaled+pre_phase_pre_phase_sin_lag+pre_phase_pre_phase_cos_lag,True,3150,97,2,-428.39599408427057,-423.8478161917757,4.548177892494891,0.0014438659976174259,0.002083058314470856,0.06764570815034224,9.096355784989782,0.010586476518887354,-5.084900550425573,97.00000073042789,96.99997710269196,0.498451781402071,True,True,0.052075523965639504
single_driver_given_y_history,weak_monsoon_start,Weak monsoon starts,lr04,LR04,0.6,same_type_history_count+cheng_log_resolution_scaled,same_type_history_count+cheng_log_resolution_scaled+lr04_lr04_scaled_lag,True,3150,97,1,-428.39599408427057,-421.94723209314657,6.448761991124002,0.0020472260289282544,0.002953522839513598,0.09591337056152406,12.897523982248003,0.0003290171029927852,-10.892434116195545,97.00000073042789,96.99999668278588,0.7607638274127074,True,True,0.004194968063158011
single_driver_given_y_history,weak_monsoon_start,Weak monsoon starts,co2,CO2,0.6,same_type_history_count+cheng_log_resolution_scaled,same_type_history_count+cheng_log_resolution_scaled+co2_co2_scaled_lag,True,3150,97,1,-428.39599408427057,-417.8824730027249,10.513521081545662,0.003337625740173226,0.004815176103691269,0.15636912089306698,21.027042163091323,4.528464587802396e-06,-19.021952297038865,97.00000073042789,97.00000293792738,0.9375480264858784,True,True,6.082724372344096e-05
single_driver_given_y_history,weak_monsoon_start,Weak monsoon starts,pre_phase,Precession phase,0.6,same_type_history_count+cheng_log_resolution_scaled,same_type_history_count+cheng_log_resolution_scaled+pre_phase_pre_phase_sin_lag+pre_phase_pre_phase_cos_lag,True,3150,97,2,-428.39599408427057,-423.8759349713217,4.520059112948843,0.0014349394009361407,0.00207017995770675,0.06722749347192024,9.040118225897686,0.010888380005279984,-5.028662991333476,97.00000073042789,96.99998469655002,0.4974644287495588,True,True,0.052075523965639504
single_driver_given_y_history,weak_monsoon_start,Weak monsoon starts,lr04,LR04,0.8,same_type_history_count+cheng_log_resolution_scaled,same_type_history_count+cheng_log_resolution_scaled+lr04_lr04_scaled_lag,True,3150,97,1,-428.39599408427057,-422.32016428341586,6.075829800854706,0.0019288348574141923,0.0027827204834852265,0.09036669611318003,12.151659601709412,0.000490442036709935,-10.146569735656954,97.00000073042789,97.00001019251569,0.7389869410113608,True,True,0.005002508774441338
single_driver_given_y_history,weak_monsoon_start,Weak monsoon starts,co2,CO2,0.8,same_type_history_count+cheng_log_resolution_scaled,same_type_history_count+cheng_log_resolution_scaled+co2_co2_scaled_lag,True,3150,97,1,-428.39599408427057,-417.8200199339017,10.575974150368893,0.00335745211122822,0.0048437795108911335,0.15729799442584608,21.151948300737786,4.242697113508325e-06,-19.146858434685328,97.00000073042789,97.00000739331668,0.8971103441948326,True,True,6.082724372344096e-05
single_driver_given_y_history,weak_monsoon_start,Weak monsoon starts,pre_phase,Precession phase,0.8,same_type_history_count+cheng_log_resolution_scaled,same_type_history_count+cheng_log_resolution_scaled+pre_phase_pre_phase_sin_lag+pre_phase_pre_phase_cos_lag,True,3150,97,2,-428.39599408427057,-423.90655839059934,4.489435693671226,0.0014252176805305478,0.0020561544798886923,0.06677202692422042,8.978871387342451,0.011226977476799934,-4.967416152778242,97.00000073042789,96.9999904983544,0.49639286718341474,True,True,0.052075523965639504
single_driver_given_y_history,weak_monsoon_start,Weak monsoon starts,lr04,LR04,1.0,same_type_history_count+cheng_log_resolution_scaled,same_type_history_count+cheng_log_resolution_scaled+lr04_lr04_scaled_lag,True,3150,97,1,-428.39599408427057,-422.7105752614272,5.68541882284336,0.0018048948643947175,0.0026039128701882174,0.08456005712466891,11.37083764568672,0.0007460622462652921,-9.365747779634262,97.00000073042789,97.0000136174749,0.7162052761266788,True,True,0.006341529093254983
single_driver_given_y_history,weak_monsoon_start,Weak monsoon starts,co2,CO2,1.0,same_type_history_count+cheng_log_resolution_scaled,same_type_history_count+cheng_log_resolution_scaled+co2_co2_scaled_lag,True,3150,97,1,-428.39599408427057,-418.2168589223131,10.179135161957447,0.003231471479986491,0.00466202787895063,0.15139575070819056,20.358270323914894,6.421494891076472e-06,-18.353180457862436,97.00000073042789,97.00001860255333,0.8300249151498977,True,True,6.082724372344096e-05
single_driver_given_y_history,weak_monsoon_start,Weak monsoon starts,pre_phase,Precession phase,1.0,same_type_history_count+cheng_log_resolution_scaled,same_type_history_count+cheng_log_resolution_scaled+pre_phase_pre_phase_sin_lag+pre_phase_pre_phase_cos_lag,True,3150,97,2,-428.39599408427057,-423.9403860061462,4.455608078124385,0.0014144787549601222,0.0020406614852237636,0.06626890390159645,8.91121615624877,0.011613255960240397,-4.89976092168456,97.00000073042789,96.99999984092247,0.49524774885628137,True,True,0.052075523965639504
single_driver_given_y_history,weak_monsoon_start,Weak monsoon starts,lr04,LR04,1.2,same_type_history_count+cheng_log_resolution_scaled,same_type_history_count+cheng_log_resolution_scaled+lr04_lr04_scaled_lag,True,3150,97,1,-428.39599408427057,-423.0854659632443,5.310528121026266,0.0016858819431829417,0.002432213518954279,0.07898425345057711,10.621056242052532,0.0011180716483578138,-8.615966376000074,97.00000073042789,96.99997359721206,0.6883523321553983,True,True,0.008145950580892644
single_driver_given_y_history,weak_monsoon_start,Weak monsoon starts,co2,CO2,1.2,same_type_history_count+cheng_log_resolution_scaled,same_type_history_count+cheng_log_resolution_scaled+co2_co2_scaled_lag,True,3150,97,1,-428.39599408427057,-418.5715164456443,9.824477638626263,0.0031188817900400833,0.004499595291609722,0.14612087802650128,19.648955277252526,9.30541748219089e-06,-17.643865411200068,97.00000073042789,96.99998708708236,0.8536704079180006,True,True,6.779661308453363e-05
single_driver_given_y_history,weak_monsoon_start,Weak monsoon starts,pre_phase,Precession phase,1.2,same_type_history_count+cheng_log_resolution_scaled,same_type_history_count+cheng_log_resolution_scaled+pre_phase_pre_phase_sin_lag+pre_phase_pre_phase_cos_lag,True,3150,97,2,-428.39599408427057,-423.9766556120841,4.419338472186496,0.0014029645943449192,0.0020240500628042114,0.0657294608024048,8.838676944372992,0.012042195897879669,-4.827221709808782,97.00000073042789,96.99998112079334,0.49405064690946987,True,True,0.052075523965639504
single_driver_given_y_history,weak_monsoon_start,Weak monsoon starts,lr04,LR04,1.4,same_type_history_count+cheng_log_resolution_scaled,same_type_history_count+cheng_log_resolution_scaled+lr04_lr04_scaled_lag,True,3150,97,1,-428.39599408427057,-423.4570261614947,4.938967922775873,0.0015679263246907535,0.0022620395331106086,0.07345798483812802,9.877935845551747,0.0016727248415200303,-7.872845979499289,97.00000073042789,97.00007506678166,0.6561983996843845,True,True,0.010663620864690193
single_driver_given_y_history,weak_monsoon_start,Weak monsoon starts,co2,CO2,1.4,same_type_history_count+cheng_log_resolution_scaled,same_type_history_count+cheng_log_resolution_scaled+co2_co2_scaled_lag,True,3150,97,1,-428.39599408427057,-418.9279039504669,9.468090133803685,0.0030057428996202173,0.0043363703754693015,0.14082027507967318,18.93618026760737,1.3516482086525338e-05,-16.93109040155491,97.00000073042789,97.00021952341935,0.8688440326022004,True,True,8.616757330159903e-05
single_driver_given_y_history,weak_monsoon_start,Weak monsoon starts,pre_phase,Precession phase,1.4,same_type_history_count+cheng_log_resolution_scaled,same_type_history_count+cheng_log_resolution_scaled+pre_phase_pre_phase_sin_lag+pre_phase_pre_phase_cos_lag,True,3150,97,2,-428.39599408427057,-424.01599188798116,4.380002196289411,0.001390476887710924,0.00200603411037127,0.06514440667700518,8.760004392578821,0.012525331111792087,-4.748549158014612,97.00000073042789,96.99999271371648,0.49278671292205173,True,True,0.052075523965639504
single_driver_given_y_history,weak_monsoon_start,Weak monsoon starts,lr04,LR04,1.6,same_type_history_count+cheng_log_resolution_scaled,same_type_history_count+cheng_log_resolution_scaled+lr04_lr04_scaled_lag,True,3150,97,1,-428.39599408427057,-423.77203667816946,4.623957406101113,0.0014679229860638454,0.0021177652124012283,0.06877278782540072,9.247914812202225,0.0023576372678834052,-7.242824946149767,97.00000073042789,96.99999095385377,0.6371118977697099,True,True,0.013359944518005963
single_driver_given_y_history,weak_monsoon_start,Weak monsoon starts,co2,CO2,1.6,same_type_history_count+cheng_log_resolution_scaled,same_type_history_count+cheng_log_resolution_scaled+co2_co2_scaled_lag,True,3150,97,1,-428.39599408427057,-419.2330464455627,9.162947638707863,0.002908872266256464,0.004196615593107642,0.1362818465802997,18.325895277415725,1.8615946548939547e-05,-16.320805411363267,97.00000073042789,97.00001670821354,0.8291292354688533,True,True,0.00010549036377732411
single_driver_given_y_history,weak_monsoon_start,Weak monsoon starts,pre_phase,Precession phase,1.6,same_type_history_count+cheng_log_resolution_scaled,same_type_history_count+cheng_log_resolution_scaled+pre_phase_pre_phase_sin_lag+pre_phase_pre_phase_cos_lag,True,3150,97,2,-428.39599408427057,-424.0586724136326,4.337321670637948,0.0013769275144882374,0.0019864864968157465,0.06450961304092373,8.674643341275896,0.013071491119906718,-4.6631881067116865,97.00000073042789,96.99999210791026,0.4914517735233279,True,True,0.052075523965639504
single_driver_given_y_history,weak_monsoon_start,Weak monsoon starts,lr04,LR04,1.8,same_type_history_count+cheng_log_resolution_scaled,same_type_history_count+cheng_log_resolution_scaled+lr04_lr04_scaled_lag,True,3150,97,1,-428.39599408427057,-424.06434342662544,4.3316506576451275,0.001375127192903215,0.0019838891817930294,0.06442526724379426,8.663301315290255,0.003246825295327173,-6.658211449237797,97.00000073042789,96.99935322866466,0.6337827461938612,True,True,0.01655880900616858
single_driver_given_y_history,weak_monsoon_start,Weak monsoon starts,co2,CO2,1.8,same_type_history_count+cheng_log_resolution_scaled,same_type_history_count+cheng_log_resolution_scaled+co2_co2_scaled_lag,True,3150,97,1,-428.39599408427057,-419.86123669081803,8.534757393452537,0.002709446791572234,0.003908905449753775,0.1269386821311793,17.069514786905074,3.603614608325887e-05,-15.064424920852616,97.00000073042789,96.99998821190019,0.8373603384823869,True,True,0.00018378434502462024
single_driver_given_y_history,weak_monsoon_start,Weak monsoon starts,pre_phase,Precession phase,1.8,same_type_history_count+cheng_log_resolution_scaled,same_type_history_count+cheng_log_resolution_scaled+pre_phase_pre_phase_sin_lag+pre_phase_pre_phase_cos_lag,True,3150,97,2,-428.39599408427057,-424.0992129831814,4.296781101089152,0.0013640574924092548,0.0019679189797862664,0.06390664728171896,8.593562202178305,0.013612305201535368,-4.582106967614095,97.00000073042789,96.99998931834536,0.4901624262190381,True,True,0.052075523965639504
single_driver_given_y_history,weak_monsoon_start,Weak monsoon starts,lr04,LR04,2.0,same_type_history_count+cheng_log_resolution_scaled,same_type_history_count+cheng_log_resolution_scaled+lr04_lr04_scaled_lag,True,3150,97,1,-428.39599408427057,-424.41771475285736,3.978279331413205,0.0012629458194962555,0.0018220456706986958,0.05916952435774115,7.95655866282641,0.004791342837923343,-5.951468796773952,97.00000073042789,97.00000796860851,0.6181877873474049,True,True,0.022214407703099136
single_driver_given_y_history,weak_monsoon_start,Weak monsoon starts,co2,CO2,2.0,same_type_history_count+cheng_log_resolution_scaled,same_type_history_count+cheng_log_resolution_scaled+co2_co2_scaled_lag,True,3150,97,1,-428.39599408427057,-419.97926192278203,8.41673216148854,0.0026719784639646156,0.0038548500793238612,0.12518327577185734,16.83346432297708,4.0807330588813646e-05,-14.828374456924621,97.00000073042789,96.99999086056377,0.7849351571909599,True,True,0.00018919762363904508
single_driver_given_y_history,weak_monsoon_start,Weak monsoon starts,pre_phase,Precession phase,2.0,same_type_history_count+cheng_log_resolution_scaled,same_type_history_count+cheng_log_resolution_scaled+pre_phase_pre_phase_sin_lag+pre_phase_pre_phase_cos_lag,True,3150,97,2,-428.39599408427057,-424.13801581528037,4.2579782689902,0.001351739133012762,0.0019501473437730588,0.06332952714314573,8.5159565379804,0.014150882788059541,-4.504501303416191,97.00000073042789,96.99997476622161,0.48891416550496275,True,True,0.052075523965639504
single_driver_given_y_history,weak_monsoon_start,Weak monsoon starts,lr04,LR04,2.2,same_type_history_count+cheng_log_resolution_scaled,same_type_history_count+cheng_log_resolution_scaled+lr04_lr04_scaled_lag,True,3150,97,1,-428.39599408427057,-424.7655781290427,3.6304159552278747,0.0011525130016596429,0.0016627247920544205,0.05399570201001468,7.2608319104557495,0.007047463783954954,-5.255742044403291,97.00000073042789,96.99998825360908,0.5944809513844277,True,True,0.029951721081808557
single_driver_given_y_history,weak_monsoon_start,Weak monsoon starts,co2,CO2,2.2,same_type_history_count+cheng_log_resolution_scaled,same_type_history_count+cheng_log_resolution_scaled+co2_co2_scaled_lag,True,3150,97,1,-428.39599408427057,-420.37529376494,8.020700319330558,0.0025462540696287485,0.0036734681190967373,0.11929303685726518,16.041400638661116,6.197244034971917e-05,-14.036310772608658,97.00000073042789,96.99998820052267,0.8017604969887543,True,True,0.0002517328417114035
single_driver_given_y_history,weak_monsoon_start,Weak monsoon starts,pre_phase,Precession phase,2.2,same_type_history_count+cheng_log_resolution_scaled,same_type_history_count+cheng_log_resolution_scaled+pre_phase_pre_phase_sin_lag+pre_phase_pre_phase_cos_lag,True,3150,97,2,-428.39599408427057,-424.17773479929343,4.218259284977137,0.0013391299317387735,0.0019319561116255047,0.0627387809445396,8.436518569954274,0.014724252938233177,-4.425063335390064,97.00000073042789,96.999999526913,0.48764486464380213,True,True,0.052075523965639504
single_driver_given_y_history,weak_monsoon_start,Weak monsoon starts,lr04,LR04,2.4,same_type_history_count+cheng_log_resolution_scaled,same_type_history_count+cheng_log_resolution_scaled+lr04_lr04_scaled_lag,True,3150,97,1,-428.39599408427057,-425.06817204390745,3.3278220403631167,0.0010564514413851163,0.0015241372554263047,0.049495178913328455,6.655644080726233,0.009884223708755241,-4.650554214673775,97.00000073042789,96.99998922928184,0.5732121622939513,True,True,0.038776569934347485
single_driver_given_y_history,weak_monsoon_start,Weak monsoon starts,co2,CO2,2.4,same_type_history_count+cheng_log_resolution_scaled,same_type_history_count+cheng_log_resolution_scaled+co2_co2_scaled_lag,True,3150,97,1,-428.39599408427057,-420.73549727352,7.660496810750544,0.002431903749444617,0.003508495479243026,0.11393567793418073,15.320993621501088,9.070289651495525e-05,-13.31590375544863,97.00000073042789,96.99999009192723,0.7852725148275538,True,True,0.00031661026559831574
single_driver_given_y_history,weak_monsoon_start,Weak monsoon starts,pre_phase,Precession phase,2.4,same_type_history_count+cheng_log_resolution_scaled,same_type_history_count+cheng_log_resolution_scaled+pre_phase_pre_phase_sin_lag+pre_phase_pre_phase_cos_lag,True,3150,97,2,-428.39599408427057,-424.21719982770963,4.178794256560934,0.0013266013512891854,0.0019138811907415056,0.062151811864286005,8.357588513121868,0.015316964766939509,-4.346133278557659,97.00000073042789,97.0000228544814,0.48637717504786354,True,True,0.052075523965639504
single_driver_given_y_history,weak_monsoon_start,Weak monsoon starts,lr04,LR04,2.6,same_type_history_count+cheng_log_resolution_scaled,same_type_history_count+cheng_log_resolution_scaled+lr04_lr04_scaled_lag,True,3150,97,1,-428.39599408427057,-425.31946992210504,3.0765241621655264,0.0009766743371954051,0.0014090432228353264,0.04575758919516782,6.153048324331053,0.013118579655745394,-4.147958458278595,97.00000073042789,96.99998453666502,0.5546300310105843,True,True,0.04778911160307251
single_driver_given_y_history,weak_monsoon_start,Weak monsoon starts,co2,CO2,2.6,same_type_history_count+cheng_log_resolution_scaled,same_type_history_count+cheng_log_resolution_scaled+co2_co2_scaled_lag,True,3150,97,1,-428.39599408427057,-420.7956529310881,7.600341153182455,0.0024128067152960177,0.0034809442827811537,0.11304097413155292,15.20068230636491,9.666848643675394e-05,-13.195592440312453,97.00000073042789,97.00000537464012,0.8076731556971094,True,True,0.00031661026559831574
single_driver_given_y_history,weak_monsoon_start,Weak monsoon starts,pre_phase,Precession phase,2.6,same_type_history_count+cheng_log_resolution_scaled,same_type_history_count+cheng_log_resolution_scaled+pre_phase_pre_phase_sin_lag+pre_phase_pre_phase_cos_lag,True,3150,97,2,-428.39599408427057,-424.25627351950556,4.139720564765014,0.001314197004687306,0.0018959855014135062,0.06157066319023242,8.279441129530028,0.015927301531981776,-4.267985894965818,97.00000073042789,96.99993287756118,0.4851190278245026,True,True,0.052075523965639504
single_driver_given_y_history,weak_monsoon_start,Weak monsoon starts,lr04,LR04,2.8,same_type_history_count+cheng_log_resolution_scaled,same_type_history_count+cheng_log_resolution_scaled+lr04_lr04_scaled_lag,True,3150,97,1,-428.39599408427057,-425.5443868866065,2.851607197664066,0.0009052721262425606,0.00130603160718515,0.04241236662508477,5.703214395328132,0.016933872897131396,-3.698124529275674,97.00000073042789,96.99999195935604,0.5393022682677214,True,True,0.057575167850246745
single_driver_given_y_history,weak_monsoon_start,Weak monsoon starts,co2,CO2,2.8,same_type_history_count+cheng_log_resolution_scaled,same_type_history_count+cheng_log_resolution_scaled+co2_co2_scaled_lag,True,3150,97,1,-428.39599408427057,-420.4082388217562,7.9877552625143835,0.0025357953214331375,0.0036583793349410226,0.11880304025839403,15.975510525028767,6.416719494604403e-05,-13.970420658976309,97.00000073042789,97.00000207073123,0.8020003319585327,True,True,0.0002517328417114035
single_driver_given_y_history,weak_monsoon_start,Weak monsoon starts,pre_phase,Precession phase,2.8,same_type_history_count+cheng_log_resolution_scaled,same_type_history_count+cheng_log_resolution_scaled+pre_phase_pre_phase_sin_lag+pre_phase_pre_phase_cos_lag,True,3150,97,2,-428.39599408427057,-424.2961479476892,4.099846136581391,0.0013015384560575844,0.0018777230760805552,0.06097760504797679,8.199692273162782,0.016575225526434482,-4.188237038598572,97.00000073042789,97.00000552923409,0.48383351274826225,True,True,0.052075523965639504
single_driver_given_y_history,weak_monsoon_start,Weak monsoon starts,lr04,LR04,3.0,same_type_history_count+cheng_log_resolution_scaled,same_type_history_count+cheng_log_resolution_scaled+lr04_lr04_scaled_lag,True,3150,97,1,-428.39599408427057,-425.7740033501455,2.6219907341250632,0.0008323780108333534,0.0012008676283742988,0.03899724772555713,5.2439814682501265,0.022022816964877776,-3.2388916021976684,97.00000073042789,96.99999791201978,0.5243513785447751,True,True,0.07019772907554792
single_driver_given_y_history,weak_monsoon_start,Weak monsoon starts,co2,CO2,3.0,same_type_history_count+cheng_log_resolution_scaled,same_type_history_count+cheng_log_resolution_scaled+co2_co2_scaled_lag,True,3150,97,1,-428.39599408427057,-420.82128303730843,7.574711046962136,0.0024046701736387733,0.0034692057344822614,0.11265977385174354,15.149422093924272,9.93287107759422e-05,-13.144332227871814,97.00000073042789,96.99998369462195,0.7301422100789152,True,True,0.00031661026559831574
single_driver_given_y_history,weak_monsoon_start,Weak monsoon starts,pre_phase,Precession phase,3.0,same_type_history_count+cheng_log_resolution_scaled,same_type_history_count+cheng_log_resolution_scaled+pre_phase_pre_phase_sin_lag+pre_phase_pre_phase_cos_lag,True,3150,97,2,-428.39599408427057,-424.3358346820016,4.060159402268994,0.0012889394927838075,0.001859546614245135,0.06038733850383685,8.120318804537987,0.017246269801690615,-4.108863569973778,97.00000073042789,96.99999428716481,0.4825487296636078,True,True,0.052075523965639504
single_driver_given_y_history,weak_monsoon_start,Weak monsoon starts,lr04,LR04,3.2,same_type_history_count+cheng_log_resolution_scaled,same_type_history_count+cheng_log_resolution_scaled+lr04_lr04_scaled_lag,True,3150,97,1,-428.39599408427057,-425.97852655694663,2.417467527323936,0.0007674500086742653,0.0011071963216445547,0.03595534446577677,4.834935054647872,0.027888691250049922,-2.8298451885954137,97.00000073042789,96.99999378066636,0.5130832569447924,True,True,0.08366607375014977
single_driver_given_y_history,weak_monsoon_start,Weak monsoon starts,co2,CO2,3.2,same_type_history_count+cheng_log_resolution_scaled,same_type_history_count+cheng_log_resolution_scaled+co2_co2_scaled_lag,True,3150,97,1,-428.39599408427057,-421.36014022008123,7.035853864189335,0.0022336044013299477,0.0032224099931064776,0.10464527297201448,14.07170772837867,0.0001759709401037777,-12.066617862326211,97.00000073042789,97.00000608142817,0.7285474930309369,True,True,0.0005279128203113331
single_driver_given_y_history,weak_monsoon_start,Weak monsoon starts,pre_phase,Precession phase,3.2,same_type_history_count+cheng_log_resolution_scaled,same_type_history_count+cheng_log_resolution_scaled+pre_phase_pre_phase_sin_lag+pre_phase_pre_phase_cos_lag,True,3150,97,2,-428.39599408427057,-424.37936161685553,4.016632467415036,0.0012751214182269955,0.0018396113466073883,0.059739956101167765,8.033264934830072,0.018013524044082612,-4.021809700265862,97.00000073042789,96.99999636624571,0.4811887960790862,True,True,0.052075523965639504
single_driver_given_y_history,weak_monsoon_start,Weak monsoon starts,lr04,LR04,3.4,same_type_history_count+cheng_log_resolution_scaled,same_type_history_count+cheng_log_resolution_scaled+lr04_lr04_scaled_lag,True,3150,97,1,-428.39599408427057,-426.1960879340534,2.1999061502171458,0.0006983829048308399,0.0010075535534410816,0.03271952261174647,4.3998123004342915,0.03594288628130029,-2.3947224343818334,97.00000073042789,97.00000497947832,0.5020378982624,True,True,0.10183817779701748
single_driver_given_y_history,weak_monsoon_start,Weak monsoon starts,co2,CO2,3.4,same_type_history_count+cheng_log_resolution_scaled,same_type_history_count+cheng_log_resolution_scaled+co2_co2_scaled_lag,True,3150,97,1,-428.39599408427057,-421.615571444102,6.780422640168581,0.0021525151238630416,0.003105422894635703,0.10084620740311818,13.560845280337162,0.00023095306541809477,-11.555755414284704,97.00000073042789,97.0000044274152,0.7256097068955011,True,True,0.0006155012318672057
single_driver_given_y_history,weak_monsoon_start,Weak monsoon starts,pre_phase,Precession phase,3.4,same_type_history_count+cheng_log_resolution_scaled,same_type_history_count+cheng_log_resolution_scaled+pre_phase_pre_phase_sin_lag+pre_phase_pre_phase_cos_lag,True,3150,97,2,-428.39599408427057,-424.42426442962176,3.9717296546488114,0.0012608665570313688,0.001819045929051897,0.059072110067149235,7.943459309297623,0.01884081682939421,-3.9320040747334133,97.00000073042789,96.999983547437,0.48011756648344966,True,True,0.052075523965639504
single_driver_given_y_history,weak_monsoon_start,Weak monsoon starts,lr04,LR04,3.6,same_type_history_count+cheng_log_resolution_scaled,same_type_history_count+cheng_log_resolution_scaled+lr04_lr04_scaled_lag,True,3150,97,1,-428.39599408427057,-426.458398719559,1.9375953647115693,0.0006151096395909744,0.0008874156266408963,0.028818136329060034,3.8751907294231387,0.049004741569552056,-1.8701008633706806,97.00000073042789,97.00017743118325,0.4889758380446276,True,True,0.13153904316037657
single_driver_given_y_history,weak_monsoon_start,Weak monsoon starts,co2,CO2,3.6,same_type_history_count+cheng_log_resolution_scaled,same_type_history_count+cheng_log_resolution_scaled+co2_co2_scaled_lag,True,3150,97,1,-428.39599408427057,-421.47409265797853,6.921901426292038,0.0021974290242196947,0.0031702199559472274,0.10295044186838934,13.843802852584076,0.00019865078454210354,-11.838712986531618,97.00000073042789,97.00000345043696,0.7472852694625932,True,True,0.00056284388953596
single_driver_given_y_history,weak_monsoon_start,Weak monsoon starts,pre_phase,Precession phase,3.6,same_type_history_count+cheng_log_resolution_scaled,same_type_history_count+cheng_log_resolution_scaled+pre_phase_pre_phase_sin_lag+pre_phase_pre_phase_cos_lag,True,3150,97,2,-428.39599408427057,-424.46684173330976,3.9291523509608055,0.00124734995268597,0.001799545590993132,0.058438851666271815,7.858304701921611,0.01966033055230226,-3.8468494673574014,97.00000073042789,96.99999714109467,0.47917661513543647,True,True,0.052075523965639504
single_driver_given_y_history,weak_monsoon_start,Weak monsoon starts,lr04,LR04,3.8,same_type_history_count+cheng_log_resolution_scaled,same_type_history_count+cheng_log_resolution_scaled+lr04_lr04_scaled_lag,True,3150,97,1,-428.39599408427057,-426.6727663332083,1.723227751062268,0.0005470564289086565,0.0007892355970729445,0.025629815781234796,3.446455502124536,0.06338756791868798,-1.441365636072078,97.00000073042789,97.00000191677543,0.47787489048358534,True,True,0.16163829819265435
single_driver_given_y_history,weak_monsoon_start,Weak monsoon starts,co2,CO2,3.8,same_type_history_count+cheng_log_resolution_scaled,same_type_history_count+cheng_log_resolution_scaled+co2_co2_scaled_lag,True,3150,97,1,-428.39599408427057,-421.70274334930855,6.693250734962021,0.0021248415031625465,0.003065498299287656,0.09954968703872286,13.386501469924042,0.0002534416837100259,-11.381411603871584,97.00000073042789,96.99999534331334,0.6848635988123519,True,True,0.0006155012318672057
single_driver_given_y_history,weak_monsoon_start,Weak monsoon starts,pre_phase,Precession phase,3.8,same_type_history_count+cheng_log_resolution_scaled,same_type_history_count+cheng_log_resolution_scaled+pre_phase_pre_phase_sin_lag+pre_phase_pre_phase_cos_lag,True,3150,97,2,-428.39599408427057,-424.5105633178077,3.885430766462889,0.0012334700845913933,0.0017795211741248934,0.05778857421127231,7.770861532925778,0.020538979352066104,-3.7594062983615686,97.00000073042789,96.99974348445903,0.47820684025787047,True,True,0.052075523965639504
single_driver_given_y_history,weak_monsoon_start,Weak monsoon starts,lr04,LR04,4.0,same_type_history_count+cheng_log_resolution_scaled,same_type_history_count+cheng_log_resolution_scaled+lr04_lr04_scaled_lag,True,3150,97,1,-428.39599408427057,-426.8177235417727,1.5782705424978758,0.0005010382674596431,0.0007228454237596252,0.023473846235492982,3.1565410849957516,0.07562325541192724,-1.1514512189432935,97.00000073042789,97.00000510894913,0.4734220147018659,True,True,0.18365647742896615
single_driver_given_y_history,weak_monsoon_start,Weak monsoon starts,co2,CO2,4.0,same_type_history_count+cheng_log_resolution_scaled,same_type_history_count+cheng_log_resolution_scaled+co2_co2_scaled_lag,True,3150,97,1,-428.39599408427057,-421.6753441387336,6.720649945536991,0.0021335396652498386,0.0030780470945958407,0.09995719946367937,13.441299891073982,0.00024614501074437275,-11.436210025021524,97.00000073042789,96.99998807488426,0.6989780482653434,True,True,0.0006155012318672057
single_driver_given_y_history,weak_monsoon_start,Weak monsoon starts,pre_phase,Precession phase,4.0,same_type_history_count+cheng_log_resolution_scaled,same_type_history_count+cheng_log_resolution_scaled+pre_phase_pre_phase_sin_lag+pre_phase_pre_phase_cos_lag,True,3150,97,2,-428.39599408427057,-424.5554899787335,3.840504105537093,0.0012192076525514581,0.001758944834149863,0.057120373480124415,7.681008211074186,0.02148276903218364,-3.6695529765099764,97.00000073042789,96.99999942483578,0.4772155884787201,True,True,0.052075523965639504
single_driver_given_y_history,weak_monsoon_start,Weak monsoon starts,lr04,LR04,4.2,same_type_history_count+cheng_log_resolution_scaled,same_type_history_count+cheng_log_resolution_scaled+lr04_lr04_scaled_lag,True,3150,97,1,-428.39599408427057,-426.98368450477903,1.4123095794915344,0.00044835224745762997,0.000646835563978544,0.021005484809612514,2.8246191589830687,0.09282890935377328,-0.8195292929306106,97.00000073042789,97.00000850400336,0.46863748945846156,True,True,0.21519428986556532
single_driver_given_y_history,weak_monsoon_start,Weak monsoon starts,co2,CO2,4.2,same_type_history_count+cheng_log_resolution_scaled,same_type_history_count+cheng_log_resolution_scaled+co2_co2_scaled_lag,True,3150,97,1,-428.39599408427057,-421.9034571472937,6.492536936976876,0.002061122837135516,0.0029735716957983997,0.09656444166768,12.985073873953752,0.000313983951189202,-10.979984007901294,97.00000073042789,96.99997071270943,0.6571075623927373,True,True,0.0007278718868476956
single_driver_given_y_history,weak_monsoon_start,Weak monsoon starts,pre_phase,Precession phase,4.2,same_type_history_count+cheng_log_resolution_scaled,same_type_history_count+cheng_log_resolution_scaled+pre_phase_pre_phase_sin_lag+pre_phase_pre_phase_cos_lag,True,3150,97,2,-428.39599408427057,-424.600150674769,3.795843409501572,0.0012050296538100229,0.0017384903056758645,0.05645612848328838,7.591686819003144,0.02246395151458959,-3.580231584438934,97.00000073042789,97.00001097167767,0.47622172308438754,True,True,0.052075523965639504
single_driver_given_y_history,weak_monsoon_start,Weak monsoon starts,lr04,LR04,4.4,same_type_history_count+cheng_log_resolution_scaled,same_type_history_count+cheng_log_resolution_scaled+lr04_lr04_scaled_lag,True,3150,97,1,-428.39599408427057,-427.1481875274188,1.2478065568517422,0.00039612906566721976,0.0005714934385900765,0.018558807541842692,2.4956131137034845,0.11416390893678811,-0.4905232476510264,97.00000073042789,96.99999794181605,0.45977073647665034,True,True,0.25314605894679104
single_driver_given_y_history,weak_monsoon_start,Weak monsoon starts,co2,CO2,4.4,same_type_history_count+cheng_log_resolution_scaled,same_type_history_count+cheng_log_resolution_scaled+co2_co2_scaled_lag,True,3150,97,1,-428.39599408427057,-422.30834485614446,6.087649228126111,0.0019325870565479718,0.0027881337625679575,0.09054248816586666,12.175298456252222,0.00048426550504682283,-10.170208590199763,97.00000073042789,96.99994085158377,0.6478426076283664,True,True,0.0010738061198864333
single_driver_given_y_history,weak_monsoon_start,Weak monsoon starts,pre_phase,Precession phase,4.4,same_type_history_count+cheng_log_resolution_scaled,same_type_history_count+cheng_log_resolution_scaled+pre_phase_pre_phase_sin_lag+pre_phase_pre_phase_cos_lag,True,3150,97,2,-428.39599408427057,-424.6446067437783,3.751387340492272,0.0011909166160292927,0.0017181294960577265,0.05579492693383339,7.502774680984544,0.02348514135689655,-3.4913194464203343,97.00000073042789,96.99998833020105,0.47522616929353195,True,True,0.052075748226161914
single_driver_given_y_history,weak_monsoon_start,Weak monsoon starts,lr04,LR04,4.6,same_type_history_count+cheng_log_resolution_scaled,same_type_history_count+cheng_log_resolution_scaled+lr04_lr04_scaled_lag,True,3150,97,1,-428.39599408427057,-427.2875195565033,1.108474527767271,0.00035189667548167334,0.000507679588622723,0.01648650210475853,2.216949055534542,0.13650257382305822,-0.21185918948208382,97.00000073042789,97.00009541708766,0.4488348649264279,True,True,0.2900679693739987
single_driver_given_y_history,weak_monsoon_start,Weak monsoon starts,co2,CO2,4.6,same_type_history_count+cheng_log_resolution_scaled,same_type_history_count+cheng_log_resolution_scaled+co2_co2_scaled_lag,True,3150,97,1,-428.39599408427057,-422.86508742902606,5.530906655244507,0.001755843382617304,0.0025331465406796872,0.08226197529011356,11.061813310489015,0.0008812391680999878,-9.056723444436557,97.00000073042789,97.00000775648682,0.637766890746783,True,True,0.0018726332322124741
single_driver_given_y_history,weak_monsoon_start,Weak monsoon starts,pre_phase,Precession phase,4.6,same_type_history_count+cheng_log_resolution_scaled,same_type_history_count+cheng_log_resolution_scaled+pre_phase_pre_phase_sin_lag+pre_phase_pre_phase_cos_lag,True,3150,97,2,-428.39599408427057,-424.68941102898077,3.706583055289798,0.0011766930334253327,0.0016976092039713187,0.05512854631453252,7.413166110579596,0.02456130467200509,-3.401710876015386,97.00000073042789,97.00000370675258,0.4742219929770133,True,True,0.05219277242801082
single_driver_given_y_history,weak_monsoon_start,Weak monsoon starts,lr04,LR04,4.8,same_type_history_count+cheng_log_resolution_scaled,same_type_history_count+cheng_log_resolution_scaled+lr04_lr04_scaled_lag,True,3150,97,1,-428.39599408427057,-427.4562752041918,0.9397188800787717,0.00029832345399326087,0.0004303897676569443,0.013976574929065715,1.8794377601575434,0.17039806371985444,0.1256521058949147,97.00000073042789,96.99999104385613,0.436530797021856,True,True,0.34761204998850304
single_driver_given_y_history,weak_monsoon_start,Weak monsoon starts,co2,CO2,4.8,same_type_history_count+cheng_log_resolution_scaled,same_type_history_count+cheng_log_resolution_scaled+co2_co2_scaled_lag,True,3150,97,1,-428.39599408427057,-423.36504657372126,5.030947510549311,0.001597126193825178,0.00230416603950545,0.07482601056125945,10.061895021098621,0.0015136745150388824,-8.056805155046163,97.00000073042789,97.00000103495694,0.620734389356892,True,True,0.00308789601067932
single_driver_given_y_history,weak_monsoon_start,Weak monsoon starts,pre_phase,Precession phase,4.8,same_type_history_count+cheng_log_resolution_scaled,same_type_history_count+cheng_log_resolution_scaled+pre_phase_pre_phase_sin_lag+pre_phase_pre_phase_cos_lag,True,3150,97,2,-428.39599408427057,-424.73369305268216,3.662301031588413,0.0011626352481233057,0.0016773281068302025,0.054469933366135447,7.324602063176826,0.02567336947307009,-3.3131468286126164,97.00000073042789,96.99996459756548,0.47322117293055316,True,True,0.052373673725062984
single_driver_given_y_history,weak_monsoon_start,Weak monsoon starts,lr04,LR04,5.0,same_type_history_count+cheng_log_resolution_scaled,same_type_history_count+cheng_log_resolution_scaled+lr04_lr04_scaled_lag,True,3150,97,1,-428.39599408427057,-427.6229060393569,0.7730880449136635,0.00024542477616306774,0.00035407310748174176,0.011498250397602954,1.546176089827327,0.21370084256862434,0.4589137762251312,97.00000073042789,97.00006882236991,0.42433255562044125,True,True,0.4191824219615323
single_driver_given_y_history,weak_monsoon_start,Weak monsoon starts,co2,CO2,5.0,same_type_history_count+cheng_log_resolution_scaled,same_type_history_count+cheng_log_resolution_scaled+co2_co2_scaled_lag,True,3150,97,1,-428.39599408427057,-423.7565033428483,4.639490741422264,0.0014728542036261158,0.0021248794555238605,0.06900381737010475,9.278981482844529,0.002317982839296785,-7.273891616792071,97.00000073042789,96.99999620286168,0.6222856227733713,True,True,0.00454681249246677
single_driver_given_y_history,weak_monsoon_start,Weak monsoon starts,pre_phase,Precession phase,5.0,same_type_history_count+cheng_log_resolution_scaled,same_type_history_count+cheng_log_resolution_scaled+pre_phase_pre_phase_sin_lag+pre_phase_pre_phase_cos_lag,True,3150,97,2,-428.39599408427057,-424.77724377791,3.618750306360596,0.001148809621066856,0.0016573819432386821,0.053822197125792254,7.237500612721192,0.026816167555522706,-3.2260453781569822,97.00000073042789,96.99998614986569,0.4722273888608412,True,True,0.05260094405121762
single_driver_given_y_history,weak_monsoon_start,Weak monsoon starts,lr04,LR04,5.2,same_type_history_count+cheng_log_resolution_scaled,same_type_history_count+cheng_log_resolution_scaled+lr04_lr04_scaled_lag,True,3150,97,1,-428.39599408427057,-427.74230932778886,0.6536847564817094,0.0002075189703116538,0.000299386589359007,0.009722348004957443,1.3073695129634189,0.2528714721716725,0.6977203530890392,97.00000073042789,97.00004971213687,0.4147803826154296,True,True,0.47764611410204805
single_driver_given_y_history,weak_monsoon_start,Weak monsoon starts,co2,CO2,5.2,same_type_history_count+cheng_log_resolution_scaled,same_type_history_count+cheng_log_resolution_scaled+co2_co2_scaled_lag,True,3150,97,1,-428.39599408427057,-424.13456773039394,4.2614263538766295,0.001352833763135438,0.0019517265612226508,0.06338081100877681,8.522852707753259,0.00350714306533102,-6.517762841700801,97.00000073042789,97.00000149769627,0.5877088077703662,True,True,0.006624603567847482
single_driver_given_y_history,weak_monsoon_start,Weak monsoon starts,pre_phase,Precession phase,5.2,same_type_history_count+cheng_log_resolution_scaled,same_type_history_count+cheng_log_resolution_scaled+pre_phase_pre_phase_sin_lag+pre_phase_pre_phase_cos_lag,True,3150,97,2,-428.39599408427057,-424.8210597803982,3.5749343038723964,0.0011348997790071099,0.001637314283079538,0.05317051537835613,7.149868607744793,0.028017266339666693,-3.138413373180583,97.00000073042789,96.99998556819097,0.4712218380299017,True,True,0.05292150308603709
single_driver_given_y_history,weak_monsoon_start,Weak monsoon starts,lr04,LR04,5.4,same_type_history_count+cheng_log_resolution_scaled,same_type_history_count+cheng_log_resolution_scaled+lr04_lr04_scaled_lag,True,3150,97,1,-428.39599408427057,-427.85788247487704,0.5381116093935248,0.00017082908234715072,0.0002464542699418467,0.008003411858936259,1.0762232187870495,0.29954398672252264,0.9288666472654086,97.00000073042789,96.99999400607787,0.4062656672545495,True,True,0.5455979758160233
single_driver_given_y_history,weak_monsoon_start,Weak monsoon starts,co2,CO2,5.4,same_type_history_count+cheng_log_resolution_scaled,same_type_history_count+cheng_log_resolution_scaled+co2_co2_scaled_lag,True,3150,97,1,-428.39599408427057,-424.6295590689854,3.7664350152851966,0.0011956936556460941,0.001725021307423016,0.05601873317920104,7.532870030570393,0.006058331861316447,-5.527780164517935,97.00000073042789,96.99999902508918,0.5578583986630519,True,True,0.011034818747397814
single_driver_given_y_history,weak_monsoon_start,Weak monsoon starts,pre_phase,Precession phase,5.4,same_type_history_count+cheng_log_resolution_scaled,same_type_history_count+cheng_log_resolution_scaled+pre_phase_pre_phase_sin_lag+pre_phase_pre_phase_cos_lag,True,3150,97,2,-428.39599408427057,-424.8666535462452,3.5293405380253944,0.0011204255676271094,0.0016164324101008327,0.05249239269915075,7.058681076050789,0.029324247718333897,-3.047225841486579,97.00000073042789,96.99998719256288,0.4701773683511767,True,True,0.053412022629822455
single_driver_given_y_history,weak_monsoon_start,Weak monsoon starts,lr04,LR04,5.6,same_type_history_count+cheng_log_resolution_scaled,same_type_history_count+cheng_log_resolution_scaled+lr04_lr04_scaled_lag,True,3150,97,1,-428.39599408427057,-427.9591270692717,0.4368670149988816,0.0001386879412694862,0.0002000844051005876,0.006497586351204648,0.8737340299977632,0.3499236412939062,1.131355836054695,97.00000073042789,97.0000819976407,0.39907650425888075,True,True,0.6153829553789385
single_driver_given_y_history,weak_monsoon_start,Weak monsoon starts,co2,CO2,5.6,same_type_history_count+cheng_log_resolution_scaled,same_type_history_count+cheng_log_resolution_scaled+co2_co2_scaled_lag,True,3150,97,1,-428.39599408427057,-424.82198808809414,3.5740059961764246,0.0011346050781512458,0.0016368891196162374,0.053156708523620075,7.148011992352849,0.0075047128416609035,-5.142922126300391,97.00000073042789,97.00001553728407,0.5616306378995854,True,True,0.013197943273265728
single_driver_given_y_history,weak_monsoon_start,Weak monsoon starts,pre_phase,Precession phase,5.6,same_type_history_count+cheng_log_resolution_scaled,same_type_history_count+cheng_log_resolution_scaled+pre_phase_pre_phase_sin_lag+pre_phase_pre_phase_cos_lag,True,3150,97,2,-428.39599408427057,-424.91298251097567,3.4830115732949025,0.0011057179597761596,0.0015952138171909276,0.05180333530053013,6.966023146589805,0.030714771821303898,-2.9545679120255954,97.00000073042789,97.00000657227056,0.46911429599899573,True,True,0.054015633202982714
single_driver_given_y_history,weak_monsoon_start,Weak monsoon starts,lr04,LR04,5.8,same_type_history_count+cheng_log_resolution_scaled,same_type_history_count+cheng_log_resolution_scaled+lr04_lr04_scaled_lag,True,3150,97,1,-428.39599408427057,-428.0153969260515,0.380597158219075,0.00012082449467272223,0.00017431289928225135,0.005660676626176204,0.76119431643815,0.3829550226457976,1.243895549614308,97.00000073042789,96.99998995433049,0.3946277961571054,True,True,0.651023538497856
single_driver_given_y_history,weak_monsoon_start,Weak monsoon starts,co2,CO2,5.8,same_type_history_count+cheng_log_resolution_scaled,same_type_history_count+cheng_log_resolution_scaled+co2_co2_scaled_lag,True,3150,97,1,-428.39599408427057,-425.0608941026891,3.335099981581493,0.0010587618989147598,0.0015274705410465057,0.04960342478656179,6.670199963162986,0.00980381882710725,-4.665110097110528,97.00000073042789,96.99999324380732,0.5605868136500746,True,True,0.016666492006082324
single_driver_given_y_history,weak_monsoon_start,Weak monsoon starts,pre_phase,Precession phase,5.8,same_type_history_count+cheng_log_resolution_scaled,same_type_history_count+cheng_log_resolution_scaled+pre_phase_pre_phase_sin_lag+pre_phase_pre_phase_cos_lag,True,3150,97,2,-428.39599408427057,-424.9597021454481,3.436291938822478,0.0010908863297849137,0.0015738162981542572,0.051108467414287734,6.872583877644956,0.03218380385560144,-2.8611286430807468,97.00000073042789,96.99999294914161,0.46804312277327054,True,True,0.05471246655452245
single_driver_given_y_history,weak_monsoon_start,Weak monsoon starts,lr04,LR04,6.0,same_type_history_count+cheng_log_resolution_scaled,same_type_history_count+cheng_log_resolution_scaled+lr04_lr04_scaled_lag,True,3150,97,1,-428.39599408427057,-428.06113461273077,0.3348594715398008,0.00010630459413961929,0.00015336511078894272,0.004980413391599686,0.6697189430796016,0.41314961341797674,1.3353709229728565,97.00000073042789,96.99997204110771,0.390777128579182,True,True,0.6796977511069939
single_driver_given_y_history,weak_monsoon_start,Weak monsoon starts,co2,CO2,6.0,same_type_history_count+cheng_log_resolution_scaled,same_type_history_count+cheng_log_resolution_scaled+co2_co2_scaled_lag,True,3150,97,1,-428.39599408427057,-425.142368944543,3.2536251397275464,0.0010328968697547766,0.0014901551917449497,0.048391637670067954,6.507250279455093,0.010743551416399766,-4.502160413402635,97.00000073042789,97.00000396695287,0.5519600843007043,True,True,0.017674874910851224
single_driver_given_y_history,weak_monsoon_start,Weak monsoon starts,pre_phase,Precession phase,6.0,same_type_history_count+cheng_log_resolution_scaled,same_type_history_count+cheng_log_resolution_scaled+pre_phase_pre_phase_sin_lag+pre_phase_pre_phase_cos_lag,True,3150,97,2,-428.39599408427057,-425.00597882699054,3.3900152572800266,0.001076195319771437,0.0015526216508621644,0.05042018763109091,6.780030514560053,0.033708162600773035,-2.7685752799958436,97.00000073042789,97.00002823384966,0.46697432797777494,True,True,0.05545536427869112
single_driver_given_y_history,weak_monsoon_start,Weak monsoon starts,lr04,LR04,6.2,same_type_history_count+cheng_log_resolution_scaled,same_type_history_count+cheng_log_resolution_scaled+lr04_lr04_scaled_lag,True,3150,97,1,-428.39599408427057,-428.1091459495733,0.2868481346972658,9.106289990389389e-05,0.0001313759941003158,0.004266333829030874,0.5736962693945316,0.4487938445179561,1.4313935966579265,97.00000073042789,96.99997514078683,0.3865873243025372,True,True,0.7152651897004926
single_driver_given_y_history,weak_monsoon_start,Weak monsoon starts,co2,CO2,6.2,same_type_history_count+cheng_log_resolution_scaled,same_type_history_count+cheng_log_resolution_scaled+co2_co2_scaled_lag,True,3150,97,1,-428.39599408427057,-425.41422768456954,2.98176639970103,0.0009465925078415968,0.0013656443168057189,0.04434824327771149,5.96353279940206,0.014604748370805361,-3.958442933349602,97.00000073042789,97.00000445314319,0.5344677466046195,True,True,0.023276317715971044
single_driver_given_y_history,weak_monsoon_start,Weak monsoon starts,pre_phase,Precession phase,6.2,same_type_history_count+cheng_log_resolution_scaled,same_type_history_count+cheng_log_resolution_scaled+pre_phase_pre_phase_sin_lag+pre_phase_pre_phase_cos_lag,True,3150,97,2,-428.39599408427057,-425.04975312947545,3.346240954795121,0.0010622987158079749,0.00153257308923888,0.04976912609383991,6.692481909590242,0.03521648596312587,-2.6810266750260325,97.00000073042789,96.99999581159477,0.46594563247944754,True,True,0.05612627450373185
single_driver_given_y_history,weak_monsoon_start,Weak monsoon starts,lr04,LR04,6.4,same_type_history_count+cheng_log_resolution_scaled,same_type_history_count+cheng_log_resolution_scaled+lr04_lr04_scaled_lag,True,3150,97,1,-428.39599408427057,-428.13726537227717,0.258728711993399,8.213609904552348e-05,0.00011849734277094146,0.003848109584829542,0.517457423986798,0.47192829231517996,1.4876324420656601,97.00000073042789,96.99996031742003,0.3832424025324936,True,True,0.7186420358126888
single_driver_given_y_history,weak_monsoon_start,Weak monsoon starts,co2,CO2,6.4,same_type_history_count+cheng_log_resolution_scaled,same_type_history_count+cheng_log_resolution_scaled+co2_co2_scaled_lag,True,3150,97,1,-428.39599408427057,-425.5068483791782,2.8891457050923464,0.000917189112727729,0.001323224184489643,0.042970682279818304,5.778291410184693,0.01622530628420693,-3.7732015441322346,97.00000073042789,96.99998829822849,0.5182193455376106,True,True,0.0250754733483198
single_driver_given_y_history,weak_monsoon_start,Weak monsoon starts,pre_phase,Precession phase,6.4,same_type_history_count+cheng_log_resolution_scaled,same_type_history_count+cheng_log_resolution_scaled+pre_phase_pre_phase_sin_lag+pre_phase_pre_phase_cos_lag,True,3150,97,2,-428.39599408427057,-425.09154341739634,3.3044506668742315,0.0010490319577378512,0.0015134332031624387,0.04914757309238847,6.608901333748463,0.03671937746745532,-2.5974460991842534,97.00000073042789,97.0000085726879,0.4649461507940052,True,True,0.05674812881334004
single_driver_given_y_history,weak_monsoon_start,Weak monsoon starts,lr04,LR04,6.6,same_type_history_count+cheng_log_resolution_scaled,same_type_history_count+cheng_log_resolution_scaled+lr04_lr04_scaled_lag,True,3150,97,1,-428.39599408427057,-428.14553240879894,0.2504616754716267,7.951164300686561e-05,0.00011471105305893865,0.003725152753975843,0.5009233509432534,0.47909469054179254,1.5041665151092047,97.00000073042789,97.00000565309085,0.3815740019502051,True,True,0.7186420358126888
single_driver_given_y_history,weak_monsoon_start,Weak monsoon starts,co2,CO2,6.6,same_type_history_count+cheng_log_resolution_scaled,same_type_history_count+cheng_log_resolution_scaled+co2_co2_scaled_lag,True,3150,97,1,-428.39599408427057,-425.81461199374905,2.5813820905215152,0.0008194863779433382,0.0011822689335349128,0.038393269491082224,5.1627641810430305,0.023076142558737377,-3.1576743149905724,97.00000073042789,97.00000278146604,0.4957905949774606,True,True,0.03461421383810607
single_driver_given_y_history,weak_monsoon_start,Weak monsoon starts,pre_phase,Precession phase,6.6,same_type_history_count+cheng_log_resolution_scaled,same_type_history_count+cheng_log_resolution_scaled+pre_phase_pre_phase_sin_lag+pre_phase_pre_phase_cos_lag,True,3150,97,2,-428.39599408427057,-425.1304044589175,3.2655896253530727,0.0010366951191597056,0.0014956349073255003,0.048569587196652844,6.5311792507061455,0.03817441984077625,-2.519724016141936,97.00000073042789,96.99998840280844,0.4639933057186549,True,True,0.057261629761164376
single_driver_given_y_history,weak_monsoon_start,Weak monsoon starts,lr04,LR04,6.8,same_type_history_count+cheng_log_resolution_scaled,same_type_history_count+cheng_log_resolution_scaled+lr04_lr04_scaled_lag,True,3150,97,1,-428.39599408427057,-428.1682852356156,0.2277088486549701,7.22885233825302e-05,0.00010429029419716218,0.0033867466672274312,0.4554176973099402,0.49977334148834207,1.549672168742518,97.00000073042789,96.99999987045379,0.3789723301338309,True,True,0.7282411547401555
single_driver_given_y_history,weak_monsoon_start,Weak monsoon starts,co2,CO2,6.8,same_type_history_count+cheng_log_resolution_scaled,same_type_history_count+cheng_log_resolution_scaled+co2_co2_scaled_lag,True,3150,97,1,-428.39599408427057,-425.9488433615527,2.447150722717879,0.0007768732453072632,0.0011207911784041039,0.03639682692755595,4.894301445435758,0.026945472514427166,-2.8892115793833,97.00000073042789,96.99995415363053,0.5006875965242118,True,True,0.03926340280673672
single_driver_given_y_history,weak_monsoon_start,Weak monsoon starts,pre_phase,Precession phase,6.8,same_type_history_count+cheng_log_resolution_scaled,same_type_history_count+cheng_log_resolution_scaled+pre_phase_pre_phase_sin_lag+pre_phase_pre_phase_cos_lag,True,3150,97,2,-428.39599408427057,-425.16907704895993,3.2269170353106347,0.0010244181064478204,0.001477922921969133,0.04799440416703885,6.453834070621269,0.03967964134421257,-2.4423788360570597,97.00000073042789,96.99969043453878,0.4630360748554165,True,True,0.05781890595870975
single_driver_given_y_history,weak_monsoon_start,Weak monsoon starts,lr04,LR04,7.0,same_type_history_count+cheng_log_resolution_scaled,same_type_history_count+cheng_log_resolution_scaled+lr04_lr04_scaled_lag,True,3150,97,1,-428.39599408427057,-428.2056066842169,0.19038740005368027,6.04404444614858e-05,8.719712949371038e-05,0.002831659359847296,0.38077480010736053,0.5371888679040051,1.6243150659450976,97.00000073042789,96.9999937634765,0.37536547552948163,True,True,0.7494383805977162
single_driver_given_y_history,weak_monsoon_start,Weak monsoon starts,co2,CO2,7.0,same_type_history_count+cheng_log_resolution_scaled,same_type_history_count+cheng_log_resolution_scaled+co2_co2_scaled_lag,True,3150,97,1,-428.39599408427057,-426.3198611927374,2.0761328915331774,0.0006590898068359293,0.0009508655958226602,0.030878625018983294,4.152265783066355,0.04157885171901229,-2.1471759170138967,97.00000073042789,96.99998730369532,0.4774436115271592,True,True,0.05890337326860075
single_driver_given_y_history,weak_monsoon_start,Weak monsoon starts,pre_phase,Precession phase,7.0,same_type_history_count+cheng_log_resolution_scaled,same_type_history_count+cheng_log_resolution_scaled+pre_phase_pre_phase_sin_lag+pre_phase_pre_phase_cos_lag,True,3150,97,2,-428.39599408427057,-425.20693373898644,3.1890603452841333,0.0010124001096140105,0.001460584617535576,0.047431356136464584,6.378120690568267,0.041210576463823194,-2.366665456004057,97.00000073042789,96.99992181704329,0.4620944515307424,True,True,0.05838164999041619
single_driver_given_y_history,weak_monsoon_start,Weak monsoon starts,lr04,LR04,7.2,same_type_history_count+cheng_log_resolution_scaled,same_type_history_count+cheng_log_resolution_scaled+lr04_lr04_scaled_lag,True,3150,97,1,-428.39599408427057,-428.23756762681177,0.1584264574588019,5.029411347898473e-05,7.255906810203804e-05,0.0023562996342414416,0.3168529149176038,0.5735050943512521,1.6882369511348543,97.00000073042789,96.9999975798057,0.3721090648464678,True,True,0.7494383805977162
single_driver_given_y_history,weak_monsoon_start,Weak monsoon starts,co2,CO2,7.2,same_type_history_count+cheng_log_resolution_scaled,same_type_history_count+cheng_log_resolution_scaled+co2_co2_scaled_lag,True,3150,97,1,-428.39599408427057,-426.47008955459995,1.9259045296706176,0.0006113982633874977,0.0008820612425972673,0.028644256847230844,3.8518090593412353,0.049692365606752976,-1.8467191932887772,97.00000073042789,96.99999323912836,0.46477317762790316,True,True,0.06669238541958951
single_driver_given_y_history,weak_monsoon_start,Weak monsoon starts,pre_phase,Precession phase,7.2,same_type_history_count+cheng_log_resolution_scaled,same_type_history_count+cheng_log_resolution_scaled+pre_phase_pre_phase_sin_lag+pre_phase_pre_phase_cos_lag,True,3150,97,2,-428.39599408427057,-425.2437883594677,3.1522057248028545,0.0010007002300961444,0.001443705259376152,0.04688321203128741,6.304411449605709,0.04275771103390642,-2.2929562150414995,97.00000073042789,96.99991746181388,0.4611601878364129,True,True,0.05893630439808723
single_driver_given_y_history,weak_monsoon_start,Weak monsoon starts,lr04,LR04,7.4,same_type_history_count+cheng_log_resolution_scaled,same_type_history_count+cheng_log_resolution_scaled+lr04_lr04_scaled_lag,True,3150,97,1,-428.39599408427057,-428.2762124974961,0.11978158677447936,3.802590056332678e-05,5.485977816804839e-05,0.0017815288786531178,0.23956317354895873,0.6245217919710635,1.7655266925034994,97.00000073042789,96.99999173785947,0.37102215829149127,True,True,0.7494383805977162
single_driver_given_y_history,weak_monsoon_start,Weak monsoon starts,co2,CO2,7.4,same_type_history_count+cheng_log_resolution_scaled,same_type_history_count+cheng_log_resolution_scaled+co2_co2_scaled_lag,True,3150,97,1,-428.39599408427057,-426.56360674024563,1.8323873440249372,0.0005817102679444245,0.0008392305187976114,0.02725336220837604,3.6647746880498744,0.055574156868888856,-1.6596848219974163,97.00000073042789,96.99999540557387,0.471748793780723,True,True,0.07222581151833705
single_driver_given_y_history,weak_monsoon_start,Weak monsoon starts,pre_phase,Precession phase,7.4,same_type_history_count+cheng_log_resolution_scaled,same_type_history_count+cheng_log_resolution_scaled+pre_phase_pre_phase_sin_lag+pre_phase_pre_phase_cos_lag,True,3150,97,2,-428.39599408427057,-425.2798919236844,3.1161021605861947,0.0009892387811384746,0.00142716988380352,0.04634623849465039,6.232204321172389,0.044329621850708864,-2.22074908660818,97.00000073042789,96.9999354062506,0.46030724267142165,True,True,0.059495018799635584
single_driver_given_y_history,weak_monsoon_start,Weak monsoon starts,lr04,LR04,7.6,same_type_history_count+cheng_log_resolution_scaled,same_type_history_count+cheng_log_resolution_scaled+lr04_lr04_scaled_lag,True,3150,97,1,-428.39599408427057,-428.31504706702754,0.08094701724303377,2.5697465791439292e-05,3.707360646072325e-05,0.0012039367046523528,0.16189403448606754,0.6874186784226839,1.8431958315663906,97.00000073042789,96.99999525692681,0.37029633992829464,True,True,0.7494383805977162
single_driver_given_y_history,weak_monsoon_start,Weak monsoon starts,co2,CO2,7.6,same_type_history_count+cheng_log_resolution_scaled,same_type_history_count+cheng_log_resolution_scaled+co2_co2_scaled_lag,True,3150,97,1,-428.39599408427057,-426.3674519322674,2.028542152003183,0.0006439816355565661,0.0009290691120410217,0.030170801061125962,4.057084304006366,0.04398638619542317,-2.0519944379539083,97.00000073042789,96.99999973693939,0.4878681695440884,True,True,0.06062988367477249
single_driver_given_y_history,weak_monsoon_start,Weak monsoon starts,pre_phase,Precession phase,7.6,same_type_history_count+cheng_log_resolution_scaled,same_type_history_count+cheng_log_resolution_scaled+pre_phase_pre_phase_sin_lag+pre_phase_pre_phase_cos_lag,True,3150,97,2,-428.39599408427057,-425.3155522601498,3.0804418241207827,0.0009779180394034232,0.0014108375058431764,0.04581585714851553,6.160883648241565,0.04593895522604285,-2.149428413677356,97.00000073042789,96.99992122623394,0.4595346574073314,True,True,0.06007401837251757
single_driver_given_y_history,weak_monsoon_start,Weak monsoon starts,lr04,LR04,7.8,same_type_history_count+cheng_log_resolution_scaled,same_type_history_count+cheng_log_resolution_scaled+lr04_lr04_scaled_lag,True,3150,97,1,-428.39599408427057,-428.3369620099927,0.05903207427786583,1.874034104059233e-05,2.7036597083830468e-05,0.0008779925857120204,0.11806414855573166,0.7311436348255507,1.8870257174967264,97.00000073042789,97.00000581397049,0.36980831921457774,True,True,0.7494383805977162
single_driver_given_y_history,weak_monsoon_start,Weak monsoon starts,co2,CO2,7.8,same_type_history_count+cheng_log_resolution_scaled,same_type_history_count+cheng_log_resolution_scaled+co2_co2_scaled_lag,True,3150,97,1,-428.39599408427057,-426.57953920461216,1.8164548796584086,0.0005766523427487011,0.0008319334752005539,0.027016396359605618,3.632909759316817,0.056647695308499654,-1.627819893264359,97.00000073042789,96.99953371428788,0.4767035533809506,True,True,0.07222581151833705
single_driver_given_y_history,weak_monsoon_start,Weak monsoon starts,pre_phase,Precession phase,7.8,same_type_history_count+cheng_log_resolution_scaled,same_type_history_count+cheng_log_resolution_scaled+pre_phase_pre_phase_sin_lag+pre_phase_pre_phase_cos_lag,True,3150,97,2,-428.39599408427057,-425.3504168270429,3.0455772572276487,0.0009668499229294122,0.0013948695890941395,0.04529731139841794,6.091154514455297,0.04756884460106251,-2.079699279891088,97.00000073042789,96.99999553687135,0.4587701112327279,True,True,0.0606502768663547
single_driver_given_y_history,weak_monsoon_start,Weak monsoon starts,lr04,LR04,8.0,same_type_history_count+cheng_log_resolution_scaled,same_type_history_count+cheng_log_resolution_scaled+lr04_lr04_scaled_lag,True,3150,97,1,-428.39599408427057,-428.3444960625741,0.05149802169648865,1.6348578316345604e-05,2.3586012862576643e-05,0.000765937531104293,0.1029960433929773,0.748263464162477,1.9020938226594808,97.00000073042789,96.99998533791118,0.3696675886966328,True,True,0.7494383805977162
single_driver_given_y_history,weak_monsoon_start,Weak monsoon starts,co2,CO2,8.0,same_type_history_count+cheng_log_resolution_scaled,same_type_history_count+cheng_log_resolution_scaled+co2_co2_scaled_lag,True,3150,97,1,-428.39599408427057,-426.8140411057036,1.5819529785669602,0.0005022072947831619,0.0007245319736819295,0.023528615640186372,3.1639059571339203,0.07528286052126422,-1.1588160910814622,97.00000073042789,97.00000700799568,0.4646049305080701,True,True,0.0880619143994108
single_driver_given_y_history,weak_monsoon_start,Weak monsoon starts,pre_phase,Precession phase,8.0,same_type_history_count+cheng_log_resolution_scaled,same_type_history_count+cheng_log_resolution_scaled+pre_phase_pre_phase_sin_lag+pre_phase_pre_phase_cos_lag,True,3150,97,2,-428.39599408427057,-425.38475785621176,3.011236228058806,0.0009559480089075574,0.0013791414517986117,0.04478655230067657,6.022472456117612,0.049230780653842586,-2.011017221553402,97.00000073042789,96.99991660433402,0.4580114292465727,True,True,0.061238288130389555
single_driver_given_y_history,weak_monsoon_start,Weak monsoon starts,lr04,LR04,8.2,same_type_history_count+cheng_log_resolution_scaled,same_type_history_count+cheng_log_resolution_scaled+lr04_lr04_scaled_lag,True,3150,97,1,-428.39599408427057,-428.3449922944274,0.05100178984315562,1.6191044394652577e-05,2.3358739454978324e-05,0.0007585570029193992,0.10200357968631124,0.7494383805977163,1.9030862863661469,97.00000073042789,97.00000485765707,0.3697397055109009,True,True,0.7494383805977162
single_driver_given_y_history,weak_monsoon_start,Weak monsoon starts,co2,CO2,8.2,same_type_history_count+cheng_log_resolution_scaled,same_type_history_count+cheng_log_resolution_scaled+co2_co2_scaled_lag,True,3150,97,1,-428.39599408427057,-426.62315865583935,1.7728354284312218,0.0005628048979146736,0.0008119558352095188,0.026367637947525613,3.5456708568624435,0.05970102084815786,-1.5405809908099855,97.00000073042789,97.0000056258225,0.4666848730727438,True,True,0.07426224544526952
single_driver_given_y_history,weak_monsoon_start,Weak monsoon starts,pre_phase,Precession phase,8.2,same_type_history_count+cheng_log_resolution_scaled,same_type_history_count+cheng_log_resolution_scaled+pre_phase_pre_phase_sin_lag+pre_phase_pre_phase_cos_lag,True,3150,97,2,-428.39599408427057,-425.4185489218901,2.9774451623804907,0.000945220686469997,0.0013636651969159265,0.044283972889537816,5.9548903247609815,0.05092276721629009,-1.9434350901967719,97.00000073042789,96.99991426531605,0.4572598923353185,True,True,0.06183478876263796
single_driver_given_y_history,weak_monsoon_start,Weak monsoon starts,lr04,LR04,8.4,same_type_history_count+cheng_log_resolution_scaled,same_type_history_count+cheng_log_resolution_scaled+lr04_lr04_scaled_lag,True,3150,97,1,-428.39599408427057,-428.33806267644206,0.057931407828505144,1.839092312016036e-05,2.653249358282554e-05,0.0008616222142876335,0.11586281565701029,0.7335656538618592,1.8892270503954478,97.00000073042789,97.00000551460857,0.37005253676483285,True,True,0.7494383805977162
single_driver_given_y_history,weak_monsoon_start,Weak monsoon starts,co2,CO2,8.4,same_type_history_count+cheng_log_resolution_scaled,same_type_history_count+cheng_log_resolution_scaled+co2_co2_scaled_lag,True,3150,97,1,-428.39599408427057,-426.68392203043607,1.712072053834504,0.0005435149377252394,0.0007841263053052766,0.025463895481563106,3.424144107669008,0.06424953904612118,-1.41905424161655,97.00000073042789,97.0000250051664,0.4637738268631631,True,True,0.07801729741314715
single_driver_given_y_history,weak_monsoon_start,Weak monsoon starts,pre_phase,Precession phase,8.4,same_type_history_count+cheng_log_resolution_scaled,same_type_history_count+cheng_log_resolution_scaled+pre_phase_pre_phase_sin_lag+pre_phase_pre_phase_cos_lag,True,3150,97,2,-428.39599408427057,-425.45203503582087,2.943959048449699,0.0009345901741110155,0.0013483286094535152,0.04378592906988219,5.887918096899398,0.05265684452115337,-1.8764628623351882,97.00000073042789,96.99992176478648,0.4565222018155862,True,True,0.06245346675764702
single_driver_given_y_history,weak_monsoon_start,Weak monsoon starts,lr04,LR04,8.6,same_type_history_count+cheng_log_resolution_scaled,same_type_history_count+cheng_log_resolution_scaled+lr04_lr04_scaled_lag,True,3150,97,1,-428.39599408427057,-428.3293604409929,0.06663364327766885,2.1153537548466303e-05,3.051810371843082e-05,0.0009910518217840934,0.1332672865553377,0.7150681696973126,1.8718225794971204,97.00000073042789,96.99999197255829,0.3703995528626555,True,True,0.7494383805977162
single_driver_given_y_history,weak_monsoon_start,Weak monsoon starts,co2,CO2,8.6,same_type_history_count+cheng_log_resolution_scaled,same_type_history_count+cheng_log_resolution_scaled+co2_co2_scaled_lag,True,3150,97,1,-428.39599408427057,-426.8673893321563,1.5286047521142905,0.00048527134987755256,0.0007000985699538382,0.02273515974592361,3.057209504228581,0.0803796004039521,-1.0521196381761229,97.00000073042789,97.00000035061198,0.462536871177372,True,True,0.0891165134913382
single_driver_given_y_history,weak_monsoon_start,Weak monsoon starts,pre_phase,Precession phase,8.6,same_type_history_count+cheng_log_resolution_scaled,same_type_history_count+cheng_log_resolution_scaled+pre_phase_pre_phase_sin_lag+pre_phase_pre_phase_cos_lag,True,3150,97,2,-428.39599408427057,-425.4850947904096,2.9108992938609504,0.0009240950139241112,0.001333187293898533,0.0432942265544369,5.821798587721901,0.05442676220120945,-1.8103433531576911,97.00000073042789,96.99995481916267,0.45579159862157126,True,True,0.06308556527867458
single_driver_given_y_history,weak_monsoon_start,Weak monsoon starts,lr04,LR04,8.8,same_type_history_count+cheng_log_resolution_scaled,same_type_history_count+cheng_log_resolution_scaled+lr04_lr04_scaled_lag,True,3150,97,1,-428.39599408427057,-428.3241475773358,0.07184650693477579,2.280841489992882e-05,3.290558706666526e-05,0.0010685834975257273,0.14369301386955158,0.7046369127135146,1.8613968521829065,97.00000073042789,96.99999055034384,0.37061299211340987,True,True,0.7494383805977162
single_driver_given_y_history,weak_monsoon_start,Weak monsoon starts,co2,CO2,8.8,same_type_history_count+cheng_log_resolution_scaled,same_type_history_count+cheng_log_resolution_scaled+co2_co2_scaled_lag,True,3150,97,1,-428.39599408427057,-426.8398286562061,1.5561654280644461,0.0004940207708141099,0.0007127213161496594,0.0231450736687776,3.1123308561288923,0.0777016891759507,-1.1072409900764342,97.00000073042789,96.99999198461057,0.462110818908563,True,True,0.0880619143994108
single_driver_given_y_history,weak_monsoon_start,Weak monsoon starts,pre_phase,Precession phase,8.8,same_type_history_count+cheng_log_resolution_scaled,same_type_history_count+cheng_log_resolution_scaled+pre_phase_pre_phase_sin_lag+pre_phase_pre_phase_cos_lag,True,3150,97,2,-428.39599408427057,-425.51754501732154,2.878449066949031,0.000913793354586994,0.0013183251410599465,0.042811589632359086,5.756898133898062,0.0562218916411298,-1.7454428993338524,97.00000073042789,96.99994859450945,0.45508625093375704,True,True,0.0637181438599471
single_driver_given_y_history,weak_monsoon_start,Weak monsoon starts,lr04,LR04,9.0,same_type_history_count+cheng_log_resolution_scaled,same_type_history_count+cheng_log_resolution_scaled+lr04_lr04_scaled_lag,True,3150,97,1,-428.39599408427057,-428.32118708649784,0.07480699777272548,2.3748253261182693e-05,3.426148720968343e-05,0.0011126153062938431,0.14961399554545096,0.698904511178762,1.8554758705070071,97.00000073042789,97.00000085174143,0.37074197213470417,True,True,0.7494383805977162
single_driver_given_y_history,weak_monsoon_start,Weak monsoon starts,co2,CO2,9.0,same_type_history_count+cheng_log_resolution_scaled,same_type_history_count+cheng_log_resolution_scaled+co2_co2_scaled_lag,True,3150,97,1,-428.39599408427057,-426.82556298387067,1.570431100399901,0.0004985495556825083,0.0007192549716205508,0.023357249078399332,3.140862200799802,0.0763534350929969,-1.1357723347473438,97.00000073042789,96.99999330947094,0.46098615746136434,True,True,0.0880619143994108
single_driver_given_y_history,weak_monsoon_start,Weak monsoon starts,pre_phase,Precession phase,9.0,same_type_history_count+cheng_log_resolution_scaled,same_type_history_count+cheng_log_resolution_scaled+pre_phase_pre_phase_sin_lag+pre_phase_pre_phase_cos_lag,True,3150,97,2,-428.39599408427057,-425.5495649048124,2.8464291794581413,0.0009036283109390925,0.001303660082998699,0.04233535321078249,5.692858358916283,0.058051241782896196,-1.681403124352073,97.00000073042789,96.99999967335842,0.4543906729472414,True,True,0.06436115936799361
single_driver_given_y_history,weak_monsoon_start,Weak monsoon starts,lr04,LR04,9.2,same_type_history_count+cheng_log_resolution_scaled,same_type_history_count+cheng_log_resolution_scaled+lr04_lr04_scaled_lag,True,3150,97,1,-428.39599408427057,-428.3201006745418,0.075893409728792,2.409314594564825e-05,3.475906217520077e-05,0.0011287736685761075,0.151786819457584,0.6968336245066583,1.853303046594874,97.00000073042789,97.00006335328273,0.37080504292349203,True,True,0.7494383805977162
single_driver_given_y_history,weak_monsoon_start,Weak monsoon starts,co2,CO2,9.2,same_type_history_count+cheng_log_resolution_scaled,same_type_history_count+cheng_log_resolution_scaled+co2_co2_scaled_lag,True,3150,97,1,-428.39599408427057,-427.0447964260356,1.3511976582349803,0.00042895163753491435,0.0006188464002528212,0.020096558358725636,2.7023953164699606,0.1001976075325973,-0.6973054504175025,97.00000073042789,96.99997633993947,0.4451259990499243,True,True,0.10872506349281834
single_driver_given_y_history,weak_monsoon_start,Weak monsoon starts,pre_phase,Precession phase,9.2,same_type_history_count+cheng_log_resolution_scaled,same_type_history_count+cheng_log_resolution_scaled+pre_phase_pre_phase_sin_lag+pre_phase_pre_phase_cos_lag,True,3150,97,2,-428.39599408427057,-425.5817697389207,2.814224345349885,0.0008934045540793285,0.0012889103196778633,0.04185636605139453,5.62844869069977,0.059951202138968505,-1.6169934561355603,97.00000073042789,96.99994159712107,0.45367546028763855,True,True,0.06505343210824242
single_driver_given_y_history,weak_monsoon_start,Weak monsoon starts,lr04,LR04,9.4,same_type_history_count+cheng_log_resolution_scaled,same_type_history_count+cheng_log_resolution_scaled+lr04_lr04_scaled_lag,True,3150,97,1,-428.39599408427057,-428.3139936412981,0.08200044297245768,2.6031886657923073e-05,3.755607378636919e-05,0.0012196044580109582,0.16400088594491535,0.6854993949246836,1.8410889801075427,97.00000073042789,97.00011237119926,0.3711133343998009,True,True,0.7494383805977162
single_driver_given_y_history,weak_monsoon_start,Weak monsoon starts,co2,CO2,9.4,same_type_history_count+cheng_log_resolution_scaled,same_type_history_count+cheng_log_resolution_scaled+co2_co2_scaled_lag,True,3150,97,1,-428.39599408427057,-427.1162063258878,1.2797877583827812,0.0004062818280580258,0.0005861407785426163,0.019034468581538573,2.5595755167655625,0.1096280152640247,-0.5544856507131044,97.00000073042789,97.00000130775345,0.43735435746341594,True,True,0.11647976621802625
single_driver_given_y_history,weak_monsoon_start,Weak monsoon starts,pre_phase,Precession phase,9.4,same_type_history_count+cheng_log_resolution_scaled,same_type_history_count+cheng_log_resolution_scaled+pre_phase_pre_phase_sin_lag+pre_phase_pre_phase_cos_lag,True,3150,97,2,-428.39599408427057,-425.61386329609655,2.7821307881740154,0.0008832161232298462,0.0012742115210168747,0.041379033929929435,5.564261576348031,0.06190645719495042,-1.5528063417838212,97.00000073042789,96.99994135673474,0.4529530757937319,True,True,0.06577561076963483
single_driver_given_y_history,weak_monsoon_start,Weak monsoon starts,lr04,LR04,9.6,same_type_history_count+cheng_log_resolution_scaled,same_type_history_count+cheng_log_resolution_scaled+lr04_lr04_scaled_lag,True,3150,97,1,-428.39599408427057,-428.3046616725642,0.0913324117063894,2.899441641472679e-05,4.1830100774995896e-05,0.001358400179806568,0.1826648234127788,0.669093065082727,1.8224250426396793,97.00000073042789,97.00013499786226,0.3716187104009257,True,True,0.7494383805977162
single_driver_given_y_history,weak_monsoon_start,Weak monsoon starts,co2,CO2,9.6,same_type_history_count+cheng_log_resolution_scaled,same_type_history_count+cheng_log_resolution_scaled+co2_co2_scaled_lag,True,3150,97,1,-428.39599408427057,-427.2253936130125,1.1706004712580693,0.00037161919722478393,0.0005361331729353334,0.017410510255116498,2.3412009425161386,0.12599238808718746,-0.33611107646368055,97.00000073042789,97.00014269554481,0.4254565096092884,True,True,0.13113493453972572
single_driver_given_y_history,weak_monsoon_start,Weak monsoon starts,pre_phase,Precession phase,9.6,same_type_history_count+cheng_log_resolution_scaled,same_type_history_count+cheng_log_resolution_scaled+pre_phase_pre_phase_sin_lag+pre_phase_pre_phase_cos_lag,True,3150,97,2,-428.39599408427057,-425.64573331716696,2.7502607671036117,0.0008730986562233688,0.0012596151015402722,0.04090502649331811,5.500521534207223,0.06391119309684244,-1.4890662996430137,97.00000073042789,96.99994196169825,0.452229706789284,True,True,0.06651981322324418
single_driver_given_y_history,weak_monsoon_start,Weak monsoon starts,lr04,LR04,9.8,same_type_history_count+cheng_log_resolution_scaled,same_type_history_count+cheng_log_resolution_scaled+lr04_lr04_scaled_lag,True,3150,97,1,-428.39599408427057,-428.29720563502633,0.09878844924423902,3.1361412458488574e-05,4.5244954229134825e-05,0.0014692949053791205,0.19757689848847804,0.656683853923449,1.80751296756398,97.00000073042789,97.0000066113303,0.37206583063074977,True,True,0.7494383805977162
single_driver_given_y_history,weak_monsoon_start,Weak monsoon starts,co2,CO2,9.8,same_type_history_count+cheng_log_resolution_scaled,same_type_history_count+cheng_log_resolution_scaled+co2_co2_scaled_lag,True,3150,97,1,-428.39599408427057,-427.47150383129974,0.924490252970827,0.00029348896919708793,0.00042341508041625255,0.013750077353723664,1.848980505941654,0.17390201412229386,0.15610936011080412,97.00000073042789,96.99994033724488,0.41530588064667,True,True,0.17738005440473972
single_driver_given_y_history,weak_monsoon_start,Weak monsoon starts,pre_phase,Precession phase,9.8,same_type_history_count+cheng_log_resolution_scaled,same_type_history_count+cheng_log_resolution_scaled+pre_phase_pre_phase_sin_lag+pre_phase_pre_phase_cos_lag,True,3150,97,2,-428.39599408427057,-425.67713785605224,2.7188562282183284,0.0008631289613391518,0.0012452318721716362,0.0404379422406253,5.437712456436657,0.06595014321720749,-1.4262572218724472,97.00000073042789,96.99993921078982,0.4515121914973138,True,True,0.06726914608155164
single_driver_given_y_history,weak_monsoon_start,Weak monsoon starts,lr04,LR04,10.0,same_type_history_count+cheng_log_resolution_scaled,same_type_history_count+cheng_log_resolution_scaled+lr04_lr04_scaled_lag,True,3150,97,1,-428.39599408427057,-428.2905489744179,0.10544510985266697,3.3474638048465704e-05,4.829369430807449e-05,0.001568300382169429,0.21089021970533395,0.646070551998029,1.7941996463471241,97.00000073042789,96.99999556059088,0.3724840096340981,True,True,0.7494383805977162
single_driver_given_y_history,weak_monsoon_start,Weak monsoon starts,co2,CO2,10.0,same_type_history_count+cheng_log_resolution_scaled,same_type_history_count+cheng_log_resolution_scaled+co2_co2_scaled_lag,True,3150,97,1,-428.39599408427057,-427.7485189887181,0.6474750955524655,0.0002055476493817351,0.00029654257442941263,0.009629990819099482,1.294950191104931,0.25513769367357214,0.710139674947527,97.00000073042789,96.99999382362014,0.4036762088070354,True,True,0.25513769367357214
single_driver_given_y_history,weak_monsoon_start,Weak monsoon starts,pre_phase,Precession phase,10.0,same_type_history_count+cheng_log_resolution_scaled,same_type_history_count+cheng_log_resolution_scaled+pre_phase_pre_phase_sin_lag+pre_phase_pre_phase_cos_lag,True,3150,97,2,-428.39599408427057,-425.707840607981,2.6881534762895853,0.0008533820559649477,0.001231170060124258,0.039981295766921776,5.376306952579171,0.06800639893217535,-1.364851718014961,97.00000073042789,96.99994185548772,0.4508089273691985,True,True,0.06800639893217535
