analysis_type,dataset_id,dataset_label,driver_id,driver_label,lag_ka,lr04_control_lag_ka,co2_control_lag_ka,reduced_terms,full_terms,ok,n_bins,n_events,df,loglik_reduced,loglik_full,ll_gain_nats,info_nats_per_bin,info_bits_per_bin,info_bits_per_event,LR_statistic,LR_p_value,delta_AICc_full_minus_reduced,expected_events_reduced,expected_events_full,max_rate_full_per_kyr,converged_reduced,converged_full,LR_q_value_BH
pre_phase_after_lr04_co2_same_lag,strong_monsoon_start,Strong monsoon starts,pre_phase,Precession phase,0.0,0.0,0.0,event_history_2ka+lr04_lag+co2_lag,event_history_2ka+lr04_lag+co2_lag+pre_phase_sin_lag+pre_phase_cos_lag,True,3100,91,2,-406.96790073508635,-396.88983156339543,10.078069171690913,0.0032509900553841656,0.004690187230882072,0.15977560896411455,20.156138343381826,4.199041534938332e-05,-16.141904315531065,90.99998560263097,90.99998740773282,0.5340476417844554,True,True,0.0005746236170744734
pre_phase_after_lr04_co2_same_lag,strong_monsoon_start,Strong monsoon starts,pre_phase,Precession phase,0.2,0.2,0.2,event_history_2ka+lr04_lag+co2_lag,event_history_2ka+lr04_lag+co2_lag+pre_phase_sin_lag+pre_phase_cos_lag,True,3100,91,2,-406.75461496489135,-396.84086980233997,9.913745162551379,0.003197982310500445,0.0046137132202096216,0.1571704503587893,19.827490325102758,4.948974099224373e-05,-15.813256297251996,90.9999908178996,91.00001421217002,0.5251893639228872,True,True,0.0005746236170744734
pre_phase_after_lr04_co2_same_lag,strong_monsoon_start,Strong monsoon starts,pre_phase,Precession phase,0.4,0.4,0.4,event_history_2ka+lr04_lag+co2_lag,event_history_2ka+lr04_lag+co2_lag+pre_phase_sin_lag+pre_phase_cos_lag,True,3100,91,2,-406.63876703573,-396.90899114556566,9.72977589016432,0.003138637383923974,0.004528096588935827,0.15425383984286883,19.45955178032864,5.948562387430568e-05,-15.445317752477877,90.99997775075272,91.00001561416737,0.5182985854012492,True,True,0.0005746236170744734
pre_phase_after_lr04_co2_same_lag,strong_monsoon_start,Strong monsoon starts,pre_phase,Precession phase,0.6,0.6,0.6,event_history_2ka+lr04_lag+co2_lag,event_history_2ka+lr04_lag+co2_lag+pre_phase_sin_lag+pre_phase_cos_lag,True,3100,91,2,-406.55343351802765,-397.0139516021597,9.539481915867952,0.003077252230925146,0.004439536533120208,0.1512369588205785,19.078963831735905,7.195411628823669e-05,-15.064729803885143,91.00000185735574,90.999968793459,0.5096925593903392,True,True,0.0005746236170744734
pre_phase_after_lr04_co2_same_lag,strong_monsoon_start,Strong monsoon starts,pre_phase,Precession phase,0.8,0.8,0.8,event_history_2ka+lr04_lag+co2_lag,event_history_2ka+lr04_lag+co2_lag+pre_phase_sin_lag+pre_phase_cos_lag,True,3100,91,2,-406.44264166768505,-397.0820791075094,9.360562560175651,0.003019536309734081,0.00435627005983752,0.1484004086318276,18.721125120351303,8.605167585134754e-05,-14.706891092500541,91.00000198100021,90.99998674771649,0.4955894660727275,True,True,0.0005746236170744734
pre_phase_after_lr04_co2_same_lag,strong_monsoon_start,Strong monsoon starts,pre_phase,Precession phase,1.0,1.0,1.0,event_history_2ka+lr04_lag+co2_lag,event_history_2ka+lr04_lag+co2_lag+pre_phase_sin_lag+pre_phase_cos_lag,True,3100,91,2,-406.2894256059842,-397.10808905059156,9.181336555392647,0.0029617214694814993,0.004272860876515332,0.14555899689228055,18.362673110785295,0.00010294285233675866,-14.348439082934533,91.0000057947158,90.99997119952933,0.48492836679577606,True,True,0.0005746236170744734
pre_phase_after_lr04_co2_same_lag,strong_monsoon_start,Strong monsoon starts,pre_phase,Precession phase,1.2,1.2,1.2,event_history_2ka+lr04_lag+co2_lag,event_history_2ka+lr04_lag+co2_lag+pre_phase_sin_lag+pre_phase_cos_lag,True,3100,91,2,-405.9733886793416,-396.96262707447,9.010761604871618,0.0029066972918940703,0.004193477768380955,0.14285473716462593,18.021523209743236,0.00012208883714857568,-14.007289181892475,91.00000068181387,91.00002745673152,0.4758769808197058,True,True,0.0005746236170744734
pre_phase_after_lr04_co2_same_lag,strong_monsoon_start,Strong monsoon starts,pre_phase,Precession phase,1.4,1.4,1.4,event_history_2ka+lr04_lag+co2_lag,event_history_2ka+lr04_lag+co2_lag+pre_phase_sin_lag+pre_phase_cos_lag,True,3100,91,2,-405.6636101661083,-396.8236074535904,8.8400027125179,0.002851613778231581,0.004114009056385343,0.1401475612614787,17.6800054250358,0.000144822353848928,-13.66577139718504,90.99993110578885,91.00004300088852,0.4679399038071047,True,True,0.0005746236170744734
pre_phase_after_lr04_co2_same_lag,strong_monsoon_start,Strong monsoon starts,pre_phase,Precession phase,1.6,1.6,1.6,event_history_2ka+lr04_lag+co2_lag,event_history_2ka+lr04_lag+co2_lag+pre_phase_sin_lag+pre_phase_cos_lag,True,3100,91,2,-405.3209649167194,-396.6501548952076,8.670810021511784,0.002797035490810253,0.00403526923178238,0.13746521558819097,17.341620043023568,0.00017152011295797277,-13.327386015172806,90.99999412189813,91.00003157796229,0.46320309463042036,True,True,0.0005774510469585082
pre_phase_after_lr04_co2_same_lag,strong_monsoon_start,Strong monsoon starts,pre_phase,Precession phase,1.8,1.8,1.8,event_history_2ka+lr04_lag+co2_lag,event_history_2ka+lr04_lag+co2_lag+pre_phase_sin_lag+pre_phase_cos_lag,True,3100,91,2,-404.9101534967853,-396.4069402943378,8.503213202447512,0.00274297200078952,0.003957272102836319,0.13480817053618227,17.006426404895024,0.00020281563319711135,-12.992192377044262,91.00000314037669,91.0000044005893,0.45862717015099747,True,True,0.0006183049933199593
pre_phase_after_lr04_co2_same_lag,strong_monsoon_start,Strong monsoon starts,pre_phase,Precession phase,2.0,2.0,2.0,event_history_2ka+lr04_lag+co2_lag,event_history_2ka+lr04_lag+co2_lag+pre_phase_sin_lag+pre_phase_cos_lag,True,3100,91,2,-404.8173934312765,-396.4836254645196,8.33376796675691,0.0026883122473409385,0.0038784147475998364,0.13212182107208234,16.66753593351382,0.00024026502651140977,-12.653301905663056,90.99999652871907,90.99992633700373,0.4528207453723215,True,True,0.0006195512056924452
pre_phase_after_lr04_co2_same_lag,strong_monsoon_start,Strong monsoon starts,pre_phase,Precession phase,2.2,2.2,2.2,event_history_2ka+lr04_lag+co2_lag,event_history_2ka+lr04_lag+co2_lag+pre_phase_sin_lag+pre_phase_cos_lag,True,3100,91,2,-404.86280003363765,-396.71986755783655,8.142932475801103,0.002626752411548743,0.0037896026777844974,0.12909635495749386,16.285864951602207,0.000290783231938764,-12.271630923751445,91.00000203742981,91.00001184115067,0.4966491675291326,True,True,0.0006384588353438079
pre_phase_after_lr04_co2_same_lag,strong_monsoon_start,Strong monsoon starts,pre_phase,Precession phase,2.4,2.4,2.4,event_history_2ka+lr04_lag+co2_lag,event_history_2ka+lr04_lag+co2_lag+pre_phase_sin_lag+pre_phase_cos_lag,True,3100,91,2,-404.6355119370553,-396.6516419864456,7.983869950609687,0.002575441919551512,0.003715577285434519,0.1265746108224946,15.967739901219375,0.00034091753232786196,-11.953505873368613,91.00000884799405,90.99999883852274,0.49325199218905036,True,True,0.0007027075666349807
pre_phase_after_lr04_co2_same_lag,strong_monsoon_start,Strong monsoon starts,pre_phase,Precession phase,2.6,2.6,2.6,event_history_2ka+lr04_lag+co2_lag,event_history_2ka+lr04_lag+co2_lag+pre_phase_sin_lag+pre_phase_cos_lag,True,3100,91,2,-404.53353662000654,-396.7012420922222,7.83229452778437,0.0025265466218659257,0.0036450362819407346,0.12417156564853052,15.66458905556874,0.00039671416349790683,-11.650355027717978,91.00000031562894,90.99997098393872,0.48466417556224733,True,True,0.0007560024625148791
pre_phase_after_lr04_co2_same_lag,strong_monsoon_start,Strong monsoon starts,pre_phase,Precession phase,2.8,2.8,2.8,event_history_2ka+lr04_lag+co2_lag,event_history_2ka+lr04_lag+co2_lag+pre_phase_sin_lag+pre_phase_cos_lag,True,3100,91,2,-404.41026828291575,-396.71931844057644,7.6909498423393075,0.002480951562044938,0.003579256515247959,0.12193071645350191,15.381899684678615,0.0004569439408405647,-11.367665656827853,90.99999957570174,90.99998503429887,0.47599189461762975,True,True,0.0008096725969280182
pre_phase_after_lr04_co2_same_lag,strong_monsoon_start,Strong monsoon starts,pre_phase,Precession phase,3.0,3.0,3.0,event_history_2ka+lr04_lag+co2_lag,event_history_2ka+lr04_lag+co2_lag+pre_phase_sin_lag+pre_phase_cos_lag,True,3100,91,2,-404.3247449530515,-396.7776785898903,7.547066363161207,0.002434537536503615,0.003512295230771799,0.11964961775156678,15.094132726322414,0.0005276558092927801,-11.079898698471652,91.00003834118002,90.99998162956692,0.47598790277119046,True,True,0.0009005738518133415
pre_phase_after_lr04_co2_same_lag,strong_monsoon_start,Strong monsoon starts,pre_phase,Precession phase,3.2,3.2,3.2,event_history_2ka+lr04_lag+co2_lag,event_history_2ka+lr04_lag+co2_lag+pre_phase_sin_lag+pre_phase_cos_lag,True,3100,91,2,-404.2040230925087,-396.78400292461345,7.420020167895245,0.0023935548928694338,0.003453169774038247,0.11763545384086335,14.84004033579049,0.0005991370620589443,-10.825806307939729,91.00000599661539,91.00001352465912,0.46503770768088515,True,True,0.0009599393346723093
pre_phase_after_lr04_co2_same_lag,strong_monsoon_start,Strong monsoon starts,pre_phase,Precession phase,3.4,3.4,3.4,event_history_2ka+lr04_lag+co2_lag,event_history_2ka+lr04_lag+co2_lag+pre_phase_sin_lag+pre_phase_cos_lag,True,3100,91,2,-404.1543161325732,-396.87584448372627,7.278471648846903,0.0023478940802731945,0.0033872951461426915,0.11539137311035542,14.556943297693806,0.0006902396865735309,-10.542709269843044,91.00000383031193,91.0000206052805,0.4677240357682945,True,True,0.0009698252058256237
pre_phase_after_lr04_co2_same_lag,strong_monsoon_start,Strong monsoon starts,pre_phase,Precession phase,3.6,3.6,3.6,event_history_2ka+lr04_lag+co2_lag,event_history_2ka+lr04_lag+co2_lag+pre_phase_sin_lag+pre_phase_cos_lag,True,3100,91,2,-403.9925596681328,-396.85242934713176,7.140130321001038,0.002303267845484206,0.003322913098519071,0.11319813852097935,14.280260642002077,0.0007926487909512673,-10.266026614151315,90.99994033650641,91.0000111705449,0.4696906182346698,True,True,0.0009949856289145748
pre_phase_after_lr04_co2_same_lag,strong_monsoon_start,Strong monsoon starts,pre_phase,Precession phase,3.8,3.8,3.8,event_history_2ka+lr04_lag+co2_lag,event_history_2ka+lr04_lag+co2_lag+pre_phase_sin_lag+pre_phase_cos_lag,True,3100,91,2,-403.791954511247,-396.76294665216307,7.029007859083947,0.0022674218900270797,0.0032711983163451483,0.11143642616120834,14.058015718167894,0.0008858101933057999,-10.043781690317132,90.99997442079521,91.00000626315783,0.47045661359294366,True,True,0.0010376818552577625
pre_phase_after_lr04_co2_same_lag,strong_monsoon_start,Strong monsoon starts,pre_phase,Precession phase,4.0,4.0,4.0,event_history_2ka+lr04_lag+co2_lag,event_history_2ka+lr04_lag+co2_lag+pre_phase_sin_lag+pre_phase_cos_lag,True,3100,91,2,-403.7017056574218,-396.77247458508606,6.929231072335767,0.0022352358297857314,0.0032247636468492017,0.109854585771786,13.858462144671535,0.0009787531695142518,-9.844228116820773,91.00000893593192,91.00004785648053,0.4709846334874986,True,True,0.0011152356834984807
pre_phase_after_lr04_co2_same_lag,strong_monsoon_start,Strong monsoon starts,pre_phase,Precession phase,4.2,4.2,4.2,event_history_2ka+lr04_lag+co2_lag,event_history_2ka+lr04_lag+co2_lag+pre_phase_sin_lag+pre_phase_cos_lag,True,3100,91,2,-403.75643014535456,-396.927289901978,6.829140243376571,0.0022029484656053457,0.0031781828266627832,0.10826776662257832,13.658280486753142,0.0010817877921185598,-9.64404645890238,90.99994742936988,90.99997397637156,0.46702501005418684,True,True,0.0011912972815195028
pre_phase_after_lr04_co2_same_lag,strong_monsoon_start,Strong monsoon starts,pre_phase,Precession phase,4.4,4.4,4.4,event_history_2ka+lr04_lag+co2_lag,event_history_2ka+lr04_lag+co2_lag+pre_phase_sin_lag+pre_phase_cos_lag,True,3100,91,2,-403.9650351589087,-397.22038959969757,6.744645559211108,0.0021756921158745507,0.003138860226073431,0.1069282055036004,13.489291118422216,0.0011771658409696472,-9.475057090571454,91.00003578487748,91.00001842032657,0.4581712375060079,True,True,0.001229849153595545
pre_phase_after_lr04_co2_same_lag,strong_monsoon_start,Strong monsoon starts,pre_phase,Precession phase,4.6,4.6,4.6,event_history_2ka+lr04_lag+co2_lag,event_history_2ka+lr04_lag+co2_lag+pre_phase_sin_lag+pre_phase_cos_lag,True,3100,91,2,-404.1816760776966,-397.4655179993207,6.716158078375884,0.0021665026059277046,0.0031256025656449153,0.10647657091757404,13.432316156751767,0.0012111825550972161,-9.418082128901005,90.99999345245172,91.00000004607483,0.45233418860009117,True,True,0.001229849153595545
pre_phase_after_lr04_co2_same_lag,strong_monsoon_start,Strong monsoon starts,pre_phase,Precession phase,4.8,4.8,4.8,event_history_2ka+lr04_lag+co2_lag,event_history_2ka+lr04_lag+co2_lag+pre_phase_sin_lag+pre_phase_cos_lag,True,3100,91,2,-404.31884859401146,-397.5956447168961,6.723203877115338,0.002168775444230754,0.003128881578193468,0.1065882735428544,13.446407754230677,0.0012026787996315305,-9.432173726379915,91.00000128987392,91.00000328093115,0.45894353013389416,True,True,0.001229849153595545
pre_phase_after_lr04_co2_same_lag,strong_monsoon_start,Strong monsoon starts,pre_phase,Precession phase,5.0,5.0,5.0,event_history_2ka+lr04_lag+co2_lag,event_history_2ka+lr04_lag+co2_lag+pre_phase_sin_lag+pre_phase_cos_lag,True,3100,91,2,-404.6560687538299,-397.9468139103709,6.709254843459007,0.0021642757559545184,0.0031223899002317964,0.10636712846943483,13.418509686918014,0.001219572558566193,-9.404275659067252,90.99996076563636,91.00001979200748,0.4695845724756124,True,True,0.001229849153595545
pre_phase_after_lr04_co2_same_lag,strong_monsoon_start,Strong monsoon starts,pre_phase,Precession phase,5.2,5.2,5.2,event_history_2ka+lr04_lag+co2_lag,event_history_2ka+lr04_lag+co2_lag+pre_phase_sin_lag+pre_phase_cos_lag,True,3100,91,2,-405.0289811869094,-398.32811743043754,6.700863756471847,0.002161568953700596,0.0031184848100433947,0.10623409792455521,13.401727512943694,0.001229849153595545,-9.387493485092932,91.00000447767648,91.00004108432032,0.46942137515706117,True,True,0.001229849153595545
pre_phase_after_lr04_co2_same_lag,strong_monsoon_start,Strong monsoon starts,pre_phase,Precession phase,5.4,5.4,5.4,event_history_2ka+lr04_lag+co2_lag,event_history_2ka+lr04_lag+co2_lag+pre_phase_sin_lag+pre_phase_cos_lag,True,3100,91,2,-405.2660502851162,-398.544474434925,6.721575850191186,0.0021682502742552214,0.0031281239180741428,0.10656246314318508,13.443151700382373,0.0012046383877967637,-9.428917672531611,90.99998615574954,91.00008380418697,0.4646776847327394,True,True,0.001229849153595545
pre_phase_after_lr04_co2_same_lag,strong_monsoon_start,Strong monsoon starts,pre_phase,Precession phase,5.6,5.6,5.6,event_history_2ka+lr04_lag+co2_lag,event_history_2ka+lr04_lag+co2_lag+pre_phase_sin_lag+pre_phase_cos_lag,True,3100,91,2,-405.3760406992736,-398.64086717275126,6.735173526522317,0.002172636621458812,0.00313445207943238,0.10677803787077339,13.470347053044634,0.0011883689687302527,-9.456113025193872,90.9999919611923,91.00002166605114,0.46889953179757815,True,True,0.001229849153595545
pre_phase_after_lr04_co2_same_lag,strong_monsoon_start,Strong monsoon starts,pre_phase,Precession phase,5.8,5.8,5.8,event_history_2ka+lr04_lag+co2_lag,event_history_2ka+lr04_lag+co2_lag+pre_phase_sin_lag+pre_phase_cos_lag,True,3100,91,2,-405.65872597470195,-398.94106152756933,6.71766444713262,0.0021669885313331033,0.0031263036078175263,0.10650045257400365,13.43532889426524,0.001209359441023297,-9.421094866414478,90.99999300734586,90.99980360013609,0.46510476420333124,True,True,0.001229849153595545
pre_phase_after_lr04_co2_same_lag,strong_monsoon_start,Strong monsoon starts,pre_phase,Precession phase,6.0,6.0,6.0,event_history_2ka+lr04_lag+co2_lag,event_history_2ka+lr04_lag+co2_lag+pre_phase_sin_lag+pre_phase_cos_lag,True,3100,91,2,-405.5324578136515,-398.7497057905897,6.782752023061789,0.002187984523568319,0.0031565944216938157,0.1075323374423168,13.565504046123579,0.0011331521425139378,-9.551270018272817,91.00000660153424,90.9999971893723,0.45995121968196223,True,True,0.001229849153595545
pre_phase_after_lr04_co2_same_lag,strong_monsoon_start,Strong monsoon starts,pre_phase,Precession phase,6.2,6.2,6.2,event_history_2ka+lr04_lag+co2_lag,event_history_2ka+lr04_lag+co2_lag+pre_phase_sin_lag+pre_phase_cos_lag,True,3100,91,2,-405.5927663543081,-398.7667220014098,6.826044352898293,0.002201949791257514,0.003176742044133704,0.10821868501993935,13.652088705796587,0.0010851420782157846,-9.637854677945825,90.99998693710478,91.00001751718287,0.455402367215799,True,True,0.0011912972815195028
pre_phase_after_lr04_co2_same_lag,strong_monsoon_start,Strong monsoon starts,pre_phase,Precession phase,6.4,6.4,6.4,event_history_2ka+lr04_lag+co2_lag,event_history_2ka+lr04_lag+co2_lag+pre_phase_sin_lag+pre_phase_cos_lag,True,3100,91,2,-405.720246984915,-398.8562305506275,6.864016434287464,0.0022141988497701498,0.0031944137001054416,0.10882068648710845,13.728032868574928,0.0010447094878343816,-9.713798840724166,91.00000236240135,90.9999984589603,0.45060746647752986,True,True,0.0011723962030141394
pre_phase_after_lr04_co2_same_lag,strong_monsoon_start,Strong monsoon starts,pre_phase,Precession phase,6.6,6.6,6.6,event_history_2ka+lr04_lag+co2_lag,event_history_2ka+lr04_lag+co2_lag+pre_phase_sin_lag+pre_phase_cos_lag,True,3100,91,2,-405.8460450254996,-398.9208713573188,6.9251736681808325,0.0022339269897357523,0.00322287538979978,0.10979026053164087,13.850347336361665,0.0009827324339739087,-9.836113308510903,90.99996390984634,91.000004085766,0.4441528273263382,True,True,0.0011152356834984807
pre_phase_after_lr04_co2_same_lag,strong_monsoon_start,Strong monsoon starts,pre_phase,Precession phase,6.8,6.8,6.8,event_history_2ka+lr04_lag+co2_lag,event_history_2ka+lr04_lag+co2_lag+pre_phase_sin_lag+pre_phase_cos_lag,True,3100,91,2,-405.72801224050124,-398.7080338032712,7.0199784372300655,0.002264509173300021,0.003266996154367507,0.11129327558834365,14.039956874460131,0.0008938447664101519,-10.02572284660937,90.99998804513521,90.99999706148247,0.44095818170537887,True,True,0.0010376818552577625
pre_phase_after_lr04_co2_same_lag,strong_monsoon_start,Strong monsoon starts,pre_phase,Precession phase,7.0,7.0,7.0,event_history_2ka+lr04_lag+co2_lag,event_history_2ka+lr04_lag+co2_lag+pre_phase_sin_lag+pre_phase_cos_lag,True,3100,91,2,-405.7921563492599,-398.68941668926414,7.102739659995791,0.002291206341934126,0.0033055120271617065,0.11260535477144275,14.205479319991582,0.0008228475099996746,-10.19124529214082,90.99999665865272,90.99998293943644,0.4429274877114628,True,True,0.0010012963675899655
pre_phase_after_lr04_co2_same_lag,strong_monsoon_start,Strong monsoon starts,pre_phase,Precession phase,7.2,7.2,7.2,event_history_2ka+lr04_lag+co2_lag,event_history_2ka+lr04_lag+co2_lag+pre_phase_sin_lag+pre_phase_cos_lag,True,3100,91,2,-406.04968359008205,-398.8530485007376,7.196635089344454,0.002321495190111114,0.0033492095982208857,0.11409395334598622,14.393270178688908,0.0007491022343184198,-10.379036150838147,90.99999169602731,91.0000789067006,0.4381594396151026,True,True,0.0009825886450150702
pre_phase_after_lr04_co2_same_lag,strong_monsoon_start,Strong monsoon starts,pre_phase,Precession phase,7.4,7.4,7.4,event_history_2ka+lr04_lag+co2_lag,event_history_2ka+lr04_lag+co2_lag+pre_phase_sin_lag+pre_phase_cos_lag,True,3100,91,2,-406.1206186387053,-398.8135581564292,7.307060482276086,0.002357116284605189,0.0034005999745985245,0.1158446145192904,14.614120964552171,0.0006707859440290786,-10.59988693670141,91.00006507372467,90.99992084443969,0.4453935149205163,True,True,0.0009698252058256237
pre_phase_after_lr04_co2_same_lag,strong_monsoon_start,Strong monsoon starts,pre_phase,Precession phase,7.6,7.6,7.6,event_history_2ka+lr04_lag+co2_lag,event_history_2ka+lr04_lag+co2_lag+pre_phase_sin_lag+pre_phase_cos_lag,True,3100,91,2,-406.4183755098422,-399.0168246252682,7.401550884573965,0.0023875970595399884,0.0034445744374394125,0.11734264567101296,14.80310176914793,0.0006103055133773701,-10.788867741297167,90.9998971074848,90.99999286968665,0.4407736789913581,True,True,0.0009599393346723093
pre_phase_after_lr04_co2_same_lag,strong_monsoon_start,Strong monsoon starts,pre_phase,Precession phase,7.8,7.8,7.8,event_history_2ka+lr04_lag+co2_lag,event_history_2ka+lr04_lag+co2_lag+pre_phase_sin_lag+pre_phase_cos_lag,True,3100,91,2,-406.61511973734423,-399.1006691242738,7.514450613070437,0.0024240163267969152,0.003497116333703791,0.11913253444485442,15.028901226140874,0.0005451494323581945,-11.014667198290113,91.00011089180543,90.99997617309681,0.44242570267764936,True,True,0.0009026244699701253
pre_phase_after_lr04_co2_same_lag,strong_monsoon_start,Strong monsoon starts,pre_phase,Precession phase,8.0,8.0,8.0,event_history_2ka+lr04_lag+co2_lag,event_history_2ka+lr04_lag+co2_lag+pre_phase_sin_lag+pre_phase_cos_lag,True,3100,91,2,-406.84886577165395,-399.2214486321089,7.627417139545059,0.002460457141788729,0.0035496893167784324,0.12092348221992462,15.254834279090119,0.0004869168739241425,-11.240600251239357,91.00011872986286,90.9999976337082,0.44119328891544146,True,True,0.0008479069701092827
pre_phase_after_lr04_co2_same_lag,strong_monsoon_start,Strong monsoon starts,pre_phase,Precession phase,8.2,8.2,8.2,event_history_2ka+lr04_lag+co2_lag,event_history_2ka+lr04_lag+co2_lag+pre_phase_sin_lag+pre_phase_cos_lag,True,3100,91,2,-407.2950827294098,-399.5575991127505,7.73748361665929,0.0024959624569868676,0.0036009126589399867,0.12266845321663691,15.47496723331858,0.00043616776057530017,-11.460733205467818,91.00016374144845,90.99993142678707,0.4283690155957491,True,True,0.0008009626148746421
pre_phase_after_lr04_co2_same_lag,strong_monsoon_start,Strong monsoon starts,pre_phase,Precession phase,8.4,8.4,8.4,event_history_2ka+lr04_lag+co2_lag,event_history_2ka+lr04_lag+co2_lag+pre_phase_sin_lag+pre_phase_cos_lag,True,3100,91,2,-407.729216686656,-399.8608243681844,7.868392318471592,0.002538191070474707,0.00366183567020251,0.12474385250140417,15.736784636943185,0.00038264904576268313,-11.722550609092423,91.00010168832662,91.0000196440988,0.4173764496981565,True,True,0.0007464620493437904
pre_phase_after_lr04_co2_same_lag,strong_monsoon_start,Strong monsoon starts,pre_phase,Precession phase,8.6,8.6,8.6,event_history_2ka+lr04_lag+co2_lag,event_history_2ka+lr04_lag+co2_lag+pre_phase_sin_lag+pre_phase_cos_lag,True,3100,91,2,-408.06513138907803,-400.0589773850119,8.006154004066161,0.00258263032389231,0.0037259479607288934,0.12692789756329198,16.012308008132322,0.00033340452879680374,-11.99807398028156,91.0001015756909,90.99999201718731,0.4117456977784691,True,True,0.0007015386960099412
pre_phase_after_lr04_co2_same_lag,strong_monsoon_start,Strong monsoon starts,pre_phase,Precession phase,8.8,8.8,8.8,event_history_2ka+lr04_lag+co2_lag,event_history_2ka+lr04_lag+co2_lag+pre_phase_sin_lag+pre_phase_cos_lag,True,3100,91,2,-408.24815194139853,-400.09510067342404,8.15305126797449,0.0026300165380562872,0.0037943118169097654,0.12925677618044257,16.30610253594898,0.00028785569340344827,-12.291868508098219,91.00003320834698,90.99991195097229,0.41392671512529444,True,True,0.0006384588353438079
pre_phase_after_lr04_co2_same_lag,strong_monsoon_start,Strong monsoon starts,pre_phase,Precession phase,9.0,9.0,9.0,event_history_2ka+lr04_lag+co2_lag,event_history_2ka+lr04_lag+co2_lag+pre_phase_sin_lag+pre_phase_cos_lag,True,3100,91,2,-408.4818387785496,-400.18595321553335,8.29588556301627,0.0026760921171020227,0.0038607848263051353,0.13152124133566945,16.59177112603254,0.00024954144034033504,-12.577537098181779,91.00000256500716,90.99999892083099,0.41207744650318817,True,True,0.0006195512056924452
pre_phase_after_lr04_co2_same_lag,strong_monsoon_start,Strong monsoon starts,pre_phase,Precession phase,9.2,9.2,9.2,event_history_2ka+lr04_lag+co2_lag,event_history_2ka+lr04_lag+co2_lag+pre_phase_sin_lag+pre_phase_cos_lag,True,3100,91,2,-408.44404366453114,-399.99574250363236,8.44830116089878,0.002725258438999606,0.003931716835085529,0.13393760646994662,16.89660232179756,0.00021426410659602552,-12.882368293946797,90.99999178540918,91.0001123592021,0.4214943116603405,True,True,0.0006183049933199593
pre_phase_after_lr04_co2_same_lag,strong_monsoon_start,Strong monsoon starts,pre_phase,Precession phase,9.4,9.4,9.4,event_history_2ka+lr04_lag+co2_lag,event_history_2ka+lr04_lag+co2_lag+pre_phase_sin_lag+pre_phase_cos_lag,True,3100,91,2,-408.36410000732764,-399.7808767456938,8.583223261633862,0.0027687816973012455,0.003994507624000634,0.13607663334507655,17.166446523267723,0.00018722054301120665,-13.152212495416961,90.99999775397796,90.99999975180125,0.4323390799284864,True,True,0.000606752059284307
pre_phase_after_lr04_co2_same_lag,strong_monsoon_start,Strong monsoon starts,pre_phase,Precession phase,9.6,9.6,9.6,event_history_2ka+lr04_lag+co2_lag,event_history_2ka+lr04_lag+co2_lag+pre_phase_sin_lag+pre_phase_cos_lag,True,3100,91,2,-408.4813045990745,-399.7936496854185,8.687654913656047,0.002802469326985822,0.004043108600285876,0.1377322709987496,17.375309827312094,0.00016865507354062842,-13.361075799461332,91.00002045049294,90.99999365131708,0.4341777095404256,True,True,0.0005774510469585082
pre_phase_after_lr04_co2_same_lag,strong_monsoon_start,Strong monsoon starts,pre_phase,Precession phase,9.8,9.8,9.8,event_history_2ka+lr04_lag+co2_lag,event_history_2ka+lr04_lag+co2_lag+pre_phase_sin_lag+pre_phase_cos_lag,True,3100,91,2,-408.594292627937,-399.8132136666019,8.78107896133514,0.0028326061165597225,0.004086586797152457,0.13921339638651226,17.56215792267028,0.00015361225406941367,-13.547923894819519,91.00004170805106,91.00000203821057,0.4353291901839327,True,True,0.0005746236170744734
pre_phase_after_lr04_co2_same_lag,strong_monsoon_start,Strong monsoon starts,pre_phase,Precession phase,10.0,10.0,10.0,event_history_2ka+lr04_lag+co2_lag,event_history_2ka+lr04_lag+co2_lag+pre_phase_sin_lag+pre_phase_cos_lag,True,3100,91,2,-408.5236675793389,-399.65564174840245,8.86802583093646,0.0028606534938504713,0.004127050609279761,0.14059183394249736,17.73605166187292,0.0001408203165548197,-13.721817634022159,91.00000425461349,91.00000863399264,0.4415095222280611,True,True,0.0005746236170744734
pre_phase_after_lr04_co2_same_lag,strong_monsoon_start,Strong monsoon starts,pre_phase,Precession phase,10.2,10.2,10.2,event_history_2ka+lr04_lag+co2_lag,event_history_2ka+lr04_lag+co2_lag+pre_phase_sin_lag+pre_phase_cos_lag,True,3100,91,2,-408.69411923776397,-399.77580865357066,8.918310584193307,0.002876874381997841,0.004150452404168787,0.14138903794421143,17.836621168386614,0.00013391429071433374,-13.822387140535852,90.9999800424848,90.99999877839879,0.4351767601468205,True,True,0.0005746236170744734
pre_phase_after_lr04_co2_same_lag,strong_monsoon_start,Strong monsoon starts,pre_phase,Precession phase,10.4,10.4,10.4,event_history_2ka+lr04_lag+co2_lag,event_history_2ka+lr04_lag+co2_lag+pre_phase_sin_lag+pre_phase_cos_lag,True,3100,91,2,-408.912746509895,-399.9525301402991,8.960216369595912,0.0028903923772890037,0.004169954748938108,0.14205340353525422,17.920432739191824,0.0001284184648768113,-13.906198711341062,90.99996269542284,90.99999007830174,0.4258074958848672,True,True,0.0005746236170744734
pre_phase_after_lr04_co2_same_lag,strong_monsoon_start,Strong monsoon starts,pre_phase,Precession phase,10.6,10.6,10.6,event_history_2ka+lr04_lag+co2_lag,event_history_2ka+lr04_lag+co2_lag+pre_phase_sin_lag+pre_phase_cos_lag,True,3100,91,2,-408.723664074964,-399.69302983760997,9.030634237354036,0.0029131078185013017,0.004202726203326695,0.1431697937397006,18.061268474708072,0.00011968655940779268,-14.04703444685731,91.00000222722814,90.99998026751202,0.43301389897859466,True,True,0.0005746236170744734
pre_phase_after_lr04_co2_same_lag,strong_monsoon_start,Strong monsoon starts,pre_phase,Precession phase,10.8,10.8,10.8,event_history_2ka+lr04_lag+co2_lag,event_history_2ka+lr04_lag+co2_lag+pre_phase_sin_lag+pre_phase_cos_lag,True,3100,91,2,-409.0742863374775,-400.02675218798595,9.047534149491526,0.0029185594030617826,0.0042105911773370865,0.14343772142576888,18.09506829898305,0.00011768086285405463,-14.08083427113229,90.99999846339072,91.00006546541431,0.4168533083298162,True,True,0.0005746236170744734
pre_phase_after_lr04_co2_same_lag,strong_monsoon_start,Strong monsoon starts,pre_phase,Precession phase,11.0,11.0,11.0,event_history_2ka+lr04_lag+co2_lag,event_history_2ka+lr04_lag+co2_lag+pre_phase_sin_lag+pre_phase_cos_lag,True,3100,91,2,-409.281843639674,-400.21153091913277,9.07031272054121,0.002925907329206842,0.004221191993947383,0.1437988481454603,18.14062544108242,0.00011503056060181315,-14.126391413231659,90.9999997969701,91.00000749510875,0.41280478740429527,True,True,0.0005746236170744734
pre_phase_after_lr04_co2_same_lag,strong_monsoon_start,Strong monsoon starts,pre_phase,Precession phase,11.2,11.2,11.2,event_history_2ka+lr04_lag+co2_lag,event_history_2ka+lr04_lag+co2_lag+pre_phase_sin_lag+pre_phase_cos_lag,True,3100,91,2,-409.43401649321936,-400.3445279226187,9.089488570600679,0.0029320930872905417,0.004230116156458874,0.14410285807717046,18.178977141201358,0.00011284576641010469,-14.164743113350596,90.9999970172826,90.99987695690447,0.40932403519624994,True,True,0.0005746236170744734
pre_phase_after_lr04_co2_same_lag,strong_monsoon_start,Strong monsoon starts,pre_phase,Precession phase,11.4,11.4,11.4,event_history_2ka+lr04_lag+co2_lag,event_history_2ka+lr04_lag+co2_lag+pre_phase_sin_lag+pre_phase_cos_lag,True,3100,91,2,-409.37411438733875,-400.2644189823617,9.10969540497706,0.002938611420960342,0.004239520124119156,0.14442321301944377,18.21939080995412,0.00011058839467614643,-14.205156782103359,90.99999749187654,91.0000006791492,0.4165607243865668,True,True,0.0005746236170744734
pre_phase_after_lr04_co2_same_lag,strong_monsoon_start,Strong monsoon starts,pre_phase,Precession phase,11.6,11.6,11.6,event_history_2ka+lr04_lag+co2_lag,event_history_2ka+lr04_lag+co2_lag+pre_phase_sin_lag+pre_phase_cos_lag,True,3100,91,2,-409.55160538521585,-400.44387841211085,9.107726973105002,0.0029379764429370977,0.004238604044473947,0.14439200591065096,18.215453946210005,0.00011080629478731002,-14.201219918359243,90.99999976831008,91.00021340849067,0.4154644619844921,True,True,0.0005746236170744734
pre_phase_after_lr04_co2_same_lag,strong_monsoon_start,Strong monsoon starts,pre_phase,Precession phase,11.8,11.8,11.8,event_history_2ka+lr04_lag+co2_lag,event_history_2ka+lr04_lag+co2_lag+pre_phase_sin_lag+pre_phase_cos_lag,True,3100,91,2,-409.93506156025944,-400.841737770608,9.093323789651436,0.0029333302547262696,0.004231901011783149,0.1441636608409644,18.18664757930287,0.00011241380703585268,-14.17241355145211,91.00000068971431,91.0000043376411,0.40251997946064444,True,True,0.0005746236170744734
pre_phase_after_lr04_co2_same_lag,strong_monsoon_start,Strong monsoon starts,pre_phase,Precession phase,12.0,12.0,12.0,event_history_2ka+lr04_lag+co2_lag,event_history_2ka+lr04_lag+co2_lag+pre_phase_sin_lag+pre_phase_cos_lag,True,3100,91,2,-410.1146815844214,-401.0280069475077,9.086674636913699,0.0029311853667463544,0.0042288065925312635,0.14405824655875732,18.173349273827398,0.00011316375410195342,-14.159115245976636,90.99999674760417,90.99999667059066,0.3971158302563345,True,True,0.0005746236170744734
pre_phase_after_lr04_co2_same_lag,strong_monsoon_start,Strong monsoon starts,pre_phase,Precession phase,12.2,12.2,12.2,event_history_2ka+lr04_lag+co2_lag,event_history_2ka+lr04_lag+co2_lag+pre_phase_sin_lag+pre_phase_cos_lag,True,3100,91,2,-410.1820668501331,-401.10373800534677,9.078328844786313,0.0029284931757375204,0.0042249225819136925,0.14392593410914775,18.156657689572626,0.00011411214731153066,-14.142423661721864,90.99999892407038,90.99999562509745,0.3971774392058543,True,True,0.0005746236170744734
pre_phase_after_lr04_co2_same_lag,strong_monsoon_start,Strong monsoon starts,pre_phase,Precession phase,12.4,12.4,12.4,event_history_2ka+lr04_lag+co2_lag,event_history_2ka+lr04_lag+co2_lag+pre_phase_sin_lag+pre_phase_cos_lag,True,3100,91,2,-410.30240610189367,-401.2369910802107,9.065415021682952,0.0029243274263493395,0.0042189126759297774,0.14372120104815725,18.130830043365904,0.0001155953275474068,-14.116596015515142,90.99999230737393,91.0000037125739,0.39216882774295964,True,True,0.0005746236170744734
pre_phase_after_lr04_co2_same_lag,strong_monsoon_start,Strong monsoon starts,pre_phase,Precession phase,12.6,12.6,12.6,event_history_2ka+lr04_lag+co2_lag,event_history_2ka+lr04_lag+co2_lag+pre_phase_sin_lag+pre_phase_cos_lag,True,3100,91,2,-410.1592230008966,-401.1251495741368,9.03407342675979,0.002914217234438642,0.0042043267521977784,0.14322431793201224,18.06814685351958,0.000119275641677647,-14.053912825668817,90.99999354716418,90.99994177625797,0.40254408618681214,True,True,0.0005746236170744734
pre_phase_after_lr04_co2_same_lag,strong_monsoon_start,Strong monsoon starts,pre_phase,Precession phase,12.8,12.8,12.8,event_history_2ka+lr04_lag+co2_lag,event_history_2ka+lr04_lag+co2_lag+pre_phase_sin_lag+pre_phase_cos_lag,True,3100,91,2,-409.8912224030256,-400.9058439579677,8.985378445057904,0.0028985091758251306,0.004181664813934072,0.14245231783731455,17.97075689011581,0.00012522750373143953,-13.956522862265047,91.0000403699331,91.00000556242566,0.4180427461429343,True,True,0.0005746236170744734
pre_phase_after_lr04_co2_same_lag,strong_monsoon_start,Strong monsoon starts,pre_phase,Precession phase,13.0,13.0,13.0,event_history_2ka+lr04_lag+co2_lag,event_history_2ka+lr04_lag+co2_lag+pre_phase_sin_lag+pre_phase_cos_lag,True,3100,91,2,-409.7045401730518,-400.7816484717099,8.922891701341882,0.0028783521617231876,0.004152584389650071,0.14146166602104637,17.845783402683765,0.00013330221672248067,-13.831549374833003,91.00004345092412,91.0000037080466,0.4269025252437865,True,True,0.0005746236170744734
pre_phase_after_lr04_co2_same_lag,strong_monsoon_start,Strong monsoon starts,pre_phase,Precession phase,13.2,13.2,13.2,event_history_2ka+lr04_lag+co2_lag,event_history_2ka+lr04_lag+co2_lag+pre_phase_sin_lag+pre_phase_cos_lag,True,3100,91,2,-409.71289501046607,-400.85455495122756,8.858340059238515,0.0028575290513672626,0.004122542991603694,0.14043827773595002,17.71668011847703,0.00014219089684030037,-13.702446090626268,90.99999597520574,91.00009058852481,0.42528572222079125,True,True,0.0005746236170744734
pre_phase_after_lr04_co2_same_lag,strong_monsoon_start,Strong monsoon starts,pre_phase,Precession phase,13.4,13.4,13.4,event_history_2ka+lr04_lag+co2_lag,event_history_2ka+lr04_lag+co2_lag+pre_phase_sin_lag+pre_phase_cos_lag,True,3100,91,2,-409.84281639739277,-401.052087285578,8.790729111814755,0.0028357190683273403,0.004091077837230126,0.13936638786168562,17.58145822362951,0.00015213700235126843,-13.56722419577875,90.99998759331203,90.9999756468875,0.4169499791683302,True,True,0.0005746236170744734
pre_phase_after_lr04_co2_same_lag,strong_monsoon_start,Strong monsoon starts,pre_phase,Precession phase,13.6,13.6,13.6,event_history_2ka+lr04_lag+co2_lag,event_history_2ka+lr04_lag+co2_lag+pre_phase_sin_lag+pre_phase_cos_lag,True,3100,91,2,-409.5781204612707,-400.8896719638405,8.688448497430215,0.0028027253217516824,0.0040434779226650765,0.13774485231056854,17.37689699486043,0.00016852128470418192,-13.362662967009669,91.00000421808889,91.00001166689289,0.4272419067420406,True,True,0.0005774510469585082
pre_phase_after_lr04_co2_same_lag,strong_monsoon_start,Strong monsoon starts,pre_phase,Precession phase,13.8,13.8,13.8,event_history_2ka+lr04_lag+co2_lag,event_history_2ka+lr04_lag+co2_lag+pre_phase_sin_lag+pre_phase_cos_lag,True,3100,91,2,-408.95439517832114,-400.39762024487476,8.556774933446377,0.0027602499785310893,0.00398219895564067,0.13565732706028658,17.113549866892754,0.00019223827620888932,-13.099315839041992,91.00001193662135,90.9999858252653,0.453646826102384,True,True,0.000606752059284307
pre_phase_after_lr04_co2_same_lag,strong_monsoon_start,Strong monsoon starts,pre_phase,Precession phase,14.0,14.0,14.0,event_history_2ka+lr04_lag+co2_lag,event_history_2ka+lr04_lag+co2_lag+pre_phase_sin_lag+pre_phase_cos_lag,True,3100,91,2,-408.8542826758353,-400.38618977747757,8.468092898357725,0.002731642870437976,0.003940927622660561,0.13425138055217295,16.93618579671545,0.00021006513716664347,-12.921951768864687,90.99992860288586,90.99999623857482,0.4567551704121038,True,True,0.0006183049933199593
pre_phase_after_lr04_co2_same_lag,strong_monsoon_start,Strong monsoon starts,pre_phase,Precession phase,14.2,14.2,14.2,event_history_2ka+lr04_lag+co2_lag,event_history_2ka+lr04_lag+co2_lag+pre_phase_sin_lag+pre_phase_cos_lag,True,3100,91,2,-408.62382332682836,-400.2348092493714,8.389014077456977,0.0027061335733732186,0.0039041254862886726,0.13299768140104268,16.778028154913954,0.00022735131868754194,-12.763794127063193,91.00001111990827,90.99994586499925,0.4660281271030459,True,True,0.0006195512056924452
pre_phase_after_lr04_co2_same_lag,strong_monsoon_start,Strong monsoon starts,pre_phase,Precession phase,14.4,14.4,14.4,event_history_2ka+lr04_lag+co2_lag,event_history_2ka+lr04_lag+co2_lag+pre_phase_sin_lag+pre_phase_cos_lag,True,3100,91,2,-408.5281268730288,-400.19411815043463,8.334008722594149,0.0026883899105142415,0.0038785267918748207,0.13212563796496643,16.668017445188298,0.0002402071882665194,-12.653783417337536,91.00002888697304,90.99997096778418,0.47006692131213484,True,True,0.0006195512056924452
pre_phase_after_lr04_co2_same_lag,strong_monsoon_start,Strong monsoon starts,pre_phase,Precession phase,14.6,14.6,14.6,event_history_2ka+lr04_lag+co2_lag,event_history_2ka+lr04_lag+co2_lag+pre_phase_sin_lag+pre_phase_cos_lag,True,3100,91,2,-408.42698345852426,-400.12596515536643,8.301018303157832,0.002677747839728333,0.003863173529127201,0.13160261472850904,16.602036606315664,0.0002482638904430926,-12.587802578464903,91.00004749156926,91.00002299635935,0.4757471328905138,True,True,0.0006195512056924452
pre_phase_after_lr04_co2_same_lag,strong_monsoon_start,Strong monsoon starts,pre_phase,Precession phase,14.8,14.8,14.8,event_history_2ka+lr04_lag+co2_lag,event_history_2ka+lr04_lag+co2_lag+pre_phase_sin_lag+pre_phase_cos_lag,True,3100,91,2,-408.4761995582692,-400.1883873241601,8.287812234109083,0.002673487817454543,0.0038570276161187275,0.1313932484611874,16.575624468218166,0.0002515642247793685,-12.561390440367404,91.00002688211198,90.99999293233675,0.4747083376623842,True,True,0.0006195512056924452
pre_phase_after_lr04_co2_same_lag,strong_monsoon_start,Strong monsoon starts,pre_phase,Precession phase,15.0,15.0,15.0,event_history_2ka+lr04_lag+co2_lag,event_history_2ka+lr04_lag+co2_lag+pre_phase_sin_lag+pre_phase_cos_lag,True,3100,91,2,-408.6312367578191,-400.3672706554353,8.263966102383847,0.002665795516898015,0.0038459299722527975,0.13101519685696342,16.527932204767694,0.00025763515484240293,-12.513698176916932,91.00001392289805,91.00003932815609,0.4660751630812025,True,True,0.0006195512056924452
pre_phase_after_lr04_co2_same_lag,strong_monsoon_start,Strong monsoon starts,pre_phase,Precession phase,15.2,15.2,15.2,event_history_2ka+lr04_lag+co2_lag,event_history_2ka+lr04_lag+co2_lag+pre_phase_sin_lag+pre_phase_cos_lag,True,3100,91,2,-409.00368816606095,-400.7793467159804,8.224341450080544,0.002653013370993724,0.003827489233744757,0.1303869958748214,16.44868290016109,0.0002680488145810308,-12.434448872310327,91.00000725322985,90.99996111903454,0.44341516018985566,True,True,0.0006296030295973049
pre_phase_after_lr04_co2_same_lag,strong_monsoon_start,Strong monsoon starts,pre_phase,Precession phase,15.4,15.4,15.4,event_history_2ka+lr04_lag+co2_lag,event_history_2ka+lr04_lag+co2_lag+pre_phase_sin_lag+pre_phase_cos_lag,True,3100,91,2,-409.2544852137156,-401.0928998180051,8.161585395710517,0.0026327694824872638,0.0037982834761881783,0.12939207446355333,16.323170791421035,0.00028540954884776333,-12.308936763570273,91.00000172504123,90.99999378522745,0.42348094480706877,True,True,0.0006384588353438079
pre_phase_after_lr04_co2_same_lag,strong_monsoon_start,Strong monsoon starts,pre_phase,Precession phase,15.6,15.6,15.6,event_history_2ka+lr04_lag+co2_lag,event_history_2ka+lr04_lag+co2_lag+pre_phase_sin_lag+pre_phase_cos_lag,True,3100,91,2,-409.41267747340004,-401.3298505920569,8.082826881343124,0.002607363510110685,0.0037616304058315257,0.12814345338546956,16.165653762686247,0.00030879686831157966,-12.151419734835486,91.000068320035,90.99999246817887,0.40603439954609327,True,True,0.0006635847595631818
pre_phase_after_lr04_co2_same_lag,strong_monsoon_start,Strong monsoon starts,pre_phase,Precession phase,15.8,15.8,15.8,event_history_2ka+lr04_lag+co2_lag,event_history_2ka+lr04_lag+co2_lag+pre_phase_sin_lag+pre_phase_cos_lag,True,3100,91,2,-409.2789387030648,-401.3186259694785,7.960312733586306,0.0025678428172859055,0.00370461409828072,0.1262011396117608,15.920625467172613,0.00034904394262544146,-11.906391439321851,90.9999954003608,90.99997799787316,0.4002217414391587,True,True,0.0007050687641033918
pre_phase_after_lr04_co2_same_lag,strong_monsoon_start,Strong monsoon starts,pre_phase,Precession phase,16.0,16.0,16.0,event_history_2ka+lr04_lag+co2_lag,event_history_2ka+lr04_lag+co2_lag+pre_phase_sin_lag+pre_phase_cos_lag,True,3100,91,2,-409.33472691775376,-401.4706843390971,7.864042578656665,0.0025367879285989243,0.003659811364376654,0.12467489263261129,15.72808515731333,0.00038431709471165444,-11.713851129462569,91.00000480090719,90.99995945615116,0.3853762802805339,True,True,0.0007464620493437904
pre_phase_after_lr04_co2_same_lag,strong_monsoon_start,Strong monsoon starts,pre_phase,Precession phase,16.2,16.2,16.2,event_history_2ka+lr04_lag+co2_lag,event_history_2ka+lr04_lag+co2_lag+pre_phase_sin_lag+pre_phase_cos_lag,True,3100,91,2,-409.5971033947949,-401.7877104293846,7.809392965410268,0.0025191590211000865,0.0036343782269517904,0.12380848905000605,15.618785930820536,0.0004059043710425808,-11.604551902969774,90.99998151652397,90.99998962005884,0.36154594688772906,True,True,0.000759191508801864
pre_phase_after_lr04_co2_same_lag,strong_monsoon_start,Strong monsoon starts,pre_phase,Precession phase,16.4,16.4,16.4,event_history_2ka+lr04_lag+co2_lag,event_history_2ka+lr04_lag+co2_lag+pre_phase_sin_lag+pre_phase_cos_lag,True,3100,91,2,-409.4881193699031,-401.7960753680227,7.69204400188039,0.0024813045167356097,0.00357976572122985,0.12194806303090698,15.38408800376078,0.0004564442446914611,-11.369853975910019,91.00001250088208,90.99996405438904,0.36634876930760846,True,True,0.0008096725969280182
pre_phase_after_lr04_co2_same_lag,strong_monsoon_start,Strong monsoon starts,pre_phase,Precession phase,16.6,16.6,16.6,event_history_2ka+lr04_lag+co2_lag,event_history_2ka+lr04_lag+co2_lag+pre_phase_sin_lag+pre_phase_cos_lag,True,3100,91,2,-409.1485262692091,-401.61527192988706,7.53325433932207,0.0024300820449426035,0.003505867315192005,0.11943064480324413,15.06650867864414,0.0005349943674138663,-11.052274650793379,91.00001787573798,91.00000102077564,0.383460113914088,True,True,0.0009005738518133415
pre_phase_after_lr04_co2_same_lag,strong_monsoon_start,Strong monsoon starts,pre_phase,Precession phase,16.8,16.8,16.8,event_history_2ka+lr04_lag+co2_lag,event_history_2ka+lr04_lag+co2_lag+pre_phase_sin_lag+pre_phase_cos_lag,True,3100,91,2,-409.30801339509554,-401.82968731143603,7.4783260836595105,0.0024123632527933907,0.003480304501627793,0.11855982368182592,14.956652167319021,0.0005652027262456048,-10.94241813946826,90.99999853419672,90.9999921656779,0.37274362939675165,True,True,0.0009207334734000981
pre_phase_after_lr04_co2_same_lag,strong_monsoon_start,Strong monsoon starts,pre_phase,Precession phase,17.0,17.0,17.0,event_history_2ka+lr04_lag+co2_lag,event_history_2ka+lr04_lag+co2_lag+pre_phase_sin_lag+pre_phase_cos_lag,True,3100,91,2,-409.16475528391766,-401.7753815684232,7.389373715494457,0.002383668940482083,0.0034389073595545512,0.11714959136944075,14.778747430988915,0.0006177827401356446,-10.764513403138153,91.00000289785899,90.99998125519497,0.3692407988361386,True,True,0.0009599393346723093
pre_phase_after_lr04_co2_same_lag,strong_monsoon_start,Strong monsoon starts,pre_phase,Precession phase,17.2,17.2,17.2,event_history_2ka+lr04_lag+co2_lag,event_history_2ka+lr04_lag+co2_lag+pre_phase_sin_lag+pre_phase_cos_lag,True,3100,91,2,-409.3965205587958,-402.0283087930553,7.3682117657405115,0.0023768425050775845,0.003429058895049532,0.11681409422696208,14.736423531481023,0.0006309955386454602,-10.722189503630261,90.99998865348752,90.9999805807468,0.3565131123768723,True,True,0.0009656143848968406
pre_phase_after_lr04_co2_same_lag,strong_monsoon_start,Strong monsoon starts,pre_phase,Precession phase,17.4,17.4,17.4,event_history_2ka+lr04_lag+co2_lag,event_history_2ka+lr04_lag+co2_lag+pre_phase_sin_lag+pre_phase_cos_lag,True,3100,91,2,-409.5828698867672,-402.2345629939549,7.348306892812275,0.0023704215783265405,0.0034197954558678892,0.11649852651857644,14.69661378562455,0.000643681259651144,-10.682379757773788,91.00006249287212,90.99999609415428,0.3512684863991736,True,True,0.0009698252058256237
pre_phase_after_lr04_co2_same_lag,strong_monsoon_start,Strong monsoon starts,pre_phase,Precession phase,17.6,17.6,17.6,event_history_2ka+lr04_lag+co2_lag,event_history_2ka+lr04_lag+co2_lag+pre_phase_sin_lag+pre_phase_cos_lag,True,3100,91,2,-409.5284024969029,-402.24026461096145,7.288137885941467,0.002351012221271441,0.0033917936726976542,0.11554461961937064,14.576275771882933,0.0006835998091261725,-10.562041744032172,91.00005817568228,90.99998793094628,0.35301227921419726,True,True,0.0009698252058256237
pre_phase_after_lr04_co2_same_lag,strong_monsoon_start,Strong monsoon starts,pre_phase,Precession phase,17.8,17.8,17.8,event_history_2ka+lr04_lag+co2_lag,event_history_2ka+lr04_lag+co2_lag+pre_phase_sin_lag+pre_phase_cos_lag,True,3100,91,2,-409.4702854892628,-402.2342583830732,7.236027106189567,0.0023342022923192153,0.0033675420715605824,0.11471846617404181,14.472054212379135,0.0007201672320487305,-10.457820184528373,91.00004218087246,91.00000159544308,0.3541499659479075,True,True,0.0009698252058256237
pre_phase_after_lr04_co2_same_lag,strong_monsoon_start,Strong monsoon starts,pre_phase,Precession phase,18.0,18.0,18.0,event_history_2ka+lr04_lag+co2_lag,event_history_2ka+lr04_lag+co2_lag+pre_phase_sin_lag+pre_phase_cos_lag,True,3100,91,2,-409.456668083399,-402.24899046662347,7.207677616775527,0.002325057295734041,0.003354348630338205,0.11426901927525754,14.415355233551054,0.000740875756493583,-10.401121205700292,91.0000225816016,90.9999966914947,0.35506260774733334,True,True,0.0009825886450150702
pre_phase_after_lr04_co2_same_lag,strong_monsoon_start,Strong monsoon starts,pre_phase,Precession phase,18.2,18.2,18.2,event_history_2ka+lr04_lag+co2_lag,event_history_2ka+lr04_lag+co2_lag+pre_phase_sin_lag+pre_phase_cos_lag,True,3100,91,2,-409.71728261820044,-402.4751012993412,7.242181318859252,0.002336187522212662,0.003370406152882883,0.11481603377952677,14.484362637718505,0.0007157487797380455,-10.470128609867743,91.00010396243911,91.00000545359524,0.34722393944879365,True,True,0.0009698252058256237
pre_phase_after_lr04_co2_same_lag,strong_monsoon_start,Strong monsoon starts,pre_phase,Precession phase,18.4,18.4,18.4,event_history_2ka+lr04_lag+co2_lag,event_history_2ka+lr04_lag+co2_lag+pre_phase_sin_lag+pre_phase_cos_lag,True,3100,91,2,-409.944183589042,-402.66712205426177,7.277061534780216,0.002347439204767812,0.003386638899506854,0.11536901745572799,14.554123069560433,0.0006912136898314073,-10.539889041709671,91.00007440172553,90.99995209767667,0.34000421506916306,True,True,0.0009698252058256237
pre_phase_after_lr04_co2_same_lag,strong_monsoon_start,Strong monsoon starts,pre_phase,Precession phase,18.6,18.6,18.6,event_history_2ka+lr04_lag+co2_lag,event_history_2ka+lr04_lag+co2_lag+pre_phase_sin_lag+pre_phase_cos_lag,True,3100,91,2,-409.9400829118116,-402.67381921591755,7.266263695894054,0.002343956030933566,0.003381613741889633,0.11519783076766882,14.532527391788108,0.0006987177447681318,-10.518293363937346,91.0001034572384,91.00000590152669,0.3421418309004636,True,True,0.0009698252058256237
pre_phase_after_lr04_co2_same_lag,strong_monsoon_start,Strong monsoon starts,pre_phase,Precession phase,18.8,18.8,18.8,event_history_2ka+lr04_lag+co2_lag,event_history_2ka+lr04_lag+co2_lag+pre_phase_sin_lag+pre_phase_cos_lag,True,3100,91,2,-409.95131801481773,-402.7045382758514,7.246779738966325,0.002337670883537524,0.0033725461909101077,0.11488893617386081,14.49355947793265,0.0007124650219928873,-10.479325450081888,91.0000886193863,91.00000996875347,0.3466626331557323,True,True,0.0009698252058256237
pre_phase_after_lr04_co2_same_lag,strong_monsoon_start,Strong monsoon starts,pre_phase,Precession phase,19.0,19.0,19.0,event_history_2ka+lr04_lag+co2_lag,event_history_2ka+lr04_lag+co2_lag+pre_phase_sin_lag+pre_phase_cos_lag,True,3100,91,2,-409.75135842116396,-402.5739395509134,7.177418870250563,0.002315296409758246,0.003340266648546243,0.11378930341201486,14.354837740501125,0.000763636345065245,-10.340603712650363,90.99999410745113,90.99999922256617,0.3551193638795392,True,True,0.0009845932499518385
pre_phase_after_lr04_co2_same_lag,strong_monsoon_start,Strong monsoon starts,pre_phase,Precession phase,19.2,19.2,19.2,event_history_2ka+lr04_lag+co2_lag,event_history_2ka+lr04_lag+co2_lag+pre_phase_sin_lag+pre_phase_cos_lag,True,3100,91,2,-409.55832372776433,-402.4431064857249,7.115217242039421,0.0022952313683998133,0.0033113189128832,0.11280317175755956,14.230434484078842,0.0008126441516842814,-10.21620045622808,91.00000578143646,91.00001900852624,0.35950962333782477,True,True,0.001000939747806249
pre_phase_after_lr04_co2_same_lag,strong_monsoon_start,Strong monsoon starts,pre_phase,Precession phase,19.4,19.4,19.4,event_history_2ka+lr04_lag+co2_lag,event_history_2ka+lr04_lag+co2_lag+pre_phase_sin_lag+pre_phase_cos_lag,True,3100,91,2,-409.3872116831209,-402.3199965478183,7.067215135302604,0.0022797468178395496,0.003288979428579513,0.1120421563582032,14.134430270605208,0.0008526041933789478,-10.120196242754446,90.99999792278724,91.00000019362255,0.3622105833190703,True,True,0.0010130943944855733
pre_phase_after_lr04_co2_same_lag,strong_monsoon_start,Strong monsoon starts,pre_phase,Precession phase,19.6,19.6,19.6,event_history_2ka+lr04_lag+co2_lag,event_history_2ka+lr04_lag+co2_lag+pre_phase_sin_lag+pre_phase_cos_lag,True,3100,91,2,-409.603410525531,-402.51791717079607,7.085493354734922,0.0022856430176564266,0.003297485846815412,0.11233193544096458,14.170986709469844,0.0008371616677144385,-10.156752681619082,90.99999609678153,90.99999987938207,0.34960522337938776,True,True,0.001006587243323313
pre_phase_after_lr04_co2_same_lag,strong_monsoon_start,Strong monsoon starts,pre_phase,Precession phase,19.8,19.8,19.8,event_history_2ka+lr04_lag+co2_lag,event_history_2ka+lr04_lag+co2_lag+pre_phase_sin_lag+pre_phase_cos_lag,True,3100,91,2,-409.9789634462685,-402.84550981988775,7.133453626380742,0.002301114073026046,0.003319805861674481,0.11309228759550428,14.266907252761484,0.0007979587717037678,-10.252673224910723,91.00000156372835,91.00000128688332,0.3360843672913975,True,True,0.0009949856289145748
pre_phase_after_lr04_co2_same_lag,strong_monsoon_start,Strong monsoon starts,pre_phase,Precession phase,20.0,20.0,20.0,event_history_2ka+lr04_lag+co2_lag,event_history_2ka+lr04_lag+co2_lag+pre_phase_sin_lag+pre_phase_cos_lag,True,3100,91,2,-410.2781258126886,-403.1091712020259,7.168954610662695,0.002312566003439579,0.00333632750489069,0.11365511280396856,14.33790922132539,0.0007701273935266855,-10.323675193474628,91.0000764478144,90.99999713955528,0.325591836469815,True,True,0.0009845932499518385
pre_phase_after_lr04_co2_same_lag,weak_monsoon_start,Weak monsoon starts,pre_phase,Precession phase,0.0,0.0,0.0,event_history_2ka+lr04_lag+co2_lag,event_history_2ka+lr04_lag+co2_lag+pre_phase_sin_lag+pre_phase_cos_lag,True,3100,90,2,-401.656083936828,-396.1032108625857,5.552873074242314,0.001791249378787843,0.0025842265957726576,0.08901224940994709,11.105746148484627,0.003876304319463025,-7.091512120633865,90.00008291259135,90.00075924495661,0.4908790407255883,True,True,0.042859751175496674
pre_phase_after_lr04_co2_same_lag,weak_monsoon_start,Weak monsoon starts,pre_phase,Precession phase,0.2,0.2,0.2,event_history_2ka+lr04_lag+co2_lag,event_history_2ka+lr04_lag+co2_lag+pre_phase_sin_lag+pre_phase_cos_lag,True,3100,90,2,-402.0488109594096,-396.49030992431585,5.558501035093741,0.001793064850030239,0.0025868457671309386,0.08910246531228788,11.117002070187482,0.003854549904423608,-7.10276804233672,90.00008028213153,90.00001645864126,0.5026135054176161,True,True,0.042859751175496674
pre_phase_after_lr04_co2_same_lag,weak_monsoon_start,Weak monsoon starts,pre_phase,Precession phase,0.4,0.4,0.4,event_history_2ka+lr04_lag+co2_lag,event_history_2ka+lr04_lag+co2_lag+pre_phase_sin_lag+pre_phase_cos_lag,True,3100,90,2,-401.8667505109903,-396.27340827825066,5.593342232739644,0.0018043039460450465,0.0026030603552155765,0.08966096779075874,11.186684465479289,0.003722565370154888,-7.172450437628527,90.00003692216913,89.99986001663042,0.5116196056691377,True,True,0.042859751175496674
pre_phase_after_lr04_co2_same_lag,weak_monsoon_start,Weak monsoon starts,pre_phase,Precession phase,0.6,0.6,0.6,event_history_2ka+lr04_lag+co2_lag,event_history_2ka+lr04_lag+co2_lag+pre_phase_sin_lag+pre_phase_cos_lag,True,3100,90,2,-401.54853387241474,-395.9225712965974,5.6259625758173115,0.001814826637360423,0.0026182413897930757,0.09018387009287261,11.251925151634623,0.0036030932158559337,-7.237691123783861,89.99997188563475,90.00000564906563,0.5290211906471884,True,True,0.042859751175496674
pre_phase_after_lr04_co2_same_lag,weak_monsoon_start,Weak monsoon starts,pre_phase,Precession phase,0.8,0.8,0.8,event_history_2ka+lr04_lag+co2_lag,event_history_2ka+lr04_lag+co2_lag+pre_phase_sin_lag+pre_phase_cos_lag,True,3100,90,2,-401.49486565223236,-395.86352710460227,5.631338547630094,0.0018165608218161592,0.002620743289107353,0.09027004662480882,11.262677095260187,0.0035837750617409236,-7.248443067409426,89.99998819458044,89.99996900562718,0.5427286798841836,True,True,0.042859751175496674
pre_phase_after_lr04_co2_same_lag,weak_monsoon_start,Weak monsoon starts,pre_phase,Precession phase,1.0,1.0,1.0,event_history_2ka+lr04_lag+co2_lag,event_history_2ka+lr04_lag+co2_lag+pre_phase_sin_lag+pre_phase_cos_lag,True,3100,90,2,-401.7945365334101,-396.1850014833966,5.6095350500135055,0.0018095274354882275,0.0026105962575313896,0.08992053775941453,11.219070100027011,0.003662771967663,-7.204836072176249,90.00000459069139,90.00001004924547,0.5376160391170997,True,True,0.042859751175496674
pre_phase_after_lr04_co2_same_lag,weak_monsoon_start,Weak monsoon starts,pre_phase,Precession phase,1.2,1.2,1.2,event_history_2ka+lr04_lag+co2_lag,event_history_2ka+lr04_lag+co2_lag+pre_phase_sin_lag+pre_phase_cos_lag,True,3100,90,2,-402.0271798464157,-396.4488106848206,5.578369161595106,0.0017994739230951953,0.0025960921050584462,0.08942095028534648,11.156738323190211,0.00377872298307513,-7.1425042953394495,89.99996673579619,90.00000134068264,0.5349656873326194,True,True,0.042859751175496674
pre_phase_after_lr04_co2_same_lag,weak_monsoon_start,Weak monsoon starts,pre_phase,Precession phase,1.4,1.4,1.4,event_history_2ka+lr04_lag+co2_lag,event_history_2ka+lr04_lag+co2_lag+pre_phase_sin_lag+pre_phase_cos_lag,True,3100,90,2,-402.21305691872556,-396.68009303891296,5.532963879812598,0.001784827058004064,0.0025749611454269016,0.08869310612025995,11.065927759625197,0.003954251776676865,-7.051693731774435,89.99998785382687,89.99956231427704,0.5335348749037251,True,True,0.042859751175496674
pre_phase_after_lr04_co2_same_lag,weak_monsoon_start,Weak monsoon starts,pre_phase,Precession phase,1.6,1.6,1.6,event_history_2ka+lr04_lag+co2_lag,event_history_2ka+lr04_lag+co2_lag+pre_phase_sin_lag+pre_phase_cos_lag,True,3100,90,2,-402.3501778452892,-396.8683855762997,5.481792268989466,0.0017683200867707955,0.0025511466198885682,0.08787282801838402,10.963584537978932,0.004161863829999969,-6.94935051012817,89.99998672249198,89.99999113378627,0.5317721884758774,True,True,0.042859751175496674
pre_phase_after_lr04_co2_same_lag,weak_monsoon_start,Weak monsoon starts,pre_phase,Precession phase,1.8,1.8,1.8,event_history_2ka+lr04_lag+co2_lag,event_history_2ka+lr04_lag+co2_lag+pre_phase_sin_lag+pre_phase_cos_lag,True,3100,90,2,-402.84112142747705,-397.4234512809684,5.417670146508669,0.0017476355311318288,0.002521305114045239,0.0868449539282249,10.835340293017339,0.0044374732759996744,-6.821106265166577,90.00007955640675,90.00003837948307,0.5109120956157785,True,True,0.042859751175496674
pre_phase_after_lr04_co2_same_lag,weak_monsoon_start,Weak monsoon starts,pre_phase,Precession phase,2.0,2.0,2.0,event_history_2ka+lr04_lag+co2_lag,event_history_2ka+lr04_lag+co2_lag+pre_phase_sin_lag+pre_phase_cos_lag,True,3100,90,2,-402.75527239154417,-397.3989050312654,5.356367360278796,0.0017278604387996116,0.002492775686404428,0.08586227364281919,10.712734720557592,0.004718013860173212,-6.69850069270683,90.00000143444046,89.99996937139015,0.4945150082045643,True,True,0.042859751175496674
pre_phase_after_lr04_co2_same_lag,weak_monsoon_start,Weak monsoon starts,pre_phase,Precession phase,2.2,2.2,2.2,event_history_2ka+lr04_lag+co2_lag,event_history_2ka+lr04_lag+co2_lag+pre_phase_sin_lag+pre_phase_cos_lag,True,3100,90,2,-402.9567052002086,-397.68420195113293,5.272503249075669,0.0017008074997018287,0.0024537465453265852,0.08451793656124905,10.545006498151338,0.005130750936769279,-6.530772470300576,89.99997535141267,90.00001646504035,0.4559556498333476,True,True,0.042859751175496674
pre_phase_after_lr04_co2_same_lag,weak_monsoon_start,Weak monsoon starts,pre_phase,Precession phase,2.4,2.4,2.4,event_history_2ka+lr04_lag+co2_lag,event_history_2ka+lr04_lag+co2_lag+pre_phase_sin_lag+pre_phase_cos_lag,True,3100,90,2,-403.10513736455005,-397.91344152103505,5.191695843514992,0.0016747405946822556,0.0024161399507235237,0.08322259830269915,10.383391687029984,0.005562565570996223,-6.369157659179223,89.99997167654534,89.99998883845396,0.42748753915958093,True,True,0.042859751175496674
pre_phase_after_lr04_co2_same_lag,weak_monsoon_start,Weak monsoon starts,pre_phase,Precession phase,2.6,2.6,2.6,event_history_2ka+lr04_lag+co2_lag,event_history_2ka+lr04_lag+co2_lag+pre_phase_sin_lag+pre_phase_cos_lag,True,3100,90,2,-402.9588012486519,-397.8391313752195,5.119669873432429,0.0016515064107846544,0.0023826201088353524,0.08206802597099547,10.239339746864857,0.005977996064611934,-6.2251057190140955,89.99993611410335,89.99999893379459,0.4195503512608791,True,True,0.042859751175496674
pre_phase_after_lr04_co2_same_lag,weak_monsoon_start,Weak monsoon starts,pre_phase,Precession phase,2.8,2.8,2.8,event_history_2ka+lr04_lag+co2_lag,event_history_2ka+lr04_lag+co2_lag+pre_phase_sin_lag+pre_phase_cos_lag,True,3100,90,2,-402.1942708033058,-397.13737839309516,5.056892410210651,0.0016312556161969841,0.0023534043879096596,0.08106170669466604,10.113784820421301,0.006365309580519308,-6.09955079257054,89.99999459164886,89.9999979346824,0.42429742132095544,True,True,0.042859751175496674
pre_phase_after_lr04_co2_same_lag,weak_monsoon_start,Weak monsoon starts,pre_phase,Precession phase,3.0,3.0,3.0,event_history_2ka+lr04_lag+co2_lag,event_history_2ka+lr04_lag+co2_lag+pre_phase_sin_lag+pre_phase_cos_lag,True,3100,90,2,-402.4804359110972,-397.51887891829347,4.9615569928037075,0.0016005022557431315,0.0023090366672922154,0.07953348520673185,9.923113985607415,0.007002017250470231,-5.908879957756653,89.99999485186481,90.00000352322603,0.4130673984485483,True,True,0.04420023389359333
pre_phase_after_lr04_co2_same_lag,weak_monsoon_start,Weak monsoon starts,pre_phase,Precession phase,3.2,3.2,3.2,event_history_2ka+lr04_lag+co2_lag,event_history_2ka+lr04_lag+co2_lag+pre_phase_sin_lag+pre_phase_cos_lag,True,3100,90,2,-403.01080222341653,-398.14155413123626,4.869248092180271,0.001570725191025894,0.002266077443692427,0.07805377861607249,9.738496184360542,0.007679137120930358,-5.724262156509781,90.00002210630868,90.00001421461383,0.3943757191522504,True,True,0.04562310877729212
pre_phase_after_lr04_co2_same_lag,weak_monsoon_start,Weak monsoon starts,pre_phase,Precession phase,3.4,3.4,3.4,event_history_2ka+lr04_lag+co2_lag,event_history_2ka+lr04_lag+co2_lag+pre_phase_sin_lag+pre_phase_cos_lag,True,3100,90,2,-403.13040535777947,-398.3538340303007,4.776571327478791,0.0015408294604770294,0.0022229470214858273,0.07656817518451184,9.553142654957583,0.008424835505712809,-5.538908627106821,89.9999943393357,90.00001121265387,0.39111230248326806,True,True,0.04727268811538854
pre_phase_after_lr04_co2_same_lag,weak_monsoon_start,Weak monsoon starts,pre_phase,Precession phase,3.6,3.6,3.6,event_history_2ka+lr04_lag+co2_lag,event_history_2ka+lr04_lag+co2_lag+pre_phase_sin_lag+pre_phase_cos_lag,True,3100,90,2,-402.5601390311293,-397.8971010275111,4.663038003618226,0.0015042058076187826,0.002170110259127996,0.0747482422588532,9.326076007236452,0.009437746895673475,-5.31184197938569,90.00000754559638,89.99998899655847,0.3978298641145454,True,True,0.0501690756033169
pre_phase_after_lr04_co2_same_lag,weak_monsoon_start,Weak monsoon starts,pre_phase,Precession phase,3.8,3.8,3.8,event_history_2ka+lr04_lag+co2_lag,event_history_2ka+lr04_lag+co2_lag+pre_phase_sin_lag+pre_phase_cos_lag,True,3100,90,2,-402.52710695787016,-397.9813456804128,4.545761277457359,0.0014663746056314062,0.002115531371629939,0.07286830280058679,9.091522554914718,0.010612090894814677,-5.077288527063956,90.00000010198666,89.99997791185208,0.3835808708479053,True,True,0.05359105901881411
pre_phase_after_lr04_co2_same_lag,weak_monsoon_start,Weak monsoon starts,pre_phase,Precession phase,4.0,4.0,4.0,event_history_2ka+lr04_lag+co2_lag,event_history_2ka+lr04_lag+co2_lag+pre_phase_sin_lag+pre_phase_cos_lag,True,3100,90,2,-402.16381075450715,-397.72071148767077,4.443099266836384,0.001433257828011737,0.00206775396078782,0.07122263642713601,8.886198533672768,0.011759436352889202,-4.871964505822007,89.99999660902955,89.9999360489332,0.39537684397129613,True,True,0.05655728912580044
pre_phase_after_lr04_co2_same_lag,weak_monsoon_start,Weak monsoon starts,pre_phase,Precession phase,4.2,4.2,4.2,event_history_2ka+lr04_lag+co2_lag,event_history_2ka+lr04_lag+co2_lag+pre_phase_sin_lag+pre_phase_cos_lag,True,3100,90,2,-402.1450538798962,-397.826063920323,4.318989959573173,0.0013932225676042494,0.002009995289137239,0.06923317107028268,8.637979919146346,0.013313323748927056,-4.623745891295584,89.99999459947321,89.99997346663184,0.39322821213259396,True,True,0.06112025902916512
pre_phase_after_lr04_co2_same_lag,weak_monsoon_start,Weak monsoon starts,pre_phase,Precession phase,4.4,4.4,4.4,event_history_2ka+lr04_lag+co2_lag,event_history_2ka+lr04_lag+co2_lag+pre_phase_sin_lag+pre_phase_cos_lag,True,3100,90,2,-402.3809417858832,-398.1954101166905,4.185531669192699,0.0013501715061911932,0.0019478857363316167,0.06709384202920013,8.371063338385397,0.015214114915036795,-4.356829310534636,90.0001337975689,89.99996089215296,0.39296121200192763,True,True,0.0668098089747268
pre_phase_after_lr04_co2_same_lag,weak_monsoon_start,Weak monsoon starts,pre_phase,Precession phase,4.6,4.6,4.6,event_history_2ka+lr04_lag+co2_lag,event_history_2ka+lr04_lag+co2_lag+pre_phase_sin_lag+pre_phase_cos_lag,True,3100,90,2,-402.90300475842264,-398.8346166526865,4.068388105736119,0.001312383259914877,0.001893368820824885,0.06521603716174604,8.136776211472238,0.01710493764924902,-4.122542183621476,90.00010067454281,89.9999843588896,0.38285074416048265,True,True,0.07198327927392296
pre_phase_after_lr04_co2_same_lag,weak_monsoon_start,Weak monsoon starts,pre_phase,Precession phase,4.8,4.8,4.8,event_history_2ka+lr04_lag+co2_lag,event_history_2ka+lr04_lag+co2_lag+pre_phase_sin_lag+pre_phase_cos_lag,True,3100,90,2,-403.29599111392946,-399.35380606115035,3.9421850527791094,0.0012716725976706805,0.0018346357502938765,0.06319300917678908,7.884370105558219,0.019405765763229717,-3.870136077707457,90.0000786885406,89.9998328706813,0.3733388528409084,True,True,0.07839929368344806
pre_phase_after_lr04_co2_same_lag,weak_monsoon_start,Weak monsoon starts,pre_phase,Precession phase,5.0,5.0,5.0,event_history_2ka+lr04_lag+co2_lag,event_history_2ka+lr04_lag+co2_lag+pre_phase_sin_lag+pre_phase_cos_lag,True,3100,90,2,-403.48629048553823,-399.67753802018626,3.808752465351972,0.0012286298275328942,0.001772538159269969,0.06105409215263226,7.617504930703944,0.022175826819924596,-3.6032709028531826,90.0000035232998,89.99997578273614,0.3698377935492712,True,True,0.08614455803124556
pre_phase_after_lr04_co2_same_lag,weak_monsoon_start,Weak monsoon starts,pre_phase,Precession phase,5.2,5.2,5.2,event_history_2ka+lr04_lag+co2_lag,event_history_2ka+lr04_lag+co2_lag+pre_phase_sin_lag+pre_phase_cos_lag,True,3100,90,2,-403.7477595044128,-400.04834166875867,3.699417835654117,0.0011933605921464893,0.001721655408282057,0.05930146406304863,7.398835671308234,0.024737923816359062,-3.384601643457472,90.00001607510106,89.99998079810929,0.367471028691664,True,True,0.09253815946119502
pre_phase_after_lr04_co2_same_lag,weak_monsoon_start,Weak monsoon starts,pre_phase,Precession phase,5.4,5.4,5.4,event_history_2ka+lr04_lag+co2_lag,event_history_2ka+lr04_lag+co2_lag+pre_phase_sin_lag+pre_phase_cos_lag,True,3100,90,2,-404.25002994336944,-400.65324939000277,3.5967805533666706,0.0011602517914086033,0.0016738895056477284,0.05765619408342175,7.193561106733341,0.027411831468578552,-3.1793270788825794,89.99999479656145,90.00000382565909,0.3600592799887108,True,True,0.09887839208308692
pre_phase_after_lr04_co2_same_lag,weak_monsoon_start,Weak monsoon starts,pre_phase,Precession phase,5.6,5.6,5.6,event_history_2ka+lr04_lag+co2_lag,event_history_2ka+lr04_lag+co2_lag+pre_phase_sin_lag+pre_phase_cos_lag,True,3100,90,2,-404.18793401704215,-400.7073951821628,3.480538834879326,0.0011227544628642987,0.0016197922957102756,0.05579284574113171,6.961077669758652,0.03079081539670021,-2.94684364190789,90.00000235344991,89.9999830759694,0.36392433946774594,True,True,0.10723697776092142
pre_phase_after_lr04_co2_same_lag,weak_monsoon_start,Weak monsoon starts,pre_phase,Precession phase,5.8,5.8,5.8,event_history_2ka+lr04_lag+co2_lag,event_history_2ka+lr04_lag+co2_lag+pre_phase_sin_lag+pre_phase_cos_lag,True,3100,90,2,-404.38356753626385,-400.99143448798645,3.392133048277401,0.0010942364671862584,0.001578649524769474,0.054375705853170773,6.784266096554802,0.03363685129535223,-2.7700320687040403,89.99997651963089,90.00000656088554,0.36255868916773176,True,True,0.11324406602768584
pre_phase_after_lr04_co2_same_lag,weak_monsoon_start,Weak monsoon starts,pre_phase,Precession phase,6.0,6.0,6.0,event_history_2ka+lr04_lag+co2_lag,event_history_2ka+lr04_lag+co2_lag+pre_phase_sin_lag+pre_phase_cos_lag,True,3100,90,2,-404.294681422291,-400.9940750821727,3.300606340118293,0.001064711722618804,0.0015360543221984945,0.05290853776461481,6.601212680236586,0.03686081043580242,-2.586978652385824,89.99999327799675,89.99998066881085,0.38097647598393464,True,True,0.1200948985166466
pre_phase_after_lr04_co2_same_lag,weak_monsoon_start,Weak monsoon starts,pre_phase,Precession phase,6.2,6.2,6.2,event_history_2ka+lr04_lag+co2_lag,event_history_2ka+lr04_lag+co2_lag+pre_phase_sin_lag+pre_phase_cos_lag,True,3100,90,2,-404.5662996232287,-401.3445575243735,3.221742098855202,0.0010392716447920006,0.001499352048077936,0.051644348322684455,6.443484197710404,0.039885513194177394,-2.4292501698596425,90.00001071209508,90.00009122703753,0.3566294707828396,True,True,0.1258886510191224
pre_phase_after_lr04_co2_same_lag,weak_monsoon_start,Weak monsoon starts,pre_phase,Precession phase,6.4,6.4,6.4,event_history_2ka+lr04_lag+co2_lag,event_history_2ka+lr04_lag+co2_lag+pre_phase_sin_lag+pre_phase_cos_lag,True,3100,90,2,-404.55702570426035,-401.4044585620983,3.15256714216207,0.0010169571426329258,0.0014671590264731323,0.050535477578519,6.30513428432414,0.042742260447121795,-2.2909002564733782,89.99999256651986,90.00001015052777,0.35539000158923495,True,True,0.1308172213684637
pre_phase_after_lr04_co2_same_lag,weak_monsoon_start,Weak monsoon starts,pre_phase,Precession phase,6.6,6.6,6.6,event_history_2ka+lr04_lag+co2_lag,event_history_2ka+lr04_lag+co2_lag+pre_phase_sin_lag+pre_phase_cos_lag,True,3100,90,2,-405.1361078991397,-402.016659058497,3.11944884064269,0.001006273819562158,0.0014517462492587212,0.050004593030022616,6.23889768128538,0.04418151276445013,-2.224663653434618,90.00000919084417,90.00020053092089,0.3406621952422757,True,True,0.13124508203557245
pre_phase_after_lr04_co2_same_lag,weak_monsoon_start,Weak monsoon starts,pre_phase,Precession phase,6.8,6.8,6.8,event_history_2ka+lr04_lag+co2_lag,event_history_2ka+lr04_lag+co2_lag+pre_phase_sin_lag+pre_phase_cos_lag,True,3100,90,2,-405.2538485968761,-402.18972154987375,3.06412704700233,0.000988428079678171,0.0014260002888270985,0.04911778772626673,6.12825409400466,0.0466945862569624,-2.1140200661538984,90.00000764693928,90.00000954638364,0.33924896342534305,True,True,0.13474723462723434
pre_phase_after_lr04_co2_same_lag,weak_monsoon_start,Weak monsoon starts,pre_phase,Precession phase,7.0,7.0,7.0,event_history_2ka+lr04_lag+co2_lag,event_history_2ka+lr04_lag+co2_lag+pre_phase_sin_lag+pre_phase_cos_lag,True,3100,90,2,-405.8370781680894,-402.8188323699545,3.018245798134899,0.0009736276768177093,0.0014046478210171516,0.048382313835035225,6.036491596269798,0.048886900680352154,-2.022257568419036,89.99999307827095,89.99996421944812,0.3251300961673185,True,True,0.13715491579765465
pre_phase_after_lr04_co2_same_lag,weak_monsoon_start,Weak monsoon starts,pre_phase,Precession phase,7.2,7.2,7.2,event_history_2ka+lr04_lag+co2_lag,event_history_2ka+lr04_lag+co2_lag+pre_phase_sin_lag+pre_phase_cos_lag,True,3100,90,2,-406.0132094351004,-403.0474170580328,2.9657923770676007,0.0009567072184089035,0.0013802367595811996,0.04754148838557465,5.931584754135201,0.05151963009382987,-1.9173507262844396,89.99998523325444,89.99999684430273,0.32227801774856923,True,True,0.14063466593180587
pre_phase_after_lr04_co2_same_lag,weak_monsoon_start,Weak monsoon starts,pre_phase,Precession phase,7.4,7.4,7.4,event_history_2ka+lr04_lag+co2_lag,event_history_2ka+lr04_lag+co2_lag+pre_phase_sin_lag+pre_phase_cos_lag,True,3100,90,2,-406.0068769560095,-403.1042877685678,2.902589187441663,0.0009363190927231171,0.0013508229117612945,0.04652834473844459,5.805178374883326,0.05488093890181309,-1.790944347032564,89.99998333655462,89.9996744714813,0.32444354150138915,True,True,0.14586775866008214
pre_phase_after_lr04_co2_same_lag,weak_monsoon_start,Weak monsoon starts,pre_phase,Precession phase,7.6,7.6,7.6,event_history_2ka+lr04_lag+co2_lag,event_history_2ka+lr04_lag+co2_lag+pre_phase_sin_lag+pre_phase_cos_lag,True,3100,90,2,-405.29654926272804,-402.474084895298,2.8224643674300296,0.0009104723765903321,0.001313533982573261,0.045243948288634546,5.644928734860059,0.05945923261313095,-1.6306947070092974,89.99998679758545,90.00017927438577,0.34701250572618236,True,True,0.1539841665109289
pre_phase_after_lr04_co2_same_lag,weak_monsoon_start,Weak monsoon starts,pre_phase,Precession phase,7.8,7.8,7.8,event_history_2ka+lr04_lag+co2_lag,event_history_2ka+lr04_lag+co2_lag+pre_phase_sin_lag+pre_phase_cos_lag,True,3100,90,2,-405.64016489816606,-402.85653098238845,2.7836339157776138,0.0008979464244443916,0.0012954628535299,0.04462149828825211,5.5672678315552275,0.06181347379076762,-1.5530338037044658,89.99999439711586,89.99994016787855,0.3382767261221658,True,True,0.15607902132168822
pre_phase_after_lr04_co2_same_lag,weak_monsoon_start,Weak monsoon starts,pre_phase,Precession phase,8.0,8.0,8.0,event_history_2ka+lr04_lag+co2_lag,event_history_2ka+lr04_lag+co2_lag+pre_phase_sin_lag+pre_phase_cos_lag,True,3100,90,2,-406.15843314165653,-403.40191095065563,2.7565221910008972,0.0008892007067744829,0.0012828454500185078,0.044186898833970825,5.5130443820017945,0.06351226824720935,-1.4988103541510327,89.99999187028467,89.99999897607597,0.3236739699417098,True,True,0.15645705104800353
pre_phase_after_lr04_co2_same_lag,weak_monsoon_start,Weak monsoon starts,pre_phase,Precession phase,8.2,8.2,8.2,event_history_2ka+lr04_lag+co2_lag,event_history_2ka+lr04_lag+co2_lag+pre_phase_sin_lag+pre_phase_cos_lag,True,3100,90,2,-405.7209022444611,-403.00801651283234,2.7128857316287736,0.0008751244295576689,0.0012625376746836319,0.043487408794658435,5.425771463257547,0.06634507612197221,-1.4115374354067853,90.00000124803306,90.00001497177512,0.33786881311922046,True,True,0.15934990266138024
pre_phase_after_lr04_co2_same_lag,weak_monsoon_start,Weak monsoon starts,pre_phase,Precession phase,8.4,8.4,8.4,event_history_2ka+lr04_lag+co2_lag,event_history_2ka+lr04_lag+co2_lag+pre_phase_sin_lag+pre_phase_cos_lag,True,3100,90,2,-405.9318868814306,-403.2423488708609,2.68953801056972,0.0008675929066353935,0.0012516719839133236,0.04311314611257004,5.37907602113944,0.06791230689344249,-1.3648419932886782,89.9999849915016,90.0000095267869,0.3324987429144608,True,True,0.15934990266138024
pre_phase_after_lr04_co2_same_lag,weak_monsoon_start,Weak monsoon starts,pre_phase,Precession phase,8.6,8.6,8.6,event_history_2ka+lr04_lag+co2_lag,event_history_2ka+lr04_lag+co2_lag+pre_phase_sin_lag+pre_phase_cos_lag,True,3100,90,2,-406.4202340942025,-403.7526503623126,2.66758373188992,0.0008605108812548128,0.0012414547810173102,0.042761220235040684,5.33516746377984,0.06941975957525476,-1.3209334359290779,89.99998295951374,90.00005087862353,0.3176628773839932,True,True,0.15934990266138024
pre_phase_after_lr04_co2_same_lag,weak_monsoon_start,Weak monsoon starts,pre_phase,Precession phase,8.8,8.8,8.8,event_history_2ka+lr04_lag+co2_lag,event_history_2ka+lr04_lag+co2_lag+pre_phase_sin_lag+pre_phase_cos_lag,True,3100,90,2,-406.3983829096006,-403.7624508811886,2.6359320284120145,0.0008503006543264563,0.0012267245372614192,0.042253845172337774,5.271864056824029,0.07165215643205437,-1.2576300289732671,89.99998356111723,89.9999416659109,0.3120961123948164,True,True,0.1608192844363887
pre_phase_after_lr04_co2_same_lag,weak_monsoon_start,Weak monsoon starts,pre_phase,Precession phase,9.0,9.0,9.0,event_history_2ka+lr04_lag+co2_lag,event_history_2ka+lr04_lag+co2_lag+pre_phase_sin_lag+pre_phase_cos_lag,True,3100,90,2,-406.3720742266179,-403.7684311790347,2.603643047583205,0.0008398848540590983,0.001211697713868812,0.041736254588814636,5.20728609516641,0.07400348830862806,-1.193052067315648,90.00000310028959,89.99993791800777,0.3065611082077702,True,True,0.1624859199819877
pre_phase_after_lr04_co2_same_lag,weak_monsoon_start,Weak monsoon starts,pre_phase,Precession phase,9.2,9.2,9.2,event_history_2ka+lr04_lag+co2_lag,event_history_2ka+lr04_lag+co2_lag+pre_phase_sin_lag+pre_phase_cos_lag,True,3100,90,2,-406.8314409802799,-404.2601798514856,2.571261128794333,0.0008294390738046236,0.0011966276384974654,0.0412171742149127,5.142522257588666,0.07643908508102994,-1.1282882297379047,89.9999898179469,89.99988297432509,0.28807327781656655,True,True,0.16426271474859624
pre_phase_after_lr04_co2_same_lag,weak_monsoon_start,Weak monsoon starts,pre_phase,Precession phase,9.4,9.4,9.4,event_history_2ka+lr04_lag+co2_lag,event_history_2ka+lr04_lag+co2_lag+pre_phase_sin_lag+pre_phase_cos_lag,True,3100,90,2,-406.9903169951861,-404.45457411271036,2.535742882475745,0.0008179815749921758,0.0011800979617797556,0.04064781868352492,5.07148576495149,0.07920285898833328,-1.057251737100728,89.99998070406944,90.00001940817623,0.28346928588520737,True,True,0.16665601578795128
pre_phase_after_lr04_co2_same_lag,weak_monsoon_start,Weak monsoon starts,pre_phase,Precession phase,9.6,9.6,9.6,event_history_2ka+lr04_lag+co2_lag,event_history_2ka+lr04_lag+co2_lag+pre_phase_sin_lag+pre_phase_cos_lag,True,3100,90,2,-407.22866269852534,-404.73234365726046,2.496319041264883,0.0008052642068596396,0.0011617506778417866,0.04001585668121709,4.992638082529766,0.08238770690315356,-0.9784040546790038,89.99998301086902,90.00007676751736,0.2757097230054041,True,True,0.16981955912690835
pre_phase_after_lr04_co2_same_lag,weak_monsoon_start,Weak monsoon starts,pre_phase,Precession phase,9.8,9.8,9.8,event_history_2ka+lr04_lag+co2_lag,event_history_2ka+lr04_lag+co2_lag+pre_phase_sin_lag+pre_phase_cos_lag,True,3100,90,2,-407.67562153240857,-405.23217237039427,2.4434491620143035,0.0007882094071013882,0.0011371458028072029,0.03916835543002588,4.886898324028607,0.08686073743247051,-0.8726642961778452,90.00000266749532,89.99996172758046,0.2592944543815509,True,True,0.17545868961359046
pre_phase_after_lr04_co2_same_lag,weak_monsoon_start,Weak monsoon starts,pre_phase,Precession phase,10.0,10.0,10.0,event_history_2ka+lr04_lag+co2_lag,event_history_2ka+lr04_lag+co2_lag+pre_phase_sin_lag+pre_phase_cos_lag,True,3100,90,2,-408.092058019256,-405.7170370610511,2.3750209582049138,0.0007661357929693271,0.0011053003091643816,0.038071455093439815,4.7500419164098275,0.09301253981436666,-0.7358078885590658,90.00000480221655,90.00003799485931,0.23947406609129554,True,True,0.18420130433825554
pre_phase_after_lr04_co2_same_lag,weak_monsoon_start,Weak monsoon starts,pre_phase,Precession phase,10.2,10.2,10.2,event_history_2ka+lr04_lag+co2_lag,event_history_2ka+lr04_lag+co2_lag+pre_phase_sin_lag+pre_phase_cos_lag,True,3100,90,2,-408.2110586094418,-405.8966271273159,2.314431482125883,0.0007465908006857688,0.001077102845722679,0.037100209130447835,4.628862964251766,0.09882235030735648,-0.6146289364010045,89.99998337044987,90.00001761262459,0.2306535066891088,True,True,0.19194341117390396
pre_phase_after_lr04_co2_same_lag,weak_monsoon_start,Weak monsoon starts,pre_phase,Precession phase,10.4,10.4,10.4,event_history_2ka+lr04_lag+co2_lag,event_history_2ka+lr04_lag+co2_lag+pre_phase_sin_lag+pre_phase_cos_lag,True,3100,90,2,-408.29102334757374,-406.03577889330245,2.255244454271292,0.0007274982110552554,0.0010495580613450095,0.036151444335217,4.510488908542584,0.10484791008383061,-0.4962548806918221,89.9999906184802,89.9999895372101,0.22291829082950113,True,True,0.19431681926726757
pre_phase_after_lr04_co2_same_lag,weak_monsoon_start,Weak monsoon starts,pre_phase,Precession phase,10.6,10.6,10.6,event_history_2ka+lr04_lag+co2_lag,event_history_2ka+lr04_lag+co2_lag+pre_phase_sin_lag+pre_phase_cos_lag,True,3100,90,2,-408.30807967311773,-406.1015408354225,2.206538837695234,0.0007117867218371723,0.0010268911737651004,0.035370695985242354,4.413077675390468,0.11008099811109874,-0.3988436475397066,89.99995461639398,90.00000263233184,0.21964368899190645,True,True,0.19431681926726757
pre_phase_after_lr04_co2_same_lag,weak_monsoon_start,Weak monsoon starts,pre_phase,Precession phase,10.8,10.8,10.8,event_history_2ka+lr04_lag+co2_lag,event_history_2ka+lr04_lag+co2_lag+pre_phase_sin_lag+pre_phase_cos_lag,True,3100,90,2,-408.2921511747299,-406.1261004619995,2.166050712730396,0.0006987260363646438,0.0010080485876032732,0.034721673573001634,4.332101425460792,0.11462942869981209,-0.3178673976100299,89.99999516167709,89.9999814232062,0.21882011714680788,True,True,0.19431681926726757
pre_phase_after_lr04_co2_same_lag,weak_monsoon_start,Weak monsoon starts,pre_phase,Precession phase,11.0,11.0,11.0,event_history_2ka+lr04_lag+co2_lag,event_history_2ka+lr04_lag+co2_lag+pre_phase_sin_lag+pre_phase_cos_lag,True,3100,90,2,-408.3064937573234,-406.18938170685794,2.117112050465437,0.0006829393711178829,0.000985273243939597,0.03393718951347501,4.234224100930874,0.12037877482639463,-0.21999007308011187,89.99999248496525,90.00000698213971,0.2145395879710193,True,True,0.19431681926726757
pre_phase_after_lr04_co2_same_lag,weak_monsoon_start,Weak monsoon starts,pre_phase,Precession phase,11.2,11.2,11.2,event_history_2ka+lr04_lag+co2_lag,event_history_2ka+lr04_lag+co2_lag+pre_phase_sin_lag+pre_phase_cos_lag,True,3100,90,2,-408.2455351665053,-406.1564957156099,2.0890394508954273,0.0006738836938372346,0.0009722086632349149,0.03348718728920263,4.178078901790855,0.1238060004635369,-0.16384487394009284,89.99999666952297,89.99990931109025,0.2184396003503146,True,True,0.19431681926726757
pre_phase_after_lr04_co2_same_lag,weak_monsoon_start,Weak monsoon starts,pre_phase,Precession phase,11.4,11.4,11.4,event_history_2ka+lr04_lag+co2_lag,event_history_2ka+lr04_lag+co2_lag+pre_phase_sin_lag+pre_phase_cos_lag,True,3100,90,2,-408.1384528153334,-406.07194537201013,2.066507443323246,0.0006666153042978214,0.0009617225936911542,0.03312600044936198,4.133014886646492,0.1266272632002519,-0.11878085879573064,89.99998745469456,89.99997207780201,0.22740442634630634,True,True,0.19431681926726757
pre_phase_after_lr04_co2_same_lag,weak_monsoon_start,Weak monsoon starts,pre_phase,Precession phase,11.6,11.6,11.6,event_history_2ka+lr04_lag+co2_lag,event_history_2ka+lr04_lag+co2_lag+pre_phase_sin_lag+pre_phase_cos_lag,True,3100,90,2,-408.0101911631532,-405.9615671119776,2.0486240511755796,0.0006608464681211547,0.0009533999223473764,0.03283933065863185,4.097248102351159,0.12891215814569265,-0.08301407450039733,89.99998406109128,90.00001002797143,0.2363817211762106,True,True,0.19431681926726757
pre_phase_after_lr04_co2_same_lag,weak_monsoon_start,Weak monsoon starts,pre_phase,Precession phase,11.8,11.8,11.8,event_history_2ka+lr04_lag+co2_lag,event_history_2ka+lr04_lag+co2_lag+pre_phase_sin_lag+pre_phase_cos_lag,True,3100,90,2,-407.86163526120856,-405.82789549587545,2.0337397653331095,0.0006560450855913257,0.000946472991582181,0.03260073637671957,4.067479530666219,0.1308452743947793,-0.05324550281545726,90.00003377772887,90.00000285960135,0.2453239217089871,True,True,0.19431681926726757
pre_phase_after_lr04_co2_same_lag,weak_monsoon_start,Weak monsoon starts,pre_phase,Precession phase,12.0,12.0,12.0,event_history_2ka+lr04_lag+co2_lag,event_history_2ka+lr04_lag+co2_lag+pre_phase_sin_lag+pre_phase_cos_lag,True,3100,90,2,-407.6775205112138,-405.65792391684295,2.019596594370853,0.0006514827723776945,0.0009398909649338932,0.032374022125500765,4.039193188741706,0.13270898983684035,-0.024959160890944077,90.00000608750005,89.9999888426386,0.2547806386267981,True,True,0.19431681926726757
pre_phase_after_lr04_co2_same_lag,weak_monsoon_start,Weak monsoon starts,pre_phase,Precession phase,12.2,12.2,12.2,event_history_2ka+lr04_lag+co2_lag,event_history_2ka+lr04_lag+co2_lag+pre_phase_sin_lag+pre_phase_cos_lag,True,3100,90,2,-407.4740875928903,-405.4650637142943,2.0090238785960537,0.0006480722189019529,0.0009349705763477541,0.03220454207420042,4.018047757192107,0.13411952773588554,-0.0038137293413456064,89.99999078833474,89.99981208230925,0.264314948636093,True,True,0.19431681926726757
pre_phase_after_lr04_co2_same_lag,weak_monsoon_start,Weak monsoon starts,pre_phase,Precession phase,12.4,12.4,12.4,event_history_2ka+lr04_lag+co2_lag,event_history_2ka+lr04_lag+co2_lag+pre_phase_sin_lag+pre_phase_cos_lag,True,3100,90,2,-407.45805631594146,-405.46685935690357,1.991196959037893,0.000642321599689643,0.0009266741865281139,0.03191877753596836,3.982393918075786,0.13653190450405578,0.031840109774975645,90.00000082908244,89.9998480663246,0.2654514724165734,True,True,0.19431681926726757
pre_phase_after_lr04_co2_same_lag,weak_monsoon_start,Weak monsoon starts,pre_phase,Precession phase,12.6,12.6,12.6,event_history_2ka+lr04_lag+co2_lag,event_history_2ka+lr04_lag+co2_lag+pre_phase_sin_lag+pre_phase_cos_lag,True,3100,90,2,-407.3660583308718,-405.39188544041576,1.9741728904560318,0.0006368299646632361,0.0009187514319091445,0.03164588265464831,3.9483457809120637,0.13887613052574801,0.0658882469386981,90.0000026846435,90.00033018377371,0.2685316685271001,True,True,0.19431681926726757
pre_phase_after_lr04_co2_same_lag,weak_monsoon_start,Weak monsoon starts,pre_phase,Precession phase,12.8,12.8,12.8,event_history_2ka+lr04_lag+co2_lag,event_history_2ka+lr04_lag+co2_lag+pre_phase_sin_lag+pre_phase_cos_lag,True,3100,90,2,-407.2036018856894,-405.2459736490019,1.9576282366875262,0.0006314929795766213,0.000911051789991387,0.03138067276637,3.9152564733750523,0.14119290025214726,0.09897755447570944,89.99995094770952,89.99999853854855,0.2711178021407105,True,True,0.19431681926726757
pre_phase_after_lr04_co2_same_lag,weak_monsoon_start,Weak monsoon starts,pre_phase,Precession phase,13.0,13.0,13.0,event_history_2ka+lr04_lag+co2_lag,event_history_2ka+lr04_lag+co2_lag+pre_phase_sin_lag+pre_phase_cos_lag,True,3100,90,2,-407.2958432325566,-405.3659523416603,1.9298908908962744,0.0006225454486762176,0.0008981432315331738,0.03093604464169821,3.859781781792549,0.14516403633747899,0.15445224605821295,89.99999715532577,89.99992802113131,0.2640355960248421,True,True,0.19431681926726757
pre_phase_after_lr04_co2_same_lag,weak_monsoon_start,Weak monsoon starts,pre_phase,Precession phase,13.2,13.2,13.2,event_history_2ka+lr04_lag+co2_lag,event_history_2ka+lr04_lag+co2_lag+pre_phase_sin_lag+pre_phase_cos_lag,True,3100,90,2,-407.3879766471259,-405.49250939790693,1.8954672492189957,0.0006114410481351599,0.0008821229679405453,0.03038423556239656,3.7909344984379914,0.15024811532808094,0.22329952941277043,90.00000046497779,89.99993240488351,0.25749003186441727,True,True,0.19431681926726757
pre_phase_after_lr04_co2_same_lag,weak_monsoon_start,Weak monsoon starts,pre_phase,Precession phase,13.4,13.4,13.4,event_history_2ka+lr04_lag+co2_lag,event_history_2ka+lr04_lag+co2_lag+pre_phase_sin_lag+pre_phase_cos_lag,True,3100,90,2,-407.37525836642465,-405.5165158568094,1.8587425096152401,0.0005995943579404,0.0008650318067456172,0.029795540010126815,3.7174850192304802,0.15586851033663213,0.29674900862028153,90.00000142308073,89.99999564939893,0.25597645200681235,True,True,0.19431681926726757
pre_phase_after_lr04_co2_same_lag,weak_monsoon_start,Weak monsoon starts,pre_phase,Precession phase,13.6,13.6,13.6,event_history_2ka+lr04_lag+co2_lag,event_history_2ka+lr04_lag+co2_lag+pre_phase_sin_lag+pre_phase_cos_lag,True,3100,90,2,-407.37583075965426,-405.54833105313776,1.8274997065165053,0.000589516034360163,0.000850491859295935,0.029294719597971093,3.6549994130330106,0.16081515060160034,0.3592346148177512,89.99999847549222,90.0000317150957,0.2542382324183513,True,True,0.19431681926726757
pre_phase_after_lr04_co2_same_lag,weak_monsoon_start,Weak monsoon starts,pre_phase,Precession phase,13.8,13.8,13.8,event_history_2ka+lr04_lag+co2_lag,event_history_2ka+lr04_lag+co2_lag+pre_phase_sin_lag+pre_phase_cos_lag,True,3100,90,2,-407.3161329690847,-405.49613100725844,1.8200019618262786,0.0005870974070407351,0.0008470025176564376,0.02917453116372174,3.640003923652557,0.16202543306781655,0.37423010419820457,89.99998929934819,90.00006589484187,0.25559132839252985,True,True,0.19431681926726757
pre_phase_after_lr04_co2_same_lag,weak_monsoon_start,Weak monsoon starts,pre_phase,Precession phase,14.0,14.0,14.0,event_history_2ka+lr04_lag+co2_lag,event_history_2ka+lr04_lag+co2_lag+pre_phase_sin_lag+pre_phase_cos_lag,True,3100,90,2,-407.41265647813384,-405.6060514837769,1.806604994356917,0.0005827758046312635,0.0008407677632915994,0.02895977851337731,3.613209988713834,0.1642106877328674,0.40102403913692797,89.9999998981871,89.99998119498963,0.25228025912592333,True,True,0.19431681926726757
pre_phase_after_lr04_co2_same_lag,weak_monsoon_start,Weak monsoon starts,pre_phase,Precession phase,14.2,14.2,14.2,event_history_2ka+lr04_lag+co2_lag,event_history_2ka+lr04_lag+co2_lag+pre_phase_sin_lag+pre_phase_cos_lag,True,3100,90,2,-407.5396513744598,-405.737974607585,1.8016767668748344,0.0005811860538305917,0.0008384742376952209,0.028880779298390943,3.6033535337496687,0.16502195276435494,0.41088049410109306,89.99999477604628,89.99997128821693,0.24897573083780616,True,True,0.19431681926726757
pre_phase_after_lr04_co2_same_lag,weak_monsoon_start,Weak monsoon starts,pre_phase,Precession phase,14.4,14.4,14.4,event_history_2ka+lr04_lag+co2_lag,event_history_2ka+lr04_lag+co2_lag+pre_phase_sin_lag+pre_phase_cos_lag,True,3100,90,2,-407.5452571522106,-405.7231511749493,1.8221059772612875,0.0005877761216971896,0.0008479816959254832,0.029208258415211085,3.644211954522575,0.16168488743803813,0.3700220733281867,90.00000064025681,89.99998743251217,0.25035913262769655,True,True,0.19431681926726757
pre_phase_after_lr04_co2_same_lag,weak_monsoon_start,Weak monsoon starts,pre_phase,Precession phase,14.6,14.6,14.6,event_history_2ka+lr04_lag+co2_lag,event_history_2ka+lr04_lag+co2_lag+pre_phase_sin_lag+pre_phase_cos_lag,True,3100,90,2,-407.6079041223471,-405.78053312808174,1.8273709942653795,0.0005894745142791547,0.0008504319584809669,0.02929265634767775,3.654741988530759,0.1608358508138063,0.35949203932000273,90.00000463693482,90.00003615793308,0.24913519544344045,True,True,0.19431681926726757
pre_phase_after_lr04_co2_same_lag,weak_monsoon_start,Weak monsoon starts,pre_phase,Precession phase,14.8,14.8,14.8,event_history_2ka+lr04_lag+co2_lag,event_history_2ka+lr04_lag+co2_lag+pre_phase_sin_lag+pre_phase_cos_lag,True,3100,90,2,-407.8306365203225,-406.02780765837804,1.8028288619444766,0.000581557697401444,0.0008390104060318678,0.028899247318875446,3.605657723888953,0.1648319412628667,0.40857630396180866,90.00001128132757,89.99999815002403,0.2404956665376649,True,True,0.19431681926726757
pre_phase_after_lr04_co2_same_lag,weak_monsoon_start,Weak monsoon starts,pre_phase,Precession phase,15.0,15.0,15.0,event_history_2ka+lr04_lag+co2_lag,event_history_2ka+lr04_lag+co2_lag+pre_phase_sin_lag+pre_phase_cos_lag,True,3100,90,2,-407.6765421261912,-405.8489162196447,1.8276259065464728,0.0005895567440472494,0.0008505505909596104,0.029296742577497693,3.6552518130929457,0.1607948570053284,0.3589822147578161,89.99999877656606,89.99999260890867,0.24761492270592306,True,True,0.19431681926726757
pre_phase_after_lr04_co2_same_lag,weak_monsoon_start,Weak monsoon starts,pre_phase,Precession phase,15.2,15.2,15.2,event_history_2ka+lr04_lag+co2_lag,event_history_2ka+lr04_lag+co2_lag+pre_phase_sin_lag+pre_phase_cos_lag,True,3100,90,2,-407.68010222031893,-405.85436058909255,1.8257416312263786,0.0005889489132988318,0.0008496736765531687,0.02926653774794248,3.651483262452757,0.16109812441590105,0.36275076539800466,89.99999843888756,89.9999887945302,0.24787150534865554,True,True,0.19431681926726757
pre_phase_after_lr04_co2_same_lag,weak_monsoon_start,Weak monsoon starts,pre_phase,Precession phase,15.4,15.4,15.4,event_history_2ka+lr04_lag+co2_lag,event_history_2ka+lr04_lag+co2_lag+pre_phase_sin_lag+pre_phase_cos_lag,True,3100,90,2,-407.59234448586744,-405.765646537863,1.826697948004437,0.0005892574025820764,0.0008501187325122731,0.02928186745320052,3.653395896008874,0.16094413721861422,0.36083813184188784,89.9999842471382,89.99998229659873,0.2513862063256148,True,True,0.19431681926726757
pre_phase_after_lr04_co2_same_lag,weak_monsoon_start,Weak monsoon starts,pre_phase,Precession phase,15.6,15.6,15.6,event_history_2ka+lr04_lag+co2_lag,event_history_2ka+lr04_lag+co2_lag+pre_phase_sin_lag+pre_phase_cos_lag,True,3100,90,2,-407.5335288932192,-405.69509109898223,1.8384377942369952,0.0005930444497538694,0.0008555822866866315,0.029470056541428417,3.6768755884739903,0.159065725502126,0.33735843937677146,90.00000394835115,89.99997530558477,0.25368273083628967,True,True,0.19431681926726757
pre_phase_after_lr04_co2_same_lag,weak_monsoon_start,Weak monsoon starts,pre_phase,Precession phase,15.8,15.8,15.8,event_history_2ka+lr04_lag+co2_lag,event_history_2ka+lr04_lag+co2_lag+pre_phase_sin_lag+pre_phase_cos_lag,True,3100,90,2,-407.4830752729681,-405.6212395867531,1.861835686214988,0.0006005921568435445,0.0008664713262749883,0.02984512346058293,3.723671372429976,0.15538712639440708,0.29056265542078563,90.00000754533535,89.99999882020808,0.25555248266724967,True,True,0.19431681926726757
pre_phase_after_lr04_co2_same_lag,weak_monsoon_start,Weak monsoon starts,pre_phase,Precession phase,16.0,16.0,16.0,event_history_2ka+lr04_lag+co2_lag,event_history_2ka+lr04_lag+co2_lag+pre_phase_sin_lag+pre_phase_cos_lag,True,3100,90,2,-407.56780478768724,-405.7120045578339,1.8558002298533438,0.0005986452354365625,0.0008636625124161348,0.029748375427666864,3.7116004597066876,0.15632779443993802,0.30263356814407416,89.99996353699524,89.99997169348852,0.25237421926518305,True,True,0.19431681926726757
pre_phase_after_lr04_co2_same_lag,weak_monsoon_start,Weak monsoon starts,pre_phase,Precession phase,16.2,16.2,16.2,event_history_2ka+lr04_lag+co2_lag,event_history_2ka+lr04_lag+co2_lag+pre_phase_sin_lag+pre_phase_cos_lag,True,3100,90,2,-407.64805270721627,-405.8135253776405,1.834527329575792,0.0005917830095405781,0.0008537624131465381,0.02940737200838076,3.669054659151584,0.15968896418272888,0.34517936869917776,89.99991023834863,90.00003027668662,0.2492247721004824,True,True,0.19431681926726757
pre_phase_after_lr04_co2_same_lag,weak_monsoon_start,Weak monsoon starts,pre_phase,Precession phase,16.4,16.4,16.4,event_history_2ka+lr04_lag+co2_lag,event_history_2ka+lr04_lag+co2_lag+pre_phase_sin_lag+pre_phase_cos_lag,True,3100,90,2,-407.7381550072,-405.9263342647354,1.811820742464647,0.0005844583040208539,0.0008431950968172601,0.02904338666815007,3.623641484929294,0.16335643586692242,0.3905925429214676,89.99999279616274,90.00001492973838,0.24553382864604015,True,True,0.19431681926726757
pre_phase_after_lr04_co2_same_lag,weak_monsoon_start,Weak monsoon starts,pre_phase,Precession phase,16.6,16.6,16.6,event_history_2ka+lr04_lag+co2_lag,event_history_2ka+lr04_lag+co2_lag+pre_phase_sin_lag+pre_phase_cos_lag,True,3100,90,2,-407.84800999916854,-406.0726959200251,1.7753140791434134,0.0005726819610140043,0.0008262054251614708,0.028458186866672883,3.550628158286827,0.1694302266413609,0.4636058695639349,89.99998732938747,90.00001388790095,0.2407901648975714,True,True,0.19431681926726757
pre_phase_after_lr04_co2_same_lag,weak_monsoon_start,Weak monsoon starts,pre_phase,Precession phase,16.8,16.8,16.8,event_history_2ka+lr04_lag+co2_lag,event_history_2ka+lr04_lag+co2_lag+pre_phase_sin_lag+pre_phase_cos_lag,True,3100,90,2,-407.8741790147333,-406.13994672358166,1.7342322911516135,0.0005594297713392302,0.0008070865568367542,0.02779964806882153,3.468464582303227,0.17653567627736166,0.5457694455475348,89.99999571456107,90.00004647306022,0.23919782912971882,True,True,0.19431681926726757
pre_phase_after_lr04_co2_same_lag,weak_monsoon_start,Weak monsoon starts,pre_phase,Precession phase,17.0,17.0,17.0,event_history_2ka+lr04_lag+co2_lag,event_history_2ka+lr04_lag+co2_lag+pre_phase_sin_lag+pre_phase_cos_lag,True,3100,90,2,-407.96862192553976,-406.2771662167786,1.6914557087611684,0.0005456308737939253,0.000787178955778408,0.027113941810145162,3.3829114175223367,0.184251112717028,0.6313226103284251,89.99999648090258,89.99999030769101,0.23436625097961253,True,True,0.19431681926726757
pre_phase_after_lr04_co2_same_lag,weak_monsoon_start,Weak monsoon starts,pre_phase,Precession phase,17.2,17.2,17.2,event_history_2ka+lr04_lag+co2_lag,event_history_2ka+lr04_lag+co2_lag+pre_phase_sin_lag+pre_phase_cos_lag,True,3100,90,2,-407.85189184520857,-406.1595739311748,1.6923179140337652,0.000545909004527021,0.0007875802136077639,0.027127762913156314,3.3846358280675304,0.18409231890243088,0.6295981997832314,89.99999312848493,89.99995088919967,0.23922363914943812,True,True,0.19431681926726757
pre_phase_after_lr04_co2_same_lag,weak_monsoon_start,Weak monsoon starts,pre_phase,Precession phase,17.4,17.4,17.4,event_history_2ka+lr04_lag+co2_lag,event_history_2ka+lr04_lag+co2_lag+pre_phase_sin_lag+pre_phase_cos_lag,True,3100,90,2,-407.879982779168,-406.2023491176807,1.6776336614873344,0.0005411721488668821,0.0007807463754374746,0.02689237515395746,3.355267322974669,0.18681552217444428,0.658966704876093,89.9999893207225,89.99997050764671,0.23738429005094597,True,True,0.19431681926726757
pre_phase_after_lr04_co2_same_lag,weak_monsoon_start,Weak monsoon starts,pre_phase,Precession phase,17.6,17.6,17.6,event_history_2ka+lr04_lag+co2_lag,event_history_2ka+lr04_lag+co2_lag+pre_phase_sin_lag+pre_phase_cos_lag,True,3100,90,2,-407.7406928546034,-406.04191038168227,1.6987824729211525,0.0005479943461035976,0.0007905887255588505,0.02723138943591596,3.397564945842305,0.18290608164758454,0.6166690820084568,90.00003855145697,90.00000924218553,0.24275990010117168,True,True,0.19431681926726757
pre_phase_after_lr04_co2_same_lag,weak_monsoon_start,Weak monsoon starts,pre_phase,Precession phase,17.8,17.8,17.8,event_history_2ka+lr04_lag+co2_lag,event_history_2ka+lr04_lag+co2_lag+pre_phase_sin_lag+pre_phase_cos_lag,True,3100,90,2,-407.69806933913395,-405.98097430161306,1.7170950375208918,0.0005539016250067393,0.000799111127537561,0.02752493883740488,3.4341900750417835,0.17958708463693493,0.5800439528089782,89.99995724106715,89.99986305436039,0.2436093452584391,True,True,0.19431681926726757
pre_phase_after_lr04_co2_same_lag,weak_monsoon_start,Weak monsoon starts,pre_phase,Precession phase,18.0,18.0,18.0,event_history_2ka+lr04_lag+co2_lag,event_history_2ka+lr04_lag+co2_lag+pre_phase_sin_lag+pre_phase_cos_lag,True,3100,90,2,-407.87061486215197,-406.16219361500634,1.7084212471456226,0.0005511036281114911,0.0007950744712923639,0.027385898455625866,3.416842494291245,0.1811515605225684,0.5973915335595166,90.00007582534211,90.0000009654425,0.23557186406675487,True,True,0.19431681926726757
pre_phase_after_lr04_co2_same_lag,weak_monsoon_start,Weak monsoon starts,pre_phase,Precession phase,18.2,18.2,18.2,event_history_2ka+lr04_lag+co2_lag,event_history_2ka+lr04_lag+co2_lag+pre_phase_sin_lag+pre_phase_cos_lag,True,3100,90,2,-407.973979436667,-406.2675348611182,1.706444575548801,0.0005504659921125165,0.0007941545569987507,0.027354212518845858,3.412889151097602,0.18150999180073063,0.60134487675316,89.99999487162717,89.99996583868071,0.2296544143915886,True,True,0.19431681926726757
pre_phase_after_lr04_co2_same_lag,weak_monsoon_start,Weak monsoon starts,pre_phase,Precession phase,18.4,18.4,18.4,event_history_2ka+lr04_lag+co2_lag,event_history_2ka+lr04_lag+co2_lag+pre_phase_sin_lag+pre_phase_cos_lag,True,3100,90,2,-407.9158770185996,-406.19118374725815,1.7246932713414367,0.000556352668174657,0.0008026472353609207,0.027646738106876158,3.4493865426828734,0.17822771093639825,0.5648474851678884,89.99999944273279,89.99998516534058,0.2305032997953805,True,True,0.19431681926726757
pre_phase_after_lr04_co2_same_lag,weak_monsoon_start,Weak monsoon starts,pre_phase,Precession phase,18.6,18.6,18.6,event_history_2ka+lr04_lag+co2_lag,event_history_2ka+lr04_lag+co2_lag+pre_phase_sin_lag+pre_phase_cos_lag,True,3100,90,2,-407.6915051740117,-405.9350478144048,1.756457359606884,0.0005665991482602851,0.0008174297813670239,0.028155914691530823,3.512914719213768,0.17265543779048445,0.5013193086369938,89.99998876344128,90.00000927079012,0.23833900074382225,True,True,0.19431681926726757
pre_phase_after_lr04_co2_same_lag,weak_monsoon_start,Weak monsoon starts,pre_phase,Precession phase,18.8,18.8,18.8,event_history_2ka+lr04_lag+co2_lag,event_history_2ka+lr04_lag+co2_lag+pre_phase_sin_lag+pre_phase_cos_lag,True,3100,90,2,-407.711924622878,-405.96479399618863,1.7471306266893407,0.000563590524738497,0.0008130892551322383,0.028006407676777097,3.4942612533786814,0.17427328181736107,0.5199727744720803,90.00000681354925,89.99998760252188,0.23891303403990186,True,True,0.19431681926726757
pre_phase_after_lr04_co2_same_lag,weak_monsoon_start,Weak monsoon starts,pre_phase,Precession phase,19.0,19.0,19.0,event_history_2ka+lr04_lag+co2_lag,event_history_2ka+lr04_lag+co2_lag+pre_phase_sin_lag+pre_phase_cos_lag,True,3100,90,2,-407.8506783588922,-406.13257779678065,1.7181005621115446,0.0005542259877779176,0.0007995790840989891,0.027541057341187402,3.436201124223089,0.17940659616517451,0.5780329036276726,89.99999452441365,89.99999533255422,0.2352850626153601,True,True,0.19431681926726757
pre_phase_after_lr04_co2_same_lag,weak_monsoon_start,Weak monsoon starts,pre_phase,Precession phase,19.2,19.2,19.2,event_history_2ka+lr04_lag+co2_lag,event_history_2ka+lr04_lag+co2_lag+pre_phase_sin_lag+pre_phase_cos_lag,True,3100,90,2,-408.07242591998875,-406.4008243599439,1.6716015600448486,0.0005392263096918867,0.0007779391229093413,0.026795680900210644,3.3432031200896972,0.18794581795737636,0.6710309077610646,89.99999974941721,90.00000257278398,0.23144365549975787,True,True,0.19431681926726757
pre_phase_after_lr04_co2_same_lag,weak_monsoon_start,Weak monsoon starts,pre_phase,Precession phase,19.4,19.4,19.4,event_history_2ka+lr04_lag+co2_lag,event_history_2ka+lr04_lag+co2_lag+pre_phase_sin_lag+pre_phase_cos_lag,True,3100,90,2,-408.0237202510142,-406.36426724602615,1.6594530049880518,0.0005353074209638877,0.0007722853615756615,0.026600940232050563,3.3189060099761036,0.19024301362552842,0.6953280178746581,89.99999584737213,90.00000275862119,0.23259545743119975,True,True,0.19431681926726757
pre_phase_after_lr04_co2_same_lag,weak_monsoon_start,Weak monsoon starts,pre_phase,Precession phase,19.6,19.6,19.6,event_history_2ka+lr04_lag+co2_lag,event_history_2ka+lr04_lag+co2_lag+pre_phase_sin_lag+pre_phase_cos_lag,True,3100,90,2,-407.9534302122401,-406.3048166929817,1.6486135192583902,0.0005318108126639968,0.0007672408221214779,0.026427183873073128,3.2972270385167803,0.19231636679736497,0.7170069893339814,90.0000036301432,89.99998883326288,0.23423831071210494,True,True,0.19431681926726757
pre_phase_after_lr04_co2_same_lag,weak_monsoon_start,Weak monsoon starts,pre_phase,Precession phase,19.8,19.8,19.8,event_history_2ka+lr04_lag+co2_lag,event_history_2ka+lr04_lag+co2_lag+pre_phase_sin_lag+pre_phase_cos_lag,True,3100,90,2,-407.8539427774448,-406.2156774144927,1.6382653629520973,0.000528472697726483,0.0007624249402552092,0.02626130349767943,3.2765307259041947,0.19431681926726757,0.7377033019465671,89.9999943553845,89.99995628222345,0.23636312882870955,True,True,0.19431681926726757
pre_phase_after_lr04_co2_same_lag,weak_monsoon_start,Weak monsoon starts,pre_phase,Precession phase,20.0,20.0,20.0,event_history_2ka+lr04_lag+co2_lag,event_history_2ka+lr04_lag+co2_lag+pre_phase_sin_lag+pre_phase_cos_lag,True,3100,90,2,-407.5739700553339,-405.92935008747463,1.6446199678592848,0.0005305225702771886,0.0007653822812185667,0.02636316746419507,3.2892399357185695,0.19308592771081542,0.7249940921321922,90.00000659696501,89.99999231588177,0.24368053445241075,True,True,0.19431681926726757
