realization_id,catalogue_kind,event_type,event_label,n_events,lohmann_event_count_ES,lohmann_poisson_ES_p_value,lohmann_fixed_n_ES_p_value,rayleigh_pre_n_phase_events_used,rayleigh_pre_n_extrapolated,rayleigh_pre_mean_phase_deg,rayleigh_pre_mean_resultant_length,rayleigh_pre_z,rayleigh_pre_p_value,n_hazard_bins_after_history_filter,n_hazard_events_after_history_filter,precession_phase_after_adjusted_climate_LR_statistic,precession_phase_after_adjusted_climate_LR_p_value,precession_phase_after_adjusted_climate_delta_AICc,precession_phase_after_adjusted_climate_bits_per_event,full_vs_adjusted_baseline_LR_statistic,full_vs_adjusted_baseline_LR_p_value,full_vs_adjusted_baseline_delta_AICc,full_model_converged,full_model_log_likelihood,adjusted_climate_model_log_likelihood,adjusted_baseline_log_likelihood,stationary_log_likelihood,full_model_pre_phase_preferred_deg,full_model_pre_phase_rate_ratio_max_vs_min
0,published_catalogue,strong_monsoon_start,Strong monsoon starts,96,2.0102125586107844,0.07518496300739852,0.046790641871625675,96,0,21.91629807682798,0.25388593869817744,6.187974707390852,0.0019154376890144474,3175,95,19.743773488954957,5.160527074473777e-05,-15.727342207984066,0.14991707421552794,33.47674932160032,9.539597967680915e-07,-25.44895321349759,True,-403.33031838561413,-413.2022051300916,-420.0686930464143,-428.3726718739949,2.122698462484428,4.024232150882664
0,published_catalogue,weak_monsoon_start,Weak monsoon starts,100,2.1914717823966967,0.023195360927814438,0.010797840431913617,100,0,225.32661865293403,0.24192682144200942,5.852858693303391,0.0027094913683490683,3175,98,14.519503355828988,0.0007032826545401922,-10.503072074858096,0.10687354840625074,36.2123605163074,2.616734716892667e-07,-28.184564408204665,True,-414.61120488311644,-421.87095656103094,-432.71738514127014,-438.85335240030884,232.8245910812057,3.2105340624826137
1,age_randomized,strong_monsoon_start,Strong monsoon starts,96,2.0076442112441826,0.07618476304739052,0.04859028194361128,96,0,20.48698198227706,0.2062507330385265,4.083779028377235,0.016466810987042575,3175,95,13.888228623803684,0.0009642940180279527,-9.871797342832792,0.10545515032786172,27.239778946075262,1.7778750983763187e-05,-19.211982837972528,True,-410.26014420302437,-417.2042585149262,-423.880033676062,-428.37267187399476,358.8476622820287,3.1560489016341893
1,age_randomized,weak_monsoon_start,Weak monsoon starts,100,2.1776141962139213,0.026394721055788842,0.01279744051189762,100,0,222.15373049184166,0.20674095996108405,4.274182452563056,0.013582072427601519,3175,99,12.524630480122141,0.0019068259223071064,-8.50819919915125,0.09125869839716652,38.38723302460858,9.322499429453815e-08,-30.359436916505842,True,-418.83477069080385,-425.0970859308649,-438.02838720310814,-442.3263630580292,227.63281701932164,2.9146462223616574
2,age_randomized,strong_monsoon_start,Strong monsoon starts,96,2.019016334516754,0.0691861627674465,0.04279144171165767,96,0,21.29756934053044,0.22327525606348522,4.78577663714063,0.008055612015803048,3175,95,16.176161634497703,0.00030717872389335934,-12.159730353526811,0.1228277272142534,31.253151362861104,2.7181112247001256e-06,-23.22535525475837,True,-406.5200778861301,-414.60815870337893,-422.14665356756063,-428.37267187399357,0.19161627063161926,3.4597134829379677
2,age_randomized,weak_monsoon_start,Weak monsoon starts,100,2.20244383079285,0.022195560887822437,0.009598080383923215,100,0,224.95819558392694,0.1990516769229255,3.9621570085828712,0.018648813881895678,3175,98,10.33328380677085,0.005703690238344095,-6.316852525799959,0.07606008828635988,33.408231084248996,9.853012420204048e-07,-25.38043497614626,True,-418.1957409358962,-423.3623828392816,-434.8998564780207,-438.85335240030884,233.0749073403311,2.651619216739225
3,age_randomized,strong_monsoon_start,Strong monsoon starts,96,2.001531177820734,0.07998400319936012,0.04999000199960008,96,0,12.96161412568441,0.24979697584426896,5.99025879753046,0.0023470659232018957,3175,95,20.77811954663457,3.076724914075387e-05,-16.76168826566368,0.1577710001522512,33.848242029614084,8.005445395821883e-07,-25.82044592151135,True,-405.01177319113117,-415.40083296444845,-421.9358942059382,-428.37267187399505,354.89870222971444,4.16379886679136
3,age_randomized,weak_monsoon_start,Weak monsoon starts,100,2.2096066474830076,0.021395720855828835,0.008798240351929614,100,0,219.3230415603831,0.21723696746046245,4.719190003141803,0.008634003633709723,3175,99,11.623421596276671,0.0029923064585224454,-7.606990315305779,0.08469218532883856,33.71351677735629,8.531108618533468e-07,-25.685720669253556,True,-420.26809818201747,-426.0798089801558,-437.1248565706956,-442.32636305802663,227.70015055377374,2.8083194259802107
4,age_randomized,strong_monsoon_start,Strong monsoon starts,96,2.0154194380141925,0.07118576284743051,0.04499100179964007,96,0,16.663054209835234,0.23231681710374216,5.181225936884505,0.0053784230007248995,3175,95,18.338851345052944,0.00010417632387778019,-14.322420064082053,0.13924931521635675,31.609084995292733,2.299328898147414e-06,-23.58128888719,True,-407.14655363159375,-416.3159793041202,-422.9510961292401,-428.3726718739923,357.88106114166123,3.8456650333643356
4,age_randomized,weak_monsoon_start,Weak monsoon starts,100,2.202205889280346,0.022195560887822437,0.009598080383923215,100,0,226.08515227360218,0.22065734475182797,4.868966379292706,0.007411180263699595,3175,98,11.207598679474131,0.0036838409314530547,-7.191167398503239,0.08249564813852563,28.989388573790393,7.856285659341744e-06,-20.96159246568766,True,-419.1025868418933,-424.70638618163036,-433.5972811287885,-438.85335240031,234.0975548948871,2.7533115600955833
5,age_randomized,strong_monsoon_start,Strong monsoon starts,96,2.0208522759755856,0.06818636272745451,0.04239152169566087,96,0,14.901443759435283,0.24210411252166478,5.62698252479068,0.003407474960157699,3175,95,18.813349744140282,8.217373174909281e-05,-14.79691846316939,0.14285224409674124,30.623992423469417,3.6525119897930104e-06,-22.596196315366683,True,-407.1279780556907,-416.5346529277608,-422.4399742674254,-428.3726718739942,355.85094501661916,3.9103629495228818
5,age_randomized,weak_monsoon_start,Weak monsoon starts,100,2.174798720795902,0.02659468106378724,0.013197360527894421,100,0,230.66170734735692,0.21887395971058266,4.790581023938976,0.008027955382579128,3175,98,13.29871979751033,0.0012948506757825564,-9.282288516539438,0.09788774031653079,38.3707790813188,9.395682318498381e-08,-30.342982973216067,True,-415.10430077399013,-421.7536606727453,-434.28969031464953,-438.85335240030986,234.79193403426498,3.058352559212597
6,age_randomized,strong_monsoon_start,Strong monsoon starts,96,2.020373495567845,0.0683863227354529,0.04239152169566087,96,0,18.624935295076856,0.23421333647119277,5.266165150172943,0.00493084381847645,3175,95,16.588939960771086,0.00024989493701177136,-12.572508679800194,0.12596200744741687,31.030329005487715,3.018092697711804e-06,-23.00253289738498,True,-405.4202848471407,-413.71475482752624,-420.93544934988455,-428.37267187399516,0.5825351309518081,3.537320415535831
6,age_randomized,weak_monsoon_start,Weak monsoon starts,100,2.1697328053541796,0.027794441111777646,0.014397120575884824,100,0,227.1174099026852,0.22166880116674503,4.913705741070194,0.007080525582335877,3175,98,12.226375813070717,0.0022134831758186873,-8.209944532099826,0.08999454976307088,31.068942720305472,2.963842513048665e-06,-23.041146612202738,True,-421.0943178421853,-427.2075057487207,-436.62878920233806,-440.2396467614301,232.66635164141903,2.908842262829169
7,age_randomized,strong_monsoon_start,Strong monsoon starts,96,1.9723172849286317,0.10277944411117776,0.0665866826634673,96,0,22.597559018616018,0.21017364320100684,4.240604188452877,0.014039283495625297,3175,95,13.705323141340841,0.0010566396259517727,-9.68889186036995,0.10406632489364832,24.958177097620364,5.129336965224932e-05,-16.93038098951763,True,-410.22477468980514,-417.07743626047557,-422.7038632386153,-428.37267187399436,1.5425192486265276,3.142010085138589
7,age_randomized,weak_monsoon_start,Weak monsoon starts,100,2.161561620110858,0.030193961207758448,0.015996800639872025,100,0,227.26166701103858,0.23695631587422117,5.614829563268367,0.0034579482076756087,3175,99,16.679992482365833,0.00023877324044021243,-12.663561201394941,0.12153607291098172,43.90378728934502,6.717880057474713e-09,-35.875991181242284,True,-415.3023521891328,-423.64234843031574,-437.2542458338053,-442.32636305802794,231.5379210724717,3.457894160724438
8,age_randomized,strong_monsoon_start,Strong monsoon starts,96,2.0001612318112985,0.08078384323135374,0.05078984203159368,96,0,20.273964541464665,0.2684554209833718,6.918558053314499,0.0009021874756468497,3175,95,20.733683192212425,3.145849197675509e-05,-16.717251911241533,0.1574335890566722,32.26915682305719,1.6854468095436906e-06,-24.241360714954453,True,-405.0931237021983,-415.4599652983045,-421.2277021137269,-428.3726718739956,3.5755750213392288,4.208533806156277
8,age_randomized,weak_monsoon_start,Weak monsoon starts,100,2.1974783359028445,0.022595480903819236,0.009998000399920015,100,0,231.0179749971695,0.2294313393588611,5.2638739480000885,0.004951776636582812,3175,98,15.008019201573347,0.0005508711626266263,-10.991587920602456,0.1104693616105929,34.181517313500535,6.839661421602473e-07,-26.1537212053978,True,-418.2807615971601,-425.7847711979468,-435.3715202539104,-438.85335240031026,236.66687470885068,3.30946834514722
9,age_randomized,strong_monsoon_start,Strong monsoon starts,96,2.0077245218313,0.07618476304739052,0.04859028194361128,96,0,18.05082827567334,0.22745317696378817,4.966554980248352,0.006697958313359512,3175,95,15.906291831646968,0.0003515544624267069,-11.889860550676076,0.12077857023394582,30.376187018132896,4.102895944636557e-06,-22.34839091003016,True,-406.42391417082115,-414.37706008664463,-421.6120076798876,-428.3726718739959,0.8366168436630487,3.4335901412332084
9,age_randomized,weak_monsoon_start,Weak monsoon starts,100,2.1558663676645975,0.03159368126374725,0.016396720655868825,100,0,233.36101144344946,0.22070610648744904,4.871118544084919,0.007394928205335636,3175,99,15.114798983107676,0.0005222315471308056,-11.098367702136784,0.1101315431159747,41.44742300369012,2.1714032163191246e-08,-33.419626895587385,True,-416.819520076436,-424.37691956798983,-437.54323157828105,-442.32636305802765,238.33332658138127,3.3043935313018764
10,age_randomized,strong_monsoon_start,Strong monsoon starts,96,2.0050725740202116,0.07778444311137772,0.04939012197560488,96,0,17.748586016357894,0.2517359328270512,6.083614068125341,0.0021323825506084295,3175,94,20.024761389705986,4.484131225764575e-05,-16.008330108735095,0.1536682125101788,29.9239393038971,5.0720744831919055e-06,-21.896143195794366,True,-405.4510387753727,-415.4634194702257,-420.41300842732124,-424.85820413133695,2.9662711379848776,4.107851367265733
10,age_randomized,weak_monsoon_start,Weak monsoon starts,100,2.2106644810096236,0.021195760847830435,0.008598280343931213,100,0,216.05486644435854,0.2323439532971452,5.398371263374599,0.00431552063348211,3175,99,14.629088709240364,0.0006657846056856418,-10.612657428269472,0.10659249360376666,37.63172380505159,1.3347132457739084e-07,-29.60392769694886,True,-417.5403467492206,-424.85489110384077,-436.3562086517464,-442.32636305802686,221.14778729870852,3.2071400490645985
11,age_randomized,strong_monsoon_start,Strong monsoon starts,96,2.0182175781716447,0.06938612277544491,0.04299140171965607,96,0,28.18957047937061,0.22131221044034863,4.701993071039343,0.008774466886395634,3175,95,14.844630024741036,0.0005977637120971404,-10.828198743770145,0.11271723221329108,29.307103516329562,6.771053179213056e-06,-21.279307408226828,True,-407.94936065394074,-415.37167566631126,-422.6029124121055,-428.3726718739954,7.513155768272952,3.3027051819522777
11,age_randomized,weak_monsoon_start,Weak monsoon starts,100,2.198156942873154,0.022595480903819236,0.009998000399920015,100,0,232.06302696199273,0.23634973671601542,5.586119804572981,0.0035611166467842694,3175,99,15.352660644147022,0.0004636733122795856,-11.33622936317613,0.11186468371597004,38.41882197178643,9.183589528333459e-08,-30.391025863683694,True,-418.69443975978254,-426.37077008185605,-437.90385074567575,-442.3263630580277,236.86275146862982,3.2966419363952584
12,age_randomized,strong_monsoon_start,Strong monsoon starts,96,2.0097312434934795,0.07578484303139373,0.046990601879624075,96,0,28.406315119883512,0.21780614598907452,4.554193654138948,0.010201524549039888,3175,95,14.781849702158524,0.0006168252181589323,-10.765418421187633,0.11224053294984265,28.756413526091364,8.760519061753254e-06,-20.72861741798863,True,-408.59476214704364,-415.9856869981229,-422.9729689100893,-428.372671873994,5.673843281313149,3.3086665523787375
12,age_randomized,weak_monsoon_start,Weak monsoon starts,100,2.138105253370867,0.03679264147170566,0.020795840831833633,100,0,226.68697033285076,0.1753289244748526,3.0740231757508565,0.045849451525697485,3175,98,8.581863757359542,0.013692159918488468,-4.565432476388651,0.06316843002207825,29.77272395146531,5.4445199335016005e-06,-21.744927843362575,True,-419.9993109004898,-424.29024277916955,-434.88567287622243,-438.8533524003086,236.72503631423686,2.4152738685125748
13,age_randomized,strong_monsoon_start,Strong monsoon starts,96,1.9768900230344555,0.09798040391921616,0.0635872825434913,96,0,20.574605271967886,0.23027337881854762,5.090479583280992,0.005901316646981523,3175,95,17.22803254414646,0.00018154331690998322,-13.211601263175567,0.13081472166165142,29.733266970352133,5.546102640168833e-06,-21.7054708622494,True,-408.6253275353305,-417.2393438074037,-423.49196102050655,-428.37267187399664,359.9048514946868,3.664912032508311
13,age_randomized,weak_monsoon_start,Weak monsoon starts,100,2.2026268452347066,0.022195560887822437,0.009598080383923215,100,0,219.17903127169896,0.2177104116620085,4.739782334604121,0.008454666967246147,3175,98,11.167605970025306,0.0037582457548473477,-7.151174689054415,0.08220127424264026,33.24377386953711,1.0647769370866132e-06,-25.215977761434374,True,-417.7444996225066,-423.3283026075193,-434.3663865572752,-438.85335240030855,228.9161953691926,2.7514808627670866
14,age_randomized,strong_monsoon_start,Strong monsoon starts,96,2.003544102658981,0.07878424315136973,0.049590081983603276,96,0,26.69827291001847,0.22027165336577756,4.657881722543353,0.009178219041006151,3175,95,15.528784754523258,0.00042458753028976927,-11.512353473552366,0.11791210924412024,30.31307850140695,4.226170154639964e-06,-22.285282393304215,True,-407.05663983208194,-414.82103220934357,-422.2131790827854,-428.3726718739946,3.1193662896989727,3.360535890420079
14,age_randomized,weak_monsoon_start,Weak monsoon starts,100,2.1979001973087615,0.022595480903819236,0.009998000399920015,100,0,225.83341739407348,0.19185089994494867,3.6806767809686702,0.024812266260387215,3175,98,9.134170678671012,0.010388193694855385,-5.11773939770012,0.0672337894936329,32.61410348717004,1.4327172958728507e-06,-24.586307379067307,True,-416.8650434768288,-421.4321288161643,-433.17209522041384,-438.85335240030963,236.27092631529948,2.4629350831027135
15,age_randomized,strong_monsoon_start,Strong monsoon starts,96,2.0013700563732746,0.08018396320735853,0.04999000199960008,96,0,13.171723821125648,0.26699908734376565,6.843697213670764,0.0009746810208777698,3175,95,22.415578960549624,1.3568094957878648e-05,-18.399147679578732,0.17020444528968384,33.68567338135506,8.643962342259723e-07,-25.657877273252325,True,-407.86595183095227,-419.0737413112271,-424.7087885216298,-429.0658190545547,355.6683130388255,4.480272313522857
15,age_randomized,weak_monsoon_start,Weak monsoon starts,100,2.188489951978974,0.023795240951809637,0.011397720455908818,100,0,224.53819769601049,0.21472838102960679,4.6108277619596,0.00964195971659505,3175,98,11.4132242243885,0.0033239145403761313,-7.3967929434176085,0.08400919382183202,32.73856742641817,1.3511150130585122e-06,-24.710771318315437,True,-419.3738615566205,-425.08047366881476,-435.7431452698296,-438.8533524003111,233.16204715271815,2.775489762028603
16,age_randomized,strong_monsoon_start,Strong monsoon starts,96,2.00209500077583,0.07958408318336332,0.04979004199160168,96,0,5.174850241292511,0.2294436892238768,5.053863026367645,0.006126352839195089,3175,95,17.90604636616081,0.0001293455331368037,-13.889615085189916,0.13596296997046337,32.09197104021132,1.83205769836811e-06,-24.064174932108585,True,-406.9698019934915,-415.9228251765719,-423.01578751359716,-428.37267187399243,348.34978235497675,3.766848138830827
16,age_randomized,weak_monsoon_start,Weak monsoon starts,100,2.1727960344274093,0.026994601079784044,0.013597280543891222,100,0,224.29653187404818,0.22156638711356513,4.90916638985582,0.007113394247300848,3175,98,12.612817179267154,0.0018245742813847584,-8.596385898296262,0.09283902447024411,34.69232106448737,5.372833570010979e-07,-26.66452495638464,True,-418.03284675853524,-424.3392553481688,-435.37900729077893,-439.54649958087,231.68671641557762,2.982329543447111
17,age_randomized,strong_monsoon_start,Strong monsoon starts,96,1.9949145277209157,0.08498300339932013,0.05378924215156969,96,0,18.0321518262483,0.2219002946302502,4.727015112671218,0.008553344126527916,3175,95,17.44801331719384,0.00016263426379604516,-13.431582036222949,0.13248506466357973,31.326532672876283,2.625971433941723e-06,-23.29873656477355,True,-406.8903681024269,-415.61437476102384,-422.55363443886506,-428.3726718739953,356.4371382322962,3.69380316292052
17,age_randomized,weak_monsoon_start,Weak monsoon starts,100,2.1816273614463917,0.02539492101579684,0.01199760047990402,100,0,223.31334898410717,0.2276650150573771,5.183135908107574,0.005377679993707003,3175,98,14.133842901789649,0.0008528546267089324,-10.117411620818757,0.10403482175058981,35.960437846851505,2.948433625932768e-07,-27.93264173874877,True,-418.6540286842615,-425.72095013515633,-436.63424760768726,-439.5464995808704,230.48972779219733,3.161040785450824
18,age_randomized,strong_monsoon_start,Strong monsoon starts,96,2.0023365905843367,0.07958408318336332,0.049590081983603276,96,0,17.615261878596417,0.20789850299206203,4.14929160444868,0.015405717068450505,3175,95,14.240478111113475,0.0008085734340458321,-10.224046830142584,0.1081298271094276,28.687944434290443,9.04544257766217e-06,-20.66014832618771,True,-408.7847305121891,-415.90496956774587,-423.12870272933435,-428.3726718739932,356.8883272457253,3.1952215011370817
18,age_randomized,weak_monsoon_start,Weak monsoon starts,100,2.172350742283761,0.026994601079784044,0.013797240551889621,100,0,219.4185854280789,0.22321121901900387,4.982324829594972,0.006601681566966187,3175,98,11.797863237297634,0.002742373154536456,-7.781431956326742,0.0868404019670179,35.18358819247749,4.258946633056672e-07,-27.155792084374752,True,-417.3068379773415,-423.2057695959903,-434.89863207358025,-438.85335240031065,226.34534180922387,2.8690681768568056
19,age_randomized,strong_monsoon_start,Strong monsoon starts,96,2.0205331016427137,0.0683863227354529,0.04239152169566087,96,0,23.495218113854055,0.2009228911411877,3.8755207857152216,0.020346945231767003,3175,95,14.20393130481375,0.0008234846467594702,-10.187500023842858,0.10785232239253842,29.2092919338686,7.088213111272644e-06,-21.181495825765865,True,-408.31543532585135,-415.41740097825823,-422.92008129278565,-428.37267187399505,359.8547166633611,3.2067687106255507
19,age_randomized,weak_monsoon_start,Weak monsoon starts,100,2.193604429935776,0.02299540091981604,0.010397920415916816,100,0,223.63934517268402,0.19855594371829322,3.942446278586202,0.01902572944644582,3175,98,10.141874826744925,0.006276533675606359,-6.125443545774033,0.07465118631562,34.426971765560666,6.090755138101281e-07,-26.39917565745793,True,-418.1444920398159,-423.21542945318834,-435.3579779225962,-438.8533524003085,234.5995747716917,2.61526036841369
20,age_randomized,strong_monsoon_start,Strong monsoon starts,96,2.0074835804313285,0.07618476304739052,0.04859028194361128,96,0,12.343570160746172,0.21729948510370212,4.5330303577280695,0.010423934595226511,3175,94,16.73895182398701,0.00023183702490873375,-12.722520543016117,0.12845320630928367,29.218965180369082,7.056199243119184e-06,-21.191169072266348,True,-404.1154425426784,-412.4849184546719,-418.72492513286295,-424.8582041313379,353.8709750072694,3.573817160137651
20,age_randomized,weak_monsoon_start,Weak monsoon starts,100,2.1947434434691355,0.022795440911817635,0.010397920415916816,100,0,214.24047261265744,0.2261682005415021,5.115205493618111,0.005764114845038634,3175,98,10.63872763336201,0.004895867403873613,-6.622296352391118,0.07830836529601913,28.991884681525903,7.847118720065892e-06,-20.96408857342317,True,-419.1745607144728,-424.4939245311538,-433.67050305523577,-438.8533524003075,222.25145943787837,2.687145856481044
21,age_randomized,strong_monsoon_start,Strong monsoon starts,96,1.9830790166624706,0.09338132373525294,0.060587882423515295,96,0,19.086914798966436,0.2337831240146472,5.2468367111086,0.005029320805319894,3175,94,18.467991699694153,9.766221197362652e-05,-14.451560418723261,0.14172170234216647,30.600770992964954,3.6925372341850157e-06,-22.57297488486222,True,-403.61370779807396,-412.84770364792104,-418.91409329455644,-424.85820413133706,1.1156759607747793,3.8056552566197213
21,age_randomized,weak_monsoon_start,Weak monsoon starts,100,2.180278134983797,0.025994801039792043,0.01219756048790242,100,0,220.6126194695193,0.21605530411165966,4.667989443478174,0.009096476305912515,3175,99,11.600078523333764,0.00302743588086336,-7.583647242362872,0.08452209979563732,33.15541194167122,1.1100843240148613e-06,-25.127615833568484,True,-421.0715877737562,-426.8716270354231,-437.64929374459183,-442.326363058027,227.53628669835442,2.80840272949951
22,age_randomized,strong_monsoon_start,Strong monsoon starts,96,2.0151794166436168,0.07118576284743051,0.04499100179964007,96,0,23.422943563977498,0.22448495414404848,4.837775485157333,0.0076392495493791115,3175,95,14.078355326067822,0.0008768473298336522,-10.06192404509693,0.10689880743574091,23.367505766459544,0.00010691985644842094,-15.33970965835681,True,-409.9659659669451,-417.005143629979,-421.64971885017485,-428.37267187399266,5.840849262653874,3.1686864179107204
22,age_randomized,weak_monsoon_start,Weak monsoon starts,100,2.1780399050797854,0.026394721055788842,0.01279744051189762,100,0,233.08484689613582,0.1904964294959151,3.6288889650692155,0.026149508108289043,3175,98,10.307311076286737,0.005778243483085928,-6.2908797953158455,0.07586891109519776,33.41461638818271,9.823376511597369e-07,-25.386820280079974,True,-418.71133908544874,-423.8649946235921,-435.4186472795401,-438.853352400311,240.80074398069476,2.639933301032538
23,age_randomized,strong_monsoon_start,Strong monsoon starts,96,2.0195752759896286,0.0687862427514497,0.04279144171165767,96,0,26.57774904093972,0.24436606902943867,5.732618466518437,0.0030576367173480406,3175,95,17.03675338175958,0.00019976344011914723,-13.02032210078869,0.12936231377217278,29.30008871461746,6.793321192598082e-06,-21.272292606514725,True,-405.9078129118187,-414.4261896026985,-420.55785726912745,-428.3726718739927,8.936798107046512,3.603044915894725
23,age_randomized,weak_monsoon_start,Weak monsoon starts,100,2.2035782753091353,0.022195560887822437,0.009398120375924815,100,0,228.43425515886733,0.2138734732522138,4.574186256096541,0.010008614432696851,3175,98,11.266226091256499,0.0035774212991048133,-7.249794810285607,0.08292718628260001,33.671596724847404,8.701582190879385e-07,-25.64380061674467,True,-416.5993543327961,-422.23246737842436,-433.4351526952198,-438.85335240031014,236.43572292444188,2.76744562198954
24,age_randomized,strong_monsoon_start,Strong monsoon starts,96,2.001289490785159,0.08018396320735853,0.04999000199960008,96,0,12.324995139286306,0.24475965496005195,5.751099714831714,0.003000213099925341,3175,95,19.339866555294748,6.31540689815972e-05,-15.323435274323856,0.14685015563567397,32.0642465911742,1.856120262735518e-06,-24.036450483071462,True,-406.52617775591455,-416.1961110335619,-422.55830105150164,-428.3726718739939,354.94573684739015,3.970933570818095
24,age_randomized,weak_monsoon_start,Weak monsoon starts,100,2.1563150639343074,0.03139372125574885,0.016396720655868825,100,0,225.2060400237318,0.2569374712844425,6.601686415004371,0.0012553216771213009,3175,99,18.30487114034179,0.00010596141175575724,-14.288439859370897,0.13337548898122525,40.83321069051806,2.910258679524661e-08,-32.805414582415324,True,-418.92392515071526,-428.07636072088616,-439.3405304959743,-442.32636305802816,229.48401254125505,3.774186700986159
25,age_randomized,strong_monsoon_start,Strong monsoon starts,96,1.9699450881776739,0.10397920415916817,0.06758648270345931,96,0,14.261665354381574,0.23297758547041106,5.210741311835778,0.00521849104255281,3175,95,17.6907902748261,0.00014404351199304418,-13.674358993855208,0.13432850209946484,27.39376031220661,1.6548006457741197e-05,-19.365964204103875,True,-410.5886473288885,-419.43404246630155,-424.2855274849918,-429.0658190545534,356.3970341832342,3.7470664813327503
25,age_randomized,weak_monsoon_start,Weak monsoon starts,100,2.212432486120953,0.020795840831833633,0.008598280343931213,100,0,229.73182088795323,0.19530967297905544,3.8145868359185577,0.021661604155870613,3175,98,9.231949421325794,0.009892536345525253,-5.215518140354902,0.06795350840757378,29.92462534643164,5.070443913174305e-06,-21.896829238328905,True,-419.2255082907176,-423.8414830013805,-434.1878209639334,-438.85335240031003,239.44838724661932,2.4929715352208475
26,age_randomized,strong_monsoon_start,Strong monsoon starts,96,2.0041073593105474,0.07838432313537293,0.04939012197560488,96,0,24.47593501682096,0.22482759513683304,4.852554963361124,0.007524864366152947,3175,95,14.25979089093778,0.0008008031107091358,-10.243359609966888,0.10827647159194499,26.29010102150687,2.7655505522470386e-05,-18.262304913404137,True,-408.6734707233389,-415.80336616880777,-421.8185212340923,-428.37267187399135,7.328692526919227,3.207924426750189
26,age_randomized,weak_monsoon_start,Weak monsoon starts,100,2.210482132035099,0.021195760847830435,0.008798240351929614,100,0,234.02308125531147,0.19929750200778146,3.9719494306541656,0.01846433125829682,3175,98,10.243534254684619,0.005965471826836125,-6.227102973713727,0.07539946974698838,32.23914716572051,1.7094290706701306e-06,-24.211351057617776,True,-418.3225121401239,-423.4442792674662,-434.44208572298413,-438.8533524003102,240.36120048071277,2.6132154593566286
27,age_randomized,strong_monsoon_start,Strong monsoon starts,96,1.977297788972464,0.09758048390321936,0.0633873225354929,96,0,29.29270377725717,0.218087895755772,4.565983706417326,0.010079673984615812,3175,95,15.030366357020853,0.000544750220966507,-11.013935076049961,0.11412755266325422,28.975214796771866,7.908541208205734e-06,-20.94741868866913,True,-408.954437312097,-416.46962049060744,-423.44204471048295,-428.3726718739927,7.926361877611695,3.289275396766841
27,age_randomized,weak_monsoon_start,Weak monsoon starts,100,2.1732226871149294,0.026994601079784044,0.013397320535892822,100,0,236.58451903147713,0.21599230570516717,4.665267612383439,0.009121739873888009,3175,98,12.512871683305889,0.0019180699332196254,-8.496440402334997,0.09210335675910888,30.80694119010991,3.351918595592339e-06,-22.779145082007176,True,-420.5271256164391,-426.78356145809204,-435.93059621149405,-438.85335240030986,240.73908368599083,2.9581365805632305
28,age_randomized,strong_monsoon_start,Strong monsoon starts,96,2.0110946704771044,0.07458508298340331,0.046590681863627276,96,0,21.43655033657312,0.24652306212465183,5.834267535294234,0.0027547908025324246,3175,94,21.04872042774457,2.6873759952796427e-05,-17.032289146773678,0.16152598179875166,32.7743076880073,1.3285503198427554e-06,-24.746511579904563,True,-402.1248169885874,-412.64917720245967,-418.51197083259103,-424.85820413133865,1.4794585725662697,4.244416075831604
28,age_randomized,weak_monsoon_start,Weak monsoon starts,100,2.170197208897823,0.027794441111777646,0.014397120575884824,100,0,218.22192898313796,0.2147927231173799,4.613591390417943,0.009614853570806927,3175,99,12.51406622177683,0.001916924671105993,-8.497634940805938,0.09118172363390666,34.979564479014925,4.690464788516676e-07,-26.95176837091219,True,-421.98121309010685,-428.23824620099526,-439.4709953296143,-442.3263630580278,226.3372041579379,2.901525701910779
29,age_randomized,strong_monsoon_start,Strong monsoon starts,96,2.022287937086041,0.06798640271945611,0.041591681663667265,96,0,19.7209576607687,0.24548347414035396,5.785165063297712,0.0028971638739343397,3175,95,16.880298802473476,0.00021601787453290832,-12.863867521502584,0.1281743335318547,28.39453507208384,1.0374580859836883e-05,-20.366738963981106,True,-408.2261425858231,-416.6662919870598,-422.423410121865,-428.3726718739961,1.8065003790167735,3.617452458952828
29,age_randomized,weak_monsoon_start,Weak monsoon starts,100,2.1851535879287285,0.024795040991801638,0.011597680463907219,100,0,233.45370678210108,0.22640206274282015,5.125789401420387,0.005702138112361674,3175,98,12.98390605733448,0.0015155861325547066,-8.967474776363588,0.09557049428716646,36.3833220919787,2.4130957557577983e-07,-28.355525983875964,True,-417.15060162962584,-423.6425546582931,-435.3422626756152,-438.8533524003103,237.44348765245152,3.0105225353475764
30,age_randomized,strong_monsoon_start,Strong monsoon starts,96,1.9850294267888504,0.09078184363127374,0.0595880823835233,96,0,13.334287847234828,0.2522817259712863,6.110022648868913,0.0020752778050714574,3175,95,18.717349794002757,8.621426584022455e-05,-14.700918513031866,0.14212330382311494,28.031954756922005,1.2288304695616851e-05,-20.00415864881927,True,-409.1368785340733,-418.49555343107465,-423.1528559125343,-428.37267187399533,357.7612160042126,3.8793305937498572
30,age_randomized,weak_monsoon_start,Weak monsoon starts,100,2.170197208897823,0.027794441111777646,0.014397120575884824,100,0,237.10501367019452,0.2005123559896569,4.02052049045229,0.01757577947808965,3175,99,13.445944633168438,0.0012029573248196147,-9.429513352197546,0.0979717052643418,36.03943006198642,2.8401495077814023e-07,-28.01163395388369,True,-420.3343135584138,-427.057285874998,-438.354028589407,-442.32636305802725,245.76052519693377,3.015632855204646
31,age_randomized,strong_monsoon_start,Strong monsoon starts,96,1.987545873798003,0.08978204359128174,0.05798840231953609,96,0,14.802492111967927,0.22814658286581044,4.996882874241226,0.006493628206378394,3175,95,16.21397706577079,0.00030142523995715416,-12.1975457847999,0.12311486476776268,28.756974885929935,8.758220355368856e-06,-20.7291787778272,True,-406.03328058074845,-414.14026911363385,-420.4117680237134,-428.37267187399186,357.8002428324046,3.440955156639505
31,age_randomized,weak_monsoon_start,Weak monsoon starts,100,2.1852642672611617,0.024795040991801638,0.011597680463907219,100,0,226.62104071029526,0.21766078024758476,4.737621525798738,0.008473309867599229,3175,99,13.591684827497488,0.0011184154035339987,-9.575253546526596,0.09903361766644643,36.60639800090712,2.1709556970787652e-07,-28.578601892804386,True,-419.92499011668605,-426.7208325304348,-438.2281891171396,-442.32636305802856,233.41367312835652,3.051761994009503
32,age_randomized,strong_monsoon_start,Strong monsoon starts,96,2.0041878116242353,0.07838432313537293,0.04939012197560488,96,0,21.639980898263623,0.19999920845542782,3.8399696047485765,0.021094784176225113,3175,95,13.031757649517886,0.0014797548826422022,-9.015326368546994,0.09895185334224352,25.917713081109923,3.287683155633927e-05,-17.88991697300719,True,-408.2954165366538,-414.81129536141276,-421.2542730772088,-428.37267187399374,0.19249892792821505,3.0442639650539753
32,age_randomized,weak_monsoon_start,Weak monsoon starts,100,2.1886557158011244,0.023795240951809637,0.011397720455908818,100,0,212.9229885572883,0.24214997664697752,5.863661119013176,0.002679644333281246,3175,99,14.02648570099177,0.0008998856569937981,-10.010054420020879,0.10220172405010497,35.913964314174336,3.0140533750821444e-07,-27.886168206071602,True,-419.56341961529495,-426.57666246579083,-437.5204017723821,-442.32636305802714,218.3305797665427,3.1285103971877257
33,age_randomized,strong_monsoon_start,Strong monsoon starts,96,2.0105333713416194,0.07498500299940011,0.046590681863627276,96,0,24.270370334918418,0.20189890828933266,3.9132642401687385,0.019581834880495155,3175,95,12.027493878678001,0.00244491006652539,-8.01106259770711,0.09132634617416378,24.920966490673663,5.218450117931179e-05,-16.89317038257093,True,-407.9595417533801,-413.9732886927191,-420.42002499871694,-428.3726718739947,4.844686607963169,2.893207452076647
33,age_randomized,weak_monsoon_start,Weak monsoon starts,100,2.1910118881838985,0.023195360927814438,0.010797840431913617,100,0,216.23125837126705,0.22809622464999166,5.202788769957946,0.00527076735347677,3175,99,12.33576681227737,0.002095666985439883,-8.319335531306479,0.08988257376583444,34.06571854477113,7.224167391114994e-07,-26.037922436668396,True,-420.8845724190308,-427.0524558251695,-437.91743169141637,-442.3263630580265,223.4350341597987,2.8688749622154694
34,age_randomized,strong_monsoon_start,Strong monsoon starts,96,2.0223676661537486,0.06798640271945611,0.041391721655668866,96,0,21.685617689638146,0.21045397082532577,4.2519238882701185,0.013878518681000998,3175,95,12.32832294242644,0.002103481455037775,-8.311891661455547,0.09361058090271715,22.503105883972353,0.0001591123116923654,-14.475309775869619,True,-411.52154484769346,-417.6857063189067,-422.77309778967964,-428.3726718739945,4.527133166432143,2.947815206316925
34,age_randomized,weak_monsoon_start,Weak monsoon starts,100,2.182661819178082,0.02539492101579684,0.01199760047990402,100,0,226.6544314492246,0.22808490194626801,5.20227224958387,0.005273550008918297,3175,98,13.550625381906798,0.0011416134719278506,-9.534194100935906,0.09974193897663804,34.10381240011293,7.095357782512955e-07,-26.076016292010195,True,-416.92503331334734,-423.70034600430074,-433.9769395134038,-438.8533524003089,233.9036448677995,3.079568563158267
35,age_randomized,strong_monsoon_start,Strong monsoon starts,96,1.9896539881554878,0.08878224355128975,0.05678864227154569,96,0,21.332928304417234,0.23962435861752787,5.512303991314714,0.0038324412937359624,3175,95,19.054820576257157,7.282798348217286e-05,-15.038389295286265,0.14468576394944832,31.28023775542181,2.683731722391622e-06,-23.252441647319074,True,-407.4912068401895,-417.01861712831806,-423.1313257179004,-428.3726718739953,0.4844003655076329,3.9575033566523037
35,age_randomized,weak_monsoon_start,Weak monsoon starts,100,2.1586131684553163,0.03079384123175365,0.016396720655868825,100,0,229.4291953235165,0.2254013951625018,5.080578894120229,0.00597160030650823,3175,99,14.569646786794237,0.0006858693547150629,-10.553215505823346,0.10615937963036297,36.1655321033802,2.675443674025574e-07,-28.137735995277467,True,-421.53592416607694,-428.82074755947406,-439.61869021776704,-442.32636305802725,235.25926425308825,3.2181455709551976
36,age_randomized,strong_monsoon_start,Strong monsoon starts,96,2.0051529876068015,0.07778444311137772,0.04939012197560488,96,0,20.222829154754727,0.24006315801410708,5.532510704227789,0.003753910904965623,3175,95,17.45623305856975,0.00016196722965335607,-13.43980177759886,0.13254747824316085,30.812125579843496,3.3437693443423015e-06,-22.78432947174076,True,-406.4612964044667,-415.18941293375156,-421.8673591943884,-428.3726718739946,2.3532092406397114,3.680140705879037
36,age_randomized,weak_monsoon_start,Weak monsoon starts,100,2.185485609110661,0.024795040991801638,0.011597680463907219,100,0,229.55001401212897,0.18148090986522508,3.2935320645509947,0.03672320638553812,3175,99,9.753636038497916,0.007621226080693274,-5.737204757527024,0.07106829466351929,35.98886933950382,2.908993093560266e-07,-27.961073231401087,True,-419.85502993146815,-424.7318479507171,-437.84946460122006,-442.3263630580298,237.5422854842832,2.5726166680649025
37,age_randomized,strong_monsoon_start,Strong monsoon starts,96,2.013338302172259,0.07278544291141771,0.04619076184763048,96,0,20.85154613523195,0.24137763067209395,5.593263416531884,0.00352731503139421,3175,95,18.443191656571457,9.888076493558977e-05,-14.426760375600566,0.14004158495315974,35.79945831143709,3.1820132272891183e-07,-27.77166220333436,True,-402.3259454877416,-411.5475413160273,-420.22567464346014,-428.37267187399226,0.9609256813322249,3.779333320293758
37,age_randomized,weak_monsoon_start,Weak monsoon starts,100,2.194780175999633,0.022795440911817635,0.010397920415916816,100,0,223.15727068424735,0.2181662320014722,4.75965047857202,0.0082851510177059,3175,98,11.806401169038281,0.002730691010215094,-7.7899698880673895,0.08690324702712851,36.51793566592255,2.2639354120864111e-07,-28.490139557819816,True,-414.8365956132192,-420.7397961977383,-433.09556344618045,-438.8533524003094,229.24249201360502,2.8025920116243634
38,age_randomized,strong_monsoon_start,Strong monsoon starts,96,2.00306118518055,0.07918416316736653,0.049590081983603276,96,0,22.005724821182355,0.1810458476252024,3.1466494984634883,0.042587833700494154,3175,95,10.694729361169607,0.004760680396156469,-6.678298080198715,0.08120648954215255,22.618223628001374,0.00015091828478534848,-14.59042751989864,True,-411.0908948361045,-416.4382595166893,-422.4000066501052,-428.37267187399516,0.38571555082338344,2.723496772907403
38,age_randomized,weak_monsoon_start,Weak monsoon starts,100,2.185946665979657,0.02459508098380324,0.011597680463907219,100,0,222.69654417843702,0.2189930180067449,4.7957941935702495,0.007985395576921947,3175,99,13.19174861574163,0.0013659920908319777,-9.175317334770739,0.09611954701305202,36.06886727342635,2.800818371051345e-07,-28.041071165323615,True,-419.5117063378741,-426.1075806457449,-437.5461399745873,-442.3263630580278,229.92011974691366,3.0229268135366003
39,age_randomized,strong_monsoon_start,Strong monsoon starts,96,2.0230850863688765,0.0669866026794641,0.041191761647670466,96,0,23.211213749947206,0.21569111428063095,4.46617505084354,0.011158706311008631,3175,95,13.705180722933619,0.001056714871097082,-9.688749441962727,0.10406524349191239,27.153439913689,1.8508245467307904e-05,-19.125643805586265,True,-410.8579964512131,-417.71058681267994,-424.4347164080576,-428.3726718739932,4.634451514815728,3.1156044099513047
39,age_randomized,weak_monsoon_start,Weak monsoon starts,100,2.1801487132309676,0.025994801039792043,0.01219756048790242,100,0,233.56857797748202,0.1983741493622446,3.9352303135194124,0.01916560272484589,3175,99,12.103653468718562,0.002353558750597879,-8.08722218774767,0.08819131735332712,35.28922841291376,4.0513038451826573e-07,-27.261432304811024,True,-421.7977528560885,-427.8495795904478,-439.4423670625454,-442.3263630580278,242.7544498969799,2.8729863576008587
40,age_randomized,strong_monsoon_start,Strong monsoon starts,96,2.0134984659131883,0.07278544291141771,0.04599080183963208,96,0,18.66033697026849,0.2496881434513064,5.9850402220953764,0.0023596818808715933,3175,95,19.469493820230923,5.919065341066887e-05,-15.453062539260031,0.14783443254244985,31.743743591347993,2.158226040666203e-06,-23.71594748324526,True,-407.722644676693,-417.45739158680846,-423.594516472367,-428.37267187399505,358.01805174501357,4.032339508501807
40,age_randomized,weak_monsoon_start,Weak monsoon starts,100,2.1838988301407714,0.02519496100779844,0.011797640471905619,100,0,231.96631489312026,0.22408422880979464,5.02137416012804,0.006343714084504489,3175,98,13.32821521911535,0.0012758947145682772,-9.311783938144458,0.09810484694142105,32.14935924670863,1.7832322296586097e-06,-24.121563138605893,True,-419.6541689645593,-426.31827657411696,-435.7288485879136,-438.8533524003077,239.45118586129874,3.0184631574429255
41,age_randomized,strong_monsoon_start,Strong monsoon starts,96,2.004992157208499,0.07778444311137772,0.04939012197560488,96,0,27.917098206864804,0.21596347886020906,4.477461523334781,0.011031144194041389,3175,95,13.94543362250704,0.0009371035109276103,-9.929002341536147,0.10588951542230061,27.216304130615413,1.797421491544831e-05,-19.18850802251268,True,-408.70079544374386,-415.6735122549974,-422.30894750905156,-428.3726718739944,7.078316882063927,3.151041570326271
41,age_randomized,weak_monsoon_start,Weak monsoon starts,100,2.17253629176866,0.026994601079784044,0.013797240551889621,100,0,237.27801595778965,0.19947521567132057,3.9790361667119853,0.01833195545948724,3175,98,10.252451473048268,0.0059389333257410595,-6.236020192077376,0.07546510661796675,27.719773416102157,1.4214879458978337e-05,-19.691977307999423,True,-421.46707022175445,-426.5932959582786,-435.32695692980553,-438.85335240031065,245.45081569088222,2.6372779502408696
42,age_randomized,strong_monsoon_start,Strong monsoon starts,96,1.9856791377715666,0.09058188362327535,0.0591881623675265,96,0,24.74687550453173,0.20834412859316964,4.167098488247732,0.01512924897048584,3175,95,14.593978322422572,0.0006775757785470212,-10.57754704145168,0.11081400080315831,28.154842713058088,1.1603276925726612e-05,-20.127046604955353,True,-408.07544864931384,-415.3724378105251,-422.1528700058429,-428.3726718739945,2.6492888547583147,3.2492640948010276
42,age_randomized,weak_monsoon_start,Weak monsoon starts,100,2.1922809618901153,0.023195360927814438,0.010797840431913617,100,0,224.65613426452873,0.22448202635677184,5.0392180157242406,0.006229196760619175,3175,98,12.63304793496252,0.0018062110551813318,-8.616616653991628,0.09298793677083157,35.159009951350754,4.308758301269586e-07,-27.13121384324802,True,-417.0033299005894,-423.31985386807065,-434.58283487626477,-439.54649958086884,233.70582057553423,2.9497842188778116
43,age_randomized,strong_monsoon_start,Strong monsoon starts,96,2.015819410122759,0.07078584283143372,0.04459108178364327,96,0,21.06254562057742,0.2561722661289806,6.299926073631097,0.0017070703172449276,3175,95,19.47306691385063,5.9085000942286384e-05,-15.456635632879738,0.14786156351321714,32.00601356107222,1.907691696427201e-06,-23.97821745296949,True,-406.079872510242,-415.8164059671673,-422.0828792907781,-428.37267187399266,3.165355649598764,3.991677648637378
43,age_randomized,weak_monsoon_start,Weak monsoon starts,100,2.186094183640876,0.02459508098380324,0.011597680463907219,100,0,237.0751260529852,0.20154558513958112,4.062062288925614,0.016849658129088514,3175,99,11.303248857434255,0.003511807458094545,-7.286817576463363,0.08235929834623354,29.32142136543132,6.72582736934649e-06,-21.293625257328586,True,-423.6937146967377,-429.3453391254548,-438.35442537945335,-442.3263630580276,246.23803813284766,2.7604060375454886
44,age_randomized,strong_monsoon_start,Strong monsoon starts,96,1.9970956015333816,0.08338332333533294,0.052589482103579284,96,0,17.929487768657488,0.21753194817655766,4.542734253838903,0.010321361625786599,3175,95,14.993150343333582,0.0005549818365630549,-10.97671906236269,0.11384496656647379,28.313959260611682,1.077245114343938e-05,-20.286163152508948,True,-409.38423167160477,-416.88080684327156,-423.5412113019106,-428.37267187399357,359.00844404295947,3.3225909925772954
44,age_randomized,weak_monsoon_start,Weak monsoon starts,100,2.203285571353065,0.022195560887822437,0.009598080383923215,100,0,227.91513606801746,0.23745274663128207,5.638380688273984,0.003375541456272645,3175,98,13.431686393316113,0.0012115639943917462,-9.415255112345221,0.09886646607353533,32.35887614702983,1.6157281021026125e-06,-24.331080038927098,True,-418.2619067552039,-424.97774995186194,-434.4413448287188,-438.8533524003088,236.3103705851623,3.0618470593928158
45,age_randomized,strong_monsoon_start,Strong monsoon starts,96,2.028497393855468,0.06418716256748651,0.038592281543691265,96,0,23.613233632915907,0.2385332633130497,5.4622192998501795,0.004034203246450844,3175,95,15.99871052810488,0.00033567898245606795,-11.982279247133988,0.12148031757639452,26.91657334963793,2.0666036534316935e-05,-18.888777241535195,True,-410.33276769848817,-418.3321229625406,-423.79105437330713,-428.37267187399385,6.709886743204718,3.454617740977331
45,age_randomized,weak_monsoon_start,Weak monsoon starts,100,2.169472695946774,0.027794441111777646,0.014597080583883223,100,0,231.31529049431495,0.2109011219996571,4.447928326071425,0.011381546633351627,3175,98,11.398563564458414,0.00334836945251593,-7.382132283487522,0.08390128126378459,35.35270255245803,3.9314269855543347e-07,-27.324906444355292,True,-416.0890928021791,-421.7883745844083,-433.7654440784081,-438.8533524003103,237.70258905868008,2.815670191809995
46,age_randomized,strong_monsoon_start,Strong monsoon starts,96,2.0114153425146166,0.07458508298340331,0.046590681863627276,96,0,21.017207342868673,0.22168573385460724,4.717878201086952,0.008633438191841581,3175,95,14.28775816254199,0.0007896829033299109,-10.271326881571099,0.10848883077115862,26.9092192564774,2.0736891224587093e-05,-18.881423148374665,True,-408.5552060106032,-415.69908509187417,-422.00981563884187,-428.3726718739953,3.686213980016853,3.2030801739143926
46,age_randomized,weak_monsoon_start,Weak monsoon starts,100,2.1696027545484773,0.027794441111777646,0.014597080583883223,100,0,220.6035799849438,0.2388663388820373,5.705712785090828,0.0031505641608761533,3175,98,13.17158764326598,0.001379831592565031,-9.155156362295088,0.09695196006925601,33.24209009014703,1.065622826461133e-06,-25.214293982044296,True,-417.02896419818563,-423.6147580198186,-433.65000924325915,-438.85335240030975,224.1419472448415,3.032022446829893
47,age_randomized,strong_monsoon_start,Strong monsoon starts,96,1.9867344649567584,0.08998200359928014,0.05838832233553289,96,0,20.756134767203616,0.21053905679961213,4.255362666054749,0.013830044019145083,3175,95,12.164432869079292,0.002283110675433483,-8.1480015881084,0.09236614197603896,23.074437280136294,0.00012236319488327624,-15.04664117203356,True,-411.67705423189693,-417.7592706664366,-423.2142728719651,-428.37267187399414,3.8852049433174827,2.936971386082269
47,age_randomized,weak_monsoon_start,Weak monsoon starts,100,2.1671861070013985,0.028394321135772844,0.015196960607878424,100,0,229.20710179375632,0.2163910058926657,4.682506743123968,0.008962900358761551,3175,98,12.236045301146191,0.0022028073793986438,-8.2196140201753,0.09006572385743017,34.02369711804329,7.368962232301197e-07,-25.995901009940553,True,-416.79446107586256,-422.91248372643565,-433.8063096348842,-438.853352400309,236.07530555492974,2.940174975883438
48,age_randomized,strong_monsoon_start,Strong monsoon starts,96,2.0098114706843258,0.07578484303139373,0.046990601879624075,96,0,22.729052633345475,0.23503761977168947,5.303297539962362,0.004747006827320147,3175,94,16.279207742456947,0.00029175274700522747,-12.262776461486055,0.12492517170023328,25.262379932952626,4.4553073361885724e-05,-17.234583824849892,True,-406.2546872372304,-414.3942911084589,-418.88587720370674,-424.8582041313384,8.626659545141955,3.479778300283837
48,age_randomized,weak_monsoon_start,Weak monsoon starts,100,2.185190481662415,0.024795040991801638,0.011597680463907219,100,0,214.39041362391453,0.23993284647224733,5.756777081627501,0.0029899461971724457,3175,98,14.348674183514845,0.0007659933331221682,-10.332242902543953,0.10561612799943043,35.95800720462262,2.9518300773462196e-07,-27.930211096519884,True,-418.93323448455453,-426.10757157631195,-436.91223808686584,-438.85335240030827,222.77673741938673,3.1632263245710424
49,age_randomized,strong_monsoon_start,Strong monsoon starts,96,1.986572143418438,0.08998200359928014,0.05858828234353129,96,0,19.262613402557605,0.2344619843781894,5.2773525233816,0.004874723732877583,3175,95,18.162989077960788,0.0001137514743406879,-14.146557796989896,0.13791396984470755,31.42291881476399,2.5096563382596314e-06,-23.395122706661255,True,-409.1615080282811,-418.2430025672615,-424.8729674356631,-428.37267187399385,358.9242841129867,3.761129532052881
49,age_randomized,weak_monsoon_start,Weak monsoon starts,100,2.190533495779117,0.023195360927814438,0.010797840431913617,100,0,228.45469105315775,0.21170112468465746,4.481736619274888,0.01099653664340989,3175,98,10.373286747024622,0.005590741385472311,-6.35685546605373,0.07635453748801851,28.866633787894102,8.320499351603902e-06,-20.838837679791368,True,-420.0195461366151,-425.2061895101274,-434.4528630305621,-438.8533524003103,238.2789581896533,2.633977203224089
50,age_randomized,strong_monsoon_start,Strong monsoon starts,96,2.0198946016736525,0.0687862427514497,0.04279144171165767,96,0,21.79917909765812,0.21132019754991468,4.286997685683357,0.013391928337346273,3175,95,15.034997034622165,0.0005434903986637708,-11.018565753651274,0.1141627140085772,28.25451963613557,1.1075651519114717e-05,-20.226723528032835,True,-409.186883009576,-416.70438152688706,-423.31414282764376,-428.3726718739931,359.0078788798607,3.3506501682342513
50,age_randomized,weak_monsoon_start,Weak monsoon starts,100,2.1777807878545543,0.026394721055788842,0.01279744051189762,100,0,232.10855704560055,0.2202519663679857,4.85109286889643,0.007547532185832168,3175,99,13.028968202078318,0.0014818201717955825,-9.012536921107426,0.09493347380322416,34.89959441057249,4.871256073692713e-07,-26.871798302469756,True,-420.126701060177,-426.6411851612162,-437.5764982654633,-442.3263630580278,237.87969990048893,2.9934436769553807
51,age_randomized,strong_monsoon_start,Strong monsoon starts,96,1.992407387478316,0.08698260347930414,0.05558888222355529,96,0,36.71545981350253,0.2383856898456075,5.455462763823953,0.004062218017439415,3175,95,15.892510950227233,0.000353985192389482,-11.876079669256342,0.12067393018508621,29.4107067415473,6.450507568194587e-06,-21.382910633444567,True,-409.51005278590685,-417.45630826102047,-424.2154061566805,-428.37267187399493,14.997628032611747,3.4239071220086847
51,age_randomized,weak_monsoon_start,Weak monsoon starts,100,2.1961572023865514,0.022795440911817635,0.009998000399920015,100,0,234.7676577913354,0.208348903743208,4.340926569099655,0.012690690785849477,3175,99,12.665603515446492,0.0017770479300438756,-8.6491722344756,0.09228587566464887,33.691539984040446,8.620061022645125e-07,-25.663743875937712,True,-420.9313927035739,-427.26419446129717,-437.77716269559414,-442.3263630580266,243.06803202486975,2.9279112430077907
52,age_randomized,strong_monsoon_start,Strong monsoon starts,96,1.9915979592964335,0.08738252349530094,0.05578884223155369,96,0,26.95768406764518,0.18645800651129651,3.337592466448003,0.03510513457431935,3175,95,11.498858968736613,0.0031845971407834647,-7.482427687765721,0.0873123516319889,26.335677044452268,2.707596783776427e-05,-18.307880936349534,True,-408.32782227515474,-414.07725175952305,-421.4956607973809,-428.3726718739952,3.9047931978714794,2.81690049148088
52,age_randomized,weak_monsoon_start,Weak monsoon starts,100,2.189465936052404,0.023395320935812838,0.011197760447910418,100,0,225.58348438959084,0.1909526393479619,3.6462910473952803,0.025692346911553123,3175,98,8.512584211129479,0.014174763616886764,-4.496152930158587,0.0626584848293173,31.501573256408733,2.4185523285023777e-06,-23.473777148306,True,-417.89715396069175,-422.1534460662565,-433.6479405888961,-438.8533524003094,235.20006012208182,2.4020205515437127
53,age_randomized,strong_monsoon_start,Strong monsoon starts,96,2.0148593436719913,0.07138572285542892,0.04539092181563687,96,0,23.680809089328218,0.26339649215937067,6.660260359858696,0.0011777444486896816,3175,95,19.44055154335365,6.00534372259441e-05,-15.424120262382758,0.14761467001969786,31.78593773978389,2.115813094005598e-06,-23.758141631681156,True,-406.0294199312217,-415.7496957028985,-421.92238880111364,-428.3726718739925,6.077253784419772,4.055726841881877
53,age_randomized,weak_monsoon_start,Weak monsoon starts,100,2.176651417082353,0.026394721055788842,0.01279744051189762,100,0,219.64220030631537,0.20986455156356146,4.404313000297474,0.011898111901267145,3175,98,10.691998050322013,0.004767186286551564,-6.675566769351121,0.0787004722673165,34.705672515808146,5.339027498891215e-07,-26.677876407705412,True,-416.7790831632744,-422.1250821884354,-434.13191942117845,-438.853352400311,227.87297704098668,2.7058554723176185
54,age_randomized,strong_monsoon_start,Strong monsoon starts,96,1.995641817184629,0.08458308338332333,0.05358928214357129,96,0,9.679968302193796,0.26447372897984384,6.7148499187683734,0.0011132717619820225,3175,95,23.425196385330537,8.189987448294304e-06,-19.408765104359645,0.17787060345771807,36.1104980873788,2.7461205627360026e-07,-28.082701979276067,True,-402.9652833353024,-414.67788152796766,-421.0205323789918,-428.3726718739941,350.7780472562872,4.6636476521639345
54,age_randomized,weak_monsoon_start,Weak monsoon starts,100,2.1954045349854687,0.022795440911817635,0.009998000399920015,100,0,223.87638563137259,0.20474731786329317,4.192146417221241,0.014763426756231567,3175,99,11.308018210242722,0.0035034429110458822,-7.29158692927183,0.08239404946565286,36.455221236497664,2.332247352687965e-07,-28.42742512839493,True,-420.23828254870875,-425.8922916538301,-438.4658931669576,-442.32636305802725,228.29238030868817,2.7541877556987844
55,age_randomized,strong_monsoon_start,Strong monsoon starts,96,1.9958034010735775,0.08438312337532493,0.05338932213557288,96,0,19.923947840976382,0.23213493639631264,5.173116354789131,0.005423212990166429,3175,95,15.778258257690368,0.00037479583178048534,-11.761826976719476,0.119806394432817,26.91134916834733,2.071634528652096e-05,-18.883553060244594,True,-409.81114521520806,-417.70027434405324,-423.2668197993817,-428.37267187399436,1.6197235778631514,3.4564397428845846
55,age_randomized,weak_monsoon_start,Weak monsoon starts,100,2.1746133643533923,0.02659468106378724,0.013197360527894421,100,0,222.48814443396176,0.23941373186195775,5.73189350040694,0.003067171026875705,3175,98,15.374648333497248,0.0004586036783498924,-11.358217052526356,0.11316800462320534,38.218139386703115,1.0102490649608406e-07,-30.19034327860038,True,-417.0488069952141,-424.7361311619627,-436.15787668856564,-439.5464995808695,228.96636252417696,3.3482696226744317
56,age_randomized,strong_monsoon_start,Strong monsoon starts,96,2.0214107097912635,0.06798640271945611,0.041991601679664065,96,0,24.858355684295933,0.22230771588626183,4.744389172086423,0.008403076593073449,3175,95,15.182453591053672,0.0005048613122941784,-11.16602231008278,0.11528237107547351,29.909302091740074,5.106988523429917e-06,-21.88150598363734,True,-406.5930382320896,-414.18426502761645,-421.54768927795965,-428.37267187399334,4.978585795683143,3.293017149933599
56,age_randomized,weak_monsoon_start,Weak monsoon starts,100,2.1643198175160583,0.02979404119176165,0.015996800639872025,100,0,226.38679445915133,0.235339240815959,5.538455826783195,0.003739201570150138,3175,98,15.20231996041673,0.0004998712562446589,-11.185888679445839,0.11189954906581898,42.535290095634195,1.2919728953611083e-08,-34.50749398753146,True,-412.14497182801875,-419.7461318082271,-433.41261687583585,-438.8533524003076,230.51685482278816,3.308504889141283
57,age_randomized,strong_monsoon_start,Strong monsoon starts,96,2.017977889616158,0.06958608278344332,0.04299140171965607,96,0,15.72653542350553,0.236397756380638,5.364854325292749,0.0044571470547715986,3175,95,17.62518054208192,0.00014884720156615458,-13.60874926111103,0.13383031875175916,29.484045642014053,6.232773924083165e-06,-21.45624953391132,True,-408.99764537877843,-417.8102356498194,-423.73966819978546,-428.3726718739925,357.1610193096701,3.7146794258345084
57,age_randomized,weak_monsoon_start,Weak monsoon starts,100,2.1877899218203525,0.023795240951809637,0.011397720455908818,100,0,224.43258008615106,0.22440412634539583,5.035721192084037,0.006251475280335176,3175,98,12.601882923671042,0.0018345767797123462,-8.58545164270015,0.09275854081552819,36.484145159939885,2.3004902050958827e-07,-28.45634905183715,True,-416.3689379447747,-422.6698794066102,-434.61101052474464,-438.85335240030844,229.91651436980197,2.9499464011316054
58,age_randomized,strong_monsoon_start,Strong monsoon starts,96,2.0016117336808605,0.07978404319136173,0.04999000199960008,96,0,18.03283177740507,0.2170978946786983,4.524623603896625,0.010513615654682378,3175,95,14.830079615789373,0.0006021284231621306,-10.813648334818481,0.11260674904046228,26.994545605881285,1.9929445355417257e-05,-18.96674949777855,True,-409.6217212214542,-417.0367610293489,-423.11899402439485,-428.372671873994,357.7631349531765,3.3214475828611403
58,age_randomized,weak_monsoon_start,Weak monsoon starts,100,2.1716269478092842,0.026994601079784044,0.013797240551889621,100,0,222.56048432028746,0.24786421365887296,6.143666841273142,0.00201041657675084,3175,98,14.52897616571579,0.0006999594992157798,-10.512544884744898,0.10694327481363325,32.89345364562189,1.2560046767717113e-06,-24.865657537519155,True,-418.4933131361518,-425.7578012190097,-434.94003995896276,-438.8533524003085,228.05817140277017,3.206066760257292
59,age_randomized,strong_monsoon_start,Strong monsoon starts,96,1.9953186101508174,0.08498300339932013,0.05378924215156969,96,0,23.69719929534113,0.21876731513984518,4.594477264655648,0.009791135994927277,3175,95,15.588708535223532,0.00041205477533409177,-11.57227725425264,0.1183671184085813,31.092718897364648,2.930922482785306e-06,-23.064922789261914,True,-407.27129834243965,-415.0656526100514,-422.817657791122,-428.3726718739952,0.9074654358462682,3.3698570967818773
59,age_randomized,weak_monsoon_start,Weak monsoon starts,100,2.1679299777862586,0.027994401119776045,0.015196960607878424,100,0,217.62138554984514,0.2359642447048684,5.567912477913901,0.003628125460926086,3175,99,17.043294950907352,0.00019911112431455583,-13.02686366993646,0.12418321770748458,46.32203935100915,2.1106305437159953e-09,-38.29424324290642,True,-415.146067951662,-423.6677154271157,-438.3070876271666,-442.3263630580291,222.14989883276695,3.5154494936847906
60,age_randomized,strong_monsoon_start,Strong monsoon starts,96,1.9949953507545848,0.08498300339932013,0.05378924215156969,96,0,26.82806044864785,0.2174311967429008,4.538527230436803,0.010365707215722544,3175,94,15.356004839757361,0.0004628986529853498,-11.33957355878647,0.11784059590523864,28.14273260752259,1.1669060372379951e-05,-20.114936499419855,True,-405.24897314739985,-412.92697556727853,-419.32033945116115,-424.8582041313383,6.460045370894704,3.3700430738692533
60,age_randomized,weak_monsoon_start,Weak monsoon starts,100,2.191453388481225,0.023195360927814438,0.010797840431913617,100,0,222.6251568894283,0.20881142989388707,4.360221325432971,0.012444025184323543,3175,99,10.227462624257441,0.006013602381219462,-6.21103134328655,0.07452075560047189,31.616468538496406,2.291359226378258e-06,-23.58867243039367,True,-421.0254499494441,-426.13918126157284,-436.8336842186923,-442.3263630580285,230.79528308486647,2.6186209785345818
61,age_randomized,strong_monsoon_start,Strong monsoon starts,96,2.025793047619449,0.0655868826234753,0.03939212157568486,96,0,12.065832516886704,0.2270040929240091,4.946962387608208,0.006833347920131754,3175,94,18.739547373887945,8.52626822947847e-05,-14.723116092917053,0.1438055960894252,31.107096642799434,2.9111922800201417e-06,-23.0793005346967,True,-401.41242704844524,-410.7822007353892,-416.96597536984495,-424.8582041313397,355.0238181770501,3.9408096467298783
61,age_randomized,weak_monsoon_start,Weak monsoon starts,100,2.179723416223968,0.026194761047790442,0.012397520495900819,100,0,227.7059480769747,0.24664591192803403,6.083420587081152,0.0021387103802874793,3175,99,17.61467506386191,0.00014963111412488647,-13.598243782891018,0.12834648667426293,42.43389971143108,1.3560640091690507e-08,-34.40610360332835,True,-417.50165709439153,-426.3089946263225,-438.7186069501071,-443.0195102385883,231.7322084933506,3.6186531495504033
62,age_randomized,strong_monsoon_start,Strong monsoon starts,96,1.998386966428449,0.08178364327134573,0.051789642071585686,96,0,26.715423177161668,0.24875662603756296,5.940466463768827,0.0024702246091525687,3175,95,17.28365831357928,0.00017656364409937502,-13.267227032608389,0.13123709546010595,29.47637620911496,6.255196608887954e-06,-21.448580101012226,True,-406.9639218351964,-415.60575099198604,-421.7021099397539,-428.3726718739953,8.619369634781213,3.6440432694767324
62,age_randomized,weak_monsoon_start,Weak monsoon starts,100,2.1940454085448025,0.02299540091981604,0.010397920415916816,100,0,232.83938462340055,0.23247679188792303,5.404545876650067,0.004288349180603659,3175,98,14.274633550289991,0.000794882084936628,-10.2582022693191,0.10507113792607442,35.74365350810638,3.267218655529596e-07,-27.715857400003642,True,-415.14206385483783,-422.2793806299828,-433.013890608891,-438.85335240031026,240.69351509213809,3.174881886696572
63,age_randomized,strong_monsoon_start,Strong monsoon starts,96,1.9995162265601472,0.08118376324735053,0.05158968206358728,96,0,13.735472779097321,0.21826655858808955,4.573467897397241,0.010003076894605107,3175,95,15.271586734976495,0.0004828553809408508,-11.255155454005603,0.11595917078450667,28.802290188506845,8.574625572943542e-06,-20.77449408040411,True,-408.21637392734567,-415.8521672948339,-422.6175190215991,-428.3726718739932,355.09065552570286,3.320781126028555
63,age_randomized,weak_monsoon_start,Weak monsoon starts,100,2.207726831749036,0.021595680863827234,0.008998200359928014,100,0,217.03295313302868,0.21709502505583234,4.713024990399247,0.008688426586167333,3175,99,11.392592762490835,0.0033583806142040654,-7.376161481519944,0.08301028828945972,32.17153186713324,1.7647170037691194e-06,-24.143735759030506,True,-422.0182970575143,-427.7145934387597,-438.1040629910809,-442.32636305802805,225.9242372235564,2.773843524062594
64,age_randomized,strong_monsoon_start,Strong monsoon starts,96,2.0114153425146166,0.07458508298340331,0.046590681863627276,96,0,30.66224517767373,0.2151922059218712,4.445537806994017,0.011395758664401847,3175,95,12.3694869490281,0.00206063008897571,-8.353055668057209,0.09392314463001893,24.434494548588646,6.535185805805792e-05,-16.40669844048591,True,-410.2070036309394,-416.3917471054535,-422.42425090523375,-428.3726718739935,12.041256467105336,2.934505583524504
64,age_randomized,weak_monsoon_start,Weak monsoon starts,100,2.1966343700368562,0.022795440911817635,0.009998000399920015,100,0,226.02639335643386,0.18084701807633685,3.270564394710291,0.03758647127643502,3175,98,8.197390009654441,0.016594316781037035,-4.1809587286835495,0.06033843834265916,31.880768136681922,2.023496287956538e-06,-23.852972028579188,True,-418.1441437566937,-422.24283876152094,-434.0845278250347,-438.853352400309,238.1156088936612,2.3648794608095813
65,age_randomized,strong_monsoon_start,Strong monsoon starts,96,2.0024976342642193,0.07938412317536493,0.049590081983603276,96,0,20.394447492912214,0.24916259082065806,5.959871679788416,0.0024214805220534696,3175,94,22.41877964157493,1.3546398751127853e-05,-18.402348360604037,0.172039692615333,34.87103633801871,4.937487611363492e-07,-26.843240229915978,True,-401.5581313422897,-412.76752116307716,-418.99364951129905,-425.5513513118974,1.174616038573907,4.55585809693409
65,age_randomized,weak_monsoon_start,Weak monsoon starts,100,2.1874213949114787,0.02399520095980804,0.011397720455908818,100,0,232.06204268330762,0.22075803141628167,4.873410843479201,0.00737765691363434,3175,99,14.506733155032293,0.0007077875517029894,-10.490301874061402,0.10570096960739694,37.62574595588842,1.3385066468486783e-07,-29.597949847785685,True,-418.9700489015848,-426.22341547910094,-437.782921879529,-442.3263630580266,239.4605164544766,3.1867848409643904
66,age_randomized,strong_monsoon_start,Strong monsoon starts,96,1.9866533058454292,0.08998200359928014,0.05858828234353129,96,0,14.969014019722408,0.24572674615537818,5.796636842506528,0.002863259758513525,3175,95,17.320321145765774,0.00017335646832061926,-13.303889864794883,0.13151548117684492,29.038560367876244,7.677649977372934e-06,-21.01076425977351,True,-408.0325016977789,-416.6926622706618,-422.55178188171703,-428.37267187399596,359.5040945350995,3.6991106203720445
66,age_randomized,weak_monsoon_start,Weak monsoon starts,100,2.181978393146609,0.02539492101579684,0.01199760047990402,100,0,221.89764601971942,0.19831918477533,3.9330499049951486,0.019208068387539756,3175,98,10.40547639094791,0.005501479650981338,-6.389045109977019,0.07659147544544764,36.03002369610181,2.852833090533509e-07,-28.002227587999073,True,-416.7717443006494,-421.97448249612336,-434.7867561487003,-438.85335240030827,230.14554970652685,2.6433778989935806
67,age_randomized,strong_monsoon_start,Strong monsoon starts,96,1.9940252581366837,0.08558288342331534,0.05418916216756649,96,0,19.301659834676137,0.27108060947605755,7.054530896055439,0.0007839595555749091,3175,95,22.550313247900704,1.2684159531956165e-05,-18.533881966929812,0.1712275004907318,35.05339572359867,4.5294956991190626e-07,-27.025599615495935,True,-405.2471983775852,-416.5223550015356,-422.77389623938456,-428.3726718739933,0.16803107038077686,4.52955821381792
67,age_randomized,weak_monsoon_start,Weak monsoon starts,100,2.177947366752559,0.026394721055788842,0.01279744051189762,100,0,231.74062367773863,0.1538954046614486,2.3683795575911017,0.09342670785010038,3175,99,8.736554719327614,0.012673052887307171,-4.7201234383567225,0.06365749579812635,35.41308730306332,3.820668433743266e-07,-27.385291194960587,True,-420.4030898830704,-424.7713672427342,-438.10963353460204,-442.32636305802663,243.5101088084264,2.3995945975847204
68,age_randomized,strong_monsoon_start,Strong monsoon starts,96,1.9990323360452826,0.08158368326334733,0.05158968206358728,96,0,18.067763959391957,0.2440916544329423,5.719750633325849,0.0030982629499514834,3175,95,17.715369885240875,0.0001422840789790108,-13.698938604269983,0.13451513832079315,32.06141976422248,1.8585913347226595e-06,-24.033623656119744,True,-407.10798020729806,-415.9656651499185,-423.1386900894093,-428.3726718739946,359.6213196585071,3.7145469732186767
68,age_randomized,weak_monsoon_start,Weak monsoon starts,100,2.17222084821388,0.026994601079784044,0.013797240551889621,100,0,226.1575361433595,0.2359464305462382,5.5670718087510815,0.003631249507978475,3175,98,13.833469776165884,0.0009910605871833785,-9.817038495194993,0.10182386859368306,31.807006136298014,2.0949472465303986e-06,-23.77921002819528,True,-419.52295411465866,-426.4396890027416,-435.42645718280767,-438.85335240030975,234.11059909480932,3.138664579076963
69,age_randomized,strong_monsoon_start,Strong monsoon starts,96,1.9868967732340568,0.08998200359928014,0.05838832233553289,96,0,22.025774356990507,0.1922428657076183,3.5479026638858278,0.028369029941904676,3175,95,12.983973438973749,0.0015155350720758125,-8.967542158002857,0.09858902153390235,27.50451084315955,1.571555706213197e-05,-19.476714735056817,True,-407.3522385081553,-413.8442252276422,-421.1044939297351,-428.3726718739925,357.5192355251675,3.021674794277013
69,age_randomized,weak_monsoon_start,Weak monsoon starts,100,2.226815635945521,0.018196360727854428,0.007998400319936013,100,0,228.60697120457522,0.19631650234670517,3.8540169093643897,0.020812165209893506,3175,99,10.988945438221776,0.00410942271444857,-6.972514157250885,0.08006917721374725,36.08353038855785,2.7814300211097737e-07,-28.055734280455113,True,-421.334080809436,-426.8285535285469,-439.3758460037149,-443.7126574191472,237.20978555916196,2.7230926560537534
70,age_randomized,strong_monsoon_start,Strong monsoon starts,96,2.0056354014204953,0.07718456308738253,0.04919016196760648,96,0,21.897417860778457,0.22070732895966583,4.676325605424974,0.009007201487309354,3175,94,16.43197918788269,0.00027029689447100486,-12.415547906911797,0.12609752599121815,28.89854598034117,8.197256411965719e-06,-20.870749872238434,True,-405.97697647591656,-414.1929660698579,-420.42624946608714,-424.858204131336,3.9067277344230167,3.545489269256574
70,age_randomized,weak_monsoon_start,Weak monsoon starts,100,2.2061012349436133,0.021795640871825634,0.009398120375924815,100,0,231.12628086418007,0.2058637723154124,4.237989275193196,0.01409120785846895,3175,98,11.282230083261766,0.0035489090178910175,-7.265798802290874,0.08304498669025524,32.395223927579536,1.5883077305629084e-06,-24.367427819476802,True,-418.1518507426736,-423.7929657843045,-434.3494627064634,-438.85335240030884,242.04789461277505,2.7832443557694955
71,age_randomized,strong_monsoon_start,Strong monsoon starts,96,2.001047774558565,0.08058388322335533,0.05038992201559688,96,0,24.094120501521488,0.24318182459917903,5.677190382277044,0.0032364967932300786,3175,95,17.930649183740456,0.00012776414743636506,-13.914217902769565,0.13614978240685313,30.680872396332802,3.5562874300665697e-06,-22.653076288230068,True,-405.6897176918226,-414.6550422836928,-421.030153889989,-428.3726718739944,2.8863574344566003,3.7480179635493815
71,age_randomized,weak_monsoon_start,Weak monsoon starts,100,2.168134497509449,0.027994401119776045,0.015196960607878424,100,0,225.17261075500576,0.24879979980600225,6.19013403835068,0.001916720480734514,3175,98,17.208106246042803,0.00018336110042303113,-13.191674965071911,0.12666351808294055,39.182165603605995,6.388222435159362e-08,-31.15436949550326,True,-414.5293834893401,-423.1334366123615,-434.1204662911431,-438.85335240031037,230.48453299226477,3.6250776038820556
72,age_randomized,strong_monsoon_start,Strong monsoon starts,96,2.0106135665260845,0.07498500299940011,0.046590681863627276,96,0,21.442440449548684,0.25627083552092805,6.304775149305078,0.0016985732329159145,3175,95,19.76144802717954,5.1151230273412e-05,-15.745016746208648,0.15005127931366796,33.255133141811484,1.059087773112657e-06,-25.22733703370875,True,-405.27015170647155,-415.1508757200613,-421.8977182773773,-428.3726718739955,3.2789470674971803,3.967179692385826
72,age_randomized,weak_monsoon_start,Weak monsoon starts,100,2.1769106687363573,0.026394721055788842,0.01279744051189762,100,0,219.82361266527798,0.23584312776552407,5.562198091422531,0.0036494137398149096,3175,99,14.727906273781855,0.0006336884444235534,-10.711474992810963,0.10731251183768957,39.353599262747025,5.887864648877324e-08,-31.32580315464429,True,-420.33619794355155,-427.7001510804425,-440.01299757492507,-442.3263630580277,224.43448655125198,3.1860444735891957
73,age_randomized,strong_monsoon_start,Strong monsoon starts,96,2.0033831431003635,0.07878424315136973,0.049590081983603276,96,0,22.578650714573634,0.21723136571759782,4.5301887601471424,0.01045416256507339,3175,95,15.36359438792249,0.0004611453859043516,-11.347163106951598,0.11665779701939623,30.03269187581941,4.820002476764847e-06,-22.004895767716675,True,-407.9984917461728,-415.68028894013406,-423.0148376840825,-428.3726718739936,1.0182526954863784,3.368922282591042
73,age_randomized,weak_monsoon_start,Weak monsoon starts,100,2.200850962991998,0.022395520895820836,0.009598080383923215,100,0,232.24415940563614,0.2175650846225026,4.733456604679671,0.008509359190969188,3175,98,11.248263083511688,0.0036096966459686023,-7.231831802540796,0.08279496616937099,33.03145127568905,1.1769001677297053e-06,-25.003655167586317,True,-417.7427194851975,-423.3668510269533,-434.258445123042,-438.8533524003093,239.53025692233754,2.7587056324300847
74,age_randomized,strong_monsoon_start,Strong monsoon starts,96,1.9981448990825876,0.08218356328734253,0.051989602079584085,96,0,27.708991744973947,0.1844111430744968,3.2647170902440825,0.0377926896698586,3175,95,10.779404103359298,0.004563332770538566,-6.762972822388406,0.08184943601923475,22.90836842889621,0.000132076723378086,-14.880572320793476,True,-410.12633952746444,-415.5160415791441,-421.58052374191254,-428.37267187399283,5.300041053336755,2.7086436863659324
74,age_randomized,weak_monsoon_start,Weak monsoon starts,100,2.1811469107280814,0.02579484103179364,0.01199760047990402,100,0,230.3283012655331,0.2027257887723749,4.1097745433381565,0.016052438030148594,3175,98,11.277176610931292,0.00355788751302098,-7.2607453299604,0.08300778965214073,36.16588947712967,2.6749906978636076e-07,-28.138093369026933,True,-416.2398320491247,-421.87842035459033,-434.3227767876895,-438.8533524003087,235.18079203429747,2.7683916774967234
75,age_randomized,strong_monsoon_start,Strong monsoon starts,96,1.9859227245898987,0.09038192361527694,0.0591881623675265,96,0,17.045158053787684,0.24932373993500379,5.96758342033703,0.002402376054738784,3175,95,19.506903982738436,5.8093777982217264e-05,-15.490472701767544,0.14811849283681006,32.829037539147066,1.2947220756583053e-06,-24.801241431044332,True,-406.2572740669999,-416.01072605836913,-422.67179283657345,-428.37267187399465,357.9011405931445,3.958837338636067
75,age_randomized,weak_monsoon_start,Weak monsoon starts,100,2.2036697373222554,0.022195560887822437,0.009398120375924815,100,0,234.76494934841736,0.24212218905158445,5.86231544311312,0.0026833445186157903,3175,99,15.05220114220947,0.0005388353153611233,-11.035769861238578,0.10967543405216561,33.52381031512243,9.330107134521529e-07,-25.496014207019698,True,-421.2963173657923,-428.822417936897,-438.0582225233535,-442.32636305802964,241.20262274526573,3.250068084117692
76,age_randomized,strong_monsoon_start,Strong monsoon starts,96,1.9877892318635801,0.08958208358328335,0.057788442311537694,96,0,26.8118506673732,0.23002695076779567,5.07959021563487,0.0059673670651892614,3175,95,14.811926996119382,0.0006076184039862891,-10.79549571514849,0.11246891380689891,29.637844381450577,5.799636236383489e-06,-21.610048273347843,True,-408.5662184445648,-415.9721819426245,-423.3851406352901,-428.3726718739954,6.611853775129381,3.2850987052519045
76,age_randomized,weak_monsoon_start,Weak monsoon starts,100,2.2117947091026435,0.020795840831833633,0.008598280343931213,100,0,227.5532945845212,0.21455813461818732,4.603519313083619,0.009714009161068975,3175,98,12.552476384506235,0.001880461239158814,-8.536045103535344,0.09239487464695395,35.1311994987542,4.365821154579643e-07,-27.103403390651465,True,-417.46669893519334,-423.74293712744645,-435.03229868457043,-438.8533524003103,234.60768531249332,2.9368633295792836
77,age_randomized,strong_monsoon_start,Strong monsoon starts,96,1.992569233657656,0.08678264347130574,0.05558888222355529,96,0,17.486756666308302,0.24213011147839478,5.628191124915829,0.003403255525403863,3175,95,19.7054356306204,5.2604030519500684e-05,-15.689004349649508,0.14962596980448808,32.51766237368372,1.4993075024234719e-06,-24.489866265580986,True,-405.66478219113554,-415.51750000644574,-421.9236133779774,-428.3726718739937,357.9031330050349,4.01882951468394
77,age_randomized,weak_monsoon_start,Weak monsoon starts,100,2.192850886329095,0.023195360927814438,0.010597880423915218,100,0,223.77155517084776,0.21385844341536367,4.57354338200423,0.010015169675043126,3175,98,12.715302363106957,0.0017334334544410984,-8.698871082136066,0.09359338603397002,40.0538610137055,4.218814896237249e-08,-32.026064905602766,True,-413.3423475959572,-419.6999987775107,-433.36927810281,-438.8533524003103,232.09475104456675,2.9523702532110856
78,age_randomized,strong_monsoon_start,Strong monsoon starts,96,1.9997581279091392,0.08118376324735053,0.05118976204759048,96,0,24.339560859940203,0.20793822159895706,4.150877184166749,0.015380897039381116,3175,95,13.884897266200369,0.000965901560585452,-9.868465985229477,0.1054298548905263,27.438775210823565,1.6204491584220442e-05,-19.41097910272083,True,-408.962068122627,-415.9045167557272,-422.68145572803877,-428.3726718739947,0.7177846762173247,3.163280388817757
78,age_randomized,weak_monsoon_start,Weak monsoon starts,100,2.1945046670340695,0.022795440911817635,0.010397920415916816,100,0,229.92271198513163,0.23551985322297264,5.546960126217058,0.0037067904190603365,3175,98,13.28306611648975,0.001305025030091238,-9.266634835518857,0.09777251843908155,32.757678643336476,1.3390020149040227e-06,-24.72988253523374,True,-417.23969110515304,-423.8812241633979,-433.6185304268213,-438.8533524003111,235.83362232703288,3.0655409808534095
79,age_randomized,strong_monsoon_start,Strong monsoon starts,96,1.9994355862735076,0.08138372325534893,0.05158968206358728,96,0,20.862847346345248,0.2140799941725111,4.399703414870629,0.011940308369090873,3175,95,15.133513829169829,0.0005173675981294496,-11.117082548198937,0.11491076501351506,29.642776334202267,5.786253955447599e-06,-21.614980226099533,True,-407.0845948401605,-414.6513517547454,-421.9059830072616,-428.37267187399226,359.00696792923515,3.3323717629854133
79,age_randomized,weak_monsoon_start,Weak monsoon starts,100,2.1758920024043142,0.02659468106378724,0.012997400519896021,100,0,216.38546339430198,0.216310555529433,4.679025643345192,0.008994751553412821,3175,98,11.79824219185025,0.00274185358636525,-7.781810910879358,0.08684319133361883,34.74609979063678,5.237952443761149e-07,-26.718303682534042,True,-417.6129412963468,-423.5120623922719,-434.98599119166516,-438.85335240030884,223.73197968115673,2.8211742131355466
80,age_randomized,strong_monsoon_start,Strong monsoon starts,96,2.020213876883372,0.0687862427514497,0.04239152169566087,96,0,23.922397005015572,0.2079969522839938,4.15322228730528,0.015344260632479722,3175,95,14.456206930270923,0.0007258962460454535,-10.439775649300032,0.10976788446508698,29.899280144954105,5.131031691794965e-06,-21.87148403685137,True,-407.3974628650481,-414.6255663301836,-422.34710293752516,-428.37267187399493,0.7839680199717163,3.236585933561477
80,age_randomized,weak_monsoon_start,Weak monsoon starts,100,2.209880273663658,0.021395720855828835,0.008798240351929614,100,0,224.99747567992102,0.22421642100898617,5.027300345007894,0.006305450931928139,3175,98,13.031397756484807,0.0014800211833378883,-9.014966475513916,0.09592006591393977,33.60591941802636,8.975518113287792e-07,-25.578123309923626,True,-417.1331274861584,-423.6488263644008,-433.9360871951716,-438.8533524003084,232.89504808979294,2.9894044338746752
81,age_randomized,strong_monsoon_start,Strong monsoon starts,96,2.0034636244961215,0.07878424315136973,0.049590081983603276,96,0,20.305186217814608,0.23989567885237084,5.524793926275826,0.0037837103155308627,3175,95,17.073225405146786,0.00019615356657595783,-13.056794124175894,0.12963925065255122,29.33532864167023,6.682186325238846e-06,-21.307532533567496,True,-406.8152116503845,-415.3518243529579,-421.48287597121964,-428.3726718739921,3.465871665539,3.612178199880769
81,age_randomized,weak_monsoon_start,Weak monsoon starts,100,2.1802041806372126,0.025994801039792043,0.01219756048790242,100,0,221.81896784902716,0.23483910845850864,5.5149406861587185,0.003830296217721922,3175,99,14.031525524832546,0.0008976208791185731,-10.015094243861654,0.10223844591304457,34.55486971876144,5.733510654468246e-07,-26.527073610658704,True,-420.9976123992999,-428.01337516171617,-438.2750472586806,-442.3263630580277,229.57174107181174,3.103053833508375
82,age_randomized,strong_monsoon_start,Strong monsoon starts,96,1.9981448990825876,0.08218356328734253,0.051989602079584085,96,0,19.739680199378597,0.23466221528928713,5.286370107309671,0.0048299509041495456,3175,95,16.441812218529208,0.000268971237125164,-12.425380937558316,0.12484484710999819,28.193362371857233,1.1396477343449861e-05,-20.1655662637545,True,-408.30454868960487,-416.5254547988695,-422.4012298755335,-428.3726718739947,1.2518987584791808,3.548793573131318
82,age_randomized,weak_monsoon_start,Weak monsoon starts,100,2.212833280447442,0.020795840831833633,0.008598280343931213,100,0,227.93062702722608,0.1998970418238962,3.9958827329944504,0.018021049986711515,3175,99,10.643648504926887,0.0048838362435452,-6.627217223955995,0.07755322684355176,33.123794985534346,1.1267582508286984e-06,-25.09599887743161,True,-421.17839381128033,-426.5002180637438,-437.7402913040475,-442.32636305803,236.85254644553996,2.673408282997476
83,age_randomized,strong_monsoon_start,Strong monsoon starts,96,2.0137386876395107,0.07258548290341932,0.04599080183963208,96,0,22.240823050737166,0.256936519436923,6.337572001954591,0.0016421970009787314,3175,95,20.497997323982077,3.539292339192221e-05,-16.481566043011185,0.15564399519717992,35.91113084018366,3.018100949700408e-07,-27.883334732080925,True,-404.57739415641623,-414.82639281840727,-422.53295957650806,-428.37267187399164,3.565166523784844,4.118954001840093
83,age_randomized,weak_monsoon_start,Weak monsoon starts,100,2.1956799310376347,0.022795440911817635,0.009998000399920015,100,0,217.58561650210828,0.20067112111065652,4.026889884780778,0.017462459102734838,3175,98,9.93708895868258,0.006953261288386525,-5.920657677711688,0.07314382123246853,34.12026632396169,7.040431143359806e-07,-26.092470215858953,True,-416.8497708639611,-421.8183153433024,-433.90990402594196,-438.8533524003085,226.9027144149436,2.583935639189016
84,age_randomized,strong_monsoon_start,Strong monsoon starts,96,2.004429149190481,0.07838432313537293,0.04939012197560488,96,0,24.360321217874695,0.2161680459026062,4.485947910657721,0.010936185493071104,3175,95,14.565154471704204,0.0006874116568193677,-10.548723190733313,0.11059513750583876,27.674005605324965,1.4521524618627329e-05,-19.64620949722223,True,-407.9494924073742,-415.2320696432263,-421.78649521003666,-428.37267187399385,5.641855085285285,3.28199098542463
84,age_randomized,weak_monsoon_start,Weak monsoon starts,100,2.18279109192418,0.02539492101579684,0.01199760047990402,100,0,227.03433300397265,0.21073808847337142,4.441054193341052,0.011461454918536722,3175,98,11.968469903028563,0.0025181394805304787,-7.952038622057671,0.08809618457208225,35.746988368566235,3.262063531698897e-07,-27.7191922604635,True,-418.00843226679245,-423.99266721830674,-435.88192645107557,-438.85335240030906,234.4196411631665,2.8394535845871607
85,age_randomized,strong_monsoon_start,Strong monsoon starts,96,2.0182175781716447,0.06938612277544491,0.04299140171965607,96,0,11.91635748448983,0.22381865685437632,4.809099950985318,0.007866138434505114,3175,95,16.651291582866634,0.00024222444779058134,-12.634860301895742,0.12643545153156754,30.70062759871064,3.523461363639807e-06,-22.672831490607905,True,-405.271007659235,-413.5966534506683,-420.62132145859033,-428.372671873993,352.8528465516578,3.549345819478865
85,age_randomized,weak_monsoon_start,Weak monsoon starts,100,2.1849691099159005,0.02499500099980004,0.011597680463907219,100,0,223.71696048966268,0.23191428193890298,5.378423416723698,0.004404477195103464,3175,98,13.911238764651557,0.0009532633235738203,-9.894807483680665,0.10239630193053628,38.75848142848827,7.81431103277076e-08,-30.730685320385533,True,-414.8840681160726,-421.8396874983984,-434.26330883031676,-438.8533524003061,229.3900293808428,3.142877704892606
86,age_randomized,strong_monsoon_start,Strong monsoon starts,96,1.998951676237876,0.08158368326334733,0.05158968206358728,96,0,14.696705834985755,0.20812603898467819,4.158379017931371,0.015264004535347531,3175,95,15.04002700402043,0.0005421252460155834,-11.023595723049539,0.11420090722913878,27.822383036926794,1.35506034194255e-05,-19.79458692882406,True,-406.65830030136976,-414.17831380338,-420.56949181983316,-428.3726718739961,352.932159132771,3.3339603238511852
86,age_randomized,weak_monsoon_start,Weak monsoon starts,100,2.177762278301581,0.026394721055788842,0.01279744051189762,100,0,215.27635524809315,0.25230848208130136,6.365957013017037,0.0015998675364948894,3175,98,14.99466309886543,0.000554562219355955,-10.978231817894539,0.11037105149251987,37.5885790989862,1.3623342529948002e-07,-29.560782990883467,True,-416.433251418331,-423.9305829677637,-435.2275409678241,-439.5464995808677,219.47688615778597,3.2854110511528614
87,age_randomized,strong_monsoon_start,Strong monsoon starts,96,1.9710088397825944,0.10397920415916817,0.06718656268746251,96,0,13.628417992969885,0.2231147244019942,4.778897303517872,0.008112360237490754,3175,94,20.003683585785097,4.531638945011836e-05,-15.987252304814206,0.15350646334427723,36.83825276177197,1.944933422461016e-07,-28.810456653669235,True,-399.2624268695544,-409.26426866244697,-417.6815532504404,-424.858204131339,354.0436529149365,4.087616996735852
87,age_randomized,weak_monsoon_start,Weak monsoon starts,100,2.2127786309503388,0.020795840831833633,0.008598280343931213,100,0,229.19916962714507,0.19627657218987463,3.8524492790607066,0.0208452951545724,3175,98,9.624619073215285,0.008129063630891208,-5.608187792244394,0.07084382758863789,29.093369809297087,7.483294077972874e-06,-21.065573701194353,True,-419.88356481452735,-424.695874351135,-434.4302497191759,-438.8533524003097,238.77910267815514,2.5824640709240567
88,age_randomized,strong_monsoon_start,Strong monsoon starts,96,1.9859227245898987,0.09038192361527694,0.0591881623675265,96,0,25.304833033236278,0.23098162133327602,5.121840901799895,0.0057151269263236324,3175,95,17.829155246323126,0.00013441512175294963,-13.812723965352234,0.13537912556373588,33.51238405788365,9.380545564055293e-07,-25.484587949780916,True,-404.14155029921767,-413.05612792237923,-420.8977423281595,-428.3726718739955,1.0659298490768532,3.749410269250706
88,age_randomized,weak_monsoon_start,Weak monsoon starts,100,2.167297703895463,0.028394321135772844,0.015196960607878424,100,0,212.69377915426065,0.25629658313898074,6.5687938528716465,0.0012985544181162156,3175,98,17.10477056908519,0.00019308398958169942,-13.088339288114298,0.12590289630389132,44.037964270585235,6.30033550934993e-09,-36.0101681624825,True,-412.48151429625426,-421.03389958079686,-434.5004964315469,-438.8533524003105,217.11686674032782,3.5302629177879354
89,age_randomized,strong_monsoon_start,Strong monsoon starts,96,2.001853381811524,0.07978404319136173,0.04979004199160168,96,0,17.96892310429885,0.27188139701886577,7.096271428313291,0.0007508577765676801,3175,95,20.823951812916107,3.007020010165468e-05,-16.807520531945215,0.1581190105905516,31.52026745372177,2.3973882246336994e-06,-23.492471345619037,True,-406.8824927440912,-417.2944686505493,-422.6426264709521,-428.37267187399385,2.7486656893639947,4.252275736642698
89,age_randomized,weak_monsoon_start,Weak monsoon starts,100,2.1967444709291715,0.022795440911817635,0.009998000399920015,100,0,231.29486860555366,0.2197216530454603,4.8277604817029625,0.0077292903272208075,3175,98,12.466403299344961,0.0019631564848490326,-8.44997201837407,0.09176131743717748,36.73108227175783,2.0463337382923335e-07,-28.703286163655093,True,-416.6867475546494,-422.9199492043219,-435.0522886905283,-438.8533524003078,237.06011997175656,2.9383629600335053
90,age_randomized,strong_monsoon_start,Strong monsoon starts,96,1.9705997725055444,0.10397920415916817,0.06758648270345931,96,0,12.721020025490835,0.2462587914909613,5.821765669112521,0.0027903657815201406,3175,95,19.91235651820648,4.74336692779443e-05,-15.895925237235588,0.15119714737489218,32.498534456336756,1.5128767833295097e-06,-24.470738348234022,True,-407.37636737790626,-417.3325456370095,-423.62563460607464,-428.3726718739929,354.0270098890663,4.108426572195332
90,age_randomized,weak_monsoon_start,Weak monsoon starts,100,2.1759105278669355,0.02659468106378724,0.012997400519896021,100,0,217.7387732279059,0.21599241369887123,4.665272277546434,0.009121696512985314,3175,99,13.171894702303689,0.001379619763945913,-9.155463421332797,0.09597488467739972,39.17589788091243,6.40729833328904e-08,-31.148101772809696,True,-418.285839317614,-424.8717866687658,-437.8737882580702,-442.32636305802646,224.34078996941443,3.015066777280032
91,age_randomized,strong_monsoon_start,Strong monsoon starts,96,1.9665044196178794,0.10697860427914417,0.06998600279944012,96,0,10.913760134219078,0.19168546298628908,3.527358405145728,0.028965936373281525,3175,95,14.286511676086093,0.0007901752212526077,-10.270080395115201,0.10847936603521938,28.355136068495312,1.056726562435699e-05,-20.327339960392578,True,-406.1366257807583,-413.27988161880137,-420.314193815006,-428.37267187399345,349.5709370427572,3.2448072913214765
91,age_randomized,weak_monsoon_start,Weak monsoon starts,100,2.1872002489610187,0.02399520095980804,0.011397720455908818,100,0,228.16299963537728,0.2268159533685795,5.144547670249763,0.005593918664336486,3175,98,12.93235380419867,0.0015551599108180204,-8.915922523227778,0.09519103418540276,31.054415865808664,2.984137061861662e-06,-23.02661975770593,True,-418.170363899301,-424.6365408014003,-433.6975718322053,-438.85335240030867,235.44580918353827,3.007595724415123
92,age_randomized,strong_monsoon_start,Strong monsoon starts,96,1.979742620869881,0.09598080383923216,0.0625874825034993,96,0,12.092330431845614,0.24428431426049632,5.728783314597209,0.0030696892913158174,3175,94,22.765927217663034,1.1387849448411984e-05,-18.749495936692142,0.17470367179873159,36.76374415468263,2.0148842988657626e-07,-28.735948046579892,True,-399.03533124633884,-410.41829485517036,-417.41720332368016,-424.85820413134127,353.6437325379786,4.6134982278664
92,age_randomized,weak_monsoon_start,Weak monsoon starts,100,2.1829388228313786,0.02519496100779844,0.01199760047990402,100,0,229.4187321139998,0.2276666745067467,5.183211468096095,0.0053772648397648155,3175,98,13.10258472946498,0.001428268561125173,-9.086153448494088,0.0964440510817683,33.33271659455329,1.0210325616035342e-06,-25.304920486450555,True,-418.3460826161767,-424.8973749809092,-435.01244091345336,-438.85335240030895,238.07716480269983,3.0105248622220477
93,age_randomized,strong_monsoon_start,Strong monsoon starts,96,2.0041878116242353,0.07838432313537293,0.04939012197560488,96,0,13.074970520223513,0.2483915333030263,5.923041966396329,0.0025148242185338903,3175,95,18.42711515364533,9.967879648115936e-05,-14.41068387267444,0.13991951394765256,29.877401401182738,5.18391216553709e-06,-21.849605293080003,True,-408.1309211178783,-417.34447869470097,-423.06962181846967,-428.37267187399425,356.7417035519944,3.8816389440516708
93,age_randomized,weak_monsoon_start,Weak monsoon starts,100,2.1802411581240735,0.025994801039792043,0.01219756048790242,100,0,226.90303278011947,0.2206997860026689,4.8708395541623855,0.007397032994072134,3175,98,13.202458270759735,0.0013586969882465926,-9.186026989788843,0.09717918915698238,37.82792206451131,1.2159864785457595e-07,-29.80012595640858,True,-415.7983456191668,-422.3995747545467,-434.71230665142247,-438.85335240030827,232.45723811965019,3.0446045235980863
94,age_randomized,strong_monsoon_start,Strong monsoon starts,96,2.012537292272971,0.07318536292741452,0.046390721855628876,96,0,14.968059758155512,0.22418862540429305,4.825011817023977,0.007739424070226221,3175,95,16.19064524407679,0.0003049622309308545,-12.174213963105899,0.12293770317064245,29.514034831155072,6.145861685319175e-06,-21.486238723052338,True,-407.46961451931764,-415.56493714135604,-422.2266319348952,-428.37267187399385,355.887414546007,3.5116198088487005
94,age_randomized,weak_monsoon_start,Weak monsoon starts,100,2.1686550061348315,0.027994401119776045,0.015196960607878424,100,0,219.898201588936,0.1812184049819607,3.2840110304205923,0.0370786448062509,3175,99,8.90610227266177,0.01164298837559238,-4.889670991690878,0.06489287667888416,32.29123513313198,1.6680171687151548e-06,-24.263439025029243,True,-421.435838274344,-425.8888894106749,-437.58145584091,-442.3263630580286,232.38769890457382,2.4372393449257763
95,age_randomized,strong_monsoon_start,Strong monsoon starts,96,1.9873836185323097,0.08998200359928014,0.05818836232753449,96,0,17.280237141004466,0.24238578509342287,5.640083406274078,0.0033620136247608885,3175,95,18.527591288505732,9.479483396266524e-05,-14.51116000753484,0.14068244248181463,32.345526956913545,1.6259165532458098e-06,-24.31773084881081,True,-404.9602733384361,-414.22406898268895,-421.13303681689285,-428.3726718739931,358.59795036770015,3.834568315531431
95,age_randomized,weak_monsoon_start,Weak monsoon starts,100,2.2043098651548134,0.021995600879824034,0.009398120375924815,100,0,219.10772606058796,0.23286626464101368,5.422669720785862,0.00420957400961589,3175,98,12.390224930335421,0.0020393738282753465,-8.37379364936453,0.09120059215558017,33.374339120872605,1.0011811877148044e-06,-25.34654301276987,True,-418.4732590079614,-424.6683714731291,-435.1604285683977,-438.85335240030815,227.1374280241592,2.905558085878339
96,age_randomized,strong_monsoon_start,Strong monsoon starts,96,1.9879514540233854,0.08958208358328335,0.057388522295540895,96,0,11.619511328662517,0.23761392397935222,5.420196179411076,0.004211615772327323,3175,95,17.868942330297727,0.00013176755097956807,-13.852511049326836,0.13568123413606006,30.041808638618477,4.7994466407786985e-06,-22.014012530515743,True,-407.81641590484,-416.7508870699889,-422.83732022414927,-428.3726718739944,354.0376489896558,3.743703917959162
96,age_randomized,weak_monsoon_start,Weak monsoon starts,100,2.1741313636465223,0.02659468106378724,0.013197360527894421,100,0,224.7553639562075,0.2221151236095013,4.933512813606405,0.006938864947133561,3175,99,13.519469970048704,0.0011595364277075149,-9.503038689077812,0.09850743576382084,36.476428510370056,2.3089203227523783e-07,-28.44863240226732,True,-419.9187833931801,-426.67851837820444,-438.1569976483651,-442.3263630580285,232.35241284840703,3.04237985768239
97,age_randomized,strong_monsoon_start,Strong monsoon starts,96,1.9903831998303851,0.08838232353529295,0.05618876224755049,96,0,27.061402576911444,0.22026105355690953,4.657433444543978,0.009182415571911426,3175,95,14.65745538895203,0.0006564082078556698,-10.641024107981139,0.11129599053522267,26.163820171814677,2.9326497916934663e-05,-18.136024063711943,True,-410.04148887639457,-417.3702165708706,-423.1233989623019,-428.37267187399385,6.842360579279804,3.2757210101941006
97,age_randomized,weak_monsoon_start,Weak monsoon starts,100,2.1700486105769636,0.027794441111777646,0.014397120575884824,100,0,209.05467024284363,0.25679462159715116,6.594347768122405,0.0012648415071175442,3175,99,15.790226018732142,0.0003725597950637725,-11.77379473776125,0.1150529331906098,36.815139756804456,1.9663695261589825e-07,-28.78734364870172,True,-418.3396149704258,-426.2347279797919,-436.74718484882806,-442.32636305802816,215.08348042989374,3.367162727931304
98,age_randomized,strong_monsoon_start,Strong monsoon starts,96,1.9838106451753394,0.09298140371925614,0.059988002399520096,96,0,22.109133710944423,0.19632726496508182,3.700261916992267,0.024307949141891185,3175,95,12.46561394835203,0.0019639314475286608,-8.449182667381137,0.09465304960486191,24.74261258488366,5.6673988854433834e-05,-16.714816476780925,True,-411.2915662357657,-417.5243732099417,-423.6628725282075,-428.3726718739913,359.744528253551,2.9951174179786544
98,age_randomized,weak_monsoon_start,Weak monsoon starts,100,2.175373225399251,0.02659468106378724,0.012997400519896021,100,0,225.38153615801536,0.20117273826277862,4.047047062014443,0.01710860326855648,3175,99,11.388029679649435,0.003366051646242933,-7.371598398678543,0.08297704012286147,34.32377513865413,6.395108430793958e-07,-26.295979030551393,True,-420.8870530798441,-426.58106791966884,-438.0489406491712,-442.32636305802686,232.0521640730936,2.779165153393666
99,age_randomized,strong_monsoon_start,Strong monsoon starts,96,1.9937826612310916,0.08578284343131373,0.05438912217556489,96,0,22.07721097580204,0.23985490070165394,5.522915845497626,0.0037909983117345504,3175,95,17.124663414154156,0.00019117301407617671,-13.108232133183265,0.130029826234173,29.048631237214636,7.641565447295544e-06,-21.0208351291119,True,-409.24802198562827,-417.81035369270535,-423.7723376042356,-428.3726718739949,3.0755156060515003,3.613419790549206
99,age_randomized,weak_monsoon_start,Weak monsoon starts,100,2.2247329443449297,0.01899620075984803,0.007998400319936013,100,0,224.7068030590022,0.21108023371804704,4.455486506646537,0.011294326242006186,3175,98,10.44395804098599,0.0053966384932676035,-6.427526760015098,0.07687472690297399,32.19717228401021,1.7435446466582385e-06,-24.169376175907473,True,-416.7250703035525,-421.9470493240455,-432.8236564455576,-438.8533524003092,232.13422133827336,2.658527518865035
100,age_randomized,strong_monsoon_start,Strong monsoon starts,96,1.963878911878839,0.10937812437512498,0.07138572285542892,96,0,21.543523210242643,0.18747902876904346,3.374245077905647,0.03382617040884494,3175,94,12.975771721534556,0.0015217628281371616,-8.959340440563665,0.09957490167215506,26.030684276656302,3.1196971295799294e-05,-18.002888168553568,True,-404.99050738228675,-411.47839324305403,-418.0058495206149,-424.8582041313383,0.7597763467071508,3.066732930965064
100,age_randomized,weak_monsoon_start,Weak monsoon starts,100,2.17253629176866,0.026994601079784044,0.013797240551889621,100,0,213.21097548324948,0.22131696066440365,4.89811970777292,0.007194016923204493,3175,98,11.517961883517387,0.003154324401426755,-7.501530602546495,0.0847801351556053,34.47935489818258,5.941831995916116e-07,-26.451558790079844,True,-415.6983622952487,-421.4573432370074,-432.93803974434,-438.8533524003086,219.4473872052066,2.816253947873333
101,age_randomized,strong_monsoon_start,Strong monsoon starts,96,2.02746380505612,0.06418716256748651,0.039192161567686463,96,0,15.473590065121833,0.22075503525608078,4.678347416727693,0.008988648452478612,3175,95,15.621500868620956,0.0004053537422976841,-11.605069587650064,0.11861611491790573,27.56773356682322,1.525916457896044e-05,-19.539937458720487,True,-409.59562824913536,-417.40637868344584,-423.37949503254697,-429.06581905455306,356.1924602096223,3.438650732369641
101,age_randomized,weak_monsoon_start,Weak monsoon starts,100,2.2042915783679167,0.021995600879824034,0.009398120375924815,100,0,240.3913146037041,0.19138575423832324,3.662850692537186,0.02526470313432235,3175,99,11.52807771165044,0.0031384103794708292,-7.511646430679548,0.08399747750293272,34.7554375895445,5.214878823098186e-07,-26.727641481441765,True,-421.16155920057656,-426.9255980564018,-438.5392779953488,-442.3263630580268,248.4438840890474,2.79480238319833
102,age_randomized,strong_monsoon_start,Strong monsoon starts,96,1.9976606763930391,0.08278344331133773,0.052389522095580884,96,0,16.830678803174685,0.2412706018896015,5.588304320272376,0.0035452900894582945,3175,95,16.77303860641723,0.00022791921699722906,-12.756607325446339,0.127359892726933,27.170052237557343,1.8365608883842544e-05,-19.14225612945461,True,-408.65903841895954,-417.04555772216816,-422.2440645377382,-428.3726718739948,0.7977871031730275,3.594144345955476
102,age_randomized,weak_monsoon_start,Weak monsoon starts,100,2.1853749409881886,0.024795040991801638,0.011597680463907219,100,0,215.48745020211138,0.2211779549705333,4.891968776494726,0.0072393019775357625,3175,99,12.458594260578366,0.0019708366513188137,-8.442162979607474,0.090777536142344,36.18210541302824,2.6545170207499303e-07,-28.154309304925505,True,-420.54242183794827,-426.77171896823745,-438.6334745444624,-442.326363058029,226.2120925207508,2.8953917317026403
103,age_randomized,strong_monsoon_start,Strong monsoon starts,96,2.020373495567845,0.0683863227354529,0.04239152169566087,96,0,17.072881270924647,0.1982919130716004,3.774689547801133,0.022539884936978172,3175,94,13.84685061821233,0.0009844521060068674,-9.830419337241437,0.10625948254694258,27.180140228663504,1.8279525562881635e-05,-19.15234412056077,True,-401.9680364570812,-408.8914617661874,-415.55810657141296,-424.8582041313377,359.23342762332203,3.170391817560621
103,age_randomized,weak_monsoon_start,Weak monsoon starts,100,2.1838988301407714,0.02519496100779844,0.011797640471905619,100,0,229.74001624206414,0.20023669804553554,4.009473524417897,0.01777405784133386,3175,99,11.637574401474922,0.0029712064374931937,-7.62114312050403,0.08479530745951623,35.18496876382676,4.2561657768960234e-07,-27.157172655724025,True,-421.12189226113554,-426.940679461873,-438.7143766430489,-442.3263630580266,236.69663999270352,2.7878538047810926
104,age_randomized,strong_monsoon_start,Strong monsoon starts,96,2.009089310635614,0.07578484303139373,0.047390521895620874,96,0,25.162501113794928,0.2129042509801827,4.351509128201532,0.012540826029784334,3175,95,13.389980437399572,0.001237093974590097,-9.37354915642868,0.10167188618229787,26.304265212595624,2.7474087249936878e-05,-18.27646910449289,True,-408.77392182730733,-415.4689120460071,-421.92605443360515,-428.37267187399135,6.310713467450755,3.1119357956654867
104,age_randomized,weak_monsoon_start,Weak monsoon starts,100,2.1622514993116306,0.030193961207758448,0.015996800639872025,100,0,224.25389691490375,0.23299851983635836,5.4288310245933875,0.004183123175880065,3175,99,14.714893899046729,0.000637824781476492,-10.698462618075837,0.10721769926950495,35.818805091981744,3.1529937317453026e-07,-27.79100898387901,True,-421.4998137172362,-428.85726066675954,-439.40921626322705,-442.3263630580265,229.41301085609567,3.221819019004678
105,age_randomized,strong_monsoon_start,Strong monsoon starts,96,2.0008866141850454,0.08058388322335533,0.05058988202359528,96,0,14.707193140855589,0.23755142652465458,5.417345303414243,0.004223928843909468,3175,95,19.03331107339477,7.361545729408405e-05,-15.016879792423879,0.14452243945938753,33.05914355692801,1.1616344827484095e-06,-25.031347448825272,True,-405.1085688246993,-414.6252243613967,-421.6381406031633,-428.37267187399334,354.2590671562169,3.9369337846107335
105,age_randomized,weak_monsoon_start,Weak monsoon starts,100,2.1924096674553386,0.023195360927814438,0.010797840431913617,100,0,216.8244148990799,0.21243084517376193,4.512686398123881,0.010655452332928668,3175,99,11.118932082635638,0.0038508320339474132,-7.102500801664746,0.08101630391716984,36.33787558705171,2.4656340687605095e-07,-28.31007947894898,True,-418.75013793552193,-424.30960397683975,-436.9190757290478,-442.32636305802777,224.65380049803755,2.721202141190702
106,age_randomized,strong_monsoon_start,Strong monsoon starts,96,1.989572948138015,0.08878224355128975,0.05678864227154569,96,0,28.78462101480416,0.2508426837715869,6.040516992166307,0.002228948650800341,3175,95,19.65333745563896,5.399232085941091e-05,-15.63690617466807,0.1492303814956192,33.84449706640828,8.019611614713813e-07,-25.816700958305546,True,-406.49367836924375,-416.32034709706323,-423.4159269024479,-428.3726718739913,7.640711865102031,4.01933334435264
106,age_randomized,weak_monsoon_start,Weak monsoon starts,100,2.1905702989040328,0.023195360927814438,0.010797840431913617,100,0,237.17797132673437,0.21577245291928865,4.655775143880664,0.009210394794276072,3175,98,12.674042786441873,0.0017695652337452734,-8.657611505470982,0.09328968712252159,34.02724787792977,7.356616181668824e-07,-25.999451769827033,True,-417.4216730559609,-423.75869444918186,-434.4352969949258,-438.85335240030764,242.04431610169894,2.951205673697239
107,age_randomized,strong_monsoon_start,Strong monsoon starts,96,2.018856608529833,0.0691861627674465,0.04279144171165767,96,0,12.206287142081607,0.22788715564550743,4.985525347987174,0.0065694115218934805,3175,95,17.074146311148525,0.00019606326786834758,-13.057715030177633,0.12964624321319246,28.572795231708483,9.54556196105145e-06,-20.54499912360575,True,-408.2031965711094,-416.74026972668366,-422.48959418696364,-428.3726718739962,352.689800559032,3.6390733611777857
107,age_randomized,weak_monsoon_start,Weak monsoon starts,100,2.2044927246806565,0.021995600879824034,0.009398120375924815,100,0,221.65434579707156,0.20778839554838832,4.317601732457348,0.012995379813825855,3175,98,9.954101117398636,0.006894367130360233,-5.9376698364277445,0.07326904244172604,33.104201148629045,1.1372165082252505e-06,-25.07640504052631,True,-417.09869696704646,-422.0757475257458,-433.650797541361,-438.8533524003089,230.61187880039316,2.5953041324963317
108,age_randomized,strong_monsoon_start,Strong monsoon starts,96,1.9893298082774655,0.08918216356728655,0.05698860227954409,96,0,24.765289909022787,0.210936888525343,4.271459610312286,0.01360536352476129,3175,95,16.653241304877383,0.00024198842768397285,-12.636810023906492,0.1264502560277571,33.31502871150303,1.0295868832113589e-06,-25.287232603400298,True,-405.5167300482324,-413.84335070067107,-422.1742444039839,-428.37267187399414,357.60041235760093,3.5722372307332417
108,age_randomized,weak_monsoon_start,Weak monsoon starts,100,2.1977167892562455,0.022595480903819236,0.009998000399920015,100,0,227.0668189806419,0.2393223146684478,5.7275170298263545,0.003080956890792283,3175,98,13.575411427158087,0.0011275527378003108,-9.558980146187196,0.09992438134687928,31.960460229210867,1.9490268100859742e-06,-23.932664121108132,True,-418.14589910338907,-424.9336048169681,-434.1261292179945,-438.85335240031,232.0138809794797,3.0915546324908916
109,age_randomized,strong_monsoon_start,Strong monsoon starts,96,1.99628807426672,0.08418316336732654,0.05318936212757448,96,0,26.04474273633452,0.19631297196533656,3.6997231643388497,0.0243212377362093,3175,95,12.495776686710997,0.0019345348996005498,-8.479345405740105,0.09488207925249409,26.02947055255197,3.121455765578429e-05,-18.001674444449236,True,-408.54968157729184,-414.79756992064733,-421.5644168535678,-428.3726718739927,3.5561262587557154,2.9637864155315254
109,age_randomized,weak_monsoon_start,Weak monsoon starts,100,2.2004479861815316,0.022395520895820836,0.009598080383923215,100,0,216.3709625759604,0.22573206212361235,5.095496387057839,0.0058813177886693655,3175,99,11.761499345488573,0.0027926908858413495,-7.745068064517682,0.08569826656138967,31.778474841550178,2.1232537869572234e-06,-23.750678733447444,True,-422.2275806916958,-428.10833036444006,-438.11681811247087,-443.0195102385872,224.27224143019575,2.80664274755173
110,age_randomized,strong_monsoon_start,Strong monsoon starts,96,2.0047508874187474,0.07798440311937613,0.04939012197560488,96,0,20.85560698546264,0.23890608123541643,5.479307102521286,0.00396420630439253,3175,95,18.231820713052457,0.00010990322451643238,-14.215389432081565,0.1384366175215656,31.52909451628591,2.3874591283106057e-06,-23.501298408183175,True,-406.172250765572,-415.28816112209824,-421.93679802371497,-428.3726718739939,0.24020990334766928,3.815105152823661
110,age_randomized,weak_monsoon_start,Weak monsoon starts,100,2.2049863696535517,0.021795640871825634,0.009398120375924815,100,0,230.6124588858812,0.20459982883558525,4.186108995955078,0.014854301909622572,3175,98,10.26631766078981,0.005897900549907542,-6.249886379818918,0.07556717131332777,35.02916085019547,4.5817168163521085e-07,-27.001364742092733,True,-415.3726977327375,-420.5058565631324,-432.8872781578352,-438.8533524003111,237.23878487123267,2.632408068317201
111,age_randomized,strong_monsoon_start,Strong monsoon starts,96,1.991355066685091,0.08778244351129774,0.05578884223155369,96,0,16.490591266507604,0.1921388272930397,3.5440635795402753,0.02847963598599601,3175,95,13.244431728548761,0.0013304795148112985,-9.22800044757787,0.10056671565352496,27.875086475593776,1.3221509942581364e-05,-19.84729036749104,True,-408.20139261362397,-414.82360847789835,-422.13893585142085,-428.3726718739965,353.39110619191086,3.078282168102626
111,age_randomized,weak_monsoon_start,Weak monsoon starts,100,2.172350742283761,0.026994601079784044,0.013797240551889621,100,0,219.34972826090413,0.2420914786949448,5.860828405670491,0.002687439315749057,3175,98,14.647724934578719,0.0006596095642623959,-10.631293653607827,0.10781734756848128,37.68348015276479,1.3023149062867137e-07,-29.655684044662053,True,-414.39125504063156,-421.7151175079209,-433.23299511701396,-438.85335240030787,222.74108402316284,3.221695995158762
112,age_randomized,strong_monsoon_start,Strong monsoon starts,96,1.9817776768345816,0.09418116376724656,0.0617876424715057,96,0,26.475659070240077,0.22298739042128887,4.7734441235420455,0.008157626363552646,3175,94,15.265410938240393,0.00048434869369609634,-11.248979657269501,0.1171453864772955,26.3596130581152,2.677645364490976e-05,-18.331816950012467,True,-407.5476589385963,-415.1803644077165,-420.72746546765393,-424.85820413133865,8.701239628708676,3.339540474787098
112,age_randomized,weak_monsoon_start,Weak monsoon starts,100,2.208584810215552,0.021395720855828835,0.008798240351929614,100,0,224.7603435570588,0.19904416981890535,3.961858153889723,0.018654472846044955,3175,99,10.816795612643432,0.004478810387498131,-6.80036433167254,0.07881483529631403,31.924048551401484,1.982707354286405e-06,-23.89625244329875,True,-422.92916244425044,-428.33756025057215,-438.8911867199512,-442.32636305802623,234.21959853937238,2.693115874974545
113,age_randomized,strong_monsoon_start,Strong monsoon starts,96,1.9812894540367394,0.09458108378324336,0.0621875624875025,96,0,26.233664292608157,0.24658387934247472,5.837146516952076,0.002746662561677527,3175,95,17.388246146852225,0.00016756770600343717,-13.371814865881333,0.13203124466221228,28.882247131228382,8.259972878829286e-06,-20.854451023125648,True,-409.3678114955164,-418.0619345689425,-423.80893506113057,-428.37267187399493,7.628125710441188,3.674282585718022
113,age_randomized,weak_monsoon_start,Weak monsoon starts,100,2.1947250769733433,0.022795440911817635,0.010397920415916816,100,0,231.35319849457696,0.20028711204825214,4.011492725262911,0.01773765039862144,3175,98,10.785268637261993,0.004549971459706193,-6.768837356291101,0.0793870080491487,30.35460573569526,4.144643975660474e-06,-22.326809627592525,True,-419.80252271678205,-425.19515703541305,-434.9798255846297,-439.5464995808689,240.85165298176187,2.6936566847186123
114,age_randomized,strong_monsoon_start,Strong monsoon starts,96,1.9931355917905267,0.08638272345530894,0.054989002199560086,96,0,25.731852841925953,0.26308436529615625,6.644484793275013,0.001197058331053452,3175,95,20.454235939993055,3.617587962210513e-05,-16.437804659022163,0.15531170924105678,33.572136998914516,9.119752210212881e-07,-25.54434089081178,True,-406.64639166126693,-416.87350963126346,-423.4324601607242,-428.37267187399584,6.125372794015395,4.140649581378998
114,age_randomized,weak_monsoon_start,Weak monsoon starts,100,2.2040721250908253,0.022195560887822437,0.009398120375924815,100,0,215.11652016806661,0.19300262124260892,3.7250011806517955,0.023721923126052077,3175,98,9.540772793093424,0.008477104003333217,-5.5243415121225325,0.07022666119818484,33.64321480753722,8.818924002507087e-07,-25.615418699434485,True,-418.61358164573016,-423.3839680422769,-435.4351890494988,-438.8533524003125,225.79270401678298,2.5373520932515174
115,age_randomized,strong_monsoon_start,Strong monsoon starts,96,1.9967726298159736,0.08378324335132974,0.05298940211957608,96,0,23.107591982835977,0.246317036283367,5.824519906888469,0.002782489357980359,3175,95,19.52211804036301,5.765353353833898e-05,-15.50568675939212,0.14823401518147727,33.11444134544615,1.131738770318893e-06,-25.08664523734342,True,-407.01810970184476,-416.77916872202627,-423.57533037456784,-428.37267187399317,0.8906270734407237,4.017850129249694
115,age_randomized,weak_monsoon_start,Weak monsoon starts,100,2.1720538301384305,0.026994601079784044,0.013797240551889621,100,0,220.7154571753924,0.22683151259572665,5.14525351064653,0.0055898866934384625,3175,98,13.183836708364652,0.0013714065949847688,-9.16740542739376,0.09704212162779366,36.02978198768972,2.853159754229341e-07,-28.001985879586982,True,-417.95532592073755,-424.5472442749199,-435.9702169145824,-438.85335240030975,228.25570897891896,3.021546690696218
116,age_randomized,strong_monsoon_start,Strong monsoon starts,96,2.0114153425146166,0.07458508298340331,0.046590681863627276,96,0,15.241947543240048,0.25711606561588946,6.34643243498826,0.0016272882748468234,3175,94,21.907699970674685,1.7490547158659903e-05,-17.891268689703793,0.1681177133243386,33.25835981527871,1.0574772606609474e-06,-25.230563707175975,True,-402.12034039067544,-413.0741903760128,-418.7495202983148,-424.8582041313375,359.0837001878669,4.331907124345485
116,age_randomized,weak_monsoon_start,Weak monsoon starts,100,2.2052788478647614,0.021795640871825634,0.009398120375924815,100,0,227.6169848140694,0.20450641403744843,4.1822873382456285,0.014912112831711143,3175,99,11.9449570283399,0.0025479185343589375,-7.928525747369008,0.08703500135564517,33.419679511171694,9.79994034959077e-07,-25.39188340306896,True,-422.03277712074464,-428.0052556349146,-438.7426168763305,-442.3263630580286,236.93011595510728,2.8364116647970463
117,age_randomized,strong_monsoon_start,Strong monsoon starts,96,1.9942678255310653,0.08558288342331534,0.05398920215956809,96,0,13.042379610745646,0.2271988840521664,4.955455959796776,0.0067743242202392,3175,95,17.693142703363833,0.00014387418556050492,-13.676711422392941,0.13434636439938816,31.658140441857086,2.2468923828924036e-06,-23.63034433375435,True,-406.72329043299226,-415.5698617846742,-422.5523606539208,-428.372671873995,351.1564051437848,3.708737002231881
117,age_randomized,weak_monsoon_start,Weak monsoon starts,100,2.155903762587182,0.03159368126374725,0.016396720655868825,100,0,219.4945112955787,0.21532710670017327,4.63657628798678,0.009392331124943809,3175,99,15.597453217641487,0.0004102570642266787,-11.581021936670595,0.11364832529085342,47.3205797762854,1.3075696718799742e-09,-39.292783668182665,True,-415.21700975539886,-423.0157363642196,-438.87729964354156,-442.32636305802737,227.42212919823936,3.3317167381932142
118,age_randomized,strong_monsoon_start,Strong monsoon starts,96,1.9952378002117301,0.08498300339932013,0.05378924215156969,96,0,14.59016470576836,0.2347091899515288,5.288486769379472,0.004819500964021149,3175,94,19.024741533141537,7.393155933502962e-05,-15.008310252170645,0.14599415034073185,30.854115612103897,3.278488829217142e-06,-22.826319504001162,True,-404.92765996298914,-414.4400307295599,-420.3547177690411,-425.55135131189843,356.604285389946,3.9945028643309985
118,age_randomized,weak_monsoon_start,Weak monsoon starts,100,2.1912326494520173,0.023195360927814438,0.010797840431913617,100,0,222.2009277072178,0.24084408334724153,5.800587248337302,0.002858655177008349,3175,98,13.915228412226838,0.0009513636266303542,-9.898797131255947,0.1024256684854942,35.08536334384689,4.461518465532495e-07,-27.05756723574416,True,-416.07790655671624,-423.03552076282966,-433.6205882286397,-438.8533524003087,229.24071976257358,3.1387257786270975
119,age_randomized,strong_monsoon_start,Strong monsoon starts,96,1.9791724302206795,0.09658068386322735,0.0627874425114977,96,0,15.59634632245113,0.20818981668192738,4.160927977925235,0.015224488469051264,3175,95,13.723175981763234,0.0010472495886984165,-9.706744700792342,0.10420188386387552,25.293266732697475,4.392001079539214e-05,-17.26547062459474,True,-411.2099123322819,-418.0715003231635,-423.8565456986306,-428.37267187399505,355.90875471606864,3.156274388452681
119,age_randomized,weak_monsoon_start,Weak monsoon starts,100,2.1634256523040962,0.029994001199760048,0.015996800639872025,100,0,233.81907233672936,0.2037580444811156,4.151734069076828,0.015382418538806019,3175,98,11.432352419900667,0.0032922758357817566,-7.415921138929775,0.08414999051982466,32.63466797130695,1.4189037077901438e-06,-24.60687186320422,True,-417.39785872335494,-423.1140349333053,-433.7151927090084,-438.8533524003086,242.26453369229375,2.811115985779061
120,age_randomized,strong_monsoon_start,Strong monsoon starts,96,2.0074032602048204,0.07638472305538892,0.04859028194361128,96,0,16.84538290820576,0.23883918132163487,5.476238835301323,0.003976685289059048,3175,95,18.209183959628263,0.00011115421685978261,-14.19275267865737,0.13826473366942396,32.567659073913205,1.4644099203013926e-06,-24.53986296581047,True,-404.827310986922,-413.9319029667361,-421.1111405238786,-428.3726718739941,357.7326108162566,3.788254440694847
120,age_randomized,weak_monsoon_start,Weak monsoon starts,100,2.1790020707162596,0.026394721055788842,0.012397520495900819,100,0,229.49264599968393,0.2614814403046988,6.837254362381976,0.0009848374231504926,3175,98,17.885998775422877,0.000130648586150744,-13.869567494451985,0.1316532741563707,39.06358331870638,6.75892316418257e-08,-31.035787210603644,True,-414.00016937862597,-422.9431687663374,-433.53196103797916,-438.853352400307,233.0257536480006,3.742204272954906
121,age_randomized,strong_monsoon_start,Strong monsoon starts,96,2.00676058265987,0.07698460307938412,0.04899020195960808,96,0,19.00027286348735,0.2083267054809991,4.166401556790427,0.015139976089173657,3175,95,13.150752160068123,0.0013942814583443623,-9.134320879097231,0.09985539434363214,24.516135359351892,6.29316443429617e-05,-16.48833925124916,True,-409.83352518005415,-416.4089012600882,-422.0915928597301,-428.37267187399283,0.5475484422697454,3.0738200684744608
121,age_randomized,weak_monsoon_start,Weak monsoon starts,100,2.1847108145278917,0.02499500099980004,0.011597680463907219,100,0,222.88019331266332,0.1998403183878534,3.993615285335862,0.018062588514918893,3175,99,12.064860247047477,0.0023996554281885247,-8.048428966076585,0.08790865680522116,38.906358930880856,7.283704728162025e-08,-30.87856282277812,True,-420.6302897701499,-426.6627198936736,-440.0834692355903,-443.0195102385893,232.8507950732394,2.831953084246364
122,age_randomized,strong_monsoon_start,Strong monsoon starts,96,1.9600163211977335,0.11277744451109778,0.07258548290341932,96,0,23.19649934618628,0.195088387023694,3.653709960144635,0.025483248410077288,3175,95,12.827899677463506,0.001638539735898766,-8.811468396492614,0.09740393289314597,25.2916865860866,4.395217977138882e-05,-17.263890477983864,True,-409.7026467711309,-416.11659660986265,-422.3484900641742,-428.3726718739939,1.0389234831620382,3.023634933952843
122,age_randomized,weak_monsoon_start,Weak monsoon starts,100,2.177743768591287,0.026394721055788842,0.01279744051189762,100,0,221.42042409836137,0.2345610017217908,5.501886352872995,0.0038818165482526496,3175,99,15.31026161550983,0.0004736078933862751,-11.293830334538939,0.11155575003741759,41.86300428840548,1.780871154215283e-08,-33.83520818030274,True,-417.32360748488844,-424.97873829264336,-438.2551096290912,-442.3263630580287,227.1119494230969,3.2449818227824925
123,age_randomized,strong_monsoon_start,Strong monsoon starts,96,1.9917598712481903,0.08718256348730254,0.05578884223155369,96,0,23.892650401598694,0.2580609117729716,6.393161681769352,0.001550859646419636,3175,95,19.977362885967068,4.5916710545380975e-05,-15.960931604996176,0.15169074929275747,33.56991362093743,9.129325526586133e-07,-25.542117512834693,True,-406.3569633086065,-416.34564475159004,-423.1419201190752,-428.37267187399283,3.2102296527530845,4.045589766576623
123,age_randomized,weak_monsoon_start,Weak monsoon starts,100,2.202279104791553,0.022195560887822437,0.009598080383923215,100,0,217.43338697195423,0.21389616416436524,4.575156904422909,0.009998725037300258,3175,99,14.160966790652424,0.0008413663375060509,-10.144535509681532,0.10318159880337148,44.06117231618907,6.230788216488091e-09,-36.03337620808634,True,-415.66583665141906,-422.74632004674527,-437.6964228095136,-442.32636305802794,224.28467087977208,3.150001145224518
124,age_randomized,strong_monsoon_start,Strong monsoon starts,96,1.9960457523809905,0.08438312337532493,0.05318936212757448,96,0,15.094762136576183,0.2614326301859142,6.561313932088799,0.0013042131853387457,3175,95,21.07805011488915,2.648253609649791e-05,-17.06161883391826,0.1600484124861033,32.703335406023484,1.373732486449576e-06,-24.67553929792075,True,-405.04737756327853,-415.5864026207231,-421.3990452662903,-428.3726718739944,357.5295354446898,4.263967266002643
124,age_randomized,weak_monsoon_start,Weak monsoon starts,100,2.180185691658595,0.025994801039792043,0.01219756048790242,100,0,219.31558258511535,0.23961241497602614,5.741410941064336,0.0030374025964128135,3175,98,14.366413519438652,0.000759229268444815,-10.34998223846776,0.10574670173395054,39.07860883723856,6.710789904443888e-08,-31.050812729135828,True,-414.44407136214295,-421.6272781218623,-433.98337578076223,-438.85335240030963,224.59919140436372,3.2090655825448
125,age_randomized,strong_monsoon_start,Strong monsoon starts,96,2.0348463840088833,0.0623875224955009,0.03559288142371526,96,0,20.852194261870356,0.25604029895737407,6.293436930257423,0.0017185074844664023,3175,95,19.223010227327336,6.695397508434476e-05,-15.206578946356444,0.1459628501364367,32.14715442588033,1.7850839077439885e-06,-24.119358317777596,True,-405.92314299949163,-415.5346481131553,-421.9967202124318,-428.3726718739939,2.7418398997243227,3.984044949046672
125,age_randomized,weak_monsoon_start,Weak monsoon starts,100,2.2037977777635853,0.022195560887822437,0.009398120375924815,100,0,224.45122186487978,0.23104191777964922,5.338036777129819,0.004590203315406614,3175,99,14.11320919847924,0.0008616989456925416,-10.096777917508348,0.1028336208165379,36.3020942292809,2.5078001386588734e-07,-28.274298121178163,True,-417.80964851230783,-424.86625311154745,-435.9606956269483,-442.3263630580274,231.96818157925054,3.0927364353883604
126,age_randomized,strong_monsoon_start,Strong monsoon starts,96,2.00209500077583,0.07958408318336332,0.04979004199160168,96,0,15.750107260840114,0.21735341800026117,4.535280798374041,0.010400056856840948,3175,95,15.83217792999551,0.00036482638867715964,-11.815746649024618,0.12021581361092745,27.81543050929315,1.359462079310984e-05,-19.787634401190417,True,-407.3054206773276,-415.2215096423254,-421.2131359319742,-429.0658190545562,355.881425072324,3.439114521732259
126,age_randomized,weak_monsoon_start,Weak monsoon starts,100,2.1826802871819972,0.02539492101579684,0.01199760047990402,100,0,227.58111012351105,0.2020603351162395,4.082837902728701,0.016497790232856954,3175,98,10.203980010472605,0.006084626071848666,-6.187548729501714,0.07510832325734154,29.065707616022905,7.580765099810076e-06,-21.03791150792017,True,-419.91788071473843,-425.01987071997473,-434.4507345227499,-438.85335240030923,236.14467360843074,2.6251272982635117
127,age_randomized,strong_monsoon_start,Strong monsoon starts,96,2.0050725740202116,0.07778444311137772,0.04939012197560488,96,0,27.164384111104653,0.2353336562728933,5.316665258377755,0.004682507709209918,3175,95,17.121024232634,0.0001915211873965801,-13.104592951663108,0.13000219344926758,30.966746135209178,3.1095862238000217e-06,-22.938950027106443,True,-406.6727606591488,-415.2332727754658,-422.1561337267534,-428.3726718739966,5.95096686728812,3.6248802491659218
127,age_randomized,weak_monsoon_start,Weak monsoon starts,100,2.1665722213351684,0.028994201159768047,0.015196960607878424,100,0,224.487422901308,0.22678939596624648,5.143343012273494,0.005600806713787826,3175,98,13.957329767948522,0.0009315460954383895,-9.94089848697763,0.10273556347077163,36.83382830110895,1.949018768036918e-07,-28.806032193006217,True,-416.77763849154223,-423.7563033755165,-435.1945526420967,-438.85335240030975,231.46663521061282,3.1547128094626213
128,age_randomized,strong_monsoon_start,Strong monsoon starts,96,2.0198946016736525,0.0687862427514497,0.04279144171165767,96,0,13.533296430775938,0.22355774688786992,4.797894354583767,0.007956610544076889,3175,95,16.551610468476724,0.0002546029629508643,-12.535179187505832,0.12567855969261696,30.052662778040826,4.7750872704400624e-06,-22.024866669938092,True,-408.20898338395335,-416.4847886181917,-423.23531477297377,-428.3726718739941,353.8703774651415,3.502794759374733
128,age_randomized,weak_monsoon_start,Weak monsoon starts,100,2.1789835715375725,0.026394721055788842,0.012397520495900819,100,0,223.65701312751352,0.24770574329521902,6.135813526143695,0.0020266960285879256,3175,99,17.848356121675238,0.00013313085239189385,-13.831924840704346,0.1300491659836416,45.64455225033953,2.9200794544892866e-09,-37.616756142236795,True,-415.75807955514904,-424.68225761598666,-438.5803556803188,-442.32636305802856,227.39221835762098,3.6561129212524053
129,age_randomized,strong_monsoon_start,Strong monsoon starts,96,2.012697519755592,0.07318536292741452,0.046390721855628876,96,0,20.804395183172506,0.246786950111657,5.846764679559694,0.002719680129130098,3175,95,19.07596282565703,7.206216470164088e-05,-15.059531544686138,0.1448462998355664,33.45424340763054,9.641432658432702e-07,-25.42644729952781,True,-405.65075946258145,-415.18874087540996,-422.3778811663967,-428.3726718739954,1.3402693375812464,3.939227751803049
129,age_randomized,weak_monsoon_start,Weak monsoon starts,100,2.1572308623674163,0.03139372125574885,0.016396720655868825,100,0,222.72928462435596,0.22562135758444446,5.090499699824775,0.00591140608916772,3175,99,13.391508373664465,0.0012361492351380349,-9.375077092693573,0.0975750642460038,34.9212382086705,4.821650576735787e-07,-26.893442100567768,True,-419.481047538157,-426.1768017249892,-436.94166664249224,-442.32636305802794,229.24803726288485,3.046721798827772
130,age_randomized,strong_monsoon_start,Strong monsoon starts,96,1.977297788972464,0.09758048390321936,0.0633873225354929,96,0,21.15578868758189,0.22594088766774523,4.900731333128512,0.0071637016737366365,3175,95,14.568013546910038,0.0006864296780622694,-10.551582265939146,0.11061684684068605,25.259199254316513,4.461877799520833e-05,-17.23140314621378,True,-410.658188582055,-417.94219535551,-423.28778820921326,-428.37267187399306,3.3881731592655733,3.2518701247323643
130,age_randomized,weak_monsoon_start,Weak monsoon starts,100,2.1761513445297442,0.02659468106378724,0.012997400519896021,100,0,230.857456320132,0.21053826730867456,4.43263620013389,0.011560070408845227,3175,99,12.834068017471395,0.0016334939857702744,-8.817636736500504,0.09351336506685673,35.98516572033441,2.9141008558314156e-07,-27.957369612231673,True,-420.73043178063,-427.1474657893657,-438.7230146407972,-442.32636305802987,238.22622413056098,2.9318928155110906
131,age_randomized,strong_monsoon_start,Strong monsoon starts,96,2.0118962547372723,0.07398520295940812,0.046390721855628876,96,0,17.03823665692124,0.224200378121287,4.825517716773894,0.007735428806938995,3175,95,16.580176951335034,0.00025099225505390113,-12.563745670364142,0.1258954687618555,30.68475468105828,3.5498125112509103e-06,-22.656958572955546,True,-406.5063046353572,-414.7963931110247,-421.84868197588634,-428.37267187399317,358.820863382689,3.5720382654941916
131,age_randomized,weak_monsoon_start,Weak monsoon starts,100,2.1686735934180548,0.027994401119776045,0.015196960607878424,100,0,220.64271233925933,0.22675855822977264,5.141944373044519,0.005608814504060311,3175,98,12.947642640747517,0.0015433169419522925,-8.931211359776626,0.09530357055616799,35.16717989070912,4.2921365355447024e-07,-27.139383782606387,True,-414.9146486717133,-421.38846999208704,-432.49823861706784,-438.8533524003096,226.27278195107252,2.9937570979890125
132,age_randomized,strong_monsoon_start,Strong monsoon starts,96,2.026350119827867,0.0653869226154769,0.03939212157568486,96,0,19.87586560860232,0.20453075850704686,4.01595179284492,0.01764201929318724,3175,95,12.93108767061608,0.0015561447426119715,-8.914656389645188,0.09818745292472755,24.699402289434374,5.781818882213303e-05,-16.67160618133164,True,-411.0644067350447,-417.52995057035275,-423.4141078797619,-428.3726718739913,1.525650491535193,3.0354577493201176
132,age_randomized,weak_monsoon_start,Weak monsoon starts,100,2.2145449482086033,0.020595880823835233,0.008598280343931213,100,0,218.6183121916292,0.19870131169240138,3.9482211268280847,0.018914522562854533,3175,99,9.825312577818067,0.0073529308590294315,-5.808881296847176,0.07159055419799032,32.67792809429773,1.3902766232159757e-06,-24.650131986194992,True,-420.36493742345425,-425.2775937123633,-436.7039014706031,-442.3263630580278,229.79212146702986,2.5559659408143305
133,age_randomized,strong_monsoon_start,Strong monsoon starts,96,1.9966111243658113,0.08378324335132974,0.05298940211957608,96,0,31.171370654894545,0.24438097031582703,5.733317630640493,0.003055444560797695,3175,95,16.395194355437752,0.0002753143071888144,-12.37876307446686,0.124490871531583,30.13854354343198,4.586639628913315e-06,-22.110747435329245,True,-407.3149619745643,-415.5125591522832,-422.3842337462803,-428.37267187399164,10.477462241128318,3.5467348165929975
133,age_randomized,weak_monsoon_start,Weak monsoon starts,100,2.179704923167348,0.026194761047790442,0.012397520495900819,100,0,222.5433581974401,0.2373909287455983,5.635445305069773,0.003385704988938899,3175,99,15.138349442079175,0.0005161182144039073,-11.121918161108283,0.11030313973399915,35.55904750318041,3.5656237856129746e-07,-27.531251395077675,True,-421.05488816304273,-428.6240628840823,-438.83441191463294,-442.32636305802833,228.50286966506476,3.283719225657811
134,age_randomized,strong_monsoon_start,Strong monsoon starts,96,2.009651013099887,0.07578484303139373,0.046990601879624075,96,0,20.123942645868585,0.21023130541269996,4.242931370450681,0.01400608179853358,3175,95,14.394371781518544,0.0007486897413591954,-10.377940500547652,0.10929836203109915,28.997359065094884,7.827051340919224e-06,-20.96956295699215,True,-407.1649377767329,-414.3621236674922,-421.66361730928037,-428.3726718739922,359.9873610174476,3.2266706510990915
134,age_randomized,weak_monsoon_start,Weak monsoon starts,100,2.154949989356341,0.03159368126374725,0.016596680663867228,100,0,226.79209623770257,0.21178435959901903,4.48526149707666,0.010957148801565418,3175,98,12.719967307156367,0.0017293949810459539,-8.703536026185475,0.09362772323624609,33.24567811747659,1.0638210958791351e-06,-25.217882009373852,True,-417.7838609143687,-424.14384456794687,-434.406699973107,-439.5464995808691,234.72414248980775,2.9776289007870225
135,age_randomized,strong_monsoon_start,Strong monsoon starts,96,1.9746049776602685,0.10037992401519696,0.0655868826234753,96,0,16.0247751945654,0.2135698907572321,4.37876143085338,0.01219765596080378,3175,95,16.434572850675295,0.00026994659216254157,-12.418141569704403,0.12478987763577708,30.700259576488975,3.524070117995291e-06,-22.67246346838624,True,-407.65980080492125,-415.8770872302589,-423.00993059316573,-428.37267187399414,352.9334756048664,3.5349820466765935
135,age_randomized,weak_monsoon_start,Weak monsoon starts,100,2.189613216614916,0.023395320935812838,0.010997800439912017,100,0,224.79328994012428,0.2205094803362243,4.8624430918151695,0.0074606582212167726,3175,98,11.855947669301258,0.002663873973545639,-7.839516388330367,0.08726794340581627,30.142734404540988,4.57763555177801e-06,-22.114938296438254,True,-418.42865489677877,-424.3566287314294,-433.50002209904926,-438.85335240030975,235.74993081758902,2.8357922752597817
136,age_randomized,strong_monsoon_start,Strong monsoon starts,96,1.9942678255310653,0.08558288342331534,0.05398920215956809,96,0,32.63671694749853,0.204558082760162,4.017024885361275,0.017622792102638854,3175,95,12.76998933030768,0.0016866774937470777,-8.753558049336789,0.09696421199494666,28.57153462188876,9.551186631306625e-06,-20.543738513786025,True,-408.6181988688062,-415.00319353396003,-422.90396617975057,-428.3726718739957,9.334216313578663,2.9984366790226176
136,age_randomized,weak_monsoon_start,Weak monsoon starts,100,2.15881857082408,0.03079384123175365,0.016396720655868825,100,0,225.8745036946382,0.2191408986412997,4.802273345731639,0.00793281313879551,3175,98,12.180427012611403,0.002264925287356609,-8.163995731640512,0.08965633493369614,32.793811152606054,1.3163955157395345e-06,-24.76601504450332,True,-416.5201441661462,-422.6103576724519,-432.91704974244925,-438.853352400308,232.56003389370593,2.8986135630650294
137,age_randomized,strong_monsoon_start,Strong monsoon starts,96,2.0071622802403413,0.07638472305538892,0.04859028194361128,96,0,24.168988758163618,0.2362606061228296,5.358631104530575,0.004485632596625748,3175,95,18.01152927119722,0.00012270043811938984,-13.995097990226327,0.1367639155704349,33.12491386319891,1.1261639479014947e-06,-25.09711775509618,True,-406.95927924798644,-415.96504388358505,-423.5217361795859,-428.37267187399414,2.92371208924089,3.716235562187025
137,age_randomized,weak_monsoon_start,Weak monsoon starts,100,2.192906032446359,0.023195360927814438,0.010597880423915218,100,0,228.44787368410482,0.2016734254393836,4.067217052845462,0.01676166373354617,3175,98,11.191510469225932,0.0037135936416951482,-7.17507918825504,0.0823772278265774,38.72091495365521,7.955137353466437e-08,-30.693118845552476,True,-414.2342032297594,-419.82995846437234,-433.594660706587,-438.8533524003093,235.60304409220242,2.7724504335763696
138,age_randomized,strong_monsoon_start,Strong monsoon starts,96,2.0052333979686567,0.07778444311137772,0.04939012197560488,96,0,21.066391454187237,0.2554381880126875,6.2638721179396875,0.0017715878544215414,3175,95,20.794858684961923,3.051081513907581e-05,-16.77842740399103,0.15789810263569135,34.586711967501515,5.647865014097765e-07,-26.55891585939878,True,-406.10209947410056,-416.4995288165815,-423.3954554578513,-428.3726718739937,0.5698500203749931,4.15914865183963
138,age_randomized,weak_monsoon_start,Weak monsoon starts,100,2.187347682078922,0.02399520095980804,0.011397720455908818,100,0,227.7505100566227,0.22444538432152134,5.037573054323541,0.006239667074562559,3175,99,13.79144660339739,0.0010121046527059741,-9.775015322426498,0.10048914960306238,40.0614836776565,4.20352798652792e-08,-32.03368756955376,True,-417.79576707543185,-424.69149037713055,-437.8265089142601,-442.3263630580284,232.75152637951706,3.0795393878341057
139,age_randomized,strong_monsoon_start,Strong monsoon starts,96,1.9971763363019361,0.08338332333533294,0.052589482103579284,96,0,18.477025340291398,0.2086097814457193,4.1777319278237535,0.01496651432784102,3175,95,14.330805365525066,0.0007728676942967993,-10.314374084554174,0.10881569385677875,27.66890087520244,1.4556131713205612e-05,-19.641104767099705,True,-409.11847411977544,-416.283876802538,-422.95292455737666,-428.3726718739941,358.4711456803348,3.211657002116823
139,age_randomized,weak_monsoon_start,Weak monsoon starts,100,2.1880294310258144,0.023795240951809637,0.011397720455908818,100,0,224.64504959236362,0.25013170975019344,6.256587222255501,0.0017902247065998955,3175,98,16.17692894974789,0.000307060895038086,-12.160497668776998,0.11907334271742034,37.16392808264641,1.6665248835086495e-07,-29.136131974543673,True,-417.043767060134,-425.1322315350079,-435.6257311014572,-438.8533524003079,228.11642342349705,3.4346482486674996
140,age_randomized,strong_monsoon_start,Strong monsoon starts,96,2.0085274510862856,0.07598480303939212,0.04779044191161767,96,0,18.86995808241474,0.20492125192760505,4.03130107119139,0.01736897221284772,3175,95,15.04452849409438,0.0005409064324425228,-11.028097213123488,0.11423508763654035,31.457260251340244,2.4694663202776024e-06,-23.42946414323751,True,-404.5488624445306,-412.0711266915778,-420.2774925702007,-428.37267187399357,357.9838644296285,3.307261310873698
140,age_randomized,weak_monsoon_start,Weak monsoon starts,100,2.199366911122106,0.022395520895820836,0.009598080383923215,100,0,225.81455347445336,0.20750170232495413,4.305695646775387,0.013153701746305067,3175,98,9.9474576196925,0.006917306564895484,-5.931026338721608,0.0732201417213444,31.74836258396988,2.1535421229116653e-06,-23.720566475867145,True,-417.60361204190957,-422.5773408517558,-433.4777933338945,-438.85335240031105,232.9404621045108,2.6067607573940674
141,age_randomized,strong_monsoon_start,Strong monsoon starts,96,2.0048313139081553,0.07798440311937613,0.04939012197560488,96,0,22.40485331471756,0.17895439566050553,3.0743688697168094,0.04581721996333587,3175,95,10.015455226640483,0.006686079414533056,-5.999023945669592,0.07604867151431408,22.924712119827404,0.0001310877679765292,-14.89691601172467,True,-410.43776082848433,-415.44548844180457,-421.90011688839803,-428.3726718739912,359.9715824824043,2.6141693891208284
141,age_randomized,weak_monsoon_start,Weak monsoon starts,100,2.191563749658337,0.023195360927814438,0.010797840431913617,100,0,227.89947402962125,0.21011825964971384,4.414968303822456,0.011769800613641797,3175,99,12.04761500611096,0.002420436209843637,-8.031183725140068,0.08778300214068556,34.29879171100788,6.471041500843158e-07,-26.270995602905145,True,-419.64139992995786,-425.66520743301334,-436.7907957854618,-442.3263630580281,237.15137122710104,2.873462560382197
142,age_randomized,strong_monsoon_start,Strong monsoon starts,96,1.9978220969966232,0.08258348330333934,0.052189562087582485,96,0,20.63154770322505,0.23030459978426118,5.091860033451717,0.005892995507571612,3175,94,19.02944152705652,7.375802437870143e-05,-15.013010246085628,0.14603021767005822,31.67348932584548,2.2307315374260635e-06,-23.645693217742746,True,-404.0539996694958,-413.56872043302405,-419.89074433241854,-424.8582041313367,1.9873099983342828,3.911256686431803
142,age_randomized,weak_monsoon_start,Weak monsoon starts,100,2.210810349360261,0.020995800839832032,0.008598280343931213,100,0,220.21938892888423,0.2303014169989965,5.303874267174568,0.004753374845450556,3175,98,11.824767210736582,0.0027057298027900155,-7.80833592976569,0.08703843374793922,31.743586857777245,2.1583851551762417e-06,-23.71579074967451,True,-418.65155498142735,-424.56393858679564,-434.523348410316,-438.85335240030923,228.8246228300854,2.837956463619721
143,age_randomized,strong_monsoon_start,Strong monsoon starts,96,2.0159793767468352,0.07078584283143372,0.04459108178364327,96,0,21.43284057434884,0.23599940995526922,5.346789263926581,0.004540337252803912,3175,95,16.28355501037754,0.0002911192720470823,-12.267123729406649,0.12364317927112796,29.70239992499819,5.626883859270677e-06,-21.674603816895456,True,-406.2700644975781,-414.4118420027669,-421.1212644600772,-428.37267187399414,3.642611371639599,3.5251138241635207
143,age_randomized,weak_monsoon_start,Weak monsoon starts,100,2.18463701023641,0.02499500099980004,0.011597680463907219,100,0,223.31175086673267,0.2193652477221933,4.812111190821923,0.007853630641438073,3175,98,12.671127252506494,0.001772146728642036,-8.654695971535602,0.0932682267840006,36.73930777810756,2.0383677616668397e-07,-28.711511670004825,True,-416.4382695027035,-422.77383312895677,-434.8079233917573,-438.85335240030923,227.6437789796429,2.967449621380519
144,age_randomized,strong_monsoon_start,Strong monsoon starts,96,1.9878703445982706,0.08958208358328335,0.057788442311537694,96,0,22.052474141980777,0.2188429276934,4.597653792136195,0.009759482502565486,3175,95,14.727647810106305,0.0006337703424376044,-10.711216529135413,0.11182897083999772,27.264887628362317,1.7572022141598234e-05,-19.237091520259582,True,-407.3135011367422,-414.67732504179537,-420.9459449509234,-428.3726718739947,2.8194225533372,3.2547577794466718
144,age_randomized,weak_monsoon_start,Weak monsoon starts,100,2.1802411581240735,0.025994801039792043,0.01219756048790242,100,0,230.42052119575925,0.2319006763605516,5.3777923696481285,0.004407320891727513,3175,99,14.615287549552818,0.0006703947937072188,-10.598856268581926,0.10649193368134374,36.527855582770826,2.2533143579462129e-07,-28.50005947466809,True,-420.30094614708844,-427.60858992186485,-438.56487393847385,-442.3263630580281,235.79553071692732,3.1861702055809635
145,age_randomized,strong_monsoon_start,Strong monsoon starts,96,1.9898160582887876,0.08838232353529295,0.05638872225554889,96,0,27.262821834707427,0.2521416406740741,6.103239068334132,0.0020897994975795932,3175,95,18.192506460220784,0.00011208497935708591,-14.176075179249892,0.13813809921842607,30.77496172784754,3.4026256221501216e-06,-22.747165619744806,True,-407.68351293875855,-416.77976616886895,-423.0709938026823,-428.3726718739931,8.25812562348036,3.7793787151873706
145,age_randomized,weak_monsoon_start,Weak monsoon starts,100,2.1771328598685726,0.026394721055788842,0.01279744051189762,100,0,220.1190820816882,0.23148603656969777,5.358578512674745,0.004494784515471484,3175,98,13.365787341441205,0.0012521494170659108,-9.349356060470313,0.09838140364833525,38.49929980782201,8.838952240094203e-08,-30.47150369971928,True,-415.287814511076,-421.9707081817966,-434.537464414987,-438.853352400311,224.3113576869869,3.0242866574786293
146,age_randomized,strong_monsoon_start,Strong monsoon starts,96,1.9996774973775695,0.08118376324735053,0.05118976204759048,96,0,27.54339062308333,0.21712208401591107,4.525631939271586,0.01050281862224437,3175,94,15.352835976577808,0.00046363266557681665,-11.336404695606916,0.11781627833505567,28.005418111586778,1.2441433212535547e-05,-19.977622003484043,True,-405.45925597479595,-413.13567396308486,-419.46196503058934,-424.85820413133774,8.423249822527245,3.3559525588369863
146,age_randomized,weak_monsoon_start,Weak monsoon starts,100,2.1691382237346146,0.027794441111777646,0.014597080583883223,100,0,217.71049135891005,0.20479081788103323,4.193927908838252,0.014736717613565839,3175,98,10.916672420875557,0.00426063865706951,-6.900241139904665,0.08035423043166572,36.64880455277739,2.1277435212651411e-07,-28.621008444674658,True,-417.48158830951456,-422.93992451995234,-435.80599058590326,-438.85335240030844,227.80607446376774,2.717733046835383
147,age_randomized,strong_monsoon_start,Strong monsoon starts,96,1.996853377642596,0.08378324335132974,0.052789442111577684,96,0,11.69158979715356,0.203018220741659,3.9567742034984623,0.01873527824933914,3175,95,14.048323650776183,0.0008901132773747415,-10.031892369805291,0.1066707729672523,27.646522365881083,1.4708815729396796e-05,-19.61872625777835,True,-408.6033800796167,-415.6275419050048,-422.42664126255727,-428.3726718739951,350.6118904305151,3.2038851107218336
147,age_randomized,weak_monsoon_start,Weak monsoon starts,100,2.1891713452016606,0.023395320935812838,0.011197760447910418,100,0,228.2065501036168,0.2112273701647562,4.461700190671894,0.01122311945597696,3175,98,12.22530630156757,0.002214667165222324,-8.208875020596679,0.08998667742153127,38.4938153702152,8.862023582264106e-08,-30.466019262112468,True,-415.3956933715532,-421.508346522337,-434.6426010566608,-438.8533524003088,234.42727111311197,2.898754184185956
148,age_randomized,strong_monsoon_start,Strong monsoon starts,96,1.9829977079428374,0.09338132373525294,0.060587882423515295,96,0,13.996827693814808,0.26584694191300756,6.7847612663518095,0.0010358048163687785,3175,95,21.167911960810216,2.5318986721046074e-05,-17.151480679839324,0.16073074532544773,32.82869124409285,1.2949333977165069e-06,-24.800895135990118,True,-406.35760753150316,-416.94156351190827,-422.7719531535496,-428.3726718739935,356.54134455475867,4.300909796079727
148,age_randomized,weak_monsoon_start,Weak monsoon starts,100,2.1706243724042764,0.027794441111777646,0.014397120575884824,100,0,214.97504619832085,0.21055374394702092,4.433287909010765,0.011552405686931097,3175,98,10.439447389797806,0.00540882340549086,-6.423016108826914,0.07684152540246188,32.846459063473844,1.2841350420151506e-06,-24.81866295537111,True,-419.53399481116617,-424.75371850606507,-435.9572243429031,-438.8533524003103,222.62613039722655,2.654182787697931
149,age_randomized,strong_monsoon_start,Strong monsoon starts,96,1.992245528150905,0.08698260347930414,0.05578884223155369,96,0,20.589364919903748,0.24966698313283994,5.9840258367987635,0.002362141985090728,3175,94,23.201732382570185,9.158151588539277e-06,-19.185301101599293,0.17804800132110044,37.80102069854479,1.2316203729402594e-07,-29.773224590442055,True,-398.7130202367236,-410.3138864280087,-417.613530585996,-424.8582041313389,1.195121618812831,4.607615962242328
149,age_randomized,weak_monsoon_start,Weak monsoon starts,100,2.172684719947376,0.026994601079784044,0.013597280543891222,100,0,224.41147666780682,0.21026357057433695,4.421076911066917,0.011696862501834538,3175,98,11.525719448799236,0.0031421131603793485,-7.509288167828345,0.08483723618091907,33.3778486037769,9.995250669554847e-07,-25.350052495674163,True,-417.58766392222867,-423.3505236466283,-434.2765882241171,-438.8533524003086,233.4144609120885,2.813245915111619
150,age_randomized,strong_monsoon_start,Strong monsoon starts,96,2.0206128999524795,0.0683863227354529,0.04239152169566087,96,0,10.612638240242083,0.22526265049194608,4.871353123839039,0.007381834930382369,3175,95,16.529862062073562,0.0002573866752013349,-12.51343078110267,0.12551342117648495,28.930671095258276,8.07502619821676e-06,-20.902874987155542,True,-408.39285189576105,-416.65778292679784,-422.8581874433902,-428.37267187399056,352.4492605987013,3.559086715827785
150,age_randomized,weak_monsoon_start,Weak monsoon starts,100,2.1824586608207612,0.02539492101579684,0.01199760047990402,100,0,221.84874410503758,0.2145496700330343,4.6031560911283895,0.009717603878193036,3175,98,11.613562972911723,0.0030070928832137945,-7.597131691940831,0.08548382504118077,31.462293118393404,2.4636304249412843e-06,-23.43449701029067,True,-418.2849705729795,-424.09175205943535,-434.0161171321762,-438.8533524003092,228.600207242259,2.8266821671495577
151,age_randomized,strong_monsoon_start,Strong monsoon starts,96,1.9931355917905267,0.08638272345530894,0.054989002199560086,96,0,22.71805373817126,0.22984938399472665,5.071750974984509,0.006015371370159934,3175,95,17.085127842227166,0.00019498968053901816,-13.068696561256274,0.12972962742597416,29.52921253254283,6.1023357589882625e-06,-21.501416424440094,True,-406.7088126220756,-415.25137654318917,-421.473418888347,-428.37267187399624,2.06300265793926,3.66661842962341
151,age_randomized,weak_monsoon_start,Weak monsoon starts,100,2.189208171225905,0.023395320935812838,0.011197760447910418,100,0,217.71762481369365,0.2136770892711711,4.565789847940002,0.010094567934396505,3175,99,11.787499112239061,0.002756621188920005,-7.771067831268169,0.0858877096652038,35.39144882040546,3.859995807391429e-07,-27.363652712302724,True,-420.57646645028126,-426.4702160064008,-438.272190860484,-442.3263630580272,223.82714194622758,2.800414135271348
152,age_randomized,strong_monsoon_start,Strong monsoon starts,96,1.9995162265601472,0.08118376324735053,0.05158968206358728,96,0,15.650354531013555,0.23293404985099445,5.208794071678614,0.005228895047950275,3175,95,17.404830982053454,0.00016618391004548326,-13.388399701082562,0.1321571755016795,29.493017201184557,6.2066458044575195e-06,-21.465221093081823,True,-408.8074974207274,-417.5099129117541,-423.55400602131965,-428.3726718739941,356.63494606706604,3.660892774421897
152,age_randomized,weak_monsoon_start,Weak monsoon starts,100,2.1986336765214762,0.022595480903819236,0.009998000399920015,100,0,208.24367854103244,0.24866450479770016,6.183403594628545,0.001930017741474554,3175,98,13.931118350060842,0.0009438350190665737,-9.91468706908995,0.10254262937586743,37.288274984366126,1.5710388777809817e-07,-29.26047887626339,True,-416.2641041266651,-423.2296633016955,-434.90824161884814,-438.85335240030787,212.84601439896954,3.126457826706143
153,age_randomized,strong_monsoon_start,Strong monsoon starts,96,2.019016334516754,0.0691861627674465,0.04279144171165767,96,0,21.636200432733514,0.21355441898331062,4.37812702726074,0.012205537387077465,3175,95,14.129763389594359,0.0008545960175366763,-10.113332108623467,0.10728915563738006,26.83225807896156,2.1493040185792684e-05,-18.804461970858824,True,-410.00411012437064,-417.0689918191678,-423.4202391638514,-428.3726718739939,2.9872842723808426,3.1621776616687574
153,age_randomized,weak_monsoon_start,Weak monsoon starts,100,2.1919683597691275,0.023195360927814438,0.010797840431913617,100,0,228.04074157197246,0.22128158601576187,4.896554030965102,0.0072055171112317025,3175,99,13.136354277826626,0.001404355024468467,-9.119922996855735,0.09571592511101513,32.63038285540256,1.4217711223157696e-06,-24.602586747299824,True,-422.777645529523,-429.3458226684363,-439.0928369572243,-442.3263630580283,236.21952425719198,2.9906756786653665
154,age_randomized,strong_monsoon_start,Strong monsoon starts,96,2.0061980709227756,0.07698460307938412,0.04899020195960808,96,0,19.45801156617304,0.21695517558565616,4.518676628486678,0.010577519489322677,3175,95,14.775404580325585,0.0006188161812762325,-10.758973299354693,0.11219159429033579,27.15213417622317,1.8519503370334662e-05,-19.124338068120437,True,-408.8832622053924,-416.2709644955552,-422.45932929350397,-428.3726718739911,358.55694318613246,3.2893792430291073
154,age_randomized,weak_monsoon_start,Weak monsoon starts,100,2.1696027545484773,0.027794441111777646,0.014597080583883223,100,0,234.88407507518113,0.20955086542304663,4.39115651995478,0.012058463863669492,3175,98,12.256422570554719,0.00218047772718738,-8.239991289583827,0.09021571459989211,33.34356127357739,1.0158228504678681e-06,-25.31576516547466,True,-419.3128794491926,-425.44109073447,-435.9846600859813,-438.8533524003092,241.2982570978797,2.914909986166981
155,age_randomized,strong_monsoon_start,Strong monsoon starts,96,1.995399416817253,0.08498300339932013,0.05378924215156969,96,0,20.400842916082265,0.25784710077130296,6.3825722281119806,0.0015678603375680871,3175,94,20.167891969219227,4.174436922565514e-05,-16.151460688248335,0.15476658366583473,31.49012234197653,2.431607949917279e-06,-23.462326233873796,True,-403.2053605614418,-413.2893065460514,-418.9504217324301,-424.8582041313384,5.002938518671666,4.137116363399778
155,age_randomized,weak_monsoon_start,Weak monsoon starts,100,2.1746689729450117,0.02659468106378724,0.013197360527894421,100,0,229.9143381296841,0.21040584865459155,4.427062114805889,0.011625834031002345,3175,98,11.840207813947018,0.002684921180425262,-7.823776532976126,0.08715208722589855,33.723537265802975,8.490854271772407e-07,-25.69574115770024,True,-418.51731470754544,-424.43741861451895,-435.3790833404469,-438.8533524003111,238.62140747241548,2.841999982582751
156,age_randomized,strong_monsoon_start,Strong monsoon starts,96,2.0119763955986927,0.07398520295940812,0.046390721855628876,96,0,27.19813254146333,0.23869614900036126,5.469681748569856,0.004003484809709223,3175,95,17.408063015470702,0.00016591557094877465,-13.39163173449981,0.13218171675737977,32.17201523641256,1.76431550687068e-06,-24.144219128309828,True,-405.95835574246985,-414.6623872502052,-422.04436336067613,-428.3726718739949,4.989817416841835,3.649293855388104
156,age_randomized,weak_monsoon_start,Weak monsoon starts,100,2.199256941516413,0.022395520895820836,0.009798040391921616,100,0,221.29968089195145,0.21807070443067134,4.755483213088922,0.008320423800265823,3175,99,12.314475385829951,0.0021180960299416007,-8.29804410485906,0.08972743722366705,34.12169462296049,7.035683218005943e-07,-26.093898514857756,True,-422.403466371753,-428.56070406466796,-439.46431368323323,-443.01951023858726,230.1743524010256,2.8541549572249116
157,age_randomized,strong_monsoon_start,Strong monsoon starts,96,1.9641252023187694,0.10917816436712657,0.07138572285542892,96,0,25.560163813904243,0.1950032052585375,3.650520005865918,0.025565824099611664,3175,95,12.146480878192733,0.0023036961156501596,-8.130049597221841,0.09222983014326988,25.131713929026887,4.7333093984021306e-05,-17.103917820924153,True,-409.94486015674465,-416.018100595841,-422.5107171212581,-428.3726718739953,3.2107534000134224,2.905616609351915
157,age_randomized,weak_monsoon_start,Weak monsoon starts,100,2.1549125778826093,0.03159368126374725,0.016596680663867228,100,0,229.87848541658,0.2076610435475689,4.312310900726531,0.013065499572913183,3175,99,13.137579592799057,0.0014034948993573702,-9.121148311828165,0.09572485317078408,36.264984799701324,2.5522908120923836e-07,-28.23718869159859,True,-420.4670020641129,-427.0357918605124,-438.59949446396354,-442.32636305802777,234.9580057951602,2.984174949270644
158,age_randomized,strong_monsoon_start,Strong monsoon starts,96,1.9796611751176767,0.09598080383923216,0.0625874825034993,96,0,24.74651342247206,0.1934773557531648,3.593614770166722,0.0270844189957294,3175,95,12.17080836585103,0.002275844280935041,-8.154377084880139,0.09241455196327994,25.19997889907006,4.5859855448210325e-05,-17.172182790967327,True,-409.2672492260684,-415.3526534089939,-421.8672386756034,-428.37267187399533,359.3137846661473,2.9047835456649245
158,age_randomized,weak_monsoon_start,Weak monsoon starts,100,2.187476677905804,0.02399520095980804,0.011397720455908818,100,0,221.97854842661152,0.23632935607627187,5.585156454342529,0.003564631034859244,3175,99,14.21323266940874,0.0008196637730122306,-10.196801388437848,0.10356242569271208,36.19895427185065,2.6334097111763345e-07,-28.17115816374792,True,-418.4954716340215,-425.60208796872587,-436.5949487699468,-442.32636305802953,231.53586747778232,3.134732020874431
159,age_randomized,strong_monsoon_start,Strong monsoon starts,96,1.996126529611447,0.08438312337532493,0.05318936212757448,96,0,14.28197543499865,0.2086249423935382,4.178339192515885,0.014957273455334964,3175,95,13.540769012537226,0.0011472534399433268,-9.524337731566334,0.10281684370637054,26.33363728686652,2.710164506388031e-05,-18.305841178763785,True,-410.2534637077902,-417.02384821405883,-423.4202823512235,-428.3726718739955,356.38489209911415,3.09466807001645
159,age_randomized,weak_monsoon_start,Weak monsoon starts,100,2.1871818191225056,0.02399520095980804,0.011397720455908818,100,0,228.91326611211306,0.24253417729109392,5.882282715426777,0.0026289588866386365,3175,98,15.842614249634153,0.00036292762461039875,-11.826182968663261,0.11661255618706132,37.5656613377447,1.3772371204292613e-07,-29.537865229641966,True,-415.21378435230883,-423.1350914771259,-433.9966150211812,-438.85335240031,234.17053244758017,3.418874487351421
160,age_randomized,strong_monsoon_start,Strong monsoon starts,96,1.9860039135568217,0.09038192361527694,0.0591881623675265,96,0,22.198338415931953,0.24808041574946685,5.908213697129119,0.00255340869033544,3175,95,19.13100010907533,7.010614869760846e-05,-15.114568828104439,0.14526420518215366,31.51920439093533,2.3985867791916973e-06,-23.491408282832595,True,-405.7308418701846,-415.29634192472224,-421.49044406565224,-428.37267187399266,2.9413784675207286,3.9394808756408604
160,age_randomized,weak_monsoon_start,Weak monsoon starts,100,2.1992935986626136,0.022395520895820836,0.009798040391921616,100,0,228.28640190514002,0.24700533033279742,6.101163321281438,0.002100103837216842,3175,98,14.765969194478316,0.0006217424632180462,-10.749537913507424,0.10868770678976056,36.00886044438266,2.8815765291843265e-07,-27.98106433627993,True,-415.32616892409015,-422.7091535213293,-433.3305991462815,-438.8533524003102,233.39475638505385,3.247799019554404
161,age_randomized,strong_monsoon_start,Strong monsoon starts,96,2.02746380505612,0.06418716256748651,0.039192161567686463,96,0,14.49656171373602,0.20525982457365408,4.044633176064695,0.01713522214127527,3175,95,13.83070652405479,0.0009924308086621384,-9.814275243083898,0.10501837744339199,26.928278011369343,2.055376151619408e-05,-18.90048190326661,True,-407.921950924002,-414.83730418602937,-421.38608992968665,-428.3726718739956,354.54823046786885,3.179144676996061
161,age_randomized,weak_monsoon_start,Weak monsoon starts,100,2.1976434217493828,0.022595480903819236,0.009998000399920015,100,0,218.27955741562724,0.21630754390704376,4.678895355109767,0.008995945841900133,3175,99,10.798055393576078,0.0045209745643904,-6.781624112605186,0.07867828771493199,32.042255814753844,1.8754301399120023e-06,-24.01445970665111,True,-420.8473924121969,-426.2464201089849,-436.8685203195738,-442.32636305802885,227.69512987139456,2.6849314189796583
162,age_randomized,strong_monsoon_start,Strong monsoon starts,96,1.9841357268072102,0.09258148370325935,0.059988002399520096,96,0,25.471616129765493,0.21863387973099735,4.588874243157909,0.009847218145498052,3175,95,14.28880255647698,0.0007892706409629569,-10.272371275506089,0.10849676099195202,27.197590796365944,1.813156202754282e-05,-19.16979468826321,True,-408.38995240321344,-415.53435368145193,-421.9887478013964,-428.3726718739943,4.1707559868980235,3.227176391833968
162,age_randomized,weak_monsoon_start,Weak monsoon starts,100,2.1904230826942115,0.023195360927814438,0.010797840431913617,100,0,232.5761635593987,0.20602107842695885,4.244468475620713,0.013998688781466203,3175,98,10.854794707051383,0.00439451830943184,-6.838363426080491,0.07989876782515715,33.726811320338015,8.4777427948489e-07,-25.69901521223528,True,-415.9496296156064,-421.3770269691321,-432.8130352757754,-438.8533524003093,237.8401728459948,2.70882364658577
163,age_randomized,strong_monsoon_start,Strong monsoon starts,96,2.0107739472998034,0.07498500299940011,0.046590681863627276,96,0,8.962900309566923,0.2431000568165036,5.673373211921978,0.0032491905460162755,3175,95,21.50453528591254,2.1396832884159732e-05,-17.488104004941647,0.1632867705979355,33.96881255379947,7.562444152486175e-07,-25.941016445696732,True,-403.31056602309087,-414.06283366604714,-420.2949722999906,-428.37267187399095,350.0526107394799,4.39593331837156
163,age_randomized,weak_monsoon_start,Weak monsoon starts,100,2.1848399660389095,0.02499500099980004,0.011597680463907219,100,0,222.90884259941254,0.20510738081726515,4.206903766571863,0.014543620969613289,3175,98,10.391325011107824,0.00554054445733864,-6.374893730136932,0.07648731153974853,33.054368461910485,1.1642526596509602e-06,-25.02657235380775,True,-418.830333740101,-424.02599624565494,-435.35751797105627,-438.85335240030804,232.16810365082569,2.655165576289716
164,age_randomized,strong_monsoon_start,Strong monsoon starts,96,2.0124571737477988,0.07318536292741452,0.046390721855628876,96,0,17.985047578425416,0.26834794636228393,6.9130195504181,0.000907362037829687,3175,95,22.53752232445197,1.276554054594206e-05,-18.52109104348108,0.17113037732321665,36.557168103939716,2.2222194399312405e-07,-28.529371995836982,True,-403.3471279502791,-414.6158891125051,-421.625712002249,-428.3726718739945,0.7164348499633202,4.488120822178893
164,age_randomized,weak_monsoon_start,Weak monsoon starts,100,2.2292580520055263,0.018196360727854428,0.007998400319936013,100,0,225.0917043001833,0.20476586565459384,4.192905973727518,0.014752033165723521,3175,98,10.400865013560406,0.005514178985141093,-6.384433732589514,0.0765575325307098,34.696157126520006,5.363098820977902e-07,-26.668361018417272,True,-416.7181544038789,-421.9185869106591,-434.0662329671389,-438.85335240031,235.86394686785945,2.6725240653782656
165,age_randomized,strong_monsoon_start,Strong monsoon starts,96,2.0138187551804516,0.07258548290341932,0.04599080183963208,96,0,19.61163613111506,0.2364899209479789,5.369038340158206,0.004438096785045901,3175,95,17.337661947858578,0.00017185989553491495,-13.321230666887686,0.13164715217255188,30.546455697301326,3.787870559463359e-06,-22.51865958919859,True,-408.1878412664796,-416.8566722404089,-423.4610691151303,-428.37267187399436,359.89515435599264,3.6873939926815718
165,age_randomized,weak_monsoon_start,Weak monsoon starts,100,2.1806293838787774,0.02579484103179364,0.01199760047990402,100,0,222.4282704530871,0.23485367568360552,5.5156248982100164,0.0038276147419342766,3175,98,13.559979360025409,0.0011362866247227894,-9.543548079054517,0.09981079070033345,33.91865066179139,7.743701607450921e-07,-25.890854553688655,True,-417.9445081143187,-424.7244977943314,-434.9038334452144,-438.8533524003095,229.79762166842826,3.0773569198440587
166,age_randomized,strong_monsoon_start,Strong monsoon starts,96,2.0040269037670755,0.07838432313537293,0.049590081983603276,96,0,21.800590427405485,0.23276736438544257,5.201342008602758,0.005268901945679181,3175,95,16.472016868634796,0.0002649396657494588,-12.455585587663904,0.12507419499904618,29.144846382972332,7.3052186206781856e-06,-21.117050274869598,True,-406.7777150304552,-415.0137234647726,-421.3501382219414,-428.3726718739926,3.7252853888397057,3.527547464362612
166,age_randomized,weak_monsoon_start,Weak monsoon starts,100,2.1659953823710607,0.028994201159768047,0.015396920615876825,100,0,226.17309994984876,0.18970589802204546,3.5988327744350714,0.026958238498706745,3175,98,8.954846167168057,0.011362656075173299,-4.938414886197165,0.06591383753722907,31.697529703829787,2.205651781206766e-06,-23.669733595727052,True,-417.82982338260865,-422.3072464661927,-433.67858823452354,-438.85335240031026,235.94602716483783,2.464969258987898
167,age_randomized,strong_monsoon_start,Strong monsoon starts,96,1.9932164869583582,0.08638272345530894,0.054989002199560086,96,0,11.80101292848155,0.23363326504083012,5.240112243229322,0.005064038133219425,3175,95,16.887405481292262,0.0002152516518370557,-12.87097420032137,0.12822829548074446,28.130873795080333,1.1733838340793405e-05,-20.1030776869776,True,-407.56275625294694,-416.00645899359307,-421.6281931504871,-428.37267187399505,355.0944965332112,3.5764216649560594
167,age_randomized,weak_monsoon_start,Weak monsoon starts,100,2.171441320621019,0.026994601079784044,0.013797240551889621,100,0,212.14528208124955,0.2437179209943032,5.939842501378542,0.0024782414533425267,3175,98,13.87307886592589,0.0009716261634739716,-9.856647584954999,0.10211541878435085,34.06021966021456,7.242952662475179e-07,-26.032423552111823,True,-417.99583355820295,-424.9323729911659,-435.0259433883102,-438.85335240030923,217.04096285301472,3.1260925637652766
168,age_randomized,strong_monsoon_start,Strong monsoon starts,96,2.032626493269624,0.0631873625274945,0.03679264147170566,96,0,23.92370013499985,0.22958953474057178,5.060290028389653,0.006086245587177532,3175,95,16.890460948168652,0.0002149230557584373,-12.87402966719776,0.12825149604342953,30.530702042564485,3.8159768147292085e-06,-22.50290593446175,True,-407.12621257645105,-415.5714430505354,-422.3915635977333,-428.3726718739962,2.793269088231306,3.6262410579303457
168,age_randomized,weak_monsoon_start,Weak monsoon starts,100,2.1916189281628875,0.023195360927814438,0.010797840431913617,100,0,226.62472228985703,0.20431421495925325,4.174429843441595,0.015031678774304101,3175,98,10.960257255667898,0.004168793440545603,-6.943825974697006,0.08067504484499671,33.95398130054684,7.615591383363494e-07,-25.92618519244411,True,-417.26901630494285,-422.7491449327768,-434.2460069552163,-438.8533524003094,234.88982608380172,2.720826539741389
169,age_randomized,strong_monsoon_start,Strong monsoon starts,96,2.023881921677402,0.06678664267146571,0.04079184163167367,96,0,28.58554575188282,0.2321532773224262,5.173933840468159,0.005418681177037453,3175,95,15.933443936662343,0.00034681399183347143,-11.917012655691451,0.12098473974581625,29.8345550302663,5.2890476339196796e-06,-21.806758922163567,True,-405.96300502137484,-413.929726989706,-420.880282536508,-428.37267187399465,8.274288479475612,3.42624629440269
169,age_randomized,weak_monsoon_start,Weak monsoon starts,100,2.207945921775706,0.021395720855828835,0.008998200359928014,100,0,225.28909756986147,0.21734701049490926,4.723972297107419,0.00859202061399007,3175,98,10.188450750490574,0.0061320548370488925,-6.172019469519682,0.07499401720446015,28.33039942742778,1.0690058043133445e-05,-20.302603319325044,True,-418.1222707065581,-423.21649608180337,-432.287470420272,-438.85335240030946,233.44182312994968,2.62387205018951
170,age_randomized,strong_monsoon_start,Strong monsoon starts,96,2.0065195255107904,0.07698460307938412,0.04899020195960808,96,0,24.992632572050088,0.2543280630918826,6.209545312902588,0.001873412212366923,3175,95,20.094782084977737,4.329856594796712e-05,-16.078350804006845,0.1525823287460093,33.31883998151784,1.027737638236281e-06,-25.291043873415106,True,-405.97357151247195,-416.0209625549608,-422.63299150323087,-428.37267187399266,5.180469392356716,4.096001101589235
170,age_randomized,weak_monsoon_start,Weak monsoon starts,100,2.1740386589515674,0.02659468106378724,0.013197360527894421,100,0,231.82486826905898,0.2115612464469895,4.475816099820383,0.011063011210510792,3175,98,11.620276724813493,0.002997015369377279,-7.6038454438426015,0.0855332428808463,31.554277439441194,2.3593567243251988e-06,-23.52648133133846,True,-418.93838272236326,-424.74852108477,-434.71552144208385,-438.8533524003088,239.5808065768432,2.8315039815707586
171,age_randomized,strong_monsoon_start,Strong monsoon starts,96,2.00804573206003,0.07598480303939212,0.04839032193561288,96,0,24.6532738743873,0.18337781826634758,3.2282327262840576,0.03921409413506985,3175,95,12.922284483222484,0.0015630093560390238,-8.905853202251592,0.09812060916263936,27.838393063389162,1.3449780252794012e-05,-19.810596955286428,True,-409.36746571014913,-415.8286079517604,-423.2866622418437,-429.065819054554,357.2087459384054,3.0338324964154926
171,age_randomized,weak_monsoon_start,Weak monsoon starts,100,2.202517038394466,0.022195560887822437,0.009598080383923215,100,0,215.30321120935326,0.19789906252796374,3.91640389494469,0.01953536654706772,3175,99,10.356839850429992,0.00563690611467369,-6.3404085694591,0.07546344187624518,35.81994434792068,3.1512931366491746e-07,-27.792148239817948,True,-420.90810970319114,-426.08652962840614,-438.8180818771515,-442.32636305802635,226.9891710601866,2.636240940946538
172,age_randomized,strong_monsoon_start,Strong monsoon starts,96,2.0183773547287704,0.06938612277544491,0.04299140171965607,96,0,19.489508307625382,0.25955876440461034,6.467592209207809,0.0014364295195842067,3175,94,23.046882178172382,9.895394717676619e-06,-19.03045089720149,0.17685969482128472,36.78402665472527,1.9955977324777793e-07,-28.756230546622533,True,-399.87115895586714,-411.39460004495334,-418.2631722832298,-424.85820413133695,1.3043084655800818,4.6404224420877505
172,age_randomized,weak_monsoon_start,Weak monsoon starts,100,2.1585571462352733,0.03099380123975205,0.016396720655868825,100,0,227.88551866912937,0.20598310827791233,4.242904089583015,0.014020971777544838,3175,99,12.073576294508257,0.0023892204273937116,-8.057145013537365,0.08797216487818994,36.95157527642846,1.843157340952436e-07,-28.923779168325723,True,-419.4434706714697,-425.4802588187238,-437.9192583096839,-442.3263630580293,235.26494436064348,2.881028455631038
173,age_randomized,strong_monsoon_start,Strong monsoon starts,96,1.9959649718814578,0.08438312337532493,0.05318936212757448,96,0,17.84872527634824,0.23260016492846924,5.1938723255761055,0.005309308953084898,3175,95,17.798351384255966,0.00013650139929751142,-13.781920103285074,0.13514522777929106,32.310641070261,1.652845558793929e-06,-24.282844962158265,True,-405.36718119848297,-414.26635689061095,-421.52250173361347,-428.37267187399294,356.2492185390431,3.7170990618104156
173,age_randomized,weak_monsoon_start,Weak monsoon starts,100,2.194780175999633,0.022795440911817635,0.010397920415916816,100,0,226.89712532778438,0.2413552573967063,5.825236027303035,0.002787325226452734,3175,98,14.231692614573035,0.0008121331062475148,-10.215261333602143,0.1047550630535745,36.39557526295448,2.3991225452273077e-07,-28.367779154851746,True,-414.28525767867575,-421.40110398596227,-432.483045310153,-438.85335240030827,231.96484322600986,3.167152347837234
174,age_randomized,strong_monsoon_start,Strong monsoon starts,96,1.995399416817253,0.08498300339932013,0.05378924215156969,96,0,24.926928663823315,0.24275769607888772,5.657404704530843,0.003302831830029245,3175,95,16.951486417924116,0.00020846420524158965,-12.935055136953224,0.12871487047808286,31.66648178578157,2.2380953660550717e-06,-23.638685677678836,True,-407.2725099514247,-415.74825316038675,-423.1057508443155,-428.37267187399686,4.532502305565071,3.596118139889692
174,age_randomized,weak_monsoon_start,Weak monsoon starts,100,2.180740292828608,0.02579484103179364,0.01199760047990402,100,0,217.1127018421845,0.25746269284029355,6.628703820457535,0.0012208843692057202,3175,99,16.10487786477472,0.0003183246027680238,-12.08844658380383,0.11734559307895419,37.94052851072581,1.152663988978622e-07,-29.912732402623078,True,-418.1884540683113,-426.24089300069863,-437.1587183236742,-442.3263630580281,223.75416803950384,3.4216042634872137
175,age_randomized,strong_monsoon_start,Strong monsoon starts,96,2.0150994031669165,0.07118576284743051,0.04519096180763847,96,0,17.414483077368466,0.22167087406537722,4.7172457352552,0.008639009905696783,3175,94,16.273547092937292,0.0002925796717095335,-12.2571158119664,0.12488173238645553,28.424188473538038,1.0231867413193747e-05,-20.396392365435304,True,-405.6782787567009,-413.8150523031695,-419.8903729934699,-424.8582041313365,359.12883490090843,3.5131523848943043
175,age_randomized,weak_monsoon_start,Weak monsoon starts,100,2.146309396643598,0.033993201359728054,0.019596080783843232,100,0,219.28022456788824,0.22400656157602974,5.01789396291156,0.006366291977346321,3175,98,13.122393201089494,0.0014141924740003087,-9.105961920118602,0.09658985508064727,34.81189301419374,5.077519911588269e-07,-26.78409690609101,True,-417.69707369323316,-424.2582702937779,-435.10302020033004,-438.85335240030815,227.76597392417747,3.0160876607336333
176,age_randomized,strong_monsoon_start,Strong monsoon starts,96,1.991921770039049,0.08718256348730254,0.05578884223155369,96,0,27.408572532063744,0.25549058930335883,6.266442357367447,0.0017669092713127681,3175,95,19.764225257164753,5.108025020156567e-05,-15.747793976193861,0.15007236718696834,34.40246755317423,6.161691019828596e-07,-26.3746714450715,True,-405.5302866094786,-415.41239923806097,-422.7315203860657,-428.37267187399505,7.552987599587899,3.932721838401451
176,age_randomized,weak_monsoon_start,Weak monsoon starts,100,2.1826433510179037,0.02539492101579684,0.01199760047990402,100,0,227.63017046501847,0.2337435646824049,5.46360540304376,0.004036905243729432,3175,98,13.885566492803264,0.0009655784111434575,-9.869135211832372,0.10220733632194504,33.75946712532186,8.34806651128204e-07,-25.731671017219128,True,-417.15710532943774,-424.0998885758394,-434.0368388920987,-438.8533524003095,233.81604623288942,3.1088212679401876
177,age_randomized,strong_monsoon_start,Strong monsoon starts,96,1.9935400348035146,0.08638272345530894,0.05458908218356329,96,0,21.193976982468055,0.26787482556156417,6.88866452828529,0.0009304691957842309,3175,95,21.577326312135938,2.063208527877798e-05,-17.560895031165046,0.16383948245348137,34.861236289741896,4.960421997959905e-07,-26.833440181639162,True,-404.9525068121733,-415.74116996824125,-422.38312495704423,-429.06581905455283,3.1421969867499144,4.308526844767816
177,age_randomized,weak_monsoon_start,Weak monsoon starts,100,2.1449755397457815,0.03459308138372325,0.01979604079184163,100,0,224.7599803552795,0.23981330027825717,5.751041899034954,0.0030075716919407453,3175,98,14.467006199578691,0.0007219872346345286,-10.4505749186078,0.10648713316654117,36.688027385422515,2.0885393790748792e-07,-28.66023127731978,True,-416.7388897077452,-423.97239280753456,-435.0829034004565,-438.8533524003084,228.77493626072828,3.2110993155073757
178,age_randomized,strong_monsoon_start,Strong monsoon starts,96,1.9685531610519889,0.10497900419916016,0.06938612277544491,96,0,20.837356502287406,0.2275965984268202,4.972820315084089,0.0066552289116712385,3175,95,18.71037114549347,8.651562082598843e-05,-14.693939864522576,0.14207031402523884,34.849451293780135,4.988142279497923e-07,-26.8216551856774,True,-404.65367304951275,-414.0088586222595,-422.0783986964028,-428.3726718739939,358.40046271684065,3.762066481834522
178,age_randomized,weak_monsoon_start,Weak monsoon starts,100,2.148768283328889,0.033393321335732855,0.01919616076784643,100,0,216.34012450565453,0.19856334841295492,3.9427403332964532,0.019020051117109436,3175,99,10.915235436840362,0.004263700991934317,-6.89880415586947,0.07953210118618721,35.52849161248503,3.6175720087100317e-07,-27.500695504382293,True,-419.814070964926,-425.27168868334616,-437.5783167711685,-442.326363058028,224.4657097972579,2.701224832543228
179,age_randomized,strong_monsoon_start,Strong monsoon starts,96,1.9604275968430258,0.11257748450309939,0.07258548290341932,96,0,21.010080755358782,0.2301339283787254,5.084315999138334,0.005938612581259038,3175,95,17.368078622440976,0.00016926596694363333,-13.351647341470084,0.13187810999139588,32.39810272369982,1.5861559143486014e-06,-24.370306615597087,True,-403.06578734811677,-411.74982665933726,-419.2648387099667,-428.37267187399397,356.7322574234872,3.6671337884228756
179,age_randomized,weak_monsoon_start,Weak monsoon starts,100,2.1527415999891315,0.03219356128774245,0.016796640671865627,100,0,229.9649670468049,0.19802610911242638,3.9214339890206595,0.019435882829147884,3175,99,11.899571931322726,0.0026063983174523953,-7.883140650351834,0.08670431017182223,34.43315297698484,6.072990411840741e-07,-26.40535686888211,True,-422.27603982909613,-428.2258257947575,-439.49261631758856,-442.32636305802924,236.57836354535482,2.8190814309372123
180,age_randomized,strong_monsoon_start,Strong monsoon starts,96,1.9924883122112946,0.08698260347930414,0.05558888222355529,96,0,20.09556711758749,0.19188443077043046,3.5346849381208436,0.02875164677924408,3175,95,12.683391212574975,0.0017613132096912802,-8.666959931604083,0.0963066610738767,26.75984793700286,2.2229487081056525e-05,-18.732051828900126,True,-410.8160863806178,-417.15778198690526,-424.1960103491192,-428.3726718739946,358.26695913159335,3.0093877577205737
180,age_randomized,weak_monsoon_start,Weak monsoon starts,100,2.1545010087962884,0.03159368126374725,0.016796640671865627,100,0,231.5283969491528,0.21471089435738291,4.6100768155747245,0.009649338254936751,3175,98,12.664338851846082,0.0017781719693059608,-8.64790757087519,0.09321825947803966,35.297150082043345,4.0361462887179554e-07,-27.26935397394061,True,-415.3149487201191,-421.64711814604215,-432.9635237611408,-438.85335240030906,237.69309976057372,2.9722279054027614
181,age_randomized,strong_monsoon_start,Strong monsoon starts,96,2.009330059490382,0.07578484303139373,0.046990601879624075,96,0,20.648039712855258,0.22733582161028523,4.9614312755734495,0.0067331045596185956,3175,95,17.926178845568643,0.00012805004130053886,-13.909747564597751,0.13611583853995013,32.79639487928125,1.3147936376283456e-06,-24.768598771178517,True,-406.36241363734615,-415.3255030601305,-422.7606110769868,-428.37267187399476,359.84838461446935,3.7241135765231714
181,age_randomized,weak_monsoon_start,Weak monsoon starts,100,2.1804075490545802,0.02579484103179364,0.01199760047990402,100,0,223.26516099987887,0.22557378352696883,5.088353181467179,0.00592437864684708,3175,98,12.273815224364512,0.00216159779209119,-8.25738394339362,0.09034373651519459,33.258370632195465,1.0574718657764937e-06,-25.23057452409273,True,-418.625506050543,-424.76241366272524,-435.2546913666407,-438.85335240031156,230.11606828239326,2.8914394421893035
182,age_randomized,strong_monsoon_start,Strong monsoon starts,96,2.017338580907063,0.06958608278344332,0.04359128174365127,96,0,20.832347825482476,0.22285205029508237,4.767651486789305,0.008205985465518909,3175,95,14.555619970770408,0.0006906965440802431,-10.539188689799516,0.110522740783657,28.31190855181478,1.0782772895284323e-05,-20.284112443712047,True,-407.54088425952995,-414.81869424491515,-421.69683853543734,-428.3726718739948,5.2897686459323685,3.2631055952438386
182,age_randomized,weak_monsoon_start,Weak monsoon starts,100,2.186905352907017,0.02439512097580484,0.011397720455908818,100,0,221.59403267338527,0.22047656295005247,4.860991481026844,0.00747171304856892,3175,99,12.119824586932054,0.00233460563871876,-8.103393305961163,0.08830914559601519,32.27227379147371,1.6829751750451336e-06,-24.244477683370974,True,-421.83110281088784,-427.89101510435387,-437.9672397066247,-442.326363058027,230.86883327685388,2.8482654196023343
183,age_randomized,strong_monsoon_start,Strong monsoon starts,96,2.0089287953706565,0.07578484303139373,0.047590481903619274,96,0,27.28092194014378,0.21434846668864896,4.410745456490385,0.011806799069608203,3175,95,16.519803103925824,0.0002586844569455291,-12.503371822954932,0.12543704218155732,31.12918018207222,2.881144920209713e-06,-23.101384073969484,True,-406.1023522422132,-414.3622537941761,-421.6669423332493,-428.3726718739941,2.616309504984376,3.5446526045681623
183,age_randomized,weak_monsoon_start,Weak monsoon starts,100,2.1796124555306657,0.026194761047790442,0.012397520495900819,100,0,226.57331946304768,0.22050555694032156,4.86227006415614,0.007461975068873762,3175,98,13.54758319333689,0.0011433512950169392,-9.531151912366,0.09971954637274388,37.258651305770286,1.5932797903493697e-07,-29.23085519766755,True,-416.4553456892409,-423.22913728590936,-435.08467134212606,-438.8533524003083,230.79894741108575,3.0589445087295197
184,age_randomized,strong_monsoon_start,Strong monsoon starts,96,2.025395045091468,0.0657868426314737,0.03959208158368326,96,0,23.64137976985795,0.23555345171637734,5.326601147087972,0.004635132535934902,3175,94,15.875838028375028,0.0003569485107464147,-11.859406747404137,0.12182974890155888,26.010220582258967,3.1494803080245764e-05,-17.982424474156232,True,-405.5009241253932,-413.43884313958074,-418.5060344165227,-424.85820413133786,8.778924465052146,3.4969388378817743
184,age_randomized,weak_monsoon_start,Weak monsoon starts,100,2.148543158882047,0.033393321335732855,0.01919616076784643,100,0,214.92524354494512,0.25319847349531655,6.410946698035852,0.001527537790465902,3175,99,15.765415481478385,0.0003772102850511099,-11.748984200507493,0.1148721552155705,36.106807193657914,2.750926616130519e-07,-28.07901108555518,True,-420.1226457305529,-428.0053534712921,-438.17604932738186,-442.3263630580269,222.27165551035398,3.370082003065158
185,age_randomized,strong_monsoon_start,Strong monsoon starts,96,2.024439519777198,0.06638672265546891,0.04079184163167367,96,0,14.606075825021078,0.23063846832754534,5.106633894957709,0.005804668451097191,3175,95,17.78419678842829,0.00013747088699597864,-13.767765507457398,0.13503775006767854,31.137042956678556,2.8705213785013653e-06,-23.109246848575822,True,-406.51204097812024,-415.4041393723344,-422.0805624564595,-428.3726718739954,355.6599383513637,3.7667417304077797
185,age_randomized,weak_monsoon_start,Weak monsoon starts,100,2.169900002079847,0.027794441111777646,0.014397120575884824,100,0,220.33293046703238,0.21412920584813083,4.5851316797151185,0.009897659165680205,3175,99,12.153282738004123,0.002295874714194606,-8.13685145703323,0.0885529330133333,33.737027380558516,8.436960495935174e-07,-25.70923127245578,True,-422.4942386581785,-428.5708800271806,-439.3627523484578,-442.32636305802924,228.64606614557312,2.8654412500624
186,age_randomized,strong_monsoon_start,Strong monsoon starts,96,2.0037855177540624,0.07878424315136973,0.049590081983603276,96,0,26.932896366176298,0.19148443297814324,3.519963655004259,0.02918383207056767,3175,95,11.483912391057743,0.003208485706949881,-7.467481110086851,0.0871988602978017,24.430518806732266,6.5472049863267e-05,-16.402722698629532,True,-410.3580066789437,-416.09996287447257,-422.57326608230983,-428.3726718739951,4.635429323609836,2.807927292912465
186,age_randomized,weak_monsoon_start,Weak monsoon starts,100,2.192428053347872,0.023195360927814438,0.010797840431913617,100,0,223.25361323316858,0.20587264670642486,4.238354666190842,0.014085974147019929,3175,98,10.860210791791701,0.004382633866703558,-6.843779510820809,0.0799386339404423,33.24579161699137,1.0637641515670445e-06,-25.217995508888635,True,-417.8134814857464,-423.2435868816423,-434.4363772942421,-438.85335240030713,232.05759516275342,2.724042187574162
187,age_randomized,strong_monsoon_start,Strong monsoon starts,96,1.9886002103281728,0.08918216356728655,0.05718856228754249,96,0,18.78274878924429,0.2352064844599896,5.310920671874623,0.004710117785379773,3175,95,17.83982653927933,0.00013369984012387,-13.823395258308437,0.13546015409756634,30.315885531455024,4.2206094334261725e-06,-22.28808942335229,True,-408.656386607457,-417.5762998770967,-423.81432937318453,-429.06581905455255,359.156848987802,3.7733490281132416
187,age_randomized,weak_monsoon_start,Weak monsoon starts,100,2.1788355724537234,0.026394721055788842,0.012397520495900819,100,0,227.5828718568671,0.21029155024923857,4.4222536106228025,0.011682864191600266,3175,99,12.452638095807856,0.001976714713566775,-8.436206814836964,0.09073413750912615,36.05358695761163,2.8211661872395837e-07,-28.025790849508894,True,-420.07077403638584,-426.29709308428977,-438.09756751519166,-442.3263630580306,235.81337755095578,2.931624432621305
188,age_randomized,strong_monsoon_start,Strong monsoon starts,96,1.9909501798161997,0.08818236352729454,0.05598880223955209,96,0,26.99792475784706,0.22595645671440567,4.901406751769192,0.007158762821744599,3175,95,15.05251351125196,0.0005387511641970892,-11.036082230281067,0.11429571892419643,27.92788356656149,1.2899805073991408e-05,-19.900087458458756,True,-408.72234316321004,-416.248599918836,-422.6862849464908,-428.37267187399414,7.177942575283621,3.2924961310572045
188,age_randomized,weak_monsoon_start,Weak monsoon starts,100,2.2145267459394424,0.020595880823835233,0.008598280343931213,100,0,225.1390975759916,0.22193220629398247,4.925390419051479,0.006996612201368984,3175,98,10.851164414299319,0.004402502247231397,-6.834733133328427,0.07987204636928787,30.074225260999583,4.727060275876586e-06,-22.04642915289685,True,-418.1395889898177,-423.56517119696736,-433.1767016203175,-438.8533524003107,234.73455069965286,2.7267850446775252
189,age_randomized,strong_monsoon_start,Strong monsoon starts,96,1.9812080718735112,0.09458108378324336,0.0623875224955009,96,0,20.125985689433683,0.22331595147283778,4.787521361493009,0.008041282510632176,3175,94,16.63622063190678,0.00024405661864709656,-12.61978935093589,0.12766485640843922,28.634620267262335,9.27371444417217e-06,-20.6068241591596,True,-403.186957375312,-411.50506769126537,-417.50426750894314,-424.85820413134,3.919655492086356,3.591265675258888
189,age_randomized,weak_monsoon_start,Weak monsoon starts,100,2.2078363794799887,0.021395720855828835,0.008998200359928014,100,0,216.04444820023676,0.1919823653780814,3.685722861616314,0.024685663924471822,3175,99,9.091662675272914,0.010611347435869719,-5.075231394302023,0.0662449326012703,34.428752443376084,6.085632187638981e-07,-26.40095633527335,True,-419.2203311273164,-423.76616246495286,-436.43470734900444,-442.32636305802987,227.2957432552809,2.464395578337863
190,age_randomized,strong_monsoon_start,Strong monsoon starts,96,2.0013700563732746,0.08018396320735853,0.04999000199960008,96,0,23.726304083473316,0.23138152862579695,5.139591531764207,0.005612344467881579,3175,95,17.546150619023706,0.00015484664630015978,-13.529719338052814,0.13323023413029642,32.121391577384315,1.8068628244422779e-06,-24.09359546928158,True,-406.92689992638196,-415.6999752358938,-422.9875957150741,-428.372671873992,1.0216131023212958,3.715826639654125
190,age_randomized,weak_monsoon_start,Weak monsoon starts,100,2.200099901355219,0.022395520895820836,0.009598080383923215,100,0,230.5431823129441,0.20645892926976725,4.262528947521876,0.01374397400233985,3175,99,12.522831692250179,0.0019085416814346205,-8.506400411279287,0.09124559181967919,35.38833427004454,3.865689543441894e-07,-27.360538161941804,True,-420.375392431547,-426.6368082776721,-438.0695595665693,-442.3263630580277,238.5504291540783,2.943349151170015
191,age_randomized,strong_monsoon_start,Strong monsoon starts,96,1.9924883122112946,0.08698260347930414,0.05558888222355529,96,0,16.333940966812325,0.22721565403690172,4.9561875301840335,0.006769264158759112,3175,95,15.727866744842913,0.00038435906682646095,-11.711435463872022,0.11942376503445956,25.943092286377578,3.2491784016434766e-05,-17.915296178274843,True,-411.0633545794238,-418.92728795184524,-424.0349007226126,-428.37267187399493,358.09178000025634,3.447370466323938
191,age_randomized,weak_monsoon_start,Weak monsoon starts,100,2.1806293838787774,0.02579484103179364,0.01199760047990402,100,0,232.36811231216143,0.2617570524461906,6.851675450531776,0.0009703051947244307,3175,98,18.10420771214399,0.00011714432268991345,-14.087776431173097,0.13325944227313194,36.93745296790371,1.8555452257437692e-07,-28.909656859800975,True,-415.64456351330614,-424.69666736937813,-434.113289997258,-438.85335240030895,237.1767591703667,3.742228321643807
192,age_randomized,strong_monsoon_start,Strong monsoon starts,96,2.005555007176494,0.07718456308738253,0.04939012197560488,96,0,18.112555196911998,0.2319507423172876,5.164910098707912,0.005468914561045949,3175,95,18.542240713739034,9.410302578741822e-05,-14.525809432768142,0.14079367749831967,33.47717597266114,9.537677845729406e-07,-25.44937986455841,True,-402.5896627764564,-411.8607831333259,-419.328250762787,-428.3726718739927,357.6034467391372,3.8519366091959992
192,age_randomized,weak_monsoon_start,Weak monsoon starts,100,2.170884343820973,0.027394521095780843,0.014197160567886422,100,0,220.62142572314272,0.20156853051824336,4.0629872495284,0.01683383482497629,3175,99,12.798668638713025,0.0016626637079139694,-8.782237357742133,0.09325543320733526,40.37859897892645,3.614225432121496e-08,-32.35080287082371,True,-420.15000819942463,-426.54934251878115,-440.33930768888786,-442.3263630580302,227.44312342462734,2.964513356790318
193,age_randomized,strong_monsoon_start,Strong monsoon starts,96,1.9896539881554878,0.08878224355128975,0.05678864227154569,96,0,24.380950239229684,0.2501708051594217,6.00820144839488,0.0023041990479675126,3175,95,19.64387296428322,5.4248431297244575e-05,-15.627441683312327,0.14915851636539043,33.39243855749362,9.926692975514893e-07,-25.364642449390885,True,-403.8954935421035,-413.7174300242451,-420.5917128208503,-428.37267187399533,3.361007978592659,4.023496137799796
193,age_randomized,weak_monsoon_start,Weak monsoon starts,100,2.190331067538434,0.023195360927814438,0.010797840431913617,100,0,219.8008671505307,0.1888580795459941,3.566737420980103,0.02784932545119375,3175,98,9.238233852714075,0.009861500648528537,-5.221802571743183,0.06799976615246499,35.067137511199235,4.500149014254192e-07,-27.0393414030965,True,-416.86895643913476,-421.4880733654918,-434.4025251947344,-438.8533524003086,229.76311068882825,2.502746830481361
194,age_randomized,strong_monsoon_start,Strong monsoon starts,96,1.9960457523809905,0.08438312337532493,0.05318936212757448,96,0,26.927896994382344,0.22269402862473642,4.760892516971033,0.00826277243722404,3175,95,14.780144093864237,0.0006173514736275698,-10.763712812893345,0.11222758204127495,28.140188426114946,1.1682927746553019e-05,-20.112392318012212,True,-408.4759958959777,-415.8660679429098,-422.54609010903516,-428.37267187399226,5.46116894170417,3.328742657021755
194,age_randomized,weak_monsoon_start,Weak monsoon starts,100,2.191876409484212,0.023195360927814438,0.010797840431913617,100,0,228.405247157877,0.25884830044244805,6.700244264194385,0.0011341686176720986,3175,99,17.03895520951562,0.00019954363878896665,-13.022523928544729,0.12415159688230988,38.93805389517672,7.174740970861064e-08,-30.910257787073988,True,-417.2292065496515,-425.7486841544093,-436.69823349723987,-442.3263630580275,232.72727701808853,3.508676166580164
195,age_randomized,strong_monsoon_start,Strong monsoon starts,96,2.0094103026987957,0.07578484303139373,0.046990601879624075,96,0,9.434222352560877,0.22465523101418364,4.845117390915477,0.007582212618653204,3175,95,16.299270497945827,0.0002888406953566733,-12.282839216974935,0.1237625090394433,30.04575655810197,4.7905722516430705e-06,-22.017960449999237,True,-407.99453305465624,-416.14416830362916,-423.01741133370723,-428.37267187399476,351.31747545747453,3.500966740571495
195,age_randomized,weak_monsoon_start,Weak monsoon starts,100,2.203834359380473,0.022195560887822437,0.009398120375924815,100,0,227.35385304752216,0.1878570825300676,3.5290283456708633,0.02893377530382887,3175,99,10.569817508960114,0.005067494553241408,-6.553386227989222,0.07701526920847522,34.73370397538872,5.268739662774744e-07,-26.705907867285987,True,-420.9946502277649,-426.27955898224496,-438.36150221545927,-442.3263630580305,235.4018491657012,2.678344318089553
196,age_randomized,strong_monsoon_start,Strong monsoon starts,96,1.9849481979631676,0.09078184363127374,0.0595880823835233,96,0,13.424424949099167,0.2475860459813317,5.884689615808329,0.0026158318584940483,3175,95,20.749989987822687,3.1203041188418554e-05,-16.733558706851795,0.15755740870488122,33.63369071244813,8.858652569283494e-07,-25.605894604345394,True,-407.5996839407904,-417.9746789347017,-424.41652929701445,-428.3726718739939,355.1614048954498,4.199802023339715
196,age_randomized,weak_monsoon_start,Weak monsoon starts,100,2.200979167413582,0.022395520895820836,0.009598080383923215,100,0,219.47383399128853,0.21899974685001544,4.796088912037085,0.007982996239141402,3175,98,10.714048572011961,0.004714915493297131,-6.69761729104107,0.07886277929941397,31.347530467103866,2.600183097101044e-06,-23.31973435900113,True,-418.9296128346142,-424.2866371206202,-434.60337806816614,-439.5464995808685,226.09639573952148,2.686613796813323
197,age_randomized,strong_monsoon_start,Strong monsoon starts,96,1.9740333030264698,0.10057988402319536,0.0657868426314737,96,0,27.957241752951028,0.2072302356059437,4.122659572732314,0.015828608559709016,3175,95,12.871260808128454,0.0016033975953687058,-8.854829527157563,0.09773317967302837,25.165719000575336,4.659343841500741e-05,-17.137922892472602,True,-410.98117967392864,-417.41681007799286,-423.5640391742163,-428.37267187399135,7.237044049412579,3.0088550257379287
197,age_randomized,weak_monsoon_start,Weak monsoon starts,100,2.1664605870706577,0.028994201159768047,0.015196960607878424,100,0,213.49054061329247,0.20554895588013739,4.225037326341466,0.014277981274304071,3175,99,10.68026493249397,0.004795235461377854,-6.663833651523078,0.07782002653277449,35.649979559730355,3.4153879962757297e-07,-27.62218345162762,True,-420.09073346014236,-425.43086592638934,-437.91572324000754,-442.3263630580262,222.38537255679447,2.6671867944855814
198,age_randomized,strong_monsoon_start,Strong monsoon starts,96,2.009891694672809,0.07578484303139373,0.046790641871625675,96,0,26.64316897680405,0.2277790005507162,4.980794216820785,0.006601239029146709,3175,95,15.64812418212989,0.000399993567968253,-11.631692901159,0.11881826924617611,28.485645897843256,9.942280043678572e-06,-20.45784978974052,True,-408.5216819037331,-416.34574399479806,-422.76450485265474,-428.3726718739932,7.703565118759456,3.4101527863899634
198,age_randomized,weak_monsoon_start,Weak monsoon starts,100,2.184212587164336,0.02499500099980004,0.011797640471905619,100,0,223.00741628086286,0.20526438293228416,4.213346690057139,0.01444867971995183,3175,99,11.594561327741076,0.0030357988885967896,-7.578130046770184,0.08448189964047982,35.68468136808144,3.359732872149579e-07,-27.656885259978708,True,-419.7995861598337,-425.59686682370426,-437.64192684387444,-442.3263630580277,230.6360964116319,2.802766645891457
199,age_randomized,strong_monsoon_start,Strong monsoon starts,96,1.9974992427448388,0.08298340331933614,0.052389522095580884,96,0,14.89327436380647,0.230411857124642,5.096603894748138,0.0058644891062016756,3175,94,19.631880593953156,5.457469211882681e-05,-15.615449312982264,0.1506532807245771,31.744330005449797,2.157630821973077e-06,-23.716533897347063,True,-402.2804185397387,-412.0963588367153,-418.1525835424636,-424.85820413133877,354.5108721610772,4.10318823948046
199,age_randomized,weak_monsoon_start,Weak monsoon starts,100,2.175929053171835,0.02659468106378724,0.012997400519896021,100,0,227.4871893787554,0.21862008013251175,4.779473943714586,0.008119386549813652,3175,98,10.915471649958363,0.004263197450617906,-6.899040368987471,0.08034539193040306,27.543840238710118,1.543007501526329e-05,-19.516044130607384,True,-421.4870831286931,-426.94481895367227,-435.25900324804815,-438.8533524003115,236.2208715190266,2.724946982476668
200,age_randomized,strong_monsoon_start,Strong monsoon starts,96,1.9650280031614415,0.10777844431113777,0.07098580283943211,96,0,13.289394431120439,0.22106839400058423,4.691638543295765,0.008867625891098066,3175,95,15.118203408453383,0.0005213433541342671,-11.10177212748249,0.11479451097119114,27.012368754587783,1.976477371572651e-05,-18.98457264648505,True,-409.39471037949573,-416.9538120837224,-422.9008947567896,-428.3726718739939,356.1614016895998,3.3409296323913376
200,age_randomized,weak_monsoon_start,Weak monsoon starts,100,2.1838434565748743,0.02519496100779844,0.011797640471905619,100,0,233.83759706067215,0.2100436051657887,4.411831607104174,0.011807429105329665,3175,98,12.283265790301584,0.0021514077252945026,-8.266834509330693,0.09041329919178137,37.782257960426136,1.2426429506521835e-07,-29.754461852323402,True,-415.6369473502572,-421.77858024540797,-434.52807633047024,-438.8533524003092,241.62454874302145,2.887519250749945
201,age_randomized,strong_monsoon_start,Strong monsoon starts,96,2.0042682607085274,0.07838432313537293,0.04939012197560488,96,0,13.8496049422469,0.2030484040863997,3.957950822595251,0.018712898030584874,3175,95,14.965845987253715,0.0005626105028732974,-10.949414706282823,0.11363764099220489,27.73045308084761,1.4144257533930554e-05,-19.702656972744876,True,-406.72271934753695,-414.2056423411638,-420.58794588796076,-428.3726718739956,352.48846516091277,3.3348159678383156
201,age_randomized,weak_monsoon_start,Weak monsoon starts,100,2.163257955180427,0.029994001199760048,0.015996800639872025,100,0,230.49611284830945,0.2171575034490446,4.715738130422182,0.008664433848918055,3175,98,13.297792433268683,0.0012954512141087355,-9.28136115229779,0.09788091427677302,34.375204284821166,6.241581960372624e-07,-26.34740817671843,True,-418.4552030643188,-425.10409928095316,-435.6428052067294,-438.8533524003118,238.37446399276394,3.0334407795459333
202,age_randomized,strong_monsoon_start,Strong monsoon starts,96,2.017338580907063,0.06958608278344332,0.04359128174365127,96,0,14.490862033787106,0.24858674294384273,5.932355401673101,0.0024908868988716077,3175,95,17.97219443859956,0.0001251375257681781,-13.955763157628667,0.13646524100241997,29.53047974976073,6.098715599959176e-06,-21.502683641657995,True,-408.4936881059837,-417.4797853252835,-423.2589279808641,-428.3726718739919,359.32829152758427,3.7719176209957497
202,age_randomized,weak_monsoon_start,Weak monsoon starts,100,2.1812023527504243,0.02579484103179364,0.01199760047990402,100,0,235.65618861562,0.16896630981970875,2.8549613854089806,0.0572035504918188,3175,99,9.874904106937493,0.007172851150095951,-5.858472825966601,0.07195189487036757,36.792888474709684,1.9872289405642085e-07,-28.76509236660695,True,-420.6657954188617,-425.60324747233045,-439.06223965621655,-442.32636305802555,245.5564089838911,2.573370943490765
203,age_randomized,strong_monsoon_start,Strong monsoon starts,96,1.9790094884322158,0.09658068386322735,0.0627874425114977,96,0,15.511810583991943,0.23015708435325355,5.085339213887105,0.005932404905302645,3175,95,18.550065421722707,9.373558069516347e-05,-14.533634140751815,0.14085309153729048,34.74425873482039,5.242513671125483e-07,-26.716462626717657,True,-403.26672771518054,-412.5417604260419,-420.63885708259073,-428.37267187399254,353.9212950588205,3.799247113794881
203,age_randomized,weak_monsoon_start,Weak monsoon starts,100,2.179261042729233,0.026394721055788842,0.012397520495900819,100,0,220.5783320341824,0.2704332307470753,7.313413229230088,0.000602457121395635,3175,99,18.96186349551408,7.629281836525561e-05,-14.945432214543189,0.13816255773228098,42.97427599858975,1.0475836704419242e-08,-34.94647989048701,True,-415.93077840921785,-425.4117101569749,-437.4179164085127,-442.32636305802686,224.00583308192105,3.8326751776692083
204,age_randomized,strong_monsoon_start,Strong monsoon starts,96,2.0291331868169684,0.06418716256748651,0.03779244151169766,96,0,27.655596066322783,0.217466910802105,4.540018300205827,0.010349968439005814,3175,95,13.851886337697692,0.0009819765115881781,-9.8354550567268,0.10517919855975813,27.14152894832671,1.861119295848876e-05,-19.113732840223975,True,-409.34549332114256,-416.2714364899914,-422.9162577953059,-428.3726718739929,7.95321637514313,3.136875647171802
204,age_randomized,weak_monsoon_start,Weak monsoon starts,100,2.1626802322218035,0.029994001199760048,0.015996800639872025,100,0,223.53250885722224,0.22917818657701594,5.252264120272953,0.005010888856047771,3175,98,12.725519543422251,0.0017246006341957673,-8.70908826245136,0.09366859152056566,29.76373017676542,5.467510354502289e-06,-21.735934068662687,True,-420.3735356155979,-426.73629538730904,-435.2554007039806,-438.8533524003085,230.62085642226563,2.9663429038746436
205,age_randomized,strong_monsoon_start,Strong monsoon starts,96,1.9674061286886213,0.10617876424715057,0.06958608278344332,96,0,21.564533396265876,0.2204004875096575,4.66333198987149,0.009127348983210635,3175,95,15.71358094996367,0.0003871143327972264,-11.697149668992779,0.11931529111115724,26.57735727615386,2.419871275871788e-05,-18.549561168051127,True,-409.4343648003778,-417.29115527535964,-422.72304343845474,-428.3726718739922,2.301072823300145,3.429266232199925
205,age_randomized,weak_monsoon_start,Weak monsoon starts,100,2.1887662180414793,0.023595280943811237,0.011397720455908818,100,0,230.22085422271272,0.22901774121165444,5.244912578968833,0.00504868217939707,3175,98,14.431030749150977,0.0007350916485827672,-10.414599468180086,0.10622232906487887,37.62360418911135,1.3398683755119574e-07,-29.595808081008613,True,-414.8108692154357,-422.02638459001116,-433.62267130999135,-438.8533524003109,236.5313397909314,3.18293221985668
206,age_randomized,strong_monsoon_start,Strong monsoon starts,96,1.9886002103281728,0.08918216356728655,0.05718856228754249,96,0,13.212420745689442,0.2228708093589992,4.768454175776195,0.008199267337251277,3175,95,15.316373967323216,0.0004721626739006621,-11.299942686352324,0.11629924614241063,27.805803396990996,1.3655806261424487e-05,-19.77800728888826,True,-408.6179222467424,-416.276109230404,-422.5208239452379,-428.37267187399436,355.2649323072133,3.3718030633067877
206,age_randomized,weak_monsoon_start,Weak monsoon starts,100,2.17114428410886,0.027194561087782444,0.013797240551889621,100,0,212.27823748212072,0.2031749149343062,4.128004605856256,0.015757841555369308,3175,99,10.734035832653035,0.004668031034046917,-6.717604551682143,0.07821181951764127,34.47094224417799,5.965501876786413e-07,-26.443146136075256,True,-419.70976319826974,-425.07678111459626,-436.94523432035874,-442.326363058028,222.72436189558107,2.7078735386055452
207,age_randomized,strong_monsoon_start,Strong monsoon starts,96,2.006037324312132,0.07698460307938412,0.04919016196760648,96,0,27.824308756551606,0.22014859001619935,4.652678561867581,0.00922704580651776,3175,95,14.716803972365597,0.0006372159262137123,-10.700372691394705,0.11174663215087813,27.294172579671113,1.733392728459375e-05,-19.26637647156838,True,-408.6595831002203,-416.0179850864031,-422.30666939005584,-428.3726718739957,7.3776241993465295,3.272347318688225
207,age_randomized,weak_monsoon_start,Weak monsoon starts,100,2.1615802683896312,0.030193961207758448,0.015996800639872025,100,0,220.63738436999668,0.20395100921259346,4.159601415883539,0.015259924348865679,3175,98,10.904498683256179,0.004286651694277851,-6.888067402285287,0.0802646233352751,36.304516909927656,2.50492260951005e-07,-28.276720801824922,True,-416.4686423386482,-421.92089168027627,-434.620900793612,-438.85335240031026,227.43595435851392,2.7178248932082
208,age_randomized,strong_monsoon_start,Strong monsoon starts,96,2.0206128999524795,0.0683863227354529,0.04239152169566087,96,0,20.04645888226279,0.25151668321092785,6.073021625608918,0.0021557238814385866,3175,95,22.365769830057616,1.3910245332835067e-05,-18.349338549086724,0.1698262379973059,37.958847493279336,1.142678234563994e-07,-29.931051385176602,True,-404.8570436401481,-416.0399285551769,-423.8364673867878,-428.3726718739938,0.5884711394074658,4.5534133666824275
208,age_randomized,weak_monsoon_start,Weak monsoon starts,100,2.182551007872922,0.02539492101579684,0.01199760047990402,100,0,229.35953364746695,0.22427686054643534,5.03001101765652,0.006288025748967595,3175,98,13.337561983543651,0.0012699458823126346,-9.32113070257276,0.09817364556738568,37.77795455778346,1.2451849147001076e-07,-29.750158449680725,True,-415.60536089641846,-422.2741418881903,-434.4943381753102,-438.8533524003084,235.41031271292516,3.0237578091543966
209,age_randomized,strong_monsoon_start,Strong monsoon starts,96,1.9929737916042156,0.08658268346330734,0.054989002199560086,96,0,14.363911197224356,0.27028500861404914,7.013182644623675,0.0008181806175115151,3175,94,26.494799506983327,1.7649296027681132e-06,-22.478368226012435,0.20331870137272445,40.55118125358172,3.3289287408012154e-08,-32.52338514547898,True,-398.7485106600085,-411.99591041350016,-419.02410128679935,-424.8582041313351,355.6985335545364,5.314608564243039
209,age_randomized,weak_monsoon_start,Weak monsoon starts,100,2.158501122561217,0.03099380123975205,0.016396720655868825,100,0,229.4349526265688,0.21117826771355944,4.459626075449978,0.011246838338287718,3175,98,12.459228884811637,0.001970211380177743,-8.442797603840745,0.09170850880315448,33.329427939182665,1.022617663993948e-06,-25.30163183107993,True,-418.82579295592336,-425.0554073983292,-435.4905069255147,-438.8533524003114,235.430237089429,2.9620759125158886
210,age_randomized,strong_monsoon_start,Strong monsoon starts,96,1.969126426675264,0.10457908418316336,0.06898620275944811,96,0,10.629634626726713,0.23924293331840552,5.494769389708323,0.003901909688231673,3175,95,19.96268569008896,4.62549142755266e-05,-15.946254409118069,0.1515793034100864,32.71334669632586,1.3672675692971995e-06,-24.685550588223123,True,-407.45598428849274,-417.4373271335372,-423.8126576366557,-428.37267187399516,350.295041889065,4.131841379142042
210,age_randomized,weak_monsoon_start,Weak monsoon starts,100,2.184046486119542,0.02519496100779844,0.011797640471905619,100,0,228.44835749222696,0.20540445052564482,4.2190988295742065,0.014364438801521414,3175,99,11.069913395250751,0.003946379519892144,-7.053482114279859,0.08065913716362913,30.91974582476678,3.1789886760215277e-06,-22.891949716664044,True,-422.7322974830813,-428.2672541807067,-438.1921703954647,-442.32636305802964,239.2732943369743,2.7398026225038605
211,age_randomized,strong_monsoon_start,Strong monsoon starts,96,1.955404124117717,0.11677664467106579,0.07618476304739052,96,0,20.889553089891137,0.21676457061176513,4.5107403909602795,0.010663401322161661,3175,95,15.492210175372975,0.0004324235165027669,-11.475778894402083,0.11763439364431648,27.96156811067749,1.2698638963428935e-05,-19.933772002574756,True,-409.41392925412026,-417.16003434180675,-423.394713309459,-428.37267187399596,0.6668724185047452,3.409919794627267
211,age_randomized,weak_monsoon_start,Weak monsoon starts,100,2.2192724726732345,0.019596080783843232,0.008398320335932814,100,0,225.1348009287253,0.2351282540491084,5.528529585218206,0.003777388682906052,3175,99,13.41871045902792,0.0012194501366331394,-9.402279178057029,0.0977732678503255,34.40175175446814,6.163775476160161e-07,-26.373955646365403,True,-419.4039407560022,-426.1132959855162,-436.6048166332363,-442.3263630580287,232.6899777878458,3.0518299551933334
212,age_randomized,strong_monsoon_start,Strong monsoon starts,96,1.980638303101715,0.09498100379924015,0.0623875224955009,96,0,24.057843929792295,0.21822587360417012,4.57176306338911,0.010020473970776381,3175,95,14.201989093926613,0.0008242847256002165,-10.185557812955722,0.10783757492930036,26.127968474549107,2.9818933402702137e-05,-18.100172366446373,True,-409.7680888953005,-416.8690834422638,-422.83207313257503,-428.37267187399357,3.804098499057698,3.205572052436328
212,age_randomized,weak_monsoon_start,Weak monsoon starts,100,2.2275214978852156,0.018196360727854428,0.007998400319936013,100,0,224.88126226823877,0.21508142052267146,4.6260017454050235,0.009494062251359372,3175,99,12.54600190823362,0.0018865586039821516,-8.529570627262729,0.09141441785854605,37.130926221632194,1.6928245512186925e-07,-29.10313011352946,True,-417.76082496811523,-424.03382592223204,-436.3262880789313,-442.3263630580272,233.97286435935888,2.9392538128809633
213,age_randomized,strong_monsoon_start,Strong monsoon starts,96,1.9787650505917587,0.09678064387122576,0.0627874425114977,96,0,16.735214380314257,0.23826871047517387,5.450109925584214,0.0040845499048283015,3175,95,18.97599480541453,7.575565955962813e-05,-14.959563524443638,0.14408722948266459,32.97442930963712,1.208966576783538e-06,-24.946633201534382,True,-404.9622387511316,-414.4502361538389,-421.4494534059502,-428.3726718739937,354.0998602298687,3.9098890628903975
213,age_randomized,weak_monsoon_start,Weak monsoon starts,100,2.1903126640434114,0.023195360927814438,0.010797840431913617,100,0,219.39040616462395,0.22858102503888936,5.224928500782936,0.0051528569614728405,3175,98,11.98569257930194,0.002496548029059294,-7.969261298331048,0.0882229553356049,33.342805733578075,1.0161849468891692e-06,-25.31500962547534,True,-416.97710793382123,-422.9699542234722,-433.64851080061027,-438.85335240030946,225.120013436144,2.844126093167042
214,age_randomized,strong_monsoon_start,Strong monsoon starts,96,2.0074032602048204,0.07638472305538892,0.04859028194361128,96,0,24.947280905200657,0.24543855917391044,5.783048287619053,0.002903463364562605,3175,95,18.158708872646685,0.00011399517485221083,-14.142277591675793,0.13788146968165155,33.01132557855124,1.188119951635381e-06,-24.983529470448502,True,-406.2670384760719,-415.34639291239523,-422.7727012653475,-428.372671873993,5.675875467109831,3.739427951697336
214,age_randomized,weak_monsoon_start,Weak monsoon starts,100,2.1958818661912702,0.022795440911817635,0.009998000399920015,100,0,226.81965632563882,0.25935279946867257,6.726387459223748,0.0011040324580458537,3175,98,16.63469939919628,0.00024424232271867094,-12.618268118225387,0.12244284862193414,34.8670096548924,4.946898164884131e-07,-26.839213546789665,True,-416.8529863124304,-425.17033601202854,-434.2864911398766,-438.8533524003104,230.72530640921562,3.5190437789609943
215,age_randomized,strong_monsoon_start,Strong monsoon starts,96,2.009330059490382,0.07578484303139373,0.046990601879624075,96,0,20.38038019141888,0.2351015610280781,5.306183423792557,0.004733008088952376,3175,95,18.165319292436152,0.00011361901885204453,-14.14888801146526,0.13793166347032762,32.839371261438714,1.2884318413629003e-06,-24.81157515333598,True,-405.3380712142491,-414.4207308604672,-421.75775684496847,-428.3726718739942,0.14478473489464633,3.7548508217361825
215,age_randomized,weak_monsoon_start,Weak monsoon starts,100,2.166535010552791,0.028994201159768047,0.015196960607878424,100,0,223.16305616373975,0.2517791803138845,6.339275563953158,0.0016443621557822867,3175,99,16.57963270759012,0.00025106056483018897,-12.56320142661923,0.12080481761111479,37.073358780029935,1.7396952496683383e-07,-29.0455626719272,True,-418.29345422470914,-426.5832705785042,-436.8301336147241,-442.32636305802816,229.42629401125242,3.521277621221031
216,age_randomized,strong_monsoon_start,Strong monsoon starts,96,2.0252358221797726,0.06598680263947211,0.03979204159168166,96,0,32.765977799315316,0.2271765057917217,4.954479819238671,0.0067810817623661845,3175,95,15.238848286744656,0.0004908243942276601,-11.222417005773764,0.11571058343234628,29.496192651962815,6.197423999472998e-06,-21.46839654386008,True,-407.83284202541574,-415.45226616878807,-422.58093835139715,-428.37267187399357,12.211709525962709,3.3354076862074162
216,age_randomized,weak_monsoon_start,Weak monsoon starts,100,2.1880294310258144,0.023795240951809637,0.011397720455908818,100,0,228.35707544198263,0.2281737560048591,5.206326292936497,0.005251748839937635,3175,98,12.685291052748312,0.0017596408973017963,-8.66885977177742,0.09337248211241392,34.089425751239446,7.143733234854671e-07,-26.061629643136712,True,-418.04733256930433,-424.3899780956785,-435.09204544492405,-438.8533524003102,233.29162198545245,2.955899463759825
217,age_randomized,strong_monsoon_start,Strong monsoon starts,96,1.9706815927539763,0.10397920415916817,0.0673865226954609,96,0,19.212805592687634,0.2104902822655671,4.2533912571108585,0.0138578133094587,3175,95,14.920819622585213,0.0005754203094203123,-10.904388341614322,0.11329574987106539,27.92287480044922,1.29299872741616e-05,-19.895078692346488,True,-408.569728117216,-416.0301379285086,-422.5311655174406,-428.3726718739948,357.770916390108,3.30819160329975
217,age_randomized,weak_monsoon_start,Weak monsoon starts,100,2.1945230353745258,0.022795440911817635,0.010397920415916816,100,0,223.78450440531282,0.2058333438396441,4.236736543620916,0.014109166164948967,3175,98,10.415962319857726,0.00547271107094394,-6.399531038886835,0.07666865910686248,33.98544600572575,7.503278411986514e-07,-25.957649897623014,True,-416.67692840167285,-421.8849095616017,-433.6696514045357,-438.8533524003101,235.24773642940042,2.645055655328078
218,age_randomized,strong_monsoon_start,Strong monsoon starts,96,1.9818590356078094,0.09398120375924815,0.0617876424715057,96,0,19.23337436965899,0.21100192654706704,4.274094048631092,0.013568939446850852,3175,95,13.251680808580204,0.0013256658674683309,-9.235249527609312,0.10062175887359005,24.524709827277775,6.268268220504894e-05,-16.49691371917504,True,-409.3431898936194,-415.9690302979095,-421.6055448072583,-428.3726718739934,1.1379676813361597,3.0890297111044225
218,age_randomized,weak_monsoon_start,Weak monsoon starts,100,2.1965242636257285,0.022795440911817635,0.009998000399920015,100,0,226.64105508508837,0.21729416068870677,4.721675226940952,0.008612160829850607,3175,99,12.320439243233409,0.0021117894261914057,-8.304007962262517,0.0897708919080132,37.425397173138435,1.472056040791393e-07,-29.3976010650357,True,-419.1688734614457,-425.3290930830624,-437.8815720480149,-442.32636305802725,234.43976427798756,2.8846048418018007
219,age_randomized,strong_monsoon_start,Strong monsoon starts,96,1.977297788972464,0.09758048390321936,0.0633873225354929,96,0,26.438429572759752,0.21716937230389474,4.527603481619294,0.010481739635093561,3175,95,15.715174017277377,0.0003868061059749188,-11.698742736306485,0.11932738748122718,29.563647285088564,6.0047197851924564e-06,-21.53585117698583,True,-407.6055332582772,-415.4631202669159,-422.3873569008215,-428.3726718739946,3.9912692079491476,3.3917044856519634
219,age_randomized,weak_monsoon_start,Weak monsoon starts,100,2.1973866161845024,0.022595480903819236,0.009998000399920015,100,0,225.08613902073424,0.2261592315615809,5.114799802052477,0.005766503763477818,3175,98,12.493674499549911,0.0019365693458242344,-8.47724321857902,0.09196205226011,33.03825046877603,1.1731336224245183e-06,-25.010454360673293,True,-417.5078087410349,-423.7546459908099,-434.02693397542293,-438.85335240030827,231.73260921717966,2.937535128548933
220,age_randomized,strong_monsoon_start,Strong monsoon starts,96,2.014219045143494,0.07238552289542091,0.04539092181563687,96,0,16.3398567094565,0.2321883228827423,5.175496059177656,0.005410031336154526,3175,95,16.731158198350386,0.00023274221292784392,-12.714726917379494,0.12704188926888857,27.610644713901365,1.4956932965449481e-05,-19.58284860579863,True,-409.4814992260623,-417.8470783252375,-423.28682158301297,-428.3726718739928,357.85333734942077,3.562825579127157
220,age_randomized,weak_monsoon_start,Weak monsoon starts,100,2.175521460023971,0.02659468106378724,0.012997400519896021,100,0,222.08578026117175,0.2308838577499916,5.330735576951835,0.004624601442720262,3175,98,13.218883903001029,0.0013475839568250017,-9.202452622030137,0.09730009312727822,34.44709865355844,6.033100157470774e-07,-26.419302545455707,True,-417.0748183627633,-423.68426031426384,-434.29836768954254,-438.85335240030804,229.1893894331177,3.0156754119948874
221,age_randomized,strong_monsoon_start,Strong monsoon starts,96,2.001289490785159,0.08018396320735853,0.04999000199960008,96,0,18.39957129563463,0.23988314978154965,5.524216852715269,0.003785948197053496,3175,94,18.900452721791908,7.867175504714279e-05,-14.884021440821016,0.14504036921428456,30.06687103850436,4.7433863500743754e-06,-22.039074930401625,True,-403.0054792447844,-412.45570560568035,-418.0389147640366,-424.858204131336,1.0770484966605207,3.89715152783391
221,age_randomized,weak_monsoon_start,Weak monsoon starts,100,2.1894291143637434,0.023395320935812838,0.011197760447910418,100,0,224.83035098000053,0.2307364719532331,5.323931948942513,0.004656886131546829,3175,98,13.965818054152237,0.0009276008585004858,-9.949386773181345,0.10279804310552544,37.092273507345794,1.7241541039382853e-07,-29.06447739924306,True,-415.4454908412511,-422.42839986832723,-433.991627594924,-438.8533524003111,229.40033156241458,3.1362374708176377
222,age_randomized,strong_monsoon_start,Strong monsoon starts,96,2.0227662643534434,0.06718656268746251,0.041191761647670466,96,0,22.356649040161727,0.24720725700565735,5.866697079961068,0.0026645989273449758,3175,95,17.046417055140182,0.00019880054395168,-13.02998577416929,0.1294356913177673,28.965153656596613,7.94584416742307e-06,-20.93735754849388,True,-408.5392950627287,-417.0625035902988,-423.021871891027,-428.3726718739938,5.499081848334907,3.609905917427905
222,age_randomized,weak_monsoon_start,Weak monsoon starts,100,2.182551007872922,0.02539492101579684,0.01199760047990402,100,0,225.5314900381952,0.22357591422080847,4.99861894196703,0.006492794495044221,3175,99,12.73493702771043,0.001716499023674495,-8.718505746739538,0.092791063110662,33.26246977604785,1.055429410825316e-06,-25.234673667945117,True,-421.26554204430505,-427.63301055816027,-437.896776932329,-442.3263630580269,233.52020744683318,2.9292292031257365
223,age_randomized,strong_monsoon_start,Strong monsoon starts,96,2.028179422634163,0.06418716256748651,0.038792241551689664,96,0,17.937559075515836,0.227879198601701,4.985177198913934,0.006571748396615531,3175,95,16.546493231130285,0.0002552552289402578,-12.530061950159393,0.1256397038350235,29.64077852461719,5.791671071915606e-06,-21.612982416514456,True,-407.05223256570275,-415.3254791812679,-421.87262182801135,-428.37267187399334,358.46395296095835,3.570924927175493
223,age_randomized,weak_monsoon_start,Weak monsoon starts,100,2.2018214679041765,0.022395520895820836,0.009598080383923215,100,0,227.00468589210823,0.2017013957944836,4.068345306544292,0.01674246494699051,3175,99,12.096357459342926,0.0023621602235209017,-8.079926178372034,0.08813815615865789,36.03690222276589,2.843552522429948e-07,-28.009106114663155,True,-421.44214355658085,-427.4903222862523,-439.4605946679638,-442.3263630580287,237.29223681583886,2.8427420828316174
224,age_randomized,strong_monsoon_start,Strong monsoon starts,96,2.025713453369664,0.0655868826234753,0.03939212157568486,96,0,25.883390889942,0.24851729654543495,5.929041281496159,0.0024993787409242343,3175,95,18.296368595951208,0.00010641284145468938,-14.279937314980316,0.13892673810344935,31.982524440657926,1.92889550618398e-06,-23.95472833255519,True,-407.4668633473707,-416.6150476453463,-423.45812556769965,-428.37267187399414,6.609765017656163,3.830981869107008
224,age_randomized,weak_monsoon_start,Weak monsoon starts,100,2.2096431329314963,0.021395720855828835,0.008798240351929614,100,0,233.6242438075095,0.19102745491780582,3.6491488532374334,0.02561803485084551,3175,99,9.984840224951654,0.006789213932817809,-5.968408943980762,0.07275292664952725,31.498290648814304,2.422287799106145e-06,-23.47049454071157,True,-421.915396713625,-426.9078168261008,-437.66454203803215,-442.32636305802845,243.04357932453686,2.5811465348177403
225,age_randomized,strong_monsoon_start,Strong monsoon starts,96,2.0066802334943494,0.07698460307938412,0.04899020195960808,96,0,18.00072328639546,0.2118900868224837,4.310151253789409,0.013080048267461054,3175,94,16.75584055413924,0.0002298875510510202,-12.739409273168349,0.12858280890097268,30.210934461859097,4.433556665386576e-06,-22.183138353756362,True,-403.5040189047628,-411.8819391818324,-418.60948613569235,-424.8582041313383,357.81836067369085,3.5997966767962297
225,age_randomized,weak_monsoon_start,Weak monsoon starts,100,2.199476875229531,0.022395520895820836,0.009598080383923215,100,0,220.23021833181332,0.2267881798356425,5.143287851316373,0.005601122317622842,3175,98,12.365126612782547,0.0020651275097938785,-8.348695331811655,0.0910158512460486,37.74977147117363,1.2619609576347786e-07,-29.721975363070896,True,-414.5013855068278,-420.68394881321905,-433.3762712424146,-438.8533524003073,228.78154343614426,2.915412377248072
226,age_randomized,strong_monsoon_start,Strong monsoon starts,96,2.0029001868131173,0.07938412317536493,0.049590081983603276,96,0,25.292964486321683,0.22530827915150206,4.8733267828042734,0.007366975722849603,3175,95,16.497506424493395,0.00026158449441633636,-12.481075143522503,0.1252677405560549,30.08219701525286,4.7094264884026495e-06,-22.054400907150125,True,-407.51333576472064,-415.76208897696733,-422.55443427234707,-428.37267187399596,4.4512169921724585,3.5496862113186864
226,age_randomized,weak_monsoon_start,Weak monsoon starts,100,2.190349470878829,0.023195360927814438,0.010797840431913617,100,0,229.61155177106005,0.2047007209203925,4.190238514532841,0.014792084534985633,3175,98,10.72365952192581,0.004692312437675854,-6.707228240954919,0.07893352251257184,30.48143283854904,3.905225729761446e-06,-22.453636730446306,True,-420.0403909706576,-425.4022207316205,-435.2811073899321,-439.5464995808699,236.62214863642745,2.698663755681374
227,age_randomized,strong_monsoon_start,Strong monsoon starts,96,2.001047774558565,0.08058388322335533,0.05038992201559688,96,0,23.755101855907153,0.1867625494946508,3.3485039897992213,0.03471943782711412,3175,95,11.509667539904967,0.0031674330898554667,-7.4932362589340755,0.0873944225373767,26.209034365093203,2.8716977231794354e-05,-18.18123825699047,True,-406.8656051655006,-412.6204389354531,-419.9701223480472,-428.372671873994,0.7037284097933384,2.8271179678926748
227,age_randomized,weak_monsoon_start,Weak monsoon starts,100,2.1902574526305374,0.023195360927814438,0.010797840431913617,100,0,222.24314836600666,0.19843533186007664,3.937658093041875,0.019118429153512844,3175,98,10.168449018324964,0.006193688376975197,-6.152017737354072,0.07484679067484527,33.730173578038034,8.464299092019217e-07,-25.7023774699353,True,-417.8143150358312,-422.8985395449937,-434.67940182485023,-438.85335240031014,235.17098906544837,2.636502865953488
228,age_randomized,strong_monsoon_start,Strong monsoon starts,96,1.9998387551898054,0.08118376324735053,0.05118976204759048,96,0,18.41740499733966,0.25233015052311314,6.112368466849626,0.0020702794736894457,3175,95,18.462606245556117,9.792554403700209e-05,-14.446174964585225,0.14018900248604957,29.96307886484192,4.979878017140779e-06,-21.935282756739184,True,-407.63627140087146,-416.8675745236495,-422.6178108332924,-428.3726718739962,1.8771838318595917,3.865520954943977
228,age_randomized,weak_monsoon_start,Weak monsoon starts,100,2.1846185587739493,0.02499500099980004,0.011597680463907219,100,0,228.53011341211499,0.21638779586564943,4.682367819959397,0.008964169318792256,3175,98,12.142809451125913,0.002307928925711218,-8.126378170155022,0.08937944376326015,37.75732557292872,1.2574423778992011e-07,-29.729529464825987,True,-414.90283885179514,-420.9742435773581,-433.7815016382595,-438.85335240030963,235.13367309554582,2.884629739205935
229,age_randomized,strong_monsoon_start,Strong monsoon starts,96,2.0328644546557704,0.0629874025194961,0.03659268146370726,96,0,20.61385805821409,0.2108068104394508,4.266193087454836,0.013678470930500822,3175,95,14.068232582438668,0.0008812966304786789,-10.051801301467776,0.10682194410924632,29.04162601186181,7.66664767296936e-06,-21.013829903759074,True,-406.24007931288656,-413.2741956041059,-420.76089231881747,-428.3726718739946,359.2300622889921,3.1940313893007017
229,age_randomized,weak_monsoon_start,Weak monsoon starts,100,2.1621769283883663,0.030193961207758448,0.015996800639872025,100,0,230.32720139408312,0.24769618659233356,6.135340085238412,0.002027681623688029,3175,98,16.338929747596353,0.00028316950733025734,-12.322498466625461,0.12026578020556339,38.893459833774045,7.32852150198152e-08,-30.86566372567131,True,-415.28261453420765,-423.45207940800583,-434.7293444510947,-438.85335240030946,235.25280382157737,3.495081964066125
230,age_randomized,strong_monsoon_start,Strong monsoon starts,96,2.0031416795118004,0.07918416316736653,0.049590081983603276,96,0,14.485149759991366,0.2286762366955455,5.020110838006766,0.0063413361576251,3175,95,17.516835078730196,0.00015713306884126963,-13.500403797759304,0.133007637369231,30.092741070845705,4.6862032437010715e-06,-22.06494496274297,True,-408.81011776894997,-417.56853530831506,-423.8564883043728,-428.3726718739922,354.68696409987854,3.7096592715118852
230,age_randomized,weak_monsoon_start,Weak monsoon starts,100,2.1806293838787774,0.02579484103179364,0.01199760047990402,100,0,219.36587765334284,0.24124163381701166,5.819752588670115,0.002803038778232273,3175,98,12.6908202508057,0.0017547829140682634,-8.674388969834808,0.09341318081964599,31.379675128013673,2.5611925735226386e-06,-23.35187901991094,True,-418.9135750532246,-425.2589851786274,-434.6034126172314,-438.85335240031054,228.54063134937226,2.9640296299183397
231,age_randomized,strong_monsoon_start,Strong monsoon starts,96,2.005474609709697,0.07758448310337933,0.04939012197560488,96,0,23.654304416273813,0.22136286138471292,4.7041455744410525,0.008755223509831924,3175,95,15.626077284724033,0.0004044272689869251,-11.609646003753141,0.11865086424852127,30.437947187367058,3.985723018037001e-06,-22.410151079264324,True,-407.6414510976712,-415.45448974003324,-422.86042469135475,-428.372671873993,2.0527549038658,3.3879094496471174
231,age_randomized,weak_monsoon_start,Weak monsoon starts,100,2.202480434897824,0.022195560887822437,0.009598080383923215,100,0,226.28685678781014,0.18314663140256598,3.354268859410737,0.034534233283767785,3175,99,8.10226554220094,0.017402650250718268,-4.085834261230048,0.059035850089388,30.091312960137543,4.68934196456459e-06,-22.06351685203481,True,-421.15344004501077,-425.20457281611124,-436.19909652507954,-442.32636305802714,237.8733798950509,2.3329279782497676
232,age_randomized,strong_monsoon_start,Strong monsoon starts,96,1.9970956015333816,0.08338332333533294,0.052589482103579284,96,0,23.829399040613495,0.2147595577980421,4.427680095898616,0.011604921681565124,3175,94,15.18597777991306,0.0005039724823191737,-11.169546498942168,0.11653582358580086,25.048180447477876,4.919996393297663e-05,-17.02038433937514,True,-407.5652302862114,-415.1582191761679,-420.0893205099503,-424.858204131341,5.799857828367297,3.375574463257231
232,age_randomized,weak_monsoon_start,Weak monsoon starts,100,2.207635537820743,0.021595680863827234,0.008998200359928014,100,0,221.42118524375252,0.2568012503489682,6.5946882180793445,0.0012643982847102032,3175,99,17.75383361805882,0.00013957383563369946,-13.737402337087929,0.12936044301788496,41.708484185463135,1.9171384813664673e-08,-33.6806880773604,True,-416.14082712982116,-425.0177439388506,-436.99506922255273,-442.32636305802714,228.11654712491782,3.6317025575277606
233,age_randomized,strong_monsoon_start,Strong monsoon starts,96,1.9740333030264698,0.10057988402319536,0.0657868426314737,96,0,25.80084727487781,0.19625665528364333,3.6976007753397893,0.024373657825650312,3175,95,12.687129425250305,0.0017580242027178514,-8.670698144279413,0.09633504581539505,28.078234207955802,1.2025724547319561e-05,-20.050438099853068,True,-407.59334658183866,-413.9369112944638,-421.63246368581656,-428.37267187399493,3.906345921910621,2.9696210048797633
233,age_randomized,weak_monsoon_start,Weak monsoon starts,100,2.1387273100165833,0.03679264147170566,0.020595880823835233,100,0,221.70650797163566,0.2123479100042711,4.509163488318203,0.0106937397445268,3175,99,12.388566945071148,0.0020410651551050402,-8.372135664100256,0.09026729341098524,31.56932334426631,2.342724010794894e-06,-23.541527236163574,True,-422.1164934556812,-428.3107769282168,-437.9011551278144,-442.3263630580289,229.2662441252845,2.876294519659865
234,age_randomized,strong_monsoon_start,Strong monsoon starts,96,2.0016117336808605,0.07978404319136173,0.04999000199960008,96,0,16.62507162111994,0.2717007533795661,7.086844741154286,0.0007582098204120258,3175,94,23.226333680754124,9.04619038892801e-06,-19.209902399783232,0.17823678946412916,34.626982086876865,5.541374702628071e-07,-26.59918597877413,True,-403.0745633362809,-414.68773017665796,-420.38805437971934,-424.8582041313377,0.4546433947772801,4.5981879114173
234,age_randomized,weak_monsoon_start,Weak monsoon starts,100,2.1983953226200916,0.022595480903819236,0.009998000399920015,100,0,235.90589196706603,0.22304527756537224,4.974919584421395,0.006651766446318171,3175,98,13.986614040198788,0.0009180056431876951,-9.970182759227896,0.10295111589093235,37.66165161403535,1.315882350950373e-07,-29.633855505932615,True,-415.66832689156905,-422.66163391166845,-434.4991526985867,-438.853352400311,242.88681222624047,3.145376684939949
235,age_randomized,strong_monsoon_start,Strong monsoon starts,96,1.9864098086158448,0.09018196360727855,0.05878824235152969,96,0,22.67372979812894,0.25140583064289523,6.067669601399436,0.002167613968583912,3175,95,19.160475204781505,6.908053207659072e-05,-15.144043923810614,0.1454880134684959,34.368456246378514,6.261514943016443e-07,-26.34066013827578,True,-406.7525047815483,-416.33274238393903,-423.93673290473754,-428.3726718739944,2.5458066200620992,3.944811842325701
235,age_randomized,weak_monsoon_start,Weak monsoon starts,100,2.1792055513172617,0.026394721055788842,0.012397520495900819,100,0,228.40064568899137,0.21823146108856623,4.76249706088504,0.008261142383442189,3175,98,13.535897765136951,0.0011500511232805874,-9.51946648416606,0.09963353357011777,36.51240910910201,2.269874218784629e-07,-28.484613000999275,True,-416.48537474761645,-423.2533236301849,-434.74157930216745,-438.8533524003092,236.10280979713124,3.0933655187663547
236,age_randomized,strong_monsoon_start,Strong monsoon starts,96,1.9972570678069634,0.08338332333533294,0.052389522095580884,96,0,29.468097261289508,0.1864369315980409,3.336838028514488,0.035131959166223824,3175,95,11.097204594357208,0.0038928945524192345,-7.080773313386317,0.08426253703162824,24.523419657719046,6.272008002305293e-05,-16.49562354961631,True,-410.4886013288924,-416.037203626071,-422.7503111577519,-428.37267187399664,8.10411351930496,2.7618732124592205
236,age_randomized,weak_monsoon_start,Weak monsoon starts,100,2.204712136091984,0.021995600879824034,0.009398120375924815,100,0,226.49464884515265,0.25095641212397285,6.297912078613731,0.0017157862269929515,3175,98,16.978082698277376,0.000205710370044071,-12.961651417306484,0.12497038628881368,41.570485238605556,2.0476052122636915e-08,-33.54268913050282,True,-413.15724946466895,-421.64629081380764,-433.94249208397173,-438.8533524003087,231.6541919955457,3.562776511463001
237,age_randomized,strong_monsoon_start,Strong monsoon starts,96,2.0037855177540624,0.07878424315136973,0.049590081983603276,96,0,24.892220585135643,0.1731070943697598,2.876742347629529,0.0559444263748718,3175,95,10.159807840714961,0.006220506651287163,-6.14337655974407,0.07714475993781202,24.83055166562292,5.4414397041202255e-05,-16.802755557520186,True,-409.09165978124406,-414.17156370160154,-421.5069356140555,-428.37267187399533,359.696756095868,2.6581041646415575
237,age_randomized,weak_monsoon_start,Weak monsoon starts,100,2.1904230826942115,0.023195360927814438,0.010797840431913617,100,0,230.1758545103542,0.24762145621314294,6.131638557711747,0.002035403807404065,3175,98,15.99683223975262,0.00033599438149689527,-11.980400958781729,0.11774770684808059,36.1957114439989,2.637459100718239e-07,-28.16791533589617,True,-415.8611077064932,-423.8595238263695,-433.95896342849267,-438.85335240031003,236.24706183394844,3.4348830159096426
238,age_randomized,strong_monsoon_start,Strong monsoon starts,96,2.006599881111452,0.07698460307938412,0.04899020195960808,96,0,18.312437465545486,0.22649972796111772,4.925004169580192,0.006988321610128842,3175,95,17.247291466473598,0.00017980354257855308,-13.230860185502706,0.13096095719709475,31.14292931335865,2.8625937541682473e-06,-23.115133205255916,True,-405.4797988610386,-414.1034445942754,-421.0512635177179,-428.372671873993,357.08823885234443,3.6639189450971656
238,age_randomized,weak_monsoon_start,Weak monsoon starts,100,2.155454980697787,0.03159368126374725,0.016396720655868825,100,0,222.7318566995491,0.22006379785735838,4.842807512740429,0.007611582576134922,3175,99,13.457702258195695,0.0011959061109350552,-9.441270977224804,0.09805737530130876,36.88688718229855,1.900585473430131e-07,-28.859091074195817,True,-419.15807469859016,-425.886925827688,-437.60151828973943,-442.32636305802623,230.0486145444524,3.076926477117514
239,age_randomized,strong_monsoon_start,Strong monsoon starts,96,1.997014863500904,0.08338332333533294,0.052789442111577684,96,0,29.707943634234066,0.2092151945640783,4.202015773102573,0.014601372127599203,3175,95,12.161849913289302,0.0022860611672400055,-8.14541863231841,0.09234652925230709,23.958953507779256,8.140227351834269e-05,-15.931157399676522,True,-410.5703606323786,-416.65128558902325,-422.5498373862682,-428.3726718739928,9.16676620558872,2.899336607257704
239,age_randomized,weak_monsoon_start,Weak monsoon starts,100,2.1985970083724125,0.022595480903819236,0.009998000399920015,100,0,218.59295423597473,0.2235920236027464,4.999339301877111,0.006488022076813366,3175,98,12.193252017348641,0.002250447916284154,-8.17682073637775,0.0897507358047869,33.43790341087197,9.716045849659096e-07,-25.410107302769234,True,-418.19326459142326,-424.2898906000976,-434.91221629685924,-438.85335240031094,227.803127747805,2.8941061743761383
240,age_randomized,strong_monsoon_start,Strong monsoon starts,96,2.0004030551621903,0.08078384323135374,0.05078984203159368,96,0,23.523499789500264,0.25627150400222737,6.30480804130211,0.0016985157398084912,3175,94,22.275433889720375,1.4552948412222621e-05,-18.259002608749483,0.1709396702465401,34.325044795336225,6.391273315039895e-07,-26.29724868723349,True,-400.92252292841295,-412.06023987327313,-418.08504532608106,-424.85820413133627,4.721540632814336,4.541373916262966
240,age_randomized,weak_monsoon_start,Weak monsoon starts,100,2.203834359380473,0.022195560887822437,0.009398120375924815,100,0,217.6675556092074,0.17429430771497295,3.037850570184168,0.04755632409941917,3175,98,7.011478969935524,0.030024562420289683,-2.9950476889646325,0.05160931601644509,31.46381583769653,2.461867453482358e-06,-23.436019729593795,True,-419.47610730234123,-422.981846787309,-435.2080152211895,-438.8533524003089,228.71880448568427,2.211421023287209
241,age_randomized,strong_monsoon_start,Strong monsoon starts,96,1.9986290044559132,0.08158368326334733,0.051789642071585686,96,0,10.741175468352985,0.20618689762125808,4.0812515280651995,0.016509173490135528,3175,95,14.693137988898343,0.0006448008848742741,-10.676706707927451,0.11156693321937303,27.475106052186106,1.5932425875179603e-05,-19.447309944083372,True,-409.2552683253669,-416.60183731981607,-422.99282135145995,-428.3726718739966,351.5028313973764,3.2884896284594376
241,age_randomized,weak_monsoon_start,Weak monsoon starts,100,2.1635001801866918,0.029994001199760048,0.015996800639872025,100,0,221.34178221278253,0.22907437739649722,5.247507037959283,0.005035312131951487,3175,99,14.456529814831583,0.0007257790651594387,-10.440098533860692,0.10533517107232812,38.82643891589589,7.56584462182155e-08,-30.798642807793158,True,-418.1933457290577,-425.4216106364735,-437.60656518700563,-442.32636305802663,225.95765255697384,3.17100875898166
242,age_randomized,strong_monsoon_start,Strong monsoon starts,96,2.0260318116072686,0.0655868826234753,0.03939212157568486,96,0,17.449647747512753,0.2658458478384698,6.784705422043666,0.0010358645047719294,3175,95,21.866192091413723,1.7857337929823083e-05,-17.84976081044283,0.16603287838635816,35.50978274058559,3.6497507301136114e-07,-27.481986632482858,True,-404.2614435678471,-415.19453961355396,-422.0163349381399,-428.3726718739924,359.8186495767754,4.416854503608657
242,age_randomized,weak_monsoon_start,Weak monsoon starts,100,2.1925567502786603,0.023195360927814438,0.010797840431913617,100,0,217.2578830789644,0.23852732879902838,5.68952865839998,0.0032032394299012705,3175,99,13.904924901623644,0.0009562774658181294,-9.888493620652753,0.1013159909065954,36.264976970594034,2.552300280984399e-07,-28.2371808624913,True,-419.05578334707855,-426.00824579789037,-437.18827183237556,-442.32636305802964,224.51193719327125,3.1049735945046804
243,age_randomized,strong_monsoon_start,Strong monsoon starts,96,2.0127776287138026,0.07318536292741452,0.046390721855628876,96,0,24.81401420804952,0.21175799714362117,4.304779138010677,0.013151761118729436,3175,95,14.0320272072928,0.000897395747030453,-10.015595926321907,0.10654703192410701,28.754755254716997,8.767313006475225e-06,-20.726959146614263,True,-406.75093872830206,-413.76695233194846,-421.12831635566056,-428.3726718739945,1.4183386933931545,3.182982899565823
243,age_randomized,weak_monsoon_start,Weak monsoon starts,100,2.198376986634182,0.022595480903819236,0.009998000399920015,100,0,214.20736600445966,0.22556513507669085,5.0879630162165785,0.005926739663921738,3175,98,11.028483983319006,0.004028980181854725,-7.0120527023481145,0.08117724056764129,30.620460529070897,3.658571709561571e-06,-22.592664420968163,True,-420.53135559198904,-426.04559758364854,-435.8415858565245,-438.8533524003109,222.54031166950347,2.733195062783069
244,age_randomized,strong_monsoon_start,Strong monsoon starts,96,1.9858415323036533,0.09038192361527694,0.0591881623675265,96,0,20.911732255113765,0.2245914614189588,4.842367156061152,0.007603528532950375,3175,95,15.300446087384216,0.0004759379622224838,-11.284014806413325,0.1161783036508324,26.316746274833804,2.731520783896989e-05,-18.28895016673107,True,-409.6425100833012,-417.2927331269933,-422.8008832207181,-428.37267187399755,2.021487988544753,3.384902816359155
244,age_randomized,weak_monsoon_start,Weak monsoon starts,100,2.2012721780530375,0.022395520895820836,0.009598080383923215,100,0,227.3955378283562,0.2044865673058739,4.18147562085397,0.014924420621552522,3175,98,9.574391344401533,0.008335800953454165,-5.557960063430642,0.07047411689846075,27.422187562442787,1.633024099849515e-05,-19.394391454340052,True,-420.25010346640136,-425.0372991386021,-433.96119724762275,-438.85335240031134,237.44722084471832,2.547162424075796
245,age_randomized,strong_monsoon_start,Strong monsoon starts,96,2.001289490785159,0.08018396320735853,0.04999000199960008,96,0,18.403638181083444,0.22848367716465434,5.011659910145471,0.006396328341366136,3175,95,17.992564812180603,0.00012386944547338632,-13.976133531209712,0.13661991593371695,31.565644625747154,2.34677988557678e-06,-23.53784851764442,True,-406.5577829636071,-415.5540653696974,-422.3406052764807,-428.37267187399357,357.3048676214312,3.8134247724595673
245,age_randomized,weak_monsoon_start,Weak monsoon starts,100,2.1869975121954117,0.02419516096780644,0.011397720455908818,100,0,212.56795605148037,0.23463427394296574,5.505324250874269,0.003868182020065087,3175,99,13.460149589774574,0.001194443616524401,-9.443718308803682,0.09807520738783532,34.51081076212836,5.854153980153177e-07,-26.483014654025624,True,-422.2065152073587,-428.93659000224596,-439.46192058842286,-442.32636305802686,220.65482490392043,3.0259108919804425
246,age_randomized,strong_monsoon_start,Strong monsoon starts,96,2.0088485329284915,0.07578484303139373,0.047590481903619274,96,0,20.699077179387707,0.22031848728724102,4.6598626406916654,0.009159697607930818,3175,95,15.676740417158499,0.00039431116220011104,-11.660309136187607,0.11903555609020076,29.760580992960058,5.475583308348316e-06,-21.732784884857324,True,-408.00032817297335,-415.8386983815526,-422.8806186694534,-428.37267187399635,359.3398240930363,3.4418939131418496
246,age_randomized,weak_monsoon_start,Weak monsoon starts,100,2.2013820469879897,0.022395520895820836,0.009598080383923215,100,0,218.70205659736808,0.2171958307975725,4.717402891584774,0.00864974473806333,3175,99,10.892624118237904,0.004312178461230876,-6.876192837267013,0.07936734746287548,30.726707822570916,3.480587020611836e-06,-22.69891171446818,True,-422.6440723974996,-428.09038445661855,-438.00742630878506,-442.3263630580267,226.04201933008753,2.7008683474738535
247,age_randomized,strong_monsoon_start,Strong monsoon starts,96,2.003302658471317,0.07898420315936813,0.049590081983603276,96,0,13.94228114100362,0.19932449258462814,3.8141043210354706,0.02165599682470647,3175,95,15.139648312358077,0.0005157831379163624,-11.123217031387185,0.11495734495285242,28.356054457909522,1.0562733869874698e-05,-20.328258349806788,True,-407.93401349596104,-415.5038376521401,-422.1120407249158,-428.3726718739928,350.92872464774763,3.373180931822006
247,age_randomized,weak_monsoon_start,Weak monsoon starts,100,2.1724435190071945,0.026994601079784044,0.013797240551889621,100,0,224.57606642777463,0.24317333510229713,5.913327090477409,0.002546572024032693,3175,98,14.268155047469577,0.0007974610826070629,-10.251723766498685,0.10502345168173056,33.069041662036966,1.156226035681654e-06,-25.041245553934232,True,-417.4762097374181,-424.6102872611529,-434.0107305684366,-438.8533524003104,232.31222754349463,3.181714290598092
248,age_randomized,strong_monsoon_start,Strong monsoon starts,96,1.9887623663369494,0.08918216356728655,0.05718856228754249,96,0,13.745691432219651,0.2167795443053715,4.511363599607474,0.010656632262608023,3175,94,15.799435438980254,0.00037084820890695766,-11.783004158009362,0.12124344232267105,27.10075955099137,1.896789621480423e-05,-19.072963442888636,True,-405.1089027954325,-413.00862051492265,-418.6592825709282,-424.85820413133735,358.37088883489207,3.4457973008582155
248,age_randomized,weak_monsoon_start,Weak monsoon starts,100,2.2129425753928764,0.020795840831833633,0.008598280343931213,100,0,226.9065173392244,0.22769631334813376,5.184561111233151,0.005369854780253675,3175,99,13.01186341311734,0.001494547629998142,-8.995432132146448,0.09480884251933801,33.79188544203669,8.221288539920276e-07,-25.764089333933953,True,-419.615246290229,-426.12117799678765,-436.5111890112473,-442.3263630580291,234.90291370604288,3.012827377458851
249,age_randomized,strong_monsoon_start,Strong monsoon starts,96,1.9894108581994074,0.08918216356728655,0.05698860227954409,96,0,15.077906837342955,0.21927072357374303,4.615646420789071,0.009582100924049977,3175,95,15.478282743704654,0.0004354453002018418,-11.461851462733762,0.11752864082010486,28.216009900717268,1.1276606291509983e-05,-20.188213792614533,True,-409.17954271905637,-416.9186840909087,-423.287547669415,-429.0658190545562,354.8068240657248,3.3946939447732865
249,age_randomized,weak_monsoon_start,Weak monsoon starts,100,2.2178189230765146,0.01979604079184163,0.008398320335932814,100,0,227.22492329822938,0.218895884453199,4.791540823054825,0.008020102763591594,3175,98,11.066491147437546,0.003953138044920984,-7.050059866466654,0.08145699948188653,29.02643853621555,7.72130820520741e-06,-20.998642428112817,True,-419.6313831148483,-425.16462868856706,-434.14460238295607,-438.85335240030906,236.30521462203322,2.7471096933841475
250,age_randomized,strong_monsoon_start,Strong monsoon starts,96,2.005394209019717,0.07758448310337933,0.04939012197560488,96,0,19.313237005039113,0.23647238233875875,5.368242010460937,0.004441716309359572,3175,95,17.594982936088172,0.00015111166848944815,-13.57855165511728,0.13360102434958074,29.746826200855367,5.510983137687958e-06,-21.719030092752632,True,-408.35385969055335,-417.15135115859744,-423.22727279098103,-428.37267187399493,0.03289674687341309,3.7153206436831177
250,age_randomized,weak_monsoon_start,Weak monsoon starts,100,2.1934757944750793,0.02299540091981604,0.010397920415916816,100,0,221.30125602550874,0.2437054983121069,5.939236990755234,0.002479781322466174,3175,98,13.864038731208552,0.0009760279198035145,-9.84760745023766,0.10204887716432191,32.28004883076221,1.6768255966734243e-06,-24.252252722659478,True,-418.9955740047761,-425.92759337038035,-435.1355984201572,-439.546499580869,228.20322247923153,3.12119337456412
251,age_randomized,strong_monsoon_start,Strong monsoon starts,96,2.0310393715368167,0.0635872825434913,0.03739252149570086,96,0,20.570402065001325,0.24005109759703594,5.531954827924,0.0037560496748037047,3175,94,18.796419827677028,8.287228138157695e-05,-14.779988546706136,0.14424203016945017,33.30055931938955,1.0366377323998347e-06,-25.272763211286815,True,-399.513731600111,-408.9119415139495,-416.16401125980576,-424.8582041313382,2.6201483548022386,3.847904219680213
251,age_randomized,weak_monsoon_start,Weak monsoon starts,100,2.1533219894229045,0.03219356128774245,0.016796640671865627,100,0,223.47433575596375,0.2308509936141041,5.329218125261914,0.004631782732351778,3175,99,14.875086863548063,0.0005887296772068628,-10.858655582577171,0.1083849194486533,36.36586114005729,2.433148096173416e-07,-28.338065031954557,True,-421.5563904644551,-428.9939338962291,-439.73932103448374,-442.326363058027,232.19946353000432,3.2642504747974983
252,age_randomized,strong_monsoon_start,Strong monsoon starts,96,1.9852730933246958,0.09058188362327535,0.0593881223755249,96,0,15.025074839771175,0.22233477510795263,4.745544213341172,0.008393180288456094,3175,95,15.129698893276668,0.0005183554020421256,-11.113267612305776,0.11488179770249204,26.490634514834028,2.5194394763141263e-05,-18.462838406731294,True,-409.7712068067465,-417.3360562533848,-423.0165240641635,-428.37267187399345,358.05623244074906,3.3536217277003693
252,age_randomized,weak_monsoon_start,Weak monsoon starts,100,2.1715341361986256,0.026994601079784044,0.013797240551889621,100,0,230.5819109624739,0.25157849326683346,6.329173827441016,0.001661527453444475,3175,98,17.541287261838306,0.00015522364175524163,-13.524855980867414,0.12911595991562688,39.69890489248132,4.995592301954627e-08,-31.67110878437859,True,-416.1726683406772,-424.94331197159636,-436.02212078691787,-438.85335240030815,237.0190380212729,3.6227771122238717
253,age_randomized,strong_monsoon_start,Strong monsoon starts,96,1.9883569515194996,0.08938212357528494,0.05718856228754249,96,0,15.03891205560045,0.22103371317088735,4.69016662637857,0.008880948248855127,3175,95,15.734486088914991,0.0003830890671716493,-11.7180548079441,0.11947402658638968,28.217480106771063,1.1268868147444022e-05,-20.18968399866833,True,-409.80761803235293,-417.67486107681043,-423.91635808573847,-428.37267187399453,356.0473528917845,3.4181422623446704
253,age_randomized,weak_monsoon_start,Weak monsoon starts,100,2.186628851736548,0.02459508098380324,0.011597680463907219,100,0,233.7917279004998,0.21114470619094128,4.458208695245892,0.011263075697664021,3175,99,13.445463328048163,0.0012032468544161904,-9.429032047077271,0.09796819831227022,34.89729398020586,4.876558251862673e-07,-26.869497872103125,True,-421.4372530760817,-428.15998474010576,-438.8859000661846,-442.3263630580305,241.37875366147995,3.0266842899226147
254,age_randomized,strong_monsoon_start,Strong monsoon starts,96,2.0426759390412577,0.05818836232753449,0.03279344131173765,96,0,19.989896953192066,0.26663239115896314,6.824911873454047,0.0009937637631063567,3175,95,22.186341983265038,1.5215879193484577e-05,-18.169910702294146,0.16846381870906885,37.428551504665506,1.469853784343996e-07,-29.400755396562772,True,-403.5782370048332,-414.67140799646575,-422.292512757166,-429.0658190545559,0.10772227976485449,4.45584973216734
254,age_randomized,weak_monsoon_start,Weak monsoon starts,100,2.2060829630058394,0.021795640871825634,0.009398120375924815,100,0,224.1830784161802,0.19017867084930276,3.616792684600744,0.026472042298054606,3175,98,8.766819109102585,0.012482725448945464,-4.750387828131693,0.06452982884220868,32.420981756346464,1.569157439322645e-06,-24.39318564824373,True,-416.345489119301,-420.7288986738523,-432.55597999747425,-438.8533524003095,231.17712332955276,2.436026584862713
255,age_randomized,strong_monsoon_start,Strong monsoon starts,96,2.0169389100599697,0.06978604279144171,0.04379124175164967,96,0,22.94914058835929,0.20706282813414975,4.116001420311594,0.015936125538411613,3175,95,13.560438944381872,0.0011360255449423934,-9.54400766341098,0.10296620009124892,26.219980227560768,2.8571322625974552e-05,-18.192184119458034,True,-408.4617160111809,-415.24193548337183,-421.5717061249613,-428.37267187399544,2.5562072604249804,3.097214221774438
255,age_randomized,weak_monsoon_start,Weak monsoon starts,100,2.163910037658751,0.02979404119176165,0.015996800639872025,100,0,224.49848442840477,0.2503577246865731,6.267899031023792,0.0017695351553957002,3175,99,17.97518302325716,0.00012495067336420326,-13.958751742286267,0.13097326973093226,41.17721695404407,2.4700491696455593e-08,-33.149420845941336,True,-418.0787094494292,-427.0663009610578,-438.66731792645123,-442.32636305802595,229.98063818760252,3.6905540957822724
256,age_randomized,strong_monsoon_start,Strong monsoon starts,96,2.008607726358638,0.07578484303139373,0.047590481903619274,96,0,14.10969123417347,0.24609083491241437,5.813827106677362,0.0028131923476399736,3175,94,20.3243510458409,3.860319461310831e-05,-16.307919764870007,0.15596723650596322,32.123378443078764,1.8051738268094016e-06,-24.09558233497603,True,-403.12667617509476,-413.2888516980152,-419.18836539663414,-424.8582041313389,357.1878813260615,4.098112876723634
256,age_randomized,weak_monsoon_start,Weak monsoon starts,100,2.174798720795902,0.02659468106378724,0.013197360527894421,100,0,218.2346506778164,0.24218707706621434,5.865458029787645,0.0026747113071024214,3175,99,16.11685786774467,0.00031642353730142436,-12.100426586773779,0.11743288343690661,39.81143480649007,4.735020339677619e-08,-31.783638698387335,True,-418.3373327686411,-426.3957617025134,-438.2430501718861,-442.3263630580278,225.0313106886277,3.417190211673245
257,age_randomized,strong_monsoon_start,Strong monsoon starts,96,1.9979028024076722,0.08258348330333934,0.052189562087582485,96,0,23.239223983765587,0.26267546329501745,6.623846305656198,0.0012228022076483619,3175,95,19.684363805901057,5.316119192269021e-05,-15.667932524930166,0.14946596866225084,33.02234840759502,1.1819617490572312e-06,-24.994552299492284,True,-407.63638055878937,-417.4785624617399,-424.1475547625869,-428.3726718739932,4.824922869438457,4.027892866242152
257,age_randomized,weak_monsoon_start,Weak monsoon starts,100,2.1884715330014735,0.023795240951809637,0.011397720455908818,100,0,225.4446751830088,0.22042347482632751,4.858650825451264,0.007489572781957237,3175,99,14.295213261808271,0.0007867448004773972,-10.27878198083738,0.10415976404677241,40.61506572971473,3.229116417687455e-08,-32.587269621611995,True,-417.51369695138993,-424.66130358229407,-437.8212298162473,-443.0195102385893,230.1456406520722,3.157093383212731
258,age_randomized,strong_monsoon_start,Strong monsoon starts,96,2.0156594308034226,0.07078584283143372,0.04499100179964007,96,0,22.739930439873966,0.23862746457757386,5.466534417669242,0.004016412017194247,3175,95,18.443167278105534,9.888197022361476e-05,-14.426735997134642,0.14004139984425504,31.356169216132002,2.589646833221915e-06,-23.328373108029268,True,-407.09953646850863,-416.3211201075614,-422.77762107657463,-429.0658190545537,2.7537876800554417,3.812395220455113
258,age_randomized,weak_monsoon_start,Weak monsoon starts,100,2.1901654305161644,0.023195360927814438,0.010797840431913617,100,0,218.85185475396233,0.20543847895248935,4.220496863431241,0.014344038315073524,3175,99,9.848235548286198,0.007269136471933391,-5.831804267315306,0.07175757872231768,29.277843689457427,6.864419732923415e-06,-21.250047581354693,True,-423.5037056144261,-428.4278233885692,-438.1426274591548,-442.3263630580273,230.0012020637913,2.5762501076987863
259,age_randomized,strong_monsoon_start,Strong monsoon starts,96,2.0028196827761544,0.07938412317536493,0.049590081983603276,96,0,21.63220685608065,0.21355195393984963,4.378025955026655,0.012206793511847152,3175,95,14.624321039332926,0.0006673736195211979,-10.607889758362035,0.11104439705165128,28.234443243480428,1.1179967211204683e-05,-20.206647135377693,True,-408.24045974629973,-415.5526202659662,-422.35768136803995,-428.3726718739913,358.96445608083155,3.2471953504244273
259,age_randomized,weak_monsoon_start,Weak monsoon starts,100,2.175929053171835,0.02659468106378724,0.012997400519896021,100,0,233.88714524297941,0.23184497084295874,5.375209050517239,0.004418981195890459,3175,99,15.270933219176527,0.00048301318353134016,-11.254501938205635,0.11126919002551773,38.384606437651996,9.334143563857853e-08,-30.356810329549262,True,-418.614851201303,-426.25031781089126,-437.807154420129,-442.3263630580263,238.60702638817907,3.28438423052314
260,age_randomized,strong_monsoon_start,Strong monsoon starts,96,2.0141389935151754,0.07238552289542091,0.04539092181563687,96,0,19.594606977177737,0.23571985901787962,5.334129785799268,0.004599553081472226,3175,95,16.649688093838222,0.00024241872778385653,-12.63325681286733,0.12642327602804432,28.576344825336037,9.52974185630075e-06,-20.548548717233302,True,-407.75576618119146,-416.0806102281106,-422.0439385938595,-428.37267187399215,0.6815831123705721,3.5743468590889838
260,age_randomized,weak_monsoon_start,Weak monsoon starts,100,2.205315404913762,0.021795640871825634,0.009398120375924815,100,0,229.90164503223696,0.19553560685533383,3.823417354828367,0.02146842056559415,3175,99,9.695799819610329,0.00784483512330467,-5.679368538639437,0.07064688038991883,30.928584184509646,3.165820886888347e-06,-22.90078807640691,True,-421.7177018040755,-426.56560171388065,-437.1819938963303,-442.3263630580263,239.9578949390172,2.5446039558493925
261,age_randomized,strong_monsoon_start,Strong monsoon starts,96,1.987059068253583,0.08998200359928014,0.05838832233553289,96,0,13.325364565062387,0.19064549618589754,3.489187700732839,0.030108334709664696,3175,95,12.868040122908724,0.001605981694921469,-8.851608841937832,0.0977087245856875,25.54845122993231,3.9020380234682996e-05,-17.520655121829577,True,-410.07052341949816,-416.5045434809525,-422.8447490344643,-428.3726718739919,350.99564081387183,3.0145550694359184
261,age_randomized,weak_monsoon_start,Weak monsoon starts,100,2.2033953398932455,0.022195560887822437,0.009598080383923215,100,0,217.24308399221883,0.20051246784511537,4.020524976133842,0.017575699414701287,3175,98,10.987647022183182,0.004112091450818265,-6.971215741212291,0.08087665239766359,38.824177723102935,7.573983863694465e-08,-30.7963816150002,True,-415.5428234607389,-421.03664697183046,-434.95491232229034,-438.85335240030906,227.0709345817459,2.7357194531432243
262,age_randomized,strong_monsoon_start,Strong monsoon starts,96,2.0068409286084004,0.07698460307938412,0.04899020195960808,96,0,5.772005936552578,0.21832236631911103,4.575806940976906,0.009979256864920414,3175,95,17.881228094529433,0.00013096059948867152,-13.864796813558542,0.13577452156306327,30.68559375595669,3.548414636005415e-06,-22.657797647853954,True,-407.43816237345686,-416.3787764207216,-422.7809592514352,-428.37267187399414,345.8287090464526,3.789307079755606
262,age_randomized,weak_monsoon_start,Weak monsoon starts,100,2.197515022718288,0.022595480903819236,0.009998000399920015,100,0,215.09469992945426,0.21542681653352458,4.640871328176885,0.009351321562653492,3175,99,11.964841711132863,0.0025227117731930976,-7.948410430161971,0.08717988788723638,37.87216128284422,1.1907057483243965e-07,-29.844365174741483,True,-418.36182225213463,-424.34424310770106,-437.29790289355674,-442.3263630580305,222.60611166452853,2.829525140348446
263,age_randomized,strong_monsoon_start,Strong monsoon starts,96,1.9935400348035146,0.08638272345530894,0.05458908218356329,96,0,22.6057577247315,0.2187972609687693,4.595735175113831,0.00977858896293781,3175,95,14.396455775246181,0.0007479100153033278,-10.38002449427529,0.10931418607013128,26.681414631983216,2.305552416033796e-05,-18.653618523880482,True,-410.8709730521026,-418.0692009397257,-424.2116803680942,-428.37267187399556,2.802555253305566,3.223721904865823
263,age_randomized,weak_monsoon_start,Weak monsoon starts,100,2.2050229315515453,0.021795640871825634,0.009398120375924815,100,0,227.57842148081983,0.2404496525983722,5.781603543467788,0.002914826523943962,3175,98,14.332982388819232,0.0007720268765128989,-10.31655110784834,0.10550062557907325,33.29107358517376,1.0412861625519494e-06,-25.26327747707103,True,-417.5696563667047,-424.7361475611143,-434.2151931592916,-438.8533524003109,233.00635536795403,3.178898692093968
264,age_randomized,strong_monsoon_start,Strong monsoon starts,96,1.997418521028019,0.08298340331933614,0.052389522095580884,96,0,21.125816015983073,0.24445768121109293,5.736917558698017,0.0030441820803151463,3175,95,17.384241275257637,0.0001679035857529932,-13.367809994286745,0.1320008351443759,30.182495808906197,4.493078804253246e-06,-22.154699700803462,True,-407.0238671953649,-415.71598783299373,-422.115115099818,-428.3726718739953,2.694303871837025,3.727752483240278
264,age_randomized,weak_monsoon_start,Weak monsoon starts,100,2.2122320617279545,0.020795840831833633,0.008598280343931213,100,0,224.1107971451778,0.18339082872808274,3.363219606157298,0.034222813240777986,3175,98,8.313734736005244,0.01565652731682733,-4.297303455034353,0.06119481568827083,30.852715377959612,3.280645132673515e-06,-22.824919269856878,True,-420.13314995986457,-424.2900173278672,-435.5595076488444,-438.85335240031134,236.57610878433087,2.388081251422294
265,age_randomized,strong_monsoon_start,Strong monsoon starts,96,1.9949953507545848,0.08498300339932013,0.05378924215156969,96,0,11.53194969166707,0.22133206793775614,4.702836892569936,0.008766918115241414,3175,95,15.266664279645056,0.0004840452616459628,-11.250232998674164,0.11592179393242423,27.80637869051486,1.3652142278139788e-05,-19.778582582412128,True,-409.037175048461,-416.6705071882835,-422.9403643937184,-428.372671873995,355.03356010047554,3.38012723827352
265,age_randomized,weak_monsoon_start,Weak monsoon starts,100,2.198285304410515,0.022595480903819236,0.009998000399920015,100,0,229.34494090359743,0.20009411359045384,4.003765429354945,0.017877380972475303,3175,99,11.083971543957773,0.003918737387931585,-7.067540262986881,0.08076156959506195,33.285102969407035,1.0442226733527895e-06,-25.2573068613043,True,-422.11957108181,-427.6615568537889,-438.76212256651354,-442.32636305802504,239.34596936399055,2.721469615720983
266,age_randomized,strong_monsoon_start,Strong monsoon starts,96,2.0040269037670755,0.07838432313537293,0.049590081983603276,96,0,25.43312286509897,0.23961397042841381,5.511826063149002,0.0038343183364409838,3175,95,17.56138262133436,0.00015367181350569236,-13.544951340363468,0.13334589273133002,31.482810819712427,2.4399807863658766e-06,-23.455014711609692,True,-406.6385111473592,-415.4192024580264,-422.37991655721544,-428.3726718739915,5.246911525097245,3.6776085058574624
266,age_randomized,weak_monsoon_start,Weak monsoon starts,100,2.175817898976523,0.02659468106378724,0.012997400519896021,100,0,227.37901684601644,0.20902497772034326,4.369144131099,0.012331574037403122,3175,99,12.163462770708747,0.002284218365026736,-8.147031489737856,0.08862710817848,34.05411294416808,7.263871459059135e-07,-26.026316836065348,True,-421.35410018332004,-427.4358315686744,-438.3811566554041,-442.32636305803055,231.90975080533156,2.891028000549162
267,age_randomized,strong_monsoon_start,Strong monsoon starts,96,2.021649991348689,0.06798640271945611,0.041991601679664065,96,0,25.76318309073867,0.19948709026604292,3.8203295215499864,0.02151958309310833,3175,95,12.491986068984374,0.0019382049175523063,-8.475554788013483,0.09485329659251461,26.419849966512515,2.603719877558269e-05,-18.39205385840978,True,-407.867559202957,-414.1135522374492,-421.07748418621327,-428.3726718739927,4.5407073017388155,2.993104566745772
267,age_randomized,weak_monsoon_start,Weak monsoon starts,100,2.1978451765000555,0.022595480903819236,0.009998000399920015,100,0,221.58409610343597,0.21249266224965283,4.515313150994503,0.010626993244559183,3175,99,12.05702298140693,0.002409077244970473,-8.040591700436039,0.08785155183414163,33.884382963777625,7.870008751377805e-07,-25.85658685567489,True,-422.26544293630707,-428.29395442701053,-439.2076344181959,-442.32636305802953,230.77707810704425,2.846799304697827
268,age_randomized,strong_monsoon_start,Strong monsoon starts,96,2.003544102658981,0.07878424315136973,0.049590081983603276,96,0,30.48903769378629,0.21243243977753226,4.332243981104147,0.012789196472846551,3175,95,14.93632233962012,0.0005709772623752012,-10.919891058649227,0.11341346404467888,30.828108860658062,3.31876947090067e-06,-22.800312752555328,True,-406.5814481398057,-414.04960930961573,-421.9955025701347,-429.06581905455346,7.588719994603338,3.2935678653961156
268,age_randomized,weak_monsoon_start,Weak monsoon starts,100,2.195294366891168,0.022795440911817635,0.009998000399920015,100,0,221.69384201354663,0.24473723255311858,5.989631299775924,0.002354825307665889,3175,98,14.549066161910673,0.000692963603084422,-10.532634880939781,0.10709115102731608,36.77221591575358,2.0068060291712554e-07,-28.744419807650843,True,-414.9850483474857,-422.25958142844104,-433.3711563053625,-438.8533524003088,227.0654582775263,3.201990411056884
269,age_randomized,strong_monsoon_start,Strong monsoon starts,96,2.018137685149498,0.06938612277544491,0.04299140171965607,96,0,17.592678452881223,0.234604592475966,5.283774221838151,0.004842797536993087,3175,95,19.498803661995908,5.8329544222871836e-05,-15.482372381025016,0.14805698603383716,33.71567202133815,8.522434541915462e-07,-25.687875913235416,True,-405.43560243435786,-415.1850042653558,-422.29343844502694,-428.3726718739927,356.3351520196594,4.03275851216279
269,age_randomized,weak_monsoon_start,Weak monsoon starts,100,2.2226301652908327,0.019396120775844832,0.007998400319936013,100,0,230.20355955141596,0.2203830989818505,4.856871031684411,0.007503181431243573,3175,98,11.613016137579507,0.003007915187942891,-7.596584856608615,0.0854797999563748,28.56949399120765,9.56029864032678e-06,-20.541697883104916,True,-420.68888159096593,-426.4953896597557,-434.97362858656976,-438.85335240030946,239.30688894019318,2.8050935874494147
270,age_randomized,strong_monsoon_start,Strong monsoon starts,96,2.001289490785159,0.08018396320735853,0.04999000199960008,96,0,14.454612909525087,0.24800433259950974,5.904590302860312,0.002562926250862153,3175,95,19.508933813448266,5.803484762463889e-05,-15.492502532477374,0.1481339056089096,31.982402074199854,1.929006579734017e-06,-23.95460596609712,True,-404.2283350637749,-413.98280197049905,-420.21953610087485,-428.37267187399334,355.87146455774683,3.9903982306936703
270,age_randomized,weak_monsoon_start,Weak monsoon starts,100,2.197441648474906,0.022595480903819236,0.009998000399920015,100,0,228.43147864491854,0.1974533143959901,3.898781136596171,0.019887917642604225,3175,99,10.242889478271877,0.005967395334639987,-6.226458197300985,0.07463316088220495,32.43978083506818,1.5553261645143214e-06,-24.411984726965443,True,-422.6747337178315,-427.7961784569674,-438.8946241353656,-442.3263630580292,237.39108999983398,2.6092478309446885
271,age_randomized,strong_monsoon_start,Strong monsoon starts,96,1.9835667989885446,0.09318136372725455,0.060387922415516895,96,0,19.419804204369584,0.2241528894053124,4.82347371156002,0.0077515836251772895,3175,94,16.732103231396877,0.00023263226436488077,-12.715671950425985,0.1284006508275451,29.291311296178833,6.821287206166098e-06,-21.2635151880761,True,-401.9357192286475,-410.3017708443459,-416.5813748767369,-424.85820413133786,1.8090544417033922,3.5172684736083535
271,age_randomized,weak_monsoon_start,Weak monsoon starts,100,2.196909611921684,0.022795440911817635,0.009998000399920015,100,0,217.0023204164912,0.2251719102355122,5.070238915910956,0.006034986863945694,3175,98,12.412855209492136,0.0020164280906836848,-8.396423928521244,0.09136716660207672,34.96136309226404,4.7310163404892914e-07,-26.933566984161303,True,-417.6122896043513,-423.8187172090974,-435.0929711504833,-438.8533524003094,223.80557530415916,2.9097480616781084
272,age_randomized,strong_monsoon_start,Strong monsoon starts,96,2.0037855177540624,0.07878424315136973,0.049590081983603276,96,0,17.768476668829393,0.22630280870265163,4.916444277764058,0.0070496770186151275,3175,95,15.993940870160714,0.00033648047474990264,-11.977509589189822,0.12144410093501146,28.318537432701078,1.0749443469524322e-05,-20.290741324598343,True,-409.5277559643911,-417.52472639947143,-423.6870246807416,-428.37267187399283,0.24471479696345572,3.436892962722897
272,age_randomized,weak_monsoon_start,Weak monsoon starts,100,2.2130518649406126,0.020795840831833633,0.008598280343931213,100,0,215.83364554660199,0.199606572225213,3.984278367549917,0.018234642356509147,3175,98,8.735786997278183,0.012677918512176903,-4.719355716307291,0.06430141111854859,32.21441180931993,1.7294517071331946e-06,-24.186615701217193,True,-417.46311737387225,-421.83101087251134,-433.5703232785322,-438.85335240030895,225.4635233421331,2.428885358010991
273,age_randomized,strong_monsoon_start,Strong monsoon starts,96,2.0059569461762963,0.07698460307938412,0.04919016196760648,96,0,17.767383410414613,0.2375403280376633,5.416839114647107,0.004226118837665438,3175,95,18.305408189483842,0.00010593296233297562,-14.28897690851295,0.13899537692850822,30.717043014242563,3.4964144673786586e-06,-22.68924690613983,True,-406.8771326991747,-416.0298367939166,-422.235654206296,-428.3726718739921,358.68252566899514,3.856295616997048
273,age_randomized,weak_monsoon_start,Weak monsoon starts,100,2.1946148747707372,0.022795440911817635,0.010397920415916816,100,0,215.08048835455526,0.21240963824515116,4.511785441943599,0.010665231035654685,3175,98,10.843182290564641,0.00442010801555694,-6.82675100959375,0.07981329243904409,37.941456605507256,1.1521559942824192e-07,-29.91366049740452,True,-414.6711769630001,-420.0927681082824,-433.64190526575373,-438.8533524003126,221.46800307525726,2.725639211625053
274,age_randomized,strong_monsoon_start,Strong monsoon starts,96,1.9670782823059605,0.10657868426314737,0.06978604279144171,96,0,12.541609164434384,0.2200283371682578,4.647597039074739,0.009274980464834421,3175,95,16.508742516201323,0.0002601190211345573,-12.492311235230432,0.1253530576812444,32.008615017311854,1.9053576697991695e-06,-23.98081890920912,True,-405.4172578881887,-413.6716291462894,-421.42156539684464,-428.3726718739931,353.3914935701852,3.54871229331078
274,age_randomized,weak_monsoon_start,Weak monsoon starts,100,2.1857253708200037,0.02459508098380324,0.011597680463907219,100,0,228.6107483168271,0.22730608788121728,5.166805758786368,0.005468155993213053,3175,98,13.063954880825122,0.001456123603331834,-9.04752359985423,0.0961597087804264,30.34978766532572,4.154021918823547e-06,-22.321991557222987,True,-419.6282644627079,-426.16024190312044,-434.80315829537074,-438.85335240031014,237.91737478679443,3.0032976185932423
275,age_randomized,strong_monsoon_start,Strong monsoon starts,96,1.9798240632715804,0.09578084383123375,0.0625874825034993,96,0,15.480962693728346,0.22805312888362342,4.992790040986613,0.006520836975854999,3175,95,17.55023807206817,0.0001545305052651851,-13.533806791097277,0.1332612706999654,29.74465025997938,5.516604050939381e-06,-21.716854151876646,True,-407.22589421794476,-416.00101325397884,-422.09821934793445,-428.37267187399414,357.09964269066836,3.7387938996903816
275,age_randomized,weak_monsoon_start,Weak monsoon starts,100,2.170178634664158,0.027794441111777646,0.014397120575884824,100,0,236.70907608201134,0.19057585320324377,3.631915582414432,0.0260694200367765,3175,98,9.167695520752886,0.010215513728701038,-5.1512642397819945,0.06748055542943955,30.036594014131538,4.811193502275438e-06,-22.008797906028803,True,-419.4530118868456,-424.03685964722206,-434.4713088939114,-438.85335240030986,244.5839306300737,2.4981326361974916
276,age_randomized,strong_monsoon_start,Strong monsoon starts,96,2.0128577344837866,0.07318536292741452,0.046390721855628876,96,0,20.48248498560117,0.24319518099557877,5.6778140217093425,0.003234427613209554,3175,95,20.420363793554543,3.679377455588352e-05,-16.40393251258365,0.15505451356899833,36.353095285740665,2.4479135844981347e-07,-28.32529917763793,True,-403.4934329854874,-413.7036148822647,-421.66998062835773,-428.3726718739942,359.21045681299546,4.156748540920407
276,age_randomized,weak_monsoon_start,Weak monsoon starts,100,2.180740292828608,0.02579484103179364,0.01199760047990402,100,0,225.3441420176304,0.2615531355212892,6.841004270101789,0.000981037916228529,3175,98,17.86997050066236,0.0001316998286431156,-13.85353921969147,0.1315352950109064,39.7737307907654,4.820780575143184e-08,-31.745934682662664,True,-414.1697326420237,-423.10471789235487,-434.0565980374064,-438.8533524003072,229.11709193669978,3.659909792521293
277,age_randomized,strong_monsoon_start,Strong monsoon starts,96,1.992245528150905,0.08698260347930414,0.05578884223155369,96,0,16.426943983589723,0.234038733447823,5.25831636037067,0.004970599411687219,3175,95,16.773127084901375,0.00022790913424684348,-12.756695803930484,0.12736056455572406,28.475785539613412,9.988186644909831e-06,-20.447989431510678,True,-407.81678970424167,-416.20335324669236,-422.0546824740484,-428.3726718739937,357.61082142150434,3.539869959117885
277,age_randomized,weak_monsoon_start,Weak monsoon starts,100,2.1460840142592907,0.033993201359728054,0.019596080783843232,100,0,226.67303409228418,0.2160147084620278,4.666235427193486,0.009112748795970403,3175,98,12.729509197974949,0.001721163782911908,-8.713077917004057,0.09369795812688217,36.7545754351022,2.0236636917587013e-07,-28.726779326999463,True,-415.47640024508246,-421.84115484406993,-433.85368796263356,-438.8533524003073,233.0589732698557,2.9452144963932465
278,age_randomized,strong_monsoon_start,Strong monsoon starts,96,2.020293687801996,0.0687862427514497,0.04239152169566087,96,0,18.20661023320201,0.24477704572749534,5.751917003047713,0.0029976985959019684,3175,95,18.700480698736214,8.694451952257641e-05,-14.684049417765323,0.14199521455950798,31.22736023146149,2.7512542581350426e-06,-23.199564123358755,True,-406.1986133557368,-415.54885370510493,-421.81229347146757,-428.3726718739938,1.2187171052701784,3.8917595935386324
278,age_randomized,weak_monsoon_start,Weak monsoon starts,100,2.183824998407561,0.02519496100779844,0.011797640471905619,100,0,225.03723837511944,0.2503513635094364,6.267580521103396,0.0017701144496658535,3175,98,14.90341056675561,0.0005804509344105696,-10.886979285784719,0.10969936998464538,37.35702985505657,1.520604801142481e-07,-29.329233746953832,True,-413.2464266245915,-420.6981319079693,-431.9249415521198,-438.8533524003105,229.3285536257005,3.2770584409575396
279,age_randomized,strong_monsoon_start,Strong monsoon starts,96,1.9976606763930391,0.08278344331133773,0.052389522095580884,96,0,17.995046465089956,0.18562394668498564,3.3077999599593975,0.03618007082200731,3175,94,13.46592402982128,0.0011909999686747156,-9.449492748850389,0.10333628627026963,24.971616234939688,5.097525517991239e-05,-16.943820126836954,True,-406.99572947801386,-413.7286914929245,-419.4815375954837,-424.8582041313375,355.8168876059731,3.1255760430646853
279,age_randomized,weak_monsoon_start,Weak monsoon starts,100,2.19817528069455,0.022595480903819236,0.009998000399920015,100,0,224.86270330209663,0.20785874123528492,4.320525630791713,0.012956789937671034,3175,99,12.08661038536843,0.002373700396629049,-8.070179104397539,0.08806713567741453,35.85599272649495,3.0979524795726137e-07,-27.828196618392212,True,-421.7236070351012,-427.76691222778544,-439.6516033983487,-443.01951023858976,234.0648570769843,2.8665003810972465
280,age_randomized,strong_monsoon_start,Strong monsoon starts,96,1.991516998384215,0.08758248350329934,0.05578884223155369,96,0,17.011238851236378,0.21243575749686938,4.332379302073795,0.012787434936036669,3175,95,15.393690775514756,0.0004542579326054954,-11.377259494543864,0.11688632285691222,29.17125428378222,7.215507783252461e-06,-21.143458175679484,True,-407.9176897823301,-415.6145351700875,-422.5033169242212,-428.3726718739941,354.6544196852223,3.390312094761836
280,age_randomized,weak_monsoon_start,Weak monsoon starts,100,2.168766527444652,0.027994401119776045,0.015196960607878424,100,0,218.6068411402821,0.2557150462313479,6.539018486910039,0.0013389656783425647,3175,98,15.898140278686128,0.00035299024381065647,-11.881708997715236,0.11702126601743654,37.97580405380825,1.133512043459478e-07,-29.948007945705513,True,-415.26192363247173,-423.2109937718148,-434.24982565937586,-438.853352400311,221.8571785011964,3.390799725822967
281,age_randomized,strong_monsoon_start,Strong monsoon starts,96,2.015739422050187,0.07078584283143372,0.04479104179164167,96,0,14.701255311677341,0.2129622469258977,4.3538801871097945,0.012510591307815693,3175,95,14.321861768052486,0.0007763315421184238,-10.305430487081594,0.1087477839424556,26.597269811774254,2.397567377625593e-05,-18.56947370367152,True,-409.33628733631383,-416.4972182203401,-422.63492224220096,-428.37267187399226,356.90836435489587,3.261036889163878
281,age_randomized,weak_monsoon_start,Weak monsoon starts,100,2.201528530372005,0.022395520895820836,0.009598080383923215,100,0,225.0153978798749,0.26459473241335607,7.00103724208955,0.0008317845997841742,3175,98,17.521580955514764,0.00015676064379511922,-13.505149674543873,0.12897090792375335,37.16758102312997,1.6636389617382946e-07,-29.139784915027235,True,-416.50575143189087,-425.26654190964825,-435.08954194345586,-439.54649958086725,230.1646961529464,3.6237801132395746
282,age_randomized,strong_monsoon_start,Strong monsoon starts,96,1.9972570678069634,0.08338332333533294,0.052389522095580884,96,0,18.73650044458999,0.25953621064081295,6.466468284844073,0.0014380933795062152,3175,95,20.569835849817082,3.414419659954612e-05,-16.55340456884619,0.15618947459174273,33.10224107604063,1.1382680082876945e-06,-25.074444967937893,True,-404.50543937941075,-414.7903573043193,-421.05655991743106,-428.372671873992,1.2898099216414676,4.200453252660042
282,age_randomized,weak_monsoon_start,Weak monsoon starts,100,2.166535010552791,0.028994201159768047,0.015196960607878424,100,0,222.47633442021646,0.24838103543458942,6.169313876355877,0.0019581525120735462,3175,98,15.37561589429697,0.00045838186853694847,-11.359184613326079,0.11317512653732534,38.894511000053626,7.324859047313081e-08,-30.866714891950892,True,-413.8876780273258,-421.5754859744743,-433.33493352735263,-438.85335240030736,227.2545362851186,3.344760054003144
283,age_randomized,strong_monsoon_start,Strong monsoon starts,96,2.034212376707621,0.0623875224955009,0.036192761447710456,96,0,26.916175747565898,0.21526878750031406,4.448702483698115,0.011359084676045798,3175,95,13.280538373323111,0.0013066754568863584,-9.26410709235222,0.10084087816594123,27.137090217201717,1.8649702781364012e-05,-19.109294109098983,True,-408.66065426389366,-415.3009234505552,-422.2291993724945,-428.3726718739937,6.367756243524941,3.0625289443874304
283,age_randomized,weak_monsoon_start,Weak monsoon starts,100,2.1606849694590022,0.030393921215756847,0.016196760647870425,100,0,213.330178541567,0.22645661613634743,5.128259899192502,0.005687767189620913,3175,99,12.589925054465311,0.001845578450664107,-8.57349377349442,0.09173445677394353,35.15364687423437,4.3197043647316236e-07,-27.125850766131634,True,-421.02125538092974,-427.3162179081624,-438.59807881804693,-442.3263630580282,220.06124750057785,2.914127466333786
284,age_randomized,strong_monsoon_start,Strong monsoon starts,96,1.977297788972464,0.09758048390321936,0.0633873225354929,96,0,21.723404869707707,0.21923063769634943,4.61395896045581,0.009598599686067976,3175,95,14.807617501261007,0.000608929079760718,-10.791186220290115,0.11243619124447304,27.496863303034274,1.577167571293262e-05,-19.46906719493154,True,-409.8232000945288,-417.2270088451593,-423.5716317460459,-428.37267187399544,2.120783651589509,3.289671403959859
284,age_randomized,weak_monsoon_start,Weak monsoon starts,100,2.1905702989040328,0.023195360927814438,0.010797840431913617,100,0,224.2609400859847,0.225850858201251,5.100861015024159,0.00584918345705454,3175,98,12.90184989748127,0.0015790609426304986,-8.885418616510378,0.09496650441525514,32.78230635714033,1.3235519823011429e-06,-24.754510249037594,True,-418.78391490579065,-425.2348398545313,-435.1750680843608,-438.8533524003089,232.69867154987796,2.9850766929888937
285,age_randomized,strong_monsoon_start,Strong monsoon starts,96,2.0324678368674562,0.0631873625274945,0.03699260147970406,96,0,25.568891130346028,0.26047547417471284,6.513357374067983,0.0013702805164493021,3175,95,19.160783150685347,6.906989636197381e-05,-15.144351869714455,0.14549035174232927,30.343115011948612,4.167044542200771e-06,-22.315318903845878,True,-406.77908782805434,-416.359479403397,-421.95064533402865,-428.3726718739947,6.930970842109643,3.923190129079388
285,age_randomized,weak_monsoon_start,Weak monsoon starts,100,2.200246470099233,0.022395520895820836,0.009598080383923215,100,0,216.04115870630778,0.19712673086767654,3.885894802257738,0.020149714323071728,3175,99,10.039983380583521,0.006604581591232847,-6.02355209961263,0.0731547183524013,36.96158702667742,1.8344251630295462e-07,-28.933790918574687,True,-419.12361385826665,-424.1436055485584,-437.60440737160536,-442.3263630580282,225.39067585809855,2.5818061433188335
286,age_randomized,strong_monsoon_start,Strong monsoon starts,96,1.9729711820986664,0.10237952409518096,0.0661867626474705,96,0,18.515064341750154,0.21410265809078058,4.400635027347618,0.011928986480727188,3175,95,14.608086035751057,0.0006728130735931278,-10.591654754780166,0.11092112252977561,27.375546601552287,1.6689047344599594e-05,-19.347750493449553,True,-407.3603172609322,-414.66436027880775,-421.04809056170836,-428.372671873993,358.42894674486155,3.308530854148494
286,age_randomized,weak_monsoon_start,Weak monsoon starts,100,2.1838803724414757,0.02519496100779844,0.011797640471905619,100,0,220.54601872860815,0.21097484247109907,4.4510384155705065,0.011345575773669646,3175,99,12.576235328309394,0.001858254515932394,-8.559804047338503,0.09163470879396238,37.38400794574295,1.5012593788203308e-07,-29.356211837640217,True,-417.92615305428353,-424.21427071843823,-436.618157027155,-442.3263630580271,228.12252658289694,2.9363672590692853
287,age_randomized,strong_monsoon_start,Strong monsoon starts,96,2.0297687806263913,0.0635872825434913,0.03759248150369926,96,0,23.570434757179918,0.25912542934133137,6.4460148606076135,0.0014687097155080735,3175,95,21.515183712834187,2.128321431166315e-05,-17.498752431863295,0.163367625506952,35.75305890330742,3.2527003286314427e-07,-27.725262795204685,True,-404.05565538668156,-414.81324724309866,-421.9321848383353,-428.3726718739946,2.588503114613647,4.380990187216167
287,age_randomized,weak_monsoon_start,Weak monsoon starts,100,2.220634311317043,0.019596080783843232,0.008398320335932814,100,0,214.02314840194387,0.2352094430558949,5.532348210266426,0.003762652399025781,3175,99,14.46011602556814,0.00072447883289662,-10.443684744597249,0.10536130141801103,40.22444452863715,3.889616655560437e-08,-32.196648420534416,True,-417.3771104891897,-424.6071685019738,-437.4893327535083,-442.32636305802765,221.09913892726004,3.1798305173509616
288,age_randomized,strong_monsoon_start,Strong monsoon starts,96,1.9824284535295167,0.09378124375124974,0.060787842431513694,96,0,19.39776756731856,0.23370290877127728,5.243236758542972,0.005047877225153411,3175,95,18.30915540753233,0.00010573467119682166,-14.292724126561438,0.1390238300490118,31.684454965456666,2.219256763524537e-06,-23.656658857353932,True,-409.3126905884501,-418.46726829221626,-425.15491807117843,-428.3726718739945,358.052260622925,3.8276370714505386
288,age_randomized,weak_monsoon_start,Weak monsoon starts,100,2.2035051029652593,0.022195560887822437,0.009398120375924815,100,0,225.46442427302742,0.2330755921917325,5.432423167552678,0.004167778266263293,3175,98,12.805049812091283,0.0016573672890538172,-8.788618531120392,0.09425398909306248,32.360919346601804,1.6141743009417036e-06,-24.33312323849907,True,-416.81285081447913,-423.2153757205248,-432.99331048778004,-438.8533524003086,232.37123878880485,3.001290027822794
289,age_randomized,strong_monsoon_start,Strong monsoon starts,96,2.0119763955986927,0.07398520295940812,0.046390721855628876,96,0,14.230668000034978,0.26104934542505226,6.542089031697432,0.0013303090918338192,3175,95,20.090557755919917,4.339011629377595e-05,-16.074126474949026,0.1525502528587314,33.978596970227954,7.52758458668989e-07,-25.95080086212522,True,-404.59385691169507,-414.63913578965503,-421.58315539680905,-428.3726718739939,357.60603141369387,4.093179854367508
289,age_randomized,weak_monsoon_start,Weak monsoon starts,100,2.1839357450713726,0.02519496100779844,0.011797640471905619,100,0,222.93030948150644,0.24314891736455316,5.91213960155543,0.0025496756648326043,3175,99,16.249332754435727,0.0002961435138006712,-12.232901473464835,0.11839814031605568,37.86167888747923,1.1966481739177008e-07,-29.833882779376495,True,-420.087891176623,-428.21255755384084,-439.0187306203626,-442.3263630580266,229.65750184123482,3.471760308261471
290,age_randomized,strong_monsoon_start,Strong monsoon starts,96,1.9908691925613076,0.08818236352729454,0.05598880223955209,96,0,8.494925052606357,0.24944629367401602,5.973451529059531,0.002387939359003035,3175,95,19.816376985384522,4.9765504598457625e-05,-15.79994570441363,0.15046836213263387,33.567054735254715,9.141649899743253e-07,-25.53925862715198,True,-406.4945443564517,-416.40273284914394,-423.27807172407904,-428.37267187399124,352.41019980359175,4.070098224205281
290,age_randomized,weak_monsoon_start,Weak monsoon starts,100,2.177280974693069,0.026394721055788842,0.01279744051189762,100,0,234.37394671611614,0.23015914349568725,5.297323133466836,0.004785318343548132,3175,98,14.566904930324654,0.0006868102772000538,-10.550473649353762,0.10722245665347127,33.85935243678091,7.963564187813041e-07,-25.831556328678175,True,-418.93658379177236,-426.2200362569347,-435.8662600101628,-438.8533524003099,242.54601062178514,3.2212578621955745
291,age_randomized,strong_monsoon_start,Strong monsoon starts,96,2.0206926951109647,0.0683863227354529,0.04239152169566087,96,0,19.918426453594478,0.24138899871938205,5.593790275463599,0.0035254106793861204,3175,95,17.23294135720596,0.00018109828217901318,-13.216510076235068,0.13085199492616506,29.012764971352794,7.770851796787285e-06,-20.98496886325006,True,-408.99584445888735,-417.6123151374903,-423.50222694456374,-428.3726718739946,1.7445878318848294,3.6888497849066666
291,age_randomized,weak_monsoon_start,Weak monsoon starts,100,2.18123931331576,0.02579484103179364,0.01199760047990402,100,0,229.19588708304525,0.24207377559563323,5.8599712831124995,0.0026898023642584834,3175,98,14.96419135958422,0.0005630761509178738,-10.947760078613328,0.11014675849686545,36.42861553214129,2.3618449746860806e-07,-28.40081942403856,True,-415.79832651772085,-423.28042219751296,-434.0126342837915,-438.8533524003103,236.20684958235574,3.2584893742588523
292,age_randomized,strong_monsoon_start,Strong monsoon starts,96,1.97542136872242,0.09958008398320337,0.0649870025994801,96,0,20.062395487360543,0.22458946202027708,4.842280939253518,0.007604197725841369,3175,95,16.088254986763445,0.00032098136374726616,-12.071823705792553,0.12216024045242506,26.952906657219614,2.0319492569821204e-05,-18.92511054911688,True,-411.1559285893525,-419.20005608273425,-424.63238191796233,-428.37267187399357,359.2368320464552,3.4769635945893844
292,age_randomized,weak_monsoon_start,Weak monsoon starts,100,2.1760031528142885,0.02659468106378724,0.012997400519896021,100,0,224.45025256017868,0.2375894251810329,5.6448734957853635,0.003353168310588783,3175,99,15.400451051694631,0.0004527250701676505,-11.38401977072374,0.11221290080673266,40.453740273189396,3.4871278987651876e-08,-32.42594416508666,True,-416.23025979317225,-423.93048531901957,-436.45712992976695,-442.32636305802777,229.35729428735434,3.2993488443311616
293,age_randomized,strong_monsoon_start,Strong monsoon starts,96,2.004348706563813,0.07838432313537293,0.04939012197560488,96,0,25.087516573299812,0.2177362153377386,4.551269709081799,0.01023196965400296,3175,94,16.165446291663898,0.00030882890317411073,-12.149015010693006,0.12405217658904462,28.344213106151187,1.0621313094267278e-05,-20.316416998048453,True,-406.30225775537315,-414.3849809012051,-420.47436430844874,-424.8582041313387,4.752391210179691,3.5116788192750663
293,age_randomized,weak_monsoon_start,Weak monsoon starts,100,2.1984319941331183,0.022595480903819236,0.009998000399920015,100,0,222.24517485887583,0.18536937224451056,3.4361804166323924,0.0317863418768437,3175,98,8.698685462442086,0.012915298613921792,-4.682254181471194,0.0640283182597863,36.676361170332484,2.1001241796920977e-07,-28.64856506222975,True,-416.6655127096666,-421.01485544088763,-435.00369329483283,-439.54649958086895,233.60834544583537,2.422354585165889
294,age_randomized,strong_monsoon_start,Strong monsoon starts,96,1.9894919048194561,0.08918216356728655,0.05678864227154569,96,0,16.847392417070594,0.1811592096644289,3.150591287639089,0.042418381759143135,3175,95,11.960662378762663,0.002527988910487662,-7.944231097791771,0.09081888578730572,25.361095024685483,4.256098462906182e-05,-17.33329891658275,True,-410.3591377709006,-416.3394689602819,-423.03968528324333,-428.3726718739912,355.6501322331169,2.8845798981323605
294,age_randomized,weak_monsoon_start,Weak monsoon starts,100,2.1839357450713726,0.02519496100779844,0.011797640471905619,100,0,227.1104322663144,0.21482016070736132,4.614770144633654,0.009603315221571212,3175,99,13.743802199665993,0.0010365046914743846,-9.727370918695101,0.10014199634554018,37.55156988382123,1.386481045966105e-07,-29.523773775718496,True,-420.6294239694109,-427.5013250692439,-439.4052089113215,-442.326363058028,234.64506004284758,3.0590652956164863
295,age_randomized,strong_monsoon_start,Strong monsoon starts,96,2.0046704577026646,0.07798440311937613,0.04939012197560488,96,0,25.50661457790917,0.21190897534831035,4.3109197279843965,0.013069821684938279,3175,95,13.748076023876251,0.0010342921369114137,-9.73164474290536,0.10439095316531961,29.162893460335,7.243791245918572e-06,-21.135097352232265,True,-407.82001282593717,-414.6940508378753,-422.40145955610467,-428.37267187399357,2.5941379125880673,3.1144403301838417
295,age_randomized,weak_monsoon_start,Weak monsoon starts,100,2.1749469945762776,0.02659468106378724,0.013197360527894421,100,0,232.54713151269394,0.21841272323477268,4.770411767082941,0.00819475134132269,3175,98,12.211714713442461,0.0022297688430206446,-8.19528343247157,0.08988663396854198,38.25080444222601,9.946903851929635e-08,-30.22300833412328,True,-415.0028254218306,-421.10868277855184,-434.1282276429436,-438.8533524003086,237.23404024851007,2.8905612409047836
296,age_randomized,strong_monsoon_start,Strong monsoon starts,96,1.9991129925982436,0.08158368326334733,0.05158968206358728,96,0,19.46537078485612,0.2346837235023653,5.287339207385726,0.004825163672450802,3175,95,18.276782760024616,0.00010746005294032075,-14.260351479053725,0.13877802026996008,33.00097848549558,1.1939297202592077e-06,-24.973182377392845,True,-406.2798884059629,-415.4182797859752,-422.78037764871067,-428.3726718739947,358.6478108641345,3.826186288568044
296,age_randomized,weak_monsoon_start,Weak monsoon starts,100,2.192189024717142,0.023195360927814438,0.010797840431913617,100,0,224.15499949367734,0.2309072657937142,5.331816539632897,0.004619492579414004,3175,98,12.741061542103694,0.0017112507021427355,-8.724630261132802,0.09378299133905148,30.899889011333812,3.208771507630742e-06,-22.872092903231078,True,-420.0264455154481,-426.3969762864999,-435.476390021115,-438.85335240030963,230.66738616668187,2.977664299365379
297,age_randomized,strong_monsoon_start,Strong monsoon starts,96,2.021251173015845,0.06818636272745451,0.042191561687662464,96,0,18.74037745436272,0.25746768912685464,6.363802650654975,0.001598450352270389,3175,95,20.5697568234757,3.414554577166931e-05,-16.55332554250481,0.15618887453431743,33.83636468916302,8.05046035792389e-07,-25.808568581060285,True,-406.67758515182254,-416.9624635635604,-423.59576749640405,-428.37267187399596,359.3301179141674,4.213223167313349
297,age_randomized,weak_monsoon_start,Weak monsoon starts,100,2.140799526735983,0.03579284143171366,0.020595880823835233,100,0,233.37804339380526,0.20646422847841106,4.2627477641185525,0.013740916378249167,3175,98,12.624736704156135,0.0018137325911448123,-8.608305423185243,0.09292676038579047,35.93245653141753,2.987770099844212e-07,-27.904660423314795,True,-415.5376615073417,-421.85002985941975,-433.50388977305045,-438.85335240031117,239.64907203914638,2.9527744676571004
298,age_randomized,strong_monsoon_start,Strong monsoon starts,96,2.0126174076087753,0.07318536292741452,0.046390721855628876,96,0,20.912374091595925,0.22723475000157053,4.957020634394521,0.006763506395021185,3175,94,18.9482481171093,7.68139680609326e-05,-14.93181683613841,0.1454071467664214,33.67449958434179,8.689668701338437e-07,-25.646703476239054,True,-399.66109633443403,-409.1352203929887,-416.49834612660493,-424.85820413133627,359.73402215116465,3.8477962030388135
298,age_randomized,weak_monsoon_start,Weak monsoon starts,100,2.162941158472535,0.029994001199760048,0.015996800639872025,100,0,218.39934279637626,0.2100340306202601,4.411429401859237,0.011812262695292241,3175,99,12.699218974207952,0.0017474293967510112,-8.68278769323706,0.09253080927905476,37.84228873434802,1.2077184273996372e-07,-29.814492626245283,True,-419.32298918554886,-425.67259867265284,-438.2441335527229,-442.3263630580285,226.114507889366,2.9452633711677016
299,age_randomized,strong_monsoon_start,Strong monsoon starts,96,2.0104531729582393,0.07498500299940011,0.046590681863627276,96,0,19.141104448320252,0.25207489367474734,6.100008194028977,0.002096751354491555,3175,95,20.500430614889524,3.534988893672895e-05,-16.483999333918632,0.15566247149573367,33.51631744865597,9.363151976121441e-07,-25.488521340553234,True,-404.5479087256527,-414.79812403309745,-421.3060674499807,-428.37267187399243,359.2113275148791,4.173850942215576
299,age_randomized,weak_monsoon_start,Weak monsoon starts,100,2.181904496429258,0.02539492101579684,0.01199760047990402,100,0,227.66115017478728,0.24935903566637282,6.217992866846339,0.0018626426032378105,3175,98,16.141974933382016,0.0003124745704399694,-12.125543652411125,0.11881605707420506,41.88530033671816,1.762023412310335e-08,-33.857504228615426,True,-411.5741238813986,-419.6451113480896,-432.51677404975766,-438.85335240030844,232.01749888218546,3.4305991462944743
300,age_randomized,strong_monsoon_start,Strong monsoon starts,96,1.9933782674453708,0.08638272345530894,0.05458908218356329,96,0,23.540872724742144,0.2324343144810416,5.186468212634088,0.005349665403488152,3175,95,16.343966128975808,0.0002824573295893051,-12.327534848004916,0.12410188885647679,28.48628290157376,9.939321592969147e-06,-20.458486793471025,True,-408.3514972674302,-416.5234803319181,-422.5946387182171,-428.37267187399476,3.7382773855987272,3.550582888531712
300,age_randomized,weak_monsoon_start,Weak monsoon starts,100,2.17170119424195,0.026994601079784044,0.013797240551889621,100,0,218.222760878604,0.23246028621191264,5.403778466572434,0.004291716893362347,3175,98,13.432626856305092,0.001210994412772097,-9.4161955753342,0.09887338852909829,34.56712511975661,5.700395318245107e-07,-26.539329011653876,True,-417.85142585319835,-424.5677392813509,-435.13498841307666,-438.85335240030975,221.47006638324982,3.065093948786857
301,age_randomized,strong_monsoon_start,Strong monsoon starts,96,1.9726442606080876,0.10257948410317937,0.06638672265546891,96,0,12.905780405018708,0.23875604013700122,5.4724268833825285,0.00399224335775605,3175,95,17.879108932089707,0.0001310994364219457,-13.862677651118815,0.13575843048336522,30.90144156494989,3.20643288448203e-06,-22.873645456847157,True,-405.4538574024127,-414.3934118684576,-420.90457818488767,-428.372671873993,354.5572596241782,3.7421861155002394
301,age_randomized,weak_monsoon_start,Weak monsoon starts,100,2.160778247072477,0.030393921215756847,0.015996800639872025,100,0,218.22247538138998,0.21683519836806553,4.701750325131833,0.008788840349553689,3175,99,12.03272729055027,0.0024385208188778,-8.016296009579378,0.08767452520427357,33.02722111611047,1.1792496244596768e-06,-24.999425008007734,True,-420.89268391517624,-426.90904756045137,-437.40629447323147,-442.3263630580266,228.4703352635738,2.847846311216254
302,age_randomized,strong_monsoon_start,Strong monsoon starts,96,2.0077245218313,0.07618476304739052,0.04859028194361128,96,0,23.49358288933843,0.2540292339799162,6.194961764776609,0.0019017233171932228,3175,94,20.46866087865385,3.5915900871214904e-05,-16.45222959768296,0.157074657145063,32.135187225198024,1.79516780186822e-06,-24.10739111709529,True,-403.92732024838,-414.1616506877069,-419.994913860979,-424.8582041313389,5.652962411613418,4.158074469235762
302,age_randomized,weak_monsoon_start,Weak monsoon starts,100,2.1816643148114623,0.02539492101579684,0.01199760047990402,100,0,232.53893148318897,0.24212250332588442,5.862330661679291,0.0026833026439439097,3175,98,14.885394950738032,0.0005857031449243129,-10.86896366976714,0.10956676263828252,32.769876375992,1.331327520235023e-06,-24.742080267889264,True,-417.85553383457653,-425.29823130994555,-434.24047202257253,-438.85335240031134,237.88808422937333,3.2829469036301067
303,age_randomized,strong_monsoon_start,Strong monsoon starts,96,1.987221350018585,0.08998200359928014,0.05838832233553289,96,0,20.697246683342883,0.19728114905811087,3.736305770274101,0.023435121013047695,3175,95,14.323909820049835,0.0007755369653387782,-10.307478539078943,0.10876333507119275,29.706693690052816,5.615577028142608e-06,-21.678897581950082,True,-405.42080640773986,-412.5827613177648,-420.27415325276627,-428.3726718739938,359.156477405482,3.2271811865618583
303,age_randomized,weak_monsoon_start,Weak monsoon starts,100,2.169472695946774,0.027794441111777646,0.014597080583883223,100,0,219.4093172949538,0.22834768037795544,5.21426631339929,0.0052093097349641205,3175,98,12.573451903291016,0.0018608424724154695,-8.557020622320124,0.09254926891700943,33.498941228568015,9.440233618782722e-07,-25.47114512046528,True,-418.62597983126784,-424.91270578291335,-435.37545044555185,-439.5464995808693,226.63263355293446,2.935865544518092
304,age_randomized,strong_monsoon_start,Strong monsoon starts,96,2.010372971375562,0.07498500299940011,0.046590681863627276,96,0,20.09199557401055,0.21705920852894356,4.523011200692295,0.01053090385815317,3175,94,17.445304153954226,0.00016285471445603175,-13.428872872983334,0.13387369037079466,29.347813084619474,6.643250266392299e-06,-21.32001697651674,True,-405.91160383678687,-414.634255913764,-420.5855103790966,-424.8582041313374,0.18146151971208227,3.715569189631525
304,age_randomized,weak_monsoon_start,Weak monsoon starts,100,2.18626012911192,0.02459508098380324,0.011597680463907219,100,0,226.4385116294022,0.2106280461525597,4.436417382604482,0.01151567044517861,3175,98,11.53180779396132,0.003132562569848336,-7.515376512990429,0.08488205059608518,31.518419992779627,2.399471534774837e-06,-23.490623884676893,True,-418.1090422100156,-423.8749461069963,-433.86825220640543,-438.8533524003081,235.28229036990163,2.8161526690569176
305,age_randomized,strong_monsoon_start,Strong monsoon starts,96,1.9650280031614415,0.10777844431113777,0.07098580283943211,96,0,14.690829365864294,0.25097931229297377,6.047099059109189,0.0022139238402660586,3175,94,20.86636471408599,2.9439231833886084e-05,-16.849933433115098,0.16012660050208677,30.768146363864844,3.413530495230562e-06,-22.74035025576211,True,-402.66629392085525,-413.09947627789825,-418.0503671027877,-424.8582041313389,356.5945719939003,4.25618418031877
305,age_randomized,weak_monsoon_start,Weak monsoon starts,100,2.1836034882295934,0.02519496100779844,0.011797640471905619,100,0,219.65225037813633,0.2187451043138369,4.7849420661271385,0.008074245371937724,3175,99,13.653093548788206,0.0010845970164465222,-9.636662267817314,0.09948106240217093,38.867455086725386,7.419710551413831e-08,-30.83965897862265,True,-419.63436989679286,-426.46091667118696,-439.06809744015555,-442.3263630580292,225.7799623692656,3.060954992960422
306,age_randomized,strong_monsoon_start,Strong monsoon starts,96,2.0175783454125042,0.06958608278344332,0.04339132173565287,96,0,24.500469310795957,0.20151068544361675,3.8982294094038004,0.01988312021631931,3175,94,14.140234690258694,0.0008501333443061237,-10.123803409287802,0.10851088545022503,28.60259775052498,9.413543039771436e-06,-20.574801642422244,True,-404.62796738326,-411.69808472838935,-418.9292662585225,-424.8582041313372,5.585912354976187,3.210919186527496
306,age_randomized,weak_monsoon_start,Weak monsoon starts,100,2.1948720046363834,0.022795440911817635,0.010397920415916816,100,0,217.06936201459865,0.18935778842294482,3.5856372036428734,0.027321110336942712,3175,98,8.037438051150502,0.017975976964199638,-4.021006770179611,0.05916108172370962,33.670094965482235,8.707751877669889e-07,-25.6422988573795,True,-416.77249699647007,-420.7912160220453,-433.6075444792112,-438.8533524003078,224.77715917980558,2.3344048263769865
307,age_randomized,strong_monsoon_start,Strong monsoon starts,96,2.00306118518055,0.07918416316736653,0.049590081983603276,96,0,17.94105721519613,0.2140779095945393,4.399617732131303,0.011941350208155187,3175,95,13.852412145696576,0.000981718379969328,-9.835980864725684,0.10518319108919208,26.119755684615598,2.9932891132884973e-05,-18.091959576512863,True,-410.15349872950253,-417.0797048023508,-423.21337657181033,-429.065819054551,359.66900633601205,3.148437065697539
307,age_randomized,weak_monsoon_start,Weak monsoon starts,100,2.1776141962139213,0.026394721055788842,0.01279744051189762,100,0,223.63555075984345,0.22979446844729515,5.280549772897492,0.004868082392739515,3175,98,13.0446888769726,0.0014702182225626776,-9.028257596001708,0.09601789771810097,34.93100186249569,4.799438329292316e-07,-26.903205754392957,True,-416.5246169652734,-423.0469614037597,-433.99011789652127,-438.8533524003081,230.22855604851702,2.993251576970423
308,age_randomized,strong_monsoon_start,Strong monsoon starts,96,1.9991129925982436,0.08158368326334733,0.05158968206358728,96,0,18.358677404426857,0.22541562763642511,4.877971697541453,0.0073321225592881305,3175,95,16.75559707994489,0.00022991553859768853,-12.739165798974,0.12722745691773732,30.321449719136922,4.2096083112329015e-06,-22.293653611034188,True,-408.7335365818774,-417.11133512184983,-423.89426144144585,-428.3726718739953,357.43517771469413,3.594356216431768
308,age_randomized,weak_monsoon_start,Weak monsoon starts,100,2.1961755569055574,0.022795440911817635,0.009998000399920015,100,0,226.99765978010777,0.19976804062129525,3.9907270053671464,0.018115638361840127,3175,99,10.251669800124091,0.005941254931085131,-6.235238519153199,0.07469713728015241,32.13065675558039,1.7990000902100197e-06,-24.102860647477655,True,-420.93325170517585,-426.0590866052379,-436.99858008296604,-442.3263630580294,236.7541904993301,2.6175550492014303
309,age_randomized,strong_monsoon_start,Strong monsoon starts,96,2.006037324312132,0.07698460307938412,0.04919016196760648,96,0,23.35582468472948,0.23792180870461713,5.434251557498537,0.004151429827698707,3175,95,19.02451162361274,7.39400586085213e-05,-15.008080342641847,0.14445562407747653,35.41416869557713,3.8187135443919633e-07,-27.386372587474398,True,-402.64301801711343,-412.1552738289198,-420.350102364902,-428.3726718739948,1.4249531815811447,3.891999604349124
309,age_randomized,weak_monsoon_start,Weak monsoon starts,100,2.2069781100557107,0.021795640871825634,0.009198160367926415,100,0,220.71220357932242,0.2320687125305205,5.385588733557336,0.004372315771861895,3175,99,15.362839814556878,0.00046131940274234443,-11.346408533585986,0.11193885259814511,38.992343021502506,6.991865111484272e-08,-30.964546913399772,True,-417.25904005839476,-424.9404599656732,-436.755211569146,-442.326363058026,229.51728369664477,3.298816685688264
310,age_randomized,strong_monsoon_start,Strong monsoon starts,96,1.9843795030825409,0.09138172365526895,0.059988002399520096,96,0,13.230340200545161,0.2172836319225844,4.532368963341037,0.010430962517072373,3175,95,15.977338769534526,0.0003392852412483309,-11.960907488563635,0.12131803899689703,29.022832610063233,7.734342997913604e-06,-20.9950365019605,True,-407.92199316162703,-415.9106625463943,-422.43340946665865,-429.06581905455585,352.5510758988975,3.5079384994669343
310,age_randomized,weak_monsoon_start,Weak monsoon starts,100,2.159005283292757,0.03079384123175365,0.016196760647870425,100,0,227.2384030482491,0.2200833590938527,4.843668495003372,0.007604901608642332,3175,98,14.074142580887383,0.0008786962435820356,-10.057711299916491,0.10359538625617563,36.482459985467585,2.3023285650131468e-07,-28.45466387736485,True,-416.652950030337,-423.6900213207807,-434.8941800230708,-438.85335240030724,232.92451758155397,3.1989121715490687
311,age_randomized,strong_monsoon_start,Strong monsoon starts,96,1.9976606763930391,0.08278344331133773,0.052389522095580884,96,0,14.559619507238944,0.1876746468000774,3.381290212947245,0.033585699960362585,3175,95,13.592743733943507,0.0011178234116237754,-9.576312452972616,0.10321149461597279,26.192497743532044,2.893842829742938e-05,-18.16470163542931,True,-409.8954720699303,-416.69184393690205,-422.9917209416963,-428.3726718739929,351.2232084808055,3.1310217094113852
311,age_randomized,weak_monsoon_start,Weak monsoon starts,100,2.1979001973087615,0.022595480903819236,0.009998000399920015,100,0,219.7775958062036,0.2534885455891882,6.425644274492195,0.001504620870394059,3175,99,17.320797184836124,0.0001733152110048284,-13.304365903865232,0.12620519294346766,39.68290682396491,5.0337804779264006e-08,-31.65511071586218,True,-418.1312363643292,-426.79163495674726,-437.97268977631165,-442.32636305802725,224.9435864301231,3.5747352352782604
312,age_randomized,strong_monsoon_start,Strong monsoon starts,96,1.9859227245898987,0.09038192361527694,0.0591881623675265,96,0,9.757429497362425,0.23245092659135955,5.187209594225436,0.005345610762735313,3175,94,17.891736418576897,0.00013027431578193513,-13.875305137606006,0.1372995712977306,28.20526409282911,1.13333255353487e-05,-20.177467984726377,True,-405.16149197179766,-414.1073601810861,-419.2641240182122,-424.8582041313366,353.2542561791212,3.8108124655040956
312,age_randomized,weak_monsoon_start,Weak monsoon starts,100,2.17742907944238,0.026394721055788842,0.01279744051189762,100,0,226.3271043828799,0.20779000654968047,4.317668682191625,0.012994494927329755,3175,99,12.106994406829017,0.002349630485471487,-8.090563125858125,0.08821566055960929,34.67950749580291,5.405478318551996e-07,-26.651711387700175,True,-420.13945732541447,-426.192954528829,-437.4792110733159,-442.3263630580278,237.27572463702253,2.8499477991864537
313,age_randomized,strong_monsoon_start,Strong monsoon starts,96,2.0049117371712764,0.07798440311937613,0.04939012197560488,96,0,23.545102328151753,0.1970167697202124,3.7262983248947714,0.023674283602895592,3175,95,11.93149865175792,0.002565121774932917,-7.915067370787028,0.09059744176455002,24.90075227376576,5.2675028055526855e-05,-16.872956165663027,True,-410.6722216065598,-416.63797093243875,-423.12259774344267,-428.3726718739948,4.101297523442691,2.8676795166502846
313,age_randomized,weak_monsoon_start,Weak monsoon starts,100,2.1879925851622364,0.023795240951809637,0.011397720455908818,100,0,230.4265204043786,0.18871849252384615,3.5614669420472977,0.027998429174530933,3175,98,9.938503972901685,0.006948343546464237,-5.9220726919307936,0.07315423671204348,32.95193388726443,1.2218550465757362e-06,-24.924137779161697,True,-419.3970303500075,-424.36628233645837,-435.87299729363974,-438.85335240031077,238.40337968908776,2.6029733264147668
314,age_randomized,strong_monsoon_start,Strong monsoon starts,96,1.9896539881554878,0.08878224355128975,0.05678864227154569,96,0,22.49613712211039,0.2379392662397469,5.435049064196079,0.004148040620380275,3175,95,16.999210018343547,0.00020354875302466667,-12.982778737372655,0.12907724206575905,30.83726641666226,3.3045298556994047e-06,-22.809470308559526,True,-406.76605174539986,-415.26565675457164,-422.184684953731,-428.3726718739932,2.3304643758823036,3.631073634720474
314,age_randomized,weak_monsoon_start,Weak monsoon starts,100,2.170104336139704,0.027794441111777646,0.014397120575884824,100,0,208.97809255797694,0.24084589327216632,5.800674430606773,0.002858399711444244,3175,98,12.62604106147785,0.0018125500990923196,-8.609609780506958,0.09293636135435979,33.80312917445599,8.177767403998085e-07,-25.775333066353255,True,-417.36378098231927,-423.6768015130582,-434.26534556954726,-438.85335240031,214.8377556090448,2.9600089561816207
315,age_randomized,strong_monsoon_start,Strong monsoon starts,96,2.0037855177540624,0.07878424315136973,0.049590081983603276,96,0,23.622502312135207,0.2305171765930826,5.101264195626857,0.005836618385319686,3175,95,16.35271762146101,0.0002812240681779397,-12.336286340490119,0.12416834009231247,28.81058839305308,8.541422737093232e-06,-20.782792284950347,True,-410.3113211489911,-418.4876799597216,-424.71661534551765,-428.37267187399567,3.9900602293315752,3.5046651192153746
315,age_randomized,weak_monsoon_start,Weak monsoon starts,100,2.1793535252759844,0.026394721055788842,0.012397520495900819,100,0,223.5881650585956,0.21228293535828185,4.506404464432847,0.010723820693783387,3175,98,10.81958590947147,0.004472566139128761,-6.803154628500579,0.0796396068166663,33.0059467330243,1.1911365848436438e-06,-24.978150624921568,True,-418.05724200039305,-423.4670349551288,-434.5602153669052,-438.8533524003079,230.77785342843865,2.6899619234760217
316,age_randomized,strong_monsoon_start,Strong monsoon starts,96,2.0370638556232077,0.0615876824635073,0.03499300139972006,96,0,18.698445662844623,0.2136280126977973,4.381145069684183,0.012168088363531265,3175,95,13.566477714385655,0.001132600619636276,-9.550046433414764,0.10301205326776224,24.597250903071767,6.061520606759179e-05,-16.569454794969033,True,-409.9078971202721,-416.6911359774649,-422.20652257180797,-428.3726718739938,0.2878322698736265,3.1099133369117835
316,age_randomized,weak_monsoon_start,Weak monsoon starts,100,2.1780213977288767,0.026394721055788842,0.01279744051189762,100,0,218.5527299695863,0.23820089208193757,5.673966498863087,0.003254716369305799,3175,98,13.978883241603171,0.0009215609685054822,-9.96245196063228,0.10289421188687109,37.52883560391592,1.401525223978649e-07,-29.50103949581319,True,-416.3961700174751,-423.38561163827666,-435.16058781943303,-438.8533524003108,222.14064838894922,3.097361300941746
317,age_randomized,strong_monsoon_start,Strong monsoon starts,96,1.9836480843814273,0.09298140371925614,0.060187962407518496,96,0,17.871942127738293,0.22655627126082678,4.927463428570496,0.00697079260780343,3175,95,18.421524696310826,9.99578112840196e-05,-14.405093415339934,0.1398770648683221,33.58237916625103,9.075780984571279e-07,-25.554583058148296,True,-404.8973068726315,-414.1080692207869,-421.688496455757,-428.37267187399414,355.1192282662355,3.827250068907143
317,age_randomized,weak_monsoon_start,Weak monsoon starts,100,2.179704923167348,0.026194761047790442,0.012397520495900819,100,0,224.18894767553982,0.23557283351815678,5.549455989177321,0.0036973314711871447,3175,99,14.992471311703184,0.0005551702936639894,-10.976040030732293,0.10924022228315271,37.25670236875362,1.5947539749502826e-07,-29.228906260650888,True,-419.28516649113175,-426.78140214698334,-437.91351767550856,-442.32636305802873,228.65008470661354,3.2697763924882697
318,age_randomized,strong_monsoon_start,Strong monsoon starts,96,1.99442952073752,0.08558288342331534,0.05378924215156969,96,0,13.580021961788574,0.20981329767456305,4.226075508583182,0.01424834006519724,3175,95,14.295149339543741,0.0007867699461338637,-10.27871805857285,0.10854495295224682,25.84275384615978,3.4040779459616744e-05,-17.814957738057046,True,-408.57423772333067,-415.72181239310254,-421.49561464641056,-428.372671873993,354.550293103859,3.217350096935696
318,age_randomized,weak_monsoon_start,Weak monsoon starts,100,2.1847108145278917,0.02499500099980004,0.011597680463907219,100,0,225.82653645304487,0.20476362633776912,4.192814267099354,0.014753408330006974,3175,98,10.335797786762896,0.005696525260869989,-6.319366505792004,0.07607859291119365,35.0113840166714,4.62040333629119e-07,-26.983587908568666,True,-416.2943837118122,-421.46228260519365,-433.8000757201479,-438.85335240030827,232.81480129409164,2.632652971268086
319,age_randomized,strong_monsoon_start,Strong monsoon starts,96,2.0194954366792066,0.0687862427514497,0.04279144171165767,96,0,15.863817511314227,0.22234535845924377,4.745996009123482,0.008389312491676109,3175,95,16.77078370191225,0.00022817632994586912,-12.754352420941359,0.12734277093984345,30.42083961817673,4.017842160189773e-06,-22.393043510073994,True,-406.0088413444375,-414.3942331953936,-421.21926115352585,-428.3726718739939,355.5085370429196,3.609142756193619
319,age_randomized,weak_monsoon_start,Weak monsoon starts,100,2.2106644810096236,0.021195760847830435,0.008598280343931213,100,0,225.90679996475225,0.20887009533204903,4.362671672401925,0.012413043060190062,3175,98,11.888600383411813,0.002620735719377399,-7.872169102440921,0.0875082898788717,34.699551394410946,5.354499870069803e-07,-26.671755286308212,True,-418.08997907831844,-424.03427927002434,-435.4397547755239,-438.85335240030975,234.20905871345997,2.8293045044263896
320,age_randomized,strong_monsoon_start,Strong monsoon starts,96,1.9942678255310653,0.08558288342331534,0.05398920215956809,96,0,14.167483688205294,0.23844810665919178,5.458319958657917,0.004050347635383938,3175,95,19.400158625534573,6.127863468238772e-05,-15.383727344563681,0.14730796127114726,34.56989211061284,5.692945046102141e-07,-26.542096002510107,True,-405.04927032874997,-414.74934964151726,-422.3342163840564,-428.3726718739931,355.25410330046395,3.990468488304267
320,age_randomized,weak_monsoon_start,Weak monsoon starts,100,2.1916005354823977,0.023195360927814438,0.010797840431913617,100,0,217.94000586521602,0.22700534820596385,5.15314281141109,0.00554501693014261,3175,98,12.72710429791573,0.0017232346411558918,-8.710673016944838,0.09368025640550835,32.08792722661167,1.835547946585944e-06,-24.060131118508934,True,-419.77535092935295,-426.1389030783108,-435.8193145426588,-439.54649958086895,227.3202510033186,2.9775151047587793
321,age_randomized,strong_monsoon_start,Strong monsoon starts,96,2.0008866141850454,0.08058388322335533,0.05058988202359528,96,0,22.601349996142346,0.28033505913699913,7.544423556609101,0.000472190162401041,3175,94,23.009483925022664,1.0082170788434579e-05,-18.993052644051772,0.1765727040002368,33.59153269685794,9.036662248653153e-07,-25.563736588755205,True,-403.3447454156643,-414.84948737817564,-420.1405117640933,-424.858204131339,8.299637345081015,4.585787899503909
321,age_randomized,weak_monsoon_start,Weak monsoon starts,100,2.1917108892500856,0.023195360927814438,0.010797840431913617,100,0,222.49397201250432,0.2040049455297412,4.161801780059267,0.01522583879229703,3175,98,10.175996977793488,0.006170357575238184,-6.159565696822597,0.07490234885695789,29.82272485719784,5.318448372586428e-06,-21.794928749095106,True,-420.7514164346015,-425.8394149234982,-435.6627788632004,-438.85335240030827,232.18537355629596,2.631421178521091
322,age_randomized,strong_monsoon_start,Strong monsoon starts,96,2.0118962547372723,0.07398520295940812,0.046390721855628876,96,0,21.006162111745923,0.19883000688952415,3.7952036774100693,0.02207546181012133,3175,95,13.180768938737401,0.0013735117888838385,-9.16433765776651,0.10008331570010387,27.988965405896238,1.2537324668859113e-05,-19.961169297793504,True,-409.4082081056546,-415.9985925750233,-423.4026908086027,-428.3726718739937,358.21109449499613,3.0569987323014467
322,age_randomized,weak_monsoon_start,Weak monsoon starts,100,2.210372715429633,0.021195760847830435,0.008798240351929614,100,0,224.58177835771838,0.22324875585765983,4.9840006991993,0.006590399097018528,3175,98,11.183813866405217,0.0037279122027425167,-7.167382585434325,0.08232057552697974,31.815845093195662,2.0862544169996103e-06,-23.788048985092928,True,-417.7739394457949,-423.3658463789975,-433.6818619923927,-438.8533524003076,232.27992919732387,2.7455123262828116
323,age_randomized,strong_monsoon_start,Strong monsoon starts,96,2.034212376707621,0.0623875224955009,0.036192761447710456,96,0,19.945296145321525,0.2518003475239547,6.086727841265699,0.0021255690205572056,3175,95,18.130208756303546,0.00011563124206616157,-14.113777475332654,0.13766506454210942,29.250432521323887,6.9530494526548145e-06,-21.222636413221153,True,-407.9148814929108,-416.9799858710626,-422.54009775357275,-428.3726718739948,3.89044186200455,3.772759436789614
323,age_randomized,weak_monsoon_start,Weak monsoon starts,100,2.1804814965036154,0.02579484103179364,0.01199760047990402,100,0,220.25643674109875,0.24491793360537123,5.998479420152503,0.002333541487568229,3175,99,15.817093943473083,0.00036758830894221726,-11.80066266250219,0.11524870198749229,39.15385813657883,6.474828855845539e-08,-31.1260620284761,True,-418.8711193942214,-426.77966636595795,-438.4480484625108,-442.3263630580279,225.36798753960093,3.3448246439967537
324,age_randomized,strong_monsoon_start,Strong monsoon starts,96,2.0099719154593134,0.07578484303139373,0.046790641871625675,96,0,14.983418718518076,0.23357425411430335,5.237465489765103,0.005077768168814905,3175,95,17.173907102724797,0.0001865234571171488,-13.157475821753906,0.13040374005152006,29.813183995197278,5.34227811191343e-06,-21.785387887094544,True,-406.34651404980593,-414.93346760116833,-421.2531060474046,-428.37267187399317,357.17715021007353,3.641027905451533
324,age_randomized,weak_monsoon_start,Weak monsoon starts,100,2.204602433115915,0.021995600879824034,0.009398120375924815,100,0,225.29748939870916,0.2420220949360811,5.857469443724945,0.0026967116519469427,3175,98,13.419178132276784,0.0012191650178664311,-9.402746851305892,0.09877439665429255,32.517753457164304,1.4992431790228273e-06,-24.48995734906157,True,-416.9035821576051,-423.6131712237435,-433.16245888618727,-438.8533524003095,233.95650566841468,3.0650450465554693
325,age_randomized,strong_monsoon_start,Strong monsoon starts,96,1.9851106522907274,0.09058188362327535,0.0593881223755249,96,0,21.649089712381762,0.24965355027520766,5.983381935841502,0.002363704907829249,3175,95,18.474860907256243,9.732735634849173e-05,-14.458429626285351,0.14028205374743136,30.881449566457945,3.236677206330607e-06,-22.85365345835521,True,-407.05842780164187,-416.29585825527,-422.49915258487084,-428.3726718739939,5.111753421905263,3.842345480801512
325,age_randomized,weak_monsoon_start,Weak monsoon starts,100,2.1849691099159005,0.02499500099980004,0.011597680463907219,100,0,225.90889723014124,0.20546698811265707,4.221668320408676,0.0143269662968765,3175,98,11.474105528696896,0.0032242569307627954,-7.457674247726004,0.08445732216779413,37.60973686803311,1.3487186653061003e-07,-29.581940759930376,True,-415.19857144859515,-420.9356242129436,-434.0034398826117,-438.8533524003093,233.0379698640404,2.8140597118726007
326,age_randomized,strong_monsoon_start,Strong monsoon starts,96,2.0071622802403413,0.07638472305538892,0.04859028194361128,96,0,12.618083955096484,0.24407043247467816,5.718756096804137,0.0031014251526544595,3175,94,20.701526519553454,3.19683802846837e-05,-16.685095238582562,0.15886164706697412,32.319449941634616,1.6460041997444283e-06,-24.291653833531882,True,-402.9593108552908,-413.31007411506755,-419.11903582610813,-424.8582041313382,354.4392462882262,4.257482552570019
326,age_randomized,weak_monsoon_start,Weak monsoon starts,100,2.182144651611038,0.02539492101579684,0.01199760047990402,100,0,224.17204813156056,0.2156231808823079,4.649335613380447,0.009271024273447854,3175,99,13.53220875769216,0.0011521743544103155,-9.515777476721269,0.09860025488382161,42.12335238405694,1.5727828184671253e-08,-34.09555627595421,True,-416.28783877412195,-423.05394315296803,-437.3495149661504,-442.3263630580267,230.5911443597871,3.0303536990365045
327,age_randomized,strong_monsoon_start,Strong monsoon starts,96,2.0065195255107904,0.07698460307938412,0.04899020195960808,96,0,27.857729863198035,0.21108630943121232,4.2775132828117925,0.013521809282355786,3175,95,13.00052613298385,0.0015030437405206794,-8.984094852012959,0.09871470832106934,26.226801550845494,2.8480924237506394e-05,-18.19900544274276,True,-408.5988689353054,-415.09913200179733,-421.71226971072815,-428.372671873994,7.889955585165143,3.0123313294891627
327,age_randomized,weak_monsoon_start,Weak monsoon starts,100,2.162941158472535,0.029994001199760048,0.015996800639872025,100,0,220.0941042961383,0.2282022363871341,5.207626069208944,0.005244778115925128,3175,98,11.972590690519269,0.0025129564630568483,-7.956159409548377,0.08812651640717101,29.661121482903468,5.736745781179181e-06,-21.633325374800734,True,-420.8103804127969,-426.79667575805655,-435.64094115424865,-438.85335240031,228.19896061323155,2.8720156463003517
328,age_randomized,strong_monsoon_start,Strong monsoon starts,96,2.0246784433823226,0.0661867626474705,0.04059188162367527,96,0,26.31810253522012,0.22369665979503908,4.803858777931915,0.00790832670769827,3175,95,17.479029042242928,0.00016013160955613323,-13.462597761272036,0.13272057115156863,33.29286977337699,1.0404043595320894e-06,-25.265073665274258,True,-404.9799540145349,-413.71946853565635,-421.6263889012234,-428.3726718739932,1.401115978263323,3.7444140768773355
328,age_randomized,weak_monsoon_start,Weak monsoon starts,100,2.1521048638600266,0.03279344131173765,0.017196560687862426,100,0,222.6631900310654,0.22825746299314845,5.210146941206853,0.005231284859881122,3175,98,14.023275218874005,0.0009013313504314982,-10.006843937903113,0.10322096742495214,36.25722312653113,2.5616953604763375e-07,-28.229427018428396,True,-416.5486660573034,-423.5603036667404,-434.677277620569,-438.85335240030963,229.02746582130771,3.143944215914915
329,age_randomized,strong_monsoon_start,Strong monsoon starts,96,2.018537118638842,0.06938612277544491,0.04299140171965607,96,0,23.01188668017435,0.22821959174733097,5.000081477502569,0.006472442826562154,3175,95,13.961125301882703,0.0009297799144601811,-9.944694020911811,0.10600866441187161,24.774877921015786,5.5834305466217094e-05,-16.747081812913052,True,-410.43445381826416,-417.4150164692055,-422.82189277877205,-428.37267187399425,6.090169614331211,3.167518254063871
329,age_randomized,weak_monsoon_start,Weak monsoon starts,100,2.1835850280337925,0.02519496100779844,0.011797640471905619,100,0,228.8304024138303,0.24039645331433412,5.779045476611082,0.0029224791225307928,3175,98,14.217124124930137,0.0008180704810135426,-10.200692843959246,0.10464782893234467,35.901566275653295,3.0318038437087693e-07,-27.87377016755056,True,-416.29678211115225,-423.4053441736173,-434.2475652489789,-438.85335240031156,234.794910221009,3.2001487568420064
330,age_randomized,strong_monsoon_start,Strong monsoon starts,96,1.991436034180568,0.08758248350329934,0.05578884223155369,96,0,24.40156887781619,0.1959568002122806,3.686310484745823,0.024654407257931613,3175,95,12.120656398472988,0.002333634864651114,-8.104225117502097,0.09203374146524244,26.387424876563045,2.6432576299377628e-05,-18.35962876846031,True,-408.8013978766453,-414.8617260758818,-421.9951103149268,-428.3726718739938,2.2962946866622915,2.8959964487539054
330,age_randomized,weak_monsoon_start,Weak monsoon starts,100,2.1953678129016425,0.022795440911817635,0.009998000399920015,100,0,227.67678200916765,0.24426489312434171,5.9665338013046085,0.0024112998833289018,3175,98,15.235957376313422,0.0004915343719051014,-11.21952609534253,0.11214714362246427,37.33683518752912,1.5352484715557025e-07,-29.309039079426384,True,-414.8858817113366,-422.5038603994933,-433.55429930510115,-438.85335240030963,234.33475407091473,3.304987452042139
331,age_randomized,strong_monsoon_start,Strong monsoon starts,96,1.992407387478316,0.08698260347930414,0.05558888222355529,96,0,23.082346592710465,0.23089242373169458,5.117885888322855,0.005738281688458163,3175,95,18.362393262051796,0.0001029572575579804,-14.345961981080904,0.13942807209481603,32.73515981188973,1.3532862537663213e-06,-24.707363703786996,True,-404.8261859044518,-414.0073825354777,-421.19376581039666,-428.37267187399397,0.6850113241305372,3.826330861875342
331,age_randomized,weak_monsoon_start,Weak monsoon starts,100,2.1922258000490085,0.023195360927814438,0.010797840431913617,100,0,223.48035703561024,0.20877992680922522,4.358905783846543,0.01246069058493756,3175,98,12.203526626199505,0.002238916326250578,-8.187095345228613,0.08982636400497168,38.26794793928582,9.866206270110968e-08,-30.240151831183084,True,-414.7663152092752,-420.86807852237496,-433.9002891789181,-438.8533524003106,230.56827064868904,2.868312420467285
332,age_randomized,strong_monsoon_start,Strong monsoon starts,96,2.004348706563813,0.07838432313537293,0.04939012197560488,96,0,20.54489206554991,0.24470364841012748,5.74846805234182,0.003008324046998094,3175,95,19.369443573864373,6.22269864265939e-05,-15.353012292893482,0.14707473783575123,33.06848910507904,1.1565272973508816e-06,-25.040692996976304,True,-405.91124763750554,-415.5959694244377,-422.44549219004506,-428.37267187399385,0.9501135998082582,4.0200051148816
332,age_randomized,weak_monsoon_start,Weak monsoon starts,100,2.1809805762048065,0.02579484103179364,0.01199760047990402,100,0,222.6060009294593,0.2317253648127159,5.369664469758628,0.004444111443832275,3175,98,12.45967139488198,0.001969775509210626,-8.443240113911088,0.09171176598215462,32.275450527514636,1.6804598622737186e-06,-24.2476544194119,True,-417.3065749050033,-423.5364106024443,-433.4443001687606,-438.8533524003082,230.69229565516918,2.936558415449575
333,age_randomized,strong_monsoon_start,Strong monsoon starts,96,1.9898970884054212,0.08838232353529295,0.05638872225554889,96,0,18.41780640789838,0.25288847142640114,6.139447582116643,0.0020134405133329734,3175,95,19.35473047449284,6.268645030633155e-05,-15.338299193521948,0.1469630193331227,31.473948250059948,2.4501683206195027e-06,-23.446152141957214,True,-405.3485586817046,-415.02592391895104,-421.0855328067346,-428.3726718739938,2.0269858911986183,3.9754062519205213
333,age_randomized,weak_monsoon_start,Weak monsoon starts,100,2.18454475136563,0.02499500099980004,0.011597680463907219,100,0,227.07637640147558,0.16975464430123918,2.8816639261840233,0.05568215240694467,3175,98,8.037328809249402,0.01797695885596417,-4.02089752827851,0.05916027762805159,31.63556565224576,2.2708735017021675e-06,-23.607769544143025,True,-419.26171012457473,-423.28037452919943,-435.0794929506976,-438.85335240030906,238.99510221801427,2.3221950492349026
334,age_randomized,strong_monsoon_start,Strong monsoon starts,96,1.9678158598567532,0.10557888422315537,0.06938612277544491,96,0,16.587788879707734,0.24410015820009076,5.720149174397696,0.0030969966591973277,3175,94,22.15268961064328,1.547407050767952e-05,-18.136258329672387,0.16999774172142298,35.17675712482958,4.272732983677672e-07,-27.148961016726844,True,-402.04391036783915,-413.1202551731608,-419.63228893025394,-424.85820413133695,356.9389949533853,4.450287558221184
334,age_randomized,weak_monsoon_start,Weak monsoon starts,100,2.1731855902064168,0.026994601079784044,0.013397320535892822,100,0,224.5503196806786,0.22666443832262104,5.137676760010928,0.005633318826632249,3175,98,13.511346253202532,0.0011642558788958256,-9.49491497223164,0.09945281752667842,38.29761256183701,9.72810878694623e-08,-30.26981645373428,True,-415.0205199684849,-421.77619309508617,-434.1693262494034,-438.8533524003102,229.49074291974125,3.0781160469554703
335,age_randomized,strong_monsoon_start,Strong monsoon starts,96,2.005394209019717,0.07758448310337933,0.04939012197560488,96,0,15.580379252185349,0.2074019042954336,4.12949279091573,0.015719014789746157,3175,94,15.628871883481906,0.00040386255764243055,-11.612440602511015,0.11993455298398031,29.52901829882353,6.102890830747774e-06,-21.501222190720796,True,-404.10716731183686,-411.9216032535778,-418.8716764612486,-424.85820413133956,357.3729413755797,3.4193315749781346
335,age_randomized,weak_monsoon_start,Weak monsoon starts,100,2.1556419845062424,0.03159368126374725,0.016396720655868825,100,0,211.3129640860073,0.19428226885227487,3.7745599990387615,0.022559178035273648,3175,99,9.56464357852542,0.008376527839913423,-5.548212297554528,0.06969123160913683,34.535010083301586,5.787580970981962e-07,-26.50721397519885,True,-422.32908135378057,-427.1114031430433,-439.59658639543136,-442.32636305803055,219.65607515413197,2.5261754494540547
336,age_randomized,strong_monsoon_start,Strong monsoon starts,96,1.980394066304054,0.09518096380723855,0.0623875224955009,96,0,24.603911294394983,0.2194323919334281,4.622455164444057,0.009515815999934615,3175,95,15.352194835284422,0.00046378131642552475,-11.33576355431353,0.11657123871382101,29.66600897594276,5.723627158079955e-06,-21.638212867840025,True,-408.6431812637868,-416.319278681429,-423.4761857517582,-428.37267187399385,2.6908110873777575,3.3529860019689304
336,age_randomized,weak_monsoon_start,Weak monsoon starts,100,2.1884162751388243,0.023795240951809637,0.011397720455908818,100,0,223.9236360747239,0.21997821791703248,4.8390416357953425,0.00764087335692859,3175,98,11.332986047844315,0.003459978084396005,-7.316554766873423,0.08341858555963676,30.395530403292355,4.065832985643503e-06,-22.36773429518962,True,-419.4051785378179,-425.07167156174006,-434.6029437394641,-438.8533524003101,232.04453771877607,2.781176832706761
337,age_randomized,strong_monsoon_start,Strong monsoon starts,96,2.014379138856352,0.07198560287942411,0.04539092181563687,96,0,22.193054248891116,0.2574895925358794,6.364885465372147,0.0015966695942795067,3175,95,20.12665714040645,4.261396377717251e-05,-16.11022585943556,0.15282436024282545,32.67284894290128,1.3936076763914446e-06,-24.64505283479855,True,-407.6728966594212,-417.73622522962444,-424.00932113087185,-428.3726718739928,4.62944246084155,4.107314387529358
337,age_randomized,weak_monsoon_start,Weak monsoon starts,100,2.175002594637927,0.02659468106378724,0.013197360527894421,100,0,227.4674538449098,0.20774751619014892,4.315903048317619,0.013017851690930072,3175,98,12.582232926990741,0.001852690330622629,-8.56580164601985,0.09261390330142535,37.49667445705643,1.4230859520300542e-07,-29.468878348953695,True,-415.7028178036731,-421.99393426716847,-434.4511550322013,-439.5464995808687,235.27811659579734,2.967502729657954
338,age_randomized,strong_monsoon_start,Strong monsoon starts,96,2.0162992719212935,0.07058588282343531,0.044191161767646474,96,0,18.673092845420523,0.2425445025047821,5.6474722267480555,0.0033366402857003723,3175,95,17.70970740771554,0.00014268748998569073,-13.69327612674465,0.13447214238266186,29.738135356866223,5.533467563826729e-06,-21.71033924876349,True,-407.4477358781338,-416.3025895819916,-422.3168035565669,-428.3726718739911,0.21283306259095358,3.7278140472848804
338,age_randomized,weak_monsoon_start,Weak monsoon starts,100,2.152516891098054,0.03239352129574085,0.016996600679864027,100,0,228.64623343620505,0.20173628868239335,4.069753017134595,0.016718541491786445,3175,99,12.423620749473002,0.0020056032819338117,-8.40718946850211,0.09052270729873702,38.67138321080358,8.14469412735514e-08,-30.64358710270085,True,-418.58352077709156,-424.79533115182807,-437.91921238249336,-442.3263630580264,232.48218337853754,2.908846421109209
339,age_randomized,strong_monsoon_start,Strong monsoon starts,96,2.0296099008343096,0.0637872425514897,0.03759248150369926,96,0,24.572384381165698,0.2089528446073348,4.191483961871712,0.014758631898908038,3175,95,14.364718904612687,0.0007598728416457903,-10.348287623641795,0.10907320382867719,30.246161808845045,4.360913245750076e-06,-22.21836570074231,True,-407.12925677793254,-414.3116162302389,-422.25233768235506,-428.3726718739937,3.9981285687581125,3.235973155014194
339,age_randomized,weak_monsoon_start,Weak monsoon starts,100,2.18123931331576,0.02579484103179364,0.01199760047990402,100,0,221.9405571521161,0.198498725422952,3.940174399453649,0.019069657348595812,3175,98,9.126686432439783,0.01042714042088311,-5.110255151468891,0.06717870028484418,27.734511251630465,1.4117513485658328e-05,-19.70671514352773,True,-420.3233890847061,-424.886732300926,-434.1906447105213,-438.85335240031,231.39641128929037,2.4891874951343573
340,age_randomized,strong_monsoon_start,Strong monsoon starts,96,2.0006448492832405,0.08058388322335533,0.05058988202359528,96,0,21.21240555479295,0.2179465642800189,4.560067668620584,0.010140634383212544,3175,94,16.26234272113811,0.00029422335723798684,-12.24591144016722,0.124795751047993,27.355810231875125,1.6843229260724203e-05,-19.32801412377239,True,-404.8583314848946,-412.9895028454637,-418.5362366008322,-424.85820413133604,2.349971982134778,3.516559557598484
340,age_randomized,weak_monsoon_start,Weak monsoon starts,100,2.173167041514688,0.026994601079784044,0.013397320535892822,100,0,236.47936946977796,0.17970808568865365,3.2294996061880488,0.0391805565238098,3175,98,8.764855211328381,0.012494988867347685,-4.7484239303574896,0.06451537320149614,28.853980549531457,8.369874361578976e-06,-20.826184441428722,True,-420.7378518285631,-425.1202794342273,-435.16484210332885,-439.54649958086947,246.4140031110907,2.441963313242343
341,age_randomized,strong_monsoon_start,Strong monsoon starts,96,1.9940252581366837,0.08558288342331534,0.05418916216756649,96,0,25.01299746200054,0.25207462633356087,6.099995255155617,0.0020967792411920256,3175,95,19.396821201833518,6.138097643196317e-05,-15.380389920862626,0.14728261977313223,32.8024986292736,1.311017098017079e-06,-24.774702521170866,True,-406.0351585954221,-415.73356919633886,-422.4364079100589,-428.37267187399505,5.501147083369329,3.952400033403086
341,age_randomized,weak_monsoon_start,Weak monsoon starts,100,2.190331067538434,0.023195360927814438,0.010797840431913617,100,0,223.65956887627488,0.21851659261293183,4.774950124716601,0.008156921900688292,3175,98,11.438126118122682,0.0032827852377653997,-7.42169483715179,0.08419248891672512,30.063813685393598,4.750190057935434e-06,-22.036017577290863,True,-420.10794721023274,-425.8270102692941,-435.13985405292954,-438.8533524003094,230.59814532607655,2.7907378006227863
342,age_randomized,strong_monsoon_start,Strong monsoon starts,96,2.0150994031669165,0.07118576284743051,0.04519096180763847,96,0,26.3912704083903,0.23953211726149004,5.508060979178133,0.003849137555330399,3175,94,18.262346618866445,0.00010823851329793072,-14.245915337895553,0.14014360054273378,30.404834608939268,4.048124554591191e-06,-22.377038500836534,True,-403.22675437595507,-412.3579276853883,-418.4291716804247,-424.8582041313372,8.36098727850768,3.8730857510586327
342,age_randomized,weak_monsoon_start,Weak monsoon starts,100,2.1597146434610903,0.03059388122375525,0.016196760647870425,100,0,220.21232428224016,0.2419129873839215,5.852189346501337,0.002711351612512034,3175,99,17.47288614450872,0.0001606242017054402,-13.456454863537829,0.12731336459949602,45.74863223165676,2.7780603343126172e-09,-37.72083612355402,True,-414.85330936574474,-423.5897524379991,-437.7276254815731,-442.3263630580282,223.9477992397213,3.6016149177660735
343,age_randomized,strong_monsoon_start,Strong monsoon starts,96,1.9952378002117301,0.08498300339932013,0.05378924215156969,96,0,14.229874846964098,0.19670500213758924,3.7145143551311026,0.023959016513555684,3175,95,15.097096067860889,0.0005268745760121141,-11.080664786889997,0.11463424015224828,29.699003027603908,5.635845010560335e-06,-21.671206919501174,True,-406.6490401865282,-414.19758822045867,-421.4985417003302,-428.3726718739937,352.25345162926817,3.3539840246544896
343,age_randomized,weak_monsoon_start,Weak monsoon starts,100,2.17850253775334,0.026394721055788842,0.012397520495900819,100,0,224.52246327812202,0.22226724682890164,4.940272901289989,0.006891164918269905,3175,98,12.873517490842573,0.0016015894358524625,-8.857086209871682,0.09475795838181587,37.940158208518596,1.1528667370284523e-07,-29.912362100415862,True,-415.95654235497386,-422.39330110039515,-434.92662145923316,-439.5464995808711,230.42458275341704,2.993931964119858
344,age_randomized,strong_monsoon_start,Strong monsoon starts,96,2.0211713999058776,0.06818636272745451,0.042191561687662464,96,0,24.390535236802034,0.22342436723713707,4.792170996030249,0.008003218528179142,3175,95,14.58991829804495,0.0006789526627092916,-10.573487017074058,0.11078317250297155,28.17676469069545,1.148513142438823e-05,-20.148968582592715,True,-409.16485259282837,-416.45981174185084,-423.2532349381761,-428.3726718739916,5.603594616176921,3.254739023789175
344,age_randomized,weak_monsoon_start,Weak monsoon starts,100,2.189668444271884,0.023395320935812838,0.010997800439912017,100,0,221.34473165708542,0.2290874842051239,5.248107541943289,0.005032222573016217,3175,98,13.474518843701503,0.0011858927389258441,-9.458087562730611,0.09918174241925025,36.66881773562511,2.1076490554192487e-07,-28.641021627522377,True,-415.5997514907046,-422.33701091255534,-433.93416035851715,-438.8533524003069,228.7850637595505,3.0743165798400836
345,age_randomized,strong_monsoon_start,Strong monsoon starts,96,2.00209500077583,0.07958408318336332,0.04979004199160168,96,0,21.178156331366846,0.2349227009684769,5.298112841311144,0.004772260099939397,3175,95,18.200154628705832,0.00011165717545412165,-14.18372334773494,0.13819617276971694,30.547744509825975,3.7855803181497116e-06,-22.51994840172324,True,-408.0226638564707,-417.1227411708236,-423.29653611138366,-428.3726718739939,0.15987721003995234,3.8475470829003795
345,age_randomized,weak_monsoon_start,Weak monsoon starts,100,2.1863154414699184,0.02459508098380324,0.011597680463907219,100,0,220.75133609290668,0.21768092889716914,4.738498680553441,0.008465737076835598,3175,99,12.451431445841536,0.0019779076747735145,-8.435000164870644,0.09072534544891152,35.80044815871838,3.180522048919623e-07,-27.772652050615648,True,-420.27860733056866,-426.50432305348943,-438.17883140992785,-442.32636305802583,229.49257429199545,2.8954652824478355
346,age_randomized,strong_monsoon_start,Strong monsoon starts,96,2.0132582155236394,0.07278544291141771,0.04619076184763048,96,0,15.582050567191049,0.24575670082644707,5.798050176105582,0.0028591101384524494,3175,95,17.136972791598282,0.00019000001710088365,-13.12054151062739,0.1301232929594102,28.49894240108256,9.880708152059284e-06,-20.471146292979824,True,-407.0945789528839,-415.66306534868306,-421.3440501534252,-428.37267187399095,359.7990063420086,3.623194623878704
346,age_randomized,weak_monsoon_start,Weak monsoon starts,100,2.1857806967103484,0.02459508098380324,0.011597680463907219,100,0,218.16687397992143,0.27592595755816196,7.61351340543886,0.00044169501171242306,3175,99,19.345156299370615,6.298725524819892e-05,-15.328725018399723,0.14095535888042363,42.655312936958694,1.2199994231364742e-08,-34.62751682885596,True,-416.83840557190223,-426.51098372158754,-438.1660620403816,-442.3263630580277,221.97175321418445,3.9039425603461595
347,age_randomized,strong_monsoon_start,Strong monsoon starts,96,2.012056533268077,0.07398520295940812,0.046390721855628876,96,0,25.11021107364926,0.2450929042612182,5.766771045043072,0.0029523615124394114,3175,94,18.970324180860985,7.597075529891153e-05,-14.953892899890093,0.14557655648821347,33.410543020484056,9.842271829444938e-07,-25.38274691238132,True,-399.15451552945285,-408.63967761988334,-415.8597870396949,-424.85820413133945,7.373112733538924,3.907694399472625
347,age_randomized,weak_monsoon_start,Weak monsoon starts,100,2.1838988301407714,0.02519496100779844,0.011797640471905619,100,0,222.50957996630976,0.27258354154788605,7.430178712278812,0.0005339514414999874,3175,99,19.629804473349623,5.463137335437695e-05,-15.613373192378731,0.14302940185515906,41.18150114426555,2.4650083145872976e-08,-33.15370503616282,True,-416.96586274422646,-426.78076498090127,-437.55661331635923,-442.3263630580296,227.68159770667532,3.8753504981670392
348,age_randomized,strong_monsoon_start,Strong monsoon starts,96,2.004992157208499,0.07778444311137772,0.04939012197560488,96,0,17.425759329620615,0.2319492037198768,5.164841578203351,0.005469297767560439,3175,95,18.739422234489325,8.526801732208205e-05,-14.722990953518433,0.14229090277274806,34.59391174908444,5.628677300319287e-07,-26.566115640981707,True,-403.8830866521748,-413.2527977694195,-421.18004252671705,-428.37267187399266,355.2208599991697,3.8536781193297096
348,age_randomized,weak_monsoon_start,Weak monsoon starts,100,2.18146106355707,0.02539492101579684,0.01199760047990402,100,0,223.95997035502782,0.23786333732558326,5.657896724366421,0.0033087361448881883,3175,98,14.102939003405368,0.0008661352344654694,-10.086507722434476,0.10380734776618604,35.21552862249564,4.195071019840547e-07,-27.187732514392906,True,-416.68798258972765,-423.73945209143034,-434.2957469009755,-438.8533524003079,228.18600629206455,3.1589935659855715
349,age_randomized,strong_monsoon_start,Strong monsoon starts,96,1.9851106522907274,0.09058188362327535,0.0593881223755249,96,0,27.345577659079368,0.23610174255476604,5.351427152390114,0.004518833423881081,3175,95,17.223858977640703,0.0001819225540185856,-13.20742769666981,0.13078303122112156,29.713828978840525,5.596837573051318e-06,-21.68603287073779,True,-408.9592457389949,-417.5711752278153,-423.8161602284152,-428.37267187399385,5.455717440757375,3.684269290340027
349,age_randomized,weak_monsoon_start,Weak monsoon starts,100,2.1919131900610536,0.023195360927814438,0.010797840431913617,100,0,226.2923662516245,0.2009235302229307,4.037026499724494,0.017283611723946234,3175,99,10.58922997354398,0.005018546210251757,-6.5727986925730875,0.07715671499830641,31.296891783069213,2.662808888194934e-06,-23.26909567496648,True,-422.4985949321658,-427.7932099189378,-438.1470408237004,-442.3263630580267,236.93572059721808,2.6687164555753675
350,age_randomized,strong_monsoon_start,Strong monsoon starts,96,2.0041073593105474,0.07838432313537293,0.04939012197560488,96,0,20.562290766313026,0.24640156751469525,5.828518317475096,0.002771094250573966,3175,95,18.43748276456631,9.916341795676665e-05,-14.42105148359542,0.13999823658376606,30.029075098094836,4.828181595177457e-06,-22.0012789899921,True,-407.31861022545195,-416.5373516077351,-422.33314777449937,-428.37267187399505,3.0435296205887803,3.8134195233365005
350,age_randomized,weak_monsoon_start,Weak monsoon starts,100,2.186665720579375,0.02459508098380324,0.011597680463907219,100,0,218.23191047880826,0.24237599032773097,5.874612068734834,0.002649720783480336,3175,99,17.954877295500182,0.00012622574239063342,-13.93844601452929,0.1308253153231715,44.49339543000019,5.066910231972327e-09,-36.46559932189746,True,-415.7396685687884,-424.71710721653847,-437.98636628378847,-442.3263630580259,225.74648816443252,3.7045643666920456
351,age_randomized,strong_monsoon_start,Strong monsoon starts,96,1.9951569869995942,0.08498300339932013,0.05378924215156969,96,0,17.717440112359967,0.22687089896697485,4.941158860615998,0.00687397177592621,3175,95,15.085714051923674,0.0005298815717251682,-11.069282770952782,0.11454781500515386,26.237414621009634,2.8340841450429733e-05,-18.2096185129069,True,-408.4433346524296,-415.98619167839144,-421.5620419629344,-428.3726718739938,359.85741106545225,3.308436060238213
351,age_randomized,weak_monsoon_start,Weak monsoon starts,100,2.1812947529895044,0.02579484103179364,0.01199760047990402,100,0,214.91833517151716,0.22194402345093397,4.9259149545588725,0.0069928685474879414,3175,99,13.173454169930665,0.0013785444470511608,-9.157022888959773,0.09598624748655053,37.52589242151271,1.403484707999601e-07,-29.498096313409974,True,-419.0467253711811,-425.6334524561464,-437.80967158193744,-442.32636305802953,223.88678806905943,2.989937142733755
352,age_randomized,strong_monsoon_start,Strong monsoon starts,96,1.980394066304054,0.09518096380723855,0.0623875224955009,96,0,19.183914203422457,0.23196485164477357,5.165538470263854,0.005465401586960122,3175,95,17.06774618669772,0.000196691687480301,-13.051314905726827,0.1295976462247385,29.466898763660993,6.283016226326917e-06,-21.43910265555826,True,-408.1100211465918,-416.64389423994066,-422.8434705284223,-428.372671873997,358.9767539275071,3.638267302318736
352,age_randomized,weak_monsoon_start,Weak monsoon starts,100,2.190827903467559,0.023195360927814438,0.010797840431913617,100,0,219.24079831612505,0.2544654302850035,6.475265521013199,0.0014297470713978797,3175,98,15.937450652236635,0.000346119894816716,-11.921019371265743,0.11731061745099167,38.13239478052867,1.0522544294887665e-07,-30.104598672425936,True,-414.3097504461441,-422.2784757722624,-433.37594783640844,-438.853352400311,225.0663714970221,3.4186177328342295
353,age_randomized,strong_monsoon_start,Strong monsoon starts,96,2.0042682607085274,0.07838432313537293,0.04939012197560488,96,0,27.616436120377585,0.2181066887075309,4.566770655260523,0.010071592573774331,3175,95,13.763772707209682,0.0010262064300370244,-9.74734142623879,0.10451014015060142,26.872355672955337,2.1095718963033386e-05,-18.844559564852602,True,-408.5101030751356,-415.39198942874043,-421.94628091161326,-428.3726718739946,9.340546139360557,3.1253308519424206
353,age_randomized,weak_monsoon_start,Weak monsoon starts,100,2.1695470161024413,0.027794441111777646,0.014597080583883223,100,0,234.32887376967975,0.23446304385492792,5.497291893371785,0.003900112609168475,3175,98,15.23179255519608,0.0004925590147643867,-11.215361274225188,0.11211648766954498,39.53308233903522,5.405855231886484e-08,-31.505286230932484,True,-413.04480515548255,-420.6607014330806,-432.81134632500016,-438.8533524003087,239.7017188985534,3.286720846443794
354,age_randomized,strong_monsoon_start,Strong monsoon starts,96,2.0078851333688417,0.07618476304739052,0.04839032193561288,96,0,19.704326806186625,0.21665721632354518,4.506273540966475,0.0107120439178718,3175,95,14.955857529266268,0.0005654273366605429,-10.939426248295376,0.11356179731428585,27.146013380754198,1.857236695059346e-05,-19.118217272651464,True,-409.6736492384531,-417.15157800308623,-423.2466559288302,-428.37267187399607,359.64187534373445,3.3453917700239795
354,age_randomized,weak_monsoon_start,Weak monsoon starts,100,2.1783915148721715,0.026394721055788842,0.012397520495900819,100,0,222.7365114600525,0.17629857257076242,3.1081186690488387,0.04429644131517561,3175,98,7.525108692041385,0.023224341540208603,-3.5086774110704937,0.05538998465387011,31.01370888419717,3.0417464215558334e-06,-22.985912776094438,True,-417.44119669913465,-421.20375104515534,-432.94805114123324,-438.85335240031094,234.49236993966815,2.271438858532924
355,age_randomized,strong_monsoon_start,Strong monsoon starts,96,1.9710088397825944,0.10397920415916817,0.06718656268746251,96,0,27.972341429399222,0.22840335327294248,5.008136811487158,0.006419393825414906,3175,95,15.670079586178304,0.0003956265714163953,-11.653648305207412,0.11898497952270957,27.73048093330692,1.4144073809741194e-05,-19.702684825204187,True,-409.4024108672841,-417.23745066037327,-423.2676513339376,-428.3726718739929,6.6961997913056654,3.4016468700355826
355,age_randomized,weak_monsoon_start,Weak monsoon starts,100,2.1676510561567928,0.028194361127774445,0.015196960607878424,100,0,216.55896277428369,0.21176209245892463,4.484318380258215,0.01096767364451432,3175,98,10.020599719891607,0.006668903269431854,-6.004168438920715,0.0737585179725559,28.359661503822736,1.0544953756211772e-05,-20.33186539572,True,-421.7119436306341,-426.7222434905799,-435.89177438254546,-438.8533524003093,226.44127508328646,2.605331177656684
356,age_randomized,strong_monsoon_start,Strong monsoon starts,96,2.0122969271278253,0.07358528294341132,0.046390721855628876,96,0,14.703041282937852,0.21256199058047034,4.337529584595068,0.012720570360515616,3175,95,14.349177631007706,0.0007658005386771019,-10.332746350036814,0.1089551968899456,25.811188557322453,3.454308911402725e-05,-17.78339244921972,True,-410.7948644731549,-417.96945328865877,-423.70045875181614,-428.37267187399243,356.70523924552305,3.2446849986201465
356,age_randomized,weak_monsoon_start,Weak monsoon starts,100,2.2220860192637497,0.019396120775844832,0.007998400319936013,100,0,230.22280877937817,0.22488885343908918,5.057499640114814,0.006114002735860588,3175,98,12.594076156650317,0.0018417518308407367,-8.577644875679425,0.09270107763151708,35.9168343817571,3.0099590437123413e-07,-27.889038273654364,True,-415.5363576023493,-421.83339568067447,-433.49477479322786,-438.85335240030895,238.25257555140954,2.9550006257676915
357,age_randomized,strong_monsoon_start,Strong monsoon starts,96,2.0151794166436168,0.07118576284743051,0.04499100179964007,96,0,29.741619670870573,0.20808694764170257,4.1568170667687045,0.015288269575658474,3175,95,13.212702189822267,0.0013517555892153261,-9.196270908851375,0.100325789084207,26.54255458629791,2.459350051392822e-05,-18.514758478195176,True,-409.9508787213638,-416.5572298162749,-423.22215601451273,-428.372671873994,7.905119260363649,3.0627276649924093
357,age_randomized,weak_monsoon_start,Weak monsoon starts,100,2.1690824733516303,0.027994401119776045,0.014797040591881624,100,0,224.2513405512939,0.21151151147242145,4.4737119485348265,0.011086732418026836,3175,98,10.971656752761419,0.004145099953793872,-6.955225471790527,0.08075895299767759,34.31438431280867,6.423545596381493e-07,-26.286588204705936,True,-416.3566424983977,-421.8424708747784,-433.51383465480205,-438.8533524003092,231.25390181686558,2.7432993976774895
358,age_randomized,strong_monsoon_start,Strong monsoon starts,96,1.988519127365087,0.08918216356728655,0.05718856228754249,96,0,23.26634565050036,0.23909378424489336,5.487920415796188,0.003929382745463911,3175,95,18.068826280751296,0.00011923512899987272,-14.052394999780404,0.13719897931538982,30.58173887207863,3.7256670718604972e-06,-22.553942763975897,True,-407.61069252896704,-416.6451056693427,-422.90156196500635,-428.3726718739949,2.4881553241137535,3.785247215552242
358,age_randomized,weak_monsoon_start,Weak monsoon starts,100,2.1657906606471764,0.029194161167766446,0.015396920615876825,100,0,232.21234645456298,0.2507693613385415,6.288527258613999,0.0017324161662077187,3175,98,18.46287445117696,9.791241282682053e-05,-14.446443170206066,0.1358994765881048,46.14024774923553,2.30277141488279e-09,-38.11245164113279,True,-411.33178867855054,-420.563225904139,-434.4019125531683,-440.23964676142987,234.684908820564,3.7367110829373673
359,age_randomized,strong_monsoon_start,Strong monsoon starts,96,2.003302658471317,0.07898420315936813,0.049590081983603276,96,0,23.531338450443887,0.2148811243723127,4.432694170704894,0.011545810483147666,3175,95,13.232504948187625,0.0013384373876525939,-9.216073667216733,0.10047615403836292,24.206600962883158,7.260793549128642e-05,-16.178804854780424,True,-410.16746321241317,-416.783715686507,-422.27076369385475,-428.37267187399414,5.325098541748887,3.0702049122402544
359,age_randomized,weak_monsoon_start,Weak monsoon starts,100,2.201491910439759,0.022395520895820836,0.009598080383923215,100,0,220.37036027654892,0.176669773334925,3.121220881021378,0.043713670350353055,3175,98,7.417483943101956,0.024508336069914618,-3.4010526621310646,0.05459779234993218,30.433886323141678,3.993323997882419e-06,-22.406090215038944,True,-419.7018108375504,-423.4105528091014,-434.91875399912124,-438.85335240030787,232.4428785334911,2.246653959698604
360,age_randomized,strong_monsoon_start,Strong monsoon starts,96,1.9660124039929103,0.10757848430313938,0.07038592281543692,96,0,28.45383915832299,0.1969696969099074,3.7245179040749554,0.02371708659268956,3175,94,14.292142080171175,0.0007879538466320567,-10.275710799200283,0.1096766090571459,27.778145823996738,1.3833113242556023e-05,-19.750349715894004,True,-403.9737905112331,-411.1198615513187,-417.8628634232315,-424.85820413133547,4.652435470027163,3.1991323901107234
360,age_randomized,weak_monsoon_start,Weak monsoon starts,100,2.187384538805707,0.02399520095980804,0.011397720455908818,100,0,223.1036502365946,0.20183888872600395,4.07389370021482,0.01664836927054875,3175,98,10.351728273035292,0.005651331281596721,-6.3352969920644,0.07619585226601067,32.153385758462946,1.7798555743520892e-06,-24.12558965036021,True,-420.1195838749487,-425.29544801146636,-436.1962767541802,-439.5464995808683,232.10951379329873,2.657245554412301
361,age_randomized,strong_monsoon_start,Strong monsoon starts,96,2.001047774558565,0.08058388322335533,0.05038992201559688,96,0,14.500628184044762,0.22145559818091462,4.708087868704005,0.008720088183083601,3175,95,16.610829018954178,0.00024717486669954434,-12.594397737983286,0.12612821395105095,30.256263071896456,4.340302601903036e-06,-22.22846696379372,True,-407.8089687172604,-416.1143832267375,-422.93710025320865,-428.37267187399425,353.6465411582438,3.532432388552438
361,age_randomized,weak_monsoon_start,Weak monsoon starts,100,2.1765402997775967,0.02659468106378724,0.012997400519896021,100,0,221.46900715662738,0.226609680392922,5.135194724778226,0.005647619445003367,3175,98,11.738836702967319,0.00282451573170467,-7.722405421996427,0.08640592600600154,31.034475536206287,3.0122199705225087e-06,-23.006679428103553,True,-418.0565463129044,-423.92596466438806,-433.57378408100755,-438.85335240030963,232.1905542537952,2.835957085148255
362,age_randomized,strong_monsoon_start,Strong monsoon starts,96,2.019814774985548,0.0687862427514497,0.04279144171165767,96,0,17.96231994707674,0.2375058791473568,5.41526809243765,0.0042329229602355535,3175,95,17.869298659425453,0.0001317440767625154,-13.852867378454562,0.13568393979008897,30.722362848962575,3.4876936631589657e-06,-22.69456674085984,True,-406.43465346362086,-415.3693027933336,-421.79583488810215,-428.37267187399266,358.8055047287502,3.74960954689361
362,age_randomized,weak_monsoon_start,Weak monsoon starts,100,2.2156731968530794,0.020195960807838434,0.008398320335932814,100,0,227.630485787942,0.19123830583918822,3.6572089620242885,0.025409596410641118,3175,98,9.256825558856235,0.009770254350599241,-5.240394277885343,0.06813661391906173,29.997522583349564,4.900124271187988e-06,-21.96972647524683,True,-419.4655657978745,-424.0939785773026,-434.4643270895493,-438.85335240030986,239.02002536868315,2.510208154238402
363,age_randomized,strong_monsoon_start,Strong monsoon starts,96,2.0228459745682144,0.06718656268746251,0.041191761647670466,96,0,18.9443065674152,0.22784070146836943,4.98349298357747,0.00658306500445404,3175,95,15.375731647081466,0.00045835533981582633,-11.359300366110574,0.11674995682781013,26.997733248112354,1.9899894225632632e-05,-18.96993714000962,True,-407.6295535117989,-415.31741933533965,-421.1284201358551,-428.3726718739946,1.1112458708599515,3.402556185453525
363,age_randomized,weak_monsoon_start,Weak monsoon starts,100,2.169714227144904,0.027794441111777646,0.014397120575884824,100,0,222.04263013721697,0.19731817968720475,3.8934464035072023,0.019995884198609086,3175,99,11.821169715622318,0.002710601107473318,-7.804738434651426,0.08613304508199553,38.822197931731694,7.58111736135332e-08,-30.79440182362896,True,-417.96545740961204,-423.8760422674232,-437.3765563754779,-442.3263630580289,230.8548762859287,2.7988242251989073
364,age_randomized,strong_monsoon_start,Strong monsoon starts,96,2.016459200477716,0.06998600279944012,0.04399120175964807,96,0,13.550892538445732,0.22218995419076704,4.739364071356334,0.00844626652678967,3175,95,16.463657073650324,0.0002660494040744034,-12.447225792679433,0.125010717973957,30.95765243153653,3.122895571962748e-06,-22.929856323433796,True,-407.0623278087853,-415.2941563456105,-422.5411540245536,-428.37267187399414,353.9516256475388,3.513538533907923
364,age_randomized,weak_monsoon_start,Weak monsoon starts,100,2.1717939987133836,0.026994601079784044,0.013797240551889621,100,0,220.11557290147806,0.24165787461560725,5.839852836373256,0.002745865561857189,3175,99,16.06931225095309,0.00032403593900239046,-12.052880969982198,0.11708644997447622,37.88172587461588,1.1853093008957404e-07,-29.853929766513147,True,-419.900726775625,-427.93538290110155,-438.84158971293294,-442.32636305802697,226.03479680941408,3.418137668291612
365,age_randomized,strong_monsoon_start,Strong monsoon starts,96,2.017977889616158,0.06958608278344332,0.04299140171965607,96,0,20.613376088488117,0.2003750652357202,3.8544160097490363,0.020787654022278886,3175,95,11.773249263378148,0.002776332042360758,-7.756817982407256,0.0893958333022384,23.58899848565011,9.654668242216009e-05,-15.561202377547374,True,-408.04214969497787,-413.92877432666694,-419.8366489378029,-428.37267187399607,3.268286992653633,2.8499179752424992
365,age_randomized,weak_monsoon_start,Weak monsoon starts,100,2.189668444271884,0.023395320935812838,0.010997800439912017,100,0,226.90555978773298,0.20339514631316555,4.136958554375402,0.015615122416287727,3175,99,10.987645503748809,0.004112094572789954,-6.971214222777917,0.08005970545103193,32.919124416470595,1.240898638787309e-06,-24.89132830836786,True,-421.99985717450534,-427.49367992637974,-438.45941938274063,-442.3263630580276,235.874826142267,2.7183031015747923
366,age_randomized,strong_monsoon_start,Strong monsoon starts,96,2.0333402938823526,0.0627874425114977,0.036392721455708855,96,0,23.398401667191248,0.2055906214936938,4.057680350031674,0.0169094976192908,3175,95,13.760282882279057,0.0010279986335932137,-9.743851601308165,0.10448364144996466,27.510910783470536,1.566874615766106e-05,-19.4831146753678,True,-408.561242959071,-415.44138440021055,-422.3166983508063,-428.3726718739927,2.5374157803361275,3.1416395379875515
366,age_randomized,weak_monsoon_start,Weak monsoon starts,100,2.1893922920558078,0.023395320935812838,0.011197760447910418,100,0,223.39248948189908,0.24443917251547062,5.9750509060048005,0.002390320003258327,3175,99,17.99496327189547,0.00012372098657191665,-13.97853199092458,0.1311173953199123,42.775357494171885,1.1520151905838797e-08,-34.74756138606915,True,-415.8840357874094,-424.88151742335714,-437.27171453449535,-442.3263630580286,228.64337222106545,3.694246326549697
367,age_randomized,strong_monsoon_start,Strong monsoon starts,96,2.0105333713416194,0.07498500299940011,0.046590681863627276,96,0,21.659353529962605,0.22132714705721557,4.702627778350688,0.008768788234858976,3175,95,15.393027841902494,0.00045440852898904783,-11.376596560931603,0.11688128911462353,28.270993339341658,1.099077897441714e-05,-20.243197231238923,True,-405.87018474776266,-413.5666986687139,-420.0056814174335,-428.3726718739924,1.000954022185333,3.3870001916359205
367,age_randomized,weak_monsoon_start,Weak monsoon starts,100,2.195294366891168,0.022795440911817635,0.009998000399920015,100,0,214.84859412665628,0.1804355447118146,3.255698579544925,0.038155951576670746,3175,99,8.491782186942032,0.014322964890264958,-4.4753509059711405,0.06187400024954802,35.146048094461776,4.335260981100778e-07,-27.11825198635904,True,-420.0133716567386,-424.25926275020964,-437.5863957039695,-442.32636305802805,226.92419875815074,2.3972651700673353
368,age_randomized,strong_monsoon_start,Strong monsoon starts,96,2.000483656449777,0.08078384323135374,0.05058988202359528,96,0,23.156864697860073,0.2648222638158918,6.732559815607084,0.0010931193229838198,3175,95,21.292824318496287,2.37860291714318e-05,-17.276393037525395,0.1616792213200764,32.67261735133718,1.3937597501756878e-06,-24.644821243234446,True,-404.48068549968696,-415.1270976589351,-420.81699417535555,-429.06581905455516,6.172252425016524,4.307478784995822
368,age_randomized,weak_monsoon_start,Weak monsoon starts,100,2.175688211904645,0.02659468106378724,0.012997400519896021,100,0,222.1627567694952,0.22379126315497147,5.008252946449769,0.006429256724594801,3175,98,12.603608306212891,0.0018329947888216286,-8.587177025242,0.09277124081979739,33.82020259485944,8.11211988530243e-07,-25.792406486756704,True,-417.8890894579936,-424.1908936111,-434.7991907554233,-438.85335240031065,228.35174225671432,2.9391138754825583
369,age_randomized,strong_monsoon_start,Strong monsoon starts,96,1.9825097855959946,0.09378124375124974,0.060787842431513694,96,0,19.157986705655734,0.22081176321226134,4.680752138199146,0.008966631148830733,3175,95,15.506822479585026,0.00042927567781369527,-11.490391198614134,0.11774534679601481,28.405370521584246,1.0322204703693417e-05,-20.37757441348151,True,-407.42709048637516,-415.1805017261677,-421.6297757471673,-428.37267187399186,359.1846421394792,3.348557825713454
369,age_randomized,weak_monsoon_start,Weak monsoon starts,100,2.192170636819858,0.023195360927814438,0.010797840431913617,100,0,230.6363004882343,0.22890400965597327,5.23970456365819,0.005075627383901082,3175,99,14.489680998910899,0.0007138480028458001,-10.473249717940007,0.10557672182420098,37.472360496443684,1.4396052080004364e-07,-29.44456438834095,True,-418.7631384189825,-426.00797891843797,-437.49931866720436,-442.3263630580282,237.49670832884513,3.1972482529306245
370,age_randomized,strong_monsoon_start,Strong monsoon starts,96,1.976563749716004,0.09878024395120975,0.0637872425514897,96,0,18.323987091477267,0.22327693594017514,4.785848651791975,0.008055020053793386,3175,95,16.222314426732282,0.00030017130987575674,-12.20588314576139,0.12317817144835869,29.810540481215867,5.348899470691779e-06,-21.782744373113132,True,-408.6091443541691,-416.7203015675352,-423.514414594777,-428.37267187399345,358.5013669628735,3.5126974566654776
370,age_randomized,weak_monsoon_start,Weak monsoon starts,100,2.1897788954071866,0.023395320935812838,0.010997800439912017,100,0,224.41732321007422,0.22452274087189722,5.041046116862911,0.006217581252144472,3175,99,14.51341672842193,0.000705426224403543,-10.496985447451038,0.10574966838610728,37.47835802305838,1.4355127213078177e-07,-29.450561914955642,True,-419.035718934607,-426.292427298818,-437.7748979461362,-442.32636305802953,232.6953196841748,3.171429897636954
371,age_randomized,strong_monsoon_start,Strong monsoon starts,96,2.0079654343200373,0.07598480303939212,0.04839032193561288,96,0,20.260882700436706,0.21766453415623424,4.548273545227245,0.010263260473897091,3175,94,16.915777585519663,0.00021221963768962385,-12.899346304548772,0.12981015125218034,29.33686085675822,6.677395503439952e-06,-21.309064748655487,True,-404.86251001912467,-413.3203988118845,-419.5309404475038,-424.8582041313398,1.958793540908987,3.5650464452472
371,age_randomized,weak_monsoon_start,Weak monsoon starts,100,2.19606542749044,0.022795440911817635,0.009998000399920015,100,0,221.81627763182865,0.19402034608386867,3.764389469450417,0.02279308021254145,3175,98,10.29810439993014,0.005804904008542835,-6.281673118959247,0.07580114361395932,34.98104586847694,4.6871796316932676e-07,-26.953249760374206,True,-417.8744720637894,-423.0235242637545,-435.3649949980279,-438.85335240030753,231.41778745421007,2.6384062694947765
372,age_randomized,strong_monsoon_start,Strong monsoon starts,96,1.9999193792199612,0.08098380323935213,0.05098980203959208,96,0,23.837630224280584,0.21999128336278398,4.646031816538053,0.009289795245980734,3175,95,14.946959124658179,0.0005679486420091801,-10.930527843687287,0.11349423055533893,27.22213478170488,1.792546717894978e-05,-19.194338673602147,True,-408.2161199470788,-415.6895995094079,-421.82718733793126,-428.37267187399584,4.023354947689764,3.270899996191423
372,age_randomized,weak_monsoon_start,Weak monsoon starts,100,2.1771884041085747,0.026394721055788842,0.01279744051189762,100,0,212.79358876472037,0.2422812387777372,5.87001986636749,0.002662228323476416,3175,99,15.031788715208108,0.0005443629437261678,-11.015357434237217,0.10952670219758293,36.401549226972975,2.392339267199002e-07,-28.37375311887024,True,-420.46588662603307,-427.9817809836371,-438.66666123951956,-442.32636305803055,220.3174897357447,3.2691261732888104
373,age_randomized,strong_monsoon_start,Strong monsoon starts,96,1.9980642034502594,0.08258348330333934,0.052189562087582485,96,0,25.084352051760316,0.21826753302720803,4.573508733483202,0.010002660549055905,3175,95,14.86482151581879,0.0005917592027668291,-10.848390234847898,0.1128705488661649,28.382117780960016,1.0434928529283052e-05,-20.35432167285728,True,-408.92402605373843,-416.3564368116478,-423.11508494421844,-428.3726718739933,4.015079343087129,3.3173221499012433
373,age_randomized,weak_monsoon_start,Weak monsoon starts,100,2.1886372982186475,0.023795240951809637,0.011397720455908818,100,0,226.26354681916217,0.22395399671262134,5.015539264355681,0.006381613485414936,3175,98,14.313258636389037,0.000779678176076874,-10.296827355418145,0.10535544517183465,42.52450506550281,1.2986441307932116e-08,-34.496708957400074,True,-413.2338820384523,-420.3905113566468,-434.4961345712037,-439.5464995808701,232.5781702647029,3.162601391694497
374,age_randomized,strong_monsoon_start,Strong monsoon starts,96,1.9805568941823397,0.09498100379924015,0.0623875224955009,96,0,21.338745642284568,0.2296240750317634,5.06181272008252,0.006076781667784661,3175,94,17.42040159150747,0.0001648951409047508,-13.403970310536579,0.13368259035298954,29.352695215621907,6.628085536236083e-06,-21.324899107519173,True,-405.05719210756763,-413.76739290332137,-419.7335397153786,-424.8582041313379,2.207692631865863,3.7784867247421543
374,age_randomized,weak_monsoon_start,Weak monsoon starts,100,2.185504053252912,0.02459508098380324,0.011597680463907219,100,0,220.47534496371233,0.21068477480959902,4.4388074336571455,0.011487693185119283,3175,98,12.912883502056275,0.001570373560927155,-8.896452221085383,0.0950477193469056,41.4950663287766,2.1226130765120573e-08,-33.46727022067387,True,-413.76717230767963,-420.22361405870777,-434.51470547206793,-438.85335240031026,226.58479164080444,3.012436502929806
375,age_randomized,strong_monsoon_start,Strong monsoon starts,96,2.0115756593635954,0.07418516296740651,0.046390721855628876,96,0,19.521947106779063,0.2314622723393144,5.143179217581979,0.005591794926110343,3175,95,17.914612836304855,0.0001287927006138813,-13.898181555333963,0.1360280163072778,31.764608415345037,2.1371482253242584e-06,-23.736812307242303,True,-406.34890906567307,-415.3062154838255,-422.2312132733456,-428.37267187399345,0.03821189061686445,3.754194513983251
375,age_randomized,weak_monsoon_start,Weak monsoon starts,100,2.196946308234252,0.022795440911817635,0.009998000399920015,100,0,215.84464779521986,0.19050194153862957,3.6290989729987433,0.026143943142001528,3175,98,9.52264102409822,0.008554305871944083,-5.506209743127329,0.0700931988858791,33.92824719172813,7.708693288243796e-07,-25.9004510836254,True,-418.43055287926205,-423.19187339131116,-435.3946764751261,-438.85335240030906,227.3046230864261,2.5323114872403427
376,age_randomized,strong_monsoon_start,Strong monsoon starts,96,2.0226068344998476,0.06758648270345931,0.041391721655668866,96,0,22.462723889154745,0.248499009999143,5.928168765173201,0.002501619192426217,3175,94,18.557839332624667,9.337194185065809e-05,-14.541408051653775,0.1424111849722966,28.693061761465515,9.023832423274289e-06,-20.66526565336278,True,-405.90384374337873,-415.18276340969106,-420.2503746241115,-424.8582041313392,6.9949180611634505,3.8689679540933883
376,age_randomized,weak_monsoon_start,Weak monsoon starts,100,2.2195993901506585,0.019596080783843232,0.008398320335932814,100,0,222.71069609407675,0.21514381850548023,4.628686264111901,0.009468132806406999,3175,98,12.21516641563619,0.002225923912859993,-8.198735134665299,0.08991204087485585,36.4843029550118,2.3003181411151167e-07,-28.456506846909065,True,-415.59393840571227,-421.70152161353036,-433.83608988321816,-438.8533524003103,230.27876483467813,2.897345310631364
377,age_randomized,strong_monsoon_start,Strong monsoon starts,96,2.0074835804313285,0.07618476304739052,0.04859028194361128,96,0,13.12088070572913,0.21273775413583393,4.344705795336818,0.012627983242772485,3175,95,15.362835666422257,0.00046132035955082963,-11.346404385451365,0.11665203594704991,26.981977377961243,2.004638534575016e-05,-18.95418126985851,True,-409.6958961500548,-417.37731398326594,-423.18688483903543,-428.3726718739961,353.46525211176964,3.4200491918165894
377,age_randomized,weak_monsoon_start,Weak monsoon starts,100,2.1868869205832873,0.02439512097580484,0.011397720455908818,100,0,228.70573842929457,0.2153168455203746,4.636134396484486,0.009396560495870008,3175,98,11.73304351007289,0.002832709074613511,-7.716612229101997,0.08636328411488059,34.94921990820728,4.7582647400749837e-07,-26.92142380010455,True,-417.06835730572016,-422.9348790607566,-434.5429672598238,-438.85335240030855,236.9780504520315,2.8336234774453586
378,age_randomized,strong_monsoon_start,Strong monsoon starts,96,1.99628807426672,0.08418316336732654,0.05318936212757448,96,0,19.783670992846744,0.21179718041952553,4.30637238083146,0.013130452083009479,3175,94,14.130068263649946,0.0008544657553884389,-10.113636982679054,0.10843286920952289,24.0922818000613,7.654371622196859e-05,-16.064485691958566,True,-407.9302413415736,-414.9952754733986,-419.97638224160426,-424.85820413133774,3.5922644785096836,3.182944018550944
378,age_randomized,weak_monsoon_start,Weak monsoon starts,100,2.182144651611038,0.02539492101579684,0.01199760047990402,100,0,228.79415071433883,0.20690673189575737,4.281039570378282,0.013487694998873066,3175,98,11.989560524066292,0.0024917244399678125,-7.9731292430954,0.08825142607402306,35.93052756325676,2.990501063831066e-07,-27.902731455154026,True,-417.02348484912045,-423.0182651111536,-434.98874863074883,-438.85335240030946,234.1823741398324,2.8590844061983467
379,age_randomized,strong_monsoon_start,Strong monsoon starts,96,1.9963688416923298,0.08418316336732654,0.05318936212757448,96,0,23.77616214038677,0.2138967187810121,4.392173405307204,0.012032213787807432,3175,95,14.118942419341124,0.0008592323276121572,-10.102511138370232,0.10720699058410665,27.56038303678622,1.5311541844855642e-05,-19.532586928683486,True,-408.58233682344974,-415.6418080331203,-422.36252834184285,-428.37267187399345,4.765140161872076,3.1864604140484056
379,age_randomized,weak_monsoon_start,Weak monsoon starts,100,2.16787419633128,0.028194361127774445,0.015196960607878424,100,0,220.77403518849573,0.20125966112469165,4.050545119602572,0.01704792599605909,3175,98,10.083756812525849,0.006461599402775425,-6.067325531554957,0.07422339768857827,31.61944469459513,2.2881545992471737e-06,-23.591648586492397,True,-418.45148915114345,-423.4933675574064,-434.261211498441,-438.85335240030986,231.06816535383567,2.6117160503140346
380,age_randomized,strong_monsoon_start,Strong monsoon starts,96,2.0159793767468352,0.07078584283143372,0.04459108178364327,96,0,19.909342165967555,0.2309905731472017,5.122237908755784,0.005712807774064769,3175,95,16.563143808861582,0.0002531389768530141,-12.54671252789069,0.12576613386618601,29.94650119286007,5.018722639142928e-06,-21.918705084757335,True,-406.24494764191274,-414.52651954634354,-421.2181982383428,-428.37267187399476,0.025735203169928306,3.5530282445453785
380,age_randomized,weak_monsoon_start,Weak monsoon starts,100,2.1582023050715735,0.03119376124775045,0.016396720655868825,100,0,235.013793395751,0.25048785051781436,6.274416325703491,0.0017577230599770395,3175,98,15.829549891335091,0.0003653060927052115,-11.8131186103642,0.11651639350884473,35.06713958599255,4.500144597707837e-07,-27.039343477889815,True,-418.64222357838224,-426.5569985240498,-436.1757933713785,-438.85335240031117,238.4415084514401,3.403247878742483
381,age_randomized,strong_monsoon_start,Strong monsoon starts,96,1.9880325601393296,0.08958208358328335,0.057388522295540895,96,0,18.0675070092634,0.237410484761981,5.410918874392207,0.004251816380240321,3175,95,18.795641779031484,8.290452698647363e-05,-14.779210498060593,0.14271778518386388,33.86941226397107,7.925831573378675e-07,-25.841616155868337,True,-405.20985300769996,-414.6076738972157,-422.1445591396855,-428.37267187399385,356.9888697265235,3.8745519929363144
381,age_randomized,weak_monsoon_start,Weak monsoon starts,100,2.159583989358711,0.03079384123175365,0.016196760647870425,100,0,228.01526131409966,0.2176849969649873,4.7386757903646535,0.008464208841683618,3175,98,10.989622072716884,0.0041080326610195665,-6.973190791745992,0.0808911901303701,30.321815564626718,4.208885988260771e-06,-22.294019456523984,True,-419.28622109759624,-424.7810321339547,-434.4471288799096,-438.8533524003087,234.9601712160639,2.7394735127785887
382,age_randomized,strong_monsoon_start,Strong monsoon starts,96,2.0085274510862856,0.07598480303939212,0.04779044191161767,96,0,21.766115555383053,0.2172913929270024,4.5326927462550675,0.0104275214380543,3175,95,15.342794863715085,0.0004659662124881336,-11.326363582744193,0.11649986349083374,29.575090319356605,5.972626297081625e-06,-21.54729421125387,True,-406.26612882253903,-413.9375262543966,-421.05367398221733,-428.37267187399243,1.2559979729097406,3.385824736061759
382,age_randomized,weak_monsoon_start,Weak monsoon starts,100,2.1698071166005897,0.027794441111777646,0.014397120575884824,100,0,228.9002583638276,0.21608571264125778,4.669303520768024,0.00908430419478021,3175,98,12.557786835500337,0.0018754748135022706,-8.541355554529446,0.09243396322508697,36.37782162752387,2.419394706480098e-07,-28.350025519421138,True,-416.2437097583953,-422.5226031761455,-434.43262057215725,-438.8533524003122,235.5162628600269,2.940719236722091
383,age_randomized,strong_monsoon_start,Strong monsoon starts,96,1.9851918744692065,0.09058188362327535,0.0593881223755249,96,0,19.665851163710936,0.2225929342700355,4.756570981146657,0.008299285443716399,3175,95,15.369422007033336,0.00045980365180059923,-11.352990726062444,0.11670204689935101,28.575722476200895,9.53251370285452e-06,-20.54792636809816,True,-408.09377349688356,-415.7784845004002,-422.381634734984,-428.37267187399385,0.4335718228058544,3.35532221077373
383,age_randomized,weak_monsoon_start,Weak monsoon starts,100,2.17114428410886,0.027194561087782444,0.013797240551889621,100,0,222.50550005909363,0.23849966404029513,5.688208974733365,0.0032075731044010816,3175,98,12.802952630812683,0.0016591061003703115,-8.786521349841792,0.09423855239392738,32.619245409330915,1.429250849986139e-06,-24.59144930122818,True,-417.5999515393983,-424.00142785480466,-433.9095742440638,-438.8533524003098,230.06904085469907,2.9675957077594664
384,age_randomized,strong_monsoon_start,Strong monsoon starts,96,2.0175783454125042,0.06958608278344332,0.04339132173565287,96,0,16.25895301219237,0.23444268625453682,5.276483821271347,0.004879058626963503,3175,95,20.39348804920735,3.729154156950782e-05,-16.377056768236457,0.15485044250010413,35.7064429114655,3.325293676697512e-07,-27.678646803362767,True,-401.6709587414603,-411.867702766064,-419.52418019719306,-428.3726718739953,353.16756795066664,4.099444933472351
384,age_randomized,weak_monsoon_start,Weak monsoon starts,100,2.197368271781421,0.022595480903819236,0.009998000399920015,100,0,225.78417001515606,0.25390558189321216,6.446804451653067,0.0014722266565470382,3175,98,15.113169369538468,0.0005226572383430338,-11.096738088567577,0.11124333929361291,34.75850656964701,5.207317540615518e-07,-26.730710461544277,True,-417.9247237931611,-425.4813084779303,-435.3039770779846,-439.5464995808701,230.6777651072746,3.2929961806308103
385,age_randomized,strong_monsoon_start,Strong monsoon starts,96,1.9845420039633834,0.09098180363927215,0.059988002399520096,96,0,17.369934567790605,0.23673732876134393,5.380278031589437,0.004387321294439431,3175,95,18.847357924135167,8.07882549875717e-05,-14.830926643164275,0.14311047268952165,33.31767045163042,1.0283047470485044e-06,-25.289874343527686,True,-404.906507441567,-414.33018640363457,-421.5653426673822,-428.37267187399283,356.5881109278087,3.8064346463811938
385,age_randomized,weak_monsoon_start,Weak monsoon starts,100,2.2042732914293115,0.021995600879824034,0.009398120375924815,100,0,219.7120434511458,0.22731633663969358,5.167271690329049,0.005465553667108961,3175,98,11.914483168865559,0.002587038265493717,-7.898051887894667,0.08769880501263962,32.37406162406137,1.6042154530570497e-06,-24.346265515958635,True,-416.50540916881766,-422.46265075325044,-432.69243998084835,-438.85335240030884,227.86179147920205,2.8558600546823345
386,age_randomized,strong_monsoon_start,Strong monsoon starts,96,2.018137685149498,0.06938612277544491,0.04299140171965607,96,0,22.665884314656328,0.237030711355955,5.393621580087364,0.004327791228984429,3175,95,16.087269261562824,0.0003211396024486194,-12.070837980591932,0.12215275571106392,29.952377798713997,5.004918248143991e-06,-21.924581690611262,True,-407.1312528760634,-415.1748875068448,-422.1074417754204,-428.3726718739928,4.855370572175541,3.4616824358245566
386,age_randomized,weak_monsoon_start,Weak monsoon starts,100,2.185135140828293,0.024795040991801638,0.011597680463907219,100,0,224.81069930688358,0.27490256001335805,7.557141750189793,0.00046823209958401775,3175,99,19.51834804254736,5.776231287834988e-05,-15.501916761576467,0.14221729256226204,38.09760951520843,1.0697879296512728e-07,-30.0698134071057,True,-419.26685035059984,-429.0260243718735,-438.31565510820406,-442.32636305802635,227.73599431202285,3.952943569130618
387,age_randomized,strong_monsoon_start,Strong monsoon starts,96,2.0150994031669165,0.07118576284743051,0.04519096180763847,96,0,19.89427624564147,0.20851145747454372,4.173794678223212,0.015026566188404224,3175,94,14.259503293371608,0.0008009182735018838,-10.243072012400717,0.10942614195152693,25.583285008539747,3.839513837518482e-05,-17.555488900437012,True,-403.8216193631074,-410.9513710097932,-416.6132618673773,-424.85820413133786,4.18903673227633,3.2092916774248197
387,age_randomized,weak_monsoon_start,Weak monsoon starts,100,2.1927405899338916,0.023195360927814438,0.010597880423915218,100,0,214.85182719684187,0.23746572556367213,5.6389970817481245,0.0033734111014856938,3175,99,15.187319376269443,0.0005036345318571246,-11.170888095298551,0.11065995125525652,40.86578217092142,2.8654241002022384e-08,-32.837986062818686,True,-416.3280646262216,-423.9217243143563,-436.7609557116823,-442.32636305802515,219.63923277436623,3.2772545691821677
388,age_randomized,strong_monsoon_start,Strong monsoon starts,96,1.9943486747730068,0.08558288342331534,0.05378924215156969,96,0,20.81798661378112,0.24006155610847935,5.532436869237559,0.003754194920066189,3175,95,20.339942843536733,3.830341804486739e-05,-16.32351156256584,0.15444386669650215,34.49397754398353,5.900912184988303e-07,-26.4661814358808,True,-403.75542831275015,-413.9253997345185,-421.0024170847419,-428.3726718739938,357.7335596556257,4.22453825392432
388,age_randomized,weak_monsoon_start,Weak monsoon starts,100,2.1720909463761524,0.026994601079784044,0.013797240551889621,100,0,222.3307840355846,0.19173317119884511,3.676160893796565,0.02492611406177432,3175,99,10.850326474419717,0.0044043471497852635,-6.833895193448825,0.0790591525084422,39.37356448696937,5.83219516016788e-08,-31.345768378866637,True,-417.8044842775604,-423.22964751477025,-437.4912665210451,-442.3263630580264,228.45995431194004,2.7090917274569986
389,age_randomized,strong_monsoon_start,Strong monsoon starts,96,1.9979028024076722,0.08258348330333934,0.052189562087582485,96,0,11.421419964157208,0.2275308216272521,4.9699463798757515,0.006674795302317312,3175,95,18.20176156657908,0.0001115674984132757,-14.185330285608188,0.13820837446077353,32.08193154709966,1.8407350601551152e-06,-24.054135438996923,True,-407.1036769218848,-416.20455770517435,-423.14464269543464,-428.3726718739932,351.686843828605,3.798251750499033
389,age_randomized,weak_monsoon_start,Weak monsoon starts,100,2.2006311666068603,0.022395520895820836,0.009598080383923215,100,0,218.20397132809111,0.2197020864745658,4.826900680127759,0.007736070688003474,3175,99,11.82216159750385,0.00270925714270116,-7.805730316532959,0.08614027226922602,33.21296050135891,1.0803632612838466e-06,-25.185164393256173,True,-421.71600107113363,-427.62708186988556,-438.3224813218131,-442.32636305803175,227.16882206192187,2.8110687730884996
390,age_randomized,strong_monsoon_start,Strong monsoon starts,96,1.989086638696244,0.08918216356728655,0.05718856228754249,96,0,20.13575806994158,0.22925101994410538,5.04537889395961,0.006179700284472829,3175,95,17.11324551333496,0.00019226753263656157,-13.096814232364068,0.12994312860844026,28.356518782431067,1.0560443415824265e-05,-20.328722674328333,True,-409.6824921300688,-418.2391148867363,-423.8607515212843,-428.3726718739953,358.7969980412272,3.652697032017296
390,age_randomized,weak_monsoon_start,Weak monsoon starts,100,2.160796902111977,0.030393921215756847,0.015996800639872025,100,0,232.0703014881034,0.20903075538912702,4.369385669854905,0.012328544100074489,3175,99,15.459955291863025,0.0004394539405755327,-11.443524010892133,0.11264646884816097,42.77132638399621,1.1542355574544191e-08,-34.74353027589348,True,-417.0762309019599,-424.8062085478914,-438.461894093958,-442.3263630580282,236.31592407519983,3.362536972072106
391,age_randomized,strong_monsoon_start,Strong monsoon starts,96,1.9627291478541256,0.11057788442311538,0.07198560287942411,96,0,22.116404491224692,0.2212672442858524,4.700082565810088,0.008791582036296928,3175,95,15.9446029693014,0.00034488432581375385,-11.928171688330508,0.12106947175133985,30.098473290473862,4.673625926758259e-06,-22.070677182371128,True,-409.1208127379293,-417.09311422258,-424.17004938316626,-428.3726718739928,0.5696960350494467,3.471629409337457
391,age_randomized,weak_monsoon_start,Weak monsoon starts,100,2.167948571285638,0.027994401119776045,0.015196960607878424,100,0,227.4183530268815,0.24145217306431657,5.8299151877480675,0.0027739857594629496,3175,98,15.791965689863787,0.0003722358702047354,-11.775534408892895,0.11623974789109769,38.689761213635165,8.073841974891075e-08,-30.66196510553243,True,-414.93023158857216,-422.82621443350405,-434.27511219538974,-438.85335240030963,231.41381447528246,3.405735680030861
392,age_randomized,strong_monsoon_start,Strong monsoon starts,96,1.9909501798161997,0.08818236352729454,0.05598880223955209,96,0,22.72888675413043,0.22965792615181627,5.063305252257897,0.006067519402591568,3175,95,17.52971188086883,0.00015612463296368922,-13.51328059989794,0.13310541262495687,32.60591661334411,1.438253799575964e-06,-24.578120505241372,True,-405.54774949766795,-414.31260543810237,-421.85070780434,-428.3726718739937,0.7866641439159134,3.682866098042014
392,age_randomized,weak_monsoon_start,Weak monsoon starts,100,2.201253866030734,0.022395520895820836,0.009598080383923215,100,0,225.58842851400811,0.23293574737069186,5.425906240314278,0.004195658765179371,3175,98,12.409629007939088,0.002019683417281614,-8.393197726968197,0.09134341953584464,31.62500283902841,2.282181720166423e-06,-23.597206730925677,True,-417.9857448118927,-424.19055931586223,-433.7982462314069,-438.8533524003103,233.8865781929467,2.9494002211635584
393,age_randomized,strong_monsoon_start,Strong monsoon starts,96,2.011174843279882,0.07458508298340331,0.046590681863627276,96,0,15.9197536490359,0.24499097122877145,5.761975294427206,0.0029669239182389465,3175,95,18.524514432199,9.494078123994216e-05,-14.508083151228107,0.14065907950636594,31.10850058313474,2.9092727924425622e-06,-23.080704475032007,True,-406.278416418292,-415.5406736343915,-421.8326667098594,-428.37267187399357,356.52882170152,3.8477717210005653
393,age_randomized,weak_monsoon_start,Weak monsoon starts,100,2.167483685950521,0.028194361127774445,0.015196960607878424,100,0,237.72031696393665,0.22411227513474546,5.022631186607185,0.006335578681512982,3175,98,13.21649092472694,0.0013491972913667548,-9.200059643756049,0.09728247915845688,34.31688322360935,6.415966147684585e-07,-26.289087115506618,True,-417.18937412481455,-423.797619587178,-434.3478157366192,-438.8533524003094,243.6537939642712,3.026126148283143
394,age_randomized,strong_monsoon_start,Strong monsoon starts,96,2.0006448492832405,0.08058388322335533,0.05058988202359528,96,0,16.358151349183874,0.23386589442499725,5.2505526312195805,0.005010237774787869,3175,95,17.97231110922985,0.00012513022604409375,-13.955879828258958,0.13646612689789228,30.028848462441715,4.82869457745173e-06,-22.00105235433898,True,-409.25443903661557,-418.2405945912305,-424.2688632678364,-428.3726718739948,357.0566334371456,3.7960895113962865
394,age_randomized,weak_monsoon_start,Weak monsoon starts,100,2.1715341361986256,0.026994601079784044,0.013797240551889621,100,0,217.97811694748322,0.24444431974665048,5.97530254564027,0.002389702917967991,3175,99,15.098441701774846,0.0005265202050899232,-11.082010420803954,0.11001235842576612,35.611106729232915,3.4788246910781715e-07,-27.58331062113018,True,-421.6583766040965,-429.2075974549839,-439.46392996871293,-442.3263630580289,224.21060162621058,3.2466452861940356
395,age_randomized,strong_monsoon_start,Strong monsoon starts,96,1.9991129925982436,0.08158368326334733,0.05158968206358728,96,0,24.405260770528866,0.25256934092145916,6.123962109456025,0.002045751686623748,3175,95,21.753454312073814,1.8892847323188973e-05,-17.737023031102922,0.16517684556965015,37.06639044281155,1.745455873101088e-07,-29.03859433470882,True,-403.7334300176616,-414.6101571736985,-422.26662523906737,-428.37267187399664,2.2350263221441087,4.300410852305124
395,age_randomized,weak_monsoon_start,Weak monsoon starts,100,2.176262481694081,0.02659468106378724,0.012997400519896021,100,0,232.0532926008216,0.19165499720896986,3.6731637955170244,0.02500195919038804,3175,99,11.408762121848895,0.003331338642829245,-7.392330840878003,0.08312810371653157,34.413514819565194,6.129609547695089e-07,-26.38571871146246,True,-421.05089842638586,-426.7552794873103,-438.25765583616845,-442.3263630580274,240.00137607912018,2.7664701373351477
396,age_randomized,strong_monsoon_start,Strong monsoon starts,96,2.0047508874187474,0.07798440311937613,0.04939012197560488,96,0,24.133574952751896,0.20777065252110793,4.14418982870851,0.015485848847917259,3175,95,13.715617258999828,0.001051215012014787,-9.699185978028936,0.10414448948573751,28.519405412514402,9.786690941532639e-06,-20.491609304411668,True,-407.7372082140364,-414.5950168435363,-421.9969109202936,-428.372671873994,4.661069748512121,3.138540529550096
396,age_randomized,weak_monsoon_start,Weak monsoon starts,100,2.2330340046335446,0.017996400719856028,0.007798440311937612,100,0,227.86113581488578,0.20221906121584315,4.089254871901693,0.01639059364037508,3175,99,10.747939885748906,0.004635691301959628,-6.731508604778014,0.07831312915627595,32.48080911618706,1.5255602674456291e-06,-24.453013008084326,True,-420.3294805793853,-425.70345052225974,-436.5698851374788,-442.3263630580279,237.9698694376048,2.6683609709771114
397,age_randomized,strong_monsoon_start,Strong monsoon starts,96,2.0000806175303145,0.08078384323135374,0.05078984203159368,96,0,20.19611507976209,0.24688016267221344,5.851182213221623,0.0027073758533810574,3175,94,20.303367841893646,3.901033601403866e-05,-16.286936560922754,0.15580621329172564,32.13570067395494,1.7947339929958151e-06,-24.10790456585221,True,-402.2362713665907,-412.3879552875375,-418.30412170356817,-424.8582041313367,4.693296320956099,4.16502628284558
397,age_randomized,weak_monsoon_start,Weak monsoon starts,100,2.190717505220925,0.023195360927814438,0.010797840431913617,100,0,215.69715299857617,0.24953794427001655,6.226918563050588,0.0018456397247561724,3175,98,15.326173492672751,0.00046985484737293237,-11.30974221170186,0.11281119639634114,39.00757029580882,6.94141126748835e-08,-30.979774187706084,True,-414.0402065111342,-421.7032932574706,-433.5439916590386,-438.8533524003086,221.37577783364912,3.343373552369549
398,age_randomized,strong_monsoon_start,Strong monsoon starts,96,2.0175783454125042,0.06958608278344332,0.04339132173565287,96,0,21.333419038402788,0.22835207463470097,5.005888319037316,0.006434157778071995,3175,95,15.66056944387583,0.00039751228370775335,-11.644138162904937,0.11891276775882574,28.92850382215738,8.083214914227657e-06,-20.900707714054647,True,-406.7740573435027,-414.6043420654406,-421.2383092545814,-428.37267187399544,3.2377381614427225,3.408890075272959
398,age_randomized,weak_monsoon_start,Weak monsoon starts,100,2.1893002335764336,0.023395320935812838,0.011197760447910418,100,0,237.0049536827169,0.22049617219454032,4.861856195244438,0.007465125805732494,3175,98,13.01580496879376,0.0014916051091306366,-8.999373687822867,0.09580529225335044,34.43723577033438,6.061284841935968e-07,-26.409439662231648,True,-417.24126193761884,-423.7491644220157,-434.45987982278604,-438.8533524003111,242.0661641904316,3.0229705285560198
399,age_randomized,strong_monsoon_start,Strong monsoon starts,96,2.0272252097266614,0.0643871225754849,0.039192161567686463,96,0,12.409653208009386,0.2680487525221172,6.8976128379516695,0.0009219121338798336,3175,95,23.463028691170962,8.036520471818293e-06,-19.44659741020007,0.17815786914204113,35.6470842284632,3.4200728885283654e-07,-27.619288120360466,True,-404.4800522174809,-416.21156656306636,-422.3035943317125,-428.3726718739944,355.1420132544067,4.757487507671456
399,age_randomized,weak_monsoon_start,Weak monsoon starts,100,2.180962093808038,0.02579484103179364,0.01199760047990402,100,0,224.94205236726464,0.23570315087637556,5.555597533305146,0.0036741580513257465,3175,98,13.618602910774143,0.0011034634492428745,-9.602171629803252,0.10024230042454009,33.5042945278534,9.416419005259291e-07,-25.47649841975067,True,-416.0060559808526,-422.81535743623965,-432.7582032447793,-438.8533524003091,232.89358771582334,3.139072814585645
400,age_randomized,strong_monsoon_start,Strong monsoon starts,96,2.017338580907063,0.06958608278344332,0.04359128174365127,96,0,17.282608999401244,0.2561011658509779,6.29642948642209,0.0017132236421938138,3175,95,19.327373156462386,6.354980821259307e-05,-15.310941875491494,0.14675529161178294,31.166338370929907,2.8312821030850238e-06,-23.138542262827173,True,-407.438734201507,-417.10242077973817,-423.0219033869719,-428.3726718739949,359.9085316660929,3.9450148295707934
400,age_randomized,weak_monsoon_start,Weak monsoon starts,100,2.2009425383408723,0.022395520895820836,0.009598080383923215,100,0,217.42918527143823,0.2402103463670752,5.770101050179024,0.0029493943277925684,3175,98,15.25796990146705,0.00048615407831734315,-11.241538620496158,0.11230917097387541,39.48009391556877,5.5439112479015303e-08,-31.45229780746604,True,-413.9530382504141,-421.58202320114765,-433.6930852081985,-438.8533524003082,220.99706752745666,3.337453128031755
401,age_randomized,strong_monsoon_start,Strong monsoon starts,96,2.00209500077583,0.07958408318336332,0.04979004199160168,96,0,23.271216251565324,0.22971402012877484,5.0657789801974245,0.0060521990047237365,3175,95,15.70501220502797,0.0003887764327718216,-11.688580924057078,0.11925022750154998,27.99273883988667,1.2515267151456445e-05,-19.964942731783935,True,-410.64434251241744,-418.4968486149314,-424.6407119323608,-428.37267187399453,5.261896664886773,3.413164075492201
401,age_randomized,weak_monsoon_start,Weak monsoon starts,100,2.189281821416036,0.023395320935812838,0.011197760447910418,100,0,222.33203907057919,0.20813223767775624,4.331902836075002,0.012807714352540913,3175,98,9.71884511659789,0.007754960636144023,-5.702413835626999,0.07153739618818213,28.260799649526007,1.1043220238781287e-05,-20.233003541423273,True,-419.3481793059746,-424.20760186427356,-433.4785791307376,-438.8533524003094,233.7024274035759,2.5886906278279054
402,age_randomized,strong_monsoon_start,Strong monsoon starts,96,2.028497393855468,0.06418716256748651,0.038592281543691265,96,0,16.236788906717674,0.260830919386369,6.531145776762098,0.0013453947317608797,3175,95,20.892912668064355,2.9051038283977168e-05,-16.876481387093463,0.15864263945232973,33.32048122133574,1.0269423212391066e-06,-25.292685113233006,True,-402.81948669826113,-413.2659430322933,-419.479727308929,-428.3726718739948,358.2518189611583,4.186820428482613
402,age_randomized,weak_monsoon_start,Weak monsoon starts,100,2.1943944537625053,0.02299540091981604,0.010397920415916816,100,0,228.4478874528564,0.1928620869210007,3.719578457152363,0.02385271514984938,3175,99,10.456361136576561,0.005363274542713879,-6.439929855605669,0.076188587664056,34.45217152950215,6.018654551401506e-07,-26.424375421399418,True,-420.47302213148953,-425.7012026997778,-437.6991078962406,-442.326363058029,236.44976277618503,2.6464614246615072
403,age_randomized,strong_monsoon_start,Strong monsoon starts,96,1.986572143418438,0.08998200359928014,0.05858828234353129,96,0,12.898703309731623,0.23714317554924094,5.398741028119498,0.00430516549536509,3175,95,19.514957463855126,5.7860319763521026e-05,-15.498526182884234,0.14817964398033082,33.124914803167144,1.1261634487594037e-06,-25.09711869506441,True,-405.96934518486034,-415.7268239167879,-422.5318025864439,-428.372671873994,354.5663878249751,4.032212465089774
403,age_randomized,weak_monsoon_start,Weak monsoon starts,100,2.1640590574938536,0.02979404119176165,0.015996800639872025,100,0,233.40942141702843,0.20815368434460693,4.332795630623426,0.012796088525006688,3175,98,10.921948365002322,0.004249414022964841,-6.90551708403143,0.08039306501548048,32.02413345836692,1.8914934999675831e-06,-23.996337350264184,True,-418.6797920753142,-424.14076625781536,-434.69185880449766,-439.5464995808694,241.46010388144515,2.7201600236398957
404,age_randomized,strong_monsoon_start,Strong monsoon starts,96,1.9776239411872965,0.09718056388722256,0.0631873625274945,96,0,18.032758616916677,0.21086471647792646,4.268537150910365,0.013645883610405984,3175,95,13.325423451364031,0.0012776769590411535,-9.30899217039314,0.10118169647909675,24.952549398950055,5.142716671639293e-05,-16.92475329084732,True,-411.4834559097827,-418.14616763546474,-423.95973060925775,-428.3726718739953,358.40377104484327,3.108631740464256
404,age_randomized,weak_monsoon_start,Weak monsoon starts,100,2.1704943750191292,0.027794441111777646,0.014397120575884824,100,0,225.5246694378519,0.20507906695854644,4.205742370458798,0.014560800904963016,3175,98,10.860639747923983,0.004381693988662441,-6.844208466953091,0.07994179135311985,33.78224163427251,8.258800671724472e-07,-25.754445526169775,True,-416.5705172201904,-422.0008370941524,-433.4616380373267,-438.8533524003084,232.8934119015758,2.7196822785809784
405,age_randomized,strong_monsoon_start,Strong monsoon starts,96,2.0066802334943494,0.07698460307938412,0.04899020195960808,96,0,9.592999064263802,0.2443755651166968,5.733064015306073,0.0030562395646342015,3175,95,20.39893331939436,3.7190148400673086e-05,-16.382502038423468,0.15489178915428886,34.12530478659153,7.023696599013973e-07,-26.097508678488794,True,-406.04129003559035,-416.24075669528753,-423.1039424288861,-428.3726718739902,349.7850517660342,4.18363408854817
405,age_randomized,weak_monsoon_start,Weak monsoon starts,100,2.20136373587963,0.022395520895820836,0.009598080383923215,100,0,221.17040159309127,0.19085097712820193,3.6424095470789455,0.025793621857625175,3175,98,9.637750997166222,0.008075863354819588,-5.62131971619533,0.07094048759660393,33.731392268261175,8.459431509571032e-07,-25.70359616015844,True,-417.9422850138985,-422.76116051248164,-434.8079811480291,-438.8533524003102,230.6436515350147,2.5462944628488575
406,age_randomized,strong_monsoon_start,Strong monsoon starts,96,2.016539159999546,0.06998600279944012,0.04399120175964807,96,0,22.641713477437104,0.2230692037674261,4.776947488265612,0.008128516629769718,3175,95,15.60499504102927,0.00040871293428427764,-11.588563760058378,0.1184907839936305,30.713281588565565,3.502593672536668e-06,-22.68548548046283,True,-406.4855648893887,-414.2880624099033,-421.84220568367147,-428.37267187399505,2.4800326832909456,3.3838408261909954
406,age_randomized,weak_monsoon_start,Weak monsoon starts,100,2.164524678352956,0.02959408118376325,0.015996800639872025,100,0,225.314277032041,0.22319474168880288,4.981589271753144,0.006606639634533289,3175,99,14.031112338211983,0.0008978063407442733,-10.014681057241091,0.10223543529542616,35.123568515876855,4.381610059539186e-07,-27.09577240777412,True,-421.1962594915281,-428.2118156606341,-438.75804374946654,-442.3263630580289,232.3740122439214,3.103630866205901
407,age_randomized,strong_monsoon_start,Strong monsoon starts,96,1.9848669658132712,0.09078184363127374,0.0595880823835233,96,0,7.760952856635373,0.18491023631055814,3.282412367272939,0.037121868988398914,3175,95,13.46979531196996,0.001188696849940514,-9.453364030999069,0.10227793104404458,27.321516410522463,1.7114512146685825e-05,-19.29372030241973,True,-407.16309649408583,-413.8979941500708,-420.82385469934707,-428.37267187399425,346.36248171262145,3.1514779122355123
407,age_randomized,weak_monsoon_start,Weak monsoon starts,100,2.1611140131454443,0.030393921215756847,0.015996800639872025,100,0,233.12396000853025,0.23296768816320867,5.427394372811004,0.004189275984795204,3175,98,14.198489807017381,0.0008257281923829717,-10.18205852604649,0.1045106675137575,34.88334975748853,4.908821117862068e-07,-26.855553649385797,True,-416.9728298324925,-424.0720747360012,-434.41450471123676,-439.54649958086895,237.13301025109158,3.146493867235235
408,age_randomized,strong_monsoon_start,Strong monsoon starts,96,1.9736248626209008,0.10117976404719056,0.06598680263947211,96,0,16.12196754329148,0.22724837685948585,4.957615179386006,0.0067594003445066485,3175,95,18.943021201764623,7.701498066966421e-05,-14.926589920793731,0.1438368565644227,34.93873930203995,4.781908168644959e-07,-26.910943193937214,True,-404.5702385410076,-414.0417491418899,-422.0396081920276,-428.37267187399334,353.76302691513115,3.8813045576360063
408,age_randomized,weak_monsoon_start,Weak monsoon starts,100,2.1678927903090837,0.028194361127774445,0.015196960607878424,100,0,221.87142318541086,0.21220755730074892,4.5032047375550635,0.010758811956421921,3175,98,12.158686071592683,0.0022896803969737088,-8.142254790621791,0.08949630662863509,38.14931266458825,1.0438308540723271e-07,-30.121516556485517,True,-414.44384663501376,-420.5231896708101,-433.5185029673079,-438.85335240031,228.26548189295244,2.8683100498247427
409,age_randomized,strong_monsoon_start,Strong monsoon starts,96,1.9876269964638515,0.08958208358328335,0.05798840231953609,96,0,16.08931458128068,0.22784452550233078,4.983660268932697,0.006581940111476818,3175,95,16.387683138247212,0.0002763502239987326,-12.37125185727632,0.12443383786952072,27.636384857550297,1.4778505192837621e-05,-19.608588749447563,True,-409.9503666051507,-418.1442081742743,-423.76855903392584,-428.3726718739945,359.0356515186126,3.5407087716029735
409,age_randomized,weak_monsoon_start,Weak monsoon starts,100,2.170642942823755,0.027794441111777646,0.014397120575884824,100,0,221.00343830305818,0.2614448051922198,6.835338616199777,0.0009867841542727973,3175,98,16.606119861553793,0.0002477575450877595,-12.589688580582902,0.12223248353403764,38.33936389741359,9.537003890700562e-08,-30.311567789310857,True,-413.79442287910643,-422.09748280988333,-432.96410482781323,-438.8533524003105,224.69899168646134,3.5157452264958677
410,age_randomized,strong_monsoon_start,Strong monsoon starts,96,1.9812894540367394,0.09458108378324336,0.0621875624875025,96,0,15.691803961032546,0.2397244249575299,5.516908792436965,0.003814402889283143,3175,95,18.657636998930116,8.882712441669985e-05,-14.641205717959224,0.14166989670033114,34.96833895502641,4.715433418957726e-07,-26.940542846923677,True,-403.52050720277776,-412.8493257022428,-421.00467668029097,-428.3726718739934,357.2773973932507,3.84712949970217
410,age_randomized,weak_monsoon_start,Weak monsoon starts,100,2.176373613183166,0.02659468106378724,0.012997400519896021,100,0,220.00511185280826,0.2013548457021356,4.054377388773084,0.016981697224446608,3175,98,11.147457815249254,0.003796297962048369,-7.131026534278362,0.08205296994172968,35.34842176899406,3.939399267102496e-07,-27.320625660891324,True,-416.7784906321627,-422.3522195397873,-434.4527015166597,-438.85335240031014,228.75874936918112,2.7764354191620098
411,age_randomized,strong_monsoon_start,Strong monsoon starts,96,2.0021755339510108,0.07958408318336332,0.04979004199160168,96,0,18.898646084821333,0.2137405094077385,4.385760514740437,0.0121110390707511,3175,95,15.91847960459063,0.00034941864377176197,-11.902048323619738,0.12087111360018427,29.800581304816887,5.3739182322420096e-06,-21.772785196714153,True,-407.147350792295,-415.10659059459033,-422.04764144470346,-428.3726718739926,358.99051973059176,3.4861968946347486
411,age_randomized,weak_monsoon_start,Weak monsoon starts,100,2.174298222136855,0.02659468106378724,0.013197360527894421,100,0,221.61795557286422,0.2015339387386434,4.061592846351127,0.01685769454463729,3175,99,11.009936011085301,0.004066518684857285,-6.9935047301144095,0.08022212163483626,33.50837731838703,9.398296605242268e-07,-25.4805812102843,True,-421.3018686460368,-426.80683665157943,-438.0560573052303,-442.32636305802737,232.96809113688957,2.7187458179708157
412,age_randomized,strong_monsoon_start,Strong monsoon starts,96,2.047957745049419,0.05598880223955209,0.02959408118376325,96,0,27.217476818990388,0.18703398612578573,3.358244348745658,0.03437870133995108,3175,95,12.046345214763392,0.0024219734222550547,-8.0299139337925,0.091469486853556,28.47534476079602,9.990243684593794e-06,-20.447548652693285,True,-407.67830795180197,-413.70148055918366,-421.9159803322,-428.3726718739936,2.423290050125347,2.8995206973023797
412,age_randomized,weak_monsoon_start,Weak monsoon starts,100,2.189723670535939,0.023395320935812838,0.010997800439912017,100,0,226.38317565422815,0.22394255898073606,5.015026972284045,0.006384951713312004,3175,98,13.043314153531014,0.0014712291416838304,-9.026882872560122,0.09600777880640828,32.633922166472416,1.4194023537521446e-06,-24.606126058369682,True,-418.3416686170014,-424.8633256937669,-434.6586297002376,-438.85335240030787,232.6367655158068,3.0160125591266977
413,age_randomized,strong_monsoon_start,Strong monsoon starts,96,2.010854132889822,0.07478504299140172,0.046590681863627276,96,0,20.59837179167074,0.27403831491049613,7.209311811742488,0.0006680289145126752,3175,94,25.56809858330712,2.8051619298514804e-06,-21.551667302336227,0.19620728208030486,38.921980823284684,7.229793678318334e-08,-30.89418471518195,True,-396.6799081995913,-409.46395749124486,-416.14089861123364,-424.8582041313415,2.145773754826517,4.990228344475159
413,age_randomized,weak_monsoon_start,Weak monsoon starts,100,2.218309602545207,0.019596080783843232,0.008398320335932814,100,0,228.1814043354591,0.20854378137350854,4.349050874956173,0.012586241676914986,3175,98,10.428156055741738,0.0054394461831166465,-6.411724774770846,0.07675841340425928,29.441537460254835,6.358067729345278e-06,-21.4137413521521,True,-420.9129799984073,-426.1270580262782,-435.6337487285347,-438.853352400312,239.23469434973532,2.6413623587770063
414,age_randomized,strong_monsoon_start,Strong monsoon starts,96,1.9862474605457263,0.09018196360727855,0.05878824235152969,96,0,20.615148739419155,0.19613185187114457,3.6928995185668407,0.02449017290955609,3175,94,12.771513008268585,0.0016853930064332692,-8.755081727297693,0.09800743873232964,23.34546692108904,0.00010801064760782062,-15.317670812986307,True,-405.98552201452196,-412.37127851865625,-417.6582554750665,-424.8582041313389,2.0930726333299443,3.0086203841134234
414,age_randomized,weak_monsoon_start,Weak monsoon starts,100,2.1840280296681196,0.02519496100779844,0.011797640471905619,100,0,227.18422165181514,0.2265114077988673,5.130741786302476,0.005673366296198471,3175,98,13.721091178517213,0.0010483418125384234,-9.704659897546321,0.10099668468791881,34.80529879490723,5.093376126049548e-07,-26.777502686804496,True,-417.3782794293074,-424.238825018566,-434.780928826761,-438.85335240030975,234.98740140653817,3.0929408127930005
415,age_randomized,strong_monsoon_start,Strong monsoon starts,96,1.955651481854042,0.11617676464707058,0.07598480303939212,96,0,16.384810563826644,0.2668185801974881,6.834446854905925,0.0009840318436759395,3175,95,22.55387550562284,1.266158751713626e-05,-18.53744422465195,0.17125454918310073,36.45219589181909,2.3355941883405194e-07,-28.424399783716353,True,-403.8958842266688,-415.1728219794802,-422.1219821725783,-428.3726718739955,357.78718212288265,4.473361931486279
415,age_randomized,weak_monsoon_start,Weak monsoon starts,100,2.1726105071255555,0.026994601079784044,0.013797240551889621,100,0,225.22136795591325,0.24881527300966663,6.190904008287494,0.001915205081314521,3175,99,16.659709633384523,0.00024120706157562688,-12.643278352413631,0.12138828520572698,38.22836047631108,1.0053547493112002e-07,-30.200564368208347,True,-419.78546771977057,-428.1153225364628,-438.8996479579261,-442.32636305802714,231.17170260614938,3.4711824926041044
416,age_randomized,strong_monsoon_start,Strong monsoon starts,96,1.9980642034502594,0.08258348330333934,0.052189562087582485,96,0,8.330876516893058,0.2415366597789631,5.600635969649144,0.0035007594176001203,3175,95,20.393169336843812,3.7297484680707806e-05,-16.37673805587292,0.15484802247512336,33.441665351136066,9.698816911496944e-07,-25.413869243033332,True,-406.3526070706464,-416.5491917390683,-423.07343974621443,-428.3726718739966,348.99856310864396,4.122837042135717
416,age_randomized,weak_monsoon_start,Weak monsoon starts,100,2.1904230826942115,0.023195360927814438,0.010797840431913617,100,0,214.82239476313094,0.2465043561136387,6.076439758299959,0.0021540928259850558,3175,98,14.969705685012059,0.0005615257966211384,-10.953274404041167,0.11018734773129704,38.687000874191426,8.084444465266501e-08,-30.659204766088692,True,-414.7106765365611,-422.1955293790671,-434.0541769736568,-438.8533524003089,220.00111016192966,3.2496844602068373
417,age_randomized,strong_monsoon_start,Strong monsoon starts,96,1.9949953507545848,0.08498300339932013,0.05378924215156969,96,0,22.653370020186205,0.20233430536157224,3.9301604281103963,0.01924866562216925,3175,95,12.574590464120092,0.001859783432715263,-8.5581591831492,0.09548052265155635,24.920015813772693,5.2207468675581346e-05,-16.89221970566996,True,-410.7904067675239,-417.07770199958395,-423.25041467441025,-428.37267187399607,1.8449511280337905,2.9884741595192716
417,age_randomized,weak_monsoon_start,Weak monsoon starts,100,2.1767995646654072,0.026394721055788842,0.01279744051189762,100,0,221.37302529397425,0.2055019640244428,4.223105721790338,0.01430604620243399,3175,98,10.452639609218181,0.005373263619958334,-6.4362083282472895,0.07693862922662563,33.134771908408425,1.1209412296075737e-06,-25.10697580030569,True,-418.5834502862229,-423.809770090832,-435.1508362404271,-438.85335240030724,230.7716363699349,2.6515800014327637
418,age_randomized,strong_monsoon_start,Strong monsoon starts,96,1.9899781152225815,0.08838232353529295,0.05638872225554889,96,0,21.422636365376555,0.2568234051072578,6.331993095445119,0.0016516537844280164,3175,95,21.677236379539977,1.9626729127489943e-05,-17.660805098569085,0.16459811276284292,35.392931715782765,3.857287852030752e-07,-27.36513560768003,True,-405.69869522157086,-416.53731341134085,-423.39516107946224,-428.37267187399493,0.4704128285066756,4.391763361082436
418,age_randomized,weak_monsoon_start,Weak monsoon starts,100,2.1958451520900635,0.022795440911817635,0.009998000399920015,100,0,215.49274818302342,0.21983146107299995,4.832587127748989,0.007691337192924526,3175,98,11.933707244611014,0.0025622906835929293,-7.917275963640122,0.08784030745520922,35.16611873677493,4.294291839472368e-07,-27.1383226286722,True,-417.85777268213633,-423.82462630444184,-435.4408320505238,-438.85335240030713,222.2849227421312,2.8949418473310446
419,age_randomized,strong_monsoon_start,Strong monsoon starts,96,1.9856791377715666,0.09058188362327535,0.0591881623675265,96,0,30.023049745687004,0.2035357379629271,3.9769724762988785,0.018354759127727723,3175,94,12.63950339770895,0.001800390489756034,-8.623072116738058,0.09699440888922291,24.079608605412545,7.699286876957987e-05,-16.05181249730981,True,-406.3871591364831,-412.70691083533757,-418.42696343918936,-425.5513513119003,11.25544557286535,2.9856718475208828
419,age_randomized,weak_monsoon_start,Weak monsoon starts,100,2.1759105278669355,0.02659468106378724,0.012997400519896021,100,0,227.264048707801,0.24750652079857957,6.12594778378177,0.0020473330890506073,3175,98,15.27716475219006,0.0004815105693448584,-11.260733471219169,0.11245045830014425,34.81618946884669,5.067215297012984e-07,-26.788393360743953,True,-416.9701859296594,-424.60876830575444,-434.37828066408275,-438.8533524003077,234.16208680663644,3.34308295846399
420,age_randomized,strong_monsoon_start,Strong monsoon starts,96,2.0276228530112625,0.06418716256748651,0.039192161567686463,96,0,18.08609647118226,0.22077395336746763,4.679149294608075,0.00898130059803331,3175,95,16.642919244055975,0.00024324056570012578,-12.626487963085083,0.1263718792595529,31.038720915611293,3.00621903404765e-06,-23.01092480750856,True,-405.2152857438003,-413.53674536582827,-420.7346462016059,-428.37267187399266,358.18271499212506,3.5610180164487026
420,age_randomized,weak_monsoon_start,Weak monsoon starts,100,2.176614378611056,0.02659468106378724,0.01279744051189762,100,0,225.4862633175067,0.22644179259625016,5.127588543420317,0.005691668907101019,3175,98,12.683427171656376,0.0017612815423734228,-8.666995890685484,0.09335876266339278,33.00948434221095,1.1891517196309964e-06,-24.98168823410822,True,-417.72088084759935,-424.06259443342753,-434.2256230187048,-438.853352400311,233.61507552468487,2.942784974453852
421,age_randomized,strong_monsoon_start,Strong monsoon starts,96,1.9884380410956644,0.08918216356728655,0.05718856228754249,96,0,16.57649963547514,0.23627281374813244,5.359184881580129,0.004483090471266058,3175,95,19.532187091891956,5.73640047698931e-05,-15.515755810921064,0.14831047081677867,32.66658238205514,1.397728425385887e-06,-24.638786273952405,True,-405.9655312719526,-415.7316248178986,-422.2988224629802,-428.3726718739929,357.6776636026593,4.018572608861459
421,age_randomized,weak_monsoon_start,Weak monsoon starts,100,2.2234642638899937,0.019396120775844832,0.007998400319936013,100,0,231.81297863768233,0.23246419690626646,5.4039602843275425,0.0042909187641127855,3175,99,14.926734221257107,0.0005737211330463169,-10.910302940286215,0.10876123958421823,36.09616797483875,2.7648273228217776e-07,-28.068371866736015,True,-419.80582798526126,-427.2691950958898,-437.85391197268063,-442.32636305802924,240.50115536201432,3.2401648145192716
422,age_randomized,strong_monsoon_start,Strong monsoon starts,96,2.005474609709697,0.07758448310337933,0.04939012197560488,96,0,30.023357876222338,0.16019595729638386,2.4636234944740645,0.08487071899785678,3175,95,8.867362483820784,0.01187071018494792,-4.8509312028498925,0.06733105200617415,24.267748703345774,7.058593667144858e-05,-16.23995259524304,True,-410.5929294924195,-415.0266107343299,-422.7268038440924,-428.3726718739933,3.0946155170528686,2.469733869766987
422,age_randomized,weak_monsoon_start,Weak monsoon starts,100,2.1831788642346486,0.02519496100779844,0.011797640471905619,100,0,238.71362372491248,0.1667730682097334,2.781325628008839,0.061616665388353996,3175,98,8.168240923172107,0.016837942422230977,-4.151809642201215,0.060123880982891266,27.8589261455586,1.3321564765688244e-05,-19.831130037455864,True,-421.77175431051603,-425.8558747721021,-435.70121738329533,-438.8533524003093,251.3757573524683,2.377049193789497
423,age_randomized,strong_monsoon_start,Strong monsoon starts,96,2.0074835804313285,0.07618476304739052,0.04859028194361128,96,0,12.71142992285124,0.25622901184272334,6.302717424950252,0.001702173854200002,3175,95,20.70112057251424,3.1974869677911435e-05,-16.68468929154335,0.15718633679374103,33.52509329386305,9.324460639540457e-07,-25.497297185760317,True,-404.187379344128,-414.5379396303851,-420.9499259910595,-428.372671873993,355.1730459937629,4.185288646469282
423,age_randomized,weak_monsoon_start,Weak monsoon starts,100,2.1810914672964357,0.02579484103179364,0.01199760047990402,100,0,217.58423322295533,0.2415512040850528,5.834698419493883,0.0027604152448097536,3175,99,17.15479580774138,0.00018831435247741363,-13.138364526770488,0.12499565070349127,44.907125187442034,4.15671728905589e-09,-36.8793290793393,True,-416.6072092818835,-425.1846071857542,-439.06077187560453,-442.326363058027,222.7069154098429,3.5030667735723804
424,age_randomized,strong_monsoon_start,Strong monsoon starts,96,2.01445918094165,0.07198560287942411,0.04539092181563687,96,0,21.868753489561627,0.21228479434010838,4.3262240551701225,0.012867805366769076,3175,95,13.628955877932981,0.0010977661475338133,-9.61252459696209,0.10348645819783368,25.098261133179108,4.807211944862779e-05,-17.070465025076373,True,-409.6423343538026,-416.4568122927691,-422.19146492039215,-428.3726718739946,2.631893558772718,3.1195271313422124
424,age_randomized,weak_monsoon_start,Weak monsoon starts,100,2.1830496144511033,0.02519496100779844,0.011797640471905619,100,0,224.90773015704514,0.24733664419224805,6.117541556028271,0.00206508200456059,3175,98,16.836435203585552,0.00022080786984274436,-12.82000392261466,0.12392776313500634,39.820972716239226,4.7135680009444043e-08,-31.79317660813649,True,-414.5677303927624,-422.9859479945552,-434.47821675088204,-438.853352400312,230.05555997921655,3.526793667294785
425,age_randomized,strong_monsoon_start,Strong monsoon starts,96,1.9947528718292584,0.08518296340731854,0.05378924215156969,96,0,13.754164059011504,0.233424225246902,5.2307394174831785,0.005112826499570723,3175,95,17.824035190857103,0.00013475966902949207,-13.807603909886211,0.135340248307789,31.472304942440473,2.452061955185076e-06,-23.44450883433774,True,-405.87594837067,-414.78796596609857,-421.61210084189025,-428.37267187399533,354.60439631058057,3.7297581966315785
425,age_randomized,weak_monsoon_start,Weak monsoon starts,100,2.154388749036152,0.03159368126374725,0.016796640671865627,100,0,226.50958111813685,0.2216690335384884,4.91371604298875,0.007080451160011555,3175,99,15.062454488471758,0.0005360799517868324,-11.046023207500866,0.10975014340471673,42.85702628509068,1.1079380319926705e-08,-34.82923017698795,True,-415.91295100569596,-423.44417824993184,-437.3414641482413,-442.32636305802856,230.11351245237344,3.2704726739978636
426,age_randomized,strong_monsoon_start,Strong monsoon starts,96,2.000725440829902,0.08058388322335533,0.05058988202359528,96,0,26.263250617829843,0.2150636486530637,4.440227805308969,0.011457558613879489,3175,95,14.426319853166774,0.0007368251595263891,-10.409888572195882,0.10954094794969318,28.10673361138572,1.18668099845522e-05,-20.078937503282987,True,-409.676344614837,-416.88950454142037,-423.72971142052984,-428.37267187399414,3.1357695357462783,3.230110175534231
426,age_randomized,weak_monsoon_start,Weak monsoon starts,100,2.1877530719229905,0.02399520095980804,0.011397720455908818,100,0,234.4122698780874,0.18272240444655516,3.3387477086730484,0.035080952845471684,3175,99,10.657925588421449,0.004849096916225621,-6.641494307450557,0.07765725450797582,36.399945903189064,2.394157919408501e-07,-28.37214979508633,True,-418.72790757033283,-424.05687036454356,-436.92788052192736,-442.3263630580284,241.89256444920545,2.686090255580061
427,age_randomized,strong_monsoon_start,Strong monsoon starts,96,1.9976606763930391,0.08278344331133773,0.052389522095580884,96,0,25.046106852694614,0.24380335102482006,5.706247101209437,0.0031414735959692337,3175,95,16.52827466759436,0.00025759104338745617,-12.511843386623468,0.12550136788099506,26.200560364207035,2.8830245992110914e-05,-18.1727642561043,True,-408.77421576340794,-417.0383530972051,-421.87449594551146,-428.372671873997,9.223372627886754,3.542035837403699
427,age_randomized,weak_monsoon_start,Weak monsoon starts,100,2.193659557109807,0.02299540091981604,0.010397920415916816,100,0,221.0858557326278,0.20120429782835847,4.048316946460278,0.01708655106403269,3175,99,9.878421175275207,0.007160248530576642,-5.861989894304315,0.07197752142112156,31.732300693319758,2.169873534025278e-06,-23.704504585217023,True,-421.90361296438164,-426.84282355201924,-437.7697633110415,-442.3263630580298,230.23817656448452,2.565462591532381
428,age_randomized,strong_monsoon_start,Strong monsoon starts,96,1.9746866319548413,0.10037992401519696,0.0653869226154769,96,0,21.95747044541185,0.25551504741034387,6.267642187498586,0.001764729440754692,3175,94,21.251779557134796,2.4279218517208254e-05,-17.235348276163904,0.16308423924012672,33.540773295818326,9.255726151887028e-07,-25.51297718771559,True,-402.5826624933961,-413.2085522719635,-419.3530491413053,-424.85820413133655,3.6720003415456306,4.277808798564361
428,age_randomized,weak_monsoon_start,Weak monsoon starts,100,2.199770085975178,0.022395520895820836,0.009598080383923215,100,0,235.04078436281569,0.19466431056269098,3.7894193806847802,0.022221728206229186,3175,98,10.887190425440167,0.004323909916819914,-6.870759144469275,0.08013722263263434,33.723391914769195,8.491436821533134e-07,-25.69559580666646,True,-418.0162264434292,-423.4598216561493,-434.8779224008138,-438.8533524003097,243.81345538307284,2.719892584342206
429,age_randomized,strong_monsoon_start,Strong monsoon starts,96,2.017178722070812,0.06958608278344332,0.04359128174365127,96,0,10.33752831928806,0.24672704131814618,5.8439263600901965,0.002727615107351888,3175,95,19.53481933748708,5.7288556356035614e-05,-15.518388056516187,0.14833045780449702,31.53892636584999,2.3764480092391354e-06,-23.511130257747254,True,-406.32812404157465,-416.0955337103182,-422.09758722449965,-428.372671873992,351.77835037746826,4.011051139786926
429,age_randomized,weak_monsoon_start,Weak monsoon starts,100,2.2006678008622047,0.022395520895820836,0.009598080383923215,100,0,228.47982640159242,0.25562932891595747,6.5346353802022765,0.0013450191561203103,3175,98,18.532499129111102,9.456250017590028e-05,-14.51606784814021,0.13641196218799806,44.635967736432804,4.73275209431907e-09,-36.60817162833007,True,-412.09600085563216,-421.3622504201877,-434.41398472384856,-438.8533524003076,231.65099915388043,3.7611867395040983
430,age_randomized,strong_monsoon_start,Strong monsoon starts,96,1.9903831998303851,0.08838232353529295,0.05618876224755049,96,0,20.192989879885356,0.24437632226057784,5.733099540634156,0.0030561281915804047,3175,95,16.923334415857653,0.00021141929675375182,-12.906903134886761,0.12850110861612296,28.597770773991215,9.434801559219532e-06,-20.56997466588848,True,-408.9848316761536,-417.4464988840824,-423.2837170631492,-428.37267187399533,1.1304867518185908,3.64043077673134
430,age_randomized,weak_monsoon_start,Weak monsoon starts,100,2.1926854396557425,0.023195360927814438,0.010597880423915218,100,0,228.54521460109262,0.1747686985369725,3.0544097988307173,0.04676723834679805,3175,98,7.3967414614032805,0.02476384058532173,-3.3803101804323887,0.05444511339338927,28.049328309202792,1.2189068568454986e-05,-20.021532201100058,True,-420.28575914260114,-423.9841298733028,-434.31042329720253,-438.8533524003087,239.67029778705083,2.270143415116638
431,age_randomized,strong_monsoon_start,Strong monsoon starts,96,1.9966918787238441,0.08378324335132974,0.05298940211957608,96,0,11.46276532057737,0.21966342232423572,4.632193834290772,0.00942179939597992,3175,94,17.137020988875292,0.00018999543841432582,-13.1205897079044,0.13150795317159822,29.029137775487584,7.711565237636062e-06,-21.00134166738485,True,-405.2335541546607,-413.8020646490983,-419.7481230424045,-424.8582041313423,354.1590596365548,3.666818620423695
431,age_randomized,weak_monsoon_start,Weak monsoon starts,100,2.18915293195723,0.023395320935812838,0.011197760447910418,100,0,221.7087841207584,0.19893255147817168,3.957416003761543,0.018738788897646238,3175,98,9.567009629739573,0.008366624052352636,-5.550578348768681,0.0704197823926645,33.798349091065575,8.196241556543362e-07,-25.77055298296284,True,-417.4559367673007,-422.2394415821705,-434.3551113128335,-438.8533524003105,228.9976733888989,2.531402862178996
432,age_randomized,strong_monsoon_start,Strong monsoon starts,96,1.9769715829504517,0.09798040391921616,0.0633873225354929,96,0,17.23703478362097,0.24080891841193375,5.566937777925634,0.003623784286083575,3175,94,20.964820503614646,2.802509352515036e-05,-16.948389222643755,0.16088214134942613,32.58323084758763,1.4537070216139052e-06,-24.555434739484895,True,-399.9516205794417,-410.434030831249,-416.2432360032355,-424.8582041313376,358.88887699945786,4.240310141781214
432,age_randomized,weak_monsoon_start,Weak monsoon starts,100,2.1986520103666827,0.022595480903819236,0.009998000399920015,100,0,222.0208710614722,0.20303224965353042,4.12220943993735,0.015850903098895728,3175,98,10.151143067674639,0.00624751475297542,-6.134711786703747,0.07471940695453357,33.347798474947695,1.013794530909644e-06,-25.32000236684496,True,-417.14674567878683,-422.22231721262415,-433.8206449162607,-438.85335240031134,230.01758949231257,2.619073558772509
433,age_randomized,strong_monsoon_start,Strong monsoon starts,96,2.007563897444321,0.07618476304739052,0.04859028194361128,96,0,20.12226464411215,0.23830792028383843,5.4519038275207965,0.004077052227102923,3175,95,19.526018953953894,5.754119240594521e-05,-15.509587672983002,0.14826363533249046,34.37015757164363,6.256483437221493e-07,-26.342361463540897,True,-405.98861598477515,-415.7516254617521,-423.17369477059697,-428.37267187399607,358.65090425027046,4.019768914432225
433,age_randomized,weak_monsoon_start,Weak monsoon starts,100,2.165958161678691,0.028994201159768047,0.015396920615876825,100,0,222.4238386630812,0.22283224938943974,4.965421136795746,0.006716562325767451,3175,98,12.557117317718166,0.0018761027504689753,-8.540686036747275,0.09242903511292305,34.64497818741302,5.494435071460604e-07,-26.617182079310282,True,-417.42783593318666,-423.70639459204574,-434.75032502689317,-438.85335240031065,230.07726279454332,2.942817000661562
434,age_randomized,strong_monsoon_start,Strong monsoon starts,96,2.0041878116242353,0.07838432313537293,0.04939012197560488,96,0,12.957075671451541,0.22575848872721568,4.892821942310052,0.007221790202825123,3175,95,15.893916633539675,0.00035373648426203976,-11.877485352568783,0.1206846037237384,26.545622435616792,2.455844419568053e-05,-18.517826327514058,True,-409.0194315783475,-416.96638989511735,-422.2922427961559,-428.37267187399334,354.8912116222755,3.4835456733585337
434,age_randomized,weak_monsoon_start,Weak monsoon starts,100,2.1952576429644592,0.022795440911817635,0.009998000399920015,100,0,232.00658237757256,0.1938632077272559,3.7582943310301173,0.022934411033238525,3175,99,10.739027112890199,0.004656395833199456,-6.722595831919307,0.07824818767544854,32.4665022764915,1.5358748338290249e-06,-24.438706168388762,True,-421.9370161097447,-427.3065296661898,-438.17026724799047,-442.3263630580293,240.76856720451556,2.672354119193792
435,age_randomized,strong_monsoon_start,Strong monsoon starts,96,1.9729711820986664,0.10237952409518096,0.0661867626474705,96,0,20.9742143537827,0.23327369063713757,5.223995015373212,0.005148222094637955,3175,94,19.802028687208463,5.012381349180026e-05,-15.78559740623757,0.15195898184349277,31.593254700623106,2.3165090229614752e-06,-23.565458592520372,True,-403.7616263010106,-413.66264064461484,-419.55825365132216,-424.8582041313383,2.379766763567999,4.091707763253926
435,age_randomized,weak_monsoon_start,Weak monsoon starts,100,2.1780399050797854,0.026394721055788842,0.01279744051189762,100,0,220.89876506449957,0.20616930605141914,4.250578275772374,0.013911998242161284,3175,99,11.551850146862535,0.003101327375685836,-7.535418865891643,0.08417069151500517,34.396534394347555,6.178990041371148e-07,-26.36873828624482,True,-421.4983384785065,-427.2742635519378,-438.6966056756803,-442.3263630580285,230.48323779886573,2.7903212808484508
436,age_randomized,strong_monsoon_start,Strong monsoon starts,96,1.9972570678069634,0.08338332333533294,0.052389522095580884,96,0,18.10075370847456,0.21511441023960956,4.442324111302564,0.011433121232719739,3175,95,15.762310436401776,0.0003777963673556044,-11.745879155430885,0.11968530052394313,29.792343134985117,5.394701611214595e-06,-21.764547026882383,True,-406.48396011614454,-414.36511533434543,-421.3801316836371,-428.37267187399584,356.36602800338727,3.404209513926782
436,age_randomized,weak_monsoon_start,Weak monsoon starts,100,2.1586691892214596,0.03079384123175365,0.016396720655868825,100,0,221.07476640488167,0.24194902922432468,5.853933274259312,0.0027065075551486774,3175,98,14.223861032219475,0.0008153194844235982,-10.207429751248583,0.10469741721161636,34.10490803096786,7.091687103157613e-07,-26.07711192286513,True,-418.3499116362302,-425.46184215233995,-435.40236565171415,-438.8533524003092,226.61261201869584,3.1433930939854924
437,age_randomized,strong_monsoon_start,Strong monsoon starts,96,2.021968989376923,0.06798640271945611,0.041791641671665665,96,0,11.06445818199605,0.20459459001499444,4.018458841286751,0.017597131654635507,3175,95,14.263351783098642,0.0007993785924647484,-10.24692050212775,0.10830350991542718,27.45736120297977,1.6064736828040582e-05,-19.429565094877034,True,-407.0915759840833,-414.2232518756326,-420.8202565855732,-428.37267187399226,351.24983386224415,3.2517687727631506
437,age_randomized,weak_monsoon_start,Weak monsoon starts,100,2.1814980197391347,0.02539492101579684,0.01199760047990402,100,0,232.83213467571235,0.23296220676992235,5.427138978311206,0.0041903707156596606,3175,98,14.865434391722374,0.000591577893070284,-10.849003110751482,0.10941983917141894,35.20901378998815,4.208021621092259e-07,-27.181217681885414,True,-417.4933987330915,-424.9261159289527,-435.0979056280856,-438.85335240030963,238.79901409739819,3.2824428264844827
438,age_randomized,strong_monsoon_start,Strong monsoon starts,96,1.9621540131939355,0.11097780443911218,0.07218556288742252,96,0,18.8053754778386,0.24344773842954695,5.689612929260266,0.0031955268802913404,3175,95,20.260971701003427,3.984610693389455e-05,-16.244540420032536,0.15384422840331194,35.53652389245224,3.603843639766605e-07,-27.508727784349503,True,-406.2737058988553,-416.40419174935704,-424.04196784508144,-428.3726718739928,356.90374618372886,4.083488304753167
438,age_randomized,weak_monsoon_start,Weak monsoon starts,100,2.212323165975684,0.020795840831833633,0.008598280343931213,100,0,219.06159777202416,0.18005098541304917,3.2418357348210045,0.03869474199193339,3175,98,6.676878780358265,0.035492304161706574,-2.6604474993873737,0.04914642808693684,26.844338993946167,2.1372555208789017e-05,-18.816542885843432,True,-420.484559895766,-423.8229992859451,-433.90672939273907,-438.8533524003095,228.1640911485559,2.151220502094603
439,age_randomized,strong_monsoon_start,Strong monsoon starts,96,2.021649991348689,0.06798640271945611,0.041991601679664065,96,0,17.075870753143835,0.2506745236166272,6.0324208118806055,0.0022475688649287113,3175,95,19.26910403375871,6.542853910856943e-05,-15.252672752787817,0.14631284648356427,31.22336906094756,2.7564189699338963e-06,-23.195572952844827,True,-405.89443764298994,-415.5289896598693,-421.5061221734637,-428.37267187399584,0.43326181641599254,3.997892199570994
439,age_randomized,weak_monsoon_start,Weak monsoon starts,100,2.1962489734476556,0.022795440911817635,0.009998000399920015,100,0,204.6260201550642,0.19582340286523775,3.8346805109721203,0.02122450409117305,3175,99,9.765045589675992,0.007577872475061737,-5.7486143087051005,0.07115142851656665,37.71712905641107,1.281673312024916e-07,-29.689332948308333,True,-420.3178708594737,-425.2003936543117,-439.17643538767925,-443.0195102385879,215.33238637711506,2.557708641166556
440,age_randomized,strong_monsoon_start,Strong monsoon starts,96,1.991355066685091,0.08778244351129774,0.05578884223155369,96,0,19.885333946313715,0.19928988813713236,3.8127801133162302,0.021685125137868428,3175,95,13.735836726155298,0.0010406410483488487,-9.719405445184407,0.10429801856465655,29.37015488700672,6.574134231102632e-06,-21.342358778903986,True,-407.9441828983906,-414.81210126146823,-422.62926034189394,-428.37267187399533,356.83320368406015,3.1138098370036027
440,age_randomized,weak_monsoon_start,Weak monsoon starts,100,2.181313232567632,0.02559488102379524,0.01199760047990402,100,0,216.83345613651673,0.22082549062982962,4.876389731190497,0.007355272480275484,3175,99,11.205287688212366,0.003688100053778948,-7.188856407241474,0.08164552009857645,30.97456449269373,3.098188613166029e-06,-22.946768384590996,True,-422.1275208516902,-427.73016469579636,-437.61480309803704,-442.3263630580297,224.15887727257342,2.7507960134202625
441,age_randomized,strong_monsoon_start,Strong monsoon starts,96,1.9889245091252288,0.08918216356728655,0.05718856228754249,96,0,14.664854349794632,0.24198215683094645,5.62131496555745,0.0034273309134315376,3175,95,19.262335347989392,6.565034684435995e-05,-15.2459040670185,0.14626145096044466,31.725150416388146,2.1771834180765534e-06,-23.697354308285412,True,-407.33696275598146,-416.96813042997616,-423.19953796417553,-428.3726718739937,355.68614877785336,3.963498394892238
441,age_randomized,weak_monsoon_start,Weak monsoon starts,100,2.1893002335764336,0.023395320935812838,0.011197760447910418,100,0,235.03713982008475,0.20459672032784035,4.185981796890852,0.014856222481401221,3175,98,11.035467876325015,0.004014935734099273,-7.019036595354123,0.08122864683195694,30.297428129015316,4.257307488341553e-06,-22.26963202091258,True,-419.5689036187605,-425.086637556923,-434.71761768326814,-438.853352400311,244.0018917446505,2.7319684367428727
442,age_randomized,strong_monsoon_start,Strong monsoon starts,96,2.0102125586107844,0.07518496300739852,0.046790641871625675,96,0,21.68474266637387,0.25078817691103544,6.037892129122637,0.002234968642266509,3175,95,21.697713929640713,1.942680072055158e-05,-17.68128264866982,0.16475360149957916,36.701470791745805,2.075268782012059e-07,-28.67367468364307,True,-404.4190768266491,-415.26793379146943,-422.769812222522,-428.3726718739942,0.7736410348886358,4.34822586981086
442,age_randomized,weak_monsoon_start,Weak monsoon starts,100,2.1906255024320878,0.023195360927814438,0.010797840431913617,100,0,216.219784935001,0.24151711188024272,5.833051533097368,0.002765080157645657,3175,98,13.929086364356408,0.0009447944359974601,-9.912655083385516,0.1025276725610769,36.907500051526995,1.8820949283907658e-07,-28.87970394342426,True,-415.8447090055145,-422.8092521876927,-434.298459031278,-438.8533524003085,222.24619617329657,3.1268439500600707
443,age_randomized,strong_monsoon_start,Strong monsoon starts,96,1.9995968635947035,0.08118376324735053,0.05118976204759048,96,0,20.18957720246976,0.25323121375351587,6.156100571431569,0.001979259485527845,3175,95,19.481343812017258,5.8840985944386855e-05,-15.464912531046366,0.14792441109184312,34.27723237768976,6.537289426792254e-07,-26.249436269587022,True,-404.7895091095041,-414.5301810155127,-421.92812529834896,-428.37267187399124,3.6453078771890532,3.99615268873554
443,age_randomized,weak_monsoon_start,Weak monsoon starts,100,2.1741128230237674,0.02659468106378724,0.013197360527894421,100,0,230.0872057557921,0.17958807861266288,3.2251877979787977,0.03935178903188543,3175,99,10.469949451339062,0.005326959117444121,-6.45351817036817,0.07628759672628782,40.48668897704533,3.4328125177530944e-08,-32.4588928689426,True,-417.35337906851265,-422.5883537941822,-437.5967235570353,-442.3263630580269,236.1409510982716,2.644326660668217
444,age_randomized,strong_monsoon_start,Strong monsoon starts,96,2.0126174076087753,0.07318536292741452,0.046390721855628876,96,0,29.45704077866974,0.22232586678839703,4.745163940148357,0.008396437159250127,3175,95,14.925584301386607,0.0005740510945600597,-10.909153020415715,0.11333192870516118,27.406313576542516,1.6451488968608823e-05,-19.37851746843978,True,-406.6723907268673,-414.1351828775606,-420.3755475151386,-428.372671873994,8.817667844111275,3.2932914963544584
444,age_randomized,weak_monsoon_start,Weak monsoon starts,100,2.2023889234947016,0.022195560887822437,0.009598080383923215,100,0,214.68862335071097,0.1972229090907799,3.889687587023004,0.020072306680520985,3175,98,8.869236945107787,0.011859589803597559,-4.852805664136895,0.06528369467947033,34.526665421623875,5.8104516990363e-07,-26.49886931352114,True,-416.09172801897546,-420.52634649152935,-433.3550607297874,-438.85335240031276,223.43436285844697,2.444018423050333
445,age_randomized,strong_monsoon_start,Strong monsoon starts,96,2.0034636244961215,0.07878424315136973,0.049590081983603276,96,0,17.531900006351478,0.22392303143437872,4.81358630464913,0.007830203865193742,3175,95,15.97007141122117,0.00034052033757052614,-11.953640130250278,0.12126285698742838,29.379646493517612,6.5449883052832676e-06,-21.351850385414878,True,-407.1207640254372,-415.1057997310478,-421.810587272196,-428.37267187399357,357.6300945023982,3.4894609861440493
445,age_randomized,weak_monsoon_start,Weak monsoon starts,100,2.162512477292779,0.030193961207758448,0.015996800639872025,100,0,219.5879691531883,0.2203273266440707,4.854413086612302,0.007522015811117625,3175,98,11.635418825968827,0.0029744104937394302,-7.618987544997935,0.0856446991780169,30.274625680582858,4.303083574145795e-06,-22.246829572480124,True,-418.5412492848503,-424.35895869783474,-433.67856212514175,-438.8533524003092,229.40346151615222,2.823052341427436
446,age_randomized,strong_monsoon_start,Strong monsoon starts,96,2.0122969271278253,0.07358528294341132,0.046390721855628876,96,0,25.40372829059381,0.2659755248748479,6.79132606391528,0.0010288119079716466,3175,95,20.58924462121854,3.381445072469585e-05,-16.57281334024765,0.1563368479509566,33.118802676623545,1.1294137750036097e-06,-25.09100656852081,True,-406.94187939243193,-417.2365017030412,-423.5012807307437,-428.3726718739922,8.163562132559191,4.1971368559245095
446,age_randomized,weak_monsoon_start,Weak monsoon starts,100,2.199880029929339,0.022395520895820836,0.009598080383923215,100,0,223.53517747014428,0.2048331434306818,4.1956616647694265,0.01471077031064419,3175,99,11.337709229702341,0.0034518166722888066,-7.321277948731449,0.08261038828652827,33.28561559361003,1.0439702273876014e-06,-25.257819485507298,True,-421.8288341793476,-427.4976887941988,-438.4716419761526,-442.32636305802725,235.55987215373062,2.7491809522818373
447,age_randomized,strong_monsoon_start,Strong monsoon starts,96,1.9830790166624706,0.09338132373525294,0.060587882423515295,96,0,22.709361755933013,0.24203422216328627,5.623734211025953,0.0034188411942968474,3175,95,18.13449788477851,0.00011538352915275758,-14.11806660380762,0.13769763245990185,29.280946034981525,6.854459889808351e-06,-21.25314992687879,True,-408.6897052904146,-417.7569542328039,-423.3301783079054,-428.3726718739966,1.5892617871735308,3.809407821867539
447,age_randomized,weak_monsoon_start,Weak monsoon starts,100,2.1954045349854687,0.022795440911817635,0.009998000399920015,100,0,225.33329691964627,0.2306991923023506,5.322211732895694,0.004665084378900878,3175,98,13.824470004816135,0.000995530295568698,-9.808038723845243,0.10175762407584929,36.04544324861956,2.8320707738621917e-07,-28.01764714051683,True,-416.84775416971877,-423.75998917212684,-434.87047579402855,-438.85335240030815,231.7476101288803,3.1150072808053597
448,age_randomized,strong_monsoon_start,Strong monsoon starts,96,1.992569233657656,0.08678264347130574,0.05558888222355529,96,0,13.584566777101761,0.24188072990396048,5.616603599891778,0.0034439244615414167,3175,94,21.040293473271618,2.698723081418749e-05,-17.023862192300726,0.16146131411030526,35.16613971853894,4.294249213074165e-07,-27.13834361043621,True,-402.1604151845931,-412.6805619212289,-419.74348504386256,-424.8582041313366,354.9065494868398,4.302544888675368
448,age_randomized,weak_monsoon_start,Weak monsoon starts,100,2.1972031652616164,0.022595480903819236,0.009998000399920015,100,0,221.56744760189304,0.22332091985710065,4.987223324582157,0.006568757273380147,3175,98,13.209422673163772,0.0013539739600007695,-9.19299139219288,0.09723045195703883,38.21984984069525,1.0094283706108502e-07,-30.192053732592512,True,-415.40653410003796,-422.01124543661984,-434.5164590203856,-438.8533524003092,228.41520727274658,3.0308447179138582
449,age_randomized,strong_monsoon_start,Strong monsoon starts,96,2.019016334516754,0.0691861627674465,0.04279144171165767,96,0,12.93795559259417,0.18250785532835082,3.197675256629206,0.040445421401311285,3175,95,10.477389887853406,0.00530717848383105,-6.460958606882514,0.07955620227719094,20.81864969294952,0.00034399141529515344,-12.790853584846786,True,-413.7327145884742,-418.9714095324009,-424.14203943494897,-429.0658190545556,353.9211427023908,2.6956659745220413
449,age_randomized,weak_monsoon_start,Weak monsoon starts,100,2.1988720045857124,0.022595480903819236,0.009998000399920015,100,0,224.81292765045123,0.17470301611967065,3.0521143841309906,0.0468758375369843,3175,99,9.080451441576315,0.010670997615667237,-5.064020160605423,0.06616324375654135,35.46262523931148,3.732131904096667e-07,-27.434829131208744,True,-419.1953099371815,-423.73553565796965,-436.92662255683723,-442.32636305802805,234.30326370731686,2.4767742998318285
450,age_randomized,strong_monsoon_start,Strong monsoon starts,96,2.011655812996977,0.07398520295940812,0.046390721855628876,96,0,18.237500461706716,0.2339080116396549,5.252443959284826,0.005000552572337853,3175,95,17.487372259862923,0.00015946499451825272,-13.470940978892031,0.13278392230254454,31.172336648791543,2.823313931828983e-06,-23.14454054068881,True,-407.1999351359814,-415.94362126591284,-422.78610346037715,-429.0658190545534,358.8922326879979,3.6982407639154995
450,age_randomized,weak_monsoon_start,Weak monsoon starts,100,2.1982302932408824,0.022595480903819236,0.009998000399920015,100,0,222.49706583094658,0.1878961038886507,3.5304945856534613,0.028890834092730706,3175,98,8.811977809174778,0.012204031822463617,-4.795546528203886,0.06486222798836758,32.78470507000509,1.3220566907667082e-06,-24.756908961902354,True,-418.60611412189303,-423.0121030264804,-434.9984666568956,-438.8533524003093,230.19925459454345,2.4422801698749916
451,age_randomized,strong_monsoon_start,Strong monsoon starts,96,1.9787650505917587,0.09678064387122576,0.0627874425114977,96,0,18.04117753255588,0.2111989794790946,4.282080857569058,0.013459104520350037,3175,95,15.815310681972392,0.0003679162081427189,-11.7988794010015,0.12008773837368326,31.486682711651724,2.43554329410841e-06,-23.45888660354899,True,-407.2137789823999,-415.1214343233861,-422.95712033822576,-428.37267187399243,356.22065015520263,3.428647224868381
451,age_randomized,weak_monsoon_start,Weak monsoon starts,100,2.2075442401169503,0.021595680863827234,0.008998200359928014,100,0,228.57975764873345,0.2314709216661138,5.357878757696019,0.004498002259755377,3175,98,13.235658552877112,0.0013363285994494657,-9.21922727190622,0.0974235661078337,37.20312731505908,1.6358153007064186e-07,-29.175331206956344,True,-413.3981449025635,-420.01597417900206,-431.99970856009304,-438.85335240030935,233.6610156874413,3.0555467753506
452,age_randomized,strong_monsoon_start,Strong monsoon starts,96,2.0082866060166404,0.07598480303939212,0.04819036192761448,96,0,13.118748634004595,0.21876825294260097,4.594516655573552,0.009790742847328589,3175,95,15.70779821390056,0.00038823524250397855,-11.691366932929668,0.11927138203409923,27.297191649479714,1.7309564602978445e-05,-19.26939554137698,True,-409.4752964819313,-417.3291955888816,-423.12389230667117,-428.3726718739936,353.7116702434633,3.4443241802337226
452,age_randomized,weak_monsoon_start,Weak monsoon starts,100,2.194780175999633,0.022795440911817635,0.010397920415916816,100,0,223.67054539944385,0.23551830647934976,5.546887268690092,0.0037070668995311047,3175,98,13.158339804557045,0.001389001823662923,-9.141908523586153,0.09685444684880766,34.8026120746315,5.099850655302146e-07,-26.774815966528763,True,-416.87886985373507,-423.4580397560136,-434.2801758910508,-438.8533524003079,229.68487007856186,3.0022302027128873
453,age_randomized,strong_monsoon_start,Strong monsoon starts,96,1.9880325601393296,0.08958208358328335,0.057388522295540895,96,0,27.247668389501637,0.1930838594973988,3.5790121726474795,0.027488365895254562,3175,95,12.391159442691105,0.0020384211408470323,-8.374728161720213,0.09408770673071004,28.74577880218453,8.80418068415942e-06,-20.717982694081797,True,-408.0770236247588,-414.27260334610435,-422.44991302585106,-428.3726718739933,3.754715900617685,2.917443215453505
453,age_randomized,weak_monsoon_start,Weak monsoon starts,100,2.2039075207926455,0.022195560887822437,0.009398120375924815,100,0,227.62865005180035,0.23843508029792837,5.685128751667954,0.003217710875675585,3175,99,14.620414799267337,0.0006686783540436485,-10.603983518296445,0.106529292558801,35.12051285319126,4.387948332922544e-07,-27.092716745088524,True,-419.05962727377005,-426.3698346734037,-436.6198837003657,-442.3263630580284,236.11359480726887,3.2201143246331836
454,age_randomized,strong_monsoon_start,Strong monsoon starts,96,1.99442952073752,0.08558288342331534,0.05378924215156969,96,0,28.468398111142747,0.23643425608291468,5.366511115150203,0.004449593805440395,3175,95,15.593736544873195,0.0004110201686887677,-11.577305263902304,0.11840529674851347,28.446646118428703,1.0125086562974459e-05,-20.41885001032597,True,-408.40673239165585,-416.20360066409245,-422.6300554508702,-428.3726718739971,10.491862014191344,3.386096183265275
454,age_randomized,weak_monsoon_start,Weak monsoon starts,100,2.1670745043604778,0.028394321135772844,0.015196960607878424,100,0,222.13469218734176,0.2473225292469476,6.116843347310724,0.0020665630694924357,3175,98,15.885178304843976,0.0003552853983637351,-11.868747023873084,0.11692585695936404,40.594073173027255,3.261581149827651e-08,-32.56627706492452,True,-414.1541435262817,-422.0967326787037,-434.4511801127953,-438.8533524003095,226.79441045582698,3.3692035761347503
455,age_randomized,strong_monsoon_start,Strong monsoon starts,96,2.0012089219535962,0.08038392321535692,0.04999000199960008,96,0,19.127123815963824,0.22953901651604255,5.058063369902597,0.0061001112390915435,3175,94,17.582186367751206,0.00015208162360083103,-13.565755086780314,0.13492411213159683,30.482407804428135,3.903439625296395e-06,-22.4546116963254,True,-402.09965975519,-410.8907529390656,-417.34086365740404,-424.85820413133774,359.80628787557634,3.727387577561254
455,age_randomized,weak_monsoon_start,Weak monsoon starts,100,2.1973315825158126,0.022595480903819236,0.009998000399920015,100,0,228.85837446869928,0.23764377757744085,5.647456502127618,0.0033443087688185195,3175,98,14.161401157814794,0.0008411836263934282,-10.144969876843902,0.10423766950213587,32.401208335434376,1.5838378163459305e-06,-24.37341222733164,True,-419.5237398807239,-426.6044404596313,-435.7243440484411,-438.8533524003076,235.73233189171424,3.148942053339669
456,age_randomized,strong_monsoon_start,Strong monsoon starts,96,1.9924883122112946,0.08698260347930414,0.05558888222355529,96,0,20.77641752978798,0.2274782543542223,4.967650195588249,0.006690469345894116,3175,95,17.35576322933821,0.00017031147104951315,-13.339331948367317,0.13178459758846978,30.143363253934695,4.5762859863427285e-06,-22.11556714583196,True,-407.56205463881605,-416.23993625348515,-422.6337362657834,-428.37267187399493,0.40169683731238265,3.699474264828601
456,age_randomized,weak_monsoon_start,Weak monsoon starts,100,2.1964325040667636,0.022795440911817635,0.009998000399920015,100,0,224.24061180004483,0.20689241025442548,4.28044694208855,0.01349582577207058,3175,99,11.446090374308483,0.00326973876006003,-7.429659093337591,0.08340009000293812,36.903564831532094,1.885611067244132e-07,-28.87576872342936,True,-418.4695246405705,-424.19256982772475,-436.92130705633656,-442.32636305802646,230.52454776656091,2.7634126455051264
457,age_randomized,strong_monsoon_start,Strong monsoon starts,96,2.0005642544899964,0.08078384323135374,0.05058988202359528,96,0,19.0717551906012,0.22331073943197818,4.787297889183058,0.008043116482854003,3175,95,16.192717532725283,0.00030464640969261295,-12.17628625175439,0.12295343833146599,29.38079385616993,6.541473817650027e-06,-21.352997748067196,True,-406.4343086045657,-414.5306673709283,-421.12470553265064,-428.37267187399374,358.71965565929787,3.50409999778118
457,age_randomized,weak_monsoon_start,Weak monsoon starts,100,2.177873333259756,0.026394721055788842,0.01279744051189762,100,0,223.75199153919496,0.217813491498198,4.744271707863558,0.008416064176447052,3175,98,12.1548221499786,0.0022941082455990797,-8.138390869007708,0.08946786550337477,34.17486964540774,6.861172302817771e-07,-26.147073537305005,True,-417.2792205387068,-423.3566316136961,-434.36665536141066,-438.8533524003117,229.8225371304927,2.8755700066144363
458,age_randomized,strong_monsoon_start,Strong monsoon starts,96,1.9950761705140116,0.08498300339932013,0.05378924215156969,96,0,25.94307892365032,0.2510726816463022,6.05159918103028,0.002203709481072109,3175,95,17.450774911013696,0.000162409853875065,-13.434343630042804,0.13250603380941578,29.35566575337748,6.6188754058736305e-06,-21.327869645274745,True,-407.6075194309258,-416.3329068864326,-422.2853523076145,-428.372671873992,7.6417765712614,3.6877896304236173
458,age_randomized,weak_monsoon_start,Weak monsoon starts,100,2.1786320572973126,0.026394721055788842,0.012397520495900819,100,0,223.33758064089508,0.19426307193149334,3.7738141116260553,0.022576250533302582,3175,99,11.177799426731895,0.003739139727624484,-7.161368145761003,0.0814452313181697,34.98188873611332,4.6853114964960557e-07,-26.954092628010585,True,-421.1733570021666,-426.76225671553254,-438.66430137022326,-442.32636305802714,233.44914802641242,2.748742594211054
459,age_randomized,strong_monsoon_start,Strong monsoon starts,96,1.9987903468581503,0.08158368326334733,0.05158968206358728,96,0,21.598526123825277,0.2205503164250139,4.6696744392166805,0.009068504698358414,3175,95,16.266485338361804,0.00029361456058486996,-12.250054057390912,0.12351356700182951,29.77686606293696,5.433964014413754e-06,-21.749069954834226,True,-408.00623939439896,-416.13948206357986,-422.89467242586744,-428.37267187399544,358.8091355724607,3.5016840905841007
459,age_randomized,weak_monsoon_start,Weak monsoon starts,100,2.191526963216809,0.023195360927814438,0.010797840431913617,100,0,214.72169198732504,0.21794767387368716,4.75011885469511,0.008366049093574107,3175,98,10.782216620595705,0.004556920054527639,-6.765785339624813,0.07936454310369379,29.091213914271748,7.490845602935279e-06,-21.063417806169014,True,-419.65115475620865,-425.0422630665065,-434.19676171334453,-438.85335240030827,222.0942208031531,2.685123031078202
460,age_randomized,strong_monsoon_start,Strong monsoon starts,96,1.9802312250369691,0.09538092381523695,0.0623875224955009,96,0,15.21460006449214,0.18640418812512785,3.335666049656453,0.03517367017286042,3175,95,12.318839002637219,0.0021134797879327942,-8.302407721666327,0.09353856809796979,24.780361105439738,5.5692843125114255e-05,-16.752564997337004,True,-410.52103604305773,-416.68045554437634,-422.9112165957776,-428.3726718739929,352.93865483828864,2.927334676521995
460,age_randomized,weak_monsoon_start,Weak monsoon starts,100,2.18375116417813,0.02519496100779844,0.011797640471905619,100,0,224.75500095236347,0.2388957089523436,5.707115975584286,0.0031460379291502454,3175,98,14.355761237705451,0.0007632838184459507,-10.33932995673456,0.10566829360114113,36.64833359986426,2.128218680156053e-07,-28.620537491761525,True,-415.52928025116006,-422.7071608700128,-433.8534470510922,-438.8533524003091,229.2733584180728,3.188580388842125
461,age_randomized,strong_monsoon_start,Strong monsoon starts,96,2.012056533268077,0.07398520295940812,0.046390721855628876,96,0,23.04384458753354,0.21852876348964598,4.584462765342108,0.0098915985286201,3175,95,14.395601407499612,0.0007482295786518283,-10.37917012652872,0.1093076987432309,26.069262607146356,3.064309017539501e-05,-18.041466499043622,True,-410.0372734742566,-417.2350741780064,-423.0719047778298,-428.3726718739948,4.442664014203048,3.223466372244573
461,age_randomized,weak_monsoon_start,Weak monsoon starts,100,2.162605676082098,0.029994001199760048,0.015996800639872025,100,0,219.89105960013373,0.22714054338477824,5.159282644913232,0.005510345210165612,3175,99,14.075285359124337,0.0008781943095234923,-10.058854078153445,0.10255729488235209,35.68272456060913,3.3628470283492816e-07,-27.654928452506397,True,-421.20644339937917,-428.24408607894134,-439.04780567968373,-443.0195102385879,227.82111535387116,3.0997009328236826
462,age_randomized,strong_monsoon_start,Strong monsoon starts,96,1.9982255914561322,0.08218356328734253,0.051989602079584085,96,0,16.500040738715054,0.19774557265540935,3.7539179044623143,0.023020039906984792,3175,95,13.086053126233764,0.0014401232725555085,-9.069621845262873,0.09936412605277353,27.082181224577198,1.9132690617834834e-05,-19.054385116474464,True,-408.46864694109047,-415.01167350420735,-422.00973755337907,-428.37267187399533,355.11907786485693,3.0475552796939342
462,age_randomized,weak_monsoon_start,Weak monsoon starts,100,2.2053336832110153,0.021795640871825634,0.009398120375924815,100,0,222.5814065681054,0.23642234232460996,5.589552395025506,0.003548622247755517,3175,98,15.475785189348244,0.00043598941402284185,-11.459353908377352,0.11391244156395704,43.28332623862468,9.037607005715697e-09,-35.25553013052195,True,-410.93800149514675,-418.6758940898209,-432.5796646144591,-438.8533524003088,224.45017500032955,3.3301718002152274
463,age_randomized,strong_monsoon_start,Strong monsoon starts,96,1.9774608718041136,0.09718056388722256,0.0631873625274945,96,0,14.706968768305734,0.206718807960657,4.1023358942087995,0.01615907955016071,3175,95,14.388888443853489,0.0007507452171176836,-10.372457162882597,0.10925672632553654,26.34013587308425,2.701992264114066e-05,-18.312339764981516,True,-409.1767460744734,-416.37119029640013,-422.3468140110155,-428.3726718739948,353.788446454013,3.2227881129104783
463,age_randomized,weak_monsoon_start,Weak monsoon starts,100,2.18463701023641,0.02499500099980004,0.011597680463907219,100,0,223.02366805280846,0.22144198912235707,4.903655454646612,0.00715350205135256,3175,98,12.378472317658066,0.00205139309348515,-8.362041036687174,0.09111408482891126,35.87456287351699,3.070826538391808e-07,-27.84676676541426,True,-416.09175313370616,-422.2809892925352,-434.02903457046466,-438.8533524003109,229.6385139931506,2.9244717108992884
464,age_randomized,strong_monsoon_start,Strong monsoon starts,96,1.9730529040074556,0.10237952409518096,0.0661867626474705,96,0,17.571278091600263,0.23800276323128658,5.437950269349875,0.004135734410957226,3175,94,20.486624561762937,3.559475434291515e-05,-16.470193280792046,0.15721250882877352,34.10980432728934,7.075306210528184e-07,-26.082008219186605,True,-402.9413344238743,-413.1846467047558,-419.996236587519,-424.8582041313378,358.1668134635305,4.1729203099535965
464,age_randomized,weak_monsoon_start,Weak monsoon starts,100,2.175521460023971,0.02659468106378724,0.012997400519896021,100,0,214.40740269317246,0.25234956737494263,6.368030415432072,0.0015964604590345752,3175,99,16.368285030248217,0.0002790436002306648,-12.351853749277325,0.11926486687371798,37.95254812320388,1.1461022776041264e-07,-29.92475201510115,True,-419.79728436995583,-427.98142688507994,-438.7735584315578,-442.3263630580275,217.8923544011059,3.499430456159125
465,age_randomized,strong_monsoon_start,Strong monsoon starts,96,1.9815335804720888,0.09418116376724656,0.0617876424715057,96,0,15.307523281537915,0.23361785802476273,5.239421144455507,0.005067619642555243,3175,94,19.51450277043614,5.787347561224234e-05,-15.498071489465246,0.1497525338953306,32.011292142339244,1.9029587229125766e-06,-23.98349603423651,True,-404.17803312119133,-413.9352845064094,-420.18367919236096,-424.8582041313362,358.07970737463745,4.062385624368076
465,age_randomized,weak_monsoon_start,Weak monsoon starts,100,2.1847661661103364,0.02499500099980004,0.011597680463907219,100,0,224.9178792483944,0.2096336842792656,4.394628158449881,0.012015943696930494,3175,98,11.452998940424663,0.0032584636417930684,-7.436567659453772,0.08430196313600619,36.656952890088746,2.1195391391783206e-07,-28.629156781986012,True,-416.10386710193103,-421.83036657214336,-434.4323435469754,-438.853352400308,232.97907942645057,2.8034632421645704
466,age_randomized,strong_monsoon_start,Strong monsoon starts,96,1.9661764228814445,0.10697860427914417,0.07038592281543692,96,0,21.08390318318191,0.20357839913489184,3.9786398010552317,0.01832369371852405,3175,95,14.113081724414542,0.0008617538695764428,-10.09665044344365,0.10716248955512378,27.23449141705396,1.7822592498509863e-05,-19.206695308951225,True,-409.4352357507556,-416.4917766129629,-423.0524814592826,-428.3726718739929,0.3447366517386521,3.15821827220586
466,age_randomized,weak_monsoon_start,Weak monsoon starts,100,2.2078546369067,0.021395720855828835,0.008998200359928014,100,0,223.7102162487502,0.24871315472580924,6.185823333366432,0.001925226558803717,3175,98,17.474348229307452,0.00016050682151380524,-13.45791694833656,0.1286232425162689,43.69813981252753,7.412044727480146e-09,-35.670343704424795,True,-410.6473585491592,-419.38453266381293,-432.496428455423,-438.8533524003112,229.20807136738233,3.6855382086536377
467,age_randomized,strong_monsoon_start,Strong monsoon starts,96,2.0147793174841464,0.07138572285542892,0.04539092181563687,96,0,17.513354063434466,0.23108964342816374,5.126632636776562,0.00568719801563582,3175,95,17.38713189753821,0.0001676610881144926,-13.37070061656732,0.13202278402031942,30.815117111408767,3.339075988141899e-06,-22.787321003306033,True,-406.3684640152665,-415.0620299640356,-421.7760225709709,-428.3726718739953,357.7309039086922,3.679149734744606
467,age_randomized,weak_monsoon_start,Weak monsoon starts,100,2.1952025559224686,0.022795440911817635,0.009998000399920015,100,0,221.63469106969825,0.20205720526757104,4.0827114200541335,0.01649991014249247,3175,99,11.998816706583625,0.0024802191561560955,-7.982385425612733,0.08742744120769616,40.39150357497169,3.592073924988356e-08,-32.36370746686896,True,-417.8913561794176,-423.8907645327094,-438.08710796690343,-442.32636305802953,228.8250210237455,2.878882041177687
468,age_randomized,strong_monsoon_start,Strong monsoon starts,96,2.0061980709227756,0.07698460307938412,0.04899020195960808,96,0,23.499929633849042,0.2534244117445878,6.165497516936675,0.0019602271780325446,3175,95,19.13790656254173,6.986447379004976e-05,-15.121475281570838,0.14531664679355422,32.2377092672582,1.7105866649069663e-06,-24.209913159155462,True,-406.6840414832126,-416.25299476448345,-422.8028961168417,-429.06581905455346,5.958009348395645,3.9620374217184113
468,age_randomized,weak_monsoon_start,Weak monsoon starts,100,2.197184819326894,0.022595480903819236,0.009998000399920015,100,0,215.30209483219608,0.22018609402579184,4.848191600233485,0.007569899360674274,3175,99,13.55284887728169,0.001140344991036478,-9.536417596310798,0.09875064578369622,42.83058218157089,1.122022675868862e-08,-34.802786073468155,True,-416.8023177251108,-423.57874216375166,-438.21760881589626,-442.32636305802805,222.28527778090609,3.037345810275341
469,age_randomized,strong_monsoon_start,Strong monsoon starts,96,2.0079654343200373,0.07598480303939212,0.04839032193561288,96,0,16.8352936167129,0.23959419900987347,5.510916499121555,0.0038378931370962365,3175,95,18.845124905136686,8.087850621549355e-05,-14.828693624165794,0.14309351708196735,32.18040235981039,1.7573634514308829e-06,-24.152606251707653,True,-405.72597499483703,-415.1485374474054,-421.8161761747422,-428.3726718739938,357.6095288147578,3.9403596900339495
469,age_randomized,weak_monsoon_start,Weak monsoon starts,100,2.178058412273434,0.026394721055788842,0.01279744051189762,100,0,214.2276620756227,0.22047956000888824,4.861123638171295,0.007470705924152827,3175,98,10.870354951038507,0.004360461077382598,-6.853923670067616,0.0800133019416635,30.283744277969618,4.284719413615322e-06,-22.255948169866883,True,-420.9409689647008,-426.37614644022005,-436.0828411036856,-438.85335240030906,220.8886737948621,2.7103978723636777
470,age_randomized,strong_monsoon_start,Strong monsoon starts,96,1.989572948138015,0.08878224355128975,0.05678864227154569,96,0,20.14008277465416,0.23970643950222645,5.516081005328116,0.0038176393456105786,3175,95,16.739363096162833,0.00023178935575131565,-12.722931815191941,0.12710419013933602,29.7855269280592,5.411958117785444e-06,-21.757730819956464,True,-406.51990526225916,-414.8895868103406,-421.41266872628876,-428.3726718739945,1.4876932042488407,3.538373872946283
470,age_randomized,weak_monsoon_start,Weak monsoon starts,100,2.183529646509981,0.02519496100779844,0.011797640471905619,100,0,226.95916891040116,0.2498551004997187,6.242757124572453,0.0018158474895008966,3175,98,14.588422012453066,0.000679460806310969,-10.571990731482174,0.10738083720286444,36.1098081369048,2.747018336974423e-07,-28.08201202880207,True,-416.07596183281476,-423.3701728390413,-434.13086590126716,-439.5464995808694,231.54989890162105,3.215527573302087
471,age_randomized,strong_monsoon_start,Strong monsoon starts,96,2.0085274510862856,0.07598480303939212,0.04779044191161767,96,0,25.18064895149795,0.22800705601288376,4.990772888799582,0.006534288497605702,3175,95,15.205620084598308,0.0004990471177612794,-11.189188803627417,0.11545827731416632,27.627915119402132,1.4836981483491914e-05,-19.600119011299398,True,-409.16362427053343,-416.7664343128326,-422.9775818302345,-428.37267187399505,7.1034321887771394,3.3270033257025147
471,age_randomized,weak_monsoon_start,Weak monsoon starts,100,2.1633697547072415,0.029994001199760048,0.015996800639872025,100,0,216.71981291460187,0.2635403626442861,6.945352274268182,0.0008809634031670217,3175,99,18.864806657453755,8.008649428929404e-05,-14.848375376482863,0.13745536874766484,45.07254902630359,3.840237259921555e-09,-37.04475291820086,True,-414.6677373252998,-424.1001406540267,-437.2040118384516,-442.3263630580266,219.7160085016733,3.754668782065365
472,age_randomized,strong_monsoon_start,Strong monsoon starts,96,2.036351360228014,0.0615876824635073,0.03519296140771846,96,0,16.116831735055186,0.23115618426439097,5.129585426272615,0.0056700551509395875,3175,95,15.93005265350871,0.00034740256291922633,-11.913621372537818,0.12095898928587942,27.585918565038355,1.5130349371894849e-05,-19.55812245693562,True,-407.5721572284674,-415.53718355522176,-421.3651165109866,-428.3726718739914,359.737722303345,3.4464080245640902
472,age_randomized,weak_monsoon_start,Weak monsoon starts,100,2.1713485010759555,0.026994601079784044,0.013797240551889621,100,0,217.29964002087448,0.21527512556645625,4.634337968765351,0.009413773733373676,3175,98,11.960183557275855,0.00252859421064683,-7.943752276304963,0.08803519135818162,38.244268344672946,9.977843485990775e-08,-30.216472236570212,True,-414.3584577336503,-420.33854951228824,-433.4805919059868,-438.8533524003087,224.6189320840361,2.8776941307824764
473,age_randomized,strong_monsoon_start,Strong monsoon starts,96,2.005876564819602,0.07698460307938412,0.04919016196760648,96,0,11.929495593506454,0.21526761778083994,4.448654137443628,0.011359644054679074,3175,95,17.706763636680193,0.00014289766427405518,-13.690332355709302,0.13444978994121864,33.51629665148516,9.36324385735661e-07,-25.48850054338243,True,-404.6580844188968,-413.5114662372369,-421.4162327446394,-428.37267187399436,348.8375043684858,3.7179618727955983
473,age_randomized,weak_monsoon_start,Weak monsoon starts,100,2.2003380706063536,0.022395520895820836,0.009598080383923215,100,0,224.0597031626811,0.20894369114386613,4.3657466068823325,0.012374272221289149,3175,98,10.507222262979553,0.005228603093629729,-6.490790982008662,0.0773403951648914,32.596027917581864,1.4449696155136953e-06,-24.56823180947913,True,-416.60403866862515,-421.8576498001149,-432.9020526274161,-438.85335240031065,234.1172464048964,2.6740045650473108
474,age_randomized,strong_monsoon_start,Strong monsoon starts,96,1.9927310666921285,0.08658268346330734,0.05558888222355529,96,0,19.537001614051494,0.23257932501857978,5.192941672905424,0.005314364831964671,3175,95,17.014203283201937,0.00020202852824466154,-12.997772002231045,0.12919108790185344,29.980037981692362,4.940449315574394e-06,-21.952241873589628,True,-408.5498750090719,-417.0569766506729,-423.5398939999181,-428.37267187399425,358.91298632270036,3.6088614326438324
474,age_randomized,weak_monsoon_start,Weak monsoon starts,100,2.1874213949114787,0.02399520095980804,0.011397720455908818,100,0,224.1456901424802,0.19581487303694348,3.834346450247429,0.021231698725541145,3175,99,9.936070351453395,0.006956803511450842,-5.9196390704825035,0.07239757283821047,30.375777089683083,4.103685018580772e-06,-22.34798098158035,True,-423.86575859857913,-428.83379377430583,-439.0536471434207,-442.3263630580278,234.52432340278946,2.5605160099318747
475,age_randomized,strong_monsoon_start,Strong monsoon starts,96,1.9994355862735076,0.08138372325534893,0.05158968206358728,96,0,18.905407307465087,0.21076730680205424,4.264594331192761,0.01370074133086704,3175,95,12.674273447983978,0.0017693611601906438,-8.657842167013087,0.0962374286856692,23.537592159565406,9.886139973638087e-05,-15.509796051462672,True,-410.3480070314247,-416.6851437554167,-422.1168031112074,-428.3726718739942,1.5413468248063826,2.9760459472846095
475,age_randomized,weak_monsoon_start,Weak monsoon starts,100,2.1681530892549223,0.027994401119776045,0.015196960607878424,100,0,224.4912550646605,0.22837228284897118,5.2153899573650495,0.005203331522740161,3175,99,14.73371415929364,0.0006318509187818182,-10.717282878322749,0.10735483005802242,39.297265152207046,6.047816307558083e-08,-31.269469044104312,True,-419.2796328695903,-426.6464899492371,-438.9282654456938,-442.3263630580285,231.30475297383202,3.2271178742569386
476,age_randomized,strong_monsoon_start,Strong monsoon starts,96,2.001772835675864,0.07978404319136173,0.04999000199960008,96,0,8.333680435272568,0.25864547559119083,6.422158276204156,0.0015052400505950363,3175,94,25.658327192771708,2.681421224419049e-06,-21.641895911800816,0.19689968828999035,38.06133961097055,1.08838008984016e-07,-30.033543502867815,True,-398.8996653880865,-411.72882898447233,-417.93033519357175,-424.8582041313401,350.75463408183435,5.155554736258716
476,age_randomized,weak_monsoon_start,Weak monsoon starts,100,2.176744010503342,0.026394721055788842,0.01279744051189762,100,0,220.47099074494693,0.2357154901806522,5.556179231110514,0.0036719706804212086,3175,99,15.600164688123641,0.00040970124112642254,-11.58373340715275,0.11366808198286414,39.984122635708104,4.3612720084383776e-08,-31.95632652760537,True,-419.4755418481906,-427.2756241922524,-439.4676031660446,-442.3263630580253,226.23641988162322,3.3258942753409975
477,age_randomized,strong_monsoon_start,Strong monsoon starts,96,2.0182175781716447,0.06938612277544491,0.04299140171965607,96,0,22.07160266525856,0.19293291028677473,3.5734183556855674,0.027644688380770787,3175,95,12.548852498093424,0.0018838716168983426,-8.532421217122533,0.09528509088340244,28.4056143981893,1.0321028890965556e-05,-20.377818290086566,True,-407.6546094096962,-413.9290356587429,-421.85741660879086,-428.3726718739934,359.2038992491126,2.983950580701608
477,age_randomized,weak_monsoon_start,Weak monsoon starts,100,2.1642453178584673,0.02979404119176165,0.015996800639872025,100,0,223.4886232451029,0.2644513926582941,6.993453907891125,0.0008383177626075529,3175,98,16.621333522336045,0.0002458800454281643,-12.604902241365153,0.1223444665593658,36.4238915356749,2.3671392157905733e-07,-28.396095427572163,True,-415.82629986893846,-424.1369666301065,-434.0382456367759,-438.85335240031054,225.92336604296423,3.5106158412937325
478,age_randomized,strong_monsoon_start,Strong monsoon starts,96,1.9864909776753787,0.09018196360727855,0.05858828234353129,96,0,21.606013107210483,0.23086925709695258,5.116858931759884,0.005744309284784005,3175,95,15.683408916519511,0.0003929986197216803,-11.66697763554862,0.11908619088471815,27.6508691368565,1.4679034440367651e-05,-19.623073028753765,True,-408.6712566177208,-416.51296107598057,-422.49669118614906,-428.37267187399374,4.022822893220216,3.4081957460327037
478,age_randomized,weak_monsoon_start,Weak monsoon starts,100,2.142512300265306,0.03539292141571686,0.020395920815836834,100,0,219.15152839823108,0.2364362350992334,5.590209326789997,0.0035462360366357412,3175,99,15.537803267781669,0.00042267726632619747,-11.521371986810777,0.1132136955592775,40.91709668293777,2.796183614243579e-08,-32.88930057483503,True,-418.2073208863739,-425.97622252026474,-438.6658692278428,-442.3263630580278,223.6758813106315,3.3242710581546326
479,age_randomized,strong_monsoon_start,Strong monsoon starts,96,2.000483656449777,0.08078384323135374,0.05058988202359528,96,0,10.253964677833608,0.22014016163471206,4.652322313397487,0.009230398297514784,3175,95,15.524798365712627,0.000425434659746098,-11.508367084741735,0.11788184006849839,26.94843412119326,2.0361837340866797e-05,-18.920638013090525,True,-408.56353506270125,-416.32593424555756,-422.0377521232979,-428.3726718739948,352.66569850450327,3.403030453210365
479,age_randomized,weak_monsoon_start,Weak monsoon starts,100,2.174631900708598,0.02659468106378724,0.013197360527894421,100,0,223.30912396252657,0.24014996213164935,5.767200431183262,0.002958175592997246,3175,99,15.302642178874976,0.00047541564738327364,-11.286210897904084,0.11150023224222833,35.5829440273734,3.5255159272659785e-07,-27.555147919270667,True,-420.5031889501826,-428.1545100396201,-438.2946609638693,-442.3263630580285,228.30069766813216,3.2660485995156803
480,age_randomized,strong_monsoon_start,Strong monsoon starts,96,2.0003224506268436,0.08078384323135374,0.05078984203159368,96,0,26.94928386571612,0.2690072430090766,6.94703009196906,0.0008760460219724902,3175,95,20.977324218044032,2.785043119288367e-05,-16.96089293707314,0.1592835874762741,35.20113126978208,4.2237442884619826e-07,-27.173335161679347,True,-404.7211461300384,-415.2098082390604,-422.32171176492943,-428.3726718739939,8.828429984297978,4.195196217245472
480,age_randomized,weak_monsoon_start,Weak monsoon starts,100,2.183824998407561,0.02519496100779844,0.011797640471905619,100,0,217.96981181778665,0.24795385796718178,6.148111568080935,0.0020012606388985343,3175,98,15.483479529051465,0.0004343153110376849,-11.467048248080573,0.11396907720545067,38.28544771570989,9.78450498510944e-08,-30.25765160760716,True,-416.6671618011485,-424.4089015656742,-435.80988565900344,-438.8533524003098,223.89836482380437,3.3651814883327327
481,age_randomized,strong_monsoon_start,Strong monsoon starts,96,2.0000806175303145,0.08078384323135374,0.05078984203159368,96,0,22.21247430297986,0.2038879633030567,3.990748951667385,0.01809964105289302,3175,95,12.815889517131154,0.0016484089012752956,-8.799458236160262,0.09731273816287352,26.93410323568753,2.0498110306670644e-05,-18.906307127584796,True,-410.51605249117506,-416.92399724974064,-423.9831041090188,-428.37267187399397,0.5614510155251039,3.0201168734421273
481,age_randomized,weak_monsoon_start,Weak monsoon starts,100,2.2138895722353094,0.020595880823835233,0.008598280343931213,100,0,225.6300295584052,0.21463591779461513,4.606857720753679,0.009681031667571359,3175,98,11.576156956553405,0.003063863804633248,-7.559725675582513,0.08520849098863201,32.84700894101525,1.2838022901314152e-06,-24.819212832912513,True,-418.6953776217146,-424.4834560999913,-435.11888209222224,-438.85335240030895,233.47347609478123,2.8166176433157992
482,age_randomized,strong_monsoon_start,Strong monsoon starts,96,2.0008060291303726,0.08058388322335533,0.05058988202359528,96,0,26.285592852434778,0.21766659062105728,4.5483594885691145,0.010262361589110926,3175,94,14.75397055894507,0.0006254837050520294,-10.737539277974179,0.11322063914261607,26.858448381365747,2.1232689995850538e-05,-18.830652273263013,True,-404.567784865581,-411.94477014505355,-417.9970090562639,-424.8582041313392,6.937195649337119,3.2974352459309597
482,age_randomized,weak_monsoon_start,Weak monsoon starts,100,2.182495600110519,0.02539492101579684,0.01199760047990402,100,0,213.57095055982643,0.21486181340600616,4.616559886011741,0.009585822496609372,3175,98,11.076624355487866,0.003933159713675085,-7.060193074516974,0.08153158687475641,36.278345944488365,2.536182136579404e-07,-28.25054983638563,True,-414.10311183210047,-419.6414240098444,-432.24228480434465,-438.8533524003086,221.1274806945292,2.725893246028802
483,age_randomized,strong_monsoon_start,Strong monsoon starts,96,2.0243598723090925,0.06638672265546891,0.04079184163167367,96,0,16.81380748320249,0.2223870657321476,4.747776672475635,0.00837408559392037,3175,95,15.702940012266708,0.0003891794513736949,-11.686508731295817,0.11923449306881084,29.692884911408896,5.652020696666001e-06,-21.665088803306162,True,-405.6693127606885,-413.52078276682187,-420.51575521639296,-428.3726718739931,358.95507136000094,3.44825054509368
483,age_randomized,weak_monsoon_start,Weak monsoon starts,100,2.169918578698572,0.027794441111777646,0.014397120575884824,100,0,232.9554205035749,0.22602332363064742,5.108654282504438,0.005802812413523293,3175,98,12.78683342267152,0.00167253186916583,-8.770402141700629,0.09411990391612987,31.755174874103318,2.1466525503883605e-06,-23.727378766000584,True,-416.9281345108732,-423.32155122220894,-432.80572194792484,-438.85335240030764,241.0215456078808,3.042092620376607
484,age_randomized,strong_monsoon_start,Strong monsoon starts,96,1.998386966428449,0.08178364327134573,0.051789642071585686,96,0,22.215263782626753,0.2231528137618384,4.780529115823271,0.008098863407956786,3175,95,17.974709754395803,0.00012498024449429342,-13.958278473424912,0.13648434012676475,33.86855609564452,7.929035959718171e-07,-25.840759987541787,True,-403.7348409630416,-412.7221958402395,-420.6691190108639,-428.3726718739936,358.87069802015594,3.7937659235599357
484,age_randomized,weak_monsoon_start,Weak monsoon starts,100,2.2219227494697953,0.019396120775844832,0.007998400319936013,100,0,231.06431122201866,0.23916531933354204,5.720004997191515,0.0031047636172372136,3175,98,15.20390949552177,0.0004994741326211474,-11.187478214550879,0.11191124913935653,39.86649681561539,4.6125048644556544e-08,-31.838700707512658,True,-413.6806431497217,-421.28259789748256,-433.61389155752937,-438.8533524003079,233.73425782122592,3.3287561847275127
485,age_randomized,strong_monsoon_start,Strong monsoon starts,96,1.9812894540367394,0.09458108378324336,0.0621875624875025,96,0,23.750635018251366,0.20117621920153142,3.8852996325333713,0.020145906800597985,3175,95,14.602533013029188,0.0006746837425007307,-10.586101732058296,0.11087895769639253,30.904360749145326,3.2020402904168963e-06,-22.87656464104259,True,-407.39440838558335,-414.69567489209794,-422.846588760156,-428.3726718739936,358.80521275323395,3.268459337762469
485,age_randomized,weak_monsoon_start,Weak monsoon starts,100,2.1568010462216742,0.03139372125574885,0.016396720655868825,100,0,225.7488527158329,0.22105917998065108,4.886716105371789,0.007278198181057999,3175,98,14.35753764952426,0.0007626061662397515,-10.341106368553369,0.10568136921604712,40.00877878958147,4.31036584715211e-08,-31.980982681478736,True,-415.7875541760364,-422.9663230007985,-435.79194357082713,-438.85335240031065,231.5161760714036,3.1885695542199652
486,age_randomized,strong_monsoon_start,Strong monsoon starts,96,1.992407387478316,0.08698260347930414,0.05558888222355529,96,0,16.91710026264271,0.23270101693533427,5.198377275142917,0.005284902837237437,3175,95,19.244936274203837,6.622396595133513e-05,-15.228504993232946,0.14612933750009474,33.78907359134553,8.232208404524092e-07,-25.761277483242793,True,-405.41530213914916,-415.0377702762511,-422.3098389348219,-428.37267187399436,354.77008064325736,3.9410795198817516
486,age_randomized,weak_monsoon_start,Weak monsoon starts,100,2.2086578142698587,0.021395720855828835,0.008798240351929614,100,0,227.8759601607652,0.16587026251832726,2.7512943987898804,0.06351227224038947,3175,99,8.8973886533812,0.01169382532262468,-4.8809573724103075,0.06482938629845852,35.84002655397785,3.121465613173612e-07,-27.812230445875116,True,-419.23662482030016,-423.68531914699076,-437.1566380972891,-442.3263630580276,238.91251943420917,2.4331172925638085
487,age_randomized,strong_monsoon_start,Strong monsoon starts,96,2.02300538557556,0.0669866026794641,0.041191761647670466,96,0,21.929934485168157,0.25699477899693685,6.340446377441705,0.0016373456980020502,3175,95,18.954231629956325,7.658450280180683e-05,-14.937800348985434,0.1439219788231512,30.33378183081527,4.185327777224611e-06,-22.305985722712535,True,-406.0702595733733,-415.54737538835144,-421.2371504887809,-428.37267187399357,5.411991454191744,3.9336945014625364
487,age_randomized,weak_monsoon_start,Weak monsoon starts,100,2.195294366891168,0.022795440911817635,0.009998000399920015,100,0,231.02794270542074,0.22967215389873638,5.274929827648485,0.004896129903926185,3175,99,15.222406795124698,0.0004948759674695108,-11.205975514153806,0.11091561006929727,37.985443845547366,1.1283338004093879e-07,-29.95764773744463,True,-418.70356668419663,-426.314770081759,-437.6962886069703,-442.32636305802737,237.18193193118034,3.305434435215329
488,age_randomized,strong_monsoon_start,Strong monsoon starts,96,1.9759926417748308,0.09938012397520496,0.06458708258348331,96,0,24.415077964330557,0.24022612173261784,5.540024598018674,0.0037251192815787536,3175,95,18.546512546073245,9.390224411600714e-05,-14.530081265102353,0.14082611408423587,31.92442640401441,1.9823548836975776e-06,-23.896630295911677,True,-406.9821502946762,-416.25540656771284,-422.9443634966834,-428.3726718739925,2.7796353833511716,3.8104236491968977
488,age_randomized,weak_monsoon_start,Weak monsoon starts,100,2.1879004677885536,0.023795240951809637,0.011397720455908818,100,0,234.92754953685642,0.20194205505422136,4.078059359952217,0.01657806945222857,3175,98,12.010239286314231,0.0024660942796525492,-7.99380800534334,0.08840363601150686,34.39877303826779,6.172457257819699e-07,-26.370976930165057,True,-417.52980696018585,-423.53492660334297,-434.72919347931975,-438.8533524003079,241.79007238048666,2.9013524303997142
489,age_randomized,strong_monsoon_start,Strong monsoon starts,96,1.9675700313946738,0.10557888422315537,0.06958608278344332,96,0,22.31832845158442,0.23593893983488168,5.34404959971916,0.0045530876450844745,3175,94,21.28025056657532,2.3936040042198025e-05,-17.263819285604427,0.1633027231982594,36.01500924365257,2.873195745345553e-07,-27.987213135549837,True,-400.81198844756324,-411.4521137308509,-418.8194930693895,-424.8582041313372,1.32044831700299,4.241196805662318
489,age_randomized,weak_monsoon_start,Weak monsoon starts,100,2.189613216614916,0.023395320935812838,0.010997800439912017,100,0,216.79241934828792,0.2595440252399406,6.736310103775091,0.0010928040030869389,3175,98,15.890009375494174,0.00035442822961098154,-11.873578094523282,0.1169614169678805,32.93068097883622,1.2341573655927829e-06,-24.902884870733487,True,-419.3503350705098,-427.2953397582569,-435.8156755599279,-438.8533524003089,222.04045214769226,3.3993005569600983
490,age_randomized,strong_monsoon_start,Strong monsoon starts,96,1.98169631472116,0.09418116376724656,0.0617876424715057,96,0,29.0355388787486,0.26820856586302405,6.905840141020811,0.000914113633679751,3175,95,20.710602419582983,3.182363803782901e-05,-16.69417113861209,0.15725833370818598,35.09527886254227,4.440641048273945e-07,-27.06748275443954,True,-403.4276554932469,-413.7829567030384,-420.97529492451804,-428.37267187399334,11.321400291946272,4.110552908073513
490,age_randomized,weak_monsoon_start,Weak monsoon starts,100,2.185024454955142,0.024795040991801638,0.011597680463907219,100,0,230.16921831316412,0.24044686741799517,5.781469605112695,0.00291522671293917,3175,98,14.100128724545243,0.0008673531306918009,-10.083697443574351,0.103786662177538,34.44050132481732,6.051938523505372e-07,-26.412705216714585,True,-417.96536328078975,-425.01542764306237,-435.1856139431984,-438.8533524003111,236.53097714527405,3.1297005834853935
491,age_randomized,strong_monsoon_start,Strong monsoon starts,96,2.0102125586107844,0.07518496300739852,0.046790641871625675,96,0,22.513126687579458,0.2648781307456076,6.735400718139572,0.0010899205456463123,3175,94,21.327149246392423,2.338128543790592e-05,-17.31071796542153,0.163662619436538,33.721736082888015,8.498076011834898e-07,-25.69393997478528,True,-401.241906409048,-411.9054810322442,-418.102774450492,-424.8582041313366,5.443739699552361,4.329899940496108
491,age_randomized,weak_monsoon_start,Weak monsoon starts,100,2.1667210580741805,0.028794241151769647,0.015196960607878424,100,0,217.1323638365965,0.24244685459362866,5.878047730234412,0.0026404014960747157,3175,99,15.05323746621491,0.0005385561836989358,-11.036806185244018,0.10968298505975857,38.16323868548727,1.0369474410887852e-07,-30.135442577384538,True,-417.61576030926034,-425.1423790423678,-436.697379652004,-442.32636305802833,221.05859909105405,3.28923610993931
492,age_randomized,strong_monsoon_start,Strong monsoon starts,96,1.9984676490280109,0.08178364327134573,0.051789642071585686,96,0,36.65215834605905,0.23450909082262858,5.279473313131763,0.004864156904427675,3175,95,15.770144162142401,0.0003763194850526694,-11.75371288117151,0.11974478303593093,29.687038288690474,5.667521763999436e-06,-21.65924218058774,True,-407.02596883683975,-414.91104091791095,-421.869487981185,-428.3726718739943,15.658514470546802,3.383176715175792
492,age_randomized,weak_monsoon_start,Weak monsoon starts,100,2.183529646509981,0.02519496100779844,0.011797640471905619,100,0,237.31372917058297,0.256081835652082,6.557790655093992,0.0013133446881849961,3175,99,18.061184460301888,0.00011969158721100236,-14.044753179330996,0.13159990532049667,39.055936259505756,6.783552074434003e-08,-31.028140151403022,True,-418.2146803755252,-427.2452726056761,-437.74264850527805,-442.3263630580279,241.6446933067773,3.7142340557374958
493,age_randomized,strong_monsoon_start,Strong monsoon starts,96,2.0084471726054254,0.07598480303939212,0.04779044191161767,96,0,16.343256634993047,0.23348173325395535,5.233317097274032,0.005099362488058802,3175,94,18.72740985754467,8.578169418058289e-05,-14.71097857657378,0.14371245388390844,29.0025177268991,7.8081880425466e-06,-20.974721618796366,True,-405.251020111969,-414.61472504074135,-419.75227897541856,-424.858204131339,359.38889931803044,3.914982118095933
493,age_randomized,weak_monsoon_start,Weak monsoon starts,100,2.191876409484212,0.023195360927814438,0.010797840431913617,100,0,218.380390364233,0.24706974819098668,6.104346047115756,0.0020932522232985206,3175,98,13.387034300368441,0.0012389176416383483,-9.37060301939755,0.09853779590485717,33.598068619499145,9.008833038691739e-07,-25.57027251139641,True,-416.10093019114913,-422.79444734133335,-432.8999645008987,-438.8533524003094,225.45920566917687,3.026481393084414
494,age_randomized,strong_monsoon_start,Strong monsoon starts,96,2.0161393306786732,0.07058588282343531,0.044191161767646474,96,0,18.090349466060154,0.19910351641925708,3.8056521840492836,0.021842587416797395,3175,94,13.34019425298925,0.0012682755618653283,-9.323762972018358,0.10237144730469704,26.92591353530338,2.057639335876726e-05,-18.898117427200646,True,-405.32060843809666,-411.9907055645913,-418.78356520574835,-424.8582041313392,358.9711083283449,3.102201550443551
494,age_randomized,weak_monsoon_start,Weak monsoon starts,100,2.180740292828608,0.02579484103179364,0.01199760047990402,100,0,223.1290582768411,0.25913078375410614,6.714876308901732,0.0011172023322149496,3175,98,14.995412148413038,0.0005543545609552257,-10.978980867442147,0.1103765650132735,33.440990903729244,9.70190350530219e-07,-25.41319479562651,True,-416.8145682036004,-424.3122742778069,-433.535063655465,-438.8533524003077,230.58634269491867,3.279762741891516
495,age_randomized,strong_monsoon_start,Strong monsoon starts,96,2.0072426101097127,0.07638472305538892,0.04859028194361128,96,0,12.863880534559781,0.21652987346397734,4.5009778658233,0.010769998157776947,3175,95,16.21930654356447,0.00030062308963100013,-12.20287526259358,0.12315533219504408,29.86491015325987,5.2143461919958775e-06,-21.837114045157136,True,-408.9089234753693,-417.01857674715154,-423.84137855199924,-428.37267187399334,352.8741313913763,3.5220513067118215
495,age_randomized,weak_monsoon_start,Weak monsoon starts,100,2.1884346945814026,0.023795240951809637,0.011397720455908818,100,0,222.25317157428123,0.26045885353092435,6.78388143826435,0.001040530298933179,3175,98,17.154343032924885,0.0001883569893016448,-13.137911751953993,0.1262677837923922,40.11537961415047,4.0970071420228055e-08,-32.087583506047736,True,-413.17956952767264,-421.7567410441351,-433.2372593347479,-438.85335240031037,224.49075731713612,3.639831681048946
496,age_randomized,strong_monsoon_start,Strong monsoon starts,96,1.9867344649567584,0.08998200359928014,0.05838832233553289,96,0,13.742507988880948,0.25650901424897926,6.3164999415343726,0.0016782011805757079,3175,94,24.034356519638322,6.03956686416937e-06,-20.01792523866743,0.184437483839572,36.36375234045761,2.4355810797063925e-07,-28.335956232354874,True,-401.017493685419,-413.0346719452382,-419.19936985564783,-424.8582041313381,354.31438018877935,4.763487573613213
496,age_randomized,weak_monsoon_start,Weak monsoon starts,100,2.1853933860644497,0.024795040991801638,0.011597680463907219,100,0,228.51878324072732,0.22371982089807008,5.005055826266455,0.006450273357125759,3175,98,14.14939099266519,0.0008462502009041696,-10.132959711694298,0.10414926641182162,38.07081645987489,1.0834913306762714e-07,-30.043020351772157,True,-416.06100237126,-423.13569786759257,-435.0964106011974,-438.85335240030963,236.00103011094825,3.141191018739835
497,age_randomized,strong_monsoon_start,Strong monsoon starts,96,2.00804573206003,0.07598480303939212,0.04839032193561288,96,0,21.641899530810115,0.203259915723363,3.9662009606273885,0.01855671907288324,3175,95,12.47301767280942,0.0019566746839399162,-8.456586391838528,0.09470926706043446,26.05272396358373,3.087933326818819e-05,-18.024927855480996,True,-410.28917794555673,-416.52568678196144,-423.3155399273486,-428.37267187399294,0.9483916069319905,2.9627670048086236
497,age_randomized,weak_monsoon_start,Weak monsoon starts,100,2.178058412273434,0.026394721055788842,0.01279744051189762,100,0,219.0226092994473,0.20333836538642747,4.134649083802429,0.015651810083345718,3175,98,10.37352502338797,0.005590075354385088,-6.357093742417078,0.0763562913662214,34.60215879136376,5.606778413571083e-07,-26.57436268326103,True,-417.2784522985326,-422.4652148102266,-434.5795316942145,-438.8533524003103,227.40893666833574,2.6489807131615475
498,age_randomized,strong_monsoon_start,Strong monsoon starts,96,1.9898160582887876,0.08838232353529295,0.05638872225554889,96,0,27.79861801044634,0.18745343460028063,3.373323853770402,0.033857740749572623,3175,95,12.150862741459832,0.0022986544000002116,-8.13443146048894,0.09226310220856092,28.036368533816812,1.2263017703066892e-05,-20.00857242571408,True,-407.6849907276131,-413.76042209834304,-421.70317499452153,-428.37267187399357,3.8612540279191467,2.920285117564088
498,age_randomized,weak_monsoon_start,Weak monsoon starts,100,2.190717505220925,0.023195360927814438,0.010797840431913617,100,0,230.44914701739324,0.2383200289895119,5.679643621756179,0.003235842769165158,3175,98,14.58550085423235,0.0006804539376678776,-10.569069573261459,0.10735933546572833,33.277811065418405,1.0478202240825294e-06,-25.25001495731567,True,-418.2929307090727,-425.5856811361889,-434.9318362417819,-438.8533524003102,237.1824335778374,3.2655990277999294
499,age_randomized,strong_monsoon_start,Strong monsoon starts,96,1.985516729957303,0.09058188362327535,0.0593881223755249,96,0,21.948102327957358,0.23393243607448244,5.253540926183214,0.004994943706810273,3175,95,16.966529803406274,0.00020690208380583789,-12.950098522435383,0.1288290968866791,28.97356881786004,7.914631938592405e-06,-20.945772709757307,True,-406.9777977060646,-415.46106260776776,-421.46458211499464,-428.3726718739932,1.2623553434664998,3.589975865479324
499,age_randomized,weak_monsoon_start,Weak monsoon starts,100,2.2152911124716335,0.020195960807838434,0.008598280343931213,100,0,220.9913112807861,0.22715214376409384,5.159809641662356,0.005507379322318467,3175,98,12.270189341211676,0.0021655201970711677,-8.253758060240784,0.09031704751701379,33.55283813990536,9.203182872887315e-07,-25.525042031802627,True,-417.7538009864917,-423.8888956570975,-434.53022005644436,-438.8533524003098,227.52359859005858,2.914306693558305
500,age_randomized,strong_monsoon_start,Strong monsoon starts,96,2.012537292272971,0.07318536292741452,0.046390721855628876,96,0,25.612638842014658,0.20914029844487425,4.199007785626662,0.01464611622665717,3175,95,11.61869303424021,0.0029993894817122945,-7.6022617532693175,0.08822226748478681,22.902042848272913,0.000132461467984924,-14.874246740170179,True,-411.56168290828134,-417.37102942540145,-423.0127043324178,-428.37267187399374,9.254580449995245,2.833074198825782
500,age_randomized,weak_monsoon_start,Weak monsoon starts,100,2.183105008152481,0.02519496100779844,0.011797640471905619,100,0,233.68395672655268,0.18086912976691963,3.2713642102642813,0.03755607277240529,3175,98,8.042645017202744,0.017929237682159496,-4.026213736231853,0.05919940858137108,27.641167755513266,1.4745584724443952e-05,-19.61337164741053,True,-420.80539166714783,-424.8267141757492,-434.62597554490446,-438.85335240030975,244.5171095317524,2.344335278885183
