analysis_type,dataset_id,dataset_label,driver_id,driver_label,lag_ka,reduced_terms,full_terms,ok,n_bins,n_events,df,loglik_reduced,loglik_full,ll_gain_nats,info_nats_per_bin,info_bits_per_bin,info_bits_per_event,LR_statistic,LR_p_value,delta_AICc_full_minus_reduced,expected_events_reduced,expected_events_full,max_rate_full_per_kyr,converged_reduced,converged_full,LR_q_value_BH
single_driver_given_y_history,strong_monsoon_start,Strong monsoon starts,lr04,LR04,0.0,event_history_2ka,event_history_2ka+lr04_lr04_scaled_lag,True,3100,91,1,-411.31876785445377,-406.9976786641587,4.321089190295083,0.0013938997388048657,0.002010972240670201,0.06850564775909476,8.642178380590167,0.00328468449947638,-6.638301160074207,91.00000006851323,90.99998986569707,0.3017438007705941,True,True,0.009215364845753176
single_driver_given_y_history,strong_monsoon_start,Strong monsoon starts,co2,CO2,0.0,event_history_2ka,event_history_2ka+co2_co2_scaled_lag,True,3100,91,1,-411.31876785445377,-408.1190297662195,3.1997380882342554,0.0010321735768497597,0.0014891117006577718,0.0507279810114186,6.399476176468511,0.011415404048049868,-4.395598955952551,91.00000006851323,91.00000667974699,0.2622840354786692,True,True,0.02620354111029629
single_driver_given_y_history,strong_monsoon_start,Strong monsoon starts,pre_phase,Precession phase,0.0,event_history_2ka,event_history_2ka+pre_phase_pre_phase_sin_lag+pre_phase_pre_phase_cos_lag,True,3100,91,2,-411.31876785445377,-401.9768968100051,9.34187104444868,0.0030135067885318323,0.0043475712995001015,0.14810407723571772,18.68374208889736,8.767523825620265e-05,-14.674692735283543,91.00000006851323,91.0000082153224,0.29697808626067607,True,True,0.00020655170637408514
single_driver_given_y_history,strong_monsoon_start,Strong monsoon starts,lr04,LR04,0.2,event_history_2ka,event_history_2ka+lr04_lr04_scaled_lag,True,3100,91,1,-411.31876785445377,-406.83423216189885,4.484535692554914,0.001446624416953198,0.002087037872367267,0.07109689455317064,8.969071385109828,0.0027458812161204496,-6.965194164593868,91.00000006851323,90.9999871639583,0.3053574418515283,True,True,0.008156882436122512
single_driver_given_y_history,strong_monsoon_start,Strong monsoon starts,co2,CO2,0.2,event_history_2ka,event_history_2ka+co2_co2_scaled_lag,True,3100,91,1,-411.31876785445377,-407.76490076685855,3.553867087595222,0.0011464087379339427,0.0016539182010490742,0.05634226838738604,7.107734175190444,0.007675206359035769,-5.103856954674484,91.00000006851323,91.00001604677658,0.26902400987949937,True,True,0.019609705107638282
single_driver_given_y_history,strong_monsoon_start,Strong monsoon starts,pre_phase,Precession phase,0.2,event_history_2ka,event_history_2ka+pre_phase_pre_phase_sin_lag+pre_phase_pre_phase_cos_lag,True,3100,91,2,-411.31876785445377,-402.01396703579184,9.304800818661931,0.0030015486511812683,0.004330319354046173,0.1475163735993751,18.609601637323863,9.098637220400378e-05,-14.600552283710044,91.00000006851323,90.99999750994019,0.29654027480056894,True,True,0.00020655170637408514
single_driver_given_y_history,strong_monsoon_start,Strong monsoon starts,lr04,LR04,0.4,event_history_2ka,event_history_2ka+lr04_lr04_scaled_lag,True,3100,91,1,-411.31876785445377,-406.69078344183083,4.627984412622936,0.001492898197620302,0.0021537968262588815,0.07337110067475311,9.255968825245873,0.002347291263079623,-7.252091604729912,91.00000006851323,90.99999471569835,0.30850106926347115,True,True,0.007184133865789148
single_driver_given_y_history,strong_monsoon_start,Strong monsoon starts,co2,CO2,0.4,event_history_2ka,event_history_2ka+co2_co2_scaled_lag,True,3100,91,1,-411.31876785445377,-407.78537969688534,3.5333881575684245,0.0011398026314736853,0.0016443876040192766,0.05601759969735998,7.066776315136849,0.007852641872677174,-5.062899094620889,91.00000006851323,91.00001066962139,0.2683725768447789,True,True,0.019609705107638282
single_driver_given_y_history,strong_monsoon_start,Strong monsoon starts,pre_phase,Precession phase,0.4,event_history_2ka,event_history_2ka+pre_phase_pre_phase_sin_lag+pre_phase_pre_phase_cos_lag,True,3100,91,2,-411.31876785445377,-402.05113786398533,9.267629990468436,0.0029895580614414307,0.004313020589691175,0.14692707503343563,18.53525998093687,9.4432053706828e-05,-14.526210627323053,91.00000006851323,90.99999163036031,0.29610143414413886,True,True,0.00020655170637408514
single_driver_given_y_history,strong_monsoon_start,Strong monsoon starts,lr04,LR04,0.6,event_history_2ka,event_history_2ka+lr04_lr04_scaled_lag,True,3100,91,1,-411.31876785445377,-406.5860043272885,4.732763527165275,0.0015266979119887985,0.002202559506561775,0.0750322469268297,9.46552705433055,0.0020936926864862106,-7.46164983381459,91.00000006851323,90.99999213188813,0.310769604806289,True,True,0.006821385849519589
single_driver_given_y_history,strong_monsoon_start,Strong monsoon starts,co2,CO2,0.6,event_history_2ka,event_history_2ka+co2_co2_scaled_lag,True,3100,91,1,-411.31876785445377,-407.8191586056802,3.499609248773595,0.0011289062092818048,0.0016286673897596181,0.05548207591488809,6.99921849754719,0.008154530836839681,-4.99534127703123,91.00000006851323,91.00002494250703,0.26747737291481477,True,True,0.019609705107638282
single_driver_given_y_history,strong_monsoon_start,Strong monsoon starts,pre_phase,Precession phase,0.6,event_history_2ka,event_history_2ka+pre_phase_pre_phase_sin_lag+pre_phase_pre_phase_cos_lag,True,3100,91,2,-411.31876785445377,-402.0867136191277,9.232054235326075,0.002978082011395508,0.004296464149200929,0.14636306442332836,18.46410847065215,9.785201854851977e-05,-14.455059117038331,91.00000006851323,91.00000335599745,0.29567658264142876,True,True,0.00020655170637408514
single_driver_given_y_history,strong_monsoon_start,Strong monsoon starts,lr04,LR04,0.8,event_history_2ka,event_history_2ka+lr04_lr04_scaled_lag,True,3100,91,1,-411.31876785445377,-406.54161832551677,4.777149528937002,0.0015410159770764523,0.0022232161080588584,0.07573593335145562,9.554299057874005,0.0019948167152708633,-7.550421837358044,91.00000006851323,90.99999406897102,0.31171970111496966,True,True,0.006715882941411907
single_driver_given_y_history,strong_monsoon_start,Strong monsoon starts,co2,CO2,0.8,event_history_2ka,event_history_2ka+co2_co2_scaled_lag,True,3100,91,1,-411.31876785445377,-407.4804840525178,3.8382838019359724,0.0012381560651406362,0.0017862816150249884,0.060851351720631476,7.676567603871945,0.005594247395093315,-5.6726903833559845,91.00000006851323,90.99998583778807,0.27378089273689254,True,True,0.014868920708011178
single_driver_given_y_history,strong_monsoon_start,Strong monsoon starts,pre_phase,Precession phase,0.8,event_history_2ka,event_history_2ka+pre_phase_pre_phase_sin_lag+pre_phase_pre_phase_cos_lag,True,3100,91,2,-411.31876785445377,-402.1209568579101,9.197810996543694,0.0029670358053366756,0.004280527842499214,0.14582017924997323,18.39562199308739,0.00010126081969074657,-14.38657263947357,91.00000006851323,91.00000863654624,0.29526415156316294,True,True,0.00020655170637408514
single_driver_given_y_history,strong_monsoon_start,Strong monsoon starts,lr04,LR04,1.0,event_history_2ka,event_history_2ka+lr04_lr04_scaled_lag,True,3100,91,1,-411.31876785445377,-406.43452970538704,4.884238149066732,0.001575560693247333,0.002273053598767505,0.07743369402394797,9.768476298133464,0.0017752952092157975,-7.764599077617504,91.00000006851323,90.99999881439827,0.3139396159539221,True,True,0.006403743433242698
single_driver_given_y_history,strong_monsoon_start,Strong monsoon starts,co2,CO2,1.0,event_history_2ka,event_history_2ka+co2_co2_scaled_lag,True,3100,91,1,-411.31876785445377,-407.2457105560566,4.073057298397146,0.0013138894510958533,0.00189554179537231,0.0645734018203754,8.146114596794291,0.004315352257932617,-6.142237376278331,91.00000006851323,90.99999244199878,0.2780564435008974,True,True,0.012106960501422064
single_driver_given_y_history,strong_monsoon_start,Strong monsoon starts,pre_phase,Precession phase,1.0,event_history_2ka,event_history_2ka+pre_phase_pre_phase_sin_lag+pre_phase_pre_phase_cos_lag,True,3100,91,2,-411.31876785445377,-402.1564185297431,9.162349324710647,0.0029555965563582733,0.004264024494726578,0.14525797729288342,18.324698649421293,0.00010491612624202322,-14.315649295807475,91.00000006851323,90.99999489875279,0.29484383429525884,True,True,0.00020655170637408514
single_driver_given_y_history,strong_monsoon_start,Strong monsoon starts,lr04,LR04,1.2,event_history_2ka,event_history_2ka+lr04_lr04_scaled_lag,True,3100,91,1,-411.31876785445377,-406.2524292689642,5.066338585489575,0.0016343027695127662,0.0023578005008871666,0.08032067640384853,10.13267717097915,0.0014566368827879342,-8.12879995046319,91.00000006851323,90.99999156903641,0.31768130457476806,True,True,0.005658474044676206
single_driver_given_y_history,strong_monsoon_start,Strong monsoon starts,co2,CO2,1.2,event_history_2ka,event_history_2ka+co2_co2_scaled_lag,True,3100,91,1,-411.31876785445377,-406.7466255457025,4.572142308751268,0.0014748846157262153,0.0021278087209916354,0.07248579159422054,9.144284617502535,0.002494961675629008,-7.140407396986575,91.00000006851323,91.00000637597819,0.2869875315686181,True,True,0.007411503801133229
single_driver_given_y_history,strong_monsoon_start,Strong monsoon starts,pre_phase,Precession phase,1.2,event_history_2ka,event_history_2ka+pre_phase_pre_phase_sin_lag+pre_phase_pre_phase_cos_lag,True,3100,91,2,-411.31876785445377,-402.1931884186132,9.125579435840564,0.0029437353018840528,0.004246912321717899,0.1446750351354449,18.251158871681127,0.00010884568248976614,-14.24210951806731,91.00000006851323,90.99999365273122,0.2944150183414125,True,True,0.00020655170637408514
single_driver_given_y_history,strong_monsoon_start,Strong monsoon starts,lr04,LR04,1.4,event_history_2ka,event_history_2ka+lr04_lr04_scaled_lag,True,3100,91,1,-411.31876785445377,-406.06442242314705,5.254345431306717,0.0016949501391311992,0.0024452961602786398,0.08330129776773387,10.508690862613435,0.0011881440106476556,-8.504813642097474,91.00000006851323,91.0000518631164,0.32152004329403067,True,True,0.005000106044808884
single_driver_given_y_history,strong_monsoon_start,Strong monsoon starts,co2,CO2,1.4,event_history_2ka,event_history_2ka+co2_co2_scaled_lag,True,3100,91,1,-411.31876785445377,-406.33104216892923,4.987725685524538,0.0016089437695240444,0.0023212151973615344,0.07907436386616215,9.975451371049076,0.0015864110113705883,-7.971574150533115,91.00000006851323,90.999988559761,0.2942242305460281,True,True,0.005340917071614314
single_driver_given_y_history,strong_monsoon_start,Strong monsoon starts,pre_phase,Precession phase,1.4,event_history_2ka,event_history_2ka+pre_phase_pre_phase_sin_lag+pre_phase_pre_phase_cos_lag,True,3100,91,2,-411.31876785445377,-402.2288748296587,9.08989302479506,0.0029322235563855035,0.004230304383575165,0.14410927020970343,18.17978604959012,0.0001128001346951533,-14.170736695976302,91.00000006851323,91.0000046613017,0.2939996186577273,True,True,0.00020655170637408514
single_driver_given_y_history,strong_monsoon_start,Strong monsoon starts,lr04,LR04,1.6,event_history_2ka,event_history_2ka+lr04_lr04_scaled_lag,True,3100,91,1,-411.31876785445377,-405.7655417121382,5.553226142315566,0.0017913632717146987,0.0025843909085334245,0.08803969029069908,11.106452284631132,0.000860278968363561,-9.102575064115172,91.00000006851323,90.99999414697429,0.3275899815144556,True,True,0.0041375321811771264
single_driver_given_y_history,strong_monsoon_start,Strong monsoon starts,co2,CO2,1.6,event_history_2ka,event_history_2ka+co2_co2_scaled_lag,True,3100,91,1,-411.31876785445377,-406.00821039590244,5.3105574585513295,0.0017130830511455902,0.0024714564225186775,0.08419247153635055,10.621114917102659,0.0011180361719489464,-8.617237696586699,91.00000006851323,91.00000830549632,0.2939336864040903,True,True,0.0052612456236672146
single_driver_given_y_history,strong_monsoon_start,Strong monsoon starts,pre_phase,Precession phase,1.6,event_history_2ka,event_history_2ka+pre_phase_pre_phase_sin_lag+pre_phase_pre_phase_cos_lag,True,3100,91,2,-411.31876785445377,-402.265376457264,9.053391397189785,0.0029204488378031562,0.004213317055468551,0.14353058101046712,18.10678279437957,0.00011699359161478587,-14.09773344076575,91.00000006851323,91.00000095994866,0.2935808269321236,True,True,0.00020655170637408514
single_driver_given_y_history,strong_monsoon_start,Strong monsoon starts,lr04,LR04,1.8,event_history_2ka,event_history_2ka+lr04_lr04_scaled_lag,True,3100,91,1,-411.31876785445377,-405.42263775831043,5.896130096143338,0.0019019774503688186,0.0027439734355297297,0.09347601813343034,11.792260192286676,0.0005947748046477261,-9.788382971770716,91.00000006851323,91.00000350796972,0.3345043658851945,True,True,0.0033373475149677968
single_driver_given_y_history,strong_monsoon_start,Strong monsoon starts,co2,CO2,1.8,event_history_2ka,event_history_2ka+co2_co2_scaled_lag,True,3100,91,1,-411.31876785445377,-405.6046693633898,5.7140984910639645,0.0018432575777625692,0.0026592585665190615,0.0905901269913087,11.428196982127929,0.0007233784854594795,-9.424319761611969,91.00000006851323,91.00000186538276,0.2959524763095786,True,True,0.0052612456236672146
single_driver_given_y_history,strong_monsoon_start,Strong monsoon starts,pre_phase,Precession phase,1.8,event_history_2ka,event_history_2ka+pre_phase_pre_phase_sin_lag+pre_phase_pre_phase_cos_lag,True,3100,91,2,-411.31876785445377,-402.3008664009264,9.017901453527372,0.0029090004688797975,0.0041968005503965535,0.14296793083768478,18.035802907054745,0.00012122024582395559,-14.026753553440926,91.00000006851323,91.00000073376569,0.29317402652134045,True,True,0.00020655170637408514
single_driver_given_y_history,strong_monsoon_start,Strong monsoon starts,lr04,LR04,2.0,event_history_2ka,event_history_2ka+lr04_lr04_scaled_lag,True,3100,91,1,-411.31876785445377,-405.19430932702335,6.12445852743042,0.001975631783042071,0.0028502341760174165,0.09709588951268122,12.24891705486084,0.00046552825643910833,-10.24503983434488,91.00000006851323,91.00000318496708,0.3391213221708565,True,True,0.002938647118771871
single_driver_given_y_history,strong_monsoon_start,Strong monsoon starts,co2,CO2,2.0,event_history_2ka,event_history_2ka+co2_co2_scaled_lag,True,3100,91,1,-411.31876785445377,-405.7182307179538,5.600537136499952,0.0018066248827419199,0.002606408759078373,0.08878974893563688,11.201074272999904,0.0008174999076576013,-9.197197052483943,91.00000006851323,90.9999918423353,0.29131569801873547,True,True,0.0052612456236672146
single_driver_given_y_history,strong_monsoon_start,Strong monsoon starts,pre_phase,Precession phase,2.0,event_history_2ka,event_history_2ka+pre_phase_pre_phase_sin_lag+pre_phase_pre_phase_cos_lag,True,3100,91,2,-411.31876785445377,-402.3327304750591,8.986037379394645,0.002898721735288595,0.0041819714724179065,0.1424627644450056,17.97207475878929,0.00012514501420990033,-13.963025405175472,91.00000006851323,91.00000033868874,0.2928028577216814,True,True,0.00020655170637408514
single_driver_given_y_history,strong_monsoon_start,Strong monsoon starts,lr04,LR04,2.2,event_history_2ka,event_history_2ka+lr04_lr04_scaled_lag,True,3100,91,1,-411.31876785445377,-404.9790024573542,6.339765397099541,0.0020450856119675937,0.0029504348705790186,0.10050931976697755,12.679530794199081,0.000369680326089781,-10.675653573683121,91.00000006851323,90.99999713850508,0.3434992057983342,True,True,0.0026669794953619913
single_driver_given_y_history,strong_monsoon_start,Strong monsoon starts,co2,CO2,2.2,event_history_2ka,event_history_2ka+co2_co2_scaled_lag,True,3100,91,1,-411.31876785445377,-406.3161417403694,5.002626114084364,0.001613750359382053,0.0023281496407132705,0.07931059215616636,10.005252228168729,0.0015609441136863278,-8.001375007652769,91.00000006851323,91.00001258970556,0.2823281761287208,True,True,0.005340917071614314
single_driver_given_y_history,strong_monsoon_start,Strong monsoon starts,pre_phase,Precession phase,2.2,event_history_2ka,event_history_2ka+pre_phase_pre_phase_sin_lag+pre_phase_pre_phase_cos_lag,True,3100,91,2,-411.31876785445377,-402.35804950464444,8.960718349809326,0.002890554306390105,0.004170188363249242,0.1420613618249742,17.921436699618653,0.00012835401752540708,-13.912387346004834,91.00000006851323,90.99998664408457,0.29249386173207637,True,True,0.00020655170637408514
single_driver_given_y_history,strong_monsoon_start,Strong monsoon starts,lr04,LR04,2.4,event_history_2ka,event_history_2ka+lr04_lr04_scaled_lag,True,3100,91,1,-411.31876785445377,-404.784341155231,6.534426699222763,0.0021078795803944395,0.0030410274174261674,0.10359543949473757,13.068853398445526,0.0003002468741451266,-11.064976177929566,91.00000006851323,90.9999993193586,0.34751669475621527,True,True,0.0023935050515111085
single_driver_given_y_history,strong_monsoon_start,Strong monsoon starts,co2,CO2,2.4,event_history_2ka,event_history_2ka+co2_co2_scaled_lag,True,3100,91,1,-411.31876785445377,-406.05651808445145,5.262249770002313,0.0016974999258071977,0.0024489747248714277,0.08342661150660907,10.524499540004626,0.0011780230958691208,-8.520622319488666,91.00000006851323,91.00001919003844,0.28894760395672126,True,True,0.0052612456236672146
single_driver_given_y_history,strong_monsoon_start,Strong monsoon starts,pre_phase,Precession phase,2.4,event_history_2ka,event_history_2ka+pre_phase_pre_phase_sin_lag+pre_phase_pre_phase_cos_lag,True,3100,91,2,-411.31876785445377,-402.3799133951901,8.938854459263666,0.00288350143847215,0.004160013225679964,0.14171473625942735,17.877708918527333,0.00013119123904393123,-13.868659564913514,91.00000006851323,90.99999541464575,0.2922217380524203,True,True,0.00020655170637408514
single_driver_given_y_history,strong_monsoon_start,Strong monsoon starts,lr04,LR04,2.6,event_history_2ka,event_history_2ka+lr04_lr04_scaled_lag,True,3100,91,1,-411.31876785445377,-404.72229589446533,6.596471959988435,0.0021278941806414306,0.003069902381947876,0.10457909213229029,13.19294391997687,0.00028100512642040883,-11.18906669946091,91.00000006851323,90.9999985335826,0.34900419497382973,True,True,0.0023935050515111085
single_driver_given_y_history,strong_monsoon_start,Strong monsoon starts,co2,CO2,2.6,event_history_2ka,event_history_2ka+co2_co2_scaled_lag,True,3100,91,1,-411.31876785445377,-405.87650712011003,5.4422607343437335,0.001755567978820559,0.0025327492169878816,0.08628046783145531,10.884521468687467,0.0009697123073388323,-8.880644248171507,91.00000006851323,90.99999532474772,0.2918883904106313,True,True,0.0052612456236672146
single_driver_given_y_history,strong_monsoon_start,Strong monsoon starts,pre_phase,Precession phase,2.6,event_history_2ka,event_history_2ka+pre_phase_pre_phase_sin_lag+pre_phase_pre_phase_cos_lag,True,3100,91,2,-411.31876785445377,-402.3996993816088,8.91906847284497,0.0028771188622080546,0.004150805114555657,0.1414010533529949,17.83813694568994,0.00013381283704325518,-13.829087592076121,91.00000006851323,90.9999871739947,0.291974383236504,True,True,0.00020655170637408514
single_driver_given_y_history,strong_monsoon_start,Strong monsoon starts,lr04,LR04,2.8,event_history_2ka,event_history_2ka+lr04_lr04_scaled_lag,True,3100,91,1,-411.31876785445377,-404.64936901670626,6.669398837747508,0.002151418979918551,0.0031038414932028856,0.10573525965855984,13.338797675495016,0.0002599709776886892,-11.334920454979056,91.00000006851323,91.0000021038058,0.3507558291428653,True,True,0.0023935050515111085
single_driver_given_y_history,strong_monsoon_start,Strong monsoon starts,co2,CO2,2.8,event_history_2ka,event_history_2ka+co2_co2_scaled_lag,True,3100,91,1,-411.31876785445377,-405.66920116801987,5.6495666864339,0.0018224408665915807,0.0026292264005450586,0.08956705320538111,11.2991333728678,0.0007754327702022806,-9.29525615235184,91.00000006851323,91.00000633322554,0.2953003166460197,True,True,0.0052612456236672146
single_driver_given_y_history,strong_monsoon_start,Strong monsoon starts,pre_phase,Precession phase,2.8,event_history_2ka,event_history_2ka+pre_phase_pre_phase_sin_lag+pre_phase_pre_phase_cos_lag,True,3100,91,2,-411.31876785445377,-402.4123500774389,8.906417777014894,0.0028730379925854498,0.004144917664188611,0.14120049185697467,17.81283555402979,0.000135516415549589,-13.80378620041597,91.00000006851323,90.99999568240752,0.2917960062020614,True,True,0.00020655170637408514
single_driver_given_y_history,strong_monsoon_start,Strong monsoon starts,lr04,LR04,3.0,event_history_2ka,event_history_2ka+lr04_lr04_scaled_lag,True,3100,91,1,-411.31876785445377,-404.5569526895342,6.76181516491954,0.0021812306983611416,0.0031468507115603897,0.10720040885535394,13.52363032983908,0.00023557826002981405,-11.51975310932312,91.00000006851323,90.99999406841484,0.3529401512447785,True,True,0.0023935050515111085
single_driver_given_y_history,strong_monsoon_start,Strong monsoon starts,co2,CO2,3.0,event_history_2ka,event_history_2ka+co2_co2_scaled_lag,True,3100,91,1,-411.31876785445377,-405.6223131731251,5.696454681328646,0.001837566026235047,0.0026510473933553415,0.09031040570770943,11.392909362657292,0.0007372497383344686,-9.389032142141332,91.00000006851323,90.9999957389102,0.2979312912878995,True,True,0.0052612456236672146
single_driver_given_y_history,strong_monsoon_start,Strong monsoon starts,pre_phase,Precession phase,3.0,event_history_2ka,event_history_2ka+pre_phase_pre_phase_sin_lag+pre_phase_pre_phase_cos_lag,True,3100,91,2,-411.31876785445377,-402.4250600456747,8.893707808779084,0.0028689380028319627,0.004139002629303559,0.1409989906685828,17.787415617558167,0.00013724981729231096,-13.77836626394435,91.00000006851323,90.99999473833837,0.29162383049237417,True,True,0.00020655170637408514
single_driver_given_y_history,strong_monsoon_start,Strong monsoon starts,lr04,LR04,3.2,event_history_2ka,event_history_2ka+lr04_lr04_scaled_lag,True,3100,91,1,-411.31876785445377,-404.5153400525386,6.803427801915177,0.002194654129650057,0.003166216629312622,0.10786012693262777,13.606855603830354,0.00022536103655353557,-11.602978383314394,91.00000006851323,91.00000449384908,0.35416144997236354,True,True,0.0023935050515111085
single_driver_given_y_history,strong_monsoon_start,Strong monsoon starts,co2,CO2,3.2,event_history_2ka,event_history_2ka+co2_co2_scaled_lag,True,3100,91,1,-411.31876785445377,-405.369871944705,5.948895909748785,0.0019189986805641243,0.002768529879922326,0.0943125563490023,11.89779181949757,0.0005620052952060749,-9.89391459898161,91.00000006851323,91.0000010969966,0.31293713288346064,True,True,0.0052612456236672146
single_driver_given_y_history,strong_monsoon_start,Strong monsoon starts,pre_phase,Precession phase,3.2,event_history_2ka,event_history_2ka+pre_phase_pre_phase_sin_lag+pre_phase_pre_phase_cos_lag,True,3100,91,2,-411.31876785445377,-402.43868780193014,8.880080052523624,0.0028645419524269754,0.004132660469184786,0.14078293906014108,17.760160105047248,0.00013913302716599233,-13.75111075143343,91.00000006851323,90.99999700230336,0.2914502326668727,True,True,0.00020655170637408514
single_driver_given_y_history,strong_monsoon_start,Strong monsoon starts,lr04,LR04,3.4,event_history_2ka,event_history_2ka+lr04_lr04_scaled_lag,True,3100,91,1,-411.31876785445377,-404.4029577110993,6.915810143354463,0.0022309064978562783,0.003218517741144218,0.10964181315985798,13.831620286708926,0.00019994288591456108,-11.827743066192966,91.00000006851323,90.99999536184023,0.35677088398508955,True,True,0.0023935050515111085
single_driver_given_y_history,strong_monsoon_start,Strong monsoon starts,co2,CO2,3.4,event_history_2ka,event_history_2ka+co2_co2_scaled_lag,True,3100,91,1,-411.31876785445377,-405.46030371206075,5.858464142393018,0.001889827142707425,0.0027264442469213616,0.09287886995006836,11.716928284786036,0.0006193410112308572,-9.713051064270076,91.00000006851323,91.00000327440287,0.3114774814320018,True,True,0.0052612456236672146
single_driver_given_y_history,strong_monsoon_start,Strong monsoon starts,pre_phase,Precession phase,3.4,event_history_2ka,event_history_2ka+pre_phase_pre_phase_sin_lag+pre_phase_pre_phase_cos_lag,True,3100,91,2,-411.31876785445377,-402.4516358809268,8.867131973526966,0.0028603651527506343,0.0041266346210049425,0.1405776629133552,17.734263947053932,0.0001409462461113285,-13.725214593440114,91.00000006851323,90.99999978888056,0.291290801128488,True,True,0.00020655170637408514
single_driver_given_y_history,strong_monsoon_start,Strong monsoon starts,lr04,LR04,3.6,event_history_2ka,event_history_2ka+lr04_lr04_scaled_lag,True,3100,91,1,-411.31876785445377,-404.2178239471895,7.100943907264252,0.0022906270668594363,0.003304676309884141,0.11257688528176743,14.201887814528504,0.00016420569103890733,-12.198010594012544,91.00000006851323,90.99999722460782,0.3608257331643359,True,True,0.0023935050515111085
single_driver_given_y_history,strong_monsoon_start,Strong monsoon starts,co2,CO2,3.6,event_history_2ka,event_history_2ka+co2_co2_scaled_lag,True,3100,91,1,-411.31876785445377,-405.3968722587704,5.921895595683395,0.0019102889018333532,0.0027559643253402023,0.0938844989951058,11.84379119136679,0.000578539187749776,-9.83991397085083,91.00000006851323,90.99999941772214,0.31262594439673824,True,True,0.0052612456236672146
single_driver_given_y_history,strong_monsoon_start,Strong monsoon starts,pre_phase,Precession phase,3.6,event_history_2ka,event_history_2ka+pre_phase_pre_phase_sin_lag+pre_phase_pre_phase_cos_lag,True,3100,91,2,-411.31876785445377,-402.4632833574543,8.855484496999452,0.002856607902257888,0.004121214054351679,0.14039300624714512,17.710968993998904,0.00014259751207731122,-13.701919640385086,91.00000006851323,90.99999145269433,0.29114943522358583,True,True,0.00020655170637408514
single_driver_given_y_history,strong_monsoon_start,Strong monsoon starts,lr04,LR04,3.8,event_history_2ka,event_history_2ka+lr04_lr04_scaled_lag,True,3100,91,1,-411.31876785445377,-404.1079718711477,7.21079598330607,0.002326063220421313,0.00335579987289604,0.11431845720854643,14.42159196661214,0.0001461173249991428,-12.41771474609618,91.00000006851323,90.9999942001287,0.3634251612843545,True,True,0.0023935050515111085
single_driver_given_y_history,strong_monsoon_start,Strong monsoon starts,co2,CO2,3.8,event_history_2ka,event_history_2ka+co2_co2_scaled_lag,True,3100,91,1,-411.31876785445377,-405.05593758817884,6.262830266274932,0.002020267827830623,0.0029146303764787584,0.09928960623169397,12.525660532549864,0.00040140097053268666,-10.521783312033904,91.00000006851323,91.00000365182193,0.31849552236515005,True,True,0.0052612456236672146
single_driver_given_y_history,strong_monsoon_start,Strong monsoon starts,pre_phase,Precession phase,3.8,event_history_2ka,event_history_2ka+pre_phase_pre_phase_sin_lag+pre_phase_pre_phase_cos_lag,True,3100,91,2,-411.31876785445377,-402.47272034443347,8.846047510020298,0.0028535637129097737,0.004116822217475629,0.14024339422169724,17.692095020040597,0.00014394957259664408,-13.683045666426779,91.00000006851323,90.9999961150553,0.2910343218751162,True,True,0.00020655170637408514
single_driver_given_y_history,strong_monsoon_start,Strong monsoon starts,lr04,LR04,4.0,event_history_2ka,event_history_2ka+lr04_lr04_scaled_lag,True,3100,91,1,-411.31876785445377,-404.0868425395415,7.231925314912246,0.00233287913384266,0.0033656331573881457,0.11465343722970607,14.463850629824492,0.00014287532106852855,-12.459973409308532,91.00000006851323,91.00000306447919,0.3642740124029606,True,True,0.0023935050515111085
single_driver_given_y_history,strong_monsoon_start,Strong monsoon starts,co2,CO2,4.0,event_history_2ka,event_history_2ka+co2_co2_scaled_lag,True,3100,91,1,-411.31876785445377,-404.86380134434324,6.454966510110523,0.0020822472613259754,0.0030040477978196104,0.10233569421143728,12.909933020221047,0.00032684298882537877,-10.906055799705086,91.00000006851323,90.99999932757696,0.32175007766289154,True,True,0.0052612456236672146
single_driver_given_y_history,strong_monsoon_start,Strong monsoon starts,pre_phase,Precession phase,4.0,event_history_2ka,event_history_2ka+pre_phase_pre_phase_sin_lag+pre_phase_pre_phase_cos_lag,True,3100,91,2,-411.31876785445377,-402.4814721178525,8.837295736601277,0.0028507405601939603,0.004112749269052852,0.14010464542927298,17.674591473202554,0.00014521491556082064,-13.665542119588736,91.00000006851323,90.99999958770442,0.2909327001639598,True,True,0.00020655170637408514
single_driver_given_y_history,strong_monsoon_start,Strong monsoon starts,lr04,LR04,4.2,event_history_2ka,event_history_2ka+lr04_lr04_scaled_lag,True,3100,91,1,-411.31876785445377,-404.10149986513807,7.217267989315701,0.002328150964295387,0.0033588118506298137,0.11442106304343322,14.434535978631402,0.0001451164921903191,-12.430658758115442,91.00000006851323,91.00000009892018,0.3644084084040342,True,True,0.0023935050515111085
single_driver_given_y_history,strong_monsoon_start,Strong monsoon starts,co2,CO2,4.2,event_history_2ka,event_history_2ka+co2_co2_scaled_lag,True,3100,91,1,-411.31876785445377,-404.9778614094015,6.340906445052269,0.002045453691952345,0.0029509658977476694,0.10052740970349204,12.681812890104538,0.00036922940562135936,-10.677935669588578,91.00000006851323,90.9999981808936,0.31991129074548474,True,True,0.0052612456236672146
single_driver_given_y_history,strong_monsoon_start,Strong monsoon starts,pre_phase,Precession phase,4.2,event_history_2ka,event_history_2ka+pre_phase_pre_phase_sin_lag+pre_phase_pre_phase_cos_lag,True,3100,91,2,-411.31876785445377,-402.4927101229852,8.826057731468552,0.00284711539724792,0.004107519264448185,0.13992648043724587,17.652115462937104,0.0001468560457702309,-13.643066109323286,91.00000006851323,90.99998035646122,0.2908151837890899,True,True,0.00020655170637408514
single_driver_given_y_history,strong_monsoon_start,Strong monsoon starts,lr04,LR04,4.4,event_history_2ka,event_history_2ka+lr04_lr04_scaled_lag,True,3100,91,1,-411.31876785445377,-404.2083930599177,7.110374794536085,0.0022936692885600274,0.003309065308044868,0.11272640060372628,14.22074958907217,0.0001625680125702354,-12.21687236855621,91.00000006851323,91.0000005693773,0.3627044277761407,True,True,0.0023935050515111085
single_driver_given_y_history,strong_monsoon_start,Strong monsoon starts,co2,CO2,4.4,event_history_2ka,event_history_2ka+co2_co2_scaled_lag,True,3100,91,1,-411.31876785445377,-405.3418956028255,5.976872251628265,0.0019280233069768598,0.0027815496636938554,0.09475608744451595,11.95374450325653,0.000545376645251205,-9.94986728274057,91.00000006851323,91.00000316705444,0.3138909696219447,True,True,0.0052612456236672146
single_driver_given_y_history,strong_monsoon_start,Strong monsoon starts,pre_phase,Precession phase,4.4,event_history_2ka,event_history_2ka+pre_phase_pre_phase_sin_lag+pre_phase_pre_phase_cos_lag,True,3100,91,2,-411.31876785445377,-402.4981303739203,8.820637480533492,0.002845366929204352,0.004104996758272577,0.1398405489081867,17.641274961066983,0.0001476542035432471,-13.632225607453165,91.00000006851323,90.99999987319674,0.2907530830221942,True,True,0.00020655170637408514
single_driver_given_y_history,strong_monsoon_start,Strong monsoon starts,lr04,LR04,4.6,event_history_2ka,event_history_2ka+lr04_lr04_scaled_lag,True,3100,91,1,-411.31876785445377,-404.48459236525423,6.834175489199538,0.0022045727384514637,0.003180526157042929,0.10834759436080307,13.668350978399076,0.00021809938417033815,-11.664473757883115,91.00000006851323,90.99998804446291,0.357559510682858,True,True,0.0023935050515111085
single_driver_given_y_history,strong_monsoon_start,Strong monsoon starts,co2,CO2,4.6,event_history_2ka,event_history_2ka+co2_co2_scaled_lag,True,3100,91,1,-411.31876785445377,-405.3796551152798,5.939112739173993,0.0019158428190883849,0.0027639769342215443,0.0941574560009537,11.878225478347986,0.0005679402704614626,-9.874348257832025,91.00000006851323,90.99999850771414,0.3132884023845391,True,True,0.0052612456236672146
single_driver_given_y_history,strong_monsoon_start,Strong monsoon starts,pre_phase,Precession phase,4.6,event_history_2ka,event_history_2ka+pre_phase_pre_phase_sin_lag+pre_phase_pre_phase_cos_lag,True,3100,91,2,-411.31876785445377,-402.5019138218437,8.816854032610081,0.0028441464621322844,0.0041032359964801365,0.1397805669130596,17.633708065220162,0.0001482139036635035,-13.624658711606344,91.00000006851323,90.99999586549217,0.2907093527950717,True,True,0.00020655170637408514
single_driver_given_y_history,strong_monsoon_start,Strong monsoon starts,lr04,LR04,4.8,event_history_2ka,event_history_2ka+lr04_lr04_scaled_lag,True,3100,91,1,-411.31876785445377,-404.80844298542206,6.510324869031706,0.0021001047964618407,0.0030298107752026234,0.10321333410030915,13.020649738063412,0.0003080749076202417,-11.016772517547452,91.00000006851323,91.00000262019293,0.35131474175807265,True,True,0.0023935050515111085
single_driver_given_y_history,strong_monsoon_start,Strong monsoon starts,co2,CO2,4.8,event_history_2ka,event_history_2ka+co2_co2_scaled_lag,True,3100,91,1,-411.31876785445377,-405.18713722757053,6.131630626883236,0.0019779453635107216,0.002853571967086236,0.09720959448315748,12.263261253766473,0.00046196345318613404,-10.259384033250512,91.00000006851323,91.00000164017582,0.3166284555590962,True,True,0.0052612456236672146
single_driver_given_y_history,strong_monsoon_start,Strong monsoon starts,pre_phase,Precession phase,4.8,event_history_2ka,event_history_2ka+pre_phase_pre_phase_sin_lag+pre_phase_pre_phase_cos_lag,True,3100,91,2,-411.31876785445377,-402.50308860212436,8.815679252329403,0.0028437675007514204,0.004102689270775276,0.13976194219124566,17.631358504658806,0.00014838812475056147,-13.622309151044988,91.00000006851323,91.00000156286409,0.2906944683272057,True,True,0.00020655170637408514
single_driver_given_y_history,strong_monsoon_start,Strong monsoon starts,lr04,LR04,5.0,event_history_2ka,event_history_2ka+lr04_lr04_scaled_lag,True,3100,91,1,-411.31876785445377,-405.076215447381,6.242552407072765,0.002013726582926698,0.0029051933548946253,0.0989681252766301,12.48510481414553,0.0004102096965206199,-10.48122759362957,91.00000006851323,91.00000122871131,0.3460408303937461,True,True,0.002762078623238841
single_driver_given_y_history,strong_monsoon_start,Strong monsoon starts,co2,CO2,5.0,event_history_2ka,event_history_2ka+co2_co2_scaled_lag,True,3100,91,1,-411.31876785445377,-405.54909963698753,5.769668217466233,0.0018611832959568493,0.0026851199112623227,0.09147111785618901,11.539336434932466,0.0006813895597624015,-9.535459214416505,91.00000006851323,90.99999993382067,0.3104706767770849,True,True,0.0052612456236672146
single_driver_given_y_history,strong_monsoon_start,Strong monsoon starts,pre_phase,Precession phase,5.0,event_history_2ka,event_history_2ka+pre_phase_pre_phase_sin_lag+pre_phase_pre_phase_cos_lag,True,3100,91,2,-411.31876785445377,-402.50091891957436,8.817848934879407,0.002844467398348196,0.004103699009567274,0.13979633988635767,17.635697869758815,0.00014806651864340562,-13.626648516144996,91.00000006851323,90.99999642295529,0.2907134102894657,True,True,0.00020655170637408514
single_driver_given_y_history,strong_monsoon_start,Strong monsoon starts,lr04,LR04,5.2,event_history_2ka,event_history_2ka+lr04_lr04_scaled_lag,True,3100,91,1,-411.31876785445377,-405.3349930727901,5.983774781663669,0.0019302499295689255,0.0027847620010653597,0.09486551871761116,11.967549563327339,0.0005413508604993983,-9.963672342811378,91.00000006851323,90.99999718222412,0.34080386045936834,True,True,0.0032162609947317196
single_driver_given_y_history,strong_monsoon_start,Strong monsoon starts,co2,CO2,5.2,event_history_2ka,event_history_2ka+co2_co2_scaled_lag,True,3100,91,1,-411.31876785445377,-406.0197553492166,5.299012505237158,0.0017093588726571477,0.0024660835686820164,0.08400944025180496,10.598025010474316,0.001132085237456082,-8.594147789958356,91.00000006851323,91.00001320914359,0.3022265890142984,True,True,0.0052612456236672146
single_driver_given_y_history,strong_monsoon_start,Strong monsoon starts,pre_phase,Precession phase,5.2,event_history_2ka,event_history_2ka+pre_phase_pre_phase_sin_lag+pre_phase_pre_phase_cos_lag,True,3100,91,2,-411.31876785445377,-402.4955048648007,8.823262989653074,0.002846213867630024,0.0041062186321392325,0.13988217318276505,17.646525979306148,0.00014726704455243056,-13.63747662569233,91.00000006851323,91.0000010695816,0.2907651886697171,True,True,0.00020655170637408514
single_driver_given_y_history,strong_monsoon_start,Strong monsoon starts,lr04,LR04,5.4,event_history_2ka,event_history_2ka+lr04_lr04_scaled_lag,True,3100,91,1,-411.31876785445377,-405.5899767533838,5.728791101069987,0.0018479971293774153,0.0026660962941298374,0.0908230605692582,11.457582202139974,0.0007120287971771216,-9.453704981624014,91.00000006851323,91.00002881109936,0.33551566463907145,True,True,0.003784995184994173
single_driver_given_y_history,strong_monsoon_start,Strong monsoon starts,co2,CO2,5.4,event_history_2ka,event_history_2ka+co2_co2_scaled_lag,True,3100,91,1,-411.31876785445377,-406.1725486183832,5.1462192360705785,0.0016600707213130898,0.002394975797163359,0.08158708759567487,10.292438472141157,0.0013357645151624953,-8.288561251625197,91.00000006851323,90.99999810563244,0.29943735000488875,True,True,0.0052612456236672146
single_driver_given_y_history,strong_monsoon_start,Strong monsoon starts,pre_phase,Precession phase,5.4,event_history_2ka,event_history_2ka+pre_phase_pre_phase_sin_lag+pre_phase_pre_phase_cos_lag,True,3100,91,2,-411.31876785445377,-402.48856246061644,8.830205393837332,0.0028484533528507524,0.004109449526361321,0.13999223661230875,17.660410787674664,0.00014624819792079298,-13.651361434060846,91.00000006851323,91.00000080592747,0.2908355053897608,True,True,0.00020655170637408514
single_driver_given_y_history,strong_monsoon_start,Strong monsoon starts,lr04,LR04,5.6,event_history_2ka,event_history_2ka+lr04_lr04_scaled_lag,True,3100,91,1,-411.31876785445377,-405.7389482850312,5.579819569422568,0.0017999417965879252,0.0025967671038261714,0.08846129694352892,11.159639138845137,0.000835961821351394,-9.155761918329176,91.00000006851323,90.99990592227,0.3323220788999605,True,True,0.0041375321811771264
single_driver_given_y_history,strong_monsoon_start,Strong monsoon starts,co2,CO2,5.6,event_history_2ka,event_history_2ka+co2_co2_scaled_lag,True,3100,91,1,-411.31876785445377,-406.2011736812583,5.117594173195471,0.0016508368300630551,0.0023816541080488264,0.08113327181265231,10.235188346390942,0.0013778654279661203,-8.231311125874981,91.00000006851323,91.00003587816073,0.29882759581696516,True,True,0.0052612456236672146
single_driver_given_y_history,strong_monsoon_start,Strong monsoon starts,pre_phase,Precession phase,5.6,event_history_2ka,event_history_2ka+pre_phase_pre_phase_sin_lag+pre_phase_pre_phase_cos_lag,True,3100,91,2,-411.31876785445377,-402.4819433151521,8.836824539301688,0.0028505885610650606,0.004112529980663369,0.14009717516545545,17.673649078603376,0.00014528335656023374,-13.664599724989557,91.00000006851323,90.99999836215163,0.2909083320114663,True,True,0.00020655170637408514
single_driver_given_y_history,strong_monsoon_start,Strong monsoon starts,lr04,LR04,5.8,event_history_2ka,event_history_2ka+lr04_lr04_scaled_lag,True,3100,91,1,-411.31876785445377,-405.85869487866455,5.460072975789217,0.001761313863157812,0.0025410387758267577,0.08656285939629614,10.920145951578434,0.0009512411480486745,-8.916268731062473,91.00000006851323,90.99999809636435,0.32966856989823595,True,True,0.00436706163422346
single_driver_given_y_history,strong_monsoon_start,Strong monsoon starts,co2,CO2,5.8,event_history_2ka,event_history_2ka+co2_co2_scaled_lag,True,3100,91,1,-411.31876785445377,-406.71261782099066,4.606150033463109,0.0014858548495042287,0.002143635422860568,0.0730249429765688,9.212300066926218,0.0024039447693946477,-7.208422846410258,91.00000006851323,91.00000405703612,0.28949507084374143,True,True,0.0073575279305714975
single_driver_given_y_history,strong_monsoon_start,Strong monsoon starts,pre_phase,Precession phase,5.8,event_history_2ka,event_history_2ka+pre_phase_pre_phase_sin_lag+pre_phase_pre_phase_cos_lag,True,3100,91,2,-411.31876785445377,-402.4787031481972,8.840064706256555,0.002851633776211792,0.004114037907372221,0.14014854409729544,17.68012941251311,0.00014481337604805867,-13.671080058899292,91.00000006851323,91.00000040665844,0.29095526875821337,True,True,0.00020655170637408514
single_driver_given_y_history,strong_monsoon_start,Strong monsoon starts,lr04,LR04,6.0,event_history_2ka,event_history_2ka+lr04_lr04_scaled_lag,True,3100,91,1,-411.31876785445377,-406.0342407118633,5.284527142590491,0.0017046861750291908,0.002459342290986589,0.08377979233031238,10.569054285180982,0.0011499654281157104,-8.565177064665022,91.00000006851323,91.00000270281693,0.325794432363889,True,True,0.005000106044808884
single_driver_given_y_history,strong_monsoon_start,Strong monsoon starts,co2,CO2,6.0,event_history_2ka,event_history_2ka+co2_co2_scaled_lag,True,3100,91,1,-411.31876785445377,-406.1547928099279,5.163975044525841,0.0016657984014599489,0.002403239092907031,0.0818685844836461,10.327950089051683,0.0013103065422981372,-8.324072868535723,91.00000006851323,91.00000108323147,0.29921959607504617,True,True,0.0052612456236672146
single_driver_given_y_history,strong_monsoon_start,Strong monsoon starts,pre_phase,Precession phase,6.0,event_history_2ka,event_history_2ka+pre_phase_pre_phase_sin_lag+pre_phase_pre_phase_cos_lag,True,3100,91,2,-411.31876785445377,-402.47671420277334,8.84205365168043,0.0028522753715098164,0.004114963533726938,0.14018007642366492,17.68410730336086,0.00014452563639054533,-13.675057949747043,91.00000006851323,90.99999373204295,0.2909964955204315,True,True,0.00020655170637408514
single_driver_given_y_history,strong_monsoon_start,Strong monsoon starts,lr04,LR04,6.2,event_history_2ka,event_history_2ka+lr04_lr04_scaled_lag,True,3100,91,1,-411.31876785445377,-406.19306479172786,5.125703062725904,0.0016534526008793239,0.002385427867633559,0.08126182845784652,10.251406125451808,0.0013658045400623752,-8.247528904935848,91.00000006851323,90.9999906081807,0.322228440594342,True,True,0.005517850341851997
single_driver_given_y_history,strong_monsoon_start,Strong monsoon starts,co2,CO2,6.2,event_history_2ka,event_history_2ka+co2_co2_scaled_lag,True,3100,91,1,-411.31876785445377,-406.10615511110973,5.212612743344039,0.0016814879817238836,0.002425874372547439,0.08263967642744022,10.425225486688078,0.0012430567976806437,-8.421348266172117,91.00000006851323,91.00000893560183,0.29992399913383694,True,True,0.0052612456236672146
single_driver_given_y_history,strong_monsoon_start,Strong monsoon starts,pre_phase,Precession phase,6.2,event_history_2ka,event_history_2ka+pre_phase_pre_phase_sin_lag+pre_phase_pre_phase_cos_lag,True,3100,91,2,-411.31876785445377,-402.47168729714565,8.847080557308118,0.0028538969539703605,0.004117302982701158,0.14025977193817132,17.694161114616236,0.00014380094266518219,-13.685111761002418,91.00000006851323,90.99999911861553,0.2910731294883061,True,True,0.00020655170637408514
single_driver_given_y_history,strong_monsoon_start,Strong monsoon starts,lr04,LR04,6.4,event_history_2ka,event_history_2ka+lr04_lr04_scaled_lag,True,3100,91,1,-411.31876785445377,-406.32492430737966,4.993843547074107,0.0016109172732497118,0.0023240623613997305,0.07917135516856225,9.987687094148214,0.0015759042006536954,-7.983809873632254,91.00000006851323,90.99999721313408,0.31920814684556365,True,True,0.005895049046889749
single_driver_given_y_history,strong_monsoon_start,Strong monsoon starts,co2,CO2,6.4,event_history_2ka,event_history_2ka+co2_co2_scaled_lag,True,3100,91,1,-411.31876785445377,-406.2110827314863,5.107685122967496,0.0016476403622475793,0.002377042579783078,0.08097617579480815,10.215370245934992,0.001392750313177983,-8.211493025419031,91.00000006851323,91.0000154160604,0.29795015272665326,True,True,0.0052612456236672146
single_driver_given_y_history,strong_monsoon_start,Strong monsoon starts,pre_phase,Precession phase,6.4,event_history_2ka,event_history_2ka+pre_phase_pre_phase_sin_lag+pre_phase_pre_phase_cos_lag,True,3100,91,2,-411.31876785445377,-402.46560254223147,8.853165312222302,0.0028558597781362265,0.004120134739391389,0.1403562383748715,17.706330624444604,0.00014292860584198748,-13.697281270830786,91.00000006851323,90.99999429073341,0.291162837975273,True,True,0.00020655170637408514
single_driver_given_y_history,strong_monsoon_start,Strong monsoon starts,lr04,LR04,6.6,event_history_2ka,event_history_2ka+lr04_lr04_scaled_lag,True,3100,91,1,-411.31876785445377,-406.4996636408155,4.819104213638241,0.0015545497463349163,0.00224274120985258,0.07640107418179118,9.638208427276481,0.0019057102604625527,-7.634331206760521,91.00000006851323,91.00000781712748,0.31525901048105115,True,True,0.006637128838162683
single_driver_given_y_history,strong_monsoon_start,Strong monsoon starts,co2,CO2,6.6,event_history_2ka,event_history_2ka+co2_co2_scaled_lag,True,3100,91,1,-411.31876785445377,-406.2748487076033,5.043919146850442,0.0016270706925324006,0.002347366819292266,0.07996524329457169,10.087838293700884,0.0014925109214472777,-8.083961073184923,91.00000006851323,91.00001718096107,0.2967668061122295,True,True,0.005340917071614314
single_driver_given_y_history,strong_monsoon_start,Strong monsoon starts,pre_phase,Precession phase,6.6,event_history_2ka,event_history_2ka+pre_phase_pre_phase_sin_lag+pre_phase_pre_phase_cos_lag,True,3100,91,2,-411.31876785445377,-402.4588120697184,8.859955784735348,0.002858050253140435,0.004123294926817152,0.14046389311135352,17.719911569470696,0.0001419613408825041,-13.710862215856878,91.00000006851323,90.9999958589673,0.29126381141964974,True,True,0.00020655170637408514
single_driver_given_y_history,strong_monsoon_start,Strong monsoon starts,lr04,LR04,6.8,event_history_2ka,event_history_2ka+lr04_lr04_scaled_lag,True,3100,91,1,-411.31876785445377,-406.6893669245201,4.629400929933695,0.0014933551386882887,0.002154456052871644,0.07339355784507799,9.25880185986739,0.0023436629718693314,-7.2549246393514295,91.00000006851323,91.00001904662943,0.3109761019180629,True,True,0.007184133865789148
single_driver_given_y_history,strong_monsoon_start,Strong monsoon starts,co2,CO2,6.8,event_history_2ka,event_history_2ka+co2_co2_scaled_lag,True,3100,91,1,-411.31876785445377,-405.96644454827674,5.352323306177027,0.0017265559052183957,0.0024908936422761347,0.08485461858303316,10.704646612354054,0.0010686679751331092,-8.700769391838094,91.00000006851323,91.00001483452309,0.30216732318803174,True,True,0.0052612456236672146
single_driver_given_y_history,strong_monsoon_start,Strong monsoon starts,pre_phase,Precession phase,6.8,event_history_2ka,event_history_2ka+pre_phase_pre_phase_sin_lag+pre_phase_pre_phase_cos_lag,True,3100,91,2,-411.31876785445377,-402.4505904539085,8.868177400545278,0.0028607023872726702,0.004127121147577501,0.14059423689549727,17.736354801090556,0.00014079897409200115,-13.727305447476738,91.00000006851323,91.00000249372862,0.29138021649589063,True,True,0.00020655170637408514
single_driver_given_y_history,strong_monsoon_start,Strong monsoon starts,lr04,LR04,7.0,event_history_2ka,event_history_2ka+lr04_lr04_scaled_lag,True,3100,91,1,-411.31876785445377,-406.86600850935713,4.452759345096638,0.001436373982289238,0.0020722496211106156,0.07059311896091108,8.905518690193276,0.0028431010953653434,-6.901641469677315,91.00000006851323,91.00002628977037,0.3069724697756082,True,True,0.008204377446625706
single_driver_given_y_history,strong_monsoon_start,Strong monsoon starts,co2,CO2,7.0,event_history_2ka,event_history_2ka+co2_co2_scaled_lag,True,3100,91,1,-411.31876785445377,-405.96837660690016,5.350391247553603,0.0017259326605011621,0.0024899944902133215,0.08482398812814612,10.700782495107205,0.0010709023114050483,-8.696905274591245,91.00000006851323,91.00001334093874,0.30217469182557694,True,True,0.0052612456236672146
single_driver_given_y_history,strong_monsoon_start,Strong monsoon starts,pre_phase,Precession phase,7.0,event_history_2ka,event_history_2ka+pre_phase_pre_phase_sin_lag+pre_phase_pre_phase_cos_lag,True,3100,91,2,-411.31876785445377,-402.4448693314978,8.873898522955983,0.002862547910630962,0.004129783674974353,0.1406849383782472,17.747797045911966,0.00013999574580049595,-13.738747692298148,91.00000006851323,90.99999592031443,0.2914803017337278,True,True,0.00020655170637408514
single_driver_given_y_history,strong_monsoon_start,Strong monsoon starts,lr04,LR04,7.2,event_history_2ka,event_history_2ka+lr04_lr04_scaled_lag,True,3100,91,1,-411.31876785445377,-407.0929610384994,4.225806815954343,0.00136316348901753,0.0019666292055264874,0.06699506084760562,8.451613631908685,0.0036471970065226297,-6.447736411392725,91.00000006851323,91.00003962291743,0.3018486500447496,True,True,0.009955862098886098
single_driver_given_y_history,strong_monsoon_start,Strong monsoon starts,co2,CO2,7.2,event_history_2ka,event_history_2ka+co2_co2_scaled_lag,True,3100,91,1,-411.31876785445377,-406.2110650365465,5.107702817907295,0.001647646070292676,0.002377050814751432,0.08097645632669714,10.21540563581459,0.0013927235881350064,-8.21152841529863,91.00000006851323,90.99999704932188,0.29802352281746924,True,True,0.0052612456236672146
single_driver_given_y_history,strong_monsoon_start,Strong monsoon starts,pre_phase,Precession phase,7.2,event_history_2ka,event_history_2ka+pre_phase_pre_phase_sin_lag+pre_phase_pre_phase_cos_lag,True,3100,91,2,-411.31876785445377,-402.4381669069776,8.880600947476182,0.002864709983056833,0.004132902886141199,0.1407911972201947,17.761201894952364,0.00013906057234672057,-13.752152541338546,91.00000006851323,90.99999170189128,0.2915909666577116,True,True,0.00020655170637408514
single_driver_given_y_history,strong_monsoon_start,Strong monsoon starts,lr04,LR04,7.4,event_history_2ka,event_history_2ka+lr04_lr04_scaled_lag,True,3100,91,1,-411.31876785445377,-407.3072983457687,4.011469508685082,0.0012940224221564779,0.0018668797312442753,0.06359700183359619,8.022939017370163,0.004618855581794932,-6.019061796854203,91.00000006851323,91.00003869573484,0.2969367490510411,True,True,0.01227643194108653
single_driver_given_y_history,strong_monsoon_start,Strong monsoon starts,co2,CO2,7.4,event_history_2ka,event_history_2ka+co2_co2_scaled_lag,True,3100,91,1,-411.31876785445377,-406.2201226460673,5.098645208386472,0.0016447242607698297,0.0023728355346423996,0.08083285887243338,10.197290416772944,0.001406471602366483,-8.193413196256984,91.00000006851323,91.00000299935269,0.29803522864568077,True,True,0.0052612456236672146
single_driver_given_y_history,strong_monsoon_start,Strong monsoon starts,pre_phase,Precession phase,7.4,event_history_2ka,event_history_2ka+pre_phase_pre_phase_sin_lag+pre_phase_pre_phase_cos_lag,True,3100,91,2,-411.31876785445377,-402.43024916345865,8.888518690995113,0.0028672640938693914,0.0041365876891443585,0.14091672347634626,17.777037381990226,0.00013796387381950184,-13.767988028376408,91.00000006851323,90.9999998175719,0.29171370090577775,True,True,0.00020655170637408514
single_driver_given_y_history,strong_monsoon_start,Strong monsoon starts,lr04,LR04,7.6,event_history_2ka,event_history_2ka+lr04_lr04_scaled_lag,True,3100,91,1,-411.31876785445377,-407.5090937821549,3.8096740722988898,0.001228927120096416,0.0017729670617770551,0.06039777902757001,7.6193481445977795,0.0057745357038684764,-5.615470924081819,91.00000006851323,91.00004756565238,0.29223262231896724,True,True,0.014954566822838874
single_driver_given_y_history,strong_monsoon_start,Strong monsoon starts,co2,CO2,7.6,event_history_2ka,event_history_2ka+co2_co2_scaled_lag,True,3100,91,1,-411.31876785445377,-406.523028583839,4.795739270614774,0.0015470126679402497,0.002231867504229803,0.0760306512429933,9.591478541229549,0.001954824700588226,-7.587601320713588,91.00000006851323,91.00001337710461,0.29283551998909035,True,True,0.006368944992239059
single_driver_given_y_history,strong_monsoon_start,Strong monsoon starts,pre_phase,Precession phase,7.6,event_history_2ka,event_history_2ka+pre_phase_pre_phase_sin_lag+pre_phase_pre_phase_cos_lag,True,3100,91,2,-411.31876785445377,-402.4220112004566,8.896756653997159,0.002869921501289406,0.0041404215176508346,0.141047326425468,17.793513307994317,0.000136832001095284,-13.784463954380499,91.00000006851323,91.00000033296692,0.29184427748248043,True,True,0.00020655170637408514
single_driver_given_y_history,strong_monsoon_start,Strong monsoon starts,lr04,LR04,7.8,event_history_2ka,event_history_2ka+lr04_lr04_scaled_lag,True,3100,91,1,-411.31876785445377,-407.7267290074093,3.5920388470444777,0.001158722208724025,0.0016716827842940573,0.05694743550891843,7.1840776940889555,0.007355335166506058,-5.180200473572995,91.00000006851323,91.00003020113178,0.2870810255813927,True,True,0.018572221295427797
single_driver_given_y_history,strong_monsoon_start,Strong monsoon starts,co2,CO2,7.8,event_history_2ka,event_history_2ka+co2_co2_scaled_lag,True,3100,91,1,-411.31876785445377,-406.6943877068454,4.624380147608349,0.0014917355314865643,0.0021521194535935283,0.0733139594081312,9.248760295216698,0.002356549009209044,-7.244883074700738,91.00000006851323,91.00000832359896,0.2898994446042807,True,True,0.0073575279305714975
single_driver_given_y_history,strong_monsoon_start,Strong monsoon starts,pre_phase,Precession phase,7.8,event_history_2ka,event_history_2ka+pre_phase_pre_phase_sin_lag+pre_phase_pre_phase_cos_lag,True,3100,91,2,-411.31876785445377,-402.4121380131417,8.906629841312053,0.002873106400423243,0.004145016355836953,0.14120385388015996,17.813259682624107,0.000135487680403129,-13.804210329010289,91.00000006851323,91.00000015289706,0.2919902802972256,True,True,0.00020655170637408514
single_driver_given_y_history,strong_monsoon_start,Strong monsoon starts,lr04,LR04,8.0,event_history_2ka,event_history_2ka+lr04_lr04_scaled_lag,True,3100,91,1,-411.31876785445377,-407.9447438969819,3.374023957471877,0.0010883948249909281,0.0015702218165436232,0.05349107287126629,6.748047914943754,0.009385031035988345,-4.744170694427794,91.00000006851323,90.99999848654276,0.280737806789881,True,True,0.023119222795971287
single_driver_given_y_history,strong_monsoon_start,Strong monsoon starts,co2,CO2,8.0,event_history_2ka,event_history_2ka+co2_co2_scaled_lag,True,3100,91,1,-411.31876785445377,-406.9125245759068,4.406243278546981,0.0014213687995312842,0.002050601718358083,0.06985566293307756,8.812486557093962,0.002991760415276881,-6.808609336578002,91.00000006851323,91.00001526463338,0.28612537801086835,True,True,0.008633365769799
single_driver_given_y_history,strong_monsoon_start,Strong monsoon starts,pre_phase,Precession phase,8.0,event_history_2ka,event_history_2ka+pre_phase_pre_phase_sin_lag+pre_phase_pre_phase_cos_lag,True,3100,91,2,-411.31876785445377,-402.403457969327,8.91530988512676,0.0028759064145570195,0.004149055922342172,0.14134146548638166,17.83061977025352,0.0001343167307001519,-13.821570416639702,91.00000006851323,90.99998867657563,0.292130335606281,True,True,0.00020655170637408514
single_driver_given_y_history,strong_monsoon_start,Strong monsoon starts,lr04,LR04,8.2,event_history_2ka,event_history_2ka+lr04_lr04_scaled_lag,True,3100,91,1,-411.31876785445377,-408.2074781283311,3.1112897261226635,0.001003641847136343,0.0014479491156922412,0.049325739105999425,6.222579452245327,0.012613122139377674,-4.218702231729367,91.00000006851323,90.999946074751,0.27287580061789357,True,True,0.030331555620884403
single_driver_given_y_history,strong_monsoon_start,Strong monsoon starts,co2,CO2,8.2,event_history_2ka,event_history_2ka+co2_co2_scaled_lag,True,3100,91,1,-411.31876785445377,-407.3751544247991,3.943613429654647,0.0012721333644047249,0.0018353004961760891,0.06252122569391073,7.887226859309294,0.004978514114741508,-5.883349638793334,91.00000006851323,90.99999024737649,0.27747595789908486,True,True,0.01358999798888898
single_driver_given_y_history,strong_monsoon_start,Strong monsoon starts,pre_phase,Precession phase,8.2,event_history_2ka,event_history_2ka+pre_phase_pre_phase_sin_lag+pre_phase_pre_phase_cos_lag,True,3100,91,2,-411.31876785445377,-402.39329674644404,8.92547110800973,0.002879184228390236,0.00415378480810431,0.14150255939696,17.85094221601946,0.00013295881916719452,-13.841892862405643,91.00000006851323,91.00000451876119,0.29228602408293936,True,True,0.00020655170637408514
single_driver_given_y_history,strong_monsoon_start,Strong monsoon starts,lr04,LR04,8.4,event_history_2ka,event_history_2ka+lr04_lr04_scaled_lag,True,3100,91,1,-411.31876785445377,-408.52476841350995,2.7939994409438214,0.0009012901422399424,0.0013002868186116733,0.04429548502962843,5.587998881887643,0.018083944262597452,-3.5841216613716824,91.00000006851323,91.00000045213746,0.2651923747724505,True,True,0.0424762411749382
single_driver_given_y_history,strong_monsoon_start,Strong monsoon starts,co2,CO2,8.4,event_history_2ka,event_history_2ka+co2_co2_scaled_lag,True,3100,91,1,-411.31876785445377,-407.80620302644996,3.5125648280038035,0.0011330854283883238,0.0016346967284393812,0.05568747096881409,7.025129656007607,0.008037365165126265,-5.021252435491647,91.00000006851323,91.00000139562023,0.269073569552231,True,True,0.019609705107638282
single_driver_given_y_history,strong_monsoon_start,Strong monsoon starts,pre_phase,Precession phase,8.4,event_history_2ka,event_history_2ka+pre_phase_pre_phase_sin_lag+pre_phase_pre_phase_cos_lag,True,3100,91,2,-411.31876785445377,-402.3829874319287,8.935780422525056,0.00288250981371776,0.004158582613564382,0.141666001121424,17.871560845050112,0.00013159514622722947,-13.862511491436294,91.00000006851323,91.00000335816219,0.2924469841570612,True,True,0.00020655170637408514
single_driver_given_y_history,strong_monsoon_start,Strong monsoon starts,lr04,LR04,8.6,event_history_2ka,event_history_2ka+lr04_lr04_scaled_lag,True,3100,91,1,-411.31876785445377,-408.83725176185106,2.4815160926027033,0.0008004890621299043,0.0011548616002206701,0.03934143912839646,4.963032185205407,0.025894763072303983,-2.9591549646894464,91.00000006851323,91.00000170037296,0.25739438817515525,True,True,0.05944025159778869
single_driver_given_y_history,strong_monsoon_start,Strong monsoon starts,co2,CO2,8.6,event_history_2ka,event_history_2ka+co2_co2_scaled_lag,True,3100,91,1,-411.31876785445377,-408.1170371563973,3.2017306980564513,0.0010328163542117584,0.001490039032370323,0.05075957143239562,6.4034613961129025,0.01138980868307473,-4.399584175596942,91.00000006851323,91.00004061572048,0.26273259869602034,True,True,0.02620354111029629
single_driver_given_y_history,strong_monsoon_start,Strong monsoon starts,pre_phase,Precession phase,8.6,event_history_2ka,event_history_2ka+pre_phase_pre_phase_sin_lag+pre_phase_pre_phase_cos_lag,True,3100,91,2,-411.31876785445377,-402.3736236957304,8.945144158723394,0.0028855303737817402,0.004162940360589394,0.14181445184425406,17.89028831744679,0.00013036867513023647,-13.88123896383297,91.00000006851323,91.00000591958451,0.2926017315259712,True,True,0.00020655170637408514
single_driver_given_y_history,strong_monsoon_start,Strong monsoon starts,lr04,LR04,8.8,event_history_2ka,event_history_2ka+lr04_lr04_scaled_lag,True,3100,91,1,-411.31876785445377,-409.1448719794266,2.173895875027142,0.0007012567338797233,0.0010116996123582685,0.034464492289127825,4.347791750054284,0.03705696573724402,-2.343914529538324,91.00000006851323,91.00000123829633,0.2502199659111759,True,True,0.08317230087692547
single_driver_given_y_history,strong_monsoon_start,Strong monsoon starts,co2,CO2,8.8,event_history_2ka,event_history_2ka+co2_co2_scaled_lag,True,3100,91,1,-411.31876785445377,-408.25979788858194,3.0589699658718246,0.0009867645051199435,0.0014236002580617945,0.04849627252737981,6.117939931743649,0.01338166609067773,-4.114062711227689,91.00000006851323,91.00000185565976,0.2596348400779959,True,True,0.030034406114632237
single_driver_given_y_history,strong_monsoon_start,Strong monsoon starts,pre_phase,Precession phase,8.8,event_history_2ka,event_history_2ka+pre_phase_pre_phase_sin_lag+pre_phase_pre_phase_cos_lag,True,3100,91,2,-411.31876785445377,-402.36473571866236,8.954032135791408,0.002888397463158519,0.004167076696215057,0.14195535998095252,17.908064271582816,0.00012921509542429625,-13.899014917968998,91.00000006851323,90.99999577665207,0.2927561234488531,True,True,0.00020655170637408514
single_driver_given_y_history,strong_monsoon_start,Strong monsoon starts,lr04,LR04,9.0,event_history_2ka,event_history_2ka+lr04_lr04_scaled_lag,True,3100,91,1,-411.31876785445377,-409.46357685743254,1.855190997021225,0.0005984487087165242,0.0008633789842917332,0.02941181155279531,3.71038199404245,0.05407501413468304,-1.7065047735264898,91.00000006851323,91.00000084291594,0.24227131671554986,True,True,0.11872992233919537
single_driver_given_y_history,strong_monsoon_start,Strong monsoon starts,co2,CO2,9.0,event_history_2ka,event_history_2ka+co2_co2_scaled_lag,True,3100,91,1,-411.31876785445377,-408.48184088857045,2.836926965883322,0.0009151377309301038,0.0013202646661432393,0.04497604906641804,5.673853931766644,0.01721958518735283,-3.6699767112506834,91.00000006851323,91.00000573477826,0.25477716147163265,True,True,0.036706696193415225
single_driver_given_y_history,strong_monsoon_start,Strong monsoon starts,pre_phase,Precession phase,9.0,event_history_2ka,event_history_2ka+pre_phase_pre_phase_sin_lag+pre_phase_pre_phase_cos_lag,True,3100,91,2,-411.31876785445377,-402.3568620606949,8.961905793758888,0.002890937352825448,0.004170740982441941,0.14208018731395622,17.923811587517775,0.00012820169477915455,-13.914762233903957,91.00000006851323,90.99999954822428,0.29290410572052056,True,True,0.00020655170637408514
single_driver_given_y_history,strong_monsoon_start,Strong monsoon starts,lr04,LR04,9.2,event_history_2ka,event_history_2ka+lr04_lr04_scaled_lag,True,3100,91,1,-411.31876785445377,-409.7526422784397,1.5661255760140875,0.0005052017987142218,0.0007288521296531921,0.02482902859258127,3.132251152028175,0.07675768094135386,-1.1283739315122148,91.00000006851323,90.99999554720907,0.23426305980250936,True,True,0.16494735691652637
single_driver_given_y_history,strong_monsoon_start,Strong monsoon starts,co2,CO2,9.2,event_history_2ka,event_history_2ka+co2_co2_scaled_lag,True,3100,91,1,-411.31876785445377,-408.48184976018143,2.8369180942723347,0.000915134869120108,0.0013202605374241503,0.04497590841774578,5.673836188544669,0.017219759345587983,-3.669958968028709,91.00000006851323,90.99999372373385,0.2544854220502042,True,True,0.036706696193415225
single_driver_given_y_history,strong_monsoon_start,Strong monsoon starts,pre_phase,Precession phase,9.2,event_history_2ka,event_history_2ka+pre_phase_pre_phase_sin_lag+pre_phase_pre_phase_cos_lag,True,3100,91,2,-411.31876785445377,-402.349933864384,8.968833990069754,0.002893172254861211,0.004173965264525809,0.14219002549483528,17.93766798013951,0.00012731655801151998,-13.92861862652569,91.00000006851323,90.99999711079334,0.29304602706216976,True,True,0.00020655170637408514
single_driver_given_y_history,strong_monsoon_start,Strong monsoon starts,lr04,LR04,9.4,event_history_2ka,event_history_2ka+lr04_lr04_scaled_lag,True,3100,91,1,-411.31876785445377,-409.98155300230127,1.3372148521524991,0.0004313596297266126,0.0006223203986462835,0.021199925668170097,2.6744297043049983,0.10197184898607695,-0.670552483789038,91.00000006851323,91.00000488820102,0.22727271015726472,True,True,0.21456576557487025
single_driver_given_y_history,strong_monsoon_start,Strong monsoon starts,co2,CO2,9.4,event_history_2ka,event_history_2ka+co2_co2_scaled_lag,True,3100,91,1,-411.31876785445377,-408.4932349617526,2.825532892701176,0.0009114622234519923,0.0013149620297318173,0.044795409804050924,5.651065785402352,0.01744476650776169,-3.6471885648863918,91.00000006851323,90.99999304668515,0.2540021874603101,True,True,0.036706696193415225
single_driver_given_y_history,strong_monsoon_start,Strong monsoon starts,pre_phase,Precession phase,9.4,event_history_2ka,event_history_2ka+pre_phase_pre_phase_sin_lag+pre_phase_pre_phase_cos_lag,True,3100,91,2,-411.31876785445377,-402.3437197437055,8.975048110748276,0.0028951768099187984,0.004176857226166579,0.14228854286941095,17.95009622149655,0.0001265278506550215,-13.941046867882733,91.00000006851323,90.99999202613563,0.29318327380676434,True,True,0.00020655170637408514
single_driver_given_y_history,strong_monsoon_start,Strong monsoon starts,lr04,LR04,9.6,event_history_2ka,event_history_2ka+lr04_lr04_scaled_lag,True,3100,91,1,-411.31876785445377,-410.1799803047318,1.1387875497219397,0.0003673508224909483,0.0005299752098741731,0.018054100556153148,2.2775750994438795,0.13125695198724335,-0.2736978789279192,91.00000006851323,91.00000243178258,0.2208861213880212,True,True,0.27055004389207304
single_driver_given_y_history,strong_monsoon_start,Strong monsoon starts,co2,CO2,9.6,event_history_2ka,event_history_2ka+co2_co2_scaled_lag,True,3100,91,1,-411.31876785445377,-408.6750478193983,2.6437200350554804,0.000852812914534026,0.0012303489626043025,0.04191298663816855,5.287440070110961,0.021479772409155884,-3.2835628495950004,91.00000006851323,90.99999152383333,0.24992969805026638,True,True,0.04427463292499478
single_driver_given_y_history,strong_monsoon_start,Strong monsoon starts,pre_phase,Precession phase,9.6,event_history_2ka,event_history_2ka+pre_phase_pre_phase_sin_lag+pre_phase_pre_phase_cos_lag,True,3100,91,2,-411.31876785445377,-402.3376182329625,8.981149621491284,0.0028971450391907364,0.004179696780776537,0.14238527494953038,17.962299242982567,0.00012575819004895838,-13.953249889368749,91.00000006851323,91.00000640918425,0.29332131302722786,True,True,0.00020655170637408514
single_driver_given_y_history,strong_monsoon_start,Strong monsoon starts,lr04,LR04,9.8,event_history_2ka,event_history_2ka+lr04_lr04_scaled_lag,True,3100,91,1,-411.31876785445377,-410.35009845639956,0.9686693980542032,0.0003124739993723236,0.0004508046893011923,0.01535708282234831,1.9373387961084063,0.16395777501254225,0.06653842440755398,91.00000006851323,90.99999693216944,0.21509597515708268,True,True,0.33119470552533536
single_driver_given_y_history,strong_monsoon_start,Strong monsoon starts,co2,CO2,9.8,event_history_2ka,event_history_2ka+co2_co2_scaled_lag,True,3100,91,1,-411.31876785445377,-408.85295127352384,2.465816580929925,0.0007954247035257822,0.00114755527517722,0.039092542341202,4.93163316185985,0.026369385020777864,-2.9277559413438894,91.00000006851323,90.99999693369844,0.24589748386987956,True,True,0.05326615774197129
single_driver_given_y_history,strong_monsoon_start,Strong monsoon starts,pre_phase,Precession phase,9.8,event_history_2ka,event_history_2ka+pre_phase_pre_phase_sin_lag+pre_phase_pre_phase_cos_lag,True,3100,91,2,-411.31876785445377,-402.3321775366313,8.986590317822447,0.00289890010252337,0.0041822288019429735,0.14247153061563975,17.973180635644894,0.0001250758358499452,-13.964131282031076,91.00000006851323,90.99999256379866,0.2934536156890143,True,True,0.00020655170637408514
single_driver_given_y_history,strong_monsoon_start,Strong monsoon starts,lr04,LR04,10.0,event_history_2ka,event_history_2ka+lr04_lr04_scaled_lag,True,3100,91,1,-411.31876785445377,-410.4667878772705,0.8519799771832481,0.0002748322507042736,0.0003964991251674078,0.013507113055153452,1.7039599543664963,0.19177091466664004,0.299917266149464,91.00000006851323,90.99999750542676,0.21087034451942088,True,True,0.3797816153202087
single_driver_given_y_history,strong_monsoon_start,Strong monsoon starts,co2,CO2,10.0,event_history_2ka,event_history_2ka+co2_co2_scaled_lag,True,3100,91,1,-411.31876785445377,-408.8873669398266,2.4314009146271474,0.0007843228756861765,0.0011315387232082178,0.03854692353786237,4.862801829254295,0.027441736479949273,-2.8589246087383344,91.00000006851323,90.99999663736901,0.24492436545421092,True,True,0.054345399695585814
single_driver_given_y_history,strong_monsoon_start,Strong monsoon starts,pre_phase,Precession phase,10.0,event_history_2ka,event_history_2ka+pre_phase_pre_phase_sin_lag+pre_phase_pre_phase_cos_lag,True,3100,91,2,-411.31876785445377,-402.32739597434994,8.991371880103827,0.0029004425419689767,0.004184454071682022,0.1425473365078491,17.982743760207654,0.0001244792055002674,-13.973694406593836,91.00000006851323,91.00000083023605,0.2935812713979774,True,True,0.00020655170637408514
single_driver_given_y_history,strong_monsoon_start,Strong monsoon starts,lr04,LR04,10.2,event_history_2ka,event_history_2ka+lr04_lr04_scaled_lag,True,3100,91,1,-411.31876785445377,-410.5493430105835,0.7694248438702402,0.0002482015625387872,0.00035807916341560014,0.012198301171300665,1.5388496877404805,0.2147891080670515,0.4650275327754798,91.00000006851323,90.9999940669659,0.20771826042736435,True,True,0.41718653682254236
single_driver_given_y_history,strong_monsoon_start,Strong monsoon starts,co2,CO2,10.2,event_history_2ka,event_history_2ka+co2_co2_scaled_lag,True,3100,91,1,-411.31876785445377,-409.058967650598,2.259800203855775,0.0007289678076954114,0.0010516782411298694,0.03582640162090764,4.51960040771155,0.03350865677554681,-2.51572318719559,91.00000006851323,91.00000334894662,0.2408855636962175,True,True,0.06508412181404286
single_driver_given_y_history,strong_monsoon_start,Strong monsoon starts,pre_phase,Precession phase,10.2,event_history_2ka,event_history_2ka+pre_phase_pre_phase_sin_lag+pre_phase_pre_phase_cos_lag,True,3100,91,2,-411.31876785445377,-402.32340681053154,8.99536104392223,0.002901729369007171,0.004186310570668507,0.14261057987991616,17.99072208784446,0.0001239836266872734,-13.981672734230642,91.00000006851323,91.00000013601596,0.2937006401162523,True,True,0.00020655170637408514
single_driver_given_y_history,strong_monsoon_start,Strong monsoon starts,lr04,LR04,10.4,event_history_2ka,event_history_2ka+lr04_lr04_scaled_lag,True,3100,91,1,-411.31876785445377,-410.6417961442744,0.6769717101793731,0.00021837797102560423,0.00031505281583803295,0.010732568451625298,1.3539434203587462,0.24458990407743667,0.6499338001572141,91.00000006851323,91.00000393542354,0.2040939139021001,True,True,0.466105288902285
single_driver_given_y_history,strong_monsoon_start,Strong monsoon starts,co2,CO2,10.4,event_history_2ka,event_history_2ka+co2_co2_scaled_lag,True,3100,91,1,-411.31876785445377,-409.2694923165487,2.049275537905089,0.0006610566251306739,0.0009537031148228177,0.032488787428030054,4.098551075810178,0.04291998032601036,-2.094673855294218,91.00000006851323,91.00000353718875,0.23594683767355534,True,True,0.080276259498649
single_driver_given_y_history,strong_monsoon_start,Strong monsoon starts,pre_phase,Precession phase,10.4,event_history_2ka,event_history_2ka+pre_phase_pre_phase_sin_lag+pre_phase_pre_phase_cos_lag,True,3100,91,2,-411.31876785445377,-402.3202773680003,8.998490486453477,0.0029027388665978956,0.004187766967836435,0.14266019340981262,17.996980972906954,0.00012359623353120784,-13.987931619293136,91.00000006851323,90.99999826175633,0.2938120283309124,True,True,0.00020655170637408514
single_driver_given_y_history,strong_monsoon_start,Strong monsoon starts,lr04,LR04,10.6,event_history_2ka,event_history_2ka+lr04_lr04_scaled_lag,True,3100,91,1,-411.31876785445377,-410.73226904601154,0.5864988084422293,0.00018919316401362236,0.00027294803949254526,0.009298229916779015,1.1729976168844587,0.27878616599615424,0.8308796036315016,91.00000006851323,91.00001646411275,0.2003915278911117,True,True,0.4767071043171496
single_driver_given_y_history,strong_monsoon_start,Strong monsoon starts,co2,CO2,10.6,event_history_2ka,event_history_2ka+co2_co2_scaled_lag,True,3100,91,1,-411.31876785445377,-409.23710682772435,2.081661026729421,0.0006715035570094906,0.0009687748516368914,0.0330022202205974,4.163322053458842,0.04130830973258697,-2.1594448329428815,91.00000006851323,90.99999499487438,0.23354459668452665,True,True,0.0787196091130431
single_driver_given_y_history,strong_monsoon_start,Strong monsoon starts,pre_phase,Precession phase,10.6,event_history_2ka,event_history_2ka+pre_phase_pre_phase_sin_lag+pre_phase_pre_phase_cos_lag,True,3100,91,2,-411.31876785445377,-402.3182522196614,9.00051563479235,0.002903392140255597,0.004188709442502743,0.14269229968965388,18.0010312695847,0.00012334618610120826,-13.991981915970882,91.00000006851323,90.99999008853689,0.293912463959845,True,True,0.00020655170637408514
single_driver_given_y_history,strong_monsoon_start,Strong monsoon starts,lr04,LR04,10.8,event_history_2ka,event_history_2ka+lr04_lr04_scaled_lag,True,3100,91,1,-411.31876785445377,-410.8077511615347,0.5110166929190427,0.00016484409449001378,0.00023781975764057458,0.008101552183360233,1.0220333858380855,0.31203716943546517,0.9818438346778748,91.00000006851323,91.00000948446582,0.19713553983272175,True,True,0.49119564060426035
single_driver_given_y_history,strong_monsoon_start,Strong monsoon starts,co2,CO2,10.8,event_history_2ka,event_history_2ka+co2_co2_scaled_lag,True,3100,91,1,-411.31876785445377,-409.51335442163634,1.8054134328174314,0.0005823914299411069,0.0008402132278322672,0.02862264842065965,3.6108268656348628,0.0574045716620991,-1.6069496451189025,91.00000006851323,91.00000320603064,0.2253648859886224,True,True,0.10541566796130926
single_driver_given_y_history,strong_monsoon_start,Strong monsoon starts,pre_phase,Precession phase,10.8,event_history_2ka,event_history_2ka+pre_phase_pre_phase_sin_lag+pre_phase_pre_phase_cos_lag,True,3100,91,2,-411.31876785445377,-402.31718785585724,9.001579998596526,0.002903735483418234,0.004189204781980803,0.14270917389165375,18.003159997193052,0.00012321497072817332,-13.994110643579234,91.00000006851323,91.00000173208983,0.2940026739054434,True,True,0.00020655170637408514
single_driver_given_y_history,strong_monsoon_start,Strong monsoon starts,lr04,LR04,11.0,event_history_2ka,event_history_2ka+lr04_lr04_scaled_lag,True,3100,91,1,-411.31876785445377,-410.88977280433903,0.42899505011473593,0.0001383855000370116,0.00019964807463433612,0.006801198146883978,0.8579901002294719,0.3543017596043817,1.1458871202864884,91.00000006851323,91.0000148149168,0.19342198146905415,True,True,0.497006635000591
single_driver_given_y_history,strong_monsoon_start,Strong monsoon starts,co2,CO2,11.0,event_history_2ka,event_history_2ka+co2_co2_scaled_lag,True,3100,91,1,-411.31876785445377,-409.71394529133613,1.6048225631176365,0.0005176846977798827,0.0007468611462311387,0.025442522563917908,3.209645126235273,0.07320535932456142,-1.2057679057193127,91.00000006851323,91.00000299818524,0.2207677891469946,True,True,0.132031094496084
single_driver_given_y_history,strong_monsoon_start,Strong monsoon starts,pre_phase,Precession phase,11.0,event_history_2ka,event_history_2ka+pre_phase_pre_phase_sin_lag+pre_phase_pre_phase_cos_lag,True,3100,91,2,-411.31876785445377,-402.31738062799747,9.001387226456302,0.0029036732988568714,0.0041891150686225054,0.14270611772230513,18.002774452912604,0.0001232387254313371,-13.993725099298786,91.00000006851323,90.9999960672329,0.29407976500368843,True,True,0.00020655170637408514
single_driver_given_y_history,strong_monsoon_start,Strong monsoon starts,lr04,LR04,11.2,event_history_2ka,event_history_2ka+lr04_lr04_scaled_lag,True,3100,91,1,-411.31876785445377,-410.9635961733066,0.35517168114716924,0.00011457151004747395,0.00016529174937265068,0.0056308178357716175,0.7103433622943385,0.3993298475034851,1.2935338582216218,91.00000006851323,90.99999920795193,0.1898431758558672,True,True,0.5306883499717369
single_driver_given_y_history,strong_monsoon_start,Strong monsoon starts,co2,CO2,11.2,event_history_2ka,event_history_2ka+co2_co2_scaled_lag,True,3100,91,1,-411.31876785445377,-409.8772522852863,1.44151556916745,0.0004650050223120806,0.0006708604396781006,0.02285348750551771,2.8830311383349,0.08951736947064746,-0.8791539178189396,91.00000006851323,91.00000558660976,0.21690287084259458,True,True,0.1586184967813227
single_driver_given_y_history,strong_monsoon_start,Strong monsoon starts,pre_phase,Precession phase,11.2,event_history_2ka,event_history_2ka+pre_phase_pre_phase_sin_lag+pre_phase_pre_phase_cos_lag,True,3100,91,2,-411.31876785445377,-402.3175244725718,9.001243381881977,0.002903626897381283,0.004189048125443784,0.14270383724039265,18.002486763763955,0.0001232564539283807,-13.993437410150136,91.00000006851323,90.99999792538563,0.29415437945875944,True,True,0.00020655170637408514
single_driver_given_y_history,strong_monsoon_start,Strong monsoon starts,lr04,LR04,11.4,event_history_2ka,event_history_2ka+lr04_lr04_scaled_lag,True,3100,91,1,-411.31876785445377,-411.00927049932636,0.30949735512740517,9.983785649271135e-05,0.00014403558045501867,0.004906706586929207,0.6189947102548103,0.43142110335290884,1.38488251026115,91.00000006851323,91.00000728615629,0.18745434017676119,True,True,0.5586350184441512
single_driver_given_y_history,strong_monsoon_start,Strong monsoon starts,co2,CO2,11.4,event_history_2ka,event_history_2ka+co2_co2_scaled_lag,True,3100,91,1,-411.31876785445377,-409.8974952382566,1.4212726161971432,0.00045847503748294943,0.0006614396629480328,0.022532559946581338,2.8425452323942864,0.09179869927091104,-0.8386680118783261,91.00000006851323,90.99999794397743,0.2162886795312404,True,True,0.1598563556269313
single_driver_given_y_history,strong_monsoon_start,Strong monsoon starts,pre_phase,Precession phase,11.4,event_history_2ka,event_history_2ka+pre_phase_pre_phase_sin_lag+pre_phase_pre_phase_cos_lag,True,3100,91,2,-411.31876785445377,-402.3190218470753,8.999746007378462,0.002903143873347891,0.00418835126906618,0.14268009817697974,17.999492014756925,0.0001234411532474023,-13.990442661143106,91.00000006851323,90.99999323328922,0.2942138736065177,True,True,0.00020655170637408514
single_driver_given_y_history,strong_monsoon_start,Strong monsoon starts,lr04,LR04,11.6,event_history_2ka,event_history_2ka+lr04_lr04_scaled_lag,True,3100,91,1,-411.31876785445377,-411.0437926289725,0.2749752254812847,8.87016856391241e-05,0.00012796948199005612,0.004359399935924989,0.5499504509625694,0.45833794054749477,1.4539267695533908,91.00000006851323,90.99999709891907,0.18554375915082782,True,True,0.5859763543708477
single_driver_given_y_history,strong_monsoon_start,Strong monsoon starts,co2,CO2,11.6,event_history_2ka,event_history_2ka+co2_co2_scaled_lag,True,3100,91,1,-411.31876785445377,-410.03351793016594,1.2852499242878253,0.0004145967497702662,0.0005981366748622456,0.020376084528274302,2.5704998485756505,0.10887332556020116,-0.5666226280596902,91.00000006851323,90.99999643118645,0.21291293687569485,True,True,0.18637637087424264
single_driver_given_y_history,strong_monsoon_start,Strong monsoon starts,pre_phase,Precession phase,11.6,event_history_2ka,event_history_2ka+pre_phase_pre_phase_sin_lag+pre_phase_pre_phase_cos_lag,True,3100,91,2,-411.31876785445377,-402.32287559179065,8.99589226266312,0.0029019007298913286,0.0041865577921662836,0.1426190017111591,17.99178452532624,0.00012391778175179405,-13.98273517171242,91.00000006851323,90.99998599725039,0.29424925110118866,True,True,0.00020655170637408514
single_driver_given_y_history,strong_monsoon_start,Strong monsoon starts,lr04,LR04,11.8,event_history_2ka,event_history_2ka+lr04_lr04_scaled_lag,True,3100,91,1,-411.31876785445377,-411.0761904461371,0.24257740831666297,7.82507768763429e-05,0.00011289200774520867,0.003845771692419196,0.48515481663332594,0.48609662778787377,1.5187224038826344,91.00000006851323,91.00000708790022,0.18366792345805963,True,True,0.606120486500929
single_driver_given_y_history,strong_monsoon_start,Strong monsoon starts,co2,CO2,11.8,event_history_2ka,event_history_2ka+co2_co2_scaled_lag,True,3100,91,1,-411.31876785445377,-410.27781174701477,1.0409561074390012,0.00033579229272225845,0.00048444587547913744,0.016503101252586,2.0819122148780025,0.1490533485296819,-0.0780349943620422,91.00000006851323,91.00000255249316,0.2066236995482877,True,True,0.2509064700249646
single_driver_given_y_history,strong_monsoon_start,Strong monsoon starts,pre_phase,Precession phase,11.8,event_history_2ka,event_history_2ka+pre_phase_pre_phase_sin_lag+pre_phase_pre_phase_cos_lag,True,3100,91,2,-411.31876785445377,-402.32902223298345,8.98974562147032,0.0028999179424097805,0.004183697234499517,0.14252155414229126,17.97949124294064,0.0001246818055783157,-13.970441889326821,91.00000006851323,91.00001046397185,0.2942609805724394,True,True,0.00020655170637408514
single_driver_given_y_history,strong_monsoon_start,Strong monsoon starts,lr04,LR04,12.0,event_history_2ka,event_history_2ka+lr04_lr04_scaled_lag,True,3100,91,1,-411.31876785445377,-411.10056427338355,0.2182035810702132,7.038825195813329e-05,0.00010154878203684176,0.0034593541133429613,0.4364071621404264,0.5088616823315047,1.5674700583755339,91.00000006851323,91.00000256888576,0.18217968529129858,True,True,0.6267686575058777
single_driver_given_y_history,strong_monsoon_start,Strong monsoon starts,co2,CO2,12.0,event_history_2ka,event_history_2ka+co2_co2_scaled_lag,True,3100,91,1,-411.31876785445377,-410.403975771688,0.9147920827657572,0.00029509422024701846,0.00042573096814536903,0.014502923090666418,1.8295841655315144,0.17617666967132423,0.17429305498444592,91.00000006851323,91.00000372138877,0.20345879323974056,True,True,0.29170235470170075
single_driver_given_y_history,strong_monsoon_start,Strong monsoon starts,pre_phase,Precession phase,12.0,event_history_2ka,event_history_2ka+pre_phase_pre_phase_sin_lag+pre_phase_pre_phase_cos_lag,True,3100,91,2,-411.31876785445377,-402.3377261111881,8.981041743265678,0.0028971102397631217,0.004179646575814892,0.1423835646706172,17.962083486531355,0.00012577175735115127,-13.953034132917537,91.00000006851323,91.0000052580429,0.29424671241428396,True,True,0.00020655170637408514
single_driver_given_y_history,strong_monsoon_start,Strong monsoon starts,lr04,LR04,12.2,event_history_2ka,event_history_2ka+lr04_lr04_scaled_lag,True,3100,91,1,-411.31876785445377,-411.1272003580839,0.1915674963698848,6.179596657093058e-05,8.91527345188217e-05,0.0030370711759159044,0.3831349927397696,0.5359301984324789,1.6207422277761907,91.00000006851323,91.000002699545,0.1804888267591173,True,True,0.6443922624009568
single_driver_given_y_history,strong_monsoon_start,Strong monsoon starts,co2,CO2,12.2,event_history_2ka,event_history_2ka+co2_co2_scaled_lag,True,3100,91,1,-411.31876785445377,-410.47140692910943,0.8473609253443328,0.0002733422339820429,0.0003943494854314039,0.013433883569641232,1.6947218506886657,0.19297969307951005,0.30915536982729463,91.00000006851323,90.99999893371312,0.204078540825731,True,True,0.31291403547523855
single_driver_given_y_history,strong_monsoon_start,Strong monsoon starts,pre_phase,Precession phase,12.2,event_history_2ka,event_history_2ka+pre_phase_pre_phase_sin_lag+pre_phase_pre_phase_cos_lag,True,3100,91,2,-411.31876785445377,-402.35114131296854,8.967626541485231,0.0028927827553178165,0.004173403335466125,0.14217088285653834,17.935253082970462,0.00012747037905609022,-13.926203729356644,91.00000006851323,90.99999984590997,0.29418668029435324,True,True,0.00020655170637408514
single_driver_given_y_history,strong_monsoon_start,Strong monsoon starts,lr04,LR04,12.4,event_history_2ka,event_history_2ka+lr04_lr04_scaled_lag,True,3100,91,1,-411.31876785445377,-411.15944786325565,0.15931999119811735,5.139354554777979e-05,7.414521329548298e-05,0.0025258259474285408,0.3186399823962347,0.5724261142517103,1.6852372381197256,91.00000006851323,91.00000194431558,0.17832566561483323,True,True,0.6801769122285029
single_driver_given_y_history,strong_monsoon_start,Strong monsoon starts,co2,CO2,12.4,event_history_2ka,event_history_2ka+co2_co2_scaled_lag,True,3100,91,1,-411.31876785445377,-410.5751634251624,0.7436044292913948,0.00023987239654561123,0.00034606271694250423,0.011788949698041354,1.4872088585827896,0.22265002666423853,0.5166683619331707,91.00000006851323,90.99999765261532,0.20071414273959007,True,True,0.3407220105013347
single_driver_given_y_history,strong_monsoon_start,Strong monsoon starts,pre_phase,Precession phase,12.4,event_history_2ka,event_history_2ka+pre_phase_pre_phase_sin_lag+pre_phase_pre_phase_cos_lag,True,3100,91,2,-411.31876785445377,-402.3660011128642,8.952766741589585,0.0028879892714805113,0.004166487800105464,0.1419352986849114,17.90553348317917,0.00012937870695154148,-13.896484129565351,91.00000006851323,90.99999897877086,0.29410975670940687,True,True,0.00020655170637408514
single_driver_given_y_history,strong_monsoon_start,Strong monsoon starts,lr04,LR04,12.6,event_history_2ka,event_history_2ka+lr04_lr04_scaled_lag,True,3100,91,1,-411.31876785445377,-411.1927579483192,0.12600990613458407,4.064835681760776e-05,5.864318280104781e-05,0.0019977347987170132,0.25201981226916814,0.6156564427575415,1.7518574082467921,91.00000006851323,91.00000723884934,0.17589311177226738,True,True,0.7147275944656516
single_driver_given_y_history,strong_monsoon_start,Strong monsoon starts,co2,CO2,12.6,event_history_2ka,event_history_2ka+co2_co2_scaled_lag,True,3100,91,1,-411.31876785445377,-410.5478132849975,0.7709545694562507,0.00024869502240524216,0.0003587910755178125,0.012222553122035372,1.5419091389125015,0.21433385723256582,0.4619680816034588,91.00000006851323,90.99999381829625,0.2014674505028044,True,True,0.33304183969983303
single_driver_given_y_history,strong_monsoon_start,Strong monsoon starts,pre_phase,Precession phase,12.6,event_history_2ka,event_history_2ka+pre_phase_pre_phase_sin_lag+pre_phase_pre_phase_cos_lag,True,3100,91,2,-411.31876785445377,-402.38305386218997,8.9357139922638,0.0028824883846012258,0.004158551697884228,0.14166494794990225,17.8714279845276,0.00013160388841754314,-13.862378630913781,91.00000006851323,90.99999653329144,0.29401052681711926,True,True,0.00020655170637408514
single_driver_given_y_history,strong_monsoon_start,Strong monsoon starts,lr04,LR04,12.8,event_history_2ka,event_history_2ka+lr04_lr04_scaled_lag,True,3100,91,1,-411.31876785445377,-411.22807497784004,0.09069287661372982,2.9255766649590264e-05,4.2207149462768596e-05,0.0014378259707096995,0.18138575322745965,0.6701850409675468,1.8224914672885006,91.00000006851323,90.99999403627712,0.17298955397401275,True,True,0.7605470689631711
single_driver_given_y_history,strong_monsoon_start,Strong monsoon starts,co2,CO2,12.8,event_history_2ka,event_history_2ka+co2_co2_scaled_lag,True,3100,91,1,-411.31876785445377,-410.48530974876877,0.833458105684997,0.00026885745344677324,0.00038787931479369506,0.0132134711633017,1.666916211369994,0.19667209213468975,0.3369610091459663,91.00000006851323,90.9999912536597,0.20328492851398475,True,True,0.31291403547523855
single_driver_given_y_history,strong_monsoon_start,Strong monsoon starts,pre_phase,Precession phase,12.8,event_history_2ka,event_history_2ka+pre_phase_pre_phase_sin_lag+pre_phase_pre_phase_cos_lag,True,3100,91,2,-411.31876785445377,-402.3989228941385,8.919844960315288,0.0028773693420371897,0.0041511664805629934,0.14141336362357448,17.839689920630576,0.00013370897338155788,-13.830640567016758,91.00000006851323,90.99999945401966,0.29391883244026085,True,True,0.00020655170637408514
single_driver_given_y_history,strong_monsoon_start,Strong monsoon starts,lr04,LR04,13.0,event_history_2ka,event_history_2ka+lr04_lr04_scaled_lag,True,3100,91,1,-411.31876785445377,-411.26373711457666,0.055030739877111046,1.7751851573261627e-05,2.5610508231341493e-05,0.000872445884803941,0.11006147975422209,0.7400741528450019,1.8938157407617382,91.00000006851323,91.00000524041853,0.16947703022645216,True,True,0.7868156782878442
single_driver_given_y_history,strong_monsoon_start,Strong monsoon starts,co2,CO2,13.0,event_history_2ka,event_history_2ka+co2_co2_scaled_lag,True,3100,91,1,-411.31876785445377,-410.4912766800158,0.8274911744379665,0.00026693263691547305,0.00038510239152936726,0.01311887267847295,1.654982348875933,0.19828216109322047,0.3488948716400273,91.00000006851323,90.99999672898149,0.20301047975028574,True,True,0.31291403547523855
single_driver_given_y_history,strong_monsoon_start,Strong monsoon starts,pre_phase,Precession phase,13.0,event_history_2ka,event_history_2ka+pre_phase_pre_phase_sin_lag+pre_phase_pre_phase_cos_lag,True,3100,91,2,-411.31876785445377,-402.41574911942007,8.903018735033697,0.0028719415274302247,0.004143335799346661,0.14114660415356756,17.806037470067395,0.00013597782526644165,-13.796988116453576,91.00000006851323,90.99999615349046,0.29381419442969037,True,True,0.00020655170637408514
single_driver_given_y_history,strong_monsoon_start,Strong monsoon starts,lr04,LR04,13.2,event_history_2ka,event_history_2ka+lr04_lr04_scaled_lag,True,3100,91,1,-411.31876785445377,-411.29181168260186,0.02695617185190713,8.695539307066816e-06,1.254501143616035e-05,0.0004273575324406273,0.05391234370381426,0.8163901975236545,1.949964876812146,91.00000006851323,91.00000391365043,0.16584279001164384,True,True,0.841701898215527
single_driver_given_y_history,strong_monsoon_start,Strong monsoon starts,co2,CO2,13.2,event_history_2ka,event_history_2ka+co2_co2_scaled_lag,True,3100,91,1,-411.31876785445377,-410.58790564061724,0.7308622138365308,0.00023576200446339703,0.0003401326746693846,0.011586937268957058,1.4617244276730617,0.22665594548431633,0.5421527928428986,91.00000006851323,91.00000047047845,0.1999241612454464,True,True,0.3416753805062082
single_driver_given_y_history,strong_monsoon_start,Strong monsoon starts,pre_phase,Precession phase,13.2,event_history_2ka,event_history_2ka+pre_phase_pre_phase_sin_lag+pre_phase_pre_phase_cos_lag,True,3100,91,2,-411.31876785445377,-402.43464788951826,8.884119964935508,0.002865845149979196,0.004134540585830674,0.14084698698983614,17.768239929871015,0.00013857207578280446,-13.759190576257197,91.00000006851323,91.00000039406329,0.2936898703560645,True,True,0.00020655170637408514
single_driver_given_y_history,strong_monsoon_start,Strong monsoon starts,lr04,LR04,13.4,event_history_2ka,event_history_2ka+lr04_lr04_scaled_lag,True,3100,91,1,-411.31876785445377,-411.31123609560257,0.0075317588512007205,2.4295996294195873e-06,3.5051713367093017e-06,0.00011940693564614105,0.015063517702401441,0.9023181169158412,1.9888137028135588,91.00000006851323,91.00000240332656,0.161939033397575,True,True,0.9113412980849996
single_driver_given_y_history,strong_monsoon_start,Strong monsoon starts,co2,CO2,13.4,event_history_2ka,event_history_2ka+co2_co2_scaled_lag,True,3100,91,1,-411.31876785445377,-410.73444436384386,0.5843234906099042,0.00018849144858384007,0.0002719356781218831,0.009263742881075138,1.1686469812198084,0.279679423917721,0.8352302392961519,91.00000006851323,91.00000030596782,0.19493433756637316,True,True,0.40938582341579455
single_driver_given_y_history,strong_monsoon_start,Strong monsoon starts,pre_phase,Precession phase,13.4,event_history_2ka,event_history_2ka+pre_phase_pre_phase_sin_lag+pre_phase_pre_phase_cos_lag,True,3100,91,2,-411.31876785445377,-402.45321640740656,8.86555144704721,0.0028598553054991,0.004125899066903543,0.140552605575835,17.73110289409442,0.0001411691915246834,-13.722053540480601,91.00000006851323,90.99999270533597,0.2935635223493666,True,True,0.00020655170637408514
single_driver_given_y_history,strong_monsoon_start,Strong monsoon starts,lr04,LR04,13.6,event_history_2ka,event_history_2ka+lr04_lr04_scaled_lag,True,3100,91,1,-411.31876785445377,-411.31876020238883,7.652064937246905e-06,2.4684080442731953e-09,3.5611600443633636e-09,1.2131424326952118e-07,1.530412987449381e-05,0.9968786442088573,2.003861916386086,91.00000006851323,91.00002853531696,0.15782145353614604,True,True,0.9968786442088574
single_driver_given_y_history,strong_monsoon_start,Strong monsoon starts,co2,CO2,13.6,event_history_2ka,event_history_2ka+co2_co2_scaled_lag,True,3100,91,1,-411.31876785445377,-410.7584323283328,0.5603355261209799,0.00018075339552289674,0.0002607720273447245,0.00888344268976534,1.1206710522419598,0.28977400492724414,0.8832061682740004,91.00000006851323,90.99999899300988,0.19397774843457338,True,True,0.4129605655629108
single_driver_given_y_history,strong_monsoon_start,Strong monsoon starts,pre_phase,Precession phase,13.6,event_history_2ka,event_history_2ka+pre_phase_pre_phase_sin_lag+pre_phase_pre_phase_cos_lag,True,3100,91,2,-411.31876785445377,-402.4622553634141,8.856512491039666,0.002856939513238602,0.00412169246786906,0.14040930385048447,17.713024982079332,0.00014245099800544542,-13.703975628465514,91.00000006851323,90.99999963150997,0.29352212172993525,True,True,0.00020655170637408514
single_driver_given_y_history,strong_monsoon_start,Strong monsoon starts,lr04,LR04,13.8,event_history_2ka,event_history_2ka+lr04_lr04_scaled_lag,True,3100,91,1,-411.31876785445377,-411.31028626251316,0.008481591940608268,2.7359974001962156e-06,3.947209881148177e-06,0.00013446539155559723,0.016963183881216537,0.8963743427701238,1.9869140366347438,91.00000006851323,91.00000255459759,0.16279323961940162,True,True,0.9113412980849996
single_driver_given_y_history,strong_monsoon_start,Strong monsoon starts,co2,CO2,13.8,event_history_2ka,event_history_2ka+co2_co2_scaled_lag,True,3100,91,1,-411.31876785445377,-410.6926254058112,0.626142448642554,0.00020198143504598516,0.0002913976146924791,0.009926731929084453,1.252284897285108,0.26311652260335466,0.7515923232308523,91.00000006851323,90.99998834069412,0.19484042781381947,True,True,0.3908054232785121
single_driver_given_y_history,strong_monsoon_start,Strong monsoon starts,pre_phase,Precession phase,13.8,event_history_2ka,event_history_2ka+pre_phase_pre_phase_sin_lag+pre_phase_pre_phase_cos_lag,True,3100,91,2,-411.31876785445377,-402.4729515488175,8.845816305636276,0.002853489130850412,0.0041167146183084475,0.1402397287555625,17.691632611272553,0.0001439828582166489,-13.682583257658735,91.00000006851323,90.99999365898685,0.29346493694834286,True,True,0.00020655170637408514
single_driver_given_y_history,strong_monsoon_start,Strong monsoon starts,lr04,LR04,14.0,event_history_2ka,event_history_2ka+lr04_lr04_scaled_lag,True,3100,91,1,-411.31876785445377,-411.2919044710338,0.02686338341999317,8.665607554836506e-06,1.2501829045652564e-05,0.00042588648397277965,0.05372676683998634,0.8167008517338777,1.950150453675974,91.00000006851323,91.00000301951644,0.1668818905925628,True,True,0.841701898215527
single_driver_given_y_history,strong_monsoon_start,Strong monsoon starts,co2,CO2,14.0,event_history_2ka,event_history_2ka+co2_co2_scaled_lag,True,3100,91,1,-411.31876785445377,-410.76583571619904,0.5529321382547323,0.00017836520588862333,0.0002573265980026558,0.008766070920969593,1.1058642765094646,0.29298273319016477,0.8980129440064957,91.00000006851323,90.99999949212071,0.1914361900898923,True,True,0.4129605655629108
single_driver_given_y_history,strong_monsoon_start,Strong monsoon starts,pre_phase,Precession phase,14.0,event_history_2ka,event_history_2ka+pre_phase_pre_phase_sin_lag+pre_phase_pre_phase_cos_lag,True,3100,91,2,-411.31876785445377,-402.4841114490753,8.834656405378496,0.002849889163025321,0.00411152096257983,0.14006280202195023,17.669312810756992,0.0001455986920553317,-13.660263457143174,91.00000006851323,90.99998014567302,0.2934009233967643,True,True,0.00020655170637408514
single_driver_given_y_history,strong_monsoon_start,Strong monsoon starts,lr04,LR04,14.2,event_history_2ka,event_history_2ka+lr04_lr04_scaled_lag,True,3100,91,1,-411.31876785445377,-411.27388131734654,0.04488653710723156,1.4479528099106955e-05,2.0889543382994006e-05,0.000711621807552543,0.08977307421446312,0.7644658431801684,1.9141041463014972,91.00000006851323,91.00000552305667,0.16966381289791377,True,True,0.8042817725124688
single_driver_given_y_history,strong_monsoon_start,Strong monsoon starts,co2,CO2,14.2,event_history_2ka,event_history_2ka+co2_co2_scaled_lag,True,3100,91,1,-411.31876785445377,-410.77477975530644,0.5439880991473274,0.00017548003198300882,0.00025316417191692357,0.008624273988378714,1.0879761982946548,0.29692005325131554,0.9159010222213055,91.00000006851323,90.99999211189979,0.19106870642281495,True,True,0.4129605655629108
single_driver_given_y_history,strong_monsoon_start,Strong monsoon starts,pre_phase,Precession phase,14.2,event_history_2ka,event_history_2ka+pre_phase_pre_phase_sin_lag+pre_phase_pre_phase_cos_lag,True,3100,91,2,-411.31876785445377,-402.4963455010851,8.822422353368665,0.002845942694635053,0.004105827412204165,0.13986884591025178,17.64484470673733,0.00014739089462271682,-13.635795353123513,91.00000006851323,90.99999079704068,0.2933330564527478,True,True,0.00020655170637408514
single_driver_given_y_history,strong_monsoon_start,Strong monsoon starts,lr04,LR04,14.4,event_history_2ka,event_history_2ka+lr04_lr04_scaled_lag,True,3100,91,1,-411.31876785445377,-411.2597523480721,0.059015506381683736,1.9037260123123786e-05,2.74649607717439e-05,0.0009356195427736933,0.11803101276336747,0.731179904626764,1.8858462077525928,91.00000006851323,90.99999335222181,0.17149191885452597,True,True,0.7868156782878442
single_driver_given_y_history,strong_monsoon_start,Strong monsoon starts,co2,CO2,14.4,event_history_2ka,event_history_2ka+co2_co2_scaled_lag,True,3100,91,1,-411.31876785445377,-410.7966548111119,0.5221130433418466,0.00016842356236833762,0.0002429838381976537,0.008277471411128863,1.0442260866836932,0.3068406288167001,0.9596511338322671,91.00000006851323,90.9999945205449,0.19028906478054958,True,True,0.4132120468064895
single_driver_given_y_history,strong_monsoon_start,Strong monsoon starts,pre_phase,Precession phase,14.4,event_history_2ka,event_history_2ka+pre_phase_pre_phase_sin_lag+pre_phase_pre_phase_cos_lag,True,3100,91,2,-411.31876785445377,-402.5091469959177,8.80962085853605,0.0028418131801729194,0.004099869782168366,0.139665893678263,17.6192417170721,0.00014928984718126946,-13.610192363458282,91.00000006851323,90.9999840438764,0.29325861609282483,True,True,0.00020655170637408514
single_driver_given_y_history,strong_monsoon_start,Strong monsoon starts,lr04,LR04,14.6,event_history_2ka,event_history_2ka+lr04_lr04_scaled_lag,True,3100,91,1,-411.31876785445377,-411.2568052774617,0.06196257699207308,1.998792806195906e-05,2.8836484692633685e-05,0.000982341786232576,0.12392515398414616,0.7248157287323393,1.8799520665318141,91.00000006851323,90.99999863435491,0.17172970699538337,True,True,0.7868156782878442
single_driver_given_y_history,strong_monsoon_start,Strong monsoon starts,co2,CO2,14.6,event_history_2ka,event_history_2ka+co2_co2_scaled_lag,True,3100,91,1,-411.31876785445377,-410.78419212717137,0.5345757272824017,0.00017244378299432312,0.0002487837905580425,0.008475052205823426,1.0691514545648033,0.3011371907803616,0.934725765951157,91.00000006851323,91.0000049174611,0.19066607777429292,True,True,0.4129605655629108
single_driver_given_y_history,strong_monsoon_start,Strong monsoon starts,pre_phase,Precession phase,14.6,event_history_2ka,event_history_2ka+pre_phase_pre_phase_sin_lag+pre_phase_pre_phase_cos_lag,True,3100,91,2,-411.31876785445377,-402.52792398856997,8.7908438658838,0.002835756085768968,0.004091131242109588,0.13936820714878817,17.5816877317676,0.00015211954501286577,-13.572638378153783,91.00000006851323,91.00000516736606,0.2931301349417463,True,True,0.00020762262224728974
single_driver_given_y_history,strong_monsoon_start,Strong monsoon starts,lr04,LR04,14.8,event_history_2ka,event_history_2ka+lr04_lr04_scaled_lag,True,3100,91,1,-411.31876785445377,-411.2607264644849,0.058041389968877866,1.8723029022218666e-05,2.7011621120775007e-05,0.0009201761041143134,0.11608277993775573,0.7333224888750549,1.8877944405782046,91.00000006851323,91.00000237169913,0.17093382077849673,True,True,0.7868156782878442
single_driver_given_y_history,strong_monsoon_start,Strong monsoon starts,co2,CO2,14.8,event_history_2ka,event_history_2ka+co2_co2_scaled_lag,True,3100,91,1,-411.31876785445377,-410.7873408800385,0.5314269744152398,0.00017142805626298057,0.0002473184066398363,0.008425132533884532,1.0628539488304796,0.3025651668480732,0.9410232716854807,91.00000006851323,90.99999598843277,0.19052174594743296,True,True,0.4129605655629108
single_driver_given_y_history,strong_monsoon_start,Strong monsoon starts,pre_phase,Precession phase,14.8,event_history_2ka,event_history_2ka+pre_phase_pre_phase_sin_lag+pre_phase_pre_phase_cos_lag,True,3100,91,2,-411.31876785445377,-402.54786221282336,8.770905641630407,0.0028293244005259378,0.00408185228170491,0.13905211069544196,17.541811283260813,0.00015518297682601815,-13.532761929646995,91.00000006851323,90.99997637291814,0.2929893740657231,True,True,0.00020897974212570443
single_driver_given_y_history,strong_monsoon_start,Strong monsoon starts,lr04,LR04,15.0,event_history_2ka,event_history_2ka+lr04_lr04_scaled_lag,True,3100,91,1,-411.31876785445377,-411.2566108058419,0.06215704861187987,2.0050660842541895e-05,2.8926988964081716e-05,0.0009854248987764102,0.12431409722375975,0.7244018015231679,1.8795631232922005,91.00000006851323,90.99999528242506,0.17142138748246194,True,True,0.7868156782878442
single_driver_given_y_history,strong_monsoon_start,Strong monsoon starts,co2,CO2,15.0,event_history_2ka,event_history_2ka+co2_co2_scaled_lag,True,3100,91,1,-411.31876785445377,-410.8366593126342,0.48210854181957075,0.00015551888445792606,0.0002243663233720336,0.007643248378607738,0.9642170836391415,0.32612666866398393,1.0396601368768188,91.00000006851323,90.99999591960922,0.18880039117237274,True,True,0.43340517809292606
single_driver_given_y_history,strong_monsoon_start,Strong monsoon starts,pre_phase,Precession phase,15.0,event_history_2ka,event_history_2ka+pre_phase_pre_phase_sin_lag+pre_phase_pre_phase_cos_lag,True,3100,91,2,-411.31876785445377,-402.569033946095,8.749733908358792,0.0028224948091479973,0.004071999264092657,0.1387164584471125,17.499467816717583,0.00015850349596022517,-13.490418463103765,91.00000006851323,90.99999590755695,0.292837204376052,True,True,0.00021064280384187816
single_driver_given_y_history,strong_monsoon_start,Strong monsoon starts,lr04,LR04,15.2,event_history_2ka,event_history_2ka+lr04_lr04_scaled_lag,True,3100,91,1,-411.31876785445377,-411.2381297928419,0.08063806161186449,2.6012277939311124e-05,3.752778438526955e-05,0.0012784190285091823,0.16127612322372897,0.6879843287164662,1.8426010972922313,91.00000006851323,91.00000180387077,0.17341184021672584,True,True,0.7720713022262566
single_driver_given_y_history,strong_monsoon_start,Strong monsoon starts,co2,CO2,15.2,event_history_2ka,event_history_2ka+co2_co2_scaled_lag,True,3100,91,1,-411.31876785445377,-410.96365814588063,0.3551097085731385,0.0001145515188945608,0.00016526290823548127,0.005629835335494417,0.710219417146277,0.3993709803471721,1.2936578033696833,91.00000006851323,91.00000235386571,0.1840634040960719,True,True,0.523850246948888
single_driver_given_y_history,strong_monsoon_start,Strong monsoon starts,pre_phase,Precession phase,15.2,event_history_2ka,event_history_2ka+pre_phase_pre_phase_sin_lag+pre_phase_pre_phase_cos_lag,True,3100,91,2,-411.31876785445377,-402.5930176619172,8.725750192536566,0.0028147581266246987,0.004060837590583362,0.13833622561327935,17.451500385073132,0.00016235095249057588,-13.442451031459314,91.00000006851323,90.99998656287438,0.29265778088080097,True,True,0.00021295384677335276
single_driver_given_y_history,strong_monsoon_start,Strong monsoon starts,lr04,LR04,15.4,event_history_2ka,event_history_2ka+lr04_lr04_scaled_lag,True,3100,91,1,-411.31876785445377,-411.20934624749543,0.10942160695833536,3.529729256720496e-05,5.092322894351346e-05,0.0017347473596141948,0.21884321391667072,0.6399227483399328,1.7850340065992896,91.00000006851323,91.00000208760015,0.1761270907924102,True,True,0.7344567907083319
single_driver_given_y_history,strong_monsoon_start,Strong monsoon starts,co2,CO2,15.4,event_history_2ka,event_history_2ka+co2_co2_scaled_lag,True,3100,91,1,-411.31876785445377,-411.0655459288231,0.2532219256306689,8.168449213892546e-05,0.00011784581172636128,0.004014527652216703,0.5064438512613378,0.47668235113808355,1.4974333692546224,91.00000006851323,91.00000665974645,0.1796997344400368,True,True,0.6172425316018774
single_driver_given_y_history,strong_monsoon_start,Strong monsoon starts,pre_phase,Precession phase,15.4,event_history_2ka,event_history_2ka+pre_phase_pre_phase_sin_lag+pre_phase_pre_phase_cos_lag,True,3100,91,2,-411.31876785445377,-402.6198431318214,8.698924722632341,0.0028061047492362393,0.004048353405938091,0.13791094020228659,17.397849445264683,0.00016676503327953032,-13.388800091650864,91.00000006851323,90.99999310562232,0.2924510126272159,True,True,0.00021593933796452004
single_driver_given_y_history,strong_monsoon_start,Strong monsoon starts,lr04,LR04,15.6,event_history_2ka,event_history_2ka+lr04_lr04_scaled_lag,True,3100,91,1,-411.31876785445377,-411.16873361474546,0.15003423970830454,4.839814184138856e-05,6.982375922281192e-05,0.0023786115779199667,0.3000684794166091,0.5838394935169988,1.7038087410993512,91.00000006851323,90.99999585390587,0.17945015142218848,True,True,0.6856719633164754
single_driver_given_y_history,strong_monsoon_start,Strong monsoon starts,co2,CO2,15.6,event_history_2ka,event_history_2ka+co2_co2_scaled_lag,True,3100,91,1,-411.31876785445377,-411.14639289015145,0.17237496430232113,5.560482719429714e-05,8.022080844270026e-05,0.002732796771124954,0.34474992860464226,0.557100221014087,1.659127291911318,91.00000006851323,91.00000162059516,0.1756467590664416,True,True,0.7122420547142124
single_driver_given_y_history,strong_monsoon_start,Strong monsoon starts,pre_phase,Precession phase,15.6,event_history_2ka,event_history_2ka+pre_phase_pre_phase_sin_lag+pre_phase_pre_phase_cos_lag,True,3100,91,2,-411.31876785445377,-402.64792547526235,8.670842379191413,0.0027970459287714237,0.004035284290577198,0.13746572858010234,17.341684758382826,0.00017151456305489906,-13.332635404769007,91.00000006851323,90.9999948272024,0.2922281601573888,True,True,0.00021927811226006084
single_driver_given_y_history,strong_monsoon_start,Strong monsoon starts,lr04,LR04,15.8,event_history_2ka,event_history_2ka+lr04_lr04_scaled_lag,True,3100,91,1,-411.31876785445377,-411.11342251621403,0.20534533823973788,6.624043169023803e-05,9.556474230585054e-05,0.0032555022104190845,0.41069067647947577,0.5216191532969245,1.5931865440364845,91.00000006851323,90.99999699298507,0.18337851261831764,True,True,0.634741379313125
single_driver_given_y_history,strong_monsoon_start,Strong monsoon starts,co2,CO2,15.8,event_history_2ka,event_history_2ka+co2_co2_scaled_lag,True,3100,91,1,-411.31876785445377,-411.17862674215587,0.14014111229789705,4.520681041867647e-05,6.521964120543207e-05,0.002221767997108125,0.2802822245957941,0.5965162964042542,1.7235949959201662,91.00000006851323,91.000000249934,0.17389694136107492,True,True,0.7531018242103709
single_driver_given_y_history,strong_monsoon_start,Strong monsoon starts,pre_phase,Precession phase,15.8,event_history_2ka,event_history_2ka+pre_phase_pre_phase_sin_lag+pre_phase_pre_phase_cos_lag,True,3100,91,2,-411.31876785445377,-402.6751878523495,8.643580002104272,0.002788251613582023,0.004022596775665435,0.1370335165336577,17.287160004208545,0.0001762547789368319,-13.278110650594726,91.00000006851323,90.99999407011,0.2920071893593538,True,True,0.0002225216584077503
single_driver_given_y_history,strong_monsoon_start,Strong monsoon starts,lr04,LR04,16.0,event_history_2ka,event_history_2ka+lr04_lr04_scaled_lag,True,3100,91,1,-411.31876785445377,-411.0584465680535,0.26032128640025576,8.397460851621153e-05,0.00012114975126693049,0.004127079438763566,0.5206425728005115,0.47056770738812825,1.4832346477154488,91.00000006851323,91.00000094401535,0.18700269556802412,True,True,0.5940917305775119
single_driver_given_y_history,strong_monsoon_start,Strong monsoon starts,co2,CO2,16.0,event_history_2ka,event_history_2ka+co2_co2_scaled_lag,True,3100,91,1,-411.31876785445377,-411.22716207914226,0.09160577531150693,2.9550250100486108e-05,4.26319992769999e-05,0.0014522988764692274,0.18321155062301386,0.6686276888665426,1.8206656698929464,91.00000006851323,90.99999663496183,0.1713792738083338,True,True,0.8337209453768
single_driver_given_y_history,strong_monsoon_start,Strong monsoon starts,pre_phase,Precession phase,16.0,event_history_2ka,event_history_2ka+pre_phase_pre_phase_sin_lag+pre_phase_pre_phase_cos_lag,True,3100,91,2,-411.31876785445377,-402.70695969866904,8.611808155784729,0.0027780026308982997,0.004007810619173471,0.13652981230151384,17.223616311569458,0.00018194462857347223,-13.21456695795564,91.00000006851323,90.99998934357197,0.29173909097073736,True,True,0.00022686922822124316
single_driver_given_y_history,strong_monsoon_start,Strong monsoon starts,lr04,LR04,16.2,event_history_2ka,event_history_2ka+lr04_lr04_scaled_lag,True,3100,91,1,-411.31876785445377,-411.0070388190511,0.3117290354026636,0.00010055775335569794,0.00014507417208920094,0.004942087181060691,0.6234580708053272,0.4297651405693904,1.380419149710633,91.00000006851323,90.99999927994008,0.1906224169996804,True,True,0.5586350184441512
single_driver_given_y_history,strong_monsoon_start,Strong monsoon starts,co2,CO2,16.2,event_history_2ka,event_history_2ka+co2_co2_scaled_lag,True,3100,91,1,-411.31876785445377,-411.2813560377988,0.03741181665498061,1.2068327953219552e-05,1.7410916889931504e-05,0.0005931191467998644,0.07482363330996122,0.784438848792227,1.929053587205999,91.00000006851323,91.00000359358866,0.16630452212140184,True,True,0.9661990698538406
single_driver_given_y_history,strong_monsoon_start,Strong monsoon starts,pre_phase,Precession phase,16.2,event_history_2ka,event_history_2ka+pre_phase_pre_phase_sin_lag+pre_phase_pre_phase_cos_lag,True,3100,91,2,-411.31876785445377,-402.74095808106676,8.577809773387003,0.002767035410770001,0.003991988265082036,0.13599080903026717,17.155619546774005,0.000188236807506445,-13.146570193160187,91.00000006851323,90.99999635155919,0.29144354549046136,True,True,0.00023185265314818227
single_driver_given_y_history,strong_monsoon_start,Strong monsoon starts,lr04,LR04,16.4,event_history_2ka,event_history_2ka+lr04_lr04_scaled_lag,True,3100,91,1,-411.31876785445377,-410.94553384954975,0.37323400490402037,0.00012039806609807109,0.0001736976928923088,0.005917174153474256,0.7464680098080407,0.38759678890888816,1.2574092107079196,91.00000006851323,90.99999936268938,0.194050401162178,True,True,0.5236800186381008
single_driver_given_y_history,strong_monsoon_start,Strong monsoon starts,co2,CO2,16.4,event_history_2ka,event_history_2ka+co2_co2_scaled_lag,True,3100,91,1,-411.31876785445377,-411.2935483260639,0.02521952838986863,8.135331738667299e-06,1.1736802755361902e-05,0.0003998251488090318,0.05043905677973726,0.8223010359624442,1.953438163736223,91.00000006851323,91.00000673368584,0.16471683602282217,True,True,0.9719247436677767
single_driver_given_y_history,strong_monsoon_start,Strong monsoon starts,pre_phase,Precession phase,16.4,event_history_2ka,event_history_2ka+pre_phase_pre_phase_sin_lag+pre_phase_pre_phase_cos_lag,True,3100,91,2,-411.31876785445377,-402.7767709614268,8.541996893026976,0.0027554828687183794,0.003975321469954501,0.1354230390863621,17.083993786053952,0.00019510027651703204,-13.074944432440134,91.00000006851323,90.99999556007316,0.2911236829898436,True,True,0.00023741117985807514
single_driver_given_y_history,strong_monsoon_start,Strong monsoon starts,lr04,LR04,16.6,event_history_2ka,event_history_2ka+lr04_lr04_scaled_lag,True,3100,91,1,-411.31876785445377,-410.8710234037673,0.4477444506864572,0.0001444336937698249,0.00020837377373900156,0.00709844723726269,0.8954889013729144,0.34399418933088055,1.108388319143046,91.00000006851323,91.00000595205171,0.19830435972873034,True,True,0.49206370041593295
single_driver_given_y_history,strong_monsoon_start,Strong monsoon starts,co2,CO2,16.6,event_history_2ka,event_history_2ka+co2_co2_scaled_lag,True,3100,91,1,-411.31876785445377,-411.2915787414039,0.027189113049871594,8.770681628990838e-06,1.2653418891361016e-05,0.00043105053366174895,0.05437822609974319,0.815612788482171,1.949498994416217,91.00000006851323,90.99999733472814,0.16497808603152717,True,True,0.9719247436677767
single_driver_given_y_history,strong_monsoon_start,Strong monsoon starts,pre_phase,Precession phase,16.6,event_history_2ka,event_history_2ka+pre_phase_pre_phase_sin_lag+pre_phase_pre_phase_cos_lag,True,3100,91,2,-411.31876785445377,-402.81392886896685,8.504838985486913,0.002743496446931262,0.003958028718684223,0.13483394536177024,17.009677970973826,0.00020248616687348442,-13.000628617360007,91.00000006851323,90.99999893543779,0.290783415462532,True,True,0.00024346551016930863
single_driver_given_y_history,strong_monsoon_start,Strong monsoon starts,lr04,LR04,16.8,event_history_2ka,event_history_2ka+lr04_lr04_scaled_lag,True,3100,91,1,-411.31876785445377,-410.82105837149254,0.49770948296122697,0.00016055144611652484,0.000231626775119862,0.007890582449138156,0.9954189659224539,0.3184215288123494,1.0084582545935064,91.00000006851323,91.00000623902903,0.20077596356071006,True,True,0.49119564060426035
single_driver_given_y_history,strong_monsoon_start,Strong monsoon starts,co2,CO2,16.8,event_history_2ka,event_history_2ka+co2_co2_scaled_lag,True,3100,91,1,-411.31876785445377,-411.3108087915134,0.007959062940358308,2.5674396581800994e-06,3.7040324626380846e-06,0.00012618132565030837,0.015918125880716616,0.8995996888794068,1.9879590946352437,91.00000006851323,90.99999753275777,0.16158252281502977,True,True,0.9719247436677767
single_driver_given_y_history,strong_monsoon_start,Strong monsoon starts,pre_phase,Precession phase,16.8,event_history_2ka,event_history_2ka+pre_phase_pre_phase_sin_lag+pre_phase_pre_phase_cos_lag,True,3100,91,2,-411.31876785445377,-402.854826686153,8.463941168300778,0.0027303036026776703,0.0039389954677043456,0.13418555988882938,16.927882336601556,0.00021093908385055141,-12.918832982987738,91.00000006851323,91.00000106363133,0.29040213517131136,True,True,0.000250645264340067
single_driver_given_y_history,strong_monsoon_start,Strong monsoon starts,lr04,LR04,17.0,event_history_2ka,event_history_2ka+lr04_lr04_scaled_lag,True,3100,91,1,-411.31876785445377,-410.7876373377753,0.531130516678445,0.00017133242473498227,0.0002471804395086405,0.00842043255468995,1.06226103335689,0.30270006164940094,0.9416161871590703,91.00000006851323,91.0000032064046,0.20240232552122736,True,True,0.49119564060426035
single_driver_given_y_history,strong_monsoon_start,Strong monsoon starts,co2,CO2,17.0,event_history_2ka,event_history_2ka+co2_co2_scaled_lag,True,3100,91,1,-411.31876785445377,-411.310283174243,0.008484680210756324,2.7369936163730074e-06,3.948647117286088e-06,0.0001345143523471085,0.016969360421512647,0.8963555851406421,1.9869078600944476,91.00000006851323,91.00000373743073,0.16170334752511759,True,True,0.9719247436677767
single_driver_given_y_history,strong_monsoon_start,Strong monsoon starts,pre_phase,Precession phase,17.0,event_history_2ka,event_history_2ka+pre_phase_pre_phase_sin_lag+pre_phase_pre_phase_cos_lag,True,3100,91,2,-411.31876785445377,-402.8964258425113,8.422342011942476,0.002716884519981444,0.003919635823645221,0.13352605553077126,16.844684023884952,0.00021989904309867422,-12.835634670271133,91.00000006851323,90.99999902036248,0.29000445374208283,True,True,0.0002582535273600709
single_driver_given_y_history,strong_monsoon_start,Strong monsoon starts,lr04,LR04,17.2,event_history_2ka,event_history_2ka+lr04_lr04_scaled_lag,True,3100,91,1,-411.31876785445377,-410.7518009097152,0.5669669447385672,0.00018289256281889266,0.00026385819339428963,0.00898857581892635,1.1339338894771345,0.2869377860636862,0.8699433310388258,91.00000006851323,91.0000087938983,0.20410508732494273,True,True,0.4767071043171496
single_driver_given_y_history,strong_monsoon_start,Strong monsoon starts,co2,CO2,17.2,event_history_2ka,event_history_2ka+co2_co2_scaled_lag,True,3100,91,1,-411.31876785445377,-411.31860829237814,0.00015956207562339841,5.147163729787046e-08,7.425787587607311e-08,2.5296639034706227e-06,0.00031912415124679683,0.9857473113074713,2.0035580963647135,91.00000006851323,91.00000390056519,0.15821692748066554,True,True,0.9994015299345103
single_driver_given_y_history,strong_monsoon_start,Strong monsoon starts,pre_phase,Precession phase,17.2,event_history_2ka,event_history_2ka+pre_phase_pre_phase_sin_lag+pre_phase_pre_phase_cos_lag,True,3100,91,2,-411.31876785445377,-402.93960178312483,8.379166071328939,0.0027029567972028834,0.0038995423670617154,0.13284155316364085,16.758332142657878,0.00022960133677869804,-12.74928278904406,91.00000006851323,91.00000489533122,0.2895793546153738,True,True,0.0002665486783292931
single_driver_given_y_history,strong_monsoon_start,Strong monsoon starts,lr04,LR04,17.4,event_history_2ka,event_history_2ka+lr04_lr04_scaled_lag,True,3100,91,1,-411.31876785445377,-410.7205950827513,0.5981727717024796,0.0001929589586137031,0.0002783809326870882,0.009483306498131576,1.1963455434049592,0.27405331169802233,0.807531677111001,91.00000006851323,91.00000467352672,0.20556704551549998,True,True,0.4767071043171496
single_driver_given_y_history,strong_monsoon_start,Strong monsoon starts,co2,CO2,17.4,event_history_2ka,event_history_2ka+co2_co2_scaled_lag,True,3100,91,1,-411.31876785445377,-411.31552597841886,0.0032418760349059994,1.0457664628729031e-06,1.5087220899147295e-06,5.1396027238853426e-05,0.006483752069811999,0.9358222991571926,1.9973934684461483,91.00000006851323,90.99999903844042,0.1614432073214301,True,True,0.9719247436677767
single_driver_given_y_history,strong_monsoon_start,Strong monsoon starts,pre_phase,Precession phase,17.4,event_history_2ka,event_history_2ka+pre_phase_pre_phase_sin_lag+pre_phase_pre_phase_cos_lag,True,3100,91,2,-411.31876785445377,-402.98447265365235,8.33429520080142,0.002688482322839168,0.0038786601146777087,0.1321301797307791,16.66859040160284,0.00024013838399778334,-12.659541047989023,91.00000006851323,91.00000552329736,0.2891405596909586,True,True,0.00027561337254291044
single_driver_given_y_history,strong_monsoon_start,Strong monsoon starts,lr04,LR04,17.6,event_history_2ka,event_history_2ka+lr04_lr04_scaled_lag,True,3100,91,1,-411.31876785445377,-410.6941531078025,0.6246147466512753,0.00020148862795202427,0.00029068664434190683,0.009902512059999024,1.2492294933025505,0.26369969091603374,0.7546477272134098,91.00000006851323,91.00001283736182,0.20679396936425867,True,True,0.47560122825927514
single_driver_given_y_history,strong_monsoon_start,Strong monsoon starts,co2,CO2,17.6,event_history_2ka,event_history_2ka+co2_co2_scaled_lag,True,3100,91,1,-411.31876785445377,-411.3146376586694,0.004130195784341595,1.332321220755353e-06,1.922133218054878e-06,6.547926347219914e-05,0.00826039156868319,0.9275826212344666,1.995616828947277,91.00000006851323,90.99998856773084,0.16193840639307203,True,True,0.9719247436677767
single_driver_given_y_history,strong_monsoon_start,Strong monsoon starts,pre_phase,Precession phase,17.6,event_history_2ka,event_history_2ka+pre_phase_pre_phase_sin_lag+pre_phase_pre_phase_cos_lag,True,3100,91,2,-411.31876785445377,-403.0303526757485,8.288415178705293,0.0026736823157113847,0.0038573082177893346,0.1314028074191971,16.576830357410586,0.0002514125912073532,-12.567781003796767,91.00000006851323,90.99999726739503,0.2886741547835167,True,True,0.00028531091811171544
single_driver_given_y_history,strong_monsoon_start,Strong monsoon starts,lr04,LR04,17.8,event_history_2ka,event_history_2ka+lr04_lr04_scaled_lag,True,3100,91,1,-411.31876785445377,-410.6793806865509,0.6393871679028393,0.00020625392512994817,0.00029756151494885976,0.01013671094880731,1.2787743358056787,0.2581270512310203,0.7251028847102816,91.00000006851323,91.00000714120162,0.20749583500713709,True,True,0.47560122825927514
single_driver_given_y_history,strong_monsoon_start,Strong monsoon starts,co2,CO2,17.8,event_history_2ka,event_history_2ka+co2_co2_scaled_lag,True,3100,91,1,-411.31876785445377,-411.3150007627793,0.003767091674490075,1.215190862738734e-06,1.7531498314067524e-06,5.9722686564405854e-05,0.00753418334898015,0.9308307470210058,1.9963430371669801,91.00000006851323,90.99999518461536,0.16174870967296395,True,True,0.9719247436677767
single_driver_given_y_history,strong_monsoon_start,Strong monsoon starts,pre_phase,Precession phase,17.8,event_history_2ka,event_history_2ka+pre_phase_pre_phase_sin_lag+pre_phase_pre_phase_cos_lag,True,3100,91,2,-411.31876785445377,-403.0789347701897,8.239833084264092,0.0026580106723432554,0.003834698815619554,0.1306325970156112,16.479666168528183,0.0002639282995646362,-12.470616814914365,91.00000006851323,91.00000935589549,0.2881831620586818,True,True,0.0002961862028447584
single_driver_given_y_history,strong_monsoon_start,Strong monsoon starts,lr04,LR04,18.0,event_history_2ka,event_history_2ka+lr04_lr04_scaled_lag,True,3100,91,1,-411.31876785445377,-410.68876613367604,0.6300017207777273,0.00020322636154120237,0.0002931936639734002,0.00998791602546748,1.2600034415554546,0.2616504391498092,0.7438737789605057,91.00000006851323,91.00000635221348,0.20665220946534027,True,True,0.47560122825927514
single_driver_given_y_history,strong_monsoon_start,Strong monsoon starts,co2,CO2,18.0,event_history_2ka,event_history_2ka+co2_co2_scaled_lag,True,3100,91,1,-411.31876785445377,-411.3162167461703,0.0025511082834555054,8.229381559533889e-07,1.1872487965522625e-06,4.0444739223208946e-05,0.005102216566911011,0.9430556918756645,1.9987750039490493,91.00000006851323,90.99999841070536,0.161023289467937,True,True,0.9719247436677767
single_driver_given_y_history,strong_monsoon_start,Strong monsoon starts,pre_phase,Precession phase,18.0,event_history_2ka,event_history_2ka+pre_phase_pre_phase_sin_lag+pre_phase_pre_phase_cos_lag,True,3100,91,2,-411.31876785445377,-403.1298424114044,8.188925443049357,0.0026415888525965665,0.0038110071377086335,0.12982551787798643,16.377850886098713,0.0002777121414766354,-12.368801532484895,91.00000006851323,90.99999937406683,0.2876544268831084,True,True,0.0003082299592213206
single_driver_given_y_history,strong_monsoon_start,Strong monsoon starts,lr04,LR04,18.2,event_history_2ka,event_history_2ka+lr04_lr04_scaled_lag,True,3100,91,1,-411.31876785445377,-410.7159555397724,0.6028123146813869,0.00019445558538109254,0.0002805401087024626,0.009556860845908066,1.2056246293627737,0.2722003872699797,0.7982525911531866,91.00000006851323,91.00001084356504,0.20545599319542943,True,True,0.4767071043171496
single_driver_given_y_history,strong_monsoon_start,Strong monsoon starts,co2,CO2,18.2,event_history_2ka,event_history_2ka+co2_co2_scaled_lag,True,3100,91,1,-411.31876785445377,-411.30981008285113,0.008957771602638331,2.8896037427865587e-06,4.168816989852356e-06,0.0001420146447092561,0.017915543205276663,0.8935220136312385,1.9859616773106836,91.00000006851323,90.99999930858169,0.16400534935332792,True,True,0.9719247436677767
single_driver_given_y_history,strong_monsoon_start,Strong monsoon starts,pre_phase,Precession phase,18.2,event_history_2ka,event_history_2ka+pre_phase_pre_phase_sin_lag+pre_phase_pre_phase_cos_lag,True,3100,91,2,-411.31876785445377,-403.18231178389067,8.1364560705631,0.0026246632485687417,0.0037865886527136405,0.12899367937815698,16.2729121411262,0.0002926725734520064,-12.26386278751238,91.00000006851323,91.00000109957583,0.2871071102215177,True,True,0.0003213035860723114
single_driver_given_y_history,strong_monsoon_start,Strong monsoon starts,lr04,LR04,18.4,event_history_2ka,event_history_2ka+lr04_lr04_scaled_lag,True,3100,91,1,-411.31876785445377,-410.7540886001658,0.5646792542879666,0.00018215459815740858,0.0002627935354368153,0.008952307251144258,1.1293585085759332,0.28791221151827845,0.8745187119400271,91.00000006851323,91.00000677768958,0.20378644413157815,True,True,0.4767071043171496
single_driver_given_y_history,strong_monsoon_start,Strong monsoon starts,co2,CO2,18.4,event_history_2ka,event_history_2ka+co2_co2_scaled_lag,True,3100,91,1,-411.31876785445377,-411.30275083285585,0.016017021597917847,5.16678116061866e-06,7.454089557783064e-06,0.00025393052339700545,0.03203404319583569,0.8579529609554573,1.9718431773201246,91.00000006851323,91.00000309543181,0.16619208530343416,True,True,0.9719247436677767
single_driver_given_y_history,strong_monsoon_start,Strong monsoon starts,pre_phase,Precession phase,18.4,event_history_2ka,event_history_2ka+pre_phase_pre_phase_sin_lag+pre_phase_pre_phase_cos_lag,True,3100,91,2,-411.31876785445377,-403.2348228712676,8.083944983186143,0.0026077241881245624,0.0037621507542135043,0.12816117953914136,16.167889966372286,0.0003084517949135524,-12.158840612758468,91.00000006851323,91.00000312659654,0.2865493680156988,True,True,0.00033498528264805155
single_driver_given_y_history,strong_monsoon_start,Strong monsoon starts,lr04,LR04,18.6,event_history_2ka,event_history_2ka+lr04_lr04_scaled_lag,True,3100,91,1,-411.31876785445377,-410.8016455371786,0.5171223172751525,0.00016681365073392015,0.0002406612266664102,0.008198349479844743,1.034244634550305,0.30916380590193504,0.9696325859656554,91.00000006851323,91.00000512099912,0.20161843743865432,True,True,0.49119564060426035
single_driver_given_y_history,strong_monsoon_start,Strong monsoon starts,co2,CO2,18.6,event_history_2ka,event_history_2ka+co2_co2_scaled_lag,True,3100,91,1,-411.31876785445377,-411.31179633713964,0.0069715173141275955,2.2488765529443857e-06,3.2444430505043318e-06,0.00011052498303915855,0.013943034628255191,0.9060037729441989,1.989934185887705,91.00000006851323,91.00001360647758,0.1632555879547763,True,True,0.9719247436677767
single_driver_given_y_history,strong_monsoon_start,Strong monsoon starts,pre_phase,Precession phase,18.6,event_history_2ka,event_history_2ka+pre_phase_pre_phase_sin_lag+pre_phase_pre_phase_cos_lag,True,3100,91,2,-411.31876785445377,-403.2890828406895,8.029685013764265,0.002590220972182021,0.0037368989513735912,0.12730095328855093,16.05937002752853,0.0003256507682768608,-12.050320673914712,91.00000006851323,90.99999790009906,0.2859668839497032,True,True,0.0003499013574038611
single_driver_given_y_history,strong_monsoon_start,Strong monsoon starts,lr04,LR04,18.8,event_history_2ka,event_history_2ka+lr04_lr04_scaled_lag,True,3100,91,1,-411.31876785445377,-410.8318584210462,0.4869094334075612,0.00015706755916372942,0.00022660058869004631,0.007719360713616962,0.9738188668151224,0.32372960772737785,1.0300583537008379,91.00000006851323,91.00000965942965,0.2001875746493549,True,True,0.49119564060426035
single_driver_given_y_history,strong_monsoon_start,Strong monsoon starts,co2,CO2,18.8,event_history_2ka,event_history_2ka+co2_co2_scaled_lag,True,3100,91,1,-411.31876785445377,-411.31520186847007,0.0035659859836982832,1.1503180592575107e-06,1.6595581595358277e-06,5.653439884133039e-05,0.0071319719673965665,0.9326978572707005,1.9967452485485637,91.00000006851323,90.99999996099845,0.16165082246660903,True,True,0.9719247436677767
single_driver_given_y_history,strong_monsoon_start,Strong monsoon starts,pre_phase,Precession phase,18.8,event_history_2ka,event_history_2ka+pre_phase_pre_phase_sin_lag+pre_phase_pre_phase_cos_lag,True,3100,91,2,-411.31876785445377,-403.34594541343404,7.97282244101973,0.002571878206780558,0.003710435934692711,0.12639946590711432,15.94564488203946,0.00034470470291955035,-11.936595528425642,91.00000006851323,90.99998504811545,0.28535029427778996,True,True,0.0003664755262618377
single_driver_given_y_history,strong_monsoon_start,Strong monsoon starts,lr04,LR04,19.0,event_history_2ka,event_history_2ka+lr04_lr04_scaled_lag,True,3100,91,1,-411.31876785445377,-410.83988352188805,0.4788843325657126,0.0001544788169566815,0.0002228658231457983,0.007592132436834887,0.9577686651314252,0.3277497019898886,1.046108555384535,91.00000006851323,91.00000671346285,0.19978717130311707,True,True,0.49119564060426035
single_driver_given_y_history,strong_monsoon_start,Strong monsoon starts,co2,CO2,19.0,event_history_2ka,event_history_2ka+co2_co2_scaled_lag,True,3100,91,1,-411.31876785445377,-411.3187648141638,3.0402899824366614e-06,9.807387040118262e-10,1.4149068646857307e-09,4.820012396182159e-08,6.080579964873323e-06,0.9980325118584598,2.0038711399359954,91.00000006851323,91.0000002598656,0.15774825777491272,True,True,0.9994015299345103
single_driver_given_y_history,strong_monsoon_start,Strong monsoon starts,pre_phase,Precession phase,19.0,event_history_2ka,event_history_2ka+pre_phase_pre_phase_sin_lag+pre_phase_pre_phase_cos_lag,True,3100,91,2,-411.31876785445377,-403.4038492192024,7.914918635251354,0.002553199559758501,0.0036834883432634745,0.12548147103425022,15.829837270502708,0.0003652536057957896,-11.82078791688889,91.00000006851323,90.99998883947595,0.2847194695883955,True,True,0.0003842772310976537
single_driver_given_y_history,strong_monsoon_start,Strong monsoon starts,lr04,LR04,19.2,event_history_2ka,event_history_2ka+lr04_lr04_scaled_lag,True,3100,91,1,-411.31876785445377,-410.84618105305026,0.4725868014035086,0.0001524473552914544,0.00021993504347561912,0.007492292689828783,0.9451736028070172,0.3309508654499664,1.058703617708943,91.00000006851323,91.00001219702006,0.19946219101748772,True,True,0.49119564060426035
single_driver_given_y_history,strong_monsoon_start,Strong monsoon starts,co2,CO2,19.2,event_history_2ka,event_history_2ka+co2_co2_scaled_lag,True,3100,91,1,-411.31876785445377,-411.31579070968723,0.0029771447665325468,9.60369279526628e-07,1.385519996995173e-06,4.719903286467073e-05,0.0059542895330650936,0.9384930458529841,1.9979229309828952,91.00000006851323,90.99999096355279,0.16003068514011393,True,True,0.9719247436677767
single_driver_given_y_history,strong_monsoon_start,Strong monsoon starts,pre_phase,Precession phase,19.2,event_history_2ka,event_history_2ka+pre_phase_pre_phase_sin_lag+pre_phase_pre_phase_cos_lag,True,3100,91,2,-411.31876785445377,-403.4609618768504,7.857805977603391,0.0025347761218075457,0.003656908940695505,0.12457601885885786,15.715611955206782,0.00038672141671485156,-11.706562601592964,91.00000006851323,90.9999839950751,0.2840882176030587,True,True,0.00040266869163092795
single_driver_given_y_history,strong_monsoon_start,Strong monsoon starts,lr04,LR04,19.4,event_history_2ka,event_history_2ka+lr04_lr04_scaled_lag,True,3100,91,1,-411.31876785445377,-410.85512513905627,0.4636427153974978,0.00014956216625725737,0.00021577259556395585,0.007350495013717177,0.9272854307949956,0.33556929902667293,1.0765917897209647,91.00000006851323,91.00000497493538,0.19900156437450306,True,True,0.49119564060426035
single_driver_given_y_history,strong_monsoon_start,Strong monsoon starts,co2,CO2,19.4,event_history_2ka,event_history_2ka+co2_co2_scaled_lag,True,3100,91,1,-411.31876785445377,-411.30864065241644,0.010127202037324423,3.2668393668788463e-06,4.713052953976952e-06,0.00016055455117943465,0.020254404074648846,0.8868288544092422,1.9836228164413114,91.00000006851323,91.00000135018823,0.1620471243852964,True,True,0.9719247436677767
single_driver_given_y_history,strong_monsoon_start,Strong monsoon starts,pre_phase,Precession phase,19.4,event_history_2ka,event_history_2ka+pre_phase_pre_phase_sin_lag+pre_phase_pre_phase_cos_lag,True,3100,91,2,-411.31876785445377,-403.51739653001346,7.801371324440311,0.0025165713949807456,0.0036306450715817423,0.1236813156253121,15.602742648880621,0.0004091734844726243,-11.593693295266803,91.00000006851323,90.99998020295573,0.2834586304127202,True,True,0.0004216992033850516
single_driver_given_y_history,strong_monsoon_start,Strong monsoon starts,lr04,LR04,19.6,event_history_2ka,event_history_2ka+lr04_lr04_scaled_lag,True,3100,91,1,-411.31876785445377,-410.8745584684342,0.4442093860195655,0.0001432933503288921,0.00020672860591185754,0.0070424030585358064,0.888418772039131,0.3459061656389232,1.1154584484768293,91.00000006851323,91.00000743186393,0.19801623343980648,True,True,0.49206370041593295
single_driver_given_y_history,strong_monsoon_start,Strong monsoon starts,co2,CO2,19.6,event_history_2ka,event_history_2ka+co2_co2_scaled_lag,True,3100,91,1,-411.31876785445377,-411.31426266720314,0.004505187250629206,1.4532862098803889e-06,2.0966488079867545e-06,7.142430005229602e-05,0.009010374501258411,0.9243759936196296,1.9948668460147019,91.00000006851323,90.99998586751799,0.1605795808414026,True,True,0.9719247436677767
single_driver_given_y_history,strong_monsoon_start,Strong monsoon starts,pre_phase,Precession phase,19.6,event_history_2ka,event_history_2ka+pre_phase_pre_phase_sin_lag+pre_phase_pre_phase_cos_lag,True,3100,91,2,-411.31876785445377,-403.5746558075398,7.744112046913983,0.002498100660294833,0.0036039974342488013,0.12277353896891521,15.488224093827966,0.00043328621361183483,-11.479174740214148,91.00000006851323,90.9999809384449,0.28281571295741637,True,True,0.00044203947045247795
single_driver_given_y_history,strong_monsoon_start,Strong monsoon starts,lr04,LR04,19.8,event_history_2ka,event_history_2ka+lr04_lr04_scaled_lag,True,3100,91,1,-411.31876785445377,-410.90845447280554,0.41031338164822273,0.00013235915537039442,0.00019095389706911986,0.0065050228671897975,0.8206267632964455,0.3649969787055467,1.1832504572195148,91.00000006851323,91.00000753884409,0.1962766486972494,True,True,0.5049958198528797
single_driver_given_y_history,strong_monsoon_start,Strong monsoon starts,co2,CO2,19.8,event_history_2ka,event_history_2ka+co2_co2_scaled_lag,True,3100,91,1,-411.31876785445377,-411.31876757315047,2.8130330065323506e-07,9.074300021072098e-11,1.3091447639939334e-10,4.459723921298014e-09,5.626066013064701e-07,0.9994015299345103,2.003876657909359,91.00000006851323,90.9999942292207,0.15769238056854373,True,True,0.9994015299345103
single_driver_given_y_history,strong_monsoon_start,Strong monsoon starts,pre_phase,Precession phase,19.8,event_history_2ka,event_history_2ka+pre_phase_pre_phase_sin_lag+pre_phase_pre_phase_cos_lag,True,3100,91,2,-411.31876785445377,-403.6327814852659,7.6859863691878445,0.002479350441673498,0.003576946586828217,0.12185202658425795,15.371972738375689,0.0004592176077972492,-11.36292338476187,91.00000006851323,90.99997431399274,0.28216126149088483,True,True,0.0004638097838752217
single_driver_given_y_history,strong_monsoon_start,Strong monsoon starts,lr04,LR04,20.0,event_history_2ka,event_history_2ka+lr04_lr04_scaled_lag,True,3100,91,1,-411.31876785445377,-410.9475336447797,0.3712342096740713,0.00011975297086260364,0.0001727670171951988,0.005885469816539739,0.7424684193481426,0.38887130096888667,1.2614088011678177,91.00000006851323,91.0000017498609,0.19459171277966616,True,True,0.5236800186381008
single_driver_given_y_history,strong_monsoon_start,Strong monsoon starts,co2,CO2,20.0,event_history_2ka,event_history_2ka+co2_co2_scaled_lag,True,3100,91,1,-411.31876785445377,-411.3159947470618,0.0027731073919881055,8.945507716090663e-07,1.2905639620237958e-06,4.396426683817326e-05,0.005546214783976211,0.940634093524757,1.998331005731984,91.00000006851323,90.99999569131126,0.1605315507234963,True,True,0.9719247436677767
single_driver_given_y_history,strong_monsoon_start,Strong monsoon starts,pre_phase,Precession phase,20.0,event_history_2ka,event_history_2ka+pre_phase_pre_phase_sin_lag+pre_phase_pre_phase_cos_lag,True,3100,91,2,-411.31876785445377,-403.6916909284721,7.627076925981669,0.0024603473954779576,0.0035495309863201267,0.12091808854497135,15.254153851963338,0.0004870825578312536,-11.24510449834952,91.00000006851323,90.99998360139814,0.2814937815397148,True,True,0.00048708255783125364
single_driver_given_y_history,weak_monsoon_start,Weak monsoon starts,lr04,LR04,0.0,event_history_2ka,event_history_2ka+lr04_lr04_scaled_lag,True,3100,96,1,-429.5242188408374,-421.48419906835977,8.040019772477649,0.0025935547653153706,0.0037417085981944244,0.12082600681669496,16.080039544955298,6.072068630885706e-05,-14.076162324439338,95.99999088010867,95.99999280440205,0.38497360817924114,True,True,0.003424469478965127
single_driver_given_y_history,weak_monsoon_start,Weak monsoon starts,co2,CO2,0.0,event_history_2ka,event_history_2ka+co2_co2_scaled_lag,True,3100,96,1,-429.5242188408374,-419.8448220652908,9.679396775546593,0.0031223860566279332,0.0045046508796379656,0.14546268465497597,19.358793551093186,1.0831929034524595e-05,-17.354916330577225,95.99999088010867,95.99999956982441,0.3617697242161421,True,True,0.0002418597744673067
single_driver_given_y_history,weak_monsoon_start,Weak monsoon starts,pre_phase,Precession phase,0.0,event_history_2ka,event_history_2ka+pre_phase_pre_phase_sin_lag+pre_phase_pre_phase_cos_lag,True,3100,96,2,-429.5242188408374,-424.4107619403062,5.113456900531219,0.0016495022259778126,0.0023797286813534964,0.07684540533537332,10.226913801062437,0.006015252809893661,-6.217864447448619,95.99999088010867,95.99999434000472,0.24931472272009214,True,True,0.06419778173296828
single_driver_given_y_history,weak_monsoon_start,Weak monsoon starts,lr04,LR04,0.2,event_history_2ka,event_history_2ka+lr04_lr04_scaled_lag,True,3100,96,1,-429.5242188408374,-421.7657128245923,7.758506016245121,0.002502743876208104,0.0036106961788206528,0.11659539744108359,15.517012032490243,8.176606830667672e-05,-13.513134811974282,95.99999088010867,95.99999960501074,0.37958742982294214,True,True,0.003424469478965127
single_driver_given_y_history,weak_monsoon_start,Weak monsoon starts,co2,CO2,0.2,event_history_2ka,event_history_2ka+co2_co2_scaled_lag,True,3100,96,1,-429.5242188408374,-420.26135113106795,9.262867709769466,0.002988021841861118,0.004310804293320942,0.1392030553051554,18.525735419538933,1.6762558626446997e-05,-16.521858199022972,95.99999088010867,95.99999961464815,0.37163936388221885,True,True,0.0002418597744673067
single_driver_given_y_history,weak_monsoon_start,Weak monsoon starts,pre_phase,Precession phase,0.2,event_history_2ka,event_history_2ka+pre_phase_pre_phase_sin_lag+pre_phase_pre_phase_cos_lag,True,3100,96,2,-429.5242188408374,-424.4360477532243,5.088171087613148,0.0016413455121332735,0.0023679610307400295,0.07646540828431346,10.176342175226296,0.006169292671344114,-6.167292821612477,95.99999088010867,95.9999896052558,0.24907078168028327,True,True,0.06419778173296828
single_driver_given_y_history,weak_monsoon_start,Weak monsoon starts,lr04,LR04,0.4,event_history_2ka,event_history_2ka+lr04_lr04_scaled_lag,True,3100,96,1,-429.5242188408374,-422.02221427230734,7.502004568530083,0.0024200014737193816,0.003491324125078935,0.11274067487234062,15.004009137060166,0.00010728301515487033,-13.000131916544206,95.99999088010867,96.00000513412031,0.37463066303275766,True,True,0.003424469478965127
single_driver_given_y_history,weak_monsoon_start,Weak monsoon starts,co2,CO2,0.4,event_history_2ka,event_history_2ka+co2_co2_scaled_lag,True,3100,96,1,-429.5242188408374,-420.0250899301852,9.499128910652246,0.0030642351324684665,0.004420756829729993,0.142753605960031,18.99825782130449,1.3083786004195132e-05,-16.99438060078853,95.99999088010867,96.00000654928859,0.3752464698266539,True,True,0.0002418597744673067
single_driver_given_y_history,weak_monsoon_start,Weak monsoon starts,pre_phase,Precession phase,0.4,event_history_2ka,event_history_2ka+pre_phase_pre_phase_sin_lag+pre_phase_pre_phase_cos_lag,True,3100,96,2,-429.5242188408374,-424.4612874578251,5.062931383012312,0.0016332036719394556,0.002356214838268698,0.07608610415242671,10.125862766024625,0.006326985484645377,-6.1168134124108064,95.99999088010867,95.99999495818139,0.248819638594423,True,True,0.06419778173296828
single_driver_given_y_history,weak_monsoon_start,Weak monsoon starts,lr04,LR04,0.6,event_history_2ka,event_history_2ka+lr04_lr04_scaled_lag,True,3100,96,1,-429.5242188408374,-422.2432217255104,7.280997115327011,0.002348708746879681,0.0033884704616158473,0.10941935865634507,14.561994230654022,0.00013562255362238127,-12.558117010138062,95.99999088010867,95.99999438583583,0.3702972210191027,True,True,0.003424469478965127
single_driver_given_y_history,weak_monsoon_start,Weak monsoon starts,co2,CO2,0.6,event_history_2ka,event_history_2ka+co2_co2_scaled_lag,True,3100,96,1,-429.5242188408374,-419.6636005285181,9.860618312319332,0.0031808446168772038,0.004588988754607097,0.14818609520085416,19.721236624638664,8.960011795548329e-06,-17.717359404122703,95.99999088010867,96.00000336416457,0.3807801711221393,True,True,0.0002418597744673067
single_driver_given_y_history,weak_monsoon_start,Weak monsoon starts,pre_phase,Precession phase,0.6,event_history_2ka,event_history_2ka+pre_phase_pre_phase_sin_lag+pre_phase_pre_phase_cos_lag,True,3100,96,2,-429.5242188408374,-424.4894350250024,5.034783815834999,0.001624123811559677,0.0023431153687268275,0.07566310044847047,10.069567631669997,0.006507604805827022,-6.060518278056179,95.99999088010867,95.99999835585022,0.24853127028789043,True,True,0.06419778173296828
single_driver_given_y_history,weak_monsoon_start,Weak monsoon starts,lr04,LR04,0.8,event_history_2ka,event_history_2ka+lr04_lr04_scaled_lag,True,3100,96,1,-429.5242188408374,-422.53890627867895,6.9853125621584695,0.002253326632954345,0.003250863158866259,0.10497578950505627,13.970625124316939,0.00018568924079363696,-11.966747903800979,95.99999088010867,96.00000907683528,0.36433449543914737,True,True,0.003750922664031467
single_driver_given_y_history,weak_monsoon_start,Weak monsoon starts,co2,CO2,0.8,event_history_2ka,event_history_2ka+co2_co2_scaled_lag,True,3100,96,1,-429.5242188408374,-419.6126732668132,9.911545574024217,0.0031972727658142637,0.004612689563609578,0.14895143382489262,19.823091148048434,8.495020857488546e-06,-17.819213927532473,95.99999088010867,95.99999819511461,0.3711008684890714,True,True,0.0002418597744673067
single_driver_given_y_history,weak_monsoon_start,Weak monsoon starts,pre_phase,Precession phase,0.8,event_history_2ka,event_history_2ka+pre_phase_pre_phase_sin_lag+pre_phase_pre_phase_cos_lag,True,3100,96,2,-429.5242188408374,-424.52019287229297,5.004025968544454,0.0016142019253369206,0.002328801112676992,0.07520086926352787,10.008051937088908,0.006710874768952925,-5.9990025834750895,95.99999088010867,96.0000006999439,0.24820857315592568,True,True,0.06419778173296828
single_driver_given_y_history,weak_monsoon_start,Weak monsoon starts,lr04,LR04,1.0,event_history_2ka,event_history_2ka+lr04_lr04_scaled_lag,True,3100,96,1,-429.5242188408374,-422.8581977624149,6.6660210784225455,0.002150329380136305,0.003102269533000486,0.10017745366980736,13.332042156845091,0.000260909222161025,-11.32816493632913,95.99999088010867,96.00000181951546,0.35773857723247743,True,True,0.004391971906377254
single_driver_given_y_history,weak_monsoon_start,Weak monsoon starts,co2,CO2,1.0,event_history_2ka,event_history_2ka+co2_co2_scaled_lag,True,3100,96,1,-429.5242188408374,-419.9110178393349,9.613201001502546,0.0031010325811298535,0.004473844326431142,0.1444678897076723,19.22640200300509,1.160965883762265e-05,-17.22252478248913,95.99999088010867,96.0000069032867,0.35915987047563047,True,True,0.0002418597744673067
single_driver_given_y_history,weak_monsoon_start,Weak monsoon starts,pre_phase,Precession phase,1.0,event_history_2ka,event_history_2ka+pre_phase_pre_phase_sin_lag+pre_phase_pre_phase_cos_lag,True,3100,96,2,-429.5242188408374,-424.55479358128343,4.9694252595539865,0.0016030404063077375,0.002312698444524802,0.0746808872711134,9.938850519107973,0.00694713968971724,-5.929801165494155,95.99999088010867,95.99999603654308,0.247840404485312,True,True,0.06419778173296828
single_driver_given_y_history,weak_monsoon_start,Weak monsoon starts,lr04,LR04,1.2,event_history_2ka,event_history_2ka+lr04_lr04_scaled_lag,True,3100,96,1,-429.5242188408374,-423.16812275312896,6.356096087708465,0.0020503535766801502,0.0029580349371454017,0.0955198781786536,12.71219217541693,0.0003632793249016944,-10.70831495490097,95.99999088010867,95.99999823941769,0.35117895620796646,True,True,0.005241601687867305
single_driver_given_y_history,weak_monsoon_start,Weak monsoon starts,co2,CO2,1.2,event_history_2ka,event_history_2ka+co2_co2_scaled_lag,True,3100,96,1,-429.5242188408374,-420.15968593339886,9.364532907438559,0.0030208170669156643,0.004358117801871973,0.14073088735211578,18.729065814877117,1.5066830181559139e-05,-16.725188594361157,95.99999088010867,95.99999919989514,0.3506853821076063,True,True,0.0002418597744673067
single_driver_given_y_history,weak_monsoon_start,Weak monsoon starts,pre_phase,Precession phase,1.2,event_history_2ka,event_history_2ka+pre_phase_pre_phase_sin_lag+pre_phase_pre_phase_cos_lag,True,3100,96,2,-429.5242188408374,-424.5923523933586,4.9318664474787965,0.0015909246604770312,0.002295219118098171,0.07411645068858676,9.863732894957593,0.007213027971936997,-5.854683541343775,95.99999088010867,96.00000094655513,0.2474369395718044,True,True,0.06419778173296828
single_driver_given_y_history,weak_monsoon_start,Weak monsoon starts,lr04,LR04,1.4,event_history_2ka,event_history_2ka+lr04_lr04_scaled_lag,True,3100,96,1,-429.5242188408374,-423.48631172325236,6.037907117585064,0.0019477119734145369,0.002809954405125209,0.09073811099883487,12.075814235170128,0.0005108015013612394,-10.071937014654168,95.99999088010867,96.00000505097745,0.3443062745184944,True,True,0.006448868954685647
single_driver_given_y_history,weak_monsoon_start,Weak monsoon starts,co2,CO2,1.4,event_history_2ka,event_history_2ka+co2_co2_scaled_lag,True,3100,96,1,-429.5242188408374,-420.43018269897175,9.094036141865672,0.00293356004576312,0.004232232530172454,0.13666584212015218,18.188072283731344,2.0012828446440884e-05,-16.184195063215384,95.99999088010867,96.0000014684513,0.3468271106694983,True,True,0.00025266195913631616
single_driver_given_y_history,weak_monsoon_start,Weak monsoon starts,pre_phase,Precession phase,1.4,event_history_2ka,event_history_2ka+pre_phase_pre_phase_sin_lag+pre_phase_pre_phase_cos_lag,True,3100,96,2,-429.5242188408374,-424.6335690418465,4.890649798990921,0.0015776289674164262,0.0022760374876544544,0.07349704387217508,9.781299597981842,0.007516536649832771,-5.772250244368024,95.99999088010867,95.99999393685147,0.24699266433216027,True,True,0.06419778173296828
single_driver_given_y_history,weak_monsoon_start,Weak monsoon starts,lr04,LR04,1.6,event_history_2ka,event_history_2ka+lr04_lr04_scaled_lag,True,3100,96,1,-429.5242188408374,-423.7516998239519,5.7725190168854965,0.0018621029086727408,0.0026864466319670775,0.0867498391572702,11.545038033770993,0.0006793031061721189,-9.541160813255033,95.99999088010867,96.00000184854936,0.3384371884860522,True,True,0.007623290413709334
single_driver_given_y_history,weak_monsoon_start,Weak monsoon starts,co2,CO2,1.6,event_history_2ka,event_history_2ka+co2_co2_scaled_lag,True,3100,96,1,-429.5242188408374,-420.6509028979376,8.873315942899808,0.0028623599815805834,0.004129512550665332,0.13334884278190134,17.746631885799616,2.523638897664507e-05,-15.742754665283655,95.99999088010867,96.00000417050967,0.34750845885456805,True,True,0.00028320836518235025
single_driver_given_y_history,weak_monsoon_start,Weak monsoon starts,pre_phase,Precession phase,1.6,event_history_2ka,event_history_2ka+pre_phase_pre_phase_sin_lag+pre_phase_pre_phase_cos_lag,True,3100,96,2,-429.5242188408374,-424.6787792192117,4.845439621625701,0.0015630450392340972,0.0022549973267891273,0.0728176220108989,9.690879243251402,0.007864159440375275,-5.681829889637584,95.99999088010867,96.00000303238986,0.24650338746322847,True,True,0.06419778173296828
single_driver_given_y_history,weak_monsoon_start,Weak monsoon starts,lr04,LR04,1.8,event_history_2ka,event_history_2ka+lr04_lr04_scaled_lag,True,3100,96,1,-429.5242188408374,-423.99875168894744,5.525467151889984,0.0017824087586741884,0.0025714722769763047,0.08303712561069318,11.050934303779968,0.0008864251683330386,-9.047057083264008,95.99999088010867,95.99999760960542,0.33289138073055013,True,True,0.00895289420016369
single_driver_given_y_history,weak_monsoon_start,Weak monsoon starts,co2,CO2,1.8,event_history_2ka,event_history_2ka+co2_co2_scaled_lag,True,3100,96,1,-429.5242188408374,-421.1850685687363,8.339150272101108,0.002690048474871325,0.00388091959444778,0.1253213619040429,16.678300544202216,4.428466289278877e-05,-14.674423323686256,95.99999088010867,95.99999407488478,0.3394258043167035,True,True,0.0004291995542999852
single_driver_given_y_history,weak_monsoon_start,Weak monsoon starts,pre_phase,Precession phase,1.8,event_history_2ka,event_history_2ka+pre_phase_pre_phase_sin_lag+pre_phase_pre_phase_cos_lag,True,3100,96,2,-429.5242188408374,-424.7221103455156,4.802108495321818,0.001549067256555425,0.0022348316490359834,0.07216643866678697,9.604216990643636,0.008212412946726146,-5.595167637029817,95.99999088010867,96.00000346403809,0.24602913369439575,True,True,0.06419778173296828
single_driver_given_y_history,weak_monsoon_start,Weak monsoon starts,lr04,LR04,2.0,event_history_2ka,event_history_2ka+lr04_lr04_scaled_lag,True,3100,96,1,-429.5242188408374,-424.32414571797415,5.200073122863273,0.0016774429428591203,0.002420038615037042,0.07814708027723781,10.400146245726546,0.0012600533382242872,-8.396269025210586,95.99999088010867,96.0000016589798,0.3255891556510897,True,True,0.011569580650968454
single_driver_given_y_history,weak_monsoon_start,Weak monsoon starts,co2,CO2,2.0,event_history_2ka,event_history_2ka+co2_co2_scaled_lag,True,3100,96,1,-429.5242188408374,-421.2363352787507,8.287883562086733,0.0026735108264795914,0.0038570608111250606,0.1245509220259134,16.575767124173467,4.6744505913859774e-05,-14.571889903657507,95.99999088010867,96.00000587367342,0.33838766445277196,True,True,0.0004291995542999852
single_driver_given_y_history,weak_monsoon_start,Weak monsoon starts,pre_phase,Precession phase,2.0,event_history_2ka,event_history_2ka+pre_phase_pre_phase_sin_lag+pre_phase_pre_phase_cos_lag,True,3100,96,2,-429.5242188408374,-424.76397800966083,4.7602408311765885,0.0015355615584440607,0.0022153470453469748,0.0715372483393294,9.520481662353177,0.008563546780089923,-5.511432308739359,95.99999088010867,95.99999712058732,0.245568071836695,True,True,0.06419778173296828
single_driver_given_y_history,weak_monsoon_start,Weak monsoon starts,lr04,LR04,2.2,event_history_2ka,event_history_2ka+lr04_lr04_scaled_lag,True,3100,96,1,-429.5242188408374,-424.6517653069759,4.872453533861517,0.0015717592044714572,0.0022675692097625533,0.07322358906524912,9.744907067723034,0.0017982022297367182,-7.7410298472070735,95.99999088010867,95.99999567050882,0.3181212868103816,True,True,0.015134868766950712
single_driver_given_y_history,weak_monsoon_start,Weak monsoon starts,co2,CO2,2.2,event_history_2ka,event_history_2ka+co2_co2_scaled_lag,True,3100,96,1,-429.5242188408374,-421.5532760197496,7.970942821087817,0.0025712718777702636,0.0037095611868364123,0.11978791332492582,15.941885642175635,6.53171759714459e-05,-13.938008421659674,95.99999088010867,95.99999703727917,0.33569283927892624,True,True,0.0005074642133166181
single_driver_given_y_history,weak_monsoon_start,Weak monsoon starts,pre_phase,Precession phase,2.2,event_history_2ka,event_history_2ka+pre_phase_pre_phase_sin_lag+pre_phase_pre_phase_cos_lag,True,3100,96,2,-429.5242188408374,-424.8072117650888,4.717007075748597,0.001521615185725354,0.002195226682587307,0.0708875282918818,9.434014151497195,0.008941900971669645,-5.424964797883376,95.99999088010867,96.00000280468029,0.24508819543233215,True,True,0.06419778173296828
single_driver_given_y_history,weak_monsoon_start,Weak monsoon starts,lr04,LR04,2.4,event_history_2ka,event_history_2ka+lr04_lr04_scaled_lag,True,3100,96,1,-429.5242188408374,-424.932102632655,4.592116208182404,0.0014813278090910979,0.00213710428410664,0.06901065917427691,9.184232416364807,0.00244108883759493,-7.180355195848847,95.99999088010867,96.00000626117152,0.311600921312027,True,True,0.018965382507468303
single_driver_given_y_history,weak_monsoon_start,Weak monsoon starts,co2,CO2,2.4,event_history_2ka,event_history_2ka+co2_co2_scaled_lag,True,3100,96,1,-429.5242188408374,-421.818859745874,7.7053590949633985,0.002485599708052709,0.003585962372442699,0.11579670161012882,15.410718189926797,8.649629404056641e-05,-13.406840969410837,95.99999088010867,95.99999896982365,0.3449336215478868,True,True,0.0005460078561310755
single_driver_given_y_history,weak_monsoon_start,Weak monsoon starts,pre_phase,Precession phase,2.4,event_history_2ka,event_history_2ka+pre_phase_pre_phase_sin_lag+pre_phase_pre_phase_cos_lag,True,3100,96,2,-429.5242188408374,-424.85066257670064,4.673556264136778,0.0015075987948828316,0.0021750053050276384,0.07023454630818417,9.347112528273556,0.009338998456429461,-5.338063174659737,95.99999088010867,95.99999662092921,0.24460204826906437,True,True,0.06419778173296828
single_driver_given_y_history,weak_monsoon_start,Weak monsoon starts,lr04,LR04,2.6,event_history_2ka,event_history_2ka+lr04_lr04_scaled_lag,True,3100,96,1,-429.5242188408374,-425.1576035960969,4.366615244740501,0.0014085855628195164,0.0020321594061475058,0.06562181415684655,8.733230489481002,0.0031246240112271315,-6.729353268965042,95.99999088010867,95.99999795510254,0.30623206122760693,True,True,0.022541930366710018
single_driver_given_y_history,weak_monsoon_start,Weak monsoon starts,co2,CO2,2.6,event_history_2ka,event_history_2ka+co2_co2_scaled_lag,True,3100,96,1,-429.5242188408374,-421.8145164058618,7.709702434975611,0.0024870007854760037,0.003587983699893187,0.11586197364238417,15.419404869951222,8.609960192509416e-05,-13.415527649435262,95.99999088010867,95.99999662879046,0.34460695470863195,True,True,0.0005460078561310755
single_driver_given_y_history,weak_monsoon_start,Weak monsoon starts,pre_phase,Precession phase,2.6,event_history_2ka,event_history_2ka+pre_phase_pre_phase_sin_lag+pre_phase_pre_phase_cos_lag,True,3100,96,2,-429.5242188408374,-424.89425350892304,4.629965331914377,0.0014935372038433474,0.0021547187173679666,0.06957945858167391,9.259930663828754,0.009755097287028764,-5.250881310214936,95.99999088010867,95.99999879180947,0.24411038441109684,True,True,0.06419778173296828
single_driver_given_y_history,weak_monsoon_start,Weak monsoon starts,lr04,LR04,2.8,event_history_2ka,event_history_2ka+lr04_lr04_scaled_lag,True,3100,96,1,-429.5242188408374,-425.35699380391776,4.16722503691966,0.001344266140941826,0.0019393660951717167,0.06262536348992002,8.33445007383932,0.0038900251467341015,-6.3305728533233605,95.99999088010867,95.99999181079787,0.3014019823367081,True,True,0.02619283598800962
single_driver_given_y_history,weak_monsoon_start,Weak monsoon starts,co2,CO2,2.8,event_history_2ka,event_history_2ka+co2_co2_scaled_lag,True,3100,96,1,-429.5242188408374,-421.36357238259853,8.160646458238887,0.002632466599431899,0.003797846508306234,0.1226387934973888,16.321292916477773,5.345986367854911e-05,-14.317415695961813,95.99999088010867,96.00000057025431,0.3515874231237947,True,True,0.0004499538526277883
single_driver_given_y_history,weak_monsoon_start,Weak monsoon starts,pre_phase,Precession phase,2.8,event_history_2ka,event_history_2ka+pre_phase_pre_phase_sin_lag+pre_phase_pre_phase_cos_lag,True,3100,96,2,-429.5242188408374,-424.93919258208166,4.585026258755761,0.0014790407286308907,0.002133804724468585,0.06890411089429806,9.170052517511522,0.010203481853493129,-5.161003163897703,95.99999088010867,95.99999741795324,0.24359861725148854,True,True,0.06419778173296828
single_driver_given_y_history,weak_monsoon_start,Weak monsoon starts,lr04,LR04,3.0,event_history_2ka,event_history_2ka+lr04_lr04_scaled_lag,True,3100,96,1,-429.5242188408374,-425.5639559113159,3.960262929521548,0.0012775041708134025,0.0018430489319474631,0.0595151217608035,7.920525859043096,0.004887706395696696,-5.9166486385271355,95.99999088010867,95.99999263144633,0.2963808101796378,True,True,0.030853646622835396
single_driver_given_y_history,weak_monsoon_start,Weak monsoon starts,co2,CO2,3.0,event_history_2ka,event_history_2ka+co2_co2_scaled_lag,True,3100,96,1,-429.5242188408374,-421.70407722416013,7.82014161667729,0.0025226263279604162,0.0036393804933644285,0.117521661764893,15.64028323335458,7.660517499840347e-05,-13.63640601283862,95.99999088010867,95.99999864617527,0.3457185823827321,True,True,0.0005460078561310755
single_driver_given_y_history,weak_monsoon_start,Weak monsoon starts,pre_phase,Precession phase,3.0,event_history_2ka,event_history_2ka+pre_phase_pre_phase_sin_lag+pre_phase_pre_phase_cos_lag,True,3100,96,2,-429.5242188408374,-424.98442180537234,4.539797035465085,0.0014644506566016404,0.002112755699905773,0.06822440280945725,9.07959407093017,0.010675573096378264,-5.070544717316352,95.99999088010867,95.999992703674,0.2430839748707732,True,True,0.06419778173296828
single_driver_given_y_history,weak_monsoon_start,Weak monsoon starts,lr04,LR04,3.2,event_history_2ka,event_history_2ka+lr04_lr04_scaled_lag,True,3100,96,1,-429.5242188408374,-425.74348150764536,3.7807373331920644,0.0012195926881264723,0.001759500323064502,0.05681719793229121,7.561474666384129,0.005962917976266483,-5.5575974458681685,95.99999088010867,96.00000469675128,0.29196332964183436,True,True,0.035426747976642047
single_driver_given_y_history,weak_monsoon_start,Weak monsoon starts,co2,CO2,3.2,event_history_2ka,event_history_2ka+co2_co2_scaled_lag,True,3100,96,1,-429.5242188408374,-422.18388196100494,7.340336879832478,0.0023678506063975736,0.003416086327415704,0.11031112098946544,14.680673759664955,0.00012734535511112525,-12.676796539148995,95.99999088010867,96.00000575572514,0.3375333507276048,True,True,0.0006769410982222973
single_driver_given_y_history,weak_monsoon_start,Weak monsoon starts,pre_phase,Precession phase,3.2,event_history_2ka,event_history_2ka+pre_phase_pre_phase_sin_lag+pre_phase_pre_phase_cos_lag,True,3100,96,2,-429.5242188408374,-425.03054826942207,4.49367057141535,0.0014495711520694679,0.002091289112506323,0.06753121092468334,8.9873411428307,0.011179533131157663,-4.9782917892168825,95.99999088010867,96.00000085547059,0.2425511355320896,True,True,0.06419778173296828
single_driver_given_y_history,weak_monsoon_start,Weak monsoon starts,lr04,LR04,3.4,event_history_2ka,event_history_2ka+lr04_lr04_scaled_lag,True,3100,96,1,-429.5242188408374,-425.9490939783614,3.5751248624760024,0.0011532660846696782,0.0016638112611783763,0.0537272386422184,7.150249724952005,0.007495354958457628,-5.146372504436044,95.99999088010867,95.99999649874134,0.28692574741151483,True,True,0.042057269489123354
single_driver_given_y_history,weak_monsoon_start,Weak monsoon starts,co2,CO2,3.4,event_history_2ka,event_history_2ka+co2_co2_scaled_lag,True,3100,96,1,-429.5242188408374,-422.374003104825,7.150215736012399,0.00230652120516529,0.003327606704397199,0.10745396649615956,14.300431472024798,0.0001558291564212988,-12.296554251508837,95.99999088010867,95.99999802647962,0.3341232401487169,True,True,0.0007153974908432354
single_driver_given_y_history,weak_monsoon_start,Weak monsoon starts,pre_phase,Precession phase,3.4,event_history_2ka,event_history_2ka+pre_phase_pre_phase_sin_lag+pre_phase_pre_phase_cos_lag,True,3100,96,2,-429.5242188408374,-425.0750585307545,4.4491603100829025,0.0014352130032525491,0.0020705746824118084,0.06686230745288131,8.898320620165805,0.011688377463636329,-4.889271266551987,95.99999088010867,96.00000336174753,0.24203801242714054,True,True,0.06419778173296828
single_driver_given_y_history,weak_monsoon_start,Weak monsoon starts,lr04,LR04,3.6,event_history_2ka,event_history_2ka+lr04_lr04_scaled_lag,True,3100,96,1,-429.5242188408374,-426.22631584444076,3.297902996396658,0.0010638396762569864,0.0015347962252368749,0.04956112810660742,6.595805992793316,0.010221927046031464,-4.591928772277356,95.99999088010867,96.00000311984337,0.28017310200005807,True,True,0.05433761219206199
single_driver_given_y_history,weak_monsoon_start,Weak monsoon starts,co2,CO2,3.6,event_history_2ka,event_history_2ka+co2_co2_scaled_lag,True,3100,96,1,-429.5242188408374,-422.14822583445175,7.37599300638567,0.0023793525827050547,0.00343268017159493,0.11084696387441961,14.75198601277134,0.00012261830195528842,-12.74810879225538,95.99999088010867,95.99999362278392,0.3377113620315194,True,True,0.0006769410982222973
single_driver_given_y_history,weak_monsoon_start,Weak monsoon starts,pre_phase,Precession phase,3.6,event_history_2ka,event_history_2ka+pre_phase_pre_phase_sin_lag+pre_phase_pre_phase_cos_lag,True,3100,96,2,-429.5242188408374,-425.1176992117813,4.406519629056106,0.0014214579448568083,0.0020507303278771353,0.0662215001710325,8.813039258112212,0.012197556562599847,-4.803989904498394,95.99999088010867,95.99999028728426,0.24153945184194991,True,True,0.06419778173296828
single_driver_given_y_history,weak_monsoon_start,Weak monsoon starts,lr04,LR04,3.8,event_history_2ka,event_history_2ka+lr04_lr04_scaled_lag,True,3100,96,1,-429.5242188408374,-426.45546765528815,3.0687511855492744,0.0009899197372739595,0.0014281522958432468,0.046117417886604846,6.137502371098549,0.01323441169402413,-4.1336251505825885,95.99999088010867,95.99999972732057,0.27445069258509724,True,True,0.06683377905482185
single_driver_given_y_history,weak_monsoon_start,Weak monsoon starts,co2,CO2,3.8,event_history_2ka,event_history_2ka+co2_co2_scaled_lag,True,3100,96,1,-429.5242188408374,-422.29525146816803,7.228967372669388,0.002331924958925609,0.003364256573967176,0.10863745186769004,14.457934745338775,0.00014332477939789452,-12.454057524822815,95.99999088010867,95.99999078515023,0.33518788524944676,True,True,0.0007153974908432354
single_driver_given_y_history,weak_monsoon_start,Weak monsoon starts,pre_phase,Precession phase,3.8,event_history_2ka,event_history_2ka+pre_phase_pre_phase_sin_lag+pre_phase_pre_phase_cos_lag,True,3100,96,2,-429.5242188408374,-425.16203578807017,4.36218305276725,0.0014071558234733065,0.0020300967282829646,0.06555520685080407,8.7243661055345,0.01275052218197607,-4.715316751920682,95.99999088010867,96.00000622602965,0.2410205711729582,True,True,0.06419778173296828
single_driver_given_y_history,weak_monsoon_start,Weak monsoon starts,lr04,LR04,4.0,event_history_2ka,event_history_2ka+lr04_lr04_scaled_lag,True,3100,96,1,-429.5242188408374,-426.60356346786676,2.920655372970657,0.0009421468945066636,0.001359230652493701,0.04389182315344242,5.841310745941314,0.01565416082417775,-3.8374335254253538,95.99999088010867,95.9999987407104,0.26966371543252715,True,True,0.07528905920199776
single_driver_given_y_history,weak_monsoon_start,Weak monsoon starts,co2,CO2,4.0,event_history_2ka,event_history_2ka+co2_co2_scaled_lag,True,3100,96,1,-429.5242188408374,-422.1822759587328,7.341942882104604,0.0023683686716466463,0.003416833737581399,0.11033525610939933,14.683885764209208,0.00012712854826999015,-12.680008543693248,95.99999088010867,96.00000338101768,0.3369810612198285,True,True,0.0006769410982222973
single_driver_given_y_history,weak_monsoon_start,Weak monsoon starts,pre_phase,Precession phase,4.0,event_history_2ka,event_history_2ka+pre_phase_pre_phase_sin_lag+pre_phase_pre_phase_cos_lag,True,3100,96,2,-429.5242188408374,-425.20809131427075,4.3161275265666745,0.001392299202118282,0.002008663154329706,0.0648630810252301,8.632255053133349,0.013351486839840205,-4.623205699519531,95.99999088010867,96.00000154076153,0.24048015985218735,True,True,0.06419778173296828
single_driver_given_y_history,weak_monsoon_start,Weak monsoon starts,lr04,LR04,4.2,event_history_2ka,event_history_2ka+lr04_lr04_scaled_lag,True,3100,96,1,-429.5242188408374,-426.79295548772575,2.7312633531116717,0.0008810526945521521,0.0012710903531922486,0.041045625988499694,5.462526706223343,0.019428532943579536,-3.458649485707383,95.99999088010867,96.00000450629432,0.26351452062280706,True,True,0.08919462851370606
single_driver_given_y_history,weak_monsoon_start,Weak monsoon starts,co2,CO2,4.2,event_history_2ka,event_history_2ka+co2_co2_scaled_lag,True,3100,96,1,-429.5242188408374,-422.3511887208758,7.173030119961595,0.002313880683858579,0.0033382241878115353,0.10779682273141417,14.34606023992319,0.00015209763759765414,-12.34218301940723,95.99999088010867,96.00000219424297,0.3340804874248336,True,True,0.0007153974908432354
single_driver_given_y_history,weak_monsoon_start,Weak monsoon starts,pre_phase,Precession phase,4.2,event_history_2ka,event_history_2ka+pre_phase_pre_phase_sin_lag+pre_phase_pre_phase_cos_lag,True,3100,96,2,-429.5242188408374,-425.25435415602533,4.269864684812092,0.001377375704778094,0.0019871330987242973,0.06416783964630543,8.539729369624183,0.013983675228963387,-4.530680016010365,95.99999088010867,95.99999210458972,0.2399345874198996,True,True,0.06419778173296828
single_driver_given_y_history,weak_monsoon_start,Weak monsoon starts,lr04,LR04,4.4,event_history_2ka,event_history_2ka+lr04_lr04_scaled_lag,True,3100,96,1,-429.5242188408374,-426.9927578900256,2.5314609508118338,0.0008166003067134948,0.0011781052128839655,0.03804298083271138,5.0629219016236675,0.02444299450147829,-3.059044681107707,95.99999088010867,96.00000794797268,0.2584653148413502,True,True,0.10733662802823075
single_driver_given_y_history,weak_monsoon_start,Weak monsoon starts,co2,CO2,4.4,event_history_2ka,event_history_2ka+co2_co2_scaled_lag,True,3100,96,1,-429.5242188408374,-422.70658136252734,6.8176374783100755,0.0021992378962290564,0.003172829606624737,0.10245595604725712,13.635274956620151,0.0002219753541463731,-11.63139773610419,95.99999088010867,96.00000638246024,0.32803990571169406,True,True,0.0009747613377732036
single_driver_given_y_history,weak_monsoon_start,Weak monsoon starts,pre_phase,Precession phase,4.4,event_history_2ka,event_history_2ka+pre_phase_pre_phase_sin_lag+pre_phase_pre_phase_cos_lag,True,3100,96,2,-429.5242188408374,-425.3008754666506,4.223343374186811,0.0013623688303828422,0.0019654827554550242,0.06346871397823516,8.446686748373622,0.014649583496638216,-4.437637394759804,95.99999088010867,96.0000040447333,0.23938286965147057,True,True,0.06433077970262868
single_driver_given_y_history,weak_monsoon_start,Weak monsoon starts,lr04,LR04,4.6,event_history_2ka,event_history_2ka+lr04_lr04_scaled_lag,True,3100,96,1,-429.5242188408374,-427.1665395422966,2.357679298540802,0.0007605417092067103,0.001097229752261737,0.03543137741678526,4.715358597081604,0.029894330001307947,-2.7114813765656436,95.99999088010867,96.00000080106983,0.25397638929913574,True,True,0.12580530542217094
single_driver_given_y_history,weak_monsoon_start,Weak monsoon starts,co2,CO2,4.6,event_history_2ka,event_history_2ka+co2_co2_scaled_lag,True,3100,96,1,-429.5242188408374,-423.216248032321,6.307970808516416,0.0020348292930698116,0.0029356381301674124,0.0947966479533227,12.615941617032831,0.0003824708218665386,-10.612064396516871,95.99999088010867,95.9999980846649,0.31932786913873495,True,True,0.0016095647086883502
single_driver_given_y_history,weak_monsoon_start,Weak monsoon starts,pre_phase,Precession phase,4.6,event_history_2ka,event_history_2ka+pre_phase_pre_phase_sin_lag+pre_phase_pre_phase_cos_lag,True,3100,96,2,-429.5242188408374,-425.3482056177668,4.17601322307064,0.0013471010397002065,0.0019434559895518547,0.06275743299594531,8.35202644614128,0.01535962104570343,-4.3429770925274624,95.99999088010867,96.00000969535805,0.238819303076721,True,True,0.06463840523400192
single_driver_given_y_history,weak_monsoon_start,Weak monsoon starts,lr04,LR04,4.8,event_history_2ka,event_history_2ka+lr04_lr04_scaled_lag,True,3100,96,1,-429.5242188408374,-427.39557039299865,2.1286484478387706,0.0006866607896254098,0.0009906421159654787,0.03198948499471858,4.257296895677541,0.039082063148447095,-2.253419675161581,95.99999088010867,96.00000593365678,0.2487477038761089,True,True,0.15789153511972626
single_driver_given_y_history,weak_monsoon_start,Weak monsoon starts,co2,CO2,4.8,event_history_2ka,event_history_2ka+co2_co2_scaled_lag,True,3100,96,1,-429.5242188408374,-423.68374679888586,5.840472041951557,0.001884023239339212,0.0027180709843142416,0.08777104220181405,11.680944083903114,0.000631434845574741,-9.677066863387154,95.99999088010867,95.99999797492671,0.31116889560061795,True,True,0.002550996776121954
single_driver_given_y_history,weak_monsoon_start,Weak monsoon starts,pre_phase,Precession phase,4.8,event_history_2ka,event_history_2ka+pre_phase_pre_phase_sin_lag+pre_phase_pre_phase_cos_lag,True,3100,96,2,-429.5242188408374,-425.3954184824549,4.128800358382534,0.0013318710833492046,0.0019214838070513087,0.06204791460269851,8.257600716765069,0.01610218409073897,-4.24855136315125,95.99999088010867,95.9999965519602,0.2382513693026711,True,True,0.06505282372658544
single_driver_given_y_history,weak_monsoon_start,Weak monsoon starts,lr04,LR04,5.0,event_history_2ka,event_history_2ka+lr04_lr04_scaled_lag,True,3100,96,1,-429.5242188408374,-427.6389125484036,1.8853062924338246,0.0006081633201399434,0.0008773942060164634,0.0283325212359483,3.7706125848676493,0.05216052654176099,-1.766735364351689,95.99999088010867,95.99999840087305,0.24284474323823538,True,True,0.20262358387376384
single_driver_given_y_history,weak_monsoon_start,Weak monsoon starts,co2,CO2,5.0,event_history_2ka,event_history_2ka+co2_co2_scaled_lag,True,3100,96,1,-429.5242188408374,-424.0465307335504,5.477688107287008,0.0017669961636409704,0.0025492366025546514,0.08231909862416062,10.955376214574017,0.0009333242065468947,-8.951498994058056,95.99999088010867,95.99999142016462,0.3045580161792108,True,True,0.0036256055715860143
single_driver_given_y_history,weak_monsoon_start,Weak monsoon starts,pre_phase,Precession phase,5.0,event_history_2ka,event_history_2ka+pre_phase_pre_phase_sin_lag+pre_phase_pre_phase_cos_lag,True,3100,96,2,-429.5242188408374,-425.442270770562,4.081948070275416,0.0013167574420243277,0.0018996794316621345,0.061343814980756424,8.163896140550833,0.01687456078234066,-4.154846786937014,95.99999088010867,95.99999106028045,0.23768866470100752,True,True,0.06555117842370796
single_driver_given_y_history,weak_monsoon_start,Weak monsoon starts,lr04,LR04,5.2,event_history_2ka,event_history_2ka+lr04_lr04_scaled_lag,True,3100,96,1,-429.5242188408374,-427.82102412856364,1.7031947122737847,0.0005494176491205757,0.0007926421177631271,0.025595735052767646,3.4063894245475694,0.06494439942368627,-1.4025122040316091,95.99999088010867,96.00000067952729,0.23798001932007054,True,True,0.24294016080712272
single_driver_given_y_history,weak_monsoon_start,Weak monsoon starts,co2,CO2,5.2,event_history_2ka,event_history_2ka+co2_co2_scaled_lag,True,3100,96,1,-429.5242188408374,-424.3853184251358,5.138900415701642,0.0016577098115166586,0.0023915697243080615,0.07722777234744782,10.277800831403283,0.0013464033068525739,-8.273923610887323,95.99999088010867,95.99999951676767,0.2983201902277589,True,True,0.005036545703411479
single_driver_given_y_history,weak_monsoon_start,Weak monsoon starts,pre_phase,Precession phase,5.2,event_history_2ka,event_history_2ka+pre_phase_pre_phase_sin_lag+pre_phase_pre_phase_cos_lag,True,3100,96,2,-429.5242188408374,-425.4897186804022,4.034500160435243,0.00130145166465653,0.0018775978625566621,0.060630764311725545,8.069000320870487,0.01769452232548932,-4.059950967256668,95.99999088010867,95.99999765897482,0.2371126464922656,True,True,0.0661906205509045
single_driver_given_y_history,weak_monsoon_start,Weak monsoon starts,lr04,LR04,5.4,event_history_2ka,event_history_2ka+lr04_lr04_scaled_lag,True,3100,96,1,-429.5242188408374,-428.00481159864904,1.5194072421883789,0.0004901313684478641,0.000707110094643855,0.022833763472874483,3.0388144843767577,0.08129526753601195,-1.0349372638607974,95.99999088010867,95.99999967021208,0.2325750814487395,True,True,0.2932436436120431
single_driver_given_y_history,weak_monsoon_start,Weak monsoon starts,co2,CO2,5.4,event_history_2ka,event_history_2ka+co2_co2_scaled_lag,True,3100,96,1,-429.5242188408374,-424.8668692030679,4.657349637769528,0.0015023708508933962,0.0021674629761600345,0.06999099193850113,9.314699275539056,0.0022732268700984084,-7.310822055023095,95.99999088010867,95.99999471535168,0.2894695088923477,True,True,0.008199854067140687
single_driver_given_y_history,weak_monsoon_start,Weak monsoon starts,pre_phase,Precession phase,5.4,event_history_2ka,event_history_2ka+pre_phase_pre_phase_sin_lag+pre_phase_pre_phase_cos_lag,True,3100,96,2,-429.5242188408374,-425.53936074105366,3.9848580997837644,0.00128543809670444,0.0018544951674852436,0.05988473978337766,7.969716199567529,0.018595082781802073,-3.9606668459537104,95.99999088010867,96.0000000969967,0.2365105428209114,True,True,0.06707512003435748
single_driver_given_y_history,weak_monsoon_start,Weak monsoon starts,lr04,LR04,5.6,event_history_2ka,event_history_2ka+lr04_lr04_scaled_lag,True,3100,96,1,-429.5242188408374,-428.17229174471237,1.3519270961250527,0.0004361055148790492,0.0006291672636203324,0.02031685955440657,2.7038541922501054,0.10010598141738236,-0.6999769717341451,95.99999088010867,96.00000223918022,0.2274695176902963,True,True,0.3192024316181566
single_driver_given_y_history,weak_monsoon_start,Weak monsoon starts,co2,CO2,5.6,event_history_2ka,event_history_2ka+co2_co2_scaled_lag,True,3100,96,1,-429.5242188408374,-425.02083721253007,4.503381628307352,0.0014527037510668878,0.002095808497544994,0.06767714939989043,9.006763256614704,0.002689823566980463,-7.002886036098744,95.99999088010867,95.999991783519,0.28635090424048915,True,True,0.009368006216035406
single_driver_given_y_history,weak_monsoon_start,Weak monsoon starts,pre_phase,Precession phase,5.6,event_history_2ka,event_history_2ka+pre_phase_pre_phase_sin_lag+pre_phase_pre_phase_cos_lag,True,3100,96,2,-429.5242188408374,-425.59016871162686,3.9340501292105614,0.0012690484287776005,0.0018308498748453752,0.05912119387521524,7.868100258421123,0.01956427403671534,-3.8590509048073045,95.99999088010867,96.00000314625845,0.2358898138979949,True,True,0.06813764405890514
single_driver_given_y_history,weak_monsoon_start,Weak monsoon starts,lr04,LR04,5.8,event_history_2ka,event_history_2ka+lr04_lr04_scaled_lag,True,3100,96,1,-429.5242188408374,-428.2641010177236,1.2601178231138306,0.0004064896203593002,0.0005864405594651998,0.018937143066063745,2.520235646227661,0.11239378797324878,-0.5163584257117009,95.99999088010867,95.99999894333845,0.22451412739841006,True,True,0.3192024316181566
single_driver_given_y_history,weak_monsoon_start,Weak monsoon starts,co2,CO2,5.8,event_history_2ka,event_history_2ka+co2_co2_scaled_lag,True,3100,96,1,-429.5242188408374,-425.23613572946476,4.288083111372657,0.0013832526165718248,0.0019956116902248547,0.06444162749684426,8.576166222745314,0.0034059173659492783,-6.572289002229354,95.99999088010867,95.99999737447489,0.2820682588095051,True,True,0.011466588465362571
single_driver_given_y_history,weak_monsoon_start,Weak monsoon starts,pre_phase,Precession phase,5.8,event_history_2ka,event_history_2ka+pre_phase_pre_phase_sin_lag+pre_phase_pre_phase_cos_lag,True,3100,96,2,-429.5242188408374,-425.6417825324445,3.8824363083929256,0.0012523988091590083,0.0018068295511889446,0.05834553759047634,7.764872616785851,0.020600574640764428,-3.755823263172033,95.99999088010867,96.00000151530946,0.235255291237736,True,True,0.06935526795724024
single_driver_given_y_history,weak_monsoon_start,Weak monsoon starts,lr04,LR04,6.0,event_history_2ka,event_history_2ka+lr04_lr04_scaled_lag,True,3100,96,1,-429.5242188408374,-428.3395883451539,1.184630495683507,0.00038213886957532485,0.0005513098520672355,0.01780271397300448,2.369260991367014,0.12374561949597047,-0.36538377085105367,95.99999088010867,96.00000110053602,0.22201136051348444,True,True,0.3192024316181566
single_driver_given_y_history,weak_monsoon_start,Weak monsoon starts,co2,CO2,6.0,event_history_2ka,event_history_2ka+co2_co2_scaled_lag,True,3100,96,1,-429.5242188408374,-425.2983555766756,4.225863264161831,0.0013631816981167196,0.0019666554757035875,0.06350658306959502,8.451726528323661,0.0036469706139837512,-6.447849307807701,95.99999088010867,95.99999801845975,0.28058976477791187,True,True,0.011882065548785771
single_driver_given_y_history,weak_monsoon_start,Weak monsoon starts,pre_phase,Precession phase,6.0,event_history_2ka,event_history_2ka+pre_phase_pre_phase_sin_lag+pre_phase_pre_phase_cos_lag,True,3100,96,2,-429.5242188408374,-425.69329794417513,3.830920896662292,0.0012357809344071909,0.0017828550256943838,0.057571360204714477,7.661841793324584,0.021689632519877267,-3.6527924397107654,95.99999088010867,96.00000551883164,0.23461735142298035,True,True,0.07066622208089045
single_driver_given_y_history,weak_monsoon_start,Weak monsoon starts,lr04,LR04,6.2,event_history_2ka,event_history_2ka+lr04_lr04_scaled_lag,True,3100,96,1,-429.5242188408374,-428.42445387247426,1.0997649683631607,0.00035476289302037445,0.0005118146664519161,0.016527348604176456,2.1995299367263215,0.13805283013012423,-0.19565271621036118,95.99999088010867,95.99999670535107,0.21916469833094088,True,True,0.3192024316181566
single_driver_given_y_history,weak_monsoon_start,Weak monsoon starts,co2,CO2,6.2,event_history_2ka,event_history_2ka+co2_co2_scaled_lag,True,3100,96,1,-429.5242188408374,-425.56885497724943,3.9553638635879906,0.001275923826963868,0.0018407689777128402,0.0594414982386438,7.910727727175981,0.004914249684796769,-5.906850506660021,95.99999088010867,96.00000657262838,0.2753122831065158,True,True,0.015510600567639801
single_driver_given_y_history,weak_monsoon_start,Weak monsoon starts,pre_phase,Precession phase,6.2,event_history_2ka,event_history_2ka+pre_phase_pre_phase_sin_lag+pre_phase_pre_phase_cos_lag,True,3100,96,2,-429.5242188408374,-425.7425686345545,3.7816502062829045,0.001219887163317066,0.001759925160961636,0.05683091665605283,7.563300412565809,0.02278506033438135,-3.5542510589519907,95.99999088010867,95.99999986934426,0.23400207860674777,True,True,0.07191534668039114
single_driver_given_y_history,weak_monsoon_start,Weak monsoon starts,lr04,LR04,6.4,event_history_2ka,event_history_2ka+lr04_lr04_scaled_lag,True,3100,96,1,-429.5242188408374,-428.47372934844293,1.0504894923944903,0.00033886757819177107,0.0004888825745753212,0.01578683313732808,2.1009789847889806,0.14720486064313454,-0.09710176427302031,95.99999088010867,95.99999745696141,0.2174135471465935,True,True,0.3192024316181566
single_driver_given_y_history,weak_monsoon_start,Weak monsoon starts,co2,CO2,6.4,event_history_2ka,event_history_2ka+co2_co2_scaled_lag,True,3100,96,1,-429.5242188408374,-425.6358301464117,3.888388694425714,0.0012543189336857142,0.0018095997053215126,0.05843499048434051,7.776777388851428,0.005292212028669178,-5.772900168335468,95.99999088010867,95.99999950165932,0.27378478482419283,True,True,0.01619737620895718
single_driver_given_y_history,weak_monsoon_start,Weak monsoon starts,pre_phase,Precession phase,6.4,event_history_2ka,event_history_2ka+pre_phase_pre_phase_sin_lag+pre_phase_pre_phase_cos_lag,True,3100,96,2,-429.5242188408374,-425.7900855136847,3.7341333271527333,0.0012045591377912042,0.001737811494548856,0.056116829511473475,7.4682666543054665,0.023893870266311082,-3.4592173006916482,95.99999088010867,96.00000222010848,0.23340363363307018,True,True,0.07312972414840664
single_driver_given_y_history,weak_monsoon_start,Weak monsoon starts,lr04,LR04,6.6,event_history_2ka,event_history_2ka+lr04_lr04_scaled_lag,True,3100,96,1,-429.5242188408374,-428.48383152335407,1.0403873174833507,0.00033560881209140344,0.00048418116888290373,0.015635016911843765,2.0807746349667013,0.1491644608304898,-0.07689741445074105,95.99999088010867,95.99999417585973,0.21692270279647263,True,True,0.3192024316181566
single_driver_given_y_history,weak_monsoon_start,Weak monsoon starts,co2,CO2,6.6,event_history_2ka,event_history_2ka+co2_co2_scaled_lag,True,3100,96,1,-429.5242188408374,-425.96781041298755,3.556408427849874,0.0011472285251128626,0.0016551009039466864,0.053445966689945085,7.112816855699748,0.007653475189070892,-5.108939635183788,95.99999088010867,96.00000394561597,0.2672887286097106,True,True,0.022735323355769416
single_driver_given_y_history,weak_monsoon_start,Weak monsoon starts,pre_phase,Precession phase,6.6,event_history_2ka,event_history_2ka+pre_phase_pre_phase_sin_lag+pre_phase_pre_phase_cos_lag,True,3100,96,2,-429.5242188408374,-425.83490945935995,3.6893093814774716,0.0011900998004766036,0.0017169510803105412,0.055443211968361224,7.378618762954943,0.02498925412604977,-3.369569409341125,95.99999088010867,95.99999792004415,0.23283594546663683,True,True,0.07423278431561843
single_driver_given_y_history,weak_monsoon_start,Weak monsoon starts,lr04,LR04,6.8,event_history_2ka,event_history_2ka+lr04_lr04_scaled_lag,True,3100,96,1,-429.5242188408374,-428.5260471732055,0.9981716676319365,0.0003219908605264311,0.0004645346176930521,0.015000597029671473,1.996343335263873,0.15767920522709153,0.007533885252087202,95.99999088010867,96.00000706052063,0.21539364952381895,True,True,0.3192024316181566
single_driver_given_y_history,weak_monsoon_start,Weak monsoon starts,co2,CO2,6.8,event_history_2ka,event_history_2ka+co2_co2_scaled_lag,True,3100,96,1,-429.5242188408374,-426.0953048431935,3.4289139976439174,0.001106101289562554,0.001595766845172784,0.05152997104203782,6.857827995287835,0.00882537624075451,-4.853950774771874,95.99999088010867,95.99999948988686,0.2646105199180353,True,True,0.025467514294748726
single_driver_given_y_history,weak_monsoon_start,Weak monsoon starts,pre_phase,Precession phase,6.8,event_history_2ka,event_history_2ka+pre_phase_pre_phase_sin_lag+pre_phase_pre_phase_cos_lag,True,3100,96,2,-429.5242188408374,-425.879712841837,3.644505999000444,0.001175647096451756,0.0016961002358864574,0.05476990345050018,7.289011998000888,0.02613431704431588,-3.2799626443870693,95.99999088010867,95.99999569330933,0.2322657209387597,True,True,0.07541617204216869
single_driver_given_y_history,weak_monsoon_start,Weak monsoon starts,lr04,LR04,7.0,event_history_2ka,event_history_2ka+lr04_lr04_scaled_lag,True,3100,96,1,-429.5242188408374,-428.5989123527414,0.9253064880959982,0.0002984859639019349,0.00043062421989628364,0.013905573767484159,1.8506129761919965,0.17371211842984405,0.1532642443239638,95.99999088010867,96.00000785752661,0.21283664329414903,True,True,0.3192024316181566
single_driver_given_y_history,weak_monsoon_start,Weak monsoon starts,co2,CO2,7.0,event_history_2ka,event_history_2ka+co2_co2_scaled_lag,True,3100,96,1,-429.5242188408374,-426.5095473243226,3.0146715165147953,0.0009724746827467081,0.0014029844021887438,0.04530470465401152,6.0293430330295905,0.014069969006297386,-4.02546581251363,95.99999088010867,96.00001131727339,0.2561883304893779,True,True,0.03840721269286584
single_driver_given_y_history,weak_monsoon_start,Weak monsoon starts,pre_phase,Precession phase,7.0,event_history_2ka,event_history_2ka+pre_phase_pre_phase_sin_lag+pre_phase_pre_phase_cos_lag,True,3100,96,2,-429.5242188408374,-425.92385186190904,3.6003669789283776,0.0011614087028801218,0.0016755585760904355,0.05410657901958698,7.200733957856755,0.02731369705657565,-3.191684604242937,95.99999088010867,95.99999868268497,0.23170150540971385,True,True,0.07663009451983724
single_driver_given_y_history,weak_monsoon_start,Weak monsoon starts,lr04,LR04,7.2,event_history_2ka,event_history_2ka+lr04_lr04_scaled_lag,True,3100,96,1,-429.5242188408374,-428.66007089334425,0.8641479474931657,0.00027875740241715025,0.00040216192207831176,0.012986478733778818,1.7282958949863314,0.18862867388597837,0.2755813255296289,95.99999088010867,96.00001716522067,0.2106318045996508,True,True,0.3192024316181566
single_driver_given_y_history,weak_monsoon_start,Weak monsoon starts,co2,CO2,7.2,event_history_2ka,event_history_2ka+co2_co2_scaled_lag,True,3100,96,1,-429.5242188408374,-426.6678398812883,2.856378959549147,0.000921412567596499,0.001329317341884236,0.04292587249834512,5.712757919098294,0.016842059825162396,-3.708880698582334,95.99999088010867,96.00000911618932,0.25266750838801527,True,True,0.044764422166879
single_driver_given_y_history,weak_monsoon_start,Weak monsoon starts,pre_phase,Precession phase,7.2,event_history_2ka,event_history_2ka+pre_phase_pre_phase_sin_lag+pre_phase_pre_phase_cos_lag,True,3100,96,2,-429.5242188408374,-425.9671177750514,3.5571010657860143,0.001147451956705166,0.0016554232475968803,0.05345637570364926,7.1142021315720285,0.028521386609085358,-3.10515277795821,95.99999088010867,96.00000453152866,0.23114574143476882,True,True,0.07785567695993571
single_driver_given_y_history,weak_monsoon_start,Weak monsoon starts,lr04,LR04,7.4,event_history_2ka,event_history_2ka+lr04_lr04_scaled_lag,True,3100,96,1,-429.5242188408374,-428.7441981404013,0.7800207004361255,0.00025161958078584695,0.0003630103213903013,0.011722208294895146,1.560041400872251,0.21165915848900602,0.44383581964370933,95.99999088010867,95.99999401689519,0.20757233878333947,True,True,0.3239026516271153
single_driver_given_y_history,weak_monsoon_start,Weak monsoon starts,co2,CO2,7.4,event_history_2ka,event_history_2ka+co2_co2_scaled_lag,True,3100,96,1,-429.5242188408374,-426.7582895930854,2.7659292477520125,0.0008922352412103267,0.0012872233578005063,0.04156658759564135,5.531858495504025,0.01867326055582486,-3.527981274988065,95.99999088010867,96.000010378729,0.24705115184790727,True,True,0.04633522444483249
single_driver_given_y_history,weak_monsoon_start,Weak monsoon starts,pre_phase,Precession phase,7.4,event_history_2ka,event_history_2ka+pre_phase_pre_phase_sin_lag+pre_phase_pre_phase_cos_lag,True,3100,96,2,-429.5242188408374,-426.0097386396344,3.514480201203014,0.0011337032907106498,0.0016355881153477534,0.0528158662247712,7.028960402406028,0.029763269845773647,-3.01991104879221,95.99999088010867,96.00000807356413,0.23059703224135267,True,True,0.07910763827429312
single_driver_given_y_history,weak_monsoon_start,Weak monsoon starts,lr04,LR04,7.6,event_history_2ka,event_history_2ka+lr04_lr04_scaled_lag,True,3100,96,1,-429.5242188408374,-428.8413081065082,0.682910734329198,0.00022029378526748324,0.00031781675154405627,0.010262832601943482,1.365821468658396,0.24253111260518964,0.6380557518575642,95.99999088010867,96.00000627836393,0.20392204691472507,True,True,0.33102219423140744
single_driver_given_y_history,weak_monsoon_start,Weak monsoon starts,co2,CO2,7.6,event_history_2ka,event_history_2ka+co2_co2_scaled_lag,True,3100,96,1,-429.5242188408374,-426.4955171281248,3.028701712712632,0.0009770005524879458,0.0014095138520201368,0.04551555147148358,6.057403425425264,0.013848114983407097,-4.0535262049093035,95.99999088010867,96.0000052748167,0.2490039944425806,True,True,0.03840721269286584
single_driver_given_y_history,weak_monsoon_start,Weak monsoon starts,pre_phase,Precession phase,7.6,event_history_2ka,event_history_2ka+pre_phase_pre_phase_sin_lag+pre_phase_pre_phase_cos_lag,True,3100,96,2,-429.5242188408374,-426.05198229340397,3.472236547433454,0.0011200763056236948,0.0016159285315405355,0.052181025497663125,6.944473094866908,0.031047513713951803,-2.9354237412530892,95.99999088010867,96.000004221632,0.23005080680492024,True,True,0.08040509961818287
single_driver_given_y_history,weak_monsoon_start,Weak monsoon starts,lr04,LR04,7.8,event_history_2ka,event_history_2ka+lr04_lr04_scaled_lag,True,3100,96,1,-429.5242188408374,-428.90067262684965,0.6235462139877654,0.00020114393999605336,0.0002901893647371734,0.009370698236304558,1.2470924279755309,0.2641085352197223,0.7567847925404294,95.99999088010867,96.00000029036447,0.20156458766405497,True,True,0.34617916939490584
single_driver_given_y_history,weak_monsoon_start,Weak monsoon starts,co2,CO2,7.8,event_history_2ka,event_history_2ka+co2_co2_scaled_lag,True,3100,96,1,-429.5242188408374,-426.735330682749,2.7888881580884117,0.0008996413413188425,0.0012979081016993893,0.04191161578404278,5.5777763161768235,0.01818980443173064,-3.573899095660863,95.99999088010867,96.00000347762857,0.24264989987189764,True,True,0.04633522444483249
single_driver_given_y_history,weak_monsoon_start,Weak monsoon starts,pre_phase,Precession phase,7.8,event_history_2ka,event_history_2ka+pre_phase_pre_phase_sin_lag+pre_phase_pre_phase_cos_lag,True,3100,96,2,-429.5242188408374,-426.09352997645004,3.4306888643873776,0.0011066738272217348,0.0015965928424144062,0.05155664386963187,6.861377728774755,0.03236463824538291,-2.852328375160937,95.99999088010867,96.00000310966871,0.22951158871370456,True,True,0.08172071156959185
single_driver_given_y_history,weak_monsoon_start,Weak monsoon starts,lr04,LR04,8.0,event_history_2ka,event_history_2ka+lr04_lr04_scaled_lag,True,3100,96,1,-429.5242188408374,-428.9178074723974,0.6064113684400354,0.00019561657046452755,0.00028221505612488034,0.009113194520699261,1.2128227368800708,0.2707738057643323,0.7910544836358895,95.99999088010867,96.00001570194081,0.20080142936627957,True,True,0.34617916939490584
single_driver_given_y_history,weak_monsoon_start,Weak monsoon starts,co2,CO2,8.0,event_history_2ka,event_history_2ka+co2_co2_scaled_lag,True,3100,96,1,-429.5242188408374,-427.0180591751765,2.5061596656609026,0.0008084386018260976,0.0011663303617177184,0.03766275126380132,5.012319331321805,0.02516756733739349,-3.008442110805845,95.99999088010867,96.00000249634225,0.2373193256348536,True,True,0.05081695989393541
single_driver_given_y_history,weak_monsoon_start,Weak monsoon starts,pre_phase,Precession phase,8.0,event_history_2ka,event_history_2ka+pre_phase_pre_phase_sin_lag+pre_phase_pre_phase_cos_lag,True,3100,96,2,-429.5242188408374,-426.13459487352543,3.389623967311991,0.0010934270862296743,0.0015774818348772202,0.050939517584576904,6.779247934623982,0.033721354847468216,-2.7701985810101633,95.99999088010867,96.00000590682458,0.22897705691278933,True,True,0.08306967901449487
single_driver_given_y_history,weak_monsoon_start,Weak monsoon starts,lr04,LR04,8.2,event_history_2ka,event_history_2ka+lr04_lr04_scaled_lag,True,3100,96,1,-429.5242188408374,-428.91122124945304,0.612997591384385,0.00019774115851109195,0.0002852801887635908,0.00921217276215762,1.22599518276877,0.26818729575711725,0.7778820377471902,95.99999088010867,96.0000056222564,0.20096223991953344,True,True,0.34617916939490584
single_driver_given_y_history,weak_monsoon_start,Weak monsoon starts,co2,CO2,8.2,event_history_2ka,event_history_2ka+co2_co2_scaled_lag,True,3100,96,1,-429.5242188408374,-426.7646416323077,2.75957720852972,0.0008901861962999097,0.0012842672108696889,0.041471128684333704,5.51915441705944,0.01880934853701121,-3.5152771965434795,95.99999088010867,96.00000884329661,0.24350895322431662,True,True,0.04633522444483249
single_driver_given_y_history,weak_monsoon_start,Weak monsoon starts,pre_phase,Precession phase,8.2,event_history_2ka,event_history_2ka+pre_phase_pre_phase_sin_lag+pre_phase_pre_phase_cos_lag,True,3100,96,2,-429.5242188408374,-426.17515605677966,3.3490627840577645,0.0010803428335670207,0.0015586052484470717,0.050329961147770025,6.698125568115529,0.03511725113023358,-2.6890762145017106,95.99999088010867,95.99999826168145,0.2284440298252801,True,True,0.08444862771794266
single_driver_given_y_history,weak_monsoon_start,Weak monsoon starts,lr04,LR04,8.4,event_history_2ka,event_history_2ka+lr04_lr04_scaled_lag,True,3100,96,1,-429.5242188408374,-428.8778361545118,0.6463826863256372,0.00020851054397601202,0.00030081712776725266,0.0097138864174842,1.2927653726512744,0.2555389524977567,0.7111118478646858,95.99999088010867,96.00000154536194,0.20214987416001323,True,True,0.34412578936364574
single_driver_given_y_history,weak_monsoon_start,Weak monsoon starts,co2,CO2,8.4,event_history_2ka,event_history_2ka+co2_co2_scaled_lag,True,3100,96,1,-429.5242188408374,-426.82109426807733,2.703124572760089,0.0008719756686322868,0.001257994972911638,0.04062275433360498,5.406249145520178,0.020064784304926146,-3.4023719250042177,95.99999088010867,96.00000755840236,0.24232706577919227,True,True,0.04825102892375097
single_driver_given_y_history,weak_monsoon_start,Weak monsoon starts,pre_phase,Precession phase,8.4,event_history_2ka,event_history_2ka+pre_phase_pre_phase_sin_lag+pre_phase_pre_phase_cos_lag,True,3100,96,2,-429.5242188408374,-426.21529294589993,3.308925894937488,0.001067395449979835,0.0015399261223533515,0.049726781034326976,6.617851789874976,0.036555417032762265,-2.6088024362611577,95.99999088010867,96.00000040465544,0.22791488539697422,True,True,0.08586272372811603
single_driver_given_y_history,weak_monsoon_start,Weak monsoon starts,lr04,LR04,8.6,event_history_2ka,event_history_2ka+lr04_lr04_scaled_lag,True,3100,96,1,-429.5242188408374,-428.8380133586242,0.6862054822132109,0.00022135660716555188,0.0003193500794257481,0.010312346314789783,1.3724109644264217,0.24139807824400902,0.6314662560895385,95.99999088010867,96.00000231228822,0.20355145433463404,True,True,0.33102219423140744
single_driver_given_y_history,weak_monsoon_start,Weak monsoon starts,co2,CO2,8.6,event_history_2ka,event_history_2ka+co2_co2_scaled_lag,True,3100,96,1,-429.5242188408374,-427.034828052491,2.489390788346441,0.000803029286563368,0.0011585263694135733,0.03741074734564664,4.978781576692882,0.025660049055353525,-2.9749043561769213,95.99999088010867,96.00000876816405,0.23819492368463446,True,True,0.05081695989393541
single_driver_given_y_history,weak_monsoon_start,Weak monsoon starts,pre_phase,Precession phase,8.6,event_history_2ka,event_history_2ka+pre_phase_pre_phase_sin_lag+pre_phase_pre_phase_cos_lag,True,3100,96,2,-429.5242188408374,-426.2550293874641,3.269189453373315,0.00105457724302365,0.0015214333587445748,0.0491296188761269,6.53837890674663,0.03803724554464841,-2.5293295531328113,95.99999088010867,96.0000010403836,0.22739445684594561,True,True,0.08731276818203385
single_driver_given_y_history,weak_monsoon_start,Weak monsoon starts,lr04,LR04,8.8,event_history_2ka,event_history_2ka+lr04_lr04_scaled_lag,True,3100,96,1,-429.5242188408374,-428.8091455347835,0.7150733060539096,0.00023066880840448697,0.0003327847459729198,0.010746174088708869,1.4301466121078192,0.2317405128038277,0.573730608408141,95.99999088010867,95.99999808024731,0.2045232464929673,True,True,0.3296590393406563
single_driver_given_y_history,weak_monsoon_start,Weak monsoon starts,co2,CO2,8.8,event_history_2ka,event_history_2ka+co2_co2_scaled_lag,True,3100,96,1,-429.5242188408374,-426.98361206909044,2.5406067717469796,0.0008195505715312837,0.0011823615453058988,0.03818042490050298,5.081213543493959,0.024186435646360027,-3.077336322977999,95.99999088010867,96.00000466891105,0.23974555864669464,True,True,0.05081695989393541
single_driver_given_y_history,weak_monsoon_start,Weak monsoon starts,pre_phase,Precession phase,8.8,event_history_2ka,event_history_2ka+pre_phase_pre_phase_sin_lag+pre_phase_pre_phase_cos_lag,True,3100,96,2,-429.5242188408374,-426.2939215209054,3.230297319931992,0.0010420313935264492,0.0015033335238912242,0.04854514504232078,6.460594639863984,0.039545739303800384,-2.451545286250166,95.99999088010867,96.0000122897724,0.2268765562287514,True,True,0.08875821488186308
single_driver_given_y_history,weak_monsoon_start,Weak monsoon starts,lr04,LR04,9.0,event_history_2ka,event_history_2ka+lr04_lr04_scaled_lag,True,3100,96,1,-429.5242188408374,-428.7924956192734,0.7317232215640388,0.00023603974889162542,0.00034053337517862424,0.010996390240143074,1.4634464431280776,0.22638255074903507,0.5404307773878827,95.99999088010867,96.00000639706037,0.20504550667889826,True,True,0.3275444924135841
single_driver_given_y_history,weak_monsoon_start,Weak monsoon starts,co2,CO2,9.0,event_history_2ka,event_history_2ka+co2_co2_scaled_lag,True,3100,96,1,-429.5242188408374,-426.94609597728476,2.5781228635526645,0.0008316525366298918,0.0011998209903386718,0.03874421947968628,5.156245727105329,0.023162914371972695,-3.1523685065893687,95.99999088010867,96.00001215639777,0.2458167232304155,True,True,0.05081695989393541
single_driver_given_y_history,weak_monsoon_start,Weak monsoon starts,pre_phase,Precession phase,9.0,event_history_2ka,event_history_2ka+pre_phase_pre_phase_sin_lag+pre_phase_pre_phase_cos_lag,True,3100,96,2,-429.5242188408374,-426.3323164881949,3.1919023526425008,0.0010296459202072583,0.0014854650629545648,0.047968142657907824,6.3838047052850015,0.04109362197375132,-2.3747553516711832,95.99999088010867,95.99999849165334,0.22636348053947075,True,True,0.09022730042062789
single_driver_given_y_history,weak_monsoon_start,Weak monsoon starts,lr04,LR04,9.2,event_history_2ka,event_history_2ka+lr04_lr04_scaled_lag,True,3100,96,1,-429.5242188408374,-428.7870501148167,0.7371687260207409,0.00023779636323249706,0.0003430676339769541,0.01107822568050581,1.4743374520414818,0.22466258644415882,0.5295397684744785,95.99999088010867,95.9999975528479,0.2051692481613032,True,True,0.3275444924135841
single_driver_given_y_history,weak_monsoon_start,Weak monsoon starts,co2,CO2,9.2,event_history_2ka,event_history_2ka+co2_co2_scaled_lag,True,3100,96,1,-429.5242188408374,-427.2150018356386,2.309217005198832,0.000744908711354462,0.0010746761037860703,0.03470308251809186,4.618434010397664,0.03163010271600721,-2.6145567898817035,95.99999088010867,96.00000904733446,0.24016389681808736,True,True,0.058084370442122335
single_driver_given_y_history,weak_monsoon_start,Weak monsoon starts,pre_phase,Precession phase,9.2,event_history_2ka,event_history_2ka+pre_phase_pre_phase_sin_lag+pre_phase_pre_phase_cos_lag,True,3100,96,2,-429.5242188408374,-426.37109714734737,3.15312169349005,0.0010171360301580805,0.00146741710661855,0.04738534406789068,6.3062433869801,0.04271856424081858,-2.2971940333662815,95.99999088010867,96.0000023443958,0.22584619831264865,True,True,0.09179946783665269
single_driver_given_y_history,weak_monsoon_start,Weak monsoon starts,lr04,LR04,9.4,event_history_2ka,event_history_2ka+lr04_lr04_scaled_lag,True,3100,96,1,-429.5242188408374,-428.7659365046469,0.7582823361905184,0.0002446072052227479,0.00035289360194056733,0.011395522562664155,1.5165646723810369,0.21814010183712554,0.4873125481349234,95.99999088010867,96.00000704379362,0.20584808258232923,True,True,0.3275444924135841
single_driver_given_y_history,weak_monsoon_start,Weak monsoon starts,co2,CO2,9.4,event_history_2ka,event_history_2ka+co2_co2_scaled_lag,True,3100,96,1,-429.5242188408374,-427.29079241195166,2.233426428885764,0.0007204601383502464,0.0010394042687560771,0.03356409617858166,4.466852857771528,0.034558589541086426,-2.4629756372555676,95.99999088010867,96.00000799021566,0.23848268725722108,True,True,0.06014383687593028
single_driver_given_y_history,weak_monsoon_start,Weak monsoon starts,pre_phase,Precession phase,9.4,event_history_2ka,event_history_2ka+pre_phase_pre_phase_sin_lag+pre_phase_pre_phase_cos_lag,True,3100,96,2,-429.5242188408374,-426.40985949422287,3.114359346614549,0.0010046320472950159,0.0014493776725506458,0.046802820676114604,6.228718693229098,0.044406947497564506,-2.2196693396152796,95.99999088010867,96.00000347083413,0.22532800958742688,True,True,0.09343961869279198
single_driver_given_y_history,weak_monsoon_start,Weak monsoon starts,lr04,LR04,9.6,event_history_2ka,event_history_2ka+lr04_lr04_scaled_lag,True,3100,96,1,-429.5242188408374,-428.7356371299871,0.7885817108503375,0.00025438119704849593,0.00036699449147726334,0.011850863787286628,1.577163421700675,0.20916975326699197,0.4267137988152854,95.99999088010867,96.00000257940134,0.20684173367502695,True,True,0.3239026516271153
single_driver_given_y_history,weak_monsoon_start,Weak monsoon starts,co2,CO2,9.6,event_history_2ka,event_history_2ka+co2_co2_scaled_lag,True,3100,96,1,-429.5242188408374,-427.4207969572912,2.1034218835462184,0.0006785231882407157,0.000978902038803049,0.03161037833634846,4.206843767092437,0.04026118373017614,-2.2029665465764765,95.99999088010867,96.00000786519101,0.23562503035001645,True,True,0.06666195994668508
single_driver_given_y_history,weak_monsoon_start,Weak monsoon starts,pre_phase,Precession phase,9.6,event_history_2ka,event_history_2ka+pre_phase_pre_phase_sin_lag+pre_phase_pre_phase_cos_lag,True,3100,96,2,-429.5242188408374,-426.4484280508667,3.0757907899707106,0.0009921905774099066,0.0014314284256460297,0.04622320957815304,6.151581579941421,0.046153116525312655,-2.142532226327603,95.99999088010867,95.99999769558494,0.22481316037115323,True,True,0.09513193406237914
single_driver_given_y_history,weak_monsoon_start,Weak monsoon starts,lr04,LR04,9.8,event_history_2ka,event_history_2ka+lr04_lr04_scaled_lag,True,3100,96,1,-429.5242188408374,-428.7111922343716,0.8130266064658258,0.00026226664724704056,0.00037837079137388054,0.012218223471448226,1.6260532129316516,0.20224981488424038,0.3778240075843087,95.99999088010867,96.00001015991022,0.2076279428042744,True,True,0.3239026516271153
single_driver_given_y_history,weak_monsoon_start,Weak monsoon starts,co2,CO2,9.8,event_history_2ka,event_history_2ka+co2_co2_scaled_lag,True,3100,96,1,-429.5242188408374,-427.74842410491937,1.7757947359180548,0.0005728370115864693,0.000826429115853453,0.026686773532767754,3.5515894718361096,0.059488439664628294,-1.5477122513201493,95.99999088010867,96.00000046130833,0.22821121625911622,True,True,0.08499699961534375
single_driver_given_y_history,weak_monsoon_start,Weak monsoon starts,pre_phase,Precession phase,9.8,event_history_2ka,event_history_2ka+pre_phase_pre_phase_sin_lag+pre_phase_pre_phase_cos_lag,True,3100,96,2,-429.5242188408374,-426.4865010196122,3.0377178212252147,0.0009799089745887789,0.0014137098181618206,0.045651046211475456,6.075435642450429,0.04794418192869735,-2.066386288836611,95.99999088010867,96.00000175194923,0.2243034590868192,True,True,0.09684724749596865
single_driver_given_y_history,weak_monsoon_start,Weak monsoon starts,lr04,LR04,10.0,event_history_2ka,event_history_2ka+lr04_lr04_scaled_lag,True,3100,96,1,-429.5242188408374,-428.6890488223413,0.8351700184961146,0.00026940968338584343,0.00038867601418822207,0.01255099629149467,1.6703400369922292,0.19621299550528948,0.3335371835237311,95.99999088010867,96.0000046506243,0.20833193406920206,True,True,0.3196372991295845
single_driver_given_y_history,weak_monsoon_start,Weak monsoon starts,co2,CO2,10.0,event_history_2ka,event_history_2ka+co2_co2_scaled_lag,True,3100,96,1,-429.5242188408374,-428.1414435116452,1.3827753291922136,0.0004460565578039399,0.0006435235838997453,0.020780449063429275,2.765550658384427,0.09631353937509948,-0.7616734378684669,95.99999088010867,96.00000125886828,0.2186800551196956,True,True,0.11653415254704891
single_driver_given_y_history,weak_monsoon_start,Weak monsoon starts,pre_phase,Precession phase,10.0,event_history_2ka,event_history_2ka+pre_phase_pre_phase_sin_lag+pre_phase_pre_phase_cos_lag,True,3100,96,2,-429.5242188408374,-426.523771490017,3.000447350820423,0.0009678862422001364,0.001396364681766791,0.04509094284871929,6.000894701640846,0.04976480106300303,-1.9918453480270273,95.99999088010867,95.99999771780857,0.22380229507370086,True,True,0.09855382171300602
single_driver_given_y_history,weak_monsoon_start,Weak monsoon starts,lr04,LR04,10.2,event_history_2ka,event_history_2ka+lr04_lr04_scaled_lag,True,3100,96,1,-429.5242188408374,-428.66910804313045,0.8551107977069705,0.00027584219280870015,0.000397956163633049,0.012850667783983874,1.710221595413941,0.190956622153343,0.29365562510201926,95.99999088010867,96.00000456294995,0.20895781382370449,True,True,0.3192024316181566
single_driver_given_y_history,weak_monsoon_start,Weak monsoon starts,co2,CO2,10.2,event_history_2ka,event_history_2ka+co2_co2_scaled_lag,True,3100,96,1,-429.5242188408374,-428.2826291190509,1.2415897217865108,0.00040051281347951964,0.0005778178498193893,0.018658701400417782,2.4831794435730217,0.1150694297883284,-0.4793022230570614,95.99999088010867,95.99999655986386,0.21495776341153922,True,True,0.13550475278608232
single_driver_given_y_history,weak_monsoon_start,Weak monsoon starts,pre_phase,Precession phase,10.2,event_history_2ka,event_history_2ka+pre_phase_pre_phase_sin_lag+pre_phase_pre_phase_cos_lag,True,3100,96,2,-429.5242188408374,-426.56375654898295,2.960462291854469,0.0009549878360820868,0.001377756215224909,0.04449004444997102,5.920924583708938,0.05179496724576408,-1.91187523009512,95.99999088010867,96.00000833835439,0.2232699027099794,True,True,0.10060176330427253
single_driver_given_y_history,weak_monsoon_start,Weak monsoon starts,lr04,LR04,10.4,event_history_2ka,event_history_2ka+lr04_lr04_scaled_lag,True,3100,96,1,-429.5242188408374,-428.67611861987484,0.8481002209625785,0.0002735807164395415,0.00039469354289017617,0.012745312322495274,1.696200441925157,0.19278562701690646,0.3076767785908032,95.99999088010867,96.00000834492096,0.2086820714187831,True,True,0.3192024316181566
single_driver_given_y_history,weak_monsoon_start,Weak monsoon starts,co2,CO2,10.4,event_history_2ka,event_history_2ka+co2_co2_scaled_lag,True,3100,96,1,-429.5242188408374,-428.40873475477883,1.1154840860585864,0.0003598335761479311,0.0005191301158539614,0.01676357665778417,2.230968172117173,0.135269062576291,-0.2270909516012125,95.99999088010867,96.00000646314646,0.21147423296201093,True,True,0.15367260652723186
single_driver_given_y_history,weak_monsoon_start,Weak monsoon starts,pre_phase,Precession phase,10.4,event_history_2ka,event_history_2ka+pre_phase_pre_phase_sin_lag+pre_phase_pre_phase_cos_lag,True,3100,96,2,-429.5242188408374,-426.60363635964194,2.9205824811954813,0.0009421233810308005,0.0013591967297186792,0.04389072773049901,5.8411649623909625,0.05390228108935223,-1.8321156087771442,95.99999088010867,96.00000723060099,0.22273789692727347,True,True,0.10271944132121841
single_driver_given_y_history,weak_monsoon_start,Weak monsoon starts,lr04,LR04,10.6,event_history_2ka,event_history_2ka+lr04_lr04_scaled_lag,True,3100,96,1,-429.5242188408374,-428.67360345143493,0.8506153894024919,0.00027439206109757804,0.00039586406580477727,0.012783110458279267,1.7012307788049839,0.19212709672372216,0.30264644171097643,95.99999088010867,96.00001130933525,0.2087203222424257,True,True,0.3192024316181566
single_driver_given_y_history,weak_monsoon_start,Weak monsoon starts,co2,CO2,10.6,event_history_2ka,event_history_2ka+co2_co2_scaled_lag,True,3100,96,1,-429.5242188408374,-428.4407371467729,1.0834816940645169,0.00034951022389177966,0.0005042366667486617,0.01628264236375887,2.1669633881290338,0.14100442415053496,-0.16308616761307348,95.99999088010867,96.00000096421711,0.2104576961786528,True,True,0.15731699921715084
single_driver_given_y_history,weak_monsoon_start,Weak monsoon starts,pre_phase,Precession phase,10.6,event_history_2ka,event_history_2ka+pre_phase_pre_phase_sin_lag+pre_phase_pre_phase_cos_lag,True,3100,96,2,-429.5242188408374,-426.6423702882212,2.8818485526162476,0.0009296285653600799,0.0013411705211137089,0.04330863141096352,5.763697105232495,0.05603109062272498,-1.754647751618677,95.99999088010867,95.99999918863222,0.2222180710288359,True,True,0.10479889172028191
single_driver_given_y_history,weak_monsoon_start,Weak monsoon starts,lr04,LR04,10.8,event_history_2ka,event_history_2ka+lr04_lr04_scaled_lag,True,3100,96,1,-429.5242188408374,-428.657829002916,0.8663898379214174,0.0002794805928778766,0.0004032052653696199,0.013020170027560644,1.7327796758428349,0.18805629621549486,0.2710975446731254,95.99999088010867,96.00000270900777,0.2091942816853094,True,True,0.3192024316181566
single_driver_given_y_history,weak_monsoon_start,Weak monsoon starts,co2,CO2,10.8,event_history_2ka,event_history_2ka+co2_co2_scaled_lag,True,3100,96,1,-429.5242188408374,-428.40956478866303,1.1146540521743873,0.0003595658232820604,0.000518743830122186,0.016751102847695588,2.2293081043487746,0.13541447505864987,-0.2254308838328143,95.99999088010867,96.0000071554675,0.21115999725612686,True,True,0.15367260652723186
single_driver_given_y_history,weak_monsoon_start,Weak monsoon starts,pre_phase,Precession phase,10.8,event_history_2ka,event_history_2ka+pre_phase_pre_phase_sin_lag+pre_phase_pre_phase_cos_lag,True,3100,96,2,-429.5242188408374,-426.6776340926715,2.846584748165924,0.0009182531445696529,0.0013247592579513346,0.04277868437134518,5.693169496331848,0.058042211528657586,-1.6841201427180295,95.99999088010867,96.00000237910163,0.22173870500778858,True,True,0.10658660662535302
single_driver_given_y_history,weak_monsoon_start,Weak monsoon starts,lr04,LR04,11.0,event_history_2ka,event_history_2ka+lr04_lr04_scaled_lag,True,3100,96,1,-429.5242188408374,-428.6476971628333,0.8765216780041101,0.0002827489283884226,0.00040792047680264596,0.013172432063418775,1.7530433560082201,0.18549459711945737,0.25083386450774015,95.99999088010867,96.00000820642364,0.20947625883789417,True,True,0.3192024316181566
single_driver_given_y_history,weak_monsoon_start,Weak monsoon starts,co2,CO2,11.0,event_history_2ka,event_history_2ka+co2_co2_scaled_lag,True,3100,96,1,-429.5242188408374,-428.44474134952884,1.0794774913085803,0.000348218545583413,0.0005023731688587575,0.01622246691106404,2.1589549826171606,0.14174105870060125,-0.15507776210120028,95.99999088010867,96.00000731965369,0.21006827805464753,True,True,0.15731699921715084
single_driver_given_y_history,weak_monsoon_start,Weak monsoon starts,pre_phase,Precession phase,11.0,event_history_2ka,event_history_2ka+pre_phase_pre_phase_sin_lag+pre_phase_pre_phase_cos_lag,True,3100,96,2,-429.5242188408374,-426.71233236697697,2.8118864738604543,0.0009070601528582111,0.0013086111843165263,0.042257236160221166,5.623772947720909,0.06009152430889391,-1.6147235941070903,95.99999088010867,95.9999943002244,0.22126471031649167,True,True,0.10837935634282651
single_driver_given_y_history,weak_monsoon_start,Weak monsoon starts,lr04,LR04,11.2,event_history_2ka,event_history_2ka+lr04_lr04_scaled_lag,True,3100,96,1,-429.5242188408374,-428.6227792505342,0.9014395903031982,0.0002907869646139349,0.00041951691180367834,0.013546900276993781,1.8028791806063964,0.1793648053596167,0.20099803990956389,95.99999088010867,96.0000004082426,0.21023612875651673,True,True,0.3192024316181566
single_driver_given_y_history,weak_monsoon_start,Weak monsoon starts,co2,CO2,11.2,event_history_2ka,event_history_2ka+co2_co2_scaled_lag,True,3100,96,1,-429.5242188408374,-428.31759677388027,1.2066220669571521,0.0003892329248248878,0.0005615444103955723,0.01813320491902369,2.4132441339143043,0.12031280477327112,-0.40936691339834397,95.99999088010867,96.00000711592003,0.213296716781524,True,True,0.13967348600115384
single_driver_given_y_history,weak_monsoon_start,Weak monsoon starts,pre_phase,Precession phase,11.2,event_history_2ka,event_history_2ka+pre_phase_pre_phase_sin_lag+pre_phase_pre_phase_cos_lag,True,3100,96,2,-429.5242188408374,-426.745951409186,2.778267431651443,0.0008962153005327236,0.0012929653696473725,0.0417520067281964,5.556534863302886,0.06214608649881158,-1.5474855096890678,95.99999088010867,95.99999807626807,0.22080387799183498,True,True,0.11011850414701702
single_driver_given_y_history,weak_monsoon_start,Weak monsoon starts,lr04,LR04,11.4,event_history_2ka,event_history_2ka+lr04_lr04_scaled_lag,True,3100,96,1,-429.5242188408374,-428.58057249701875,0.9436463438186706,0.00030440204639311955,0.00043915932276780576,0.014181186464377061,1.8872926876373413,0.16950759591573847,0.11658453287861903,95.99999088010867,96.00000209881725,0.2115408677035015,True,True,0.3192024316181566
single_driver_given_y_history,weak_monsoon_start,Weak monsoon starts,co2,CO2,11.4,event_history_2ka,event_history_2ka+co2_co2_scaled_lag,True,3100,96,1,-429.5242188408374,-428.1313560271366,1.3928628137008445,0.0004493105850647886,0.0006482181528918891,0.020932044520467253,2.785725627401689,0.09510760620928332,-0.7818484068857288,95.99999088010867,95.9999992626932,0.2178726312359328,True,True,0.11653415254704891
single_driver_given_y_history,weak_monsoon_start,Weak monsoon starts,pre_phase,Precession phase,11.4,event_history_2ka,event_history_2ka+pre_phase_pre_phase_sin_lag+pre_phase_pre_phase_cos_lag,True,3100,96,2,-429.5242188408374,-426.77846112857276,2.7457577122646626,0.0008857282942789234,0.0012778358177312431,0.04126344828090473,5.491515424529325,0.06419963765760661,-1.4824660709155069,95.99999088010867,96.00000032553581,0.22035676698913256,True,True,0.11179592074859084
single_driver_given_y_history,weak_monsoon_start,Weak monsoon starts,lr04,LR04,11.6,event_history_2ka,event_history_2ka+lr04_lr04_scaled_lag,True,3100,96,1,-429.5242188408374,-428.56091093931934,0.9633079015180783,0.00031074448436067045,0.00044830952657073724,0.014476661795513391,1.9266158030361566,0.16512916907451658,0.07726141747980364,95.99999088010867,96.0000052850833,0.21211244893360004,True,True,0.3192024316181566
single_driver_given_y_history,weak_monsoon_start,Weak monsoon starts,co2,CO2,11.6,event_history_2ka,event_history_2ka+co2_co2_scaled_lag,True,3100,96,1,-429.5242188408374,-427.9421535044794,1.5820653363580277,0.0005103436568896863,0.0007362702629438892,0.02377539390756309,3.1641306727160554,0.07527250037438443,-1.1602534522000951,95.99999088010867,96.0000001562457,0.2222984553711759,True,True,0.10414414435360038
single_driver_given_y_history,weak_monsoon_start,Weak monsoon starts,pre_phase,Precession phase,11.6,event_history_2ka,event_history_2ka+pre_phase_pre_phase_sin_lag+pre_phase_pre_phase_cos_lag,True,3100,96,2,-429.5242188408374,-426.8073099572825,2.716908883554936,0.0008764222205015922,0.0012644099912425407,0.04082990596720704,5.433817767109872,0.06607869600431918,-1.4247684134960537,95.99999088010867,95.99999443880128,0.21995393341553654,True,True,0.1131177677362074
single_driver_given_y_history,weak_monsoon_start,Weak monsoon starts,lr04,LR04,11.8,event_history_2ka,event_history_2ka+lr04_lr04_scaled_lag,True,3100,96,1,-429.5242188408374,-428.55612826052834,0.9680905803090809,0.00031228728397067126,0.0004505353159171709,0.014548536243158645,1.9361811606181618,0.16408377831532292,0.06769605989779848,95.99999088010867,95.99999246995773,0.21220973666180343,True,True,0.3192024316181566
single_driver_given_y_history,weak_monsoon_start,Weak monsoon starts,co2,CO2,11.8,event_history_2ka,event_history_2ka+co2_co2_scaled_lag,True,3100,96,1,-429.5242188408374,-427.74758722715626,1.776631613681161,0.0005731069721552133,0.0008268185866272154,0.0266993501931705,3.553263227362322,0.059428468844133095,-1.5493860068463619,95.99999088010867,95.99999716626782,0.22665148782044253,True,True,0.08499699961534375
single_driver_given_y_history,weak_monsoon_start,Weak monsoon starts,pre_phase,Precession phase,11.8,event_history_2ka,event_history_2ka+pre_phase_pre_phase_sin_lag+pre_phase_pre_phase_cos_lag,True,3100,96,2,-429.5242188408374,-426.83471359694073,2.68950524389669,0.0008675823367408677,0.0012516567347789086,0.040418082060568926,5.37901048779338,0.06791453219025477,-1.3699611341795617,95.99999088010867,95.99999105866821,0.21956944738984482,True,True,0.11432279585359553
single_driver_given_y_history,weak_monsoon_start,Weak monsoon starts,lr04,LR04,12.0,event_history_2ka,event_history_2ka+lr04_lr04_scaled_lag,True,3100,96,1,-429.5242188408374,-428.5350494447142,0.9891693961232022,0.0003190869019752265,0.0004603450910922821,0.014865310233188276,1.9783387922464044,0.15956552098547253,0.02553842826955588,95.99999088010867,95.99999659390468,0.21281541305061707,True,True,0.3192024316181566
single_driver_given_y_history,weak_monsoon_start,Weak monsoon starts,co2,CO2,12.0,event_history_2ka,event_history_2ka+co2_co2_scaled_lag,True,3100,96,1,-429.5242188408374,-427.5253587481996,1.9988600926378126,0.0006447935782702621,0.0009302404977675569,0.030039016073744026,3.9977201852756252,0.04556185246611536,-1.993842964759665,95.99999088010867,96.0000083759754,0.23147154236621564,True,True,0.0730436047472643
single_driver_given_y_history,weak_monsoon_start,Weak monsoon starts,pre_phase,Precession phase,12.0,event_history_2ka,event_history_2ka+pre_phase_pre_phase_sin_lag+pre_phase_pre_phase_cos_lag,True,3100,96,2,-429.5242188408374,-426.86065696940585,2.6635618714315683,0.0008592135069134091,0.0012395830654887904,0.04002820315640886,5.327123742863137,0.06969951835961523,-1.3180743892493183,95.99999088010867,95.99999932596162,0.21920389402895332,True,True,0.1154041205626416
single_driver_given_y_history,weak_monsoon_start,Weak monsoon starts,lr04,LR04,12.2,event_history_2ka,event_history_2ka+lr04_lr04_scaled_lag,True,3100,96,1,-429.5242188408374,-428.53400516923426,0.9902136716031578,0.0003194237650332767,0.0004608310817555898,0.014881003681690921,1.9804273432063155,0.15934539429731812,0.023449877309644762,95.99999088010867,96.00000165662726,0.21279487635778482,True,True,0.3192024316181566
single_driver_given_y_history,weak_monsoon_start,Weak monsoon starts,co2,CO2,12.2,event_history_2ka,event_history_2ka+co2_co2_scaled_lag,True,3100,96,1,-429.5242188408374,-427.30488192514997,2.2193369156874496,0.0007159151340927257,0.0010328472136529327,0.03335235794087595,4.438673831374899,0.03513352847207808,-2.434796610858939,95.99999088010867,96.00000860880911,0.23604907117208038,True,True,0.06014383687593028
single_driver_given_y_history,weak_monsoon_start,Weak monsoon starts,pre_phase,Precession phase,12.2,event_history_2ka,event_history_2ka+pre_phase_pre_phase_sin_lag+pre_phase_pre_phase_cos_lag,True,3100,96,2,-429.5242188408374,-426.8864753611547,2.63774347968274,0.0008508849934460453,0.0012275675604114477,0.039640202471619666,5.27548695936548,0.07152247952939003,-1.266437605751662,95.99999088010867,96.00000258082184,0.21884085360056243,True,True,0.11651242633013538
single_driver_given_y_history,weak_monsoon_start,Weak monsoon starts,lr04,LR04,12.4,event_history_2ka,event_history_2ka+lr04_lr04_scaled_lag,True,3100,96,1,-429.5242188408374,-428.5589770880484,0.9652417527890407,0.00031136830735130344,0.00044920951290571606,0.014505723854247081,1.9304835055780813,0.1647055566639719,0.07339371493787894,95.99999088010867,96.00001034956385,0.21196261232851443,True,True,0.3192024316181566
single_driver_given_y_history,weak_monsoon_start,Weak monsoon starts,co2,CO2,12.4,event_history_2ka,event_history_2ka+co2_co2_scaled_lag,True,3100,96,1,-429.5242188408374,-427.27042696856483,2.2537918722725863,0.0007270296362169634,0.0010488820507495202,0.033870149555453255,4.5075837445451725,0.03374487846609101,-2.5037065240292122,95.99999088010867,96.00000710730303,0.23673350743946864,True,True,0.059793556580266534
single_driver_given_y_history,weak_monsoon_start,Weak monsoon starts,pre_phase,Precession phase,12.4,event_history_2ka,event_history_2ka+pre_phase_pre_phase_sin_lag+pre_phase_pre_phase_cos_lag,True,3100,96,2,-429.5242188408374,-426.9121226359127,2.6120962049247396,0.0008426116790079805,0.0012156316906999367,0.03925477334551879,5.224192409849479,0.07338056173560865,-1.2151430562356609,95.99999088010867,96.00000844895155,0.21848124846711553,True,True,0.11764185294121388
single_driver_given_y_history,weak_monsoon_start,Weak monsoon starts,lr04,LR04,12.6,event_history_2ka,event_history_2ka+lr04_lr04_scaled_lag,True,3100,96,1,-429.5242188408374,-428.54576445045956,0.9784543903778626,0.00031563044850898794,0.0004553584828174762,0.014704284340981004,1.9569087807557253,0.16184430498018035,0.046968439760235015,95.99999088010867,96.00000393926994,0.21232680910861884,True,True,0.3192024316181566
single_driver_given_y_history,weak_monsoon_start,Weak monsoon starts,co2,CO2,12.6,event_history_2ka,event_history_2ka+co2_co2_scaled_lag,True,3100,96,1,-429.5242188408374,-427.1539785217317,2.370240319105733,0.00076459365132443,0.0011030754690609403,0.035620145355092864,4.740480638211466,0.02946083939414865,-2.7366034176955054,95.99999088010867,96.00000819536088,0.23609086823705738,True,True,0.055102681089055805
single_driver_given_y_history,weak_monsoon_start,Weak monsoon starts,pre_phase,Precession phase,12.6,event_history_2ka,event_history_2ka+pre_phase_pre_phase_sin_lag+pre_phase_pre_phase_cos_lag,True,3100,96,2,-429.5242188408374,-426.9380775938189,2.5861412470185314,0.0008342391119414617,0.0012035526297135598,0.03886472033450037,5.172282494037063,0.07531008313101539,-1.1632331404232445,95.99999088010867,96.00000729551955,0.21811897278935116,True,True,0.11884872494113366
single_driver_given_y_history,weak_monsoon_start,Weak monsoon starts,lr04,LR04,12.8,event_history_2ka,event_history_2ka+lr04_lr04_scaled_lag,True,3100,96,1,-429.5242188408374,-428.4945894752683,1.0296293655691215,0.00033213850502229725,0.0004791745740839424,0.01547334562146064,2.059258731138243,0.15128374849329831,-0.055381510622282804,95.99999088010867,95.99999702463585,0.21386077038043516,True,True,0.3192024316181566
single_driver_given_y_history,weak_monsoon_start,Weak monsoon starts,co2,CO2,12.8,event_history_2ka,event_history_2ka+co2_co2_scaled_lag,True,3100,96,1,-429.5242188408374,-426.9770010253666,2.5472178154708445,0.0008216831662809176,0.0011854382291754213,0.038279776150456316,5.094435630941689,0.02400272338291065,-3.0905584104257287,95.99999088010867,96.00001761268837,0.23716159319000266,True,True,0.05081695989393541
single_driver_given_y_history,weak_monsoon_start,Weak monsoon starts,pre_phase,Precession phase,12.8,event_history_2ka,event_history_2ka+pre_phase_pre_phase_sin_lag+pre_phase_pre_phase_cos_lag,True,3100,96,2,-429.5242188408374,-426.963542045869,2.5606767949684013,0.000826024772570452,0.001191701843038825,0.03848203868146206,5.121353589936803,0.0772524386847141,-1.1123042363229843,95.99999088010867,95.99999854999719,0.21776419596967647,True,True,0.12003840472547883
single_driver_given_y_history,weak_monsoon_start,Weak monsoon starts,lr04,LR04,13.0,event_history_2ka,event_history_2ka+lr04_lr04_scaled_lag,True,3100,96,1,-429.5242188408374,-428.44810206771695,1.076116773120475,0.00034713444294208874,0.0005008091393543043,0.016171961791649408,2.15223354624095,0.14236265415087046,-0.1483563257249898,95.99999088010867,96.00000128293624,0.215227009282785,True,True,0.3192024316181566
single_driver_given_y_history,weak_monsoon_start,Weak monsoon starts,co2,CO2,13.0,event_history_2ka,event_history_2ka+co2_co2_scaled_lag,True,3100,96,1,-429.5242188408374,-427.0346696557053,2.489549185132148,0.0008030803823006929,0.0011586000849804225,0.03741312774415948,4.979098370264296,0.02565535060217636,-2.975221149748336,95.99999088010867,96.0000105175776,0.23462307950866026,True,True,0.05081695989393541
single_driver_given_y_history,weak_monsoon_start,Weak monsoon starts,pre_phase,Precession phase,13.0,event_history_2ka,event_history_2ka+pre_phase_pre_phase_sin_lag+pre_phase_pre_phase_cos_lag,True,3100,96,2,-429.5242188408374,-426.9841962836491,2.5400225571883084,0.000819362115222035,0.0011820896603231214,0.03817164528126746,5.080045114376617,0.07886462080650818,-1.0709957607627985,95.99999088010867,96.00000007384658,0.21747122373076108,True,True,0.12068676820389888
single_driver_given_y_history,weak_monsoon_start,Weak monsoon starts,lr04,LR04,13.2,event_history_2ka,event_history_2ka+lr04_lr04_scaled_lag,True,3100,96,1,-429.5242188408374,-428.3905220900168,1.1336967508206044,0.00036570862929696915,0.0005276060258970377,0.01703727791959184,2.267393501641209,0.13212194582904987,-0.2635162811252485,95.99999088010867,96.00000298730713,0.21690182603218822,True,True,0.3192024316181566
single_driver_given_y_history,weak_monsoon_start,Weak monsoon starts,co2,CO2,13.2,event_history_2ka,event_history_2ka+co2_co2_scaled_lag,True,3100,96,1,-429.5242188408374,-427.08783688303623,2.4363819578011885,0.000785929663806835,0.0011338568284616512,0.03661412675240749,4.872763915602377,0.027283768218525135,-2.8688866950864167,95.99999088010867,96.00000945769298,0.23381176920728677,True,True,0.0519935960390762
single_driver_given_y_history,weak_monsoon_start,Weak monsoon starts,pre_phase,Precession phase,13.2,event_history_2ka,event_history_2ka+pre_phase_pre_phase_sin_lag+pre_phase_pre_phase_cos_lag,True,3100,96,2,-429.5242188408374,-427.00591000009433,2.5183088407430887,0.0008123576905622867,0.0011719844116022222,0.03784532995798842,5.036617681486177,0.08059579188120972,-1.027568327872359,95.99999088010867,96.00000402013079,0.21716576395652112,True,True,0.12149514895525643
single_driver_given_y_history,weak_monsoon_start,Weak monsoon starts,lr04,LR04,13.4,event_history_2ka,event_history_2ka+lr04_lr04_scaled_lag,True,3100,96,1,-429.5242188408374,-428.29813020138414,1.2260886394532804,0.00039551246433976785,0.0005706038709127561,0.018425749998224415,2.452177278906561,0.11736197692889205,-0.4483000583906005,95.99999088010867,95.99999784935684,0.21954882949733048,True,True,0.3192024316181566
single_driver_given_y_history,weak_monsoon_start,Weak monsoon starts,co2,CO2,13.4,event_history_2ka,event_history_2ka+co2_co2_scaled_lag,True,3100,96,1,-429.5242188408374,-427.0237278196896,2.500491021147809,0.0008066100068218739,0.0011636922567733305,0.037577562458305465,5.000982042295618,0.025332940921412986,-2.997104821779658,95.99999088010867,96.00000931461695,0.23649973407581423,True,True,0.05081695989393541
single_driver_given_y_history,weak_monsoon_start,Weak monsoon starts,pre_phase,Precession phase,13.4,event_history_2ka,event_history_2ka+pre_phase_pre_phase_sin_lag+pre_phase_pre_phase_cos_lag,True,3100,96,2,-429.5242188408374,-427.0272158743204,2.497002966517016,0.0008054848279087149,0.001162068966735203,0.03752514371749093,4.994005933034032,0.0823313791341246,-0.9849565794202135,95.99999088010867,96.00001163049943,0.21686635316843272,True,True,0.12228631312568507
single_driver_given_y_history,weak_monsoon_start,Weak monsoon starts,lr04,LR04,13.6,event_history_2ka,event_history_2ka+lr04_lr04_scaled_lag,True,3100,96,1,-429.5242188408374,-428.241505259778,1.2827135810593973,0.0004137785745352894,0.0005969562975081664,0.019276713773701205,2.5654271621187945,0.10922305140782937,-0.5615499416028342,95.99999088010867,96.00000008279858,0.2211288248309226,True,True,0.3192024316181566
single_driver_given_y_history,weak_monsoon_start,Weak monsoon starts,co2,CO2,13.6,event_history_2ka,event_history_2ka+co2_co2_scaled_lag,True,3100,96,1,-429.5242188408374,-426.99283214027145,2.5313867005659745,0.0008165763550212821,0.0011780706578963893,0.038041864994570906,5.062773401131949,0.02444508888942253,-3.0588961806159887,95.99999088010867,96.00000372033134,0.23718508448593556,True,True,0.05081695989393541
single_driver_given_y_history,weak_monsoon_start,Weak monsoon starts,pre_phase,Precession phase,13.6,event_history_2ka,event_history_2ka+pre_phase_pre_phase_sin_lag+pre_phase_pre_phase_cos_lag,True,3100,96,2,-429.5242188408374,-427.0476068428924,2.4766119979450423,0.000798907096111304,0.0011525793056907808,0.0372187067462648,4.9532239958900846,0.084027428981571,-0.9441746422762662,95.99999088010867,96.00000196356811,0.2165797775587636,True,True,0.12299667140780683
single_driver_given_y_history,weak_monsoon_start,Weak monsoon starts,lr04,LR04,13.8,event_history_2ka,event_history_2ka+lr04_lr04_scaled_lag,True,3100,96,1,-429.5242188408374,-428.26346674757013,1.2607520932672855,0.00040669422363460826,0.0005867357395958363,0.018946674924448882,2.521504186534571,0.11230341487142394,-0.5176269660186108,95.99999088010867,95.999993333149,0.22049530889523858,True,True,0.3192024316181566
single_driver_given_y_history,weak_monsoon_start,Weak monsoon starts,co2,CO2,13.8,event_history_2ka,event_history_2ka+co2_co2_scaled_lag,True,3100,96,1,-429.5242188408374,-426.94706797710444,2.5771508637329816,0.0008313389883009618,0.0011993686357194455,0.0387296121951071,5.154301727465963,0.023188857774878977,-3.150424506950003,95.99999088010867,96.00001055320904,0.23811461465154793,True,True,0.05081695989393541
single_driver_given_y_history,weak_monsoon_start,Weak monsoon starts,pre_phase,Precession phase,13.8,event_history_2ka,event_history_2ka+pre_phase_pre_phase_sin_lag+pre_phase_pre_phase_cos_lag,True,3100,96,2,-429.5242188408374,-427.0675602750386,2.4566585657988185,0.0007924705050963931,0.0011432932677533383,0.03691884510453488,4.913317131597637,0.08572090371454495,-0.9042677779838186,95.99999088010867,96.0000061963252,0.21629909829379862,True,True,0.12368301821670058
single_driver_given_y_history,weak_monsoon_start,Weak monsoon starts,lr04,LR04,14.0,event_history_2ka,event_history_2ka+lr04_lr04_scaled_lag,True,3100,96,1,-429.5242188408374,-428.3125785160983,1.2116403247391077,0.0003908517176577767,0.0005638798347878078,0.01820861966502296,2.4232806494782153,0.11954434103807751,-0.419403428962255,95.99999088010867,95.99999659612523,0.2190872775998842,True,True,0.3192024316181566
single_driver_given_y_history,weak_monsoon_start,Weak monsoon starts,co2,CO2,14.0,event_history_2ka,event_history_2ka+co2_co2_scaled_lag,True,3100,96,1,-429.5242188408374,-427.0778676784522,2.4463511623852128,0.0007891455362532945,0.0011384963516922896,0.03676394469006352,4.8927023247704255,0.0269704397814665,-2.8888251042544653,95.99999088010867,96.00000785858731,0.236623727267328,True,True,0.0519935960390762
single_driver_given_y_history,weak_monsoon_start,Weak monsoon starts,pre_phase,Precession phase,14.0,event_history_2ka,event_history_2ka+pre_phase_pre_phase_sin_lag+pre_phase_pre_phase_cos_lag,True,3100,96,2,-429.5242188408374,-427.08634132937635,2.4378775114610676,0.0007864121004713122,0.0011345528374450352,0.036636602042495935,4.875755022922135,0.08734604583719799,-0.8667056693083168,95.99999088010867,95.99999750009721,0.21603334453479597,True,True,0.12425282576840839
single_driver_given_y_history,weak_monsoon_start,Weak monsoon starts,lr04,LR04,14.2,event_history_2ka,event_history_2ka+lr04_lr04_scaled_lag,True,3100,96,1,-429.5242188408374,-428.3935604418238,1.1306583990136119,0.00036472851581084253,0.0005261920210310945,0.016991617345795757,2.2613167980272237,0.13264123323175794,-0.25743957751126345,95.99999088010867,95.99999898035333,0.2167230671633881,True,True,0.3192024316181566
single_driver_given_y_history,weak_monsoon_start,Weak monsoon starts,co2,CO2,14.2,event_history_2ka,event_history_2ka+co2_co2_scaled_lag,True,3100,96,1,-429.5242188408374,-427.25895816772845,2.265260673108969,0.00073072924938999,0.0010542194643274531,0.03404250353557401,4.530521346217938,0.0332954729816154,-2.526644125701978,95.99999088010867,96.0000027108892,0.23812125393146125,True,True,0.059793556580266534
single_driver_given_y_history,weak_monsoon_start,Weak monsoon starts,pre_phase,Precession phase,14.2,event_history_2ka,event_history_2ka+pre_phase_pre_phase_sin_lag+pre_phase_pre_phase_cos_lag,True,3100,96,2,-429.5242188408374,-427.103963318994,2.420255521843444,0.0007807275876914335,0.0011263518190476344,0.03637177749007987,4.840511043686888,0.08889889894643285,-0.8314616900730698,95.99999088010867,96.00000212031993,0.21578462023370185,True,True,0.12470539991096831
single_driver_given_y_history,weak_monsoon_start,Weak monsoon starts,lr04,LR04,14.4,event_history_2ka,event_history_2ka+lr04_lr04_scaled_lag,True,3100,96,1,-429.5242188408374,-428.5050666162306,1.0191522246068416,0.00032875878213123924,0.000474298664629434,0.015315894378658807,2.0383044492136833,0.1533805295896413,-0.03442722869772297,95.99999088010867,95.99999418756849,0.21336166100570503,True,True,0.3192024316181566
single_driver_given_y_history,weak_monsoon_start,Weak monsoon starts,co2,CO2,14.4,event_history_2ka,event_history_2ka+co2_co2_scaled_lag,True,3100,96,1,-429.5242188408374,-427.34848706220004,2.1757317786373847,0.0007018489608507692,0.001012554015272477,0.03269705674317374,4.351463557274769,0.03697715628110228,-2.347586336758809,95.99999088010867,96.00000409089087,0.23618417758202212,True,True,0.0622448797398555
single_driver_given_y_history,weak_monsoon_start,Weak monsoon starts,pre_phase,Precession phase,14.4,event_history_2ka,event_history_2ka+pre_phase_pre_phase_sin_lag+pre_phase_pre_phase_cos_lag,True,3100,96,2,-429.5242188408374,-427.1210507634146,2.4031680774228334,0.0007752155088460753,0.0011183995702324472,0.036114986122089444,4.806336154845667,0.09043100656447121,-0.7972868012318486,95.99999088010867,96.00001410490418,0.21554267976440455,True,True,0.12511687209604921
single_driver_given_y_history,weak_monsoon_start,Weak monsoon starts,lr04,LR04,14.6,event_history_2ka,event_history_2ka+lr04_lr04_scaled_lag,True,3100,96,1,-429.5242188408374,-428.597924549565,0.926294291272427,0.0002988046100878797,0.00043108392916854437,0.013920418546067579,1.852588582544854,0.17348262679805715,0.15128863797110625,95.99999088010867,95.99999716486988,0.2104471929147166,True,True,0.3192024316181566
single_driver_given_y_history,weak_monsoon_start,Weak monsoon starts,co2,CO2,14.6,event_history_2ka,event_history_2ka+co2_co2_scaled_lag,True,3100,96,1,-429.5242188408374,-427.4805331104405,2.0436857303969305,0.0006592534614183646,0.0009511016994771583,0.03071265904561657,4.087371460793861,0.04320478282318887,-2.0834942402779006,95.99999088010867,96.0000092758583,0.23328758517629195,True,True,0.07038198492164638
single_driver_given_y_history,weak_monsoon_start,Weak monsoon starts,pre_phase,Precession phase,14.6,event_history_2ka,event_history_2ka+pre_phase_pre_phase_sin_lag+pre_phase_pre_phase_cos_lag,True,3100,96,2,-429.5242188408374,-427.14142809672535,2.3827907441120715,0.000768642175520023,0.0011089162548408415,0.035808754062568844,4.765581488224143,0.092292652599699,-0.7565321346103246,95.99999088010867,96.00000681079153,0.215257551917472,True,True,0.1259669988185081
single_driver_given_y_history,weak_monsoon_start,Weak monsoon starts,lr04,LR04,14.8,event_history_2ka,event_history_2ka+lr04_lr04_scaled_lag,True,3100,96,1,-429.5242188408374,-428.6674718829278,0.8567469579095928,0.00027636998642244925,0.00039871760886221773,0.012875256119509114,1.7134939158191855,0.19053267959623682,0.29038330469677476,95.99999088010867,96.00000822121399,0.20817798015316946,True,True,0.3192024316181566
single_driver_given_y_history,weak_monsoon_start,Weak monsoon starts,co2,CO2,14.8,event_history_2ka,event_history_2ka+co2_co2_scaled_lag,True,3100,96,1,-429.5242188408374,-427.745598095477,1.7786207453603993,0.0005737486275356127,0.0008277442996624774,0.026729243009934164,3.5572414907207985,0.05928618510582157,-1.5533642702048382,95.99999088010867,95.99999837023393,0.2273327925261771,True,True,0.08499699961534375
single_driver_given_y_history,weak_monsoon_start,Weak monsoon starts,pre_phase,Precession phase,14.8,event_history_2ka,event_history_2ka+pre_phase_pre_phase_sin_lag+pre_phase_pre_phase_cos_lag,True,3100,96,2,-429.5242188408374,-427.1614806230526,2.362738217784795,0.0007621736186402564,0.001099584099908694,0.03550740322621824,4.72547643556959,0.09416203371274166,-0.7164270819557714,95.99999088010867,96.00003592033966,0.2149765881514571,True,True,0.1268048720664921
single_driver_given_y_history,weak_monsoon_start,Weak monsoon starts,lr04,LR04,15.0,event_history_2ka,event_history_2ka+lr04_lr04_scaled_lag,True,3100,96,1,-429.5242188408374,-428.7400244935043,0.7841943473331412,0.0002529659184945617,0.00036495267612602587,0.011784930166569585,1.5683886946662824,0.21044116866956064,0.4354885258496779,95.99999088010867,96.00000536646493,0.20572677461948383,True,True,0.3239026516271153
single_driver_given_y_history,weak_monsoon_start,Weak monsoon starts,co2,CO2,15.0,event_history_2ka,event_history_2ka+co2_co2_scaled_lag,True,3100,96,1,-429.5242188408374,-427.6535711432892,1.870647697548236,0.0006034347411445922,0.0008705723085494187,0.02811223079690831,3.741295395096472,0.05308327645241352,-1.7374181745805117,95.99999088010867,96.00000553502906,0.22926442426929802,True,True,0.08352847598379798
single_driver_given_y_history,weak_monsoon_start,Weak monsoon starts,pre_phase,Precession phase,15.0,event_history_2ka,event_history_2ka+pre_phase_pre_phase_sin_lag+pre_phase_pre_phase_cos_lag,True,3100,96,2,-429.5242188408374,-427.18242537817946,2.341793462657961,0.000755417246018697,0.0010898367146331724,0.03519264391002953,4.683586925315922,0.09615503303514879,-0.6745375717021034,95.99999088010867,96.00001297298769,0.21468412501895442,True,True,0.12778497811250036
single_driver_given_y_history,weak_monsoon_start,Weak monsoon starts,lr04,LR04,15.2,event_history_2ka,event_history_2ka+lr04_lr04_scaled_lag,True,3100,96,1,-429.5242188408374,-428.7944730550465,0.7297457857908967,0.0002354018663841602,0.0003396131052484343,0.010966673190314025,1.4594915715817933,0.22701103434604836,0.544385648934167,95.99999088010867,96.00000911597421,0.20381245679726842,True,True,0.3275444924135841
single_driver_given_y_history,weak_monsoon_start,Weak monsoon starts,co2,CO2,15.2,event_history_2ka,event_history_2ka+co2_co2_scaled_lag,True,3100,96,1,-429.5242188408374,-427.7056952592336,1.818523581603813,0.0005866205101947784,0.0008463145009417604,0.02732890575957768,3.637047163207626,0.05650707059285356,-1.6331699426916657,95.99999088010867,96.00000194873542,0.22798374943931313,True,True,0.08499699961534375
single_driver_given_y_history,weak_monsoon_start,Weak monsoon starts,pre_phase,Precession phase,15.2,event_history_2ka,event_history_2ka+pre_phase_pre_phase_sin_lag+pre_phase_pre_phase_cos_lag,True,3100,96,2,-429.5242188408374,-427.2046332171498,2.319585623687601,0.0007482534269960003,0.0010795015084553018,0.034858902877202454,4.639171247375202,0.09831431628870305,-0.6301218937613839,95.99999088010867,96.00000261252596,0.21437361204272254,True,True,0.12895773954751957
single_driver_given_y_history,weak_monsoon_start,Weak monsoon starts,lr04,LR04,15.4,event_history_2ka,event_history_2ka+lr04_lr04_scaled_lag,True,3100,96,1,-429.5242188408374,-428.8294238829682,0.6947949578692487,0.0002241274057642738,0.0003233474968234263,0.01044142958492314,1.3895899157384974,0.23847436523884968,0.6142873047774629,95.99999088010867,96.00001207343126,0.20253165520208183,True,True,0.33102219423140744
single_driver_given_y_history,weak_monsoon_start,Weak monsoon starts,co2,CO2,15.4,event_history_2ka,event_history_2ka+co2_co2_scaled_lag,True,3100,96,1,-429.5242188408374,-427.66408806629767,1.8601307745397548,0.0006000421853354048,0.0008656778851075647,0.027954181706598445,3.7202615490795097,0.05375594989056305,-1.7163843285635494,95.99999088010867,96.00000583509639,0.22880122759337493,True,True,0.08352847598379798
single_driver_given_y_history,weak_monsoon_start,Weak monsoon starts,pre_phase,Precession phase,15.4,event_history_2ka,event_history_2ka+pre_phase_pre_phase_sin_lag+pre_phase_pre_phase_cos_lag,True,3100,96,2,-429.5242188408374,-427.2285236987561,2.2956951420813425,0.0007405468200262395,0.0010683832247979474,0.03449987496743372,4.591390284162685,0.10069137412311494,-0.5823409305488667,95.99999088010867,95.99999822764872,0.2140396974527403,True,True,0.13038242033890524
single_driver_given_y_history,weak_monsoon_start,Weak monsoon starts,lr04,LR04,15.6,event_history_2ka,event_history_2ka+lr04_lr04_scaled_lag,True,3100,96,1,-429.5242188408374,-428.894044827218,0.6301740136194098,0.00020328193987722898,0.00029327384656316666,0.009470301295268924,1.2603480272388197,0.261585224065852,0.7435291932771406,95.99999088010867,96.00001019632728,0.20014099782273245,True,True,0.34617916939490584
single_driver_given_y_history,weak_monsoon_start,Weak monsoon starts,co2,CO2,15.6,event_history_2ka,event_history_2ka+co2_co2_scaled_lag,True,3100,96,1,-429.5242188408374,-427.6867629846599,1.8374558561775416,0.0005927276955411424,0.0008551253069547496,0.027613421370413786,3.674911712355083,0.0552371790652059,-1.671034491839123,95.99999088010867,95.99999570504758,0.2281884365734223,True,True,0.08452962250887569
single_driver_given_y_history,weak_monsoon_start,Weak monsoon starts,pre_phase,Precession phase,15.6,event_history_2ka,event_history_2ka+pre_phase_pre_phase_sin_lag+pre_phase_pre_phase_cos_lag,True,3100,96,2,-429.5242188408374,-427.25232277500385,2.271896065833573,0.0007328696986559914,0.0010573074798687879,0.034142220704096275,4.543792131667146,0.10311647897797205,-0.534742778053328,95.99999088010867,95.99999114446081,0.2137054998259271,True,True,0.13183246046550856
single_driver_given_y_history,weak_monsoon_start,Weak monsoon starts,lr04,LR04,15.8,event_history_2ka,event_history_2ka+lr04_lr04_scaled_lag,True,3100,96,1,-429.5242188408374,-428.9723869030119,0.5518319378255114,0.00017801030252435852,0.00025681458067903617,0.00829297083442721,1.1036638756510229,0.2934634405197004,0.9002133448649374,95.99999088010867,96.00000215848634,0.1971232323545897,True,True,0.35285485110106835
single_driver_given_y_history,weak_monsoon_start,Weak monsoon starts,co2,CO2,15.8,event_history_2ka,event_history_2ka+co2_co2_scaled_lag,True,3100,96,1,-429.5242188408374,-427.7520687365892,1.772150104248226,0.0005716613239510406,0.0008247329571321856,0.026632001740726826,3.544300208496452,0.05975036606623174,-1.5404229879804916,95.99999088010867,95.99999682448353,0.22661905620888248,True,True,0.08499699961534375
single_driver_given_y_history,weak_monsoon_start,Weak monsoon starts,pre_phase,Precession phase,15.8,event_history_2ka,event_history_2ka+pre_phase_pre_phase_sin_lag+pre_phase_pre_phase_cos_lag,True,3100,96,2,-429.5242188408374,-427.27615295072104,2.2480658901163793,0.000725182545198832,0.0010462172616975917,0.03378409907565139,4.4961317802327585,0.10560327550868276,-0.4870824266189402,95.99999088010867,95.99998993334356,0.21336926262737035,True,True,0.133324135329712
single_driver_given_y_history,weak_monsoon_start,Weak monsoon starts,lr04,LR04,16.0,event_history_2ka,event_history_2ka+lr04_lr04_scaled_lag,True,3100,96,1,-429.5242188408374,-429.00748626580895,0.5167325750284704,0.00016668792742853883,0.00024047984627721238,0.007765495036034984,1.0334651500569407,0.3093461908654256,0.9704120704590196,95.99999088010867,95.99999204226967,0.19568361434160422,True,True,0.35884315485991486
single_driver_given_y_history,weak_monsoon_start,Weak monsoon starts,co2,CO2,16.0,event_history_2ka,event_history_2ka+co2_co2_scaled_lag,True,3100,96,1,-429.5242188408374,-427.8884269572009,1.6357918836365002,0.0005276748011730645,0.00076127381885445,0.02458280040050828,3.2715837672730004,0.07048954174541223,-1.26770654675704,95.99999088010867,96.00000232193322,0.22339929704628497,True,True,0.09888116272620327
single_driver_given_y_history,weak_monsoon_start,Weak monsoon starts,pre_phase,Precession phase,16.0,event_history_2ka,event_history_2ka+pre_phase_pre_phase_sin_lag+pre_phase_pre_phase_cos_lag,True,3100,96,2,-429.5242188408374,-427.2971685026196,2.2270503382177935,0.0007184033349089656,0.0010364369286312578,0.03346827582038437,4.454100676435587,0.10784607087273543,-0.44505132282176874,95.99999088010867,96.00001367894566,0.21306989678423166,True,True,0.13447473034748492
single_driver_given_y_history,weak_monsoon_start,Weak monsoon starts,lr04,LR04,16.2,event_history_2ka,event_history_2ka+lr04_lr04_scaled_lag,True,3100,96,1,-429.5242188408374,-429.0145063038967,0.5097125369406967,0.00016442339901312798,0.00023721282236234702,0.007659997388784122,1.0194250738813935,0.3126554220561634,0.9844521466345668,95.99999088010867,96.00000532843976,0.1953455920829173,True,True,0.35884315485991486
single_driver_given_y_history,weak_monsoon_start,Weak monsoon starts,co2,CO2,16.2,event_history_2ka,event_history_2ka+co2_co2_scaled_lag,True,3100,96,1,-429.5242188408374,-427.9788553112572,1.5453635295802428,0.0004985043643807235,0.0007191897743535746,0.023223836463500847,3.0907270591604856,0.07873961880192124,-1.0868498386445253,95.99999088010867,95.99999711585471,0.22118463227733262,True,True,0.10740435054576651
single_driver_given_y_history,weak_monsoon_start,Weak monsoon starts,pre_phase,Precession phase,16.2,event_history_2ka,event_history_2ka+pre_phase_pre_phase_sin_lag+pre_phase_pre_phase_cos_lag,True,3100,96,2,-429.5242188408374,-427.3177592360222,2.2064596048152225,0.0007117611628436202,0.0010268542999318528,0.033158836768632745,4.412919209630445,0.11008972049115877,-0.4038698560166267,95.99999088010867,96.00001601527296,0.2127754638657645,True,True,0.13559831426350044
single_driver_given_y_history,weak_monsoon_start,Weak monsoon starts,lr04,LR04,16.4,event_history_2ka,event_history_2ka+lr04_lr04_scaled_lag,True,3100,96,1,-429.5242188408374,-429.02384637001927,0.5003724708181494,0.00016141047445746755,0.0002328660910473231,0.007519634190069809,1.0007449416362988,0.3171303209098349,1.0031322788796615,95.99999088010867,96.0000069587445,0.1949213998397448,True,True,0.35988946530217214
single_driver_given_y_history,weak_monsoon_start,Weak monsoon starts,co2,CO2,16.4,event_history_2ka,event_history_2ka+co2_co2_scaled_lag,True,3100,96,1,-429.5242188408374,-428.0682913732403,1.455927467597121,0.0004696540218055229,0.0006775675281923849,0.021879784764545763,2.911854935194242,0.08793068805269294,-0.9079777146782817,95.99999088010867,95.99999932526444,0.21898001624535288,True,True,0.11241771510534161
single_driver_given_y_history,weak_monsoon_start,Weak monsoon starts,pre_phase,Precession phase,16.4,event_history_2ka,event_history_2ka+pre_phase_pre_phase_sin_lag+pre_phase_pre_phase_cos_lag,True,3100,96,2,-429.5242188408374,-427.33824004652865,2.1859787943087667,0.0007051544497770216,0.0010173228277540946,0.032851049646225976,4.3719575886175335,0.11236769495013958,-0.36290823500371516,95.99999088010867,96.00003264278148,0.2124811675398966,True,True,0.13673659265016985
single_driver_given_y_history,weak_monsoon_start,Weak monsoon starts,lr04,LR04,16.6,event_history_2ka,event_history_2ka+lr04_lr04_scaled_lag,True,3100,96,1,-429.5242188408374,-429.00780594218213,0.5164128986552896,0.00016658480601783535,0.000240331073529381,0.007760690916052929,1.0328257973105792,0.3094958920316649,0.9710514232053811,95.99999088010867,96.00000180108056,0.1955189960526531,True,True,0.35884315485991486
single_driver_given_y_history,weak_monsoon_start,Weak monsoon starts,co2,CO2,16.6,event_history_2ka,event_history_2ka+co2_co2_scaled_lag,True,3100,96,1,-429.5242188408374,-428.1464604333604,1.3777584074770175,0.0004444381959603282,0.0006411887812936028,0.020705054395939258,2.755516814954035,0.09691949320744662,-0.7516395944380747,95.99999088010867,95.99999992187742,0.2170127666206764,True,True,0.11653415254704891
single_driver_given_y_history,weak_monsoon_start,Weak monsoon starts,pre_phase,Precession phase,16.6,event_history_2ka,event_history_2ka+pre_phase_pre_phase_sin_lag+pre_phase_pre_phase_cos_lag,True,3100,96,2,-429.5242188408374,-427.35714089244874,2.1670779483886804,0.000699057402706026,0.0010085266481807027,0.032567006347501856,4.334155896777361,0.11451173772169664,-0.3251065431635425,95.99999088010867,96.00005757305973,0.21220735829487186,True,True,0.13768673226061143
single_driver_given_y_history,weak_monsoon_start,Weak monsoon starts,lr04,LR04,16.8,event_history_2ka,event_history_2ka+lr04_lr04_scaled_lag,True,3100,96,1,-429.5242188408374,-428.96197143046953,0.5622474103678883,0.00018137013237673816,0.00026166179054529497,0.008449495319691818,1.1244948207357766,0.28895265732796643,0.8793823997801837,95.99999088010867,95.99999701734875,0.1972681017607675,True,True,0.3523748980298706
single_driver_given_y_history,weak_monsoon_start,Weak monsoon starts,co2,CO2,16.8,event_history_2ka,event_history_2ka+co2_co2_scaled_lag,True,3100,96,1,-429.5242188408374,-428.1132900065329,1.4109288343045137,0.0004551383336466173,0.0006566258168704412,0.021203542003107995,2.8218576686090273,0.0929887257973771,-0.817980448093067,95.99999088010867,95.9999988229655,0.21774452980679507,True,True,0.11653415254704891
single_driver_given_y_history,weak_monsoon_start,Weak monsoon starts,pre_phase,Precession phase,16.8,event_history_2ka,event_history_2ka+pre_phase_pre_phase_sin_lag+pre_phase_pre_phase_cos_lag,True,3100,96,2,-429.5242188408374,-427.37468602834804,2.149532812489383,0.0006933976814481881,0.0010003613963892061,0.03230333675840145,4.299065624978766,0.11653859043133237,-0.2900162713649479,95.99999088010867,96.00001480759478,0.21195236749045404,True,True,0.13847526627723022
single_driver_given_y_history,weak_monsoon_start,Weak monsoon starts,lr04,LR04,17.0,event_history_2ka,event_history_2ka+lr04_lr04_scaled_lag,True,3100,96,1,-429.5242188408374,-428.9406627406084,0.5835561002290319,0.00018824390329968773,0.0002715785457680411,0.00876972387375966,1.1671122004580639,0.27999540101088416,0.8367650200578964,95.99999088010867,96.0000026569797,0.19805660197219474,True,True,0.3523748980298706
single_driver_given_y_history,weak_monsoon_start,Weak monsoon starts,co2,CO2,17.0,event_history_2ka,event_history_2ka+co2_co2_scaled_lag,True,3100,96,1,-429.5242188408374,-428.13678888734984,1.3874299534875831,0.0004475580495121236,0.0006456897785410778,0.020850399098722303,2.7748599069751663,0.09575503431614772,-0.770982686459206,95.99999088010867,96.00000062603075,0.21714467258632902,True,True,0.11653415254704891
single_driver_given_y_history,weak_monsoon_start,Weak monsoon starts,pre_phase,Precession phase,17.0,event_history_2ka,event_history_2ka+pre_phase_pre_phase_sin_lag+pre_phase_pre_phase_cos_lag,True,3100,96,2,-429.5242188408374,-427.39132940819337,2.132889432644049,0.0006880288492400158,0.000992615808787111,0.032053218825417125,4.265778865288098,0.11849441709442211,-0.2567295116742798,95.99999088010867,96.00000463087555,0.21170880263729713,True,True,0.13916204798298412
single_driver_given_y_history,weak_monsoon_start,Weak monsoon starts,lr04,LR04,17.2,event_history_2ka,event_history_2ka+lr04_lr04_scaled_lag,True,3100,96,1,-429.5242188408374,-428.9472428812113,0.576975959626111,0.0001861212772987455,0.0002685162437628197,0.008670837038174386,1.153951919252222,0.28272340001904095,0.8499253012637382,95.99999088010867,96.00000819369757,0.1978018472239441,True,True,0.3523748980298706
single_driver_given_y_history,weak_monsoon_start,Weak monsoon starts,co2,CO2,17.2,event_history_2ka,event_history_2ka+co2_co2_scaled_lag,True,3100,96,1,-429.5242188408374,-428.01107100659704,1.5131478342403852,0.00048811220459367264,0.0007041970569646708,0.022739696631150826,3.0262956684807705,0.08192485983889142,-1.0224184479648102,95.99999088010867,95.99999987671237,0.2201087626818324,True,True,0.10887382689115832
single_driver_given_y_history,weak_monsoon_start,Weak monsoon starts,pre_phase,Precession phase,17.2,event_history_2ka,event_history_2ka+pre_phase_pre_phase_sin_lag+pre_phase_pre_phase_cos_lag,True,3100,96,2,-429.5242188408374,-427.40809880266585,2.116120038171573,0.0006826193671521203,0.0009848115758051266,0.031801207135373884,4.232240076343146,0.12049825130221115,-0.22319072272932772,95.99999088010867,96.0000020837173,0.21146380840933526,True,True,0.13988877450026813
single_driver_given_y_history,weak_monsoon_start,Weak monsoon starts,lr04,LR04,17.4,event_history_2ka,event_history_2ka+lr04_lr04_scaled_lag,True,3100,96,1,-429.5242188408374,-428.9634216733574,0.5607971674800183,0.00018090231209032847,0.0002609868685380645,0.008427700963208332,1.1215943349600366,0.2895754112522699,0.8822828855559237,95.99999088010867,95.99999905499693,0.19718793897390396,True,True,0.3523748980298706
single_driver_given_y_history,weak_monsoon_start,Weak monsoon starts,co2,CO2,17.4,event_history_2ka,event_history_2ka+co2_co2_scaled_lag,True,3100,96,1,-429.5242188408374,-428.05017464285737,1.4740441979800494,0.00047549812838066106,0.0006859987917667634,0.022152044317468405,2.9480883959600988,0.08597920412835838,-0.9442111754441385,95.99999088010867,95.99999608597,0.2191685915591242,True,True,0.11152052947554011
single_driver_given_y_history,weak_monsoon_start,Weak monsoon starts,pre_phase,Precession phase,17.4,event_history_2ka,event_history_2ka+pre_phase_pre_phase_sin_lag+pre_phase_pre_phase_cos_lag,True,3100,96,2,-429.5242188408374,-427.4234580048202,2.10076083601723,0.0006776647858120097,0.000977663625876068,0.03157038791891469,4.20152167203446,0.12236329442610336,-0.1924723184206414,95.99999088010867,96.00000184359425,0.21123751033025728,True,True,0.1404396901935959
single_driver_given_y_history,weak_monsoon_start,Weak monsoon starts,lr04,LR04,17.6,event_history_2ka,event_history_2ka+lr04_lr04_scaled_lag,True,3100,96,1,-429.5242188408374,-429.00950488363543,0.514713957201991,0.00016603676038773901,0.00023954041081666018,0.007735159099287985,1.029427914403982,0.3102930719951144,0.9744493061119783,95.99999088010867,96.00000472951031,0.19540242515366404,True,True,0.35884315485991486
single_driver_given_y_history,weak_monsoon_start,Weak monsoon starts,co2,CO2,17.6,event_history_2ka,event_history_2ka+co2_co2_scaled_lag,True,3100,96,1,-429.5242188408374,-427.9892823776681,1.5349364631693447,0.0004951407945707563,0.0007143371688690512,0.02306713774472978,3.0698729263386895,0.07975570585081672,-1.0659957058227292,95.99999088010867,95.99999968856662,0.22058509401925225,True,True,0.10740435054576651
single_driver_given_y_history,weak_monsoon_start,Weak monsoon starts,pre_phase,Precession phase,17.6,event_history_2ka,event_history_2ka+pre_phase_pre_phase_sin_lag+pre_phase_pre_phase_cos_lag,True,3100,96,2,-429.5242188408374,-427.4372001394271,2.0870187014103294,0.0006732318391646224,0.0009712682357313569,0.0313638701121584,4.174037402820659,0.12405643432205184,-0.16498804920684051,95.99999088010867,96.00000384290863,0.21103553179546358,True,True,0.14078314456772173
single_driver_given_y_history,weak_monsoon_start,Weak monsoon starts,lr04,LR04,17.8,event_history_2ka,event_history_2ka+lr04_lr04_scaled_lag,True,3100,96,1,-429.5242188408374,-429.0815976325805,0.44262120825692364,0.00014278103492158827,0.0002059894910143693,0.006651743980672343,0.8852424165138473,0.3467698326762577,1.118634804002113,95.99999088010867,95.99999939997234,0.19246858054585625,True,True,0.3891528122255781
single_driver_given_y_history,weak_monsoon_start,Weak monsoon starts,co2,CO2,17.8,event_history_2ka,event_history_2ka+co2_co2_scaled_lag,True,3100,96,1,-429.5242188408374,-428.05154126229877,1.4726775785386508,0.00047505728339956475,0.000685362786898735,0.022131506660271652,2.9453551570773016,0.08612476533754583,-0.9414779365613413,95.99999088010867,96.00000381634759,0.21910624563086173,True,True,0.11152052947554011
single_driver_given_y_history,weak_monsoon_start,Weak monsoon starts,pre_phase,Precession phase,17.8,event_history_2ka,event_history_2ka+pre_phase_pre_phase_sin_lag+pre_phase_pre_phase_cos_lag,True,3100,96,2,-429.5242188408374,-427.450837111599,2.073381729238406,0.0006688328158833568,0.0009649217866587199,0.031158932694187833,4.146763458476812,0.12575977628106105,-0.13771410486299374,95.99999088010867,96.00000648268264,0.2108348880585788,True,True,0.14113041560430187
single_driver_given_y_history,weak_monsoon_start,Weak monsoon starts,lr04,LR04,18.0,event_history_2ka,event_history_2ka+lr04_lr04_scaled_lag,True,3100,96,1,-429.5242188408374,-429.15842787812414,0.3657909627132767,0.00011799708474621829,0.00017023380900272388,0.005497133415712958,0.7315819254265534,0.3923709050090205,1.2722952950894069,95.99999088010867,96.00000484754666,0.18910859606622304,True,True,0.4354885868781437
single_driver_given_y_history,weak_monsoon_start,Weak monsoon starts,co2,CO2,18.0,event_history_2ka,event_history_2ka+co2_co2_scaled_lag,True,3100,96,1,-429.5242188408374,-428.2847508511493,1.239467989688137,0.0003998283837703668,0.0005768304264721576,0.018626815854830087,2.478935979376274,0.11538028455052553,-0.4750587588603139,95.99999088010867,96.00000296282039,0.2133791356752337,True,True,0.13550475278608232
single_driver_given_y_history,weak_monsoon_start,Weak monsoon starts,pre_phase,Precession phase,18.0,event_history_2ka,event_history_2ka+pre_phase_pre_phase_sin_lag+pre_phase_pre_phase_cos_lag,True,3100,96,2,-429.5242188408374,-427.46361641280265,2.0606024280347697,0.0006647104606563773,0.000958974485215974,0.030966884418432494,4.121204856069539,0.1273772111733377,-0.11215550245572103,95.99999088010867,95.99998868797407,0.21064689252677912,True,True,0.1413747069066715
single_driver_given_y_history,weak_monsoon_start,Weak monsoon starts,lr04,LR04,18.2,event_history_2ka,event_history_2ka+lr04_lr04_scaled_lag,True,3100,96,1,-429.5242188408374,-429.2335433678207,0.2906754730167336,9.376628161830116e-05,0.00013527614949332105,0.004368292327388492,0.5813509460334672,0.445783279898034,1.4225262744824931,95.99999088010867,95.9999897835742,0.18550984479060237,True,True,0.48939251380110255
single_driver_given_y_history,weak_monsoon_start,Weak monsoon starts,co2,CO2,18.2,event_history_2ka,event_history_2ka+co2_co2_scaled_lag,True,3100,96,1,-429.5242188408374,-428.4666285568965,1.0575902839408968,0.00034115815610996674,0.0004921871799786718,0.015893544353477944,2.1151805678817936,0.1458448509901904,-0.11130334736583336,95.99999088010867,96.00000557492484,0.20861979950950071,True,True,0.15980441566937456
single_driver_given_y_history,weak_monsoon_start,Weak monsoon starts,pre_phase,Precession phase,18.2,event_history_2ka,event_history_2ka+pre_phase_pre_phase_sin_lag+pre_phase_pre_phase_cos_lag,True,3100,96,2,-429.5242188408374,-427.4756891675664,2.048529673271048,0.000660816023635822,0.0009533560002393643,0.03078545417439614,4.097059346542096,0.1289243251791876,-0.08800999292827782,95.99999088010867,95.99999628791724,0.21046912762150605,True,True,0.14153648742497768
single_driver_given_y_history,weak_monsoon_start,Weak monsoon starts,lr04,LR04,18.4,event_history_2ka,event_history_2ka+lr04_lr04_scaled_lag,True,3100,96,1,-429.5242188408374,-429.3010395279015,0.2231793129359403,7.199332675352913e-05,0.0001038644154844152,0.003353955083350908,0.4463586258718806,0.5040692765759215,1.5575185946440797,95.99999088010867,95.99999578965597,0.18190235511091743,True,True,0.5474300745609469
single_driver_given_y_history,weak_monsoon_start,Weak monsoon starts,co2,CO2,18.4,event_history_2ka,event_history_2ka+co2_co2_scaled_lag,True,3100,96,1,-429.5242188408374,-428.52873869406193,0.9954801467754919,0.00032112262799209416,0.0004632820229214257,0.014960148656837704,1.9909602935509838,0.15824050843652163,0.012916926964976483,95.99999088010867,96.00000812377264,0.2068999654506333,True,True,0.17002437608604984
single_driver_given_y_history,weak_monsoon_start,Weak monsoon starts,pre_phase,Precession phase,18.4,event_history_2ka,event_history_2ka+pre_phase_pre_phase_sin_lag+pre_phase_pre_phase_cos_lag,True,3100,96,2,-429.5242188408374,-427.487616896895,2.036601943942401,0.0006569683690136776,0.0009478050079969433,0.030606203383234627,4.073203887884802,0.13047130728490786,-0.06415453427098328,95.99999088010867,95.9999934973762,0.21029381221989404,True,True,0.1416946455459752
single_driver_given_y_history,weak_monsoon_start,Weak monsoon starts,lr04,LR04,18.6,event_history_2ka,event_history_2ka+lr04_lr04_scaled_lag,True,3100,96,1,-429.5242188408374,-429.3532264255202,0.17099241531724374,5.515884365072379e-05,7.95773901960689e-05,0.002569686558414725,0.3419848306344875,0.55868577454522,1.6618923898814728,95.99999088010867,95.99999742086828,0.17876010030266454,True,True,0.6002900343517789
single_driver_given_y_history,weak_monsoon_start,Weak monsoon starts,co2,CO2,18.6,event_history_2ka,event_history_2ka+co2_co2_scaled_lag,True,3100,96,1,-429.5242188408374,-428.4734268903295,1.0507919505079144,0.0003389651453251337,0.0004890233341947772,0.01579137850003968,2.101583901015829,0.14714664017081025,-0.09770668049986853,95.99999088010867,96.00001407821824,0.20837390017590487,True,True,0.15980441566937456
single_driver_given_y_history,weak_monsoon_start,Weak monsoon starts,pre_phase,Precession phase,18.6,event_history_2ka,event_history_2ka+pre_phase_pre_phase_sin_lag+pre_phase_pre_phase_cos_lag,True,3100,96,2,-429.5242188408374,-427.499439946669,2.024778894168435,0.0006531544819898177,0.0009423027321011098,0.030428525724098335,4.04955778833687,0.13202303102297108,-0.04050843472305132,95.99999088010867,95.99999809300938,0.21011984209576906,True,True,0.14185453333319234
single_driver_given_y_history,weak_monsoon_start,Weak monsoon starts,lr04,LR04,18.8,event_history_2ka,event_history_2ka+lr04_lr04_scaled_lag,True,3100,96,1,-429.5242188408374,-429.3889634345218,0.13525540631559352,4.363077623083662e-05,6.294590449836405e-05,0.002032628166093006,0.27051081263118704,0.6029893205804816,1.7333664078847733,95.99999088010867,95.99999264200466,0.1763454165307243,True,True,0.6410728566171436
single_driver_given_y_history,weak_monsoon_start,Weak monsoon starts,co2,CO2,18.8,event_history_2ka,event_history_2ka+co2_co2_scaled_lag,True,3100,96,1,-429.5242188408374,-428.5500801944181,0.9741386464193056,0.0003142382730384857,0.00045334999817013533,0.014639427024243952,1.9482772928386112,0.16277260983444414,0.055599927677349115,95.99999088010867,96.00000924844309,0.20625501288253956,True,True,0.17305298519240903
single_driver_given_y_history,weak_monsoon_start,Weak monsoon starts,pre_phase,Precession phase,18.8,event_history_2ka,event_history_2ka+pre_phase_pre_phase_sin_lag+pre_phase_pre_phase_cos_lag,True,3100,96,2,-429.5242188408374,-427.51098616847594,2.0132326723614824,0.0006494298943101556,0.0009369292879263052,0.030255008255953605,4.026465344722965,0.1335562325319145,-0.01741599110914649,95.99999088010867,95.99999983176625,0.2099503674992351,True,True,0.1419784374325651
single_driver_given_y_history,weak_monsoon_start,Weak monsoon starts,lr04,LR04,19.0,event_history_2ka,event_history_2ka+lr04_lr04_scaled_lag,True,3100,96,1,-429.5242188408374,-429.41404192272864,0.1101769181087775,3.55409413254121e-05,5.1274739798697655e-05,0.001655746805999612,0.220353836217555,0.6387704451055354,1.7835233842984053,95.99999088010867,96.00000849143683,0.1744668324160354,True,True,0.6720397391214487
single_driver_given_y_history,weak_monsoon_start,Weak monsoon starts,co2,CO2,19.0,event_history_2ka,event_history_2ka+co2_co2_scaled_lag,True,3100,96,1,-429.5242188408374,-428.682693533009,0.8415253078284195,0.000271459776718845,0.00039163367367310293,0.01264650404569395,1.683050615656839,0.19451959014434178,0.3208266048591213,95.99999088010867,96.00000578775932,0.2024506253385975,True,True,0.2025410165420466
single_driver_given_y_history,weak_monsoon_start,Weak monsoon starts,pre_phase,Precession phase,19.0,event_history_2ka,event_history_2ka+pre_phase_pre_phase_sin_lag+pre_phase_pre_phase_cos_lag,True,3100,96,2,-429.5242188408374,-427.52219238266207,2.002026458175351,0.0006458149865081776,0.0009317140783671208,0.03008660044727161,4.004052916350702,0.13506130963726135,0.004996437263116604,95.99999088010867,96.00000020403272,0.20978567456815686,True,True,0.1419784374325651
single_driver_given_y_history,weak_monsoon_start,Weak monsoon starts,lr04,LR04,19.2,event_history_2ka,event_history_2ka+lr04_lr04_scaled_lag,True,3100,96,1,-429.5242188408374,-429.4296785625678,0.0945402782696192,3.0496863957941674e-05,4.399767439478782e-05,0.0014207582356650234,0.1890805565392384,0.6636829664407228,1.814796663976722,95.99999088010867,95.99999413948898,0.17318888801876173,True,True,0.687206021288178
single_driver_given_y_history,weak_monsoon_start,Weak monsoon starts,co2,CO2,19.2,event_history_2ka,event_history_2ka+co2_co2_scaled_lag,True,3100,96,1,-429.5242188408374,-428.85425625050516,0.6699625903322612,0.00021611696462331008,0.00031179087311402503,0.010068246944307057,1.3399251806645225,0.2470471631832027,0.6639520398514378,95.99999088010867,96.00000504210854,0.19716201800381838,True,True,0.24704716318320272
single_driver_given_y_history,weak_monsoon_start,Weak monsoon starts,pre_phase,Precession phase,19.2,event_history_2ka,event_history_2ka+pre_phase_pre_phase_sin_lag+pre_phase_pre_phase_cos_lag,True,3100,96,2,-429.5242188408374,-427.53276961954543,1.9914492212919868,0.0006424029746103183,0.0009267915857226249,0.02992764495562643,3.9828984425839735,0.13649746700189347,0.026150911029844792,95.99999088010867,96.00000558749224,0.20963036308668273,True,True,0.1419784374325651
single_driver_given_y_history,weak_monsoon_start,Weak monsoon starts,lr04,LR04,19.4,event_history_2ka,event_history_2ka+lr04_lr04_scaled_lag,True,3100,96,1,-429.5242188408374,-429.43938201193754,0.08483682889988131,2.7366718999961713e-05,3.948182978664654e-05,0.001274934086860461,0.16967365779976262,0.6804020012754237,1.8342035627161977,95.99999088010867,95.99999635997357,0.1723412463026048,True,True,0.687206021288178
single_driver_given_y_history,weak_monsoon_start,Weak monsoon starts,co2,CO2,19.4,event_history_2ka,event_history_2ka+co2_co2_scaled_lag,True,3100,96,1,-429.5242188408374,-428.83572611164595,0.6884927291914664,0.0002220944287714408,0.00032041453099762476,0.010346719230131632,1.3769854583829328,0.2406153015276549,0.6268917621330274,95.99999088010867,96.00000327463741,0.19769204685584912,True,True,0.24302145454293142
single_driver_given_y_history,weak_monsoon_start,Weak monsoon starts,pre_phase,Precession phase,19.4,event_history_2ka,event_history_2ka+pre_phase_pre_phase_sin_lag+pre_phase_pre_phase_cos_lag,True,3100,96,2,-429.5242188408374,-427.54264533364125,1.981573507196174,0.0006392172603858626,0.0009221955716093132,0.02977923199988407,3.963147014392348,0.13785215520732985,0.045902339221470356,95.99999088010867,96.00000212721476,0.20948555298035085,True,True,0.1419784374325651
single_driver_given_y_history,weak_monsoon_start,Weak monsoon starts,lr04,LR04,19.6,event_history_2ka,event_history_2ka+lr04_lr04_scaled_lag,True,3100,96,1,-429.5242188408374,-429.4434328680655,0.08078597277193467,2.605999121675312e-05,3.759662009401967e-05,0.001214057523869385,0.16157194554386933,0.6877133693468003,1.842305274972091,95.99999088010867,95.99999898671965,0.17196456710310917,True,True,0.6877133693468003
single_driver_given_y_history,weak_monsoon_start,Weak monsoon starts,co2,CO2,19.6,event_history_2ka,event_history_2ka+co2_co2_scaled_lag,True,3100,96,1,-429.5242188408374,-428.79664764952804,0.7275711913093801,0.0002347003842933484,0.0003386010805147477,0.010933993224955396,1.4551423826187602,0.22770460274002752,0.5487348378972001,95.99999088010867,96.0000037210236,0.19886232554449437,True,True,0.23230469572467455
single_driver_given_y_history,weak_monsoon_start,Weak monsoon starts,pre_phase,Precession phase,19.6,event_history_2ka,event_history_2ka+pre_phase_pre_phase_sin_lag+pre_phase_pre_phase_cos_lag,True,3100,96,2,-429.5242188408374,-427.5524820775794,1.9717367632580363,0.0006360441171800117,0.0009176176936422017,0.02963140469052943,3.9434735265160725,0.13921486287449464,0.06557582709774579,95.99999088010867,96.00000495368704,0.20934106839401748,True,True,0.1419784374325651
single_driver_given_y_history,weak_monsoon_start,Weak monsoon starts,lr04,LR04,19.8,event_history_2ka,event_history_2ka+lr04_lr04_scaled_lag,True,3100,96,1,-429.5242188408374,-429.43927882671835,0.08494001411906993,2.7400004554538687e-05,3.9529850691167974e-05,0.0012764847619022993,0.16988002823813986,0.680218452380059,1.8339971922778204,95.99999088010867,96.00000499822752,0.1723144442520738,True,True,0.687206021288178
single_driver_given_y_history,weak_monsoon_start,Weak monsoon starts,co2,CO2,19.8,event_history_2ka,event_history_2ka+co2_co2_scaled_lag,True,3100,96,1,-429.5242188408374,-428.73327819347367,0.7909406473637546,0.0002551421443108886,0.0003680923063190952,0.011886314058220783,1.5818812947275092,0.20848991618046625,0.42199592578845113,95.99999088010867,96.00000373287641,0.2007292042503475,True,True,0.21487226055333766
single_driver_given_y_history,weak_monsoon_start,Weak monsoon starts,pre_phase,Precession phase,19.8,event_history_2ka,event_history_2ka+pre_phase_pre_phase_sin_lag+pre_phase_pre_phase_cos_lag,True,3100,96,2,-429.5242188408374,-427.5624270458603,1.9617917949771027,0.0006328360628958396,0.000912989449635524,0.029481950977813795,3.9235835899542053,0.14060625749000547,0.085465763659613,95.99999088010867,95.9999975142442,0.20919459162789844,True,True,0.1419784374325651
single_driver_given_y_history,weak_monsoon_start,Weak monsoon starts,lr04,LR04,20.0,event_history_2ka,event_history_2ka+lr04_lr04_scaled_lag,True,3100,96,1,-429.5242188408374,-429.43215900385076,0.09205983698666387,2.9696721608601247e-05,4.284331299538914e-05,0.0013834819821427742,0.18411967397332774,0.6678565033257919,1.8197575465426326,95.99999088010867,95.99999653733698,0.1729088627380416,True,True,0.687206021288178
single_driver_given_y_history,weak_monsoon_start,Weak monsoon starts,co2,CO2,20.0,event_history_2ka,event_history_2ka+co2_co2_scaled_lag,True,3100,96,1,-429.5242188408374,-428.56527322009595,0.9589456207414742,0.00030933729701337876,0.00044627938436319795,0.0144111051200616,1.9178912414829483,0.16608931507588484,0.08598597903301197,95.99999088010867,96.00000864002456,0.20548727410142173,True,True,0.17473980023608718
single_driver_given_y_history,weak_monsoon_start,Weak monsoon starts,pre_phase,Precession phase,20.0,event_history_2ka,event_history_2ka+pre_phase_pre_phase_sin_lag+pre_phase_pre_phase_cos_lag,True,3100,96,2,-429.5242188408374,-427.57213875885986,1.952080081977556,0.0006297032522508245,0.0009084697592539165,0.029336002642574386,3.904160163955112,0.1419784374325651,0.10488918965870653,95.99999088010867,95.99999575868728,0.20905150274685633,True,True,0.1419784374325651
