dataset_id,window_center_ka,observed_event_count,expected_event_count,fixed_n_mc_q025,fixed_n_mc_q500,fixed_n_mc_q975
rousseau2023_strong_monsoon_starts,10.0,3.0,3.0,0.0,3.0,7.0
rousseau2023_strong_monsoon_starts,10.2,3.0,3.0,0.0,3.0,7.0
rousseau2023_strong_monsoon_starts,10.399999999999999,3.0,3.0,0.0,3.0,7.0
rousseau2023_strong_monsoon_starts,10.599999999999998,3.0,3.0,0.0,3.0,7.0
rousseau2023_strong_monsoon_starts,10.799999999999997,3.0,3.0,0.0,3.0,7.0
rousseau2023_strong_monsoon_starts,10.999999999999996,3.0,3.0,0.0,3.0,7.0
rousseau2023_strong_monsoon_starts,11.199999999999996,3.0,3.0,0.0,3.0,7.0
rousseau2023_strong_monsoon_starts,11.399999999999995,3.0,3.0,0.0,3.0,7.0
rousseau2023_strong_monsoon_starts,11.599999999999994,3.0,3.0,0.0,3.0,7.0
rousseau2023_strong_monsoon_starts,11.799999999999994,3.0,3.0,0.0,3.0,7.0
rousseau2023_strong_monsoon_starts,11.999999999999993,3.0,3.0,0.0,3.0,7.0
rousseau2023_strong_monsoon_starts,12.199999999999992,3.0,3.0,0.0,3.0,7.0
rousseau2023_strong_monsoon_starts,12.399999999999991,3.0,3.0,0.0,3.0,7.0
rousseau2023_strong_monsoon_starts,12.59999999999999,3.0,3.0,0.0,3.0,7.0
rousseau2023_strong_monsoon_starts,12.79999999999999,3.0,3.0,0.0,3.0,7.0
rousseau2023_strong_monsoon_starts,12.99999999999999,3.0,3.0,0.0,3.0,7.0
rousseau2023_strong_monsoon_starts,13.199999999999989,3.0,3.0,0.0,3.0,7.0
rousseau2023_strong_monsoon_starts,13.399999999999988,3.0,3.0,0.0,3.0,7.0
rousseau2023_strong_monsoon_starts,13.599999999999987,3.0,3.0,0.0,3.0,7.0
rousseau2023_strong_monsoon_starts,13.799999999999986,4.0,3.0,0.0,3.0,7.0
rousseau2023_strong_monsoon_starts,13.999999999999986,4.0,3.0,0.0,3.0,7.0
rousseau2023_strong_monsoon_starts,14.199999999999985,4.0,3.0,0.0,3.0,7.0
rousseau2023_strong_monsoon_starts,14.399999999999984,4.0,3.0,0.0,3.0,7.0
rousseau2023_strong_monsoon_starts,14.599999999999984,4.0,3.0,0.0,3.0,7.0
rousseau2023_strong_monsoon_starts,14.799999999999983,4.0,3.0,0.0,3.0,7.0
rousseau2023_strong_monsoon_starts,14.999999999999982,4.0,3.0,0.0,3.0,7.0
rousseau2023_strong_monsoon_starts,15.199999999999982,4.0,3.0,0.0,3.0,7.0
rousseau2023_strong_monsoon_starts,15.39999999999998,4.0,3.0,0.0,3.0,7.0
rousseau2023_strong_monsoon_starts,15.59999999999998,4.0,3.0,0.0,3.0,7.0
rousseau2023_strong_monsoon_starts,15.79999999999998,4.0,3.0,0.0,3.0,7.0
rousseau2023_strong_monsoon_starts,15.999999999999979,4.0,3.0,0.0,3.0,7.0
rousseau2023_strong_monsoon_starts,16.199999999999978,4.0,3.0,0.0,3.0,7.0
rousseau2023_strong_monsoon_starts,16.399999999999977,4.0,3.0,0.0,3.0,7.0
rousseau2023_strong_monsoon_starts,16.599999999999977,4.0,3.0,0.0,3.0,7.0
rousseau2023_strong_monsoon_starts,16.799999999999976,4.0,3.0,0.0,3.0,7.0
rousseau2023_strong_monsoon_starts,16.999999999999975,4.0,3.0,0.0,3.0,7.0
rousseau2023_strong_monsoon_starts,17.199999999999974,4.0,3.0,0.0,3.0,7.0
rousseau2023_strong_monsoon_starts,17.399999999999974,4.0,3.0,0.0,3.0,7.0
rousseau2023_strong_monsoon_starts,17.599999999999973,4.0,3.0,0.0,3.0,7.0
rousseau2023_strong_monsoon_starts,17.799999999999972,4.0,3.0,0.0,3.0,7.0
rousseau2023_strong_monsoon_starts,17.99999999999997,5.0,3.0,0.0,3.0,7.0
rousseau2023_strong_monsoon_starts,18.19999999999997,5.0,3.0,0.0,3.0,7.0
rousseau2023_strong_monsoon_starts,18.39999999999997,5.0,3.0,0.0,3.0,7.0
rousseau2023_strong_monsoon_starts,18.59999999999997,5.0,3.0,0.0,3.0,7.0
rousseau2023_strong_monsoon_starts,18.79999999999997,5.0,3.0,0.0,3.0,7.0
rousseau2023_strong_monsoon_starts,18.999999999999968,5.0,3.0,0.0,3.0,7.0
rousseau2023_strong_monsoon_starts,19.199999999999967,5.0,3.0,0.0,3.0,7.0
rousseau2023_strong_monsoon_starts,19.399999999999967,5.0,3.0,0.0,3.0,7.0
rousseau2023_strong_monsoon_starts,19.599999999999966,6.0,3.0,0.0,3.0,7.0
rousseau2023_strong_monsoon_starts,19.799999999999965,6.0,3.0,0.0,3.0,7.0
rousseau2023_strong_monsoon_starts,19.999999999999964,6.0,3.0,0.0,3.0,7.0
rousseau2023_strong_monsoon_starts,20.199999999999964,6.0,3.0,0.0,3.0,7.0
rousseau2023_strong_monsoon_starts,20.399999999999963,6.0,3.0,0.0,3.0,7.0
rousseau2023_strong_monsoon_starts,20.599999999999962,6.0,3.0,0.0,3.0,7.0
rousseau2023_strong_monsoon_starts,20.79999999999996,6.0,3.0,0.0,3.0,7.0
rousseau2023_strong_monsoon_starts,20.99999999999996,5.0,3.0,0.0,3.0,7.0
rousseau2023_strong_monsoon_starts,21.19999999999996,5.0,3.0,0.0,3.0,7.0
rousseau2023_strong_monsoon_starts,21.39999999999996,5.0,3.0,0.0,3.0,7.0
rousseau2023_strong_monsoon_starts,21.59999999999996,4.0,3.0,0.0,3.0,7.0
rousseau2023_strong_monsoon_starts,21.799999999999958,4.0,3.0,0.0,3.0,7.0
rousseau2023_strong_monsoon_starts,21.999999999999957,4.0,3.0,0.0,3.0,7.0
rousseau2023_strong_monsoon_starts,22.199999999999957,4.0,3.0,0.0,3.0,7.0
rousseau2023_strong_monsoon_starts,22.399999999999956,4.0,3.0,0.0,3.0,7.0
rousseau2023_strong_monsoon_starts,22.599999999999955,4.0,3.0,0.0,3.0,7.0
rousseau2023_strong_monsoon_starts,22.799999999999955,5.0,3.0,0.0,3.0,7.0
rousseau2023_strong_monsoon_starts,22.999999999999954,5.0,3.0,0.0,3.0,7.0
rousseau2023_strong_monsoon_starts,23.199999999999953,5.0,3.0,0.0,3.0,7.0
rousseau2023_strong_monsoon_starts,23.399999999999952,5.0,3.0,0.0,3.0,7.0
rousseau2023_strong_monsoon_starts,23.59999999999995,5.0,3.0,0.0,3.0,7.0
rousseau2023_strong_monsoon_starts,23.79999999999995,5.0,3.0,0.0,3.0,7.0
rousseau2023_strong_monsoon_starts,23.99999999999995,6.0,3.0,0.0,3.0,7.0
rousseau2023_strong_monsoon_starts,24.19999999999995,6.0,3.0,0.0,3.0,7.0
rousseau2023_strong_monsoon_starts,24.39999999999995,6.0,3.0,0.0,3.0,7.0
rousseau2023_strong_monsoon_starts,24.599999999999948,6.0,3.0,0.0,3.0,7.0
rousseau2023_strong_monsoon_starts,24.799999999999947,5.0,3.0,0.0,3.0,7.0
rousseau2023_strong_monsoon_starts,24.999999999999947,5.0,3.0,0.0,3.0,7.0
rousseau2023_strong_monsoon_starts,25.199999999999946,5.0,3.0,0.0,3.0,7.0
rousseau2023_strong_monsoon_starts,25.399999999999945,5.0,3.0,0.0,3.0,7.0
rousseau2023_strong_monsoon_starts,25.599999999999945,6.0,3.0,0.0,3.0,7.0
rousseau2023_strong_monsoon_starts,25.799999999999944,6.0,3.0,0.0,3.0,7.0
rousseau2023_strong_monsoon_starts,25.999999999999943,6.0,3.0,0.0,3.0,7.0
rousseau2023_strong_monsoon_starts,26.199999999999942,6.0,3.0,0.0,3.0,7.0
rousseau2023_strong_monsoon_starts,26.39999999999994,6.0,3.0,0.0,3.0,7.0
rousseau2023_strong_monsoon_starts,26.59999999999994,6.0,3.0,0.0,3.0,7.0
rousseau2023_strong_monsoon_starts,26.79999999999994,6.0,3.0,0.0,3.0,7.0
rousseau2023_strong_monsoon_starts,26.99999999999994,6.0,3.0,0.0,3.0,7.0
rousseau2023_strong_monsoon_starts,27.19999999999994,6.0,3.0,0.0,3.0,7.0
rousseau2023_strong_monsoon_starts,27.399999999999938,6.0,3.0,0.0,3.0,7.0
rousseau2023_strong_monsoon_starts,27.599999999999937,6.0,3.0,0.0,3.0,7.0
rousseau2023_strong_monsoon_starts,27.799999999999937,6.0,3.0,0.0,3.0,7.0
rousseau2023_strong_monsoon_starts,27.999999999999936,6.0,3.0,0.0,3.0,7.0
rousseau2023_strong_monsoon_starts,28.199999999999935,6.0,3.0,0.0,3.0,7.0
rousseau2023_strong_monsoon_starts,28.399999999999935,7.0,3.0,0.0,3.0,7.0
rousseau2023_strong_monsoon_starts,28.599999999999934,7.0,3.0,0.0,3.0,7.0
rousseau2023_strong_monsoon_starts,28.799999999999933,7.0,3.0,0.0,3.0,7.0
rousseau2023_strong_monsoon_starts,28.999999999999932,7.0,3.0,0.0,3.0,7.0
rousseau2023_strong_monsoon_starts,29.199999999999932,7.0,3.0,0.0,3.0,7.0
rousseau2023_strong_monsoon_starts,29.39999999999993,7.0,3.0,0.0,3.0,7.0
rousseau2023_strong_monsoon_starts,29.59999999999993,7.0,3.0,0.0,3.0,7.0
rousseau2023_strong_monsoon_starts,29.79999999999993,7.0,3.0,0.0,3.0,7.0
rousseau2023_strong_monsoon_starts,29.99999999999993,7.0,3.0,0.0,3.0,7.0
rousseau2023_strong_monsoon_starts,30.19999999999993,7.0,3.0,0.0,3.0,7.0
rousseau2023_strong_monsoon_starts,30.399999999999928,7.0,3.0,0.0,3.0,7.0
rousseau2023_strong_monsoon_starts,30.599999999999927,7.0,3.0,0.0,3.0,7.0
rousseau2023_strong_monsoon_starts,30.799999999999926,7.0,3.0,0.0,3.0,7.0
rousseau2023_strong_monsoon_starts,30.999999999999925,7.0,3.0,0.0,3.0,7.0
rousseau2023_strong_monsoon_starts,31.199999999999925,7.0,3.0,0.0,3.0,7.0
rousseau2023_strong_monsoon_starts,31.399999999999924,7.0,3.0,0.0,3.0,7.0
rousseau2023_strong_monsoon_starts,31.599999999999923,8.0,3.0,0.0,3.0,7.0
rousseau2023_strong_monsoon_starts,31.799999999999923,8.0,3.0,0.0,3.0,7.0
rousseau2023_strong_monsoon_starts,31.999999999999922,8.0,3.0,0.0,3.0,7.0
rousseau2023_strong_monsoon_starts,32.19999999999992,8.0,3.0,0.0,3.0,7.0
rousseau2023_strong_monsoon_starts,32.39999999999992,8.0,3.0,0.0,3.0,7.0
rousseau2023_strong_monsoon_starts,32.59999999999992,8.0,3.0,0.0,3.0,7.0
rousseau2023_strong_monsoon_starts,32.79999999999992,8.0,3.0,0.0,3.0,7.0
rousseau2023_strong_monsoon_starts,32.999999999999915,8.0,3.0,0.0,3.0,7.0
rousseau2023_strong_monsoon_starts,33.19999999999992,8.0,3.0,0.0,3.0,7.0
rousseau2023_strong_monsoon_starts,33.39999999999992,8.0,3.0,0.0,3.0,7.0
rousseau2023_strong_monsoon_starts,33.599999999999916,8.0,3.0,0.0,3.0,7.0
rousseau2023_strong_monsoon_starts,33.79999999999991,8.0,3.0,0.0,3.0,7.0
rousseau2023_strong_monsoon_starts,33.999999999999915,8.0,3.0,0.0,3.0,7.0
rousseau2023_strong_monsoon_starts,34.19999999999992,8.0,3.0,0.0,3.0,7.0
rousseau2023_strong_monsoon_starts,34.39999999999991,8.0,3.0,0.0,3.0,7.0
rousseau2023_strong_monsoon_starts,34.59999999999991,8.0,3.0,0.0,3.0,7.0
rousseau2023_strong_monsoon_starts,34.79999999999991,8.0,3.0,0.0,3.0,7.0
rousseau2023_strong_monsoon_starts,34.999999999999915,8.0,3.0,0.0,3.0,7.0
rousseau2023_strong_monsoon_starts,35.19999999999991,8.0,3.0,0.0,3.0,7.0
rousseau2023_strong_monsoon_starts,35.399999999999906,8.0,3.0,0.0,3.0,7.0
rousseau2023_strong_monsoon_starts,35.59999999999991,8.0,3.0,0.0,3.0,7.0
rousseau2023_strong_monsoon_starts,35.79999999999991,8.0,3.0,0.0,3.0,7.0
rousseau2023_strong_monsoon_starts,35.99999999999991,8.0,3.0,0.0,3.0,7.0
rousseau2023_strong_monsoon_starts,36.1999999999999,8.0,3.0,0.0,3.0,7.0
rousseau2023_strong_monsoon_starts,36.399999999999906,8.0,3.0,0.0,3.0,7.0
rousseau2023_strong_monsoon_starts,36.59999999999991,8.0,3.0,0.0,3.0,7.0
rousseau2023_strong_monsoon_starts,36.799999999999905,8.0,3.0,0.0,3.0,7.0
rousseau2023_strong_monsoon_starts,36.9999999999999,8.0,3.0,0.0,3.0,7.0
rousseau2023_strong_monsoon_starts,37.1999999999999,8.0,3.0,0.0,3.0,7.0
rousseau2023_strong_monsoon_starts,37.399999999999906,9.0,3.0,0.0,3.0,7.0
rousseau2023_strong_monsoon_starts,37.5999999999999,9.0,3.0,0.0,3.0,7.0
rousseau2023_strong_monsoon_starts,37.7999999999999,9.0,3.0,0.0,3.0,7.0
rousseau2023_strong_monsoon_starts,37.9999999999999,8.0,3.0,0.0,3.0,7.0
rousseau2023_strong_monsoon_starts,38.1999999999999,8.0,3.0,0.0,3.0,7.0
rousseau2023_strong_monsoon_starts,38.3999999999999,8.0,3.0,0.0,3.0,7.0
rousseau2023_strong_monsoon_starts,38.599999999999895,8.0,3.0,0.0,3.0,7.0
rousseau2023_strong_monsoon_starts,38.7999999999999,8.0,3.0,0.0,3.0,7.0
rousseau2023_strong_monsoon_starts,38.9999999999999,8.0,3.0,0.0,3.0,7.0
rousseau2023_strong_monsoon_starts,39.199999999999896,8.0,3.0,0.0,3.0,7.0
rousseau2023_strong_monsoon_starts,39.39999999999989,8.0,3.0,0.0,3.0,7.0
rousseau2023_strong_monsoon_starts,39.599999999999895,7.0,3.0,0.0,3.0,7.0
rousseau2023_strong_monsoon_starts,39.7999999999999,8.0,3.0,0.0,3.0,7.0
rousseau2023_strong_monsoon_starts,39.99999999999989,8.0,3.0,0.0,3.0,7.0
rousseau2023_strong_monsoon_starts,40.19999999999989,8.0,3.0,0.0,3.0,7.0
rousseau2023_strong_monsoon_starts,40.39999999999989,8.0,3.0,0.0,3.0,7.0
rousseau2023_strong_monsoon_starts,40.599999999999895,8.0,3.0,0.0,3.0,7.0
rousseau2023_strong_monsoon_starts,40.79999999999989,8.0,3.0,0.0,3.0,7.0
rousseau2023_strong_monsoon_starts,40.999999999999886,8.0,3.0,0.0,3.0,7.0
rousseau2023_strong_monsoon_starts,41.19999999999989,8.0,3.0,0.0,3.0,7.0
rousseau2023_strong_monsoon_starts,41.39999999999989,8.0,3.0,0.0,3.0,7.0
rousseau2023_strong_monsoon_starts,41.59999999999989,8.0,3.0,0.0,3.0,7.0
rousseau2023_strong_monsoon_starts,41.79999999999988,8.0,3.0,0.0,3.0,7.0
rousseau2023_strong_monsoon_starts,41.999999999999886,8.0,3.0,0.0,3.0,7.0
rousseau2023_strong_monsoon_starts,42.19999999999989,8.0,3.0,0.0,3.0,7.0
rousseau2023_strong_monsoon_starts,42.399999999999885,8.0,3.0,0.0,3.0,7.0
rousseau2023_strong_monsoon_starts,42.59999999999988,8.0,3.0,0.0,3.0,7.0
rousseau2023_strong_monsoon_starts,42.79999999999988,7.0,3.0,0.0,3.0,7.0
rousseau2023_strong_monsoon_starts,42.999999999999886,7.0,3.0,0.0,3.0,7.0
rousseau2023_strong_monsoon_starts,43.19999999999988,7.0,3.0,0.0,3.0,7.0
rousseau2023_strong_monsoon_starts,43.39999999999988,7.0,3.0,0.0,3.0,7.0
rousseau2023_strong_monsoon_starts,43.59999999999988,7.0,3.0,0.0,3.0,7.0
rousseau2023_strong_monsoon_starts,43.79999999999988,7.0,3.0,0.0,3.0,7.0
rousseau2023_strong_monsoon_starts,43.99999999999988,7.0,3.0,0.0,3.0,7.0
rousseau2023_strong_monsoon_starts,44.199999999999875,7.0,3.0,0.0,3.0,7.0
rousseau2023_strong_monsoon_starts,44.39999999999988,8.0,3.0,0.0,3.0,7.0
rousseau2023_strong_monsoon_starts,44.59999999999988,8.0,3.0,0.0,3.0,7.0
rousseau2023_strong_monsoon_starts,44.799999999999876,8.0,3.0,0.0,3.0,7.0
rousseau2023_strong_monsoon_starts,44.99999999999987,8.0,3.0,0.0,3.0,7.0
rousseau2023_strong_monsoon_starts,45.199999999999875,8.0,3.0,0.0,3.0,7.0
rousseau2023_strong_monsoon_starts,45.39999999999988,8.0,3.0,0.0,3.0,7.0
rousseau2023_strong_monsoon_starts,45.59999999999987,7.0,3.0,0.0,3.0,7.0
rousseau2023_strong_monsoon_starts,45.79999999999987,8.0,3.0,0.0,3.0,7.0
rousseau2023_strong_monsoon_starts,45.99999999999987,8.0,3.0,0.0,3.0,7.0
rousseau2023_strong_monsoon_starts,46.199999999999875,8.0,3.0,0.0,3.0,7.0
rousseau2023_strong_monsoon_starts,46.39999999999987,8.0,3.0,0.0,3.0,7.0
rousseau2023_strong_monsoon_starts,46.599999999999866,8.0,3.0,0.0,3.0,7.0
rousseau2023_strong_monsoon_starts,46.79999999999987,8.0,3.0,0.0,3.0,7.0
rousseau2023_strong_monsoon_starts,46.99999999999987,8.0,3.0,0.0,3.0,7.0
rousseau2023_strong_monsoon_starts,47.19999999999987,8.0,3.0,0.0,3.0,7.0
rousseau2023_strong_monsoon_starts,47.399999999999864,8.0,3.0,0.0,3.0,7.0
rousseau2023_strong_monsoon_starts,47.599999999999866,8.0,3.0,0.0,3.0,7.0
rousseau2023_strong_monsoon_starts,47.79999999999987,8.0,3.0,0.0,3.0,7.0
rousseau2023_strong_monsoon_starts,47.999999999999865,8.0,3.0,0.0,3.0,7.0
rousseau2023_strong_monsoon_starts,48.19999999999986,8.0,3.0,0.0,3.0,7.0
rousseau2023_strong_monsoon_starts,48.399999999999864,8.0,3.0,0.0,3.0,7.0
rousseau2023_strong_monsoon_starts,48.599999999999866,8.0,3.0,0.0,3.0,7.0
rousseau2023_strong_monsoon_starts,48.79999999999986,8.0,3.0,0.0,3.0,7.0
rousseau2023_strong_monsoon_starts,48.99999999999986,8.0,3.0,0.0,3.0,7.0
rousseau2023_strong_monsoon_starts,49.19999999999986,8.0,3.0,0.0,3.0,7.0
rousseau2023_strong_monsoon_starts,49.399999999999864,8.0,3.0,0.0,3.0,7.0
rousseau2023_strong_monsoon_starts,49.59999999999986,8.0,3.0,0.0,3.0,7.0
rousseau2023_strong_monsoon_starts,49.799999999999855,9.0,3.0,0.0,3.0,7.0
rousseau2023_strong_monsoon_starts,49.99999999999986,9.0,3.0,0.0,3.0,7.0
rousseau2023_strong_monsoon_starts,50.19999999999986,9.0,3.0,0.0,3.0,7.0
rousseau2023_strong_monsoon_starts,50.39999999999986,9.0,3.0,0.0,3.0,7.0
rousseau2023_strong_monsoon_starts,50.59999999999985,9.0,3.0,0.0,3.0,7.0
rousseau2023_strong_monsoon_starts,50.799999999999855,9.0,3.0,0.0,3.0,7.0
rousseau2023_strong_monsoon_starts,50.99999999999986,9.0,3.0,0.0,3.0,7.0
rousseau2023_strong_monsoon_starts,51.199999999999854,9.0,3.0,0.0,3.0,7.0
rousseau2023_strong_monsoon_starts,51.39999999999985,9.0,3.0,0.0,3.0,7.0
rousseau2023_strong_monsoon_starts,51.59999999999985,8.0,3.0,0.0,3.0,7.0
rousseau2023_strong_monsoon_starts,51.799999999999855,8.0,3.0,0.0,3.0,7.0
rousseau2023_strong_monsoon_starts,51.99999999999985,8.0,3.0,0.0,3.0,7.0
rousseau2023_strong_monsoon_starts,52.19999999999985,8.0,3.0,0.0,3.0,7.0
rousseau2023_strong_monsoon_starts,52.39999999999985,8.0,3.0,0.0,3.0,7.0
rousseau2023_strong_monsoon_starts,52.59999999999985,8.0,3.0,0.0,3.0,7.0
rousseau2023_strong_monsoon_starts,52.79999999999985,8.0,3.0,0.0,3.0,7.0
rousseau2023_strong_monsoon_starts,52.999999999999844,8.0,3.0,0.0,3.0,7.0
rousseau2023_strong_monsoon_starts,53.19999999999985,8.0,3.0,0.0,3.0,7.0
rousseau2023_strong_monsoon_starts,53.39999999999985,8.0,3.0,0.0,3.0,7.0
rousseau2023_strong_monsoon_starts,53.599999999999845,8.0,3.0,0.0,3.0,7.0
rousseau2023_strong_monsoon_starts,53.79999999999984,7.0,3.0,0.0,3.0,7.0
rousseau2023_strong_monsoon_starts,53.999999999999844,7.0,3.0,0.0,3.0,7.0
rousseau2023_strong_monsoon_starts,54.19999999999985,7.0,3.0,0.0,3.0,7.0
rousseau2023_strong_monsoon_starts,54.39999999999984,7.0,3.0,0.0,3.0,7.0
rousseau2023_strong_monsoon_starts,54.59999999999984,7.0,3.0,0.0,3.0,7.0
rousseau2023_strong_monsoon_starts,54.79999999999984,7.0,3.0,0.0,3.0,7.0
rousseau2023_strong_monsoon_starts,54.999999999999844,7.0,3.0,0.0,3.0,7.0
rousseau2023_strong_monsoon_starts,55.19999999999984,7.0,3.0,0.0,3.0,7.0
rousseau2023_strong_monsoon_starts,55.399999999999835,7.0,3.0,0.0,3.0,7.0
rousseau2023_strong_monsoon_starts,55.59999999999984,8.0,3.0,0.0,3.0,7.0
rousseau2023_strong_monsoon_starts,55.79999999999984,8.0,3.0,0.0,3.0,7.0
rousseau2023_strong_monsoon_starts,55.99999999999984,8.0,3.0,0.0,3.0,7.0
rousseau2023_strong_monsoon_starts,56.19999999999983,8.0,3.0,0.0,3.0,7.0
rousseau2023_strong_monsoon_starts,56.399999999999835,8.0,3.0,0.0,3.0,7.0
rousseau2023_strong_monsoon_starts,56.59999999999984,8.0,3.0,0.0,3.0,7.0
rousseau2023_strong_monsoon_starts,56.799999999999834,8.0,3.0,0.0,3.0,7.0
rousseau2023_strong_monsoon_starts,56.99999999999983,8.0,3.0,0.0,3.0,7.0
rousseau2023_strong_monsoon_starts,57.19999999999983,8.0,3.0,0.0,3.0,7.0
rousseau2023_strong_monsoon_starts,57.399999999999835,7.0,3.0,0.0,3.0,7.0
rousseau2023_strong_monsoon_starts,57.59999999999983,7.0,3.0,0.0,3.0,7.0
rousseau2023_strong_monsoon_starts,57.79999999999983,7.0,3.0,0.0,3.0,7.0
rousseau2023_strong_monsoon_starts,57.99999999999983,7.0,3.0,0.0,3.0,7.0
rousseau2023_strong_monsoon_starts,58.19999999999983,7.0,3.0,0.0,3.0,7.0
rousseau2023_strong_monsoon_starts,58.39999999999983,7.0,3.0,0.0,3.0,7.0
rousseau2023_strong_monsoon_starts,58.599999999999824,7.0,3.0,0.0,3.0,7.0
rousseau2023_strong_monsoon_starts,58.79999999999983,7.0,3.0,0.0,3.0,7.0
rousseau2023_strong_monsoon_starts,58.99999999999983,7.0,3.0,0.0,3.0,7.0
rousseau2023_strong_monsoon_starts,59.199999999999825,8.0,3.0,0.0,3.0,7.0
rousseau2023_strong_monsoon_starts,59.39999999999982,8.0,3.0,0.0,3.0,7.0
rousseau2023_strong_monsoon_starts,59.599999999999824,8.0,3.0,0.0,3.0,7.0
rousseau2023_strong_monsoon_starts,59.79999999999983,7.0,3.0,0.0,3.0,7.0
rousseau2023_strong_monsoon_starts,59.99999999999982,7.0,3.0,0.0,3.0,7.0
rousseau2023_strong_monsoon_starts,60.19999999999982,7.0,3.0,0.0,3.0,7.0
rousseau2023_strong_monsoon_starts,60.39999999999982,7.0,3.0,0.0,3.0,7.0
rousseau2023_strong_monsoon_starts,60.599999999999824,7.0,3.0,0.0,3.0,7.0
rousseau2023_strong_monsoon_starts,60.79999999999982,7.0,3.0,0.0,3.0,7.0
rousseau2023_strong_monsoon_starts,60.999999999999815,7.0,3.0,0.0,3.0,7.0
rousseau2023_strong_monsoon_starts,61.19999999999982,7.0,3.0,0.0,3.0,7.0
rousseau2023_strong_monsoon_starts,61.39999999999982,7.0,3.0,0.0,3.0,7.0
rousseau2023_strong_monsoon_starts,61.59999999999982,7.0,3.0,0.0,3.0,7.0
rousseau2023_strong_monsoon_starts,61.79999999999981,7.0,3.0,0.0,3.0,7.0
rousseau2023_strong_monsoon_starts,61.999999999999815,7.0,3.0,0.0,3.0,7.0
rousseau2023_strong_monsoon_starts,62.19999999999982,7.0,3.0,0.0,3.0,7.0
rousseau2023_strong_monsoon_starts,62.399999999999814,8.0,3.0,0.0,3.0,7.0
rousseau2023_strong_monsoon_starts,62.59999999999981,8.0,3.0,0.0,3.0,7.0
rousseau2023_strong_monsoon_starts,62.79999999999981,8.0,3.0,0.0,3.0,7.0
rousseau2023_strong_monsoon_starts,62.999999999999815,8.0,3.0,0.0,3.0,7.0
rousseau2023_strong_monsoon_starts,63.19999999999981,8.0,3.0,0.0,3.0,7.0
rousseau2023_strong_monsoon_starts,63.39999999999981,8.0,3.0,0.0,3.0,7.0
rousseau2023_strong_monsoon_starts,63.59999999999981,8.0,3.0,0.0,3.0,7.0
rousseau2023_strong_monsoon_starts,63.79999999999981,8.0,3.0,0.0,3.0,7.0
rousseau2023_strong_monsoon_starts,63.99999999999981,7.0,3.0,0.0,3.0,7.0
rousseau2023_strong_monsoon_starts,64.1999999999998,7.0,3.0,0.0,3.0,7.0
rousseau2023_strong_monsoon_starts,64.3999999999998,6.0,3.0,0.0,3.0,7.0
rousseau2023_strong_monsoon_starts,64.59999999999981,6.0,3.0,0.0,3.0,7.0
rousseau2023_strong_monsoon_starts,64.79999999999981,6.0,3.0,0.0,3.0,7.0
rousseau2023_strong_monsoon_starts,64.9999999999998,6.0,3.0,0.0,3.0,7.0
rousseau2023_strong_monsoon_starts,65.1999999999998,6.0,3.0,0.0,3.0,7.0
rousseau2023_strong_monsoon_starts,65.3999999999998,7.0,3.0,0.0,3.0,7.0
rousseau2023_strong_monsoon_starts,65.5999999999998,7.0,3.0,0.0,3.0,7.0
rousseau2023_strong_monsoon_starts,65.7999999999998,6.0,3.0,0.0,3.0,7.0
rousseau2023_strong_monsoon_starts,65.9999999999998,6.0,3.0,0.0,3.0,7.0
rousseau2023_strong_monsoon_starts,66.1999999999998,6.0,3.0,0.0,3.0,7.0
rousseau2023_strong_monsoon_starts,66.3999999999998,7.0,3.0,0.0,3.0,7.0
rousseau2023_strong_monsoon_starts,66.5999999999998,7.0,3.0,0.0,3.0,7.0
rousseau2023_strong_monsoon_starts,66.7999999999998,7.0,3.0,0.0,3.0,7.0
rousseau2023_strong_monsoon_starts,66.9999999999998,7.0,3.0,0.0,3.0,7.0
rousseau2023_strong_monsoon_starts,67.19999999999979,7.0,3.0,0.0,3.0,7.0
rousseau2023_strong_monsoon_starts,67.39999999999979,7.0,3.0,0.0,3.0,7.0
rousseau2023_strong_monsoon_starts,67.5999999999998,7.0,3.0,0.0,3.0,7.0
rousseau2023_strong_monsoon_starts,67.7999999999998,7.0,3.0,0.0,3.0,7.0
rousseau2023_strong_monsoon_starts,67.9999999999998,7.0,3.0,0.0,3.0,7.0
rousseau2023_strong_monsoon_starts,68.19999999999979,7.0,3.0,0.0,3.0,7.0
rousseau2023_strong_monsoon_starts,68.39999999999979,6.0,3.0,0.0,3.0,7.0
rousseau2023_strong_monsoon_starts,68.5999999999998,6.0,3.0,0.0,3.0,7.0
rousseau2023_strong_monsoon_starts,68.79999999999978,6.0,3.0,0.0,3.0,7.0
rousseau2023_strong_monsoon_starts,68.99999999999979,6.0,3.0,0.0,3.0,7.0
rousseau2023_strong_monsoon_starts,69.19999999999979,6.0,3.0,0.0,3.0,7.0
rousseau2023_strong_monsoon_starts,69.39999999999979,6.0,3.0,0.0,3.0,7.0
rousseau2023_strong_monsoon_starts,69.5999999999998,6.0,3.0,0.0,3.0,7.0
rousseau2023_strong_monsoon_starts,69.79999999999978,5.0,3.0,0.0,3.0,7.0
rousseau2023_strong_monsoon_starts,69.99999999999979,5.0,3.0,0.0,3.0,7.0
rousseau2023_strong_monsoon_starts,70.19999999999979,5.0,3.0,0.0,3.0,7.0
rousseau2023_strong_monsoon_starts,70.39999999999978,5.0,3.0,0.0,3.0,7.0
rousseau2023_strong_monsoon_starts,70.59999999999978,5.0,3.0,0.0,3.0,7.0
rousseau2023_strong_monsoon_starts,70.79999999999978,5.0,3.0,0.0,3.0,7.0
rousseau2023_strong_monsoon_starts,70.99999999999979,5.0,3.0,0.0,3.0,7.0
rousseau2023_strong_monsoon_starts,71.19999999999979,5.0,3.0,0.0,3.0,7.0
rousseau2023_strong_monsoon_starts,71.39999999999978,5.0,3.0,0.0,3.0,7.0
rousseau2023_strong_monsoon_starts,71.59999999999978,5.0,3.0,0.0,3.0,7.0
rousseau2023_strong_monsoon_starts,71.79999999999978,5.0,3.0,0.0,3.0,7.0
rousseau2023_strong_monsoon_starts,71.99999999999977,5.0,3.0,0.0,3.0,7.0
rousseau2023_strong_monsoon_starts,72.19999999999978,5.0,3.0,0.0,3.0,7.0
rousseau2023_strong_monsoon_starts,72.39999999999978,5.0,3.0,0.0,3.0,7.0
rousseau2023_strong_monsoon_starts,72.59999999999978,5.0,3.0,0.0,3.0,7.0
rousseau2023_strong_monsoon_starts,72.79999999999978,5.0,3.0,0.0,3.0,7.0
rousseau2023_strong_monsoon_starts,72.99999999999977,5.0,3.0,0.0,3.0,7.0
rousseau2023_strong_monsoon_starts,73.19999999999978,5.0,3.0,0.0,3.0,7.0
rousseau2023_strong_monsoon_starts,73.39999999999978,5.0,3.0,0.0,3.0,7.0
rousseau2023_strong_monsoon_starts,73.59999999999977,5.0,3.0,0.0,3.0,7.0
rousseau2023_strong_monsoon_starts,73.79999999999977,5.0,3.0,0.0,3.0,7.0
rousseau2023_strong_monsoon_starts,73.99999999999977,5.0,3.0,0.0,3.0,7.0
rousseau2023_strong_monsoon_starts,74.19999999999978,6.0,3.0,0.0,3.0,7.0
rousseau2023_strong_monsoon_starts,74.39999999999978,6.0,3.0,0.0,3.0,7.0
rousseau2023_strong_monsoon_starts,74.59999999999977,6.0,3.0,0.0,3.0,7.0
rousseau2023_strong_monsoon_starts,74.79999999999977,6.0,3.0,0.0,3.0,7.0
rousseau2023_strong_monsoon_starts,74.99999999999977,6.0,3.0,0.0,3.0,7.0
rousseau2023_strong_monsoon_starts,75.19999999999976,7.0,3.0,0.0,3.0,7.0
rousseau2023_strong_monsoon_starts,75.39999999999976,7.0,3.0,0.0,3.0,7.0
rousseau2023_strong_monsoon_starts,75.59999999999977,6.0,3.0,0.0,3.0,7.0
rousseau2023_strong_monsoon_starts,75.79999999999977,6.0,3.0,0.0,3.0,7.0
rousseau2023_strong_monsoon_starts,75.99999999999977,6.0,3.0,0.0,3.0,7.0
rousseau2023_strong_monsoon_starts,76.19999999999976,6.0,3.0,0.0,3.0,7.0
rousseau2023_strong_monsoon_starts,76.39999999999976,6.0,3.0,0.0,3.0,7.0
rousseau2023_strong_monsoon_starts,76.59999999999977,6.0,3.0,0.0,3.0,7.0
rousseau2023_strong_monsoon_starts,76.79999999999976,6.0,3.0,0.0,3.0,7.0
rousseau2023_strong_monsoon_starts,76.99999999999976,6.0,3.0,0.0,3.0,7.0
rousseau2023_strong_monsoon_starts,77.19999999999976,6.0,3.0,0.0,3.0,7.0
rousseau2023_strong_monsoon_starts,77.39999999999976,6.0,3.0,0.0,3.0,7.0
rousseau2023_strong_monsoon_starts,77.59999999999977,6.0,3.0,0.0,3.0,7.0
rousseau2023_strong_monsoon_starts,77.79999999999976,6.0,3.0,0.0,3.0,7.0
rousseau2023_strong_monsoon_starts,77.99999999999976,6.0,3.0,0.0,3.0,7.0
rousseau2023_strong_monsoon_starts,78.19999999999976,6.0,3.0,0.0,3.0,7.0
rousseau2023_strong_monsoon_starts,78.39999999999975,6.0,3.0,0.0,3.0,7.0
rousseau2023_strong_monsoon_starts,78.59999999999975,6.0,3.0,0.0,3.0,7.0
rousseau2023_strong_monsoon_starts,78.79999999999976,6.0,3.0,0.0,3.0,7.0
rousseau2023_strong_monsoon_starts,78.99999999999976,6.0,3.0,0.0,3.0,7.0
rousseau2023_strong_monsoon_starts,79.19999999999976,5.0,3.0,0.0,3.0,7.0
rousseau2023_strong_monsoon_starts,79.39999999999975,5.0,3.0,0.0,3.0,7.0
rousseau2023_strong_monsoon_starts,79.59999999999975,5.0,3.0,0.0,3.0,7.0
rousseau2023_strong_monsoon_starts,79.79999999999976,6.0,3.0,0.0,3.0,7.0
rousseau2023_strong_monsoon_starts,79.99999999999974,6.0,3.0,0.0,3.0,7.0
rousseau2023_strong_monsoon_starts,80.19999999999975,6.0,3.0,0.0,3.0,7.0
rousseau2023_strong_monsoon_starts,80.39999999999975,6.0,3.0,0.0,3.0,7.0
rousseau2023_strong_monsoon_starts,80.59999999999975,6.0,3.0,0.0,3.0,7.0
rousseau2023_strong_monsoon_starts,80.79999999999976,6.0,3.0,0.0,3.0,7.0
rousseau2023_strong_monsoon_starts,80.99999999999974,6.0,3.0,0.0,3.0,7.0
rousseau2023_strong_monsoon_starts,81.19999999999975,6.0,3.0,0.0,3.0,7.0
rousseau2023_strong_monsoon_starts,81.39999999999975,6.0,3.0,0.0,3.0,7.0
rousseau2023_strong_monsoon_starts,81.59999999999974,6.0,3.0,0.0,3.0,7.0
rousseau2023_strong_monsoon_starts,81.79999999999974,6.0,3.0,0.0,3.0,7.0
rousseau2023_strong_monsoon_starts,81.99999999999974,6.0,3.0,0.0,3.0,7.0
rousseau2023_strong_monsoon_starts,82.19999999999975,6.0,3.0,0.0,3.0,7.0
rousseau2023_strong_monsoon_starts,82.39999999999975,5.0,3.0,0.0,3.0,7.0
rousseau2023_strong_monsoon_starts,82.59999999999974,5.0,3.0,0.0,3.0,7.0
rousseau2023_strong_monsoon_starts,82.79999999999974,5.0,3.0,0.0,3.0,7.0
rousseau2023_strong_monsoon_starts,82.99999999999974,5.0,3.0,0.0,3.0,7.0
rousseau2023_strong_monsoon_starts,83.19999999999973,5.0,3.0,0.0,3.0,7.0
rousseau2023_strong_monsoon_starts,83.39999999999974,5.0,3.0,0.0,3.0,7.0
rousseau2023_strong_monsoon_starts,83.59999999999974,5.0,3.0,0.0,3.0,7.0
rousseau2023_strong_monsoon_starts,83.79999999999974,5.0,3.0,0.0,3.0,7.0
rousseau2023_strong_monsoon_starts,83.99999999999974,5.0,3.0,0.0,3.0,7.0
rousseau2023_strong_monsoon_starts,84.19999999999973,5.0,3.0,0.0,3.0,7.0
rousseau2023_strong_monsoon_starts,84.39999999999974,5.0,3.0,0.0,3.0,7.0
rousseau2023_strong_monsoon_starts,84.59999999999974,5.0,3.0,0.0,3.0,7.0
rousseau2023_strong_monsoon_starts,84.79999999999973,5.0,3.0,0.0,3.0,7.0
rousseau2023_strong_monsoon_starts,84.99999999999973,5.0,3.0,0.0,3.0,7.0
rousseau2023_strong_monsoon_starts,85.19999999999973,5.0,3.0,0.0,3.0,7.0
rousseau2023_strong_monsoon_starts,85.39999999999974,4.0,3.0,0.0,3.0,7.0
rousseau2023_strong_monsoon_starts,85.59999999999974,4.0,3.0,0.0,3.0,7.0
rousseau2023_strong_monsoon_starts,85.79999999999973,4.0,3.0,0.0,3.0,7.0
rousseau2023_strong_monsoon_starts,85.99999999999973,4.0,3.0,0.0,3.0,7.0
rousseau2023_strong_monsoon_starts,86.19999999999973,4.0,3.0,0.0,3.0,7.0
rousseau2023_strong_monsoon_starts,86.39999999999972,3.0,3.0,0.0,3.0,7.0
rousseau2023_strong_monsoon_starts,86.59999999999972,3.0,3.0,0.0,3.0,7.0
rousseau2023_strong_monsoon_starts,86.79999999999973,3.0,3.0,0.0,3.0,7.0
rousseau2023_strong_monsoon_starts,86.99999999999973,3.0,3.0,0.0,3.0,7.0
rousseau2023_strong_monsoon_starts,87.19999999999973,3.0,3.0,0.0,3.0,7.0
rousseau2023_strong_monsoon_starts,87.39999999999972,3.0,3.0,0.0,3.0,7.0
rousseau2023_strong_monsoon_starts,87.59999999999972,3.0,3.0,0.0,3.0,7.0
rousseau2023_strong_monsoon_starts,87.79999999999973,3.0,3.0,0.0,3.0,7.0
rousseau2023_strong_monsoon_starts,87.99999999999972,3.0,3.0,0.0,3.0,7.0
rousseau2023_strong_monsoon_starts,88.19999999999972,3.0,3.0,0.0,3.0,7.0
rousseau2023_strong_monsoon_starts,88.39999999999972,3.0,3.0,0.0,3.0,7.0
rousseau2023_strong_monsoon_starts,88.59999999999972,3.0,3.0,0.0,3.0,7.0
rousseau2023_strong_monsoon_starts,88.79999999999973,3.0,3.0,0.0,3.0,7.0
rousseau2023_strong_monsoon_starts,88.99999999999972,3.0,3.0,0.0,3.0,7.0
rousseau2023_strong_monsoon_starts,89.19999999999972,3.0,3.0,0.0,3.0,7.0
rousseau2023_strong_monsoon_starts,89.39999999999972,3.0,3.0,0.0,3.0,7.0
rousseau2023_strong_monsoon_starts,89.59999999999971,3.0,3.0,0.0,3.0,7.0
rousseau2023_strong_monsoon_starts,89.79999999999971,3.0,3.0,0.0,3.0,7.0
rousseau2023_strong_monsoon_starts,89.99999999999972,3.0,3.0,0.0,3.0,7.0
rousseau2023_strong_monsoon_starts,90.19999999999972,3.0,3.0,0.0,3.0,7.0
rousseau2023_strong_monsoon_starts,90.39999999999972,3.0,3.0,0.0,3.0,7.0
rousseau2023_strong_monsoon_starts,90.59999999999971,3.0,3.0,0.0,3.0,7.0
rousseau2023_strong_monsoon_starts,90.79999999999971,3.0,3.0,0.0,3.0,7.0
rousseau2023_strong_monsoon_starts,90.99999999999972,3.0,3.0,0.0,3.0,7.0
rousseau2023_strong_monsoon_starts,91.1999999999997,3.0,3.0,0.0,3.0,7.0
rousseau2023_strong_monsoon_starts,91.39999999999971,3.0,3.0,0.0,3.0,7.0
rousseau2023_strong_monsoon_starts,91.59999999999971,3.0,3.0,0.0,3.0,7.0
rousseau2023_strong_monsoon_starts,91.79999999999971,3.0,3.0,0.0,3.0,7.0
rousseau2023_strong_monsoon_starts,91.99999999999972,3.0,3.0,0.0,3.0,7.0
rousseau2023_strong_monsoon_starts,92.1999999999997,3.0,3.0,0.0,3.0,7.0
rousseau2023_strong_monsoon_starts,92.39999999999971,3.0,3.0,0.0,3.0,7.0
rousseau2023_strong_monsoon_starts,92.59999999999971,3.0,3.0,0.0,3.0,7.0
rousseau2023_strong_monsoon_starts,92.7999999999997,3.0,3.0,0.0,3.0,7.0
rousseau2023_strong_monsoon_starts,92.9999999999997,3.0,3.0,0.0,3.0,7.0
rousseau2023_strong_monsoon_starts,93.1999999999997,3.0,3.0,0.0,3.0,7.0
rousseau2023_strong_monsoon_starts,93.39999999999971,3.0,3.0,0.0,3.0,7.0
rousseau2023_strong_monsoon_starts,93.59999999999971,3.0,3.0,0.0,3.0,7.0
rousseau2023_strong_monsoon_starts,93.7999999999997,3.0,3.0,0.0,3.0,7.0
rousseau2023_strong_monsoon_starts,93.9999999999997,3.0,3.0,0.0,3.0,7.0
rousseau2023_strong_monsoon_starts,94.1999999999997,2.0,3.0,0.0,3.0,7.0
rousseau2023_strong_monsoon_starts,94.3999999999997,2.0,3.0,0.0,3.0,7.0
rousseau2023_strong_monsoon_starts,94.5999999999997,2.0,3.0,0.0,3.0,7.0
rousseau2023_strong_monsoon_starts,94.7999999999997,2.0,3.0,0.0,3.0,7.0
rousseau2023_strong_monsoon_starts,94.9999999999997,2.0,3.0,0.0,3.0,7.0
rousseau2023_strong_monsoon_starts,95.1999999999997,2.0,3.0,0.0,3.0,7.0
rousseau2023_strong_monsoon_starts,95.3999999999997,2.0,3.0,0.0,3.0,7.0
rousseau2023_strong_monsoon_starts,95.5999999999997,2.0,3.0,0.0,3.0,7.0
rousseau2023_strong_monsoon_starts,95.7999999999997,2.0,3.0,0.0,3.0,7.0
rousseau2023_strong_monsoon_starts,95.99999999999969,2.0,3.0,0.0,3.0,7.0
rousseau2023_strong_monsoon_starts,96.19999999999969,2.0,3.0,0.0,3.0,7.0
rousseau2023_strong_monsoon_starts,96.3999999999997,2.0,3.0,0.0,3.0,7.0
rousseau2023_strong_monsoon_starts,96.5999999999997,2.0,3.0,0.0,3.0,7.0
rousseau2023_strong_monsoon_starts,96.7999999999997,2.0,3.0,0.0,3.0,7.0
rousseau2023_strong_monsoon_starts,96.99999999999969,2.0,3.0,0.0,3.0,7.0
rousseau2023_strong_monsoon_starts,97.19999999999969,2.0,3.0,0.0,3.0,7.0
rousseau2023_strong_monsoon_starts,97.3999999999997,2.0,3.0,0.0,3.0,7.0
rousseau2023_strong_monsoon_starts,97.59999999999968,2.0,3.0,0.0,3.0,7.0
rousseau2023_strong_monsoon_starts,97.79999999999968,2.0,3.0,0.0,3.0,7.0
rousseau2023_strong_monsoon_starts,97.99999999999969,2.0,3.0,0.0,3.0,7.0
rousseau2023_strong_monsoon_starts,98.19999999999969,2.0,3.0,0.0,3.0,7.0
rousseau2023_strong_monsoon_starts,98.3999999999997,2.0,3.0,0.0,3.0,7.0
rousseau2023_strong_monsoon_starts,98.59999999999968,3.0,3.0,0.0,3.0,7.0
rousseau2023_strong_monsoon_starts,98.79999999999968,3.0,3.0,0.0,3.0,7.0
rousseau2023_strong_monsoon_starts,98.99999999999969,3.0,3.0,0.0,3.0,7.0
rousseau2023_strong_monsoon_starts,99.19999999999968,3.0,3.0,0.0,3.0,7.0
rousseau2023_strong_monsoon_starts,99.39999999999968,3.0,3.0,0.0,3.0,7.0
rousseau2023_strong_monsoon_starts,99.59999999999968,3.0,3.0,0.0,3.0,7.0
rousseau2023_strong_monsoon_starts,99.79999999999968,2.0,3.0,0.0,3.0,7.0
rousseau2023_strong_monsoon_starts,99.99999999999969,2.0,3.0,0.0,3.0,7.0
rousseau2023_strong_monsoon_starts,100.19999999999968,2.0,3.0,0.0,3.0,7.0
rousseau2023_strong_monsoon_starts,100.39999999999968,2.0,3.0,0.0,3.0,7.0
rousseau2023_strong_monsoon_starts,100.59999999999968,2.0,3.0,0.0,3.0,7.0
rousseau2023_strong_monsoon_starts,100.79999999999967,2.0,3.0,0.0,3.0,7.0
rousseau2023_strong_monsoon_starts,100.99999999999967,2.0,3.0,0.0,3.0,7.0
rousseau2023_strong_monsoon_starts,101.19999999999968,2.0,3.0,0.0,3.0,7.0
rousseau2023_strong_monsoon_starts,101.39999999999968,2.0,3.0,0.0,3.0,7.0
rousseau2023_strong_monsoon_starts,101.59999999999968,2.0,3.0,0.0,3.0,7.0
rousseau2023_strong_monsoon_starts,101.79999999999967,2.0,3.0,0.0,3.0,7.0
rousseau2023_strong_monsoon_starts,101.99999999999967,2.0,3.0,0.0,3.0,7.0
rousseau2023_strong_monsoon_starts,102.19999999999968,2.0,3.0,0.0,3.0,7.0
rousseau2023_strong_monsoon_starts,102.39999999999966,2.0,3.0,0.0,3.0,7.0
rousseau2023_strong_monsoon_starts,102.59999999999967,2.0,3.0,0.0,3.0,7.0
rousseau2023_strong_monsoon_starts,102.79999999999967,2.0,3.0,0.0,3.0,7.0
rousseau2023_strong_monsoon_starts,102.99999999999967,2.0,3.0,0.0,3.0,7.0
rousseau2023_strong_monsoon_starts,103.19999999999968,2.0,3.0,0.0,3.0,7.0
rousseau2023_strong_monsoon_starts,103.39999999999966,2.0,3.0,0.0,3.0,7.0
rousseau2023_strong_monsoon_starts,103.59999999999967,2.0,3.0,0.0,3.0,7.0
rousseau2023_strong_monsoon_starts,103.79999999999967,2.0,3.0,0.0,3.0,7.0
rousseau2023_strong_monsoon_starts,103.99999999999966,2.0,3.0,0.0,3.0,7.0
rousseau2023_strong_monsoon_starts,104.19999999999966,2.0,3.0,0.0,3.0,7.0
rousseau2023_strong_monsoon_starts,104.39999999999966,2.0,3.0,0.0,3.0,7.0
rousseau2023_strong_monsoon_starts,104.59999999999967,2.0,3.0,0.0,3.0,7.0
rousseau2023_strong_monsoon_starts,104.79999999999967,2.0,3.0,0.0,3.0,7.0
rousseau2023_strong_monsoon_starts,104.99999999999966,2.0,3.0,0.0,3.0,7.0
rousseau2023_strong_monsoon_starts,105.19999999999966,2.0,3.0,0.0,3.0,7.0
rousseau2023_strong_monsoon_starts,105.39999999999966,2.0,3.0,0.0,3.0,7.0
rousseau2023_strong_monsoon_starts,105.59999999999965,2.0,3.0,0.0,3.0,7.0
rousseau2023_strong_monsoon_starts,105.79999999999966,2.0,3.0,0.0,3.0,7.0
rousseau2023_strong_monsoon_starts,105.99999999999966,2.0,3.0,0.0,3.0,7.0
rousseau2023_strong_monsoon_starts,106.19999999999966,2.0,3.0,0.0,3.0,7.0
rousseau2023_strong_monsoon_starts,106.39999999999966,2.0,3.0,0.0,3.0,7.0
rousseau2023_strong_monsoon_starts,106.59999999999965,2.0,3.0,0.0,3.0,7.0
rousseau2023_strong_monsoon_starts,106.79999999999966,2.0,3.0,0.0,3.0,7.0
rousseau2023_strong_monsoon_starts,106.99999999999966,2.0,3.0,0.0,3.0,7.0
rousseau2023_strong_monsoon_starts,107.19999999999965,2.0,3.0,0.0,3.0,7.0
rousseau2023_strong_monsoon_starts,107.39999999999965,2.0,3.0,0.0,3.0,7.0
rousseau2023_strong_monsoon_starts,107.59999999999965,2.0,3.0,0.0,3.0,7.0
rousseau2023_strong_monsoon_starts,107.79999999999966,2.0,3.0,0.0,3.0,7.0
rousseau2023_strong_monsoon_starts,107.99999999999966,2.0,3.0,0.0,3.0,7.0
rousseau2023_strong_monsoon_starts,108.19999999999965,2.0,3.0,0.0,3.0,7.0
rousseau2023_strong_monsoon_starts,108.39999999999965,2.0,3.0,0.0,3.0,7.0
rousseau2023_strong_monsoon_starts,108.59999999999965,2.0,3.0,0.0,3.0,7.0
rousseau2023_strong_monsoon_starts,108.79999999999964,2.0,3.0,0.0,3.0,7.0
rousseau2023_strong_monsoon_starts,108.99999999999964,2.0,3.0,0.0,3.0,7.0
rousseau2023_strong_monsoon_starts,109.19999999999965,2.0,3.0,0.0,3.0,7.0
rousseau2023_strong_monsoon_starts,109.39999999999965,2.0,3.0,0.0,3.0,7.0
rousseau2023_strong_monsoon_starts,109.59999999999965,2.0,3.0,0.0,3.0,7.0
rousseau2023_strong_monsoon_starts,109.79999999999964,2.0,3.0,0.0,3.0,7.0
rousseau2023_strong_monsoon_starts,109.99999999999964,2.0,3.0,0.0,3.0,7.0
rousseau2023_strong_monsoon_starts,110.19999999999965,2.0,3.0,0.0,3.0,7.0
rousseau2023_strong_monsoon_starts,110.39999999999964,2.0,3.0,0.0,3.0,7.0
rousseau2023_strong_monsoon_starts,110.59999999999964,2.0,3.0,0.0,3.0,7.0
rousseau2023_strong_monsoon_starts,110.79999999999964,2.0,3.0,0.0,3.0,7.0
rousseau2023_strong_monsoon_starts,110.99999999999964,2.0,3.0,0.0,3.0,7.0
rousseau2023_strong_monsoon_starts,111.19999999999965,2.0,3.0,0.0,3.0,7.0
rousseau2023_strong_monsoon_starts,111.39999999999964,2.0,3.0,0.0,3.0,7.0
rousseau2023_strong_monsoon_starts,111.59999999999964,2.0,3.0,0.0,3.0,7.0
rousseau2023_strong_monsoon_starts,111.79999999999964,2.0,3.0,0.0,3.0,7.0
rousseau2023_strong_monsoon_starts,111.99999999999963,2.0,3.0,0.0,3.0,7.0
rousseau2023_strong_monsoon_starts,112.19999999999963,2.0,3.0,0.0,3.0,7.0
rousseau2023_strong_monsoon_starts,112.39999999999964,2.0,3.0,0.0,3.0,7.0
rousseau2023_strong_monsoon_starts,112.59999999999964,2.0,3.0,0.0,3.0,7.0
rousseau2023_strong_monsoon_starts,112.79999999999964,2.0,3.0,0.0,3.0,7.0
rousseau2023_strong_monsoon_starts,112.99999999999963,2.0,3.0,0.0,3.0,7.0
rousseau2023_strong_monsoon_starts,113.19999999999963,2.0,3.0,0.0,3.0,7.0
rousseau2023_strong_monsoon_starts,113.39999999999964,2.0,3.0,0.0,3.0,7.0
rousseau2023_strong_monsoon_starts,113.59999999999962,2.0,3.0,0.0,3.0,7.0
rousseau2023_strong_monsoon_starts,113.79999999999963,2.0,3.0,0.0,3.0,7.0
rousseau2023_strong_monsoon_starts,113.99999999999963,2.0,3.0,0.0,3.0,7.0
rousseau2023_strong_monsoon_starts,114.19999999999963,2.0,3.0,0.0,3.0,7.0
rousseau2023_strong_monsoon_starts,114.39999999999964,2.0,3.0,0.0,3.0,7.0
rousseau2023_strong_monsoon_starts,114.59999999999962,2.0,3.0,0.0,3.0,7.0
rousseau2023_strong_monsoon_starts,114.79999999999963,2.0,3.0,0.0,3.0,7.0
rousseau2023_strong_monsoon_starts,114.99999999999963,2.0,3.0,0.0,3.0,7.0
rousseau2023_strong_monsoon_starts,115.19999999999962,1.0,3.0,0.0,3.0,7.0
rousseau2023_strong_monsoon_starts,115.39999999999962,1.0,3.0,0.0,3.0,7.0
rousseau2023_strong_monsoon_starts,115.59999999999962,1.0,3.0,0.0,3.0,7.0
rousseau2023_strong_monsoon_starts,115.79999999999963,1.0,3.0,0.0,3.0,7.0
rousseau2023_strong_monsoon_starts,115.99999999999963,1.0,3.0,0.0,3.0,7.0
rousseau2023_strong_monsoon_starts,116.19999999999962,1.0,3.0,0.0,3.0,7.0
rousseau2023_strong_monsoon_starts,116.39999999999962,1.0,3.0,0.0,3.0,7.0
rousseau2023_strong_monsoon_starts,116.59999999999962,1.0,3.0,0.0,3.0,7.0
rousseau2023_strong_monsoon_starts,116.79999999999961,1.0,3.0,0.0,3.0,7.0
rousseau2023_strong_monsoon_starts,116.99999999999962,1.0,3.0,0.0,3.0,7.0
rousseau2023_strong_monsoon_starts,117.19999999999962,1.0,3.0,0.0,3.0,7.0
rousseau2023_strong_monsoon_starts,117.39999999999962,1.0,3.0,0.0,3.0,7.0
rousseau2023_strong_monsoon_starts,117.59999999999962,1.0,3.0,0.0,3.0,7.0
rousseau2023_strong_monsoon_starts,117.79999999999961,1.0,3.0,0.0,3.0,7.0
rousseau2023_strong_monsoon_starts,117.99999999999962,1.0,3.0,0.0,3.0,7.0
rousseau2023_strong_monsoon_starts,118.19999999999962,1.0,3.0,0.0,3.0,7.0
rousseau2023_strong_monsoon_starts,118.39999999999961,1.0,3.0,0.0,3.0,7.0
rousseau2023_strong_monsoon_starts,118.59999999999961,1.0,3.0,0.0,3.0,7.0
rousseau2023_strong_monsoon_starts,118.79999999999961,1.0,3.0,0.0,3.0,7.0
rousseau2023_strong_monsoon_starts,118.99999999999962,1.0,3.0,0.0,3.0,7.0
rousseau2023_strong_monsoon_starts,119.19999999999962,1.0,3.0,0.0,3.0,7.0
rousseau2023_strong_monsoon_starts,119.39999999999961,1.0,3.0,0.0,3.0,7.0
rousseau2023_strong_monsoon_starts,119.59999999999961,1.0,3.0,0.0,3.0,7.0
rousseau2023_strong_monsoon_starts,119.79999999999961,1.0,3.0,0.0,3.0,7.0
rousseau2023_strong_monsoon_starts,119.9999999999996,1.0,3.0,0.0,3.0,7.0
rousseau2023_strong_monsoon_starts,120.1999999999996,1.0,3.0,0.0,3.0,7.0
rousseau2023_strong_monsoon_starts,120.39999999999961,1.0,3.0,0.0,3.0,7.0
rousseau2023_strong_monsoon_starts,120.59999999999961,2.0,3.0,0.0,3.0,7.0
rousseau2023_strong_monsoon_starts,120.79999999999961,2.0,3.0,0.0,3.0,7.0
rousseau2023_strong_monsoon_starts,120.9999999999996,2.0,3.0,0.0,3.0,7.0
rousseau2023_strong_monsoon_starts,121.1999999999996,2.0,3.0,0.0,3.0,7.0
rousseau2023_strong_monsoon_starts,121.39999999999961,2.0,3.0,0.0,3.0,7.0
rousseau2023_strong_monsoon_starts,121.5999999999996,2.0,3.0,0.0,3.0,7.0
rousseau2023_strong_monsoon_starts,121.7999999999996,2.0,3.0,0.0,3.0,7.0
rousseau2023_strong_monsoon_starts,121.9999999999996,2.0,3.0,0.0,3.0,7.0
rousseau2023_strong_monsoon_starts,122.1999999999996,2.0,3.0,0.0,3.0,7.0
rousseau2023_strong_monsoon_starts,122.39999999999961,2.0,3.0,0.0,3.0,7.0
rousseau2023_strong_monsoon_starts,122.5999999999996,2.0,3.0,0.0,3.0,7.0
rousseau2023_strong_monsoon_starts,122.7999999999996,2.0,3.0,0.0,3.0,7.0
rousseau2023_strong_monsoon_starts,122.9999999999996,2.0,3.0,0.0,3.0,7.0
rousseau2023_strong_monsoon_starts,123.19999999999959,2.0,3.0,0.0,3.0,7.0
rousseau2023_strong_monsoon_starts,123.3999999999996,2.0,3.0,0.0,3.0,7.0
rousseau2023_strong_monsoon_starts,123.5999999999996,2.0,3.0,0.0,3.0,7.0
rousseau2023_strong_monsoon_starts,123.7999999999996,2.0,3.0,0.0,3.0,7.0
rousseau2023_strong_monsoon_starts,123.9999999999996,2.0,3.0,0.0,3.0,7.0
rousseau2023_strong_monsoon_starts,124.19999999999959,2.0,3.0,0.0,3.0,7.0
rousseau2023_strong_monsoon_starts,124.3999999999996,2.0,3.0,0.0,3.0,7.0
rousseau2023_strong_monsoon_starts,124.5999999999996,2.0,3.0,0.0,3.0,7.0
rousseau2023_strong_monsoon_starts,124.79999999999959,2.0,3.0,0.0,3.0,7.0
rousseau2023_strong_monsoon_starts,124.99999999999959,2.0,3.0,0.0,3.0,7.0
rousseau2023_strong_monsoon_starts,125.19999999999959,2.0,3.0,0.0,3.0,7.0
rousseau2023_strong_monsoon_starts,125.3999999999996,2.0,3.0,0.0,3.0,7.0
rousseau2023_strong_monsoon_starts,125.5999999999996,2.0,3.0,0.0,3.0,7.0
rousseau2023_strong_monsoon_starts,125.79999999999959,2.0,3.0,0.0,3.0,7.0
rousseau2023_strong_monsoon_starts,125.99999999999959,2.0,3.0,0.0,3.0,7.0
rousseau2023_strong_monsoon_starts,126.19999999999959,2.0,3.0,0.0,3.0,7.0
rousseau2023_strong_monsoon_starts,126.39999999999958,2.0,3.0,0.0,3.0,7.0
rousseau2023_strong_monsoon_starts,126.59999999999958,2.0,3.0,0.0,3.0,7.0
rousseau2023_strong_monsoon_starts,126.79999999999959,2.0,3.0,0.0,3.0,7.0
rousseau2023_strong_monsoon_starts,126.99999999999959,2.0,3.0,0.0,3.0,7.0
rousseau2023_strong_monsoon_starts,127.19999999999959,2.0,3.0,0.0,3.0,7.0
rousseau2023_strong_monsoon_starts,127.39999999999958,2.0,3.0,0.0,3.0,7.0
rousseau2023_strong_monsoon_starts,127.59999999999958,2.0,3.0,0.0,3.0,7.0
rousseau2023_strong_monsoon_starts,127.79999999999959,2.0,3.0,0.0,3.0,7.0
rousseau2023_strong_monsoon_starts,127.99999999999957,2.0,3.0,0.0,3.0,7.0
rousseau2023_strong_monsoon_starts,128.1999999999996,2.0,3.0,0.0,3.0,7.0
rousseau2023_strong_monsoon_starts,128.39999999999958,2.0,3.0,0.0,3.0,7.0
rousseau2023_strong_monsoon_starts,128.59999999999957,2.0,3.0,0.0,3.0,7.0
rousseau2023_strong_monsoon_starts,128.79999999999959,2.0,3.0,0.0,3.0,7.0
rousseau2023_strong_monsoon_starts,128.99999999999957,2.0,3.0,0.0,3.0,7.0
rousseau2023_strong_monsoon_starts,129.1999999999996,2.0,3.0,0.0,3.0,7.0
rousseau2023_strong_monsoon_starts,129.39999999999958,2.0,3.0,0.0,3.0,7.0
rousseau2023_strong_monsoon_starts,129.59999999999957,2.0,3.0,0.0,3.0,7.0
rousseau2023_strong_monsoon_starts,129.79999999999959,2.0,3.0,0.0,3.0,7.0
rousseau2023_strong_monsoon_starts,129.99999999999957,2.0,3.0,0.0,3.0,7.0
rousseau2023_strong_monsoon_starts,130.19999999999956,2.0,3.0,0.0,3.0,7.0
rousseau2023_strong_monsoon_starts,130.39999999999958,2.0,3.0,0.0,3.0,7.0
rousseau2023_strong_monsoon_starts,130.59999999999957,2.0,3.0,0.0,3.0,7.0
rousseau2023_strong_monsoon_starts,130.79999999999956,2.0,3.0,0.0,3.0,7.0
rousseau2023_strong_monsoon_starts,130.99999999999957,2.0,3.0,0.0,3.0,7.0
rousseau2023_strong_monsoon_starts,131.19999999999956,2.0,3.0,0.0,3.0,7.0
rousseau2023_strong_monsoon_starts,131.39999999999958,2.0,3.0,0.0,3.0,7.0
rousseau2023_strong_monsoon_starts,131.59999999999957,2.0,3.0,0.0,3.0,7.0
rousseau2023_strong_monsoon_starts,131.79999999999956,2.0,3.0,0.0,3.0,7.0
rousseau2023_strong_monsoon_starts,131.99999999999957,2.0,3.0,0.0,3.0,7.0
rousseau2023_strong_monsoon_starts,132.19999999999956,2.0,3.0,0.0,3.0,7.0
rousseau2023_strong_monsoon_starts,132.39999999999958,2.0,3.0,0.0,3.0,7.0
rousseau2023_strong_monsoon_starts,132.59999999999957,2.0,3.0,0.0,3.0,7.0
rousseau2023_strong_monsoon_starts,132.79999999999956,2.0,3.0,0.0,3.0,7.0
rousseau2023_strong_monsoon_starts,132.99999999999957,2.0,3.0,0.0,3.0,7.0
rousseau2023_strong_monsoon_starts,133.19999999999956,2.0,3.0,0.0,3.0,7.0
rousseau2023_strong_monsoon_starts,133.39999999999955,2.0,3.0,0.0,3.0,7.0
rousseau2023_strong_monsoon_starts,133.59999999999957,2.0,3.0,0.0,3.0,7.0
rousseau2023_strong_monsoon_starts,133.79999999999956,2.0,3.0,0.0,3.0,7.0
rousseau2023_strong_monsoon_starts,133.99999999999955,2.0,3.0,0.0,3.0,7.0
rousseau2023_strong_monsoon_starts,134.19999999999956,2.0,3.0,0.0,3.0,7.0
rousseau2023_strong_monsoon_starts,134.39999999999955,2.0,3.0,0.0,3.0,7.0
rousseau2023_strong_monsoon_starts,134.59999999999957,2.0,3.0,0.0,3.0,7.0
rousseau2023_strong_monsoon_starts,134.79999999999956,2.0,3.0,0.0,3.0,7.0
rousseau2023_strong_monsoon_starts,134.99999999999955,2.0,3.0,0.0,3.0,7.0
rousseau2023_strong_monsoon_starts,135.19999999999956,2.0,3.0,0.0,3.0,7.0
rousseau2023_strong_monsoon_starts,135.39999999999955,2.0,3.0,0.0,3.0,7.0
rousseau2023_strong_monsoon_starts,135.59999999999957,2.0,3.0,0.0,3.0,7.0
rousseau2023_strong_monsoon_starts,135.79999999999956,2.0,3.0,0.0,3.0,7.0
rousseau2023_strong_monsoon_starts,135.99999999999955,2.0,3.0,0.0,3.0,7.0
rousseau2023_strong_monsoon_starts,136.19999999999956,2.0,3.0,0.0,3.0,7.0
rousseau2023_strong_monsoon_starts,136.39999999999955,2.0,3.0,0.0,3.0,7.0
rousseau2023_strong_monsoon_starts,136.59999999999954,2.0,3.0,0.0,3.0,7.0
rousseau2023_strong_monsoon_starts,136.79999999999956,2.0,3.0,0.0,3.0,7.0
rousseau2023_strong_monsoon_starts,136.99999999999955,2.0,3.0,0.0,3.0,7.0
rousseau2023_strong_monsoon_starts,137.19999999999953,2.0,3.0,0.0,3.0,7.0
rousseau2023_strong_monsoon_starts,137.39999999999955,2.0,3.0,0.0,3.0,7.0
rousseau2023_strong_monsoon_starts,137.59999999999954,2.0,3.0,0.0,3.0,7.0
rousseau2023_strong_monsoon_starts,137.79999999999956,3.0,3.0,0.0,3.0,7.0
rousseau2023_strong_monsoon_starts,137.99999999999955,3.0,3.0,0.0,3.0,7.0
rousseau2023_strong_monsoon_starts,138.19999999999953,3.0,3.0,0.0,3.0,7.0
rousseau2023_strong_monsoon_starts,138.39999999999955,3.0,3.0,0.0,3.0,7.0
rousseau2023_strong_monsoon_starts,138.59999999999954,2.0,3.0,0.0,3.0,7.0
rousseau2023_strong_monsoon_starts,138.79999999999956,2.0,3.0,0.0,3.0,7.0
rousseau2023_strong_monsoon_starts,138.99999999999955,2.0,3.0,0.0,3.0,7.0
rousseau2023_strong_monsoon_starts,139.19999999999953,3.0,3.0,0.0,3.0,7.0
rousseau2023_strong_monsoon_starts,139.39999999999955,3.0,3.0,0.0,3.0,7.0
rousseau2023_strong_monsoon_starts,139.59999999999954,3.0,3.0,0.0,3.0,7.0
rousseau2023_strong_monsoon_starts,139.79999999999953,3.0,3.0,0.0,3.0,7.0
rousseau2023_strong_monsoon_starts,139.99999999999955,3.0,3.0,0.0,3.0,7.0
rousseau2023_strong_monsoon_starts,140.19999999999953,3.0,3.0,0.0,3.0,7.0
rousseau2023_strong_monsoon_starts,140.39999999999952,3.0,3.0,0.0,3.0,7.0
rousseau2023_strong_monsoon_starts,140.59999999999954,2.0,3.0,0.0,3.0,7.0
rousseau2023_strong_monsoon_starts,140.79999999999953,2.0,3.0,0.0,3.0,7.0
rousseau2023_strong_monsoon_starts,140.99999999999955,2.0,3.0,0.0,3.0,7.0
rousseau2023_strong_monsoon_starts,141.19999999999953,2.0,3.0,0.0,3.0,7.0
rousseau2023_strong_monsoon_starts,141.39999999999952,2.0,3.0,0.0,3.0,7.0
rousseau2023_strong_monsoon_starts,141.59999999999954,2.0,3.0,0.0,3.0,7.0
rousseau2023_strong_monsoon_starts,141.79999999999953,3.0,3.0,0.0,3.0,7.0
rousseau2023_strong_monsoon_starts,141.99999999999955,3.0,3.0,0.0,3.0,7.0
rousseau2023_strong_monsoon_starts,142.19999999999953,3.0,3.0,0.0,3.0,7.0
rousseau2023_strong_monsoon_starts,142.39999999999952,3.0,3.0,0.0,3.0,7.0
rousseau2023_strong_monsoon_starts,142.59999999999954,3.0,3.0,0.0,3.0,7.0
rousseau2023_strong_monsoon_starts,142.79999999999953,3.0,3.0,0.0,3.0,7.0
rousseau2023_strong_monsoon_starts,142.99999999999952,3.0,3.0,0.0,3.0,7.0
rousseau2023_strong_monsoon_starts,143.19999999999953,3.0,3.0,0.0,3.0,7.0
rousseau2023_strong_monsoon_starts,143.39999999999952,3.0,3.0,0.0,3.0,7.0
rousseau2023_strong_monsoon_starts,143.5999999999995,3.0,3.0,0.0,3.0,7.0
rousseau2023_strong_monsoon_starts,143.79999999999953,3.0,3.0,0.0,3.0,7.0
rousseau2023_strong_monsoon_starts,143.99999999999952,3.0,3.0,0.0,3.0,7.0
rousseau2023_strong_monsoon_starts,144.19999999999953,3.0,3.0,0.0,3.0,7.0
rousseau2023_strong_monsoon_starts,144.39999999999952,3.0,3.0,0.0,3.0,7.0
rousseau2023_strong_monsoon_starts,144.5999999999995,3.0,3.0,0.0,3.0,7.0
rousseau2023_strong_monsoon_starts,144.79999999999953,3.0,3.0,0.0,3.0,7.0
rousseau2023_strong_monsoon_starts,144.99999999999952,3.0,3.0,0.0,3.0,7.0
rousseau2023_strong_monsoon_starts,145.19999999999953,3.0,3.0,0.0,3.0,7.0
rousseau2023_strong_monsoon_starts,145.39999999999952,3.0,3.0,0.0,3.0,7.0
rousseau2023_strong_monsoon_starts,145.5999999999995,3.0,3.0,0.0,3.0,7.0
rousseau2023_strong_monsoon_starts,145.79999999999953,3.0,3.0,0.0,3.0,7.0
rousseau2023_strong_monsoon_starts,145.99999999999952,3.0,3.0,0.0,3.0,7.0
rousseau2023_strong_monsoon_starts,146.1999999999995,3.0,3.0,0.0,3.0,7.0
rousseau2023_strong_monsoon_starts,146.39999999999952,3.0,3.0,0.0,3.0,7.0
rousseau2023_strong_monsoon_starts,146.5999999999995,3.0,3.0,0.0,3.0,7.0
rousseau2023_strong_monsoon_starts,146.7999999999995,3.0,3.0,0.0,3.0,7.0
rousseau2023_strong_monsoon_starts,146.99999999999952,3.0,3.0,0.0,3.0,7.0
rousseau2023_strong_monsoon_starts,147.1999999999995,4.0,3.0,0.0,3.0,7.0
rousseau2023_strong_monsoon_starts,147.39999999999952,4.0,3.0,0.0,3.0,7.0
rousseau2023_strong_monsoon_starts,147.5999999999995,4.0,3.0,0.0,3.0,7.0
rousseau2023_strong_monsoon_starts,147.7999999999995,4.0,3.0,0.0,3.0,7.0
rousseau2023_strong_monsoon_starts,147.99999999999952,4.0,3.0,0.0,3.0,7.0
rousseau2023_strong_monsoon_starts,148.1999999999995,5.0,3.0,0.0,3.0,7.0
rousseau2023_strong_monsoon_starts,148.39999999999952,5.0,3.0,0.0,3.0,7.0
rousseau2023_strong_monsoon_starts,148.5999999999995,5.0,3.0,0.0,3.0,7.0
rousseau2023_strong_monsoon_starts,148.7999999999995,5.0,3.0,0.0,3.0,7.0
rousseau2023_strong_monsoon_starts,148.99999999999952,5.0,3.0,0.0,3.0,7.0
rousseau2023_strong_monsoon_starts,149.1999999999995,5.0,3.0,0.0,3.0,7.0
rousseau2023_strong_monsoon_starts,149.3999999999995,5.0,3.0,0.0,3.0,7.0
rousseau2023_strong_monsoon_starts,149.5999999999995,5.0,3.0,0.0,3.0,7.0
rousseau2023_strong_monsoon_starts,149.7999999999995,5.0,3.0,0.0,3.0,7.0
rousseau2023_strong_monsoon_starts,149.9999999999995,5.0,3.0,0.0,3.0,7.0
rousseau2023_strong_monsoon_starts,150.1999999999995,5.0,3.0,0.0,3.0,7.0
rousseau2023_strong_monsoon_starts,150.3999999999995,5.0,3.0,0.0,3.0,7.0
rousseau2023_strong_monsoon_starts,150.5999999999995,6.0,3.0,0.0,3.0,7.0
rousseau2023_strong_monsoon_starts,150.7999999999995,6.0,3.0,0.0,3.0,7.0
rousseau2023_strong_monsoon_starts,150.9999999999995,6.0,3.0,0.0,3.0,7.0
rousseau2023_strong_monsoon_starts,151.1999999999995,6.0,3.0,0.0,3.0,7.0
rousseau2023_strong_monsoon_starts,151.3999999999995,6.0,3.0,0.0,3.0,7.0
rousseau2023_strong_monsoon_starts,151.5999999999995,6.0,3.0,0.0,3.0,7.0
rousseau2023_strong_monsoon_starts,151.7999999999995,6.0,3.0,0.0,3.0,7.0
rousseau2023_strong_monsoon_starts,151.9999999999995,6.0,3.0,0.0,3.0,7.0
rousseau2023_strong_monsoon_starts,152.1999999999995,6.0,3.0,0.0,3.0,7.0
rousseau2023_strong_monsoon_starts,152.3999999999995,6.0,3.0,0.0,3.0,7.0
rousseau2023_strong_monsoon_starts,152.59999999999948,6.0,3.0,0.0,3.0,7.0
rousseau2023_strong_monsoon_starts,152.7999999999995,6.0,3.0,0.0,3.0,7.0
rousseau2023_strong_monsoon_starts,152.9999999999995,6.0,3.0,0.0,3.0,7.0
rousseau2023_strong_monsoon_starts,153.19999999999948,6.0,3.0,0.0,3.0,7.0
rousseau2023_strong_monsoon_starts,153.3999999999995,6.0,3.0,0.0,3.0,7.0
rousseau2023_strong_monsoon_starts,153.59999999999948,6.0,3.0,0.0,3.0,7.0
rousseau2023_strong_monsoon_starts,153.7999999999995,6.0,3.0,0.0,3.0,7.0
rousseau2023_strong_monsoon_starts,153.9999999999995,7.0,3.0,0.0,3.0,7.0
rousseau2023_strong_monsoon_starts,154.19999999999948,7.0,3.0,0.0,3.0,7.0
rousseau2023_strong_monsoon_starts,154.3999999999995,7.0,3.0,0.0,3.0,7.0
rousseau2023_strong_monsoon_starts,154.59999999999948,7.0,3.0,0.0,3.0,7.0
rousseau2023_strong_monsoon_starts,154.7999999999995,7.0,3.0,0.0,3.0,7.0
rousseau2023_strong_monsoon_starts,154.9999999999995,7.0,3.0,0.0,3.0,7.0
rousseau2023_strong_monsoon_starts,155.19999999999948,7.0,3.0,0.0,3.0,7.0
rousseau2023_strong_monsoon_starts,155.3999999999995,7.0,3.0,0.0,3.0,7.0
rousseau2023_strong_monsoon_starts,155.59999999999948,7.0,3.0,0.0,3.0,7.0
rousseau2023_strong_monsoon_starts,155.79999999999947,7.0,3.0,0.0,3.0,7.0
rousseau2023_strong_monsoon_starts,155.9999999999995,7.0,3.0,0.0,3.0,7.0
rousseau2023_strong_monsoon_starts,156.19999999999948,7.0,3.0,0.0,3.0,7.0
rousseau2023_strong_monsoon_starts,156.39999999999947,7.0,3.0,0.0,3.0,7.0
rousseau2023_strong_monsoon_starts,156.59999999999948,7.0,3.0,0.0,3.0,7.0
rousseau2023_strong_monsoon_starts,156.79999999999947,7.0,3.0,0.0,3.0,7.0
rousseau2023_strong_monsoon_starts,156.9999999999995,7.0,3.0,0.0,3.0,7.0
rousseau2023_strong_monsoon_starts,157.19999999999948,7.0,3.0,0.0,3.0,7.0
rousseau2023_strong_monsoon_starts,157.39999999999947,7.0,3.0,0.0,3.0,7.0
rousseau2023_strong_monsoon_starts,157.59999999999948,7.0,3.0,0.0,3.0,7.0
rousseau2023_strong_monsoon_starts,157.79999999999947,6.0,3.0,0.0,3.0,7.0
rousseau2023_strong_monsoon_starts,157.9999999999995,6.0,3.0,0.0,3.0,7.0
rousseau2023_strong_monsoon_starts,158.19999999999948,6.0,3.0,0.0,3.0,7.0
rousseau2023_strong_monsoon_starts,158.39999999999947,6.0,3.0,0.0,3.0,7.0
rousseau2023_strong_monsoon_starts,158.59999999999948,6.0,3.0,0.0,3.0,7.0
rousseau2023_strong_monsoon_starts,158.79999999999947,7.0,3.0,0.0,3.0,7.0
rousseau2023_strong_monsoon_starts,158.99999999999946,7.0,3.0,0.0,3.0,7.0
rousseau2023_strong_monsoon_starts,159.19999999999948,6.0,3.0,0.0,3.0,7.0
rousseau2023_strong_monsoon_starts,159.39999999999947,6.0,3.0,0.0,3.0,7.0
rousseau2023_strong_monsoon_starts,159.59999999999945,7.0,3.0,0.0,3.0,7.0
rousseau2023_strong_monsoon_starts,159.79999999999947,7.0,3.0,0.0,3.0,7.0
rousseau2023_strong_monsoon_starts,159.99999999999946,7.0,3.0,0.0,3.0,7.0
rousseau2023_strong_monsoon_starts,160.19999999999948,7.0,3.0,0.0,3.0,7.0
rousseau2023_strong_monsoon_starts,160.39999999999947,7.0,3.0,0.0,3.0,7.0
rousseau2023_strong_monsoon_starts,160.59999999999945,7.0,3.0,0.0,3.0,7.0
rousseau2023_strong_monsoon_starts,160.79999999999947,7.0,3.0,0.0,3.0,7.0
rousseau2023_strong_monsoon_starts,160.99999999999946,7.0,3.0,0.0,3.0,7.0
rousseau2023_strong_monsoon_starts,161.19999999999948,7.0,3.0,0.0,3.0,7.0
rousseau2023_strong_monsoon_starts,161.39999999999947,7.0,3.0,0.0,3.0,7.0
rousseau2023_strong_monsoon_starts,161.59999999999945,7.0,3.0,0.0,3.0,7.0
rousseau2023_strong_monsoon_starts,161.79999999999947,6.0,3.0,0.0,3.0,7.0
rousseau2023_strong_monsoon_starts,161.99999999999946,6.0,3.0,0.0,3.0,7.0
rousseau2023_strong_monsoon_starts,162.19999999999945,6.0,3.0,0.0,3.0,7.0
rousseau2023_strong_monsoon_starts,162.39999999999947,6.0,3.0,0.0,3.0,7.0
rousseau2023_strong_monsoon_starts,162.59999999999945,6.0,3.0,0.0,3.0,7.0
rousseau2023_strong_monsoon_starts,162.79999999999944,6.0,3.0,0.0,3.0,7.0
rousseau2023_strong_monsoon_starts,162.99999999999946,6.0,3.0,0.0,3.0,7.0
rousseau2023_strong_monsoon_starts,163.19999999999945,7.0,3.0,0.0,3.0,7.0
rousseau2023_strong_monsoon_starts,163.39999999999947,7.0,3.0,0.0,3.0,7.0
rousseau2023_strong_monsoon_starts,163.59999999999945,7.0,3.0,0.0,3.0,7.0
rousseau2023_strong_monsoon_starts,163.79999999999944,7.0,3.0,0.0,3.0,7.0
rousseau2023_strong_monsoon_starts,163.99999999999946,7.0,3.0,0.0,3.0,7.0
rousseau2023_strong_monsoon_starts,164.19999999999945,7.0,3.0,0.0,3.0,7.0
rousseau2023_strong_monsoon_starts,164.39999999999947,7.0,3.0,0.0,3.0,7.0
rousseau2023_strong_monsoon_starts,164.59999999999945,7.0,3.0,0.0,3.0,7.0
rousseau2023_strong_monsoon_starts,164.79999999999944,7.0,3.0,0.0,3.0,7.0
rousseau2023_strong_monsoon_starts,164.99999999999946,7.0,3.0,0.0,3.0,7.0
rousseau2023_strong_monsoon_starts,165.19999999999945,7.0,3.0,0.0,3.0,7.0
rousseau2023_strong_monsoon_starts,165.39999999999944,7.0,3.0,0.0,3.0,7.0
rousseau2023_strong_monsoon_starts,165.59999999999945,7.0,3.0,0.0,3.0,7.0
rousseau2023_strong_monsoon_starts,165.79999999999944,7.0,3.0,0.0,3.0,7.0
rousseau2023_strong_monsoon_starts,165.99999999999943,7.0,3.0,0.0,3.0,7.0
rousseau2023_strong_monsoon_starts,166.19999999999945,7.0,3.0,0.0,3.0,7.0
rousseau2023_strong_monsoon_starts,166.39999999999944,8.0,3.0,0.0,3.0,7.0
rousseau2023_strong_monsoon_starts,166.59999999999945,8.0,3.0,0.0,3.0,7.0
rousseau2023_strong_monsoon_starts,166.79999999999944,8.0,3.0,0.0,3.0,7.0
rousseau2023_strong_monsoon_starts,166.99999999999943,8.0,3.0,0.0,3.0,7.0
rousseau2023_strong_monsoon_starts,167.19999999999945,7.0,3.0,0.0,3.0,7.0
rousseau2023_strong_monsoon_starts,167.39999999999944,7.0,3.0,0.0,3.0,7.0
rousseau2023_strong_monsoon_starts,167.59999999999945,7.0,3.0,0.0,3.0,7.0
rousseau2023_strong_monsoon_starts,167.79999999999944,7.0,3.0,0.0,3.0,7.0
rousseau2023_strong_monsoon_starts,167.99999999999943,8.0,3.0,0.0,3.0,7.0
rousseau2023_strong_monsoon_starts,168.19999999999945,7.0,3.0,0.0,3.0,7.0
rousseau2023_strong_monsoon_starts,168.39999999999944,7.0,3.0,0.0,3.0,7.0
rousseau2023_strong_monsoon_starts,168.59999999999943,7.0,3.0,0.0,3.0,7.0
rousseau2023_strong_monsoon_starts,168.79999999999944,7.0,3.0,0.0,3.0,7.0
rousseau2023_strong_monsoon_starts,168.99999999999943,7.0,3.0,0.0,3.0,7.0
rousseau2023_strong_monsoon_starts,169.19999999999942,7.0,3.0,0.0,3.0,7.0
rousseau2023_strong_monsoon_starts,169.39999999999944,7.0,3.0,0.0,3.0,7.0
rousseau2023_strong_monsoon_starts,169.59999999999943,7.0,3.0,0.0,3.0,7.0
rousseau2023_strong_monsoon_starts,169.79999999999944,7.0,3.0,0.0,3.0,7.0
rousseau2023_strong_monsoon_starts,169.99999999999943,7.0,3.0,0.0,3.0,7.0
rousseau2023_strong_monsoon_starts,170.19999999999942,7.0,3.0,0.0,3.0,7.0
rousseau2023_strong_monsoon_starts,170.39999999999944,7.0,3.0,0.0,3.0,7.0
rousseau2023_strong_monsoon_starts,170.59999999999943,6.0,3.0,0.0,3.0,7.0
rousseau2023_strong_monsoon_starts,170.79999999999944,6.0,3.0,0.0,3.0,7.0
rousseau2023_strong_monsoon_starts,170.99999999999943,6.0,3.0,0.0,3.0,7.0
rousseau2023_strong_monsoon_starts,171.19999999999942,6.0,3.0,0.0,3.0,7.0
rousseau2023_strong_monsoon_starts,171.39999999999944,6.0,3.0,0.0,3.0,7.0
rousseau2023_strong_monsoon_starts,171.59999999999943,6.0,3.0,0.0,3.0,7.0
rousseau2023_strong_monsoon_starts,171.79999999999941,6.0,3.0,0.0,3.0,7.0
rousseau2023_strong_monsoon_starts,171.99999999999943,6.0,3.0,0.0,3.0,7.0
rousseau2023_strong_monsoon_starts,172.19999999999942,6.0,3.0,0.0,3.0,7.0
rousseau2023_strong_monsoon_starts,172.3999999999994,6.0,3.0,0.0,3.0,7.0
rousseau2023_strong_monsoon_starts,172.59999999999943,7.0,3.0,0.0,3.0,7.0
rousseau2023_strong_monsoon_starts,172.79999999999941,7.0,3.0,0.0,3.0,7.0
rousseau2023_strong_monsoon_starts,172.99999999999943,7.0,3.0,0.0,3.0,7.0
rousseau2023_strong_monsoon_starts,173.19999999999942,7.0,3.0,0.0,3.0,7.0
rousseau2023_strong_monsoon_starts,173.3999999999994,7.0,3.0,0.0,3.0,7.0
rousseau2023_strong_monsoon_starts,173.59999999999943,7.0,3.0,0.0,3.0,7.0
rousseau2023_strong_monsoon_starts,173.79999999999941,7.0,3.0,0.0,3.0,7.0
rousseau2023_strong_monsoon_starts,173.99999999999943,6.0,3.0,0.0,3.0,7.0
rousseau2023_strong_monsoon_starts,174.19999999999942,6.0,3.0,0.0,3.0,7.0
rousseau2023_strong_monsoon_starts,174.3999999999994,6.0,3.0,0.0,3.0,7.0
rousseau2023_strong_monsoon_starts,174.59999999999943,6.0,3.0,0.0,3.0,7.0
rousseau2023_strong_monsoon_starts,174.79999999999941,6.0,3.0,0.0,3.0,7.0
rousseau2023_strong_monsoon_starts,174.9999999999994,6.0,3.0,0.0,3.0,7.0
rousseau2023_strong_monsoon_starts,175.19999999999942,6.0,3.0,0.0,3.0,7.0
rousseau2023_strong_monsoon_starts,175.3999999999994,6.0,3.0,0.0,3.0,7.0
rousseau2023_strong_monsoon_starts,175.5999999999994,6.0,3.0,0.0,3.0,7.0
rousseau2023_strong_monsoon_starts,175.79999999999941,6.0,3.0,0.0,3.0,7.0
rousseau2023_strong_monsoon_starts,175.9999999999994,6.0,3.0,0.0,3.0,7.0
rousseau2023_strong_monsoon_starts,176.19999999999942,6.0,3.0,0.0,3.0,7.0
rousseau2023_strong_monsoon_starts,176.3999999999994,6.0,3.0,0.0,3.0,7.0
rousseau2023_strong_monsoon_starts,176.5999999999994,6.0,3.0,0.0,3.0,7.0
rousseau2023_strong_monsoon_starts,176.79999999999941,6.0,3.0,0.0,3.0,7.0
rousseau2023_strong_monsoon_starts,176.9999999999994,6.0,3.0,0.0,3.0,7.0
rousseau2023_strong_monsoon_starts,177.19999999999942,6.0,3.0,0.0,3.0,7.0
rousseau2023_strong_monsoon_starts,177.3999999999994,6.0,3.0,0.0,3.0,7.0
rousseau2023_strong_monsoon_starts,177.5999999999994,6.0,3.0,0.0,3.0,7.0
rousseau2023_strong_monsoon_starts,177.79999999999941,6.0,3.0,0.0,3.0,7.0
rousseau2023_strong_monsoon_starts,177.9999999999994,6.0,3.0,0.0,3.0,7.0
rousseau2023_strong_monsoon_starts,178.1999999999994,6.0,3.0,0.0,3.0,7.0
rousseau2023_strong_monsoon_starts,178.3999999999994,6.0,3.0,0.0,3.0,7.0
rousseau2023_strong_monsoon_starts,178.5999999999994,6.0,3.0,0.0,3.0,7.0
rousseau2023_strong_monsoon_starts,178.7999999999994,5.0,3.0,0.0,3.0,7.0
rousseau2023_strong_monsoon_starts,178.9999999999994,5.0,3.0,0.0,3.0,7.0
rousseau2023_strong_monsoon_starts,179.1999999999994,5.0,3.0,0.0,3.0,7.0
rousseau2023_strong_monsoon_starts,179.3999999999994,5.0,3.0,0.0,3.0,7.0
rousseau2023_strong_monsoon_starts,179.5999999999994,4.0,3.0,0.0,3.0,7.0
rousseau2023_strong_monsoon_starts,179.7999999999994,4.0,3.0,0.0,3.0,7.0
rousseau2023_strong_monsoon_starts,179.9999999999994,4.0,3.0,0.0,3.0,7.0
rousseau2023_strong_monsoon_starts,180.1999999999994,4.0,3.0,0.0,3.0,7.0
rousseau2023_strong_monsoon_starts,180.3999999999994,4.0,3.0,0.0,3.0,7.0
rousseau2023_strong_monsoon_starts,180.5999999999994,4.0,3.0,0.0,3.0,7.0
rousseau2023_strong_monsoon_starts,180.7999999999994,5.0,3.0,0.0,3.0,7.0
rousseau2023_strong_monsoon_starts,180.9999999999994,5.0,3.0,0.0,3.0,7.0
rousseau2023_strong_monsoon_starts,181.1999999999994,5.0,3.0,0.0,3.0,7.0
rousseau2023_strong_monsoon_starts,181.39999999999938,5.0,3.0,0.0,3.0,7.0
rousseau2023_strong_monsoon_starts,181.5999999999994,5.0,3.0,0.0,3.0,7.0
rousseau2023_strong_monsoon_starts,181.7999999999994,5.0,3.0,0.0,3.0,7.0
rousseau2023_strong_monsoon_starts,181.99999999999937,5.0,3.0,0.0,3.0,7.0
rousseau2023_strong_monsoon_starts,182.1999999999994,5.0,3.0,0.0,3.0,7.0
rousseau2023_strong_monsoon_starts,182.39999999999938,5.0,3.0,0.0,3.0,7.0
rousseau2023_strong_monsoon_starts,182.5999999999994,5.0,3.0,0.0,3.0,7.0
rousseau2023_strong_monsoon_starts,182.7999999999994,6.0,3.0,0.0,3.0,7.0
rousseau2023_strong_monsoon_starts,182.99999999999937,6.0,3.0,0.0,3.0,7.0
rousseau2023_strong_monsoon_starts,183.1999999999994,5.0,3.0,0.0,3.0,7.0
rousseau2023_strong_monsoon_starts,183.39999999999938,5.0,3.0,0.0,3.0,7.0
rousseau2023_strong_monsoon_starts,183.5999999999994,5.0,3.0,0.0,3.0,7.0
rousseau2023_strong_monsoon_starts,183.7999999999994,5.0,3.0,0.0,3.0,7.0
rousseau2023_strong_monsoon_starts,183.99999999999937,5.0,3.0,0.0,3.0,7.0
rousseau2023_strong_monsoon_starts,184.1999999999994,5.0,3.0,0.0,3.0,7.0
rousseau2023_strong_monsoon_starts,184.39999999999938,5.0,3.0,0.0,3.0,7.0
rousseau2023_strong_monsoon_starts,184.59999999999937,5.0,3.0,0.0,3.0,7.0
rousseau2023_strong_monsoon_starts,184.7999999999994,5.0,3.0,0.0,3.0,7.0
rousseau2023_strong_monsoon_starts,184.99999999999937,5.0,3.0,0.0,3.0,7.0
rousseau2023_strong_monsoon_starts,185.19999999999936,5.0,3.0,0.0,3.0,7.0
rousseau2023_strong_monsoon_starts,185.39999999999938,5.0,3.0,0.0,3.0,7.0
rousseau2023_strong_monsoon_starts,185.59999999999937,5.0,3.0,0.0,3.0,7.0
rousseau2023_strong_monsoon_starts,185.7999999999994,5.0,3.0,0.0,3.0,7.0
rousseau2023_strong_monsoon_starts,185.99999999999937,5.0,3.0,0.0,3.0,7.0
rousseau2023_strong_monsoon_starts,186.19999999999936,5.0,3.0,0.0,3.0,7.0
rousseau2023_strong_monsoon_starts,186.39999999999938,4.0,3.0,0.0,3.0,7.0
rousseau2023_strong_monsoon_starts,186.59999999999937,4.0,3.0,0.0,3.0,7.0
rousseau2023_strong_monsoon_starts,186.7999999999994,4.0,3.0,0.0,3.0,7.0
rousseau2023_strong_monsoon_starts,186.99999999999937,4.0,3.0,0.0,3.0,7.0
rousseau2023_strong_monsoon_starts,187.19999999999936,4.0,3.0,0.0,3.0,7.0
rousseau2023_strong_monsoon_starts,187.39999999999938,4.0,3.0,0.0,3.0,7.0
rousseau2023_strong_monsoon_starts,187.59999999999937,4.0,3.0,0.0,3.0,7.0
rousseau2023_strong_monsoon_starts,187.79999999999936,4.0,3.0,0.0,3.0,7.0
rousseau2023_strong_monsoon_starts,187.99999999999937,3.0,3.0,0.0,3.0,7.0
rousseau2023_strong_monsoon_starts,188.19999999999936,3.0,3.0,0.0,3.0,7.0
rousseau2023_strong_monsoon_starts,188.39999999999935,3.0,3.0,0.0,3.0,7.0
rousseau2023_strong_monsoon_starts,188.59999999999937,3.0,3.0,0.0,3.0,7.0
rousseau2023_strong_monsoon_starts,188.79999999999936,3.0,3.0,0.0,3.0,7.0
rousseau2023_strong_monsoon_starts,188.99999999999937,4.0,3.0,0.0,3.0,7.0
rousseau2023_strong_monsoon_starts,189.19999999999936,4.0,3.0,0.0,3.0,7.0
rousseau2023_strong_monsoon_starts,189.39999999999935,4.0,3.0,0.0,3.0,7.0
rousseau2023_strong_monsoon_starts,189.59999999999937,4.0,3.0,0.0,3.0,7.0
rousseau2023_strong_monsoon_starts,189.79999999999936,4.0,3.0,0.0,3.0,7.0
rousseau2023_strong_monsoon_starts,189.99999999999937,4.0,3.0,0.0,3.0,7.0
rousseau2023_strong_monsoon_starts,190.19999999999936,4.0,3.0,0.0,3.0,7.0
rousseau2023_strong_monsoon_starts,190.39999999999935,4.0,3.0,0.0,3.0,7.0
rousseau2023_strong_monsoon_starts,190.59999999999937,4.0,3.0,0.0,3.0,7.0
rousseau2023_strong_monsoon_starts,190.79999999999936,4.0,3.0,0.0,3.0,7.0
rousseau2023_strong_monsoon_starts,190.99999999999935,4.0,3.0,0.0,3.0,7.0
rousseau2023_strong_monsoon_starts,191.19999999999936,4.0,3.0,0.0,3.0,7.0
rousseau2023_strong_monsoon_starts,191.39999999999935,4.0,3.0,0.0,3.0,7.0
rousseau2023_strong_monsoon_starts,191.59999999999934,4.0,3.0,0.0,3.0,7.0
rousseau2023_strong_monsoon_starts,191.79999999999936,4.0,3.0,0.0,3.0,7.0
rousseau2023_strong_monsoon_starts,191.99999999999935,4.0,3.0,0.0,3.0,7.0
rousseau2023_strong_monsoon_starts,192.19999999999936,4.0,3.0,0.0,3.0,7.0
rousseau2023_strong_monsoon_starts,192.39999999999935,4.0,3.0,0.0,3.0,7.0
rousseau2023_strong_monsoon_starts,192.59999999999934,3.0,3.0,0.0,3.0,7.0
rousseau2023_strong_monsoon_starts,192.79999999999936,3.0,3.0,0.0,3.0,7.0
rousseau2023_strong_monsoon_starts,192.99999999999935,3.0,3.0,0.0,3.0,7.0
rousseau2023_strong_monsoon_starts,193.19999999999936,3.0,3.0,0.0,3.0,7.0
rousseau2023_strong_monsoon_starts,193.39999999999935,3.0,3.0,0.0,3.0,7.0
rousseau2023_strong_monsoon_starts,193.59999999999934,3.0,3.0,0.0,3.0,7.0
rousseau2023_strong_monsoon_starts,193.79999999999936,3.0,3.0,0.0,3.0,7.0
rousseau2023_strong_monsoon_starts,193.99999999999935,3.0,3.0,0.0,3.0,7.0
rousseau2023_strong_monsoon_starts,194.19999999999933,3.0,3.0,0.0,3.0,7.0
rousseau2023_strong_monsoon_starts,194.39999999999935,3.0,3.0,0.0,3.0,7.0
rousseau2023_strong_monsoon_starts,194.59999999999934,3.0,3.0,0.0,3.0,7.0
rousseau2023_strong_monsoon_starts,194.79999999999933,3.0,3.0,0.0,3.0,7.0
rousseau2023_strong_monsoon_starts,194.99999999999935,3.0,3.0,0.0,3.0,7.0
rousseau2023_strong_monsoon_starts,195.19999999999933,3.0,3.0,0.0,3.0,7.0
rousseau2023_strong_monsoon_starts,195.39999999999935,3.0,3.0,0.0,3.0,7.0
rousseau2023_strong_monsoon_starts,195.59999999999934,3.0,3.0,0.0,3.0,7.0
rousseau2023_strong_monsoon_starts,195.79999999999933,3.0,3.0,0.0,3.0,7.0
rousseau2023_strong_monsoon_starts,195.99999999999935,3.0,3.0,0.0,3.0,7.0
rousseau2023_strong_monsoon_starts,196.19999999999933,3.0,3.0,0.0,3.0,7.0
rousseau2023_strong_monsoon_starts,196.39999999999935,3.0,3.0,0.0,3.0,7.0
rousseau2023_strong_monsoon_starts,196.59999999999934,3.0,3.0,0.0,3.0,7.0
rousseau2023_strong_monsoon_starts,196.79999999999933,3.0,3.0,0.0,3.0,7.0
rousseau2023_strong_monsoon_starts,196.99999999999935,3.0,3.0,0.0,3.0,7.0
rousseau2023_strong_monsoon_starts,197.19999999999933,3.0,3.0,0.0,3.0,7.0
rousseau2023_strong_monsoon_starts,197.39999999999932,3.0,3.0,0.0,3.0,7.0
rousseau2023_strong_monsoon_starts,197.59999999999934,3.0,3.0,0.0,3.0,7.0
rousseau2023_strong_monsoon_starts,197.79999999999933,3.0,3.0,0.0,3.0,7.0
rousseau2023_strong_monsoon_starts,197.99999999999932,3.0,3.0,0.0,3.0,7.0
rousseau2023_strong_monsoon_starts,198.19999999999933,3.0,3.0,0.0,3.0,7.0
rousseau2023_strong_monsoon_starts,198.39999999999932,3.0,3.0,0.0,3.0,7.0
rousseau2023_strong_monsoon_starts,198.59999999999934,3.0,3.0,0.0,3.0,7.0
rousseau2023_strong_monsoon_starts,198.79999999999933,3.0,3.0,0.0,3.0,7.0
rousseau2023_strong_monsoon_starts,198.99999999999932,3.0,3.0,0.0,3.0,7.0
rousseau2023_strong_monsoon_starts,199.19999999999933,3.0,3.0,0.0,3.0,7.0
rousseau2023_strong_monsoon_starts,199.39999999999932,3.0,3.0,0.0,3.0,7.0
rousseau2023_strong_monsoon_starts,199.59999999999934,3.0,3.0,0.0,3.0,7.0
rousseau2023_strong_monsoon_starts,199.79999999999933,3.0,3.0,0.0,3.0,7.0
rousseau2023_strong_monsoon_starts,199.99999999999932,3.0,3.0,0.0,3.0,7.0
rousseau2023_strong_monsoon_starts,200.19999999999933,3.0,3.0,0.0,3.0,7.0
rousseau2023_strong_monsoon_starts,200.39999999999932,3.0,3.0,0.0,3.0,7.0
rousseau2023_strong_monsoon_starts,200.5999999999993,3.0,3.0,0.0,3.0,7.0
rousseau2023_strong_monsoon_starts,200.79999999999933,2.0,3.0,0.0,3.0,7.0
rousseau2023_strong_monsoon_starts,200.99999999999932,2.0,3.0,0.0,3.0,7.0
rousseau2023_strong_monsoon_starts,201.1999999999993,2.0,3.0,0.0,3.0,7.0
rousseau2023_strong_monsoon_starts,201.39999999999932,2.0,3.0,0.0,3.0,7.0
rousseau2023_strong_monsoon_starts,201.5999999999993,2.0,3.0,0.0,3.0,7.0
rousseau2023_strong_monsoon_starts,201.79999999999933,2.0,3.0,0.0,3.0,7.0
rousseau2023_strong_monsoon_starts,201.99999999999932,2.0,3.0,0.0,3.0,7.0
rousseau2023_strong_monsoon_starts,202.1999999999993,2.0,3.0,0.0,3.0,7.0
rousseau2023_strong_monsoon_starts,202.39999999999932,2.0,3.0,0.0,3.0,7.0
rousseau2023_strong_monsoon_starts,202.5999999999993,2.0,3.0,0.0,3.0,7.0
rousseau2023_strong_monsoon_starts,202.79999999999933,1.0,3.0,0.0,3.0,7.0
rousseau2023_strong_monsoon_starts,202.99999999999932,1.0,3.0,0.0,3.0,7.0
rousseau2023_strong_monsoon_starts,203.1999999999993,1.0,3.0,0.0,3.0,7.0
rousseau2023_strong_monsoon_starts,203.39999999999932,1.0,3.0,0.0,3.0,7.0
rousseau2023_strong_monsoon_starts,203.5999999999993,1.0,3.0,0.0,3.0,7.0
rousseau2023_strong_monsoon_starts,203.7999999999993,1.0,3.0,0.0,3.0,7.0
rousseau2023_strong_monsoon_starts,203.99999999999932,1.0,3.0,0.0,3.0,7.0
rousseau2023_strong_monsoon_starts,204.1999999999993,1.0,3.0,0.0,3.0,7.0
rousseau2023_strong_monsoon_starts,204.3999999999993,1.0,3.0,0.0,3.0,7.0
rousseau2023_strong_monsoon_starts,204.5999999999993,1.0,3.0,0.0,3.0,7.0
rousseau2023_strong_monsoon_starts,204.7999999999993,1.0,3.0,0.0,3.0,7.0
rousseau2023_strong_monsoon_starts,204.99999999999932,1.0,3.0,0.0,3.0,7.0
rousseau2023_strong_monsoon_starts,205.1999999999993,1.0,3.0,0.0,3.0,7.0
rousseau2023_strong_monsoon_starts,205.3999999999993,1.0,3.0,0.0,3.0,7.0
rousseau2023_strong_monsoon_starts,205.5999999999993,1.0,3.0,0.0,3.0,7.0
rousseau2023_strong_monsoon_starts,205.7999999999993,1.0,3.0,0.0,3.0,7.0
rousseau2023_strong_monsoon_starts,205.99999999999932,1.0,3.0,0.0,3.0,7.0
rousseau2023_strong_monsoon_starts,206.1999999999993,1.0,3.0,0.0,3.0,7.0
rousseau2023_strong_monsoon_starts,206.3999999999993,1.0,3.0,0.0,3.0,7.0
rousseau2023_strong_monsoon_starts,206.5999999999993,1.0,3.0,0.0,3.0,7.0
rousseau2023_strong_monsoon_starts,206.7999999999993,1.0,3.0,0.0,3.0,7.0
rousseau2023_strong_monsoon_starts,206.9999999999993,1.0,3.0,0.0,3.0,7.0
rousseau2023_strong_monsoon_starts,207.1999999999993,1.0,3.0,0.0,3.0,7.0
rousseau2023_strong_monsoon_starts,207.3999999999993,1.0,3.0,0.0,3.0,7.0
rousseau2023_strong_monsoon_starts,207.59999999999928,1.0,3.0,0.0,3.0,7.0
rousseau2023_strong_monsoon_starts,207.7999999999993,1.0,3.0,0.0,3.0,7.0
rousseau2023_strong_monsoon_starts,207.9999999999993,1.0,3.0,0.0,3.0,7.0
rousseau2023_strong_monsoon_starts,208.1999999999993,1.0,3.0,0.0,3.0,7.0
rousseau2023_strong_monsoon_starts,208.3999999999993,1.0,3.0,0.0,3.0,7.0
rousseau2023_strong_monsoon_starts,208.59999999999928,1.0,3.0,0.0,3.0,7.0
rousseau2023_strong_monsoon_starts,208.7999999999993,1.0,3.0,0.0,3.0,7.0
rousseau2023_strong_monsoon_starts,208.9999999999993,0.0,3.0,0.0,3.0,7.0
rousseau2023_strong_monsoon_starts,209.1999999999993,1.0,3.0,0.0,3.0,7.0
rousseau2023_strong_monsoon_starts,209.3999999999993,1.0,3.0,0.0,3.0,7.0
rousseau2023_strong_monsoon_starts,209.59999999999928,1.0,3.0,0.0,3.0,7.0
rousseau2023_strong_monsoon_starts,209.7999999999993,1.0,3.0,0.0,3.0,7.0
rousseau2023_strong_monsoon_starts,209.9999999999993,1.0,3.0,0.0,3.0,7.0
rousseau2023_strong_monsoon_starts,210.19999999999928,1.0,3.0,0.0,3.0,7.0
rousseau2023_strong_monsoon_starts,210.3999999999993,1.0,3.0,0.0,3.0,7.0
rousseau2023_strong_monsoon_starts,210.59999999999928,1.0,3.0,0.0,3.0,7.0
rousseau2023_strong_monsoon_starts,210.79999999999927,1.0,3.0,0.0,3.0,7.0
rousseau2023_strong_monsoon_starts,210.9999999999993,1.0,3.0,0.0,3.0,7.0
rousseau2023_strong_monsoon_starts,211.19999999999928,1.0,3.0,0.0,3.0,7.0
rousseau2023_strong_monsoon_starts,211.3999999999993,1.0,3.0,0.0,3.0,7.0
rousseau2023_strong_monsoon_starts,211.59999999999928,1.0,3.0,0.0,3.0,7.0
rousseau2023_strong_monsoon_starts,211.79999999999927,1.0,3.0,0.0,3.0,7.0
rousseau2023_strong_monsoon_starts,211.9999999999993,1.0,3.0,0.0,3.0,7.0
rousseau2023_strong_monsoon_starts,212.19999999999928,1.0,3.0,0.0,3.0,7.0
rousseau2023_strong_monsoon_starts,212.3999999999993,1.0,3.0,0.0,3.0,7.0
rousseau2023_strong_monsoon_starts,212.59999999999928,1.0,3.0,0.0,3.0,7.0
rousseau2023_strong_monsoon_starts,212.79999999999927,1.0,3.0,0.0,3.0,7.0
rousseau2023_strong_monsoon_starts,212.9999999999993,1.0,3.0,0.0,3.0,7.0
rousseau2023_strong_monsoon_starts,213.19999999999928,1.0,3.0,0.0,3.0,7.0
rousseau2023_strong_monsoon_starts,213.39999999999927,1.0,3.0,0.0,3.0,7.0
rousseau2023_strong_monsoon_starts,213.59999999999928,1.0,3.0,0.0,3.0,7.0
rousseau2023_strong_monsoon_starts,213.79999999999927,1.0,3.0,0.0,3.0,7.0
rousseau2023_strong_monsoon_starts,213.99999999999926,1.0,3.0,0.0,3.0,7.0
rousseau2023_strong_monsoon_starts,214.19999999999928,1.0,3.0,0.0,3.0,7.0
rousseau2023_strong_monsoon_starts,214.39999999999927,1.0,3.0,0.0,3.0,7.0
rousseau2023_strong_monsoon_starts,214.59999999999928,1.0,3.0,0.0,3.0,7.0
rousseau2023_strong_monsoon_starts,214.79999999999927,1.0,3.0,0.0,3.0,7.0
rousseau2023_strong_monsoon_starts,214.99999999999926,1.0,3.0,0.0,3.0,7.0
rousseau2023_strong_monsoon_starts,215.19999999999928,1.0,3.0,0.0,3.0,7.0
rousseau2023_strong_monsoon_starts,215.39999999999927,2.0,3.0,0.0,3.0,7.0
rousseau2023_strong_monsoon_starts,215.59999999999928,2.0,3.0,0.0,3.0,7.0
rousseau2023_strong_monsoon_starts,215.79999999999927,2.0,3.0,0.0,3.0,7.0
rousseau2023_strong_monsoon_starts,215.99999999999926,2.0,3.0,0.0,3.0,7.0
rousseau2023_strong_monsoon_starts,216.19999999999928,2.0,3.0,0.0,3.0,7.0
rousseau2023_strong_monsoon_starts,216.39999999999927,2.0,3.0,0.0,3.0,7.0
rousseau2023_strong_monsoon_starts,216.59999999999926,2.0,3.0,0.0,3.0,7.0
rousseau2023_strong_monsoon_starts,216.79999999999927,2.0,3.0,0.0,3.0,7.0
rousseau2023_strong_monsoon_starts,216.99999999999926,2.0,3.0,0.0,3.0,7.0
rousseau2023_strong_monsoon_starts,217.19999999999925,2.0,3.0,0.0,3.0,7.0
rousseau2023_strong_monsoon_starts,217.39999999999927,2.0,3.0,0.0,3.0,7.0
rousseau2023_strong_monsoon_starts,217.59999999999926,2.0,3.0,0.0,3.0,7.0
rousseau2023_strong_monsoon_starts,217.79999999999927,2.0,3.0,0.0,3.0,7.0
rousseau2023_strong_monsoon_starts,217.99999999999926,2.0,3.0,0.0,3.0,7.0
rousseau2023_strong_monsoon_starts,218.19999999999925,2.0,3.0,0.0,3.0,7.0
rousseau2023_strong_monsoon_starts,218.39999999999927,2.0,3.0,0.0,3.0,7.0
rousseau2023_strong_monsoon_starts,218.59999999999926,2.0,3.0,0.0,3.0,7.0
rousseau2023_strong_monsoon_starts,218.79999999999927,2.0,3.0,0.0,3.0,7.0
rousseau2023_strong_monsoon_starts,218.99999999999926,2.0,3.0,0.0,3.0,7.0
rousseau2023_strong_monsoon_starts,219.19999999999925,2.0,3.0,0.0,3.0,7.0
rousseau2023_strong_monsoon_starts,219.39999999999927,2.0,3.0,0.0,3.0,7.0
rousseau2023_strong_monsoon_starts,219.59999999999926,2.0,3.0,0.0,3.0,7.0
rousseau2023_strong_monsoon_starts,219.79999999999924,2.0,3.0,0.0,3.0,7.0
rousseau2023_strong_monsoon_starts,219.99999999999926,2.0,3.0,0.0,3.0,7.0
rousseau2023_strong_monsoon_starts,220.19999999999925,2.0,3.0,0.0,3.0,7.0
rousseau2023_strong_monsoon_starts,220.39999999999924,2.0,3.0,0.0,3.0,7.0
rousseau2023_strong_monsoon_starts,220.59999999999926,2.0,3.0,0.0,3.0,7.0
rousseau2023_strong_monsoon_starts,220.79999999999924,3.0,3.0,0.0,3.0,7.0
rousseau2023_strong_monsoon_starts,220.99999999999926,3.0,3.0,0.0,3.0,7.0
rousseau2023_strong_monsoon_starts,221.19999999999925,3.0,3.0,0.0,3.0,7.0
rousseau2023_strong_monsoon_starts,221.39999999999924,3.0,3.0,0.0,3.0,7.0
rousseau2023_strong_monsoon_starts,221.59999999999926,3.0,3.0,0.0,3.0,7.0
rousseau2023_strong_monsoon_starts,221.79999999999924,3.0,3.0,0.0,3.0,7.0
rousseau2023_strong_monsoon_starts,221.99999999999926,3.0,3.0,0.0,3.0,7.0
rousseau2023_strong_monsoon_starts,222.19999999999925,3.0,3.0,0.0,3.0,7.0
rousseau2023_strong_monsoon_starts,222.39999999999924,3.0,3.0,0.0,3.0,7.0
rousseau2023_strong_monsoon_starts,222.59999999999926,3.0,3.0,0.0,3.0,7.0
rousseau2023_strong_monsoon_starts,222.79999999999924,3.0,3.0,0.0,3.0,7.0
rousseau2023_strong_monsoon_starts,222.99999999999923,3.0,3.0,0.0,3.0,7.0
rousseau2023_strong_monsoon_starts,223.19999999999925,3.0,3.0,0.0,3.0,7.0
rousseau2023_strong_monsoon_starts,223.39999999999924,3.0,3.0,0.0,3.0,7.0
rousseau2023_strong_monsoon_starts,223.59999999999923,3.0,3.0,0.0,3.0,7.0
rousseau2023_strong_monsoon_starts,223.79999999999924,3.0,3.0,0.0,3.0,7.0
rousseau2023_strong_monsoon_starts,223.99999999999923,3.0,3.0,0.0,3.0,7.0
rousseau2023_strong_monsoon_starts,224.19999999999925,3.0,3.0,0.0,3.0,7.0
rousseau2023_strong_monsoon_starts,224.39999999999924,3.0,3.0,0.0,3.0,7.0
rousseau2023_strong_monsoon_starts,224.59999999999923,3.0,3.0,0.0,3.0,7.0
rousseau2023_strong_monsoon_starts,224.79999999999924,3.0,3.0,0.0,3.0,7.0
rousseau2023_strong_monsoon_starts,224.99999999999923,3.0,3.0,0.0,3.0,7.0
rousseau2023_strong_monsoon_starts,225.19999999999925,3.0,3.0,0.0,3.0,7.0
rousseau2023_strong_monsoon_starts,225.39999999999924,3.0,3.0,0.0,3.0,7.0
rousseau2023_strong_monsoon_starts,225.59999999999923,3.0,3.0,0.0,3.0,7.0
rousseau2023_strong_monsoon_starts,225.79999999999924,3.0,3.0,0.0,3.0,7.0
rousseau2023_strong_monsoon_starts,225.99999999999923,3.0,3.0,0.0,3.0,7.0
rousseau2023_strong_monsoon_starts,226.19999999999922,3.0,3.0,0.0,3.0,7.0
rousseau2023_strong_monsoon_starts,226.39999999999924,3.0,3.0,0.0,3.0,7.0
rousseau2023_strong_monsoon_starts,226.59999999999923,3.0,3.0,0.0,3.0,7.0
rousseau2023_strong_monsoon_starts,226.79999999999922,3.0,3.0,0.0,3.0,7.0
rousseau2023_strong_monsoon_starts,226.99999999999923,3.0,3.0,0.0,3.0,7.0
rousseau2023_strong_monsoon_starts,227.19999999999922,3.0,3.0,0.0,3.0,7.0
rousseau2023_strong_monsoon_starts,227.39999999999924,3.0,3.0,0.0,3.0,7.0
rousseau2023_strong_monsoon_starts,227.59999999999923,3.0,3.0,0.0,3.0,7.0
rousseau2023_strong_monsoon_starts,227.79999999999922,3.0,3.0,0.0,3.0,7.0
rousseau2023_strong_monsoon_starts,227.99999999999923,3.0,3.0,0.0,3.0,7.0
rousseau2023_strong_monsoon_starts,228.19999999999922,3.0,3.0,0.0,3.0,7.0
rousseau2023_strong_monsoon_starts,228.39999999999924,3.0,3.0,0.0,3.0,7.0
rousseau2023_strong_monsoon_starts,228.59999999999923,3.0,3.0,0.0,3.0,7.0
rousseau2023_strong_monsoon_starts,228.79999999999922,3.0,3.0,0.0,3.0,7.0
rousseau2023_strong_monsoon_starts,228.99999999999923,3.0,3.0,0.0,3.0,7.0
rousseau2023_strong_monsoon_starts,229.19999999999922,2.0,3.0,0.0,3.0,7.0
rousseau2023_strong_monsoon_starts,229.3999999999992,2.0,3.0,0.0,3.0,7.0
rousseau2023_strong_monsoon_starts,229.59999999999923,2.0,3.0,0.0,3.0,7.0
rousseau2023_strong_monsoon_starts,229.79999999999922,2.0,3.0,0.0,3.0,7.0
rousseau2023_strong_monsoon_starts,229.9999999999992,2.0,3.0,0.0,3.0,7.0
rousseau2023_strong_monsoon_starts,230.19999999999922,2.0,3.0,0.0,3.0,7.0
rousseau2023_strong_monsoon_starts,230.3999999999992,2.0,3.0,0.0,3.0,7.0
rousseau2023_strong_monsoon_starts,230.59999999999923,2.0,3.0,0.0,3.0,7.0
rousseau2023_strong_monsoon_starts,230.79999999999922,2.0,3.0,0.0,3.0,7.0
rousseau2023_strong_monsoon_starts,230.9999999999992,2.0,3.0,0.0,3.0,7.0
rousseau2023_strong_monsoon_starts,231.19999999999922,2.0,3.0,0.0,3.0,7.0
rousseau2023_strong_monsoon_starts,231.3999999999992,2.0,3.0,0.0,3.0,7.0
rousseau2023_strong_monsoon_starts,231.59999999999923,2.0,3.0,0.0,3.0,7.0
rousseau2023_strong_monsoon_starts,231.79999999999922,3.0,3.0,0.0,3.0,7.0
rousseau2023_strong_monsoon_starts,231.9999999999992,3.0,3.0,0.0,3.0,7.0
rousseau2023_strong_monsoon_starts,232.19999999999922,3.0,3.0,0.0,3.0,7.0
rousseau2023_strong_monsoon_starts,232.3999999999992,3.0,3.0,0.0,3.0,7.0
rousseau2023_strong_monsoon_starts,232.5999999999992,3.0,3.0,0.0,3.0,7.0
rousseau2023_strong_monsoon_starts,232.79999999999922,3.0,3.0,0.0,3.0,7.0
rousseau2023_strong_monsoon_starts,232.9999999999992,3.0,3.0,0.0,3.0,7.0
rousseau2023_strong_monsoon_starts,233.1999999999992,3.0,3.0,0.0,3.0,7.0
rousseau2023_strong_monsoon_starts,233.3999999999992,3.0,3.0,0.0,3.0,7.0
rousseau2023_strong_monsoon_starts,233.5999999999992,3.0,3.0,0.0,3.0,7.0
rousseau2023_strong_monsoon_starts,233.79999999999922,3.0,3.0,0.0,3.0,7.0
rousseau2023_strong_monsoon_starts,233.9999999999992,3.0,3.0,0.0,3.0,7.0
rousseau2023_strong_monsoon_starts,234.1999999999992,3.0,3.0,0.0,3.0,7.0
rousseau2023_strong_monsoon_starts,234.3999999999992,3.0,3.0,0.0,3.0,7.0
rousseau2023_strong_monsoon_starts,234.5999999999992,3.0,3.0,0.0,3.0,7.0
rousseau2023_strong_monsoon_starts,234.79999999999922,3.0,3.0,0.0,3.0,7.0
rousseau2023_strong_monsoon_starts,234.9999999999992,3.0,3.0,0.0,3.0,7.0
rousseau2023_strong_monsoon_starts,235.1999999999992,3.0,3.0,0.0,3.0,7.0
rousseau2023_strong_monsoon_starts,235.3999999999992,2.0,3.0,0.0,3.0,7.0
rousseau2023_strong_monsoon_starts,235.5999999999992,2.0,3.0,0.0,3.0,7.0
rousseau2023_strong_monsoon_starts,235.7999999999992,2.0,3.0,0.0,3.0,7.0
rousseau2023_strong_monsoon_starts,235.9999999999992,2.0,3.0,0.0,3.0,7.0
rousseau2023_strong_monsoon_starts,236.1999999999992,2.0,3.0,0.0,3.0,7.0
rousseau2023_strong_monsoon_starts,236.39999999999918,2.0,3.0,0.0,3.0,7.0
rousseau2023_strong_monsoon_starts,236.5999999999992,2.0,3.0,0.0,3.0,7.0
rousseau2023_strong_monsoon_starts,236.7999999999992,2.0,3.0,0.0,3.0,7.0
rousseau2023_strong_monsoon_starts,236.9999999999992,2.0,3.0,0.0,3.0,7.0
rousseau2023_strong_monsoon_starts,237.1999999999992,2.0,3.0,0.0,3.0,7.0
rousseau2023_strong_monsoon_starts,237.39999999999918,2.0,3.0,0.0,3.0,7.0
rousseau2023_strong_monsoon_starts,237.5999999999992,2.0,3.0,0.0,3.0,7.0
rousseau2023_strong_monsoon_starts,237.7999999999992,2.0,3.0,0.0,3.0,7.0
rousseau2023_strong_monsoon_starts,237.9999999999992,2.0,3.0,0.0,3.0,7.0
rousseau2023_strong_monsoon_starts,238.1999999999992,2.0,3.0,0.0,3.0,7.0
rousseau2023_strong_monsoon_starts,238.39999999999918,3.0,3.0,0.0,3.0,7.0
rousseau2023_strong_monsoon_starts,238.5999999999992,3.0,3.0,0.0,3.0,7.0
rousseau2023_strong_monsoon_starts,238.7999999999992,3.0,3.0,0.0,3.0,7.0
rousseau2023_strong_monsoon_starts,238.99999999999918,3.0,3.0,0.0,3.0,7.0
rousseau2023_strong_monsoon_starts,239.1999999999992,3.0,3.0,0.0,3.0,7.0
rousseau2023_strong_monsoon_starts,239.39999999999918,3.0,3.0,0.0,3.0,7.0
rousseau2023_strong_monsoon_starts,239.59999999999917,3.0,3.0,0.0,3.0,7.0
rousseau2023_strong_monsoon_starts,239.7999999999992,3.0,3.0,0.0,3.0,7.0
rousseau2023_strong_monsoon_starts,239.99999999999918,3.0,3.0,0.0,3.0,7.0
rousseau2023_strong_monsoon_starts,240.1999999999992,3.0,3.0,0.0,3.0,7.0
rousseau2023_strong_monsoon_starts,240.39999999999918,3.0,3.0,0.0,3.0,7.0
rousseau2023_strong_monsoon_starts,240.59999999999917,3.0,3.0,0.0,3.0,7.0
rousseau2023_strong_monsoon_starts,240.7999999999992,2.0,3.0,0.0,3.0,7.0
rousseau2023_strong_monsoon_starts,240.99999999999918,2.0,3.0,0.0,3.0,7.0
rousseau2023_strong_monsoon_starts,241.1999999999992,3.0,3.0,0.0,3.0,7.0
rousseau2023_strong_monsoon_starts,241.39999999999918,3.0,3.0,0.0,3.0,7.0
rousseau2023_strong_monsoon_starts,241.59999999999917,3.0,3.0,0.0,3.0,7.0
rousseau2023_strong_monsoon_starts,241.7999999999992,3.0,3.0,0.0,3.0,7.0
rousseau2023_strong_monsoon_starts,241.99999999999918,3.0,3.0,0.0,3.0,7.0
rousseau2023_strong_monsoon_starts,242.19999999999916,3.0,3.0,0.0,3.0,7.0
rousseau2023_strong_monsoon_starts,242.39999999999918,3.0,3.0,0.0,3.0,7.0
rousseau2023_strong_monsoon_starts,242.59999999999917,3.0,3.0,0.0,3.0,7.0
rousseau2023_strong_monsoon_starts,242.79999999999916,3.0,3.0,0.0,3.0,7.0
rousseau2023_strong_monsoon_starts,242.99999999999918,3.0,3.0,0.0,3.0,7.0
rousseau2023_strong_monsoon_starts,243.19999999999916,3.0,3.0,0.0,3.0,7.0
rousseau2023_strong_monsoon_starts,243.39999999999918,3.0,3.0,0.0,3.0,7.0
rousseau2023_strong_monsoon_starts,243.59999999999917,3.0,3.0,0.0,3.0,7.0
rousseau2023_strong_monsoon_starts,243.79999999999916,3.0,3.0,0.0,3.0,7.0
rousseau2023_strong_monsoon_starts,243.99999999999918,3.0,3.0,0.0,3.0,7.0
rousseau2023_strong_monsoon_starts,244.19999999999916,3.0,3.0,0.0,3.0,7.0
rousseau2023_strong_monsoon_starts,244.39999999999918,3.0,3.0,0.0,3.0,7.0
rousseau2023_strong_monsoon_starts,244.59999999999917,3.0,3.0,0.0,3.0,7.0
rousseau2023_strong_monsoon_starts,244.79999999999916,3.0,3.0,0.0,3.0,7.0
rousseau2023_strong_monsoon_starts,244.99999999999918,3.0,3.0,0.0,3.0,7.0
rousseau2023_strong_monsoon_starts,245.19999999999916,3.0,3.0,0.0,3.0,7.0
rousseau2023_strong_monsoon_starts,245.39999999999915,3.0,3.0,0.0,3.0,7.0
rousseau2023_strong_monsoon_starts,245.59999999999917,3.0,3.0,0.0,3.0,7.0
rousseau2023_strong_monsoon_starts,245.79999999999916,3.0,3.0,0.0,3.0,7.0
rousseau2023_strong_monsoon_starts,245.99999999999915,3.0,3.0,0.0,3.0,7.0
rousseau2023_strong_monsoon_starts,246.19999999999916,3.0,3.0,0.0,3.0,7.0
rousseau2023_strong_monsoon_starts,246.39999999999915,3.0,3.0,0.0,3.0,7.0
rousseau2023_strong_monsoon_starts,246.59999999999917,3.0,3.0,0.0,3.0,7.0
rousseau2023_strong_monsoon_starts,246.79999999999916,3.0,3.0,0.0,3.0,7.0
rousseau2023_strong_monsoon_starts,246.99999999999915,3.0,3.0,0.0,3.0,7.0
rousseau2023_strong_monsoon_starts,247.19999999999916,3.0,3.0,0.0,3.0,7.0
rousseau2023_strong_monsoon_starts,247.39999999999915,3.0,3.0,0.0,3.0,7.0
rousseau2023_strong_monsoon_starts,247.59999999999917,3.0,3.0,0.0,3.0,7.0
rousseau2023_strong_monsoon_starts,247.79999999999916,3.0,3.0,0.0,3.0,7.0
rousseau2023_strong_monsoon_starts,247.99999999999915,3.0,3.0,0.0,3.0,7.0
rousseau2023_strong_monsoon_starts,248.19999999999916,3.0,3.0,0.0,3.0,7.0
rousseau2023_strong_monsoon_starts,248.39999999999915,3.0,3.0,0.0,3.0,7.0
rousseau2023_strong_monsoon_starts,248.59999999999914,3.0,3.0,0.0,3.0,7.0
rousseau2023_strong_monsoon_starts,248.79999999999916,4.0,3.0,0.0,3.0,7.0
rousseau2023_strong_monsoon_starts,248.99999999999915,4.0,3.0,0.0,3.0,7.0
rousseau2023_strong_monsoon_starts,249.19999999999914,4.0,3.0,0.0,3.0,7.0
rousseau2023_strong_monsoon_starts,249.39999999999915,4.0,3.0,0.0,3.0,7.0
rousseau2023_strong_monsoon_starts,249.59999999999914,4.0,3.0,0.0,3.0,7.0
rousseau2023_strong_monsoon_starts,249.79999999999916,4.0,3.0,0.0,3.0,7.0
rousseau2023_strong_monsoon_starts,249.99999999999915,4.0,3.0,0.0,3.0,7.0
rousseau2023_strong_monsoon_starts,250.19999999999914,4.0,3.0,0.0,3.0,7.0
rousseau2023_strong_monsoon_starts,250.39999999999915,4.0,3.0,0.0,3.0,7.0
rousseau2023_strong_monsoon_starts,250.59999999999914,4.0,3.0,0.0,3.0,7.0
rousseau2023_strong_monsoon_starts,250.79999999999916,4.0,3.0,0.0,3.0,7.0
rousseau2023_strong_monsoon_starts,250.99999999999915,4.0,3.0,0.0,3.0,7.0
rousseau2023_strong_monsoon_starts,251.19999999999914,4.0,3.0,0.0,3.0,7.0
rousseau2023_strong_monsoon_starts,251.39999999999915,4.0,3.0,0.0,3.0,7.0
rousseau2023_strong_monsoon_starts,251.59999999999914,4.0,3.0,0.0,3.0,7.0
rousseau2023_strong_monsoon_starts,251.79999999999913,3.0,3.0,0.0,3.0,7.0
rousseau2023_strong_monsoon_starts,251.99999999999915,3.0,3.0,0.0,3.0,7.0
rousseau2023_strong_monsoon_starts,252.19999999999914,3.0,3.0,0.0,3.0,7.0
rousseau2023_strong_monsoon_starts,252.39999999999912,3.0,3.0,0.0,3.0,7.0
rousseau2023_strong_monsoon_starts,252.59999999999914,3.0,3.0,0.0,3.0,7.0
rousseau2023_strong_monsoon_starts,252.79999999999913,3.0,3.0,0.0,3.0,7.0
rousseau2023_strong_monsoon_starts,252.99999999999915,3.0,3.0,0.0,3.0,7.0
rousseau2023_strong_monsoon_starts,253.19999999999914,3.0,3.0,0.0,3.0,7.0
rousseau2023_strong_monsoon_starts,253.39999999999912,3.0,3.0,0.0,3.0,7.0
rousseau2023_strong_monsoon_starts,253.59999999999914,3.0,3.0,0.0,3.0,7.0
rousseau2023_strong_monsoon_starts,253.79999999999913,3.0,3.0,0.0,3.0,7.0
rousseau2023_strong_monsoon_starts,253.99999999999915,3.0,3.0,0.0,3.0,7.0
rousseau2023_strong_monsoon_starts,254.19999999999914,4.0,3.0,0.0,3.0,7.0
rousseau2023_strong_monsoon_starts,254.39999999999912,4.0,3.0,0.0,3.0,7.0
rousseau2023_strong_monsoon_starts,254.59999999999914,4.0,3.0,0.0,3.0,7.0
rousseau2023_strong_monsoon_starts,254.79999999999913,4.0,3.0,0.0,3.0,7.0
rousseau2023_strong_monsoon_starts,254.99999999999912,4.0,3.0,0.0,3.0,7.0
rousseau2023_strong_monsoon_starts,255.19999999999914,4.0,3.0,0.0,3.0,7.0
rousseau2023_strong_monsoon_starts,255.39999999999912,4.0,3.0,0.0,3.0,7.0
rousseau2023_strong_monsoon_starts,255.5999999999991,4.0,3.0,0.0,3.0,7.0
rousseau2023_strong_monsoon_starts,255.79999999999913,4.0,3.0,0.0,3.0,7.0
rousseau2023_strong_monsoon_starts,255.99999999999912,4.0,3.0,0.0,3.0,7.0
rousseau2023_strong_monsoon_starts,256.19999999999914,4.0,3.0,0.0,3.0,7.0
rousseau2023_strong_monsoon_starts,256.3999999999991,4.0,3.0,0.0,3.0,7.0
rousseau2023_strong_monsoon_starts,256.5999999999991,4.0,3.0,0.0,3.0,7.0
rousseau2023_strong_monsoon_starts,256.7999999999991,4.0,3.0,0.0,3.0,7.0
rousseau2023_strong_monsoon_starts,256.99999999999915,4.0,3.0,0.0,3.0,7.0
rousseau2023_strong_monsoon_starts,257.19999999999914,4.0,3.0,0.0,3.0,7.0
rousseau2023_strong_monsoon_starts,257.3999999999991,4.0,3.0,0.0,3.0,7.0
rousseau2023_strong_monsoon_starts,257.5999999999991,4.0,3.0,0.0,3.0,7.0
rousseau2023_strong_monsoon_starts,257.7999999999991,4.0,3.0,0.0,3.0,7.0
rousseau2023_strong_monsoon_starts,257.9999999999991,4.0,3.0,0.0,3.0,7.0
rousseau2023_strong_monsoon_starts,258.19999999999914,4.0,3.0,0.0,3.0,7.0
rousseau2023_strong_monsoon_starts,258.3999999999991,3.0,3.0,0.0,3.0,7.0
rousseau2023_strong_monsoon_starts,258.5999999999991,3.0,3.0,0.0,3.0,7.0
rousseau2023_strong_monsoon_starts,258.7999999999991,3.0,3.0,0.0,3.0,7.0
rousseau2023_strong_monsoon_starts,258.9999999999991,3.0,3.0,0.0,3.0,7.0
rousseau2023_strong_monsoon_starts,259.19999999999914,3.0,3.0,0.0,3.0,7.0
rousseau2023_strong_monsoon_starts,259.3999999999991,3.0,3.0,0.0,3.0,7.0
rousseau2023_strong_monsoon_starts,259.5999999999991,3.0,3.0,0.0,3.0,7.0
rousseau2023_strong_monsoon_starts,259.7999999999991,3.0,3.0,0.0,3.0,7.0
rousseau2023_strong_monsoon_starts,259.9999999999991,3.0,3.0,0.0,3.0,7.0
rousseau2023_strong_monsoon_starts,260.19999999999914,3.0,3.0,0.0,3.0,7.0
rousseau2023_strong_monsoon_starts,260.3999999999991,3.0,3.0,0.0,3.0,7.0
rousseau2023_strong_monsoon_starts,260.5999999999991,3.0,3.0,0.0,3.0,7.0
rousseau2023_strong_monsoon_starts,260.7999999999991,3.0,3.0,0.0,3.0,7.0
rousseau2023_strong_monsoon_starts,260.9999999999991,3.0,3.0,0.0,3.0,7.0
rousseau2023_strong_monsoon_starts,261.19999999999914,2.0,3.0,0.0,3.0,7.0
rousseau2023_strong_monsoon_starts,261.3999999999991,2.0,3.0,0.0,3.0,7.0
rousseau2023_strong_monsoon_starts,261.5999999999991,2.0,3.0,0.0,3.0,7.0
rousseau2023_strong_monsoon_starts,261.7999999999991,2.0,3.0,0.0,3.0,7.0
rousseau2023_strong_monsoon_starts,261.9999999999991,2.0,3.0,0.0,3.0,7.0
rousseau2023_strong_monsoon_starts,262.1999999999991,2.0,3.0,0.0,3.0,7.0
rousseau2023_strong_monsoon_starts,262.3999999999991,2.0,3.0,0.0,3.0,7.0
rousseau2023_strong_monsoon_starts,262.5999999999991,2.0,3.0,0.0,3.0,7.0
rousseau2023_strong_monsoon_starts,262.7999999999991,2.0,3.0,0.0,3.0,7.0
rousseau2023_strong_monsoon_starts,262.9999999999991,3.0,3.0,0.0,3.0,7.0
rousseau2023_strong_monsoon_starts,263.1999999999991,3.0,3.0,0.0,3.0,7.0
rousseau2023_strong_monsoon_starts,263.3999999999991,3.0,3.0,0.0,3.0,7.0
rousseau2023_strong_monsoon_starts,263.5999999999991,3.0,3.0,0.0,3.0,7.0
rousseau2023_strong_monsoon_starts,263.7999999999991,3.0,3.0,0.0,3.0,7.0
rousseau2023_strong_monsoon_starts,263.9999999999991,3.0,3.0,0.0,3.0,7.0
rousseau2023_strong_monsoon_starts,264.1999999999991,3.0,3.0,0.0,3.0,7.0
rousseau2023_strong_monsoon_starts,264.39999999999907,3.0,3.0,0.0,3.0,7.0
rousseau2023_strong_monsoon_starts,264.5999999999991,3.0,3.0,0.0,3.0,7.0
rousseau2023_strong_monsoon_starts,264.7999999999991,3.0,3.0,0.0,3.0,7.0
rousseau2023_strong_monsoon_starts,264.9999999999991,3.0,3.0,0.0,3.0,7.0
rousseau2023_strong_monsoon_starts,265.1999999999991,3.0,3.0,0.0,3.0,7.0
rousseau2023_strong_monsoon_starts,265.39999999999907,3.0,3.0,0.0,3.0,7.0
rousseau2023_strong_monsoon_starts,265.5999999999991,3.0,3.0,0.0,3.0,7.0
rousseau2023_strong_monsoon_starts,265.7999999999991,3.0,3.0,0.0,3.0,7.0
rousseau2023_strong_monsoon_starts,265.9999999999991,3.0,3.0,0.0,3.0,7.0
rousseau2023_strong_monsoon_starts,266.1999999999991,3.0,3.0,0.0,3.0,7.0
rousseau2023_strong_monsoon_starts,266.39999999999907,3.0,3.0,0.0,3.0,7.0
rousseau2023_strong_monsoon_starts,266.5999999999991,3.0,3.0,0.0,3.0,7.0
rousseau2023_strong_monsoon_starts,266.7999999999991,3.0,3.0,0.0,3.0,7.0
rousseau2023_strong_monsoon_starts,266.9999999999991,3.0,3.0,0.0,3.0,7.0
rousseau2023_strong_monsoon_starts,267.1999999999991,3.0,3.0,0.0,3.0,7.0
rousseau2023_strong_monsoon_starts,267.39999999999907,3.0,3.0,0.0,3.0,7.0
rousseau2023_strong_monsoon_starts,267.5999999999991,3.0,3.0,0.0,3.0,7.0
rousseau2023_strong_monsoon_starts,267.7999999999991,3.0,3.0,0.0,3.0,7.0
rousseau2023_strong_monsoon_starts,267.9999999999991,3.0,3.0,0.0,3.0,7.0
rousseau2023_strong_monsoon_starts,268.1999999999991,3.0,3.0,0.0,3.0,7.0
rousseau2023_strong_monsoon_starts,268.39999999999907,3.0,3.0,0.0,3.0,7.0
rousseau2023_strong_monsoon_starts,268.59999999999906,3.0,3.0,0.0,3.0,7.0
rousseau2023_strong_monsoon_starts,268.7999999999991,2.0,3.0,0.0,3.0,7.0
rousseau2023_strong_monsoon_starts,268.9999999999991,2.0,3.0,0.0,3.0,7.0
rousseau2023_strong_monsoon_starts,269.1999999999991,2.0,3.0,0.0,3.0,7.0
rousseau2023_strong_monsoon_starts,269.39999999999907,2.0,3.0,0.0,3.0,7.0
rousseau2023_strong_monsoon_starts,269.59999999999906,2.0,3.0,0.0,3.0,7.0
rousseau2023_strong_monsoon_starts,269.7999999999991,2.0,3.0,0.0,3.0,7.0
rousseau2023_strong_monsoon_starts,269.9999999999991,2.0,3.0,0.0,3.0,7.0
rousseau2023_strong_monsoon_starts,270.1999999999991,2.0,3.0,0.0,3.0,7.0
rousseau2023_strong_monsoon_starts,270.39999999999907,2.0,3.0,0.0,3.0,7.0
rousseau2023_strong_monsoon_starts,270.59999999999906,2.0,3.0,0.0,3.0,7.0
rousseau2023_strong_monsoon_starts,270.79999999999905,2.0,3.0,0.0,3.0,7.0
rousseau2023_strong_monsoon_starts,270.9999999999991,2.0,3.0,0.0,3.0,7.0
rousseau2023_strong_monsoon_starts,271.1999999999991,2.0,3.0,0.0,3.0,7.0
rousseau2023_strong_monsoon_starts,271.39999999999907,2.0,3.0,0.0,3.0,7.0
rousseau2023_strong_monsoon_starts,271.59999999999906,2.0,3.0,0.0,3.0,7.0
rousseau2023_strong_monsoon_starts,271.79999999999905,2.0,3.0,0.0,3.0,7.0
rousseau2023_strong_monsoon_starts,271.9999999999991,2.0,3.0,0.0,3.0,7.0
rousseau2023_strong_monsoon_starts,272.1999999999991,2.0,3.0,0.0,3.0,7.0
rousseau2023_strong_monsoon_starts,272.39999999999907,2.0,3.0,0.0,3.0,7.0
rousseau2023_strong_monsoon_starts,272.59999999999906,2.0,3.0,0.0,3.0,7.0
rousseau2023_strong_monsoon_starts,272.79999999999905,2.0,3.0,0.0,3.0,7.0
rousseau2023_strong_monsoon_starts,272.9999999999991,2.0,3.0,0.0,3.0,7.0
rousseau2023_strong_monsoon_starts,273.1999999999991,2.0,3.0,0.0,3.0,7.0
rousseau2023_strong_monsoon_starts,273.39999999999907,2.0,3.0,0.0,3.0,7.0
rousseau2023_strong_monsoon_starts,273.59999999999906,2.0,3.0,0.0,3.0,7.0
rousseau2023_strong_monsoon_starts,273.79999999999905,2.0,3.0,0.0,3.0,7.0
rousseau2023_strong_monsoon_starts,273.9999999999991,2.0,3.0,0.0,3.0,7.0
rousseau2023_strong_monsoon_starts,274.1999999999991,1.0,3.0,0.0,3.0,7.0
rousseau2023_strong_monsoon_starts,274.39999999999907,1.0,3.0,0.0,3.0,7.0
rousseau2023_strong_monsoon_starts,274.59999999999906,1.0,3.0,0.0,3.0,7.0
rousseau2023_strong_monsoon_starts,274.79999999999905,1.0,3.0,0.0,3.0,7.0
rousseau2023_strong_monsoon_starts,274.99999999999903,1.0,3.0,0.0,3.0,7.0
rousseau2023_strong_monsoon_starts,275.1999999999991,1.0,3.0,0.0,3.0,7.0
rousseau2023_strong_monsoon_starts,275.39999999999907,1.0,3.0,0.0,3.0,7.0
rousseau2023_strong_monsoon_starts,275.59999999999906,1.0,3.0,0.0,3.0,7.0
rousseau2023_strong_monsoon_starts,275.79999999999905,1.0,3.0,0.0,3.0,7.0
rousseau2023_strong_monsoon_starts,275.99999999999903,1.0,3.0,0.0,3.0,7.0
rousseau2023_strong_monsoon_starts,276.1999999999991,1.0,3.0,0.0,3.0,7.0
rousseau2023_strong_monsoon_starts,276.39999999999907,1.0,3.0,0.0,3.0,7.0
rousseau2023_strong_monsoon_starts,276.59999999999906,1.0,3.0,0.0,3.0,7.0
rousseau2023_strong_monsoon_starts,276.79999999999905,1.0,3.0,0.0,3.0,7.0
rousseau2023_strong_monsoon_starts,276.99999999999903,1.0,3.0,0.0,3.0,7.0
rousseau2023_strong_monsoon_starts,277.199999999999,1.0,3.0,0.0,3.0,7.0
rousseau2023_strong_monsoon_starts,277.39999999999907,1.0,3.0,0.0,3.0,7.0
rousseau2023_strong_monsoon_starts,277.59999999999906,1.0,3.0,0.0,3.0,7.0
rousseau2023_strong_monsoon_starts,277.79999999999905,1.0,3.0,0.0,3.0,7.0
rousseau2023_strong_monsoon_starts,277.99999999999903,1.0,3.0,0.0,3.0,7.0
rousseau2023_strong_monsoon_starts,278.199999999999,1.0,3.0,0.0,3.0,7.0
rousseau2023_strong_monsoon_starts,278.39999999999907,1.0,3.0,0.0,3.0,7.0
rousseau2023_strong_monsoon_starts,278.59999999999906,1.0,3.0,0.0,3.0,7.0
rousseau2023_strong_monsoon_starts,278.79999999999905,1.0,3.0,0.0,3.0,7.0
rousseau2023_strong_monsoon_starts,278.99999999999903,1.0,3.0,0.0,3.0,7.0
rousseau2023_strong_monsoon_starts,279.199999999999,1.0,3.0,0.0,3.0,7.0
rousseau2023_strong_monsoon_starts,279.39999999999907,1.0,3.0,0.0,3.0,7.0
rousseau2023_strong_monsoon_starts,279.59999999999906,1.0,3.0,0.0,3.0,7.0
rousseau2023_strong_monsoon_starts,279.79999999999905,1.0,3.0,0.0,3.0,7.0
rousseau2023_strong_monsoon_starts,279.99999999999903,1.0,3.0,0.0,3.0,7.0
rousseau2023_strong_monsoon_starts,280.199999999999,1.0,3.0,0.0,3.0,7.0
rousseau2023_strong_monsoon_starts,280.39999999999907,1.0,3.0,0.0,3.0,7.0
rousseau2023_strong_monsoon_starts,280.59999999999906,1.0,3.0,0.0,3.0,7.0
rousseau2023_strong_monsoon_starts,280.79999999999905,1.0,3.0,0.0,3.0,7.0
rousseau2023_strong_monsoon_starts,280.99999999999903,1.0,3.0,0.0,3.0,7.0
rousseau2023_strong_monsoon_starts,281.199999999999,1.0,3.0,0.0,3.0,7.0
rousseau2023_strong_monsoon_starts,281.399999999999,1.0,3.0,0.0,3.0,7.0
rousseau2023_strong_monsoon_starts,281.59999999999906,1.0,3.0,0.0,3.0,7.0
rousseau2023_strong_monsoon_starts,281.79999999999905,1.0,3.0,0.0,3.0,7.0
rousseau2023_strong_monsoon_starts,281.99999999999903,1.0,3.0,0.0,3.0,7.0
rousseau2023_strong_monsoon_starts,282.199999999999,1.0,3.0,0.0,3.0,7.0
rousseau2023_strong_monsoon_starts,282.399999999999,1.0,3.0,0.0,3.0,7.0
rousseau2023_strong_monsoon_starts,282.59999999999906,1.0,3.0,0.0,3.0,7.0
rousseau2023_strong_monsoon_starts,282.79999999999905,1.0,3.0,0.0,3.0,7.0
rousseau2023_strong_monsoon_starts,282.99999999999903,0.0,3.0,0.0,3.0,7.0
rousseau2023_strong_monsoon_starts,283.199999999999,0.0,3.0,0.0,3.0,7.0
rousseau2023_strong_monsoon_starts,283.399999999999,0.0,3.0,0.0,3.0,7.0
rousseau2023_strong_monsoon_starts,283.599999999999,0.0,3.0,0.0,3.0,7.0
rousseau2023_strong_monsoon_starts,283.79999999999905,0.0,3.0,0.0,3.0,7.0
rousseau2023_strong_monsoon_starts,283.99999999999903,1.0,3.0,0.0,3.0,7.0
rousseau2023_strong_monsoon_starts,284.199999999999,1.0,3.0,0.0,3.0,7.0
rousseau2023_strong_monsoon_starts,284.399999999999,1.0,3.0,0.0,3.0,7.0
rousseau2023_strong_monsoon_starts,284.599999999999,1.0,3.0,0.0,3.0,7.0
rousseau2023_strong_monsoon_starts,284.79999999999905,1.0,3.0,0.0,3.0,7.0
rousseau2023_strong_monsoon_starts,284.99999999999903,1.0,3.0,0.0,3.0,7.0
rousseau2023_strong_monsoon_starts,285.199999999999,1.0,3.0,0.0,3.0,7.0
rousseau2023_strong_monsoon_starts,285.399999999999,1.0,3.0,0.0,3.0,7.0
rousseau2023_strong_monsoon_starts,285.599999999999,1.0,3.0,0.0,3.0,7.0
rousseau2023_strong_monsoon_starts,285.79999999999905,1.0,3.0,0.0,3.0,7.0
rousseau2023_strong_monsoon_starts,285.99999999999903,1.0,3.0,0.0,3.0,7.0
rousseau2023_strong_monsoon_starts,286.199999999999,1.0,3.0,0.0,3.0,7.0
rousseau2023_strong_monsoon_starts,286.399999999999,1.0,3.0,0.0,3.0,7.0
rousseau2023_strong_monsoon_starts,286.599999999999,1.0,3.0,0.0,3.0,7.0
rousseau2023_strong_monsoon_starts,286.79999999999905,1.0,3.0,0.0,3.0,7.0
rousseau2023_strong_monsoon_starts,286.99999999999903,1.0,3.0,0.0,3.0,7.0
rousseau2023_strong_monsoon_starts,287.199999999999,1.0,3.0,0.0,3.0,7.0
rousseau2023_strong_monsoon_starts,287.399999999999,1.0,3.0,0.0,3.0,7.0
rousseau2023_strong_monsoon_starts,287.599999999999,1.0,3.0,0.0,3.0,7.0
rousseau2023_strong_monsoon_starts,287.799999999999,1.0,3.0,0.0,3.0,7.0
rousseau2023_strong_monsoon_starts,287.99999999999903,1.0,3.0,0.0,3.0,7.0
rousseau2023_strong_monsoon_starts,288.199999999999,1.0,3.0,0.0,3.0,7.0
rousseau2023_strong_monsoon_starts,288.399999999999,1.0,3.0,0.0,3.0,7.0
rousseau2023_strong_monsoon_starts,288.599999999999,1.0,3.0,0.0,3.0,7.0
rousseau2023_strong_monsoon_starts,288.799999999999,1.0,3.0,0.0,3.0,7.0
rousseau2023_strong_monsoon_starts,288.99999999999903,1.0,3.0,0.0,3.0,7.0
rousseau2023_strong_monsoon_starts,289.199999999999,1.0,3.0,0.0,3.0,7.0
rousseau2023_strong_monsoon_starts,289.399999999999,1.0,3.0,0.0,3.0,7.0
rousseau2023_strong_monsoon_starts,289.599999999999,1.0,3.0,0.0,3.0,7.0
rousseau2023_strong_monsoon_starts,289.799999999999,1.0,3.0,0.0,3.0,7.0
rousseau2023_strong_monsoon_starts,289.999999999999,1.0,3.0,0.0,3.0,7.0
rousseau2023_strong_monsoon_starts,290.199999999999,1.0,3.0,0.0,3.0,7.0
rousseau2023_strong_monsoon_starts,290.399999999999,1.0,3.0,0.0,3.0,7.0
rousseau2023_strong_monsoon_starts,290.599999999999,1.0,3.0,0.0,3.0,7.0
rousseau2023_strong_monsoon_starts,290.799999999999,1.0,3.0,0.0,3.0,7.0
rousseau2023_strong_monsoon_starts,290.999999999999,1.0,3.0,0.0,3.0,7.0
rousseau2023_strong_monsoon_starts,291.199999999999,1.0,3.0,0.0,3.0,7.0
rousseau2023_strong_monsoon_starts,291.399999999999,1.0,3.0,0.0,3.0,7.0
rousseau2023_strong_monsoon_starts,291.599999999999,1.0,3.0,0.0,3.0,7.0
rousseau2023_strong_monsoon_starts,291.799999999999,1.0,3.0,0.0,3.0,7.0
rousseau2023_strong_monsoon_starts,291.999999999999,1.0,3.0,0.0,3.0,7.0
rousseau2023_strong_monsoon_starts,292.199999999999,1.0,3.0,0.0,3.0,7.0
rousseau2023_strong_monsoon_starts,292.399999999999,1.0,3.0,0.0,3.0,7.0
rousseau2023_strong_monsoon_starts,292.599999999999,1.0,3.0,0.0,3.0,7.0
rousseau2023_strong_monsoon_starts,292.799999999999,1.0,3.0,0.0,3.0,7.0
rousseau2023_strong_monsoon_starts,292.999999999999,1.0,3.0,0.0,3.0,7.0
rousseau2023_strong_monsoon_starts,293.199999999999,1.0,3.0,0.0,3.0,7.0
rousseau2023_strong_monsoon_starts,293.399999999999,1.0,3.0,0.0,3.0,7.0
rousseau2023_strong_monsoon_starts,293.599999999999,1.0,3.0,0.0,3.0,7.0
rousseau2023_strong_monsoon_starts,293.799999999999,1.0,3.0,0.0,3.0,7.0
rousseau2023_strong_monsoon_starts,293.999999999999,1.0,3.0,0.0,3.0,7.0
rousseau2023_strong_monsoon_starts,294.19999999999897,1.0,3.0,0.0,3.0,7.0
rousseau2023_strong_monsoon_starts,294.399999999999,1.0,3.0,0.0,3.0,7.0
rousseau2023_strong_monsoon_starts,294.599999999999,1.0,3.0,0.0,3.0,7.0
rousseau2023_strong_monsoon_starts,294.799999999999,1.0,3.0,0.0,3.0,7.0
rousseau2023_strong_monsoon_starts,294.999999999999,1.0,3.0,0.0,3.0,7.0
rousseau2023_strong_monsoon_starts,295.19999999999897,1.0,3.0,0.0,3.0,7.0
rousseau2023_strong_monsoon_starts,295.399999999999,1.0,3.0,0.0,3.0,7.0
rousseau2023_strong_monsoon_starts,295.599999999999,1.0,3.0,0.0,3.0,7.0
rousseau2023_strong_monsoon_starts,295.799999999999,1.0,3.0,0.0,3.0,7.0
rousseau2023_strong_monsoon_starts,295.999999999999,1.0,3.0,0.0,3.0,7.0
rousseau2023_strong_monsoon_starts,296.19999999999897,1.0,3.0,0.0,3.0,7.0
rousseau2023_strong_monsoon_starts,296.39999999999895,1.0,3.0,0.0,3.0,7.0
rousseau2023_strong_monsoon_starts,296.599999999999,1.0,3.0,0.0,3.0,7.0
rousseau2023_strong_monsoon_starts,296.799999999999,1.0,3.0,0.0,3.0,7.0
rousseau2023_strong_monsoon_starts,296.999999999999,1.0,3.0,0.0,3.0,7.0
rousseau2023_strong_monsoon_starts,297.19999999999897,1.0,3.0,0.0,3.0,7.0
rousseau2023_strong_monsoon_starts,297.39999999999895,1.0,3.0,0.0,3.0,7.0
rousseau2023_strong_monsoon_starts,297.599999999999,1.0,3.0,0.0,3.0,7.0
rousseau2023_strong_monsoon_starts,297.799999999999,1.0,3.0,0.0,3.0,7.0
rousseau2023_strong_monsoon_starts,297.999999999999,1.0,3.0,0.0,3.0,7.0
rousseau2023_strong_monsoon_starts,298.19999999999897,1.0,3.0,0.0,3.0,7.0
rousseau2023_strong_monsoon_starts,298.39999999999895,1.0,3.0,0.0,3.0,6.0
rousseau2023_strong_monsoon_starts,298.599999999999,1.0,3.0,0.0,3.0,6.0
rousseau2023_strong_monsoon_starts,298.799999999999,1.0,3.0,0.0,3.0,6.0
rousseau2023_strong_monsoon_starts,298.999999999999,1.0,3.0,0.0,3.0,6.0
rousseau2023_strong_monsoon_starts,299.19999999999897,1.0,3.0,0.0,3.0,6.0
rousseau2023_strong_monsoon_starts,299.39999999999895,1.0,3.0,0.0,3.0,6.0
rousseau2023_strong_monsoon_starts,299.599999999999,1.0,3.0,0.0,3.0,6.0
rousseau2023_strong_monsoon_starts,299.799999999999,1.0,3.0,0.0,3.0,6.0
rousseau2023_strong_monsoon_starts,299.999999999999,1.0,3.0,0.0,3.0,6.0
rousseau2023_strong_monsoon_starts,300.19999999999897,1.0,3.0,0.0,3.0,7.0
rousseau2023_strong_monsoon_starts,300.39999999999895,1.0,3.0,0.0,3.0,7.0
rousseau2023_strong_monsoon_starts,300.59999999999894,1.0,3.0,0.0,3.0,7.0
rousseau2023_strong_monsoon_starts,300.799999999999,1.0,3.0,0.0,3.0,7.0
rousseau2023_strong_monsoon_starts,300.999999999999,1.0,3.0,0.0,3.0,7.0
rousseau2023_strong_monsoon_starts,301.19999999999897,1.0,3.0,0.0,3.0,7.0
rousseau2023_strong_monsoon_starts,301.39999999999895,1.0,3.0,0.0,3.0,7.0
rousseau2023_strong_monsoon_starts,301.59999999999894,1.0,3.0,0.0,3.0,7.0
rousseau2023_strong_monsoon_starts,301.799999999999,1.0,3.0,0.0,3.0,7.0
rousseau2023_strong_monsoon_starts,301.999999999999,1.0,3.0,0.0,3.0,7.0
rousseau2023_strong_monsoon_starts,302.19999999999897,1.0,3.0,0.0,3.0,7.0
rousseau2023_strong_monsoon_starts,302.39999999999895,1.0,3.0,0.0,3.0,7.0
rousseau2023_strong_monsoon_starts,302.59999999999894,1.0,3.0,0.0,3.0,7.0
rousseau2023_strong_monsoon_starts,302.79999999999893,1.0,3.0,0.0,3.0,7.0
rousseau2023_strong_monsoon_starts,302.999999999999,1.0,3.0,0.0,3.0,7.0
rousseau2023_strong_monsoon_starts,303.19999999999897,1.0,3.0,0.0,3.0,7.0
rousseau2023_strong_monsoon_starts,303.39999999999895,1.0,3.0,0.0,3.0,7.0
rousseau2023_strong_monsoon_starts,303.59999999999894,1.0,3.0,0.0,3.0,7.0
rousseau2023_strong_monsoon_starts,303.79999999999893,1.0,3.0,0.0,3.0,7.0
rousseau2023_strong_monsoon_starts,303.999999999999,0.0,3.0,0.0,3.0,7.0
rousseau2023_strong_monsoon_starts,304.19999999999897,0.0,3.0,0.0,3.0,7.0
rousseau2023_strong_monsoon_starts,304.39999999999895,0.0,3.0,0.0,3.0,7.0
rousseau2023_strong_monsoon_starts,304.59999999999894,0.0,3.0,0.0,3.0,7.0
rousseau2023_strong_monsoon_starts,304.79999999999893,0.0,3.0,0.0,3.0,7.0
rousseau2023_strong_monsoon_starts,304.999999999999,0.0,3.0,0.0,3.0,7.0
rousseau2023_strong_monsoon_starts,305.19999999999897,0.0,3.0,0.0,3.0,7.0
rousseau2023_strong_monsoon_starts,305.39999999999895,0.0,3.0,0.0,3.0,7.0
rousseau2023_strong_monsoon_starts,305.59999999999894,1.0,3.0,0.0,3.0,7.0
rousseau2023_strong_monsoon_starts,305.79999999999893,1.0,3.0,0.0,3.0,7.0
rousseau2023_strong_monsoon_starts,305.999999999999,1.0,3.0,0.0,3.0,7.0
rousseau2023_strong_monsoon_starts,306.19999999999897,1.0,3.0,0.0,3.0,7.0
rousseau2023_strong_monsoon_starts,306.39999999999895,2.0,3.0,0.0,3.0,7.0
rousseau2023_strong_monsoon_starts,306.59999999999894,2.0,3.0,0.0,3.0,7.0
rousseau2023_strong_monsoon_starts,306.79999999999893,2.0,3.0,0.0,3.0,7.0
rousseau2023_strong_monsoon_starts,306.9999999999989,2.0,3.0,0.0,3.0,7.0
rousseau2023_strong_monsoon_starts,307.19999999999897,2.0,3.0,0.0,3.0,7.0
rousseau2023_strong_monsoon_starts,307.39999999999895,2.0,3.0,0.0,3.0,7.0
rousseau2023_strong_monsoon_starts,307.59999999999894,2.0,3.0,0.0,3.0,7.0
rousseau2023_strong_monsoon_starts,307.79999999999893,2.0,3.0,0.0,3.0,7.0
rousseau2023_strong_monsoon_starts,307.9999999999989,2.0,3.0,0.0,3.0,7.0
rousseau2023_strong_monsoon_starts,308.19999999999897,2.0,3.0,0.0,3.0,7.0
rousseau2023_strong_monsoon_starts,308.39999999999895,2.0,3.0,0.0,3.0,7.0
rousseau2023_strong_monsoon_starts,308.59999999999894,2.0,3.0,0.0,3.0,6.0
rousseau2023_strong_monsoon_starts,308.79999999999893,2.0,3.0,0.0,3.0,7.0
rousseau2023_strong_monsoon_starts,308.9999999999989,2.0,3.0,0.0,3.0,7.0
rousseau2023_strong_monsoon_starts,309.1999999999989,2.0,3.0,0.0,3.0,7.0
rousseau2023_strong_monsoon_starts,309.39999999999895,2.0,3.0,0.0,3.0,7.0
rousseau2023_strong_monsoon_starts,309.59999999999894,2.0,3.0,0.0,3.0,7.0
rousseau2023_strong_monsoon_starts,309.79999999999893,2.0,3.0,0.0,3.0,7.0
rousseau2023_strong_monsoon_starts,309.9999999999989,2.0,3.0,0.0,3.0,7.0
rousseau2023_strong_monsoon_starts,310.1999999999989,2.0,3.0,0.0,3.0,7.0
rousseau2023_strong_monsoon_starts,310.39999999999895,2.0,3.0,0.0,3.0,7.0
rousseau2023_strong_monsoon_starts,310.59999999999894,2.0,3.0,0.0,3.0,7.0
rousseau2023_strong_monsoon_starts,310.79999999999893,2.0,3.0,0.0,3.0,7.0
rousseau2023_strong_monsoon_starts,310.9999999999989,2.0,3.0,0.0,3.0,7.0
rousseau2023_strong_monsoon_starts,311.1999999999989,2.0,3.0,0.0,3.0,7.0
rousseau2023_strong_monsoon_starts,311.39999999999895,2.0,3.0,0.0,3.0,7.0
rousseau2023_strong_monsoon_starts,311.59999999999894,2.0,3.0,0.0,3.0,7.0
rousseau2023_strong_monsoon_starts,311.79999999999893,2.0,3.0,0.0,3.0,7.0
rousseau2023_strong_monsoon_starts,311.9999999999989,2.0,3.0,0.0,3.0,7.0
rousseau2023_strong_monsoon_starts,312.1999999999989,2.0,3.0,0.0,3.0,7.0
rousseau2023_strong_monsoon_starts,312.39999999999895,2.0,3.0,0.0,3.0,7.0
rousseau2023_strong_monsoon_starts,312.59999999999894,2.0,3.0,0.0,3.0,7.0
rousseau2023_strong_monsoon_starts,312.79999999999893,2.0,3.0,0.0,3.0,7.0
rousseau2023_strong_monsoon_starts,312.9999999999989,2.0,3.0,0.0,3.0,7.0
rousseau2023_strong_monsoon_starts,313.1999999999989,2.0,3.0,0.0,3.0,7.0
rousseau2023_strong_monsoon_starts,313.3999999999989,2.0,3.0,0.0,3.0,7.0
rousseau2023_strong_monsoon_starts,313.59999999999894,2.0,3.0,0.0,3.0,7.0
rousseau2023_strong_monsoon_starts,313.79999999999893,2.0,3.0,0.0,3.0,7.0
rousseau2023_strong_monsoon_starts,313.9999999999989,2.0,3.0,0.0,3.0,7.0
rousseau2023_strong_monsoon_starts,314.1999999999989,2.0,3.0,0.0,3.0,7.0
rousseau2023_strong_monsoon_starts,314.3999999999989,2.0,3.0,0.0,3.0,7.0
rousseau2023_strong_monsoon_starts,314.59999999999894,2.0,3.0,0.0,3.0,7.0
rousseau2023_strong_monsoon_starts,314.79999999999893,2.0,3.0,0.0,3.0,7.0
rousseau2023_strong_monsoon_starts,314.9999999999989,2.0,3.0,0.0,3.0,7.0
rousseau2023_strong_monsoon_starts,315.1999999999989,2.0,3.0,0.0,3.0,7.0
rousseau2023_strong_monsoon_starts,315.3999999999989,2.0,3.0,0.0,3.0,7.0
rousseau2023_strong_monsoon_starts,315.5999999999989,2.0,3.0,0.0,3.0,7.0
rousseau2023_strong_monsoon_starts,315.79999999999893,2.0,3.0,0.0,3.0,7.0
rousseau2023_strong_monsoon_starts,315.9999999999989,2.0,3.0,0.0,3.0,7.0
rousseau2023_strong_monsoon_starts,316.1999999999989,2.0,3.0,0.0,3.0,7.0
rousseau2023_strong_monsoon_starts,316.3999999999989,2.0,3.0,0.0,3.0,7.0
rousseau2023_strong_monsoon_starts,316.5999999999989,2.0,3.0,0.0,3.0,7.0
rousseau2023_strong_monsoon_starts,316.79999999999893,2.0,3.0,0.0,3.0,7.0
rousseau2023_strong_monsoon_starts,316.9999999999989,2.0,3.0,0.0,3.0,7.0
rousseau2023_strong_monsoon_starts,317.1999999999989,2.0,3.0,0.0,3.0,7.0
rousseau2023_strong_monsoon_starts,317.3999999999989,2.0,3.0,0.0,3.0,7.0
rousseau2023_strong_monsoon_starts,317.5999999999989,2.0,3.0,0.0,3.0,7.0
rousseau2023_strong_monsoon_starts,317.79999999999893,2.0,3.0,0.0,3.0,7.0
rousseau2023_strong_monsoon_starts,317.9999999999989,2.0,3.0,0.0,3.0,7.0
rousseau2023_strong_monsoon_starts,318.1999999999989,2.0,3.0,0.0,3.0,7.0
rousseau2023_strong_monsoon_starts,318.3999999999989,2.0,3.0,0.0,3.0,7.0
rousseau2023_strong_monsoon_starts,318.5999999999989,2.0,3.0,0.0,3.0,7.0
rousseau2023_strong_monsoon_starts,318.79999999999893,2.0,3.0,0.0,3.0,7.0
rousseau2023_strong_monsoon_starts,318.9999999999989,2.0,3.0,0.0,3.0,7.0
rousseau2023_strong_monsoon_starts,319.1999999999989,2.0,3.0,0.0,3.0,7.0
rousseau2023_strong_monsoon_starts,319.3999999999989,2.0,3.0,0.0,3.0,7.0
rousseau2023_strong_monsoon_starts,319.5999999999989,2.0,3.0,0.0,3.0,7.0
rousseau2023_strong_monsoon_starts,319.7999999999989,2.0,3.0,0.0,3.0,7.0
rousseau2023_strong_monsoon_starts,319.9999999999989,2.0,3.0,0.0,3.0,7.0
rousseau2023_strong_monsoon_starts,320.1999999999989,2.0,3.0,0.0,3.0,7.0
rousseau2023_strong_monsoon_starts,320.3999999999989,2.0,3.0,0.0,3.0,7.0
rousseau2023_strong_monsoon_starts,320.5999999999989,2.0,3.0,0.0,3.0,7.0
rousseau2023_strong_monsoon_starts,320.7999999999989,2.0,3.0,0.0,3.0,7.0
rousseau2023_strong_monsoon_starts,320.9999999999989,2.0,3.0,0.0,3.0,7.0
rousseau2023_strong_monsoon_starts,321.1999999999989,2.0,3.0,0.0,3.0,7.0
rousseau2023_strong_monsoon_starts,321.3999999999989,2.0,3.0,0.0,3.0,7.0
rousseau2023_strong_monsoon_starts,321.5999999999989,2.0,3.0,0.0,3.0,7.0
rousseau2023_strong_monsoon_starts,321.7999999999989,2.0,3.0,0.0,3.0,7.0
rousseau2023_strong_monsoon_starts,321.99999999999886,2.0,3.0,0.0,3.0,7.0
rousseau2023_strong_monsoon_starts,322.1999999999989,2.0,3.0,0.0,3.0,7.0
rousseau2023_strong_monsoon_starts,322.3999999999989,2.0,3.0,0.0,3.0,7.0
rousseau2023_strong_monsoon_starts,322.5999999999989,3.0,3.0,0.0,3.0,7.0
rousseau2023_strong_monsoon_starts,322.7999999999989,3.0,3.0,0.0,3.0,7.0
rousseau2023_strong_monsoon_starts,322.99999999999886,3.0,3.0,0.0,3.0,7.0
rousseau2023_strong_monsoon_starts,323.1999999999989,3.0,3.0,0.0,3.0,7.0
rousseau2023_strong_monsoon_starts,323.3999999999989,3.0,3.0,0.0,3.0,7.0
rousseau2023_strong_monsoon_starts,323.5999999999989,3.0,3.0,0.0,3.0,7.0
rousseau2023_strong_monsoon_starts,323.7999999999989,3.0,3.0,0.0,3.0,7.0
rousseau2023_strong_monsoon_starts,323.99999999999886,3.0,3.0,0.0,3.0,7.0
rousseau2023_strong_monsoon_starts,324.1999999999989,4.0,3.0,0.0,3.0,7.0
rousseau2023_strong_monsoon_starts,324.3999999999989,4.0,3.0,0.0,3.0,7.0
rousseau2023_strong_monsoon_starts,324.5999999999989,4.0,3.0,0.0,3.0,7.0
rousseau2023_strong_monsoon_starts,324.7999999999989,4.0,3.0,0.0,3.0,7.0
rousseau2023_strong_monsoon_starts,324.99999999999886,4.0,3.0,0.0,3.0,7.0
rousseau2023_strong_monsoon_starts,325.1999999999989,4.0,3.0,0.0,3.0,7.0
rousseau2023_strong_monsoon_starts,325.3999999999989,4.0,3.0,0.0,3.0,7.0
rousseau2023_strong_monsoon_starts,325.5999999999989,3.0,3.0,0.0,3.0,7.0
rousseau2023_strong_monsoon_starts,325.7999999999989,3.0,3.0,0.0,3.0,7.0
rousseau2023_strong_monsoon_starts,325.99999999999886,3.0,3.0,0.0,3.0,7.0
rousseau2023_strong_monsoon_starts,326.19999999999885,3.0,3.0,0.0,3.0,7.0
rousseau2023_strong_monsoon_starts,326.3999999999989,2.0,3.0,0.0,3.0,7.0
rousseau2023_strong_monsoon_starts,326.5999999999989,2.0,3.0,0.0,3.0,7.0
rousseau2023_strong_monsoon_starts,326.7999999999989,2.0,3.0,0.0,3.0,7.0
rousseau2023_strong_monsoon_starts,326.99999999999886,2.0,3.0,0.0,3.0,7.0
rousseau2023_strong_monsoon_starts,327.19999999999885,2.0,3.0,0.0,3.0,7.0
rousseau2023_strong_monsoon_starts,327.3999999999989,3.0,3.0,0.0,3.0,7.0
rousseau2023_strong_monsoon_starts,327.5999999999989,3.0,3.0,0.0,3.0,7.0
rousseau2023_strong_monsoon_starts,327.7999999999989,3.0,3.0,0.0,3.0,7.0
rousseau2023_strong_monsoon_starts,327.99999999999886,3.0,3.0,0.0,3.0,7.0
rousseau2023_strong_monsoon_starts,328.19999999999885,3.0,3.0,0.0,3.0,7.0
rousseau2023_strong_monsoon_starts,328.39999999999884,3.0,3.0,0.0,3.0,7.0
rousseau2023_strong_monsoon_starts,328.5999999999989,3.0,3.0,0.0,3.0,7.0
rousseau2023_strong_monsoon_starts,328.7999999999989,3.0,3.0,0.0,3.0,7.0
rousseau2023_strong_monsoon_starts,328.99999999999886,3.0,3.0,0.0,3.0,7.0
rousseau2023_strong_monsoon_starts,329.19999999999885,3.0,3.0,0.0,3.0,7.0
rousseau2023_strong_monsoon_starts,329.39999999999884,3.0,3.0,0.0,3.0,7.0
rousseau2023_strong_monsoon_starts,329.5999999999989,3.0,3.0,0.0,3.0,7.0
rousseau2023_strong_monsoon_starts,329.7999999999989,3.0,3.0,0.0,3.0,7.0
rousseau2023_strong_monsoon_starts,329.99999999999886,3.0,3.0,0.0,3.0,7.0
rousseau2023_strong_monsoon_starts,330.19999999999885,3.0,3.0,0.0,3.0,7.0
rousseau2023_strong_monsoon_starts,330.39999999999884,3.0,3.0,0.0,3.0,7.0
rousseau2023_strong_monsoon_starts,330.5999999999989,3.0,3.0,0.0,3.0,7.0
rousseau2023_strong_monsoon_starts,330.7999999999989,3.0,3.0,0.0,3.0,7.0
rousseau2023_strong_monsoon_starts,330.99999999999886,3.0,3.0,0.0,3.0,7.0
rousseau2023_strong_monsoon_starts,331.19999999999885,3.0,3.0,0.0,3.0,7.0
rousseau2023_strong_monsoon_starts,331.39999999999884,3.0,3.0,0.0,3.0,7.0
rousseau2023_strong_monsoon_starts,331.5999999999989,3.0,3.0,0.0,3.0,7.0
rousseau2023_strong_monsoon_starts,331.7999999999989,3.0,3.0,0.0,3.0,7.0
rousseau2023_strong_monsoon_starts,331.99999999999886,3.0,3.0,0.0,3.0,7.0
rousseau2023_strong_monsoon_starts,332.19999999999885,3.0,3.0,0.0,3.0,7.0
rousseau2023_strong_monsoon_starts,332.39999999999884,3.0,3.0,0.0,3.0,7.0
rousseau2023_strong_monsoon_starts,332.59999999999883,3.0,3.0,0.0,3.0,7.0
rousseau2023_strong_monsoon_starts,332.7999999999989,3.0,3.0,0.0,3.0,7.0
rousseau2023_strong_monsoon_starts,332.99999999999886,3.0,3.0,0.0,3.0,7.0
rousseau2023_strong_monsoon_starts,333.19999999999885,3.0,3.0,0.0,3.0,7.0
rousseau2023_strong_monsoon_starts,333.39999999999884,3.0,3.0,0.0,3.0,7.0
rousseau2023_strong_monsoon_starts,333.59999999999883,3.0,3.0,0.0,3.0,7.0
rousseau2023_strong_monsoon_starts,333.7999999999989,3.0,3.0,0.0,3.0,7.0
rousseau2023_strong_monsoon_starts,333.99999999999886,3.0,3.0,0.0,3.0,7.0
rousseau2023_strong_monsoon_starts,334.19999999999885,3.0,3.0,0.0,3.0,7.0
rousseau2023_strong_monsoon_starts,334.39999999999884,3.0,3.0,0.0,3.0,7.0
rousseau2023_strong_monsoon_starts,334.59999999999883,3.0,3.0,0.0,3.0,7.0
rousseau2023_strong_monsoon_starts,334.7999999999988,3.0,3.0,0.0,3.0,7.0
rousseau2023_strong_monsoon_starts,334.99999999999886,3.0,3.0,0.0,3.0,7.0
rousseau2023_strong_monsoon_starts,335.19999999999885,3.0,3.0,0.0,3.0,7.0
rousseau2023_strong_monsoon_starts,335.39999999999884,3.0,3.0,0.0,3.0,7.0
rousseau2023_strong_monsoon_starts,335.59999999999883,3.0,3.0,0.0,3.0,7.0
rousseau2023_strong_monsoon_starts,335.7999999999988,3.0,3.0,0.0,3.0,7.0
rousseau2023_strong_monsoon_starts,335.99999999999886,3.0,3.0,0.0,3.0,7.0
rousseau2023_strong_monsoon_starts,336.19999999999885,3.0,3.0,0.0,3.0,7.0
rousseau2023_strong_monsoon_starts,336.39999999999884,3.0,3.0,0.0,3.0,7.0
rousseau2023_strong_monsoon_starts,336.59999999999883,3.0,3.0,0.0,3.0,7.0
rousseau2023_strong_monsoon_starts,336.7999999999988,3.0,3.0,0.0,3.0,7.0
rousseau2023_strong_monsoon_starts,336.99999999999886,3.0,3.0,0.0,3.0,7.0
rousseau2023_strong_monsoon_starts,337.19999999999885,3.0,3.0,0.0,3.0,7.0
rousseau2023_strong_monsoon_starts,337.39999999999884,3.0,3.0,0.0,3.0,7.0
rousseau2023_strong_monsoon_starts,337.59999999999883,3.0,3.0,0.0,3.0,7.0
rousseau2023_strong_monsoon_starts,337.7999999999988,3.0,3.0,0.0,3.0,7.0
rousseau2023_strong_monsoon_starts,337.99999999999886,3.0,3.0,0.0,3.0,7.0
rousseau2023_strong_monsoon_starts,338.19999999999885,3.0,3.0,0.0,3.0,7.0
rousseau2023_strong_monsoon_starts,338.39999999999884,3.0,3.0,0.0,3.0,7.0
rousseau2023_strong_monsoon_starts,338.59999999999883,3.0,3.0,0.0,3.0,7.0
rousseau2023_strong_monsoon_starts,338.7999999999988,3.0,3.0,0.0,3.0,7.0
rousseau2023_strong_monsoon_starts,338.9999999999988,3.0,3.0,0.0,3.0,7.0
rousseau2023_strong_monsoon_starts,339.19999999999885,3.0,3.0,0.0,3.0,7.0
rousseau2023_strong_monsoon_starts,339.39999999999884,3.0,3.0,0.0,3.0,7.0
rousseau2023_strong_monsoon_starts,339.59999999999883,3.0,3.0,0.0,3.0,7.0
rousseau2023_strong_monsoon_starts,339.7999999999988,3.0,3.0,0.0,3.0,7.0
rousseau2023_strong_monsoon_starts,339.9999999999988,3.0,3.0,0.0,3.0,7.0
rousseau2023_strong_monsoon_starts,340.19999999999885,3.0,3.0,0.0,3.0,7.0
rousseau2023_strong_monsoon_starts,340.39999999999884,3.0,3.0,0.0,3.0,7.0
rousseau2023_strong_monsoon_starts,340.59999999999883,3.0,3.0,0.0,3.0,7.0
rousseau2023_strong_monsoon_starts,340.7999999999988,3.0,3.0,0.0,3.0,7.0
rousseau2023_strong_monsoon_starts,340.9999999999988,3.0,3.0,0.0,3.0,7.0
rousseau2023_strong_monsoon_starts,341.1999999999988,3.0,3.0,0.0,3.0,7.0
rousseau2023_strong_monsoon_starts,341.39999999999884,3.0,3.0,0.0,3.0,7.0
rousseau2023_strong_monsoon_starts,341.59999999999883,4.0,3.0,0.0,3.0,7.0
rousseau2023_strong_monsoon_starts,341.7999999999988,4.0,3.0,0.0,3.0,7.0
rousseau2023_strong_monsoon_starts,341.9999999999988,4.0,3.0,0.0,3.0,7.0
rousseau2023_strong_monsoon_starts,342.1999999999988,4.0,3.0,0.0,3.0,7.0
rousseau2023_strong_monsoon_starts,342.39999999999884,4.0,3.0,0.0,3.0,7.0
rousseau2023_strong_monsoon_starts,342.59999999999883,3.0,3.0,0.0,3.0,7.0
rousseau2023_strong_monsoon_starts,342.7999999999988,3.0,3.0,0.0,3.0,7.0
rousseau2023_strong_monsoon_starts,342.9999999999988,3.0,3.0,0.0,3.0,7.0
rousseau2023_strong_monsoon_starts,343.1999999999988,3.0,3.0,0.0,3.0,7.0
rousseau2023_strong_monsoon_starts,343.39999999999884,3.0,3.0,0.0,3.0,7.0
rousseau2023_strong_monsoon_starts,343.59999999999883,3.0,3.0,0.0,3.0,7.0
rousseau2023_strong_monsoon_starts,343.7999999999988,3.0,3.0,0.0,3.0,7.0
rousseau2023_strong_monsoon_starts,343.9999999999988,3.0,3.0,0.0,3.0,7.0
rousseau2023_strong_monsoon_starts,344.1999999999988,2.0,3.0,0.0,3.0,7.0
rousseau2023_strong_monsoon_starts,344.39999999999884,2.0,3.0,0.0,3.0,7.0
rousseau2023_strong_monsoon_starts,344.59999999999883,2.0,3.0,0.0,3.0,7.0
rousseau2023_strong_monsoon_starts,344.7999999999988,2.0,3.0,0.0,3.0,7.0
rousseau2023_strong_monsoon_starts,344.9999999999988,2.0,3.0,0.0,3.0,7.0
rousseau2023_strong_monsoon_starts,345.1999999999988,2.0,3.0,0.0,3.0,7.0
rousseau2023_strong_monsoon_starts,345.3999999999988,2.0,3.0,0.0,3.0,7.0
rousseau2023_strong_monsoon_starts,345.59999999999883,2.0,3.0,0.0,3.0,7.0
rousseau2023_strong_monsoon_starts,345.7999999999988,2.0,3.0,0.0,3.0,7.0
rousseau2023_strong_monsoon_starts,345.9999999999988,2.0,3.0,0.0,3.0,7.0
rousseau2023_strong_monsoon_starts,346.1999999999988,2.0,3.0,0.0,3.0,7.0
rousseau2023_strong_monsoon_starts,346.3999999999988,2.0,3.0,0.0,3.0,7.0
rousseau2023_strong_monsoon_starts,346.59999999999883,2.0,3.0,0.0,3.0,7.0
rousseau2023_strong_monsoon_starts,346.7999999999988,2.0,3.0,0.0,3.0,7.0
rousseau2023_strong_monsoon_starts,346.9999999999988,2.0,3.0,0.0,3.0,7.0
rousseau2023_strong_monsoon_starts,347.1999999999988,2.0,3.0,0.0,3.0,7.0
rousseau2023_strong_monsoon_starts,347.3999999999988,1.0,3.0,0.0,3.0,7.0
rousseau2023_strong_monsoon_starts,347.5999999999988,1.0,3.0,0.0,3.0,7.0
rousseau2023_strong_monsoon_starts,347.7999999999988,1.0,3.0,0.0,3.0,7.0
rousseau2023_strong_monsoon_starts,347.9999999999988,1.0,3.0,0.0,3.0,7.0
rousseau2023_strong_monsoon_starts,348.1999999999988,1.0,3.0,0.0,3.0,7.0
rousseau2023_strong_monsoon_starts,348.3999999999988,1.0,3.0,0.0,3.0,7.0
rousseau2023_strong_monsoon_starts,348.5999999999988,1.0,3.0,0.0,3.0,7.0
rousseau2023_strong_monsoon_starts,348.7999999999988,1.0,3.0,0.0,3.0,7.0
rousseau2023_strong_monsoon_starts,348.9999999999988,1.0,3.0,0.0,3.0,7.0
rousseau2023_strong_monsoon_starts,349.1999999999988,1.0,3.0,0.0,3.0,7.0
rousseau2023_strong_monsoon_starts,349.3999999999988,1.0,3.0,0.0,3.0,7.0
rousseau2023_strong_monsoon_starts,349.5999999999988,1.0,3.0,0.0,3.0,7.0
rousseau2023_strong_monsoon_starts,349.7999999999988,1.0,3.0,0.0,3.0,7.0
rousseau2023_strong_monsoon_starts,349.9999999999988,1.0,3.0,0.0,3.0,7.0
rousseau2023_strong_monsoon_starts,350.1999999999988,1.0,3.0,0.0,3.0,7.0
rousseau2023_strong_monsoon_starts,350.3999999999988,1.0,3.0,0.0,3.0,7.0
rousseau2023_strong_monsoon_starts,350.5999999999988,1.0,3.0,0.0,3.0,7.0
rousseau2023_strong_monsoon_starts,350.7999999999988,1.0,3.0,0.0,3.0,7.0
rousseau2023_strong_monsoon_starts,350.9999999999988,1.0,3.0,0.0,3.0,7.0
rousseau2023_strong_monsoon_starts,351.1999999999988,1.0,3.0,0.0,3.0,7.0
rousseau2023_strong_monsoon_starts,351.3999999999988,1.0,3.0,0.0,3.0,7.0
rousseau2023_strong_monsoon_starts,351.5999999999988,1.0,3.0,0.0,3.0,7.0
rousseau2023_strong_monsoon_starts,351.79999999999876,1.0,3.0,0.0,3.0,7.0
rousseau2023_strong_monsoon_starts,351.9999999999988,1.0,3.0,0.0,3.0,7.0
rousseau2023_strong_monsoon_starts,352.1999999999988,1.0,3.0,0.0,3.0,7.0
rousseau2023_strong_monsoon_starts,352.3999999999988,1.0,3.0,0.0,3.0,7.0
rousseau2023_strong_monsoon_starts,352.5999999999988,1.0,3.0,0.0,3.0,7.0
rousseau2023_strong_monsoon_starts,352.79999999999876,1.0,3.0,0.0,3.0,7.0
rousseau2023_strong_monsoon_starts,352.9999999999988,1.0,3.0,0.0,3.0,7.0
rousseau2023_strong_monsoon_starts,353.1999999999988,1.0,3.0,0.0,3.0,7.0
rousseau2023_strong_monsoon_starts,353.3999999999988,1.0,3.0,0.0,3.0,7.0
rousseau2023_strong_monsoon_starts,353.5999999999988,1.0,3.0,0.0,3.0,7.0
rousseau2023_strong_monsoon_starts,353.79999999999876,1.0,3.0,0.0,3.0,7.0
rousseau2023_strong_monsoon_starts,353.99999999999875,1.0,3.0,0.0,3.0,7.0
rousseau2023_strong_monsoon_starts,354.1999999999988,1.0,3.0,0.0,3.0,7.0
rousseau2023_strong_monsoon_starts,354.3999999999988,1.0,3.0,0.0,3.0,7.0
rousseau2023_strong_monsoon_starts,354.5999999999988,1.0,3.0,0.0,3.0,7.0
rousseau2023_strong_monsoon_starts,354.79999999999876,1.0,3.0,0.0,3.0,7.0
rousseau2023_strong_monsoon_starts,354.99999999999875,1.0,3.0,0.0,3.0,7.0
rousseau2023_strong_monsoon_starts,355.1999999999988,1.0,3.0,0.0,3.0,7.0
rousseau2023_strong_monsoon_starts,355.3999999999988,1.0,3.0,0.0,3.0,7.0
rousseau2023_strong_monsoon_starts,355.5999999999988,1.0,3.0,0.0,3.0,7.0
rousseau2023_strong_monsoon_starts,355.79999999999876,2.0,3.0,0.0,3.0,7.0
rousseau2023_strong_monsoon_starts,355.99999999999875,2.0,3.0,0.0,3.0,7.0
rousseau2023_strong_monsoon_starts,356.1999999999988,2.0,3.0,0.0,3.0,7.0
rousseau2023_strong_monsoon_starts,356.3999999999988,2.0,3.0,0.0,3.0,7.0
rousseau2023_strong_monsoon_starts,356.5999999999988,2.0,3.0,0.0,3.0,7.0
rousseau2023_strong_monsoon_starts,356.79999999999876,2.0,3.0,0.0,3.0,7.0
rousseau2023_strong_monsoon_starts,356.99999999999875,2.0,3.0,0.0,3.0,7.0
rousseau2023_strong_monsoon_starts,357.1999999999988,2.0,3.0,0.0,3.0,7.0
rousseau2023_strong_monsoon_starts,357.3999999999988,2.0,3.0,0.0,3.0,7.0
rousseau2023_strong_monsoon_starts,357.5999999999988,2.0,3.0,0.0,3.0,7.0
rousseau2023_strong_monsoon_starts,357.79999999999876,2.0,3.0,0.0,3.0,7.0
rousseau2023_strong_monsoon_starts,357.99999999999875,2.0,3.0,0.0,3.0,7.0
rousseau2023_strong_monsoon_starts,358.19999999999874,3.0,3.0,0.0,3.0,7.0
rousseau2023_strong_monsoon_starts,358.3999999999988,3.0,3.0,0.0,3.0,7.0
rousseau2023_strong_monsoon_starts,358.5999999999988,3.0,3.0,0.0,3.0,7.0
rousseau2023_strong_monsoon_starts,358.79999999999876,3.0,3.0,0.0,3.0,7.0
rousseau2023_strong_monsoon_starts,358.99999999999875,3.0,3.0,0.0,3.0,7.0
rousseau2023_strong_monsoon_starts,359.19999999999874,3.0,3.0,0.0,3.0,7.0
rousseau2023_strong_monsoon_starts,359.3999999999988,3.0,3.0,0.0,3.0,7.0
rousseau2023_strong_monsoon_starts,359.5999999999988,3.0,3.0,0.0,3.0,7.0
rousseau2023_strong_monsoon_starts,359.79999999999876,3.0,3.0,0.0,3.0,7.0
rousseau2023_strong_monsoon_starts,359.99999999999875,3.0,3.0,0.0,3.0,7.0
rousseau2023_strong_monsoon_starts,360.19999999999874,3.0,3.0,0.0,3.0,7.0
rousseau2023_strong_monsoon_starts,360.3999999999987,3.0,3.0,0.0,3.0,7.0
rousseau2023_strong_monsoon_starts,360.5999999999988,3.0,3.0,0.0,3.0,7.0
rousseau2023_strong_monsoon_starts,360.79999999999876,4.0,3.0,0.0,3.0,7.0
rousseau2023_strong_monsoon_starts,360.99999999999875,4.0,3.0,0.0,3.0,7.0
rousseau2023_strong_monsoon_starts,361.19999999999874,4.0,3.0,0.0,3.0,7.0
rousseau2023_strong_monsoon_starts,361.3999999999987,4.0,3.0,0.0,3.0,7.0
rousseau2023_strong_monsoon_starts,361.5999999999988,3.0,3.0,0.0,3.0,7.0
rousseau2023_strong_monsoon_starts,361.79999999999876,3.0,3.0,0.0,3.0,7.0
rousseau2023_strong_monsoon_starts,361.99999999999875,3.0,3.0,0.0,3.0,7.0
rousseau2023_strong_monsoon_starts,362.19999999999874,3.0,3.0,0.0,3.0,7.0
rousseau2023_strong_monsoon_starts,362.3999999999987,3.0,3.0,0.0,3.0,7.0
rousseau2023_strong_monsoon_starts,362.5999999999988,3.0,3.0,0.0,3.0,7.0
rousseau2023_strong_monsoon_starts,362.79999999999876,3.0,3.0,0.0,3.0,7.0
rousseau2023_strong_monsoon_starts,362.99999999999875,3.0,3.0,0.0,3.0,7.0
rousseau2023_strong_monsoon_starts,363.19999999999874,3.0,3.0,0.0,3.0,7.0
rousseau2023_strong_monsoon_starts,363.3999999999987,3.0,3.0,0.0,3.0,7.0
rousseau2023_strong_monsoon_starts,363.5999999999988,3.0,3.0,0.0,3.0,7.0
rousseau2023_strong_monsoon_starts,363.79999999999876,3.0,3.0,0.0,3.0,7.0
rousseau2023_strong_monsoon_starts,363.99999999999875,3.0,3.0,0.0,3.0,7.0
rousseau2023_strong_monsoon_starts,364.19999999999874,3.0,3.0,0.0,3.0,7.0
rousseau2023_strong_monsoon_starts,364.3999999999987,3.0,3.0,0.0,3.0,7.0
rousseau2023_strong_monsoon_starts,364.5999999999987,3.0,3.0,0.0,3.0,7.0
rousseau2023_strong_monsoon_starts,364.79999999999876,3.0,3.0,0.0,3.0,7.0
rousseau2023_strong_monsoon_starts,364.99999999999875,3.0,3.0,0.0,3.0,7.0
rousseau2023_strong_monsoon_starts,365.19999999999874,3.0,3.0,0.0,3.0,7.0
rousseau2023_strong_monsoon_starts,365.3999999999987,3.0,3.0,0.0,3.0,7.0
rousseau2023_strong_monsoon_starts,365.5999999999987,3.0,3.0,0.0,3.0,7.0
rousseau2023_strong_monsoon_starts,365.79999999999876,3.0,3.0,0.0,3.0,7.0
rousseau2023_strong_monsoon_starts,365.99999999999875,4.0,3.0,0.0,3.0,7.0
rousseau2023_strong_monsoon_starts,366.19999999999874,4.0,3.0,0.0,3.0,7.0
rousseau2023_strong_monsoon_starts,366.3999999999987,4.0,3.0,0.0,3.0,7.0
rousseau2023_strong_monsoon_starts,366.5999999999987,4.0,3.0,0.0,3.0,7.0
rousseau2023_strong_monsoon_starts,366.7999999999987,4.0,3.0,0.0,3.0,7.0
rousseau2023_strong_monsoon_starts,366.99999999999875,4.0,3.0,0.0,3.0,7.0
rousseau2023_strong_monsoon_starts,367.19999999999874,4.0,3.0,0.0,3.0,7.0
rousseau2023_strong_monsoon_starts,367.3999999999987,4.0,3.0,0.0,3.0,7.0
rousseau2023_strong_monsoon_starts,367.5999999999987,5.0,3.0,0.0,3.0,7.0
rousseau2023_strong_monsoon_starts,367.7999999999987,5.0,3.0,0.0,3.0,7.0
rousseau2023_strong_monsoon_starts,367.99999999999875,5.0,3.0,0.0,3.0,7.0
rousseau2023_strong_monsoon_starts,368.19999999999874,5.0,3.0,0.0,3.0,7.0
rousseau2023_strong_monsoon_starts,368.3999999999987,5.0,3.0,0.0,3.0,7.0
rousseau2023_strong_monsoon_starts,368.5999999999987,5.0,3.0,0.0,3.0,7.0
rousseau2023_strong_monsoon_starts,368.7999999999987,5.0,3.0,0.0,3.0,7.0
rousseau2023_strong_monsoon_starts,368.99999999999875,5.0,3.0,0.0,3.0,7.0
rousseau2023_strong_monsoon_starts,369.19999999999874,5.0,3.0,0.0,3.0,7.0
rousseau2023_strong_monsoon_starts,369.3999999999987,5.0,3.0,0.0,3.0,7.0
rousseau2023_strong_monsoon_starts,369.5999999999987,5.0,3.0,0.0,3.0,7.0
rousseau2023_strong_monsoon_starts,369.7999999999987,5.0,3.0,0.0,3.0,7.0
rousseau2023_strong_monsoon_starts,369.99999999999875,5.0,3.0,0.0,3.0,7.0
rousseau2023_strong_monsoon_starts,370.19999999999874,5.0,3.0,0.0,3.0,7.0
rousseau2023_strong_monsoon_starts,370.3999999999987,5.0,3.0,0.0,3.0,7.0
rousseau2023_strong_monsoon_starts,370.5999999999987,5.0,3.0,0.0,3.0,7.0
rousseau2023_strong_monsoon_starts,370.7999999999987,5.0,3.0,0.0,3.0,7.0
rousseau2023_strong_monsoon_starts,370.9999999999987,5.0,3.0,0.0,3.0,7.0
rousseau2023_strong_monsoon_starts,371.19999999999874,5.0,3.0,0.0,3.0,7.0
rousseau2023_strong_monsoon_starts,371.3999999999987,5.0,3.0,0.0,3.0,7.0
rousseau2023_strong_monsoon_starts,371.5999999999987,5.0,3.0,0.0,3.0,7.0
rousseau2023_strong_monsoon_starts,371.7999999999987,5.0,3.0,0.0,3.0,7.0
rousseau2023_strong_monsoon_starts,371.9999999999987,5.0,3.0,0.0,3.0,7.0
rousseau2023_strong_monsoon_starts,372.19999999999874,5.0,3.0,0.0,3.0,7.0
rousseau2023_strong_monsoon_starts,372.3999999999987,5.0,3.0,0.0,3.0,7.0
rousseau2023_strong_monsoon_starts,372.5999999999987,5.0,3.0,0.0,3.0,7.0
rousseau2023_strong_monsoon_starts,372.7999999999987,5.0,3.0,0.0,3.0,7.0
rousseau2023_strong_monsoon_starts,372.9999999999987,5.0,3.0,0.0,3.0,7.0
rousseau2023_strong_monsoon_starts,373.1999999999987,5.0,3.0,0.0,3.0,7.0
rousseau2023_strong_monsoon_starts,373.3999999999987,5.0,3.0,0.0,3.0,7.0
rousseau2023_strong_monsoon_starts,373.5999999999987,5.0,3.0,0.0,3.0,7.0
rousseau2023_strong_monsoon_starts,373.7999999999987,5.0,3.0,0.0,3.0,7.0
rousseau2023_strong_monsoon_starts,373.9999999999987,5.0,3.0,0.0,3.0,7.0
rousseau2023_strong_monsoon_starts,374.1999999999987,5.0,3.0,0.0,3.0,7.0
rousseau2023_strong_monsoon_starts,374.3999999999987,5.0,3.0,0.0,3.0,7.0
rousseau2023_strong_monsoon_starts,374.5999999999987,5.0,3.0,0.0,3.0,7.0
rousseau2023_strong_monsoon_starts,374.7999999999987,5.0,3.0,0.0,3.0,7.0
rousseau2023_strong_monsoon_starts,374.9999999999987,5.0,3.0,0.0,3.0,7.0
rousseau2023_strong_monsoon_starts,375.1999999999987,5.0,3.0,0.0,3.0,7.0
rousseau2023_strong_monsoon_starts,375.3999999999987,5.0,3.0,0.0,3.0,7.0
rousseau2023_strong_monsoon_starts,375.5999999999987,5.0,3.0,0.0,3.0,7.0
rousseau2023_strong_monsoon_starts,375.7999999999987,4.0,3.0,0.0,3.0,7.0
rousseau2023_strong_monsoon_starts,375.9999999999987,4.0,3.0,0.0,3.0,7.0
rousseau2023_strong_monsoon_starts,376.1999999999987,4.0,3.0,0.0,3.0,7.0
rousseau2023_strong_monsoon_starts,376.3999999999987,4.0,3.0,0.0,3.0,7.0
rousseau2023_strong_monsoon_starts,376.5999999999987,4.0,3.0,0.0,3.0,7.0
rousseau2023_strong_monsoon_starts,376.7999999999987,4.0,3.0,0.0,3.0,7.0
rousseau2023_strong_monsoon_starts,376.9999999999987,4.0,3.0,0.0,3.0,7.0
rousseau2023_strong_monsoon_starts,377.1999999999987,4.0,3.0,0.0,3.0,7.0
rousseau2023_strong_monsoon_starts,377.39999999999867,4.0,3.0,0.0,3.0,7.0
rousseau2023_strong_monsoon_starts,377.5999999999987,4.0,3.0,0.0,3.0,7.0
rousseau2023_strong_monsoon_starts,377.7999999999987,4.0,3.0,0.0,3.0,7.0
rousseau2023_strong_monsoon_starts,377.9999999999987,4.0,3.0,0.0,3.0,7.0
rousseau2023_strong_monsoon_starts,378.1999999999987,3.0,3.0,0.0,3.0,7.0
rousseau2023_strong_monsoon_starts,378.39999999999867,3.0,3.0,0.0,3.0,7.0
rousseau2023_strong_monsoon_starts,378.5999999999987,3.0,3.0,0.0,3.0,7.0
rousseau2023_strong_monsoon_starts,378.7999999999987,3.0,3.0,0.0,3.0,7.0
rousseau2023_strong_monsoon_starts,378.9999999999987,3.0,3.0,0.0,3.0,7.0
rousseau2023_strong_monsoon_starts,379.1999999999987,3.0,3.0,0.0,3.0,7.0
rousseau2023_strong_monsoon_starts,379.39999999999867,3.0,3.0,0.0,3.0,7.0
rousseau2023_strong_monsoon_starts,379.59999999999866,3.0,3.0,0.0,3.0,7.0
rousseau2023_strong_monsoon_starts,379.7999999999987,3.0,3.0,0.0,3.0,7.0
rousseau2023_strong_monsoon_starts,379.9999999999987,3.0,3.0,0.0,3.0,7.0
rousseau2023_strong_monsoon_starts,380.1999999999987,3.0,3.0,0.0,3.0,7.0
rousseau2023_strong_monsoon_starts,380.39999999999867,3.0,3.0,0.0,3.0,7.0
rousseau2023_strong_monsoon_starts,380.59999999999866,3.0,3.0,0.0,3.0,7.0
rousseau2023_strong_monsoon_starts,380.7999999999987,2.0,3.0,0.0,3.0,7.0
rousseau2023_strong_monsoon_starts,380.9999999999987,3.0,3.0,0.0,3.0,7.0
rousseau2023_strong_monsoon_starts,381.1999999999987,3.0,3.0,0.0,3.0,7.0
rousseau2023_strong_monsoon_starts,381.39999999999867,3.0,3.0,0.0,3.0,7.0
rousseau2023_strong_monsoon_starts,381.59999999999866,3.0,3.0,0.0,3.0,7.0
rousseau2023_strong_monsoon_starts,381.7999999999987,3.0,3.0,0.0,3.0,7.0
rousseau2023_strong_monsoon_starts,381.9999999999987,3.0,3.0,0.0,3.0,7.0
rousseau2023_strong_monsoon_starts,382.1999999999987,3.0,3.0,0.0,3.0,7.0
rousseau2023_strong_monsoon_starts,382.39999999999867,3.0,3.0,0.0,3.0,7.0
rousseau2023_strong_monsoon_starts,382.59999999999866,3.0,3.0,0.0,3.0,7.0
rousseau2023_strong_monsoon_starts,382.7999999999987,3.0,3.0,0.0,3.0,7.0
rousseau2023_strong_monsoon_starts,382.9999999999987,3.0,3.0,0.0,3.0,7.0
rousseau2023_strong_monsoon_starts,383.1999999999987,3.0,3.0,0.0,3.0,7.0
rousseau2023_strong_monsoon_starts,383.39999999999867,3.0,3.0,0.0,3.0,7.0
rousseau2023_strong_monsoon_starts,383.59999999999866,3.0,3.0,0.0,3.0,7.0
rousseau2023_strong_monsoon_starts,383.79999999999865,4.0,3.0,0.0,3.0,7.0
rousseau2023_strong_monsoon_starts,383.9999999999987,4.0,3.0,0.0,3.0,7.0
rousseau2023_strong_monsoon_starts,384.1999999999987,4.0,3.0,0.0,3.0,7.0
rousseau2023_strong_monsoon_starts,384.39999999999867,4.0,3.0,0.0,3.0,7.0
rousseau2023_strong_monsoon_starts,384.59999999999866,4.0,3.0,0.0,3.0,7.0
rousseau2023_strong_monsoon_starts,384.79999999999865,4.0,3.0,0.0,3.0,7.0
rousseau2023_strong_monsoon_starts,384.9999999999987,4.0,3.0,0.0,3.0,7.0
rousseau2023_strong_monsoon_starts,385.1999999999987,4.0,3.0,0.0,3.0,7.0
rousseau2023_strong_monsoon_starts,385.39999999999867,4.0,3.0,0.0,3.0,7.0
rousseau2023_strong_monsoon_starts,385.59999999999866,4.0,3.0,0.0,3.0,7.0
rousseau2023_strong_monsoon_starts,385.79999999999865,4.0,3.0,0.0,3.0,7.0
rousseau2023_strong_monsoon_starts,385.99999999999864,3.0,3.0,0.0,3.0,7.0
rousseau2023_strong_monsoon_starts,386.1999999999987,3.0,3.0,0.0,3.0,7.0
rousseau2023_strong_monsoon_starts,386.39999999999867,3.0,3.0,0.0,3.0,7.0
rousseau2023_strong_monsoon_starts,386.59999999999866,3.0,3.0,0.0,3.0,6.0
rousseau2023_strong_monsoon_starts,386.79999999999865,3.0,3.0,0.0,3.0,6.0
rousseau2023_strong_monsoon_starts,386.99999999999864,3.0,3.0,0.0,3.0,6.0
rousseau2023_strong_monsoon_starts,387.1999999999987,3.0,3.0,0.0,3.0,7.0
rousseau2023_strong_monsoon_starts,387.39999999999867,3.0,3.0,0.0,3.0,7.0
rousseau2023_strong_monsoon_starts,387.59999999999866,2.0,3.0,0.0,3.0,7.0
rousseau2023_strong_monsoon_starts,387.79999999999865,2.0,3.0,0.0,3.0,7.0
rousseau2023_strong_monsoon_starts,387.99999999999864,2.0,3.0,0.0,3.0,7.0
rousseau2023_strong_monsoon_starts,388.1999999999987,2.0,3.0,0.0,3.0,7.0
rousseau2023_strong_monsoon_starts,388.39999999999867,2.0,3.0,0.0,3.0,7.0
rousseau2023_strong_monsoon_starts,388.59999999999866,2.0,3.0,0.0,3.0,7.0
rousseau2023_strong_monsoon_starts,388.79999999999865,2.0,3.0,0.0,3.0,7.0
rousseau2023_strong_monsoon_starts,388.99999999999864,2.0,3.0,0.0,3.0,7.0
rousseau2023_strong_monsoon_starts,389.1999999999987,2.0,3.0,0.0,3.0,7.0
rousseau2023_strong_monsoon_starts,389.39999999999867,2.0,3.0,0.0,3.0,7.0
rousseau2023_strong_monsoon_starts,389.59999999999866,2.0,3.0,0.0,3.0,7.0
rousseau2023_strong_monsoon_starts,389.79999999999865,2.0,3.0,0.0,3.0,7.0
rousseau2023_strong_monsoon_starts,389.99999999999864,2.0,3.0,0.0,3.0,7.0
rousseau2023_strong_monsoon_starts,390.1999999999986,2.0,3.0,0.0,3.0,7.0
rousseau2023_strong_monsoon_starts,390.39999999999867,2.0,3.0,0.0,3.0,6.0
rousseau2023_strong_monsoon_starts,390.59999999999866,2.0,3.0,0.0,3.0,7.0
rousseau2023_strong_monsoon_starts,390.79999999999865,2.0,3.0,0.0,3.0,7.0
rousseau2023_strong_monsoon_starts,390.99999999999864,2.0,3.0,0.0,3.0,7.0
rousseau2023_strong_monsoon_starts,391.1999999999986,2.0,3.0,0.0,3.0,7.0
rousseau2023_strong_monsoon_starts,391.39999999999867,2.0,3.0,0.0,3.0,7.0
rousseau2023_strong_monsoon_starts,391.59999999999866,2.0,3.0,0.0,3.0,7.0
rousseau2023_strong_monsoon_starts,391.79999999999865,2.0,3.0,0.0,3.0,7.0
rousseau2023_strong_monsoon_starts,391.99999999999864,2.0,3.0,0.0,3.0,7.0
rousseau2023_strong_monsoon_starts,392.1999999999986,2.0,3.0,0.0,3.0,7.0
rousseau2023_strong_monsoon_starts,392.3999999999986,2.0,3.0,0.0,3.0,7.0
rousseau2023_strong_monsoon_starts,392.59999999999866,2.0,3.0,0.0,3.0,7.0
rousseau2023_strong_monsoon_starts,392.79999999999865,2.0,3.0,0.0,3.0,7.0
rousseau2023_strong_monsoon_starts,392.99999999999864,2.0,3.0,0.0,3.0,7.0
rousseau2023_strong_monsoon_starts,393.1999999999986,2.0,3.0,0.0,3.0,7.0
rousseau2023_strong_monsoon_starts,393.3999999999986,2.0,3.0,0.0,3.0,7.0
rousseau2023_strong_monsoon_starts,393.59999999999866,2.0,3.0,0.0,3.0,7.0
rousseau2023_strong_monsoon_starts,393.79999999999865,2.0,3.0,0.0,3.0,7.0
rousseau2023_strong_monsoon_starts,393.99999999999864,2.0,3.0,0.0,3.0,7.0
rousseau2023_strong_monsoon_starts,394.1999999999986,2.0,3.0,0.0,3.0,7.0
rousseau2023_strong_monsoon_starts,394.3999999999986,2.0,3.0,0.0,3.0,7.0
rousseau2023_strong_monsoon_starts,394.59999999999866,2.0,3.0,0.0,3.0,7.0
rousseau2023_strong_monsoon_starts,394.79999999999865,2.0,3.0,0.0,3.0,7.0
rousseau2023_strong_monsoon_starts,394.99999999999864,2.0,3.0,0.0,3.0,7.0
rousseau2023_strong_monsoon_starts,395.1999999999986,2.0,3.0,0.0,3.0,7.0
rousseau2023_strong_monsoon_starts,395.3999999999986,2.0,3.0,0.0,3.0,7.0
rousseau2023_strong_monsoon_starts,395.59999999999866,2.0,3.0,0.0,3.0,7.0
rousseau2023_strong_monsoon_starts,395.79999999999865,2.0,3.0,0.0,3.0,7.0
rousseau2023_strong_monsoon_starts,395.99999999999864,2.0,3.0,0.0,3.0,7.0
rousseau2023_strong_monsoon_starts,396.1999999999986,2.0,3.0,0.0,3.0,7.0
rousseau2023_strong_monsoon_starts,396.3999999999986,2.0,3.0,0.0,3.0,7.0
rousseau2023_strong_monsoon_starts,396.5999999999986,2.0,3.0,0.0,3.0,7.0
rousseau2023_strong_monsoon_starts,396.79999999999865,2.0,3.0,0.0,3.0,7.0
rousseau2023_strong_monsoon_starts,396.99999999999864,2.0,3.0,0.0,3.0,7.0
rousseau2023_strong_monsoon_starts,397.1999999999986,2.0,3.0,0.0,3.0,7.0
rousseau2023_strong_monsoon_starts,397.3999999999986,2.0,3.0,0.0,3.0,7.0
rousseau2023_strong_monsoon_starts,397.5999999999986,2.0,3.0,0.0,3.0,7.0
rousseau2023_strong_monsoon_starts,397.79999999999865,2.0,3.0,0.0,3.0,7.0
rousseau2023_strong_monsoon_starts,397.99999999999864,2.0,3.0,0.0,3.0,7.0
rousseau2023_strong_monsoon_starts,398.1999999999986,2.0,3.0,0.0,3.0,7.0
rousseau2023_strong_monsoon_starts,398.3999999999986,2.0,3.0,0.0,3.0,7.0
rousseau2023_strong_monsoon_starts,398.5999999999986,2.0,3.0,0.0,3.0,7.0
rousseau2023_strong_monsoon_starts,398.7999999999986,2.0,3.0,0.0,3.0,7.0
rousseau2023_strong_monsoon_starts,398.99999999999864,2.0,3.0,0.0,3.0,7.0
rousseau2023_strong_monsoon_starts,399.1999999999986,2.0,3.0,0.0,3.0,7.0
rousseau2023_strong_monsoon_starts,399.3999999999986,2.0,3.0,0.0,3.0,7.0
rousseau2023_strong_monsoon_starts,399.5999999999986,2.0,3.0,0.0,3.0,7.0
rousseau2023_strong_monsoon_starts,399.7999999999986,2.0,3.0,0.0,3.0,7.0
rousseau2023_strong_monsoon_starts,399.99999999999864,2.0,3.0,0.0,3.0,7.0
rousseau2023_strong_monsoon_starts,400.1999999999986,2.0,3.0,0.0,3.0,7.0
rousseau2023_strong_monsoon_starts,400.3999999999986,2.0,3.0,0.0,3.0,7.0
rousseau2023_strong_monsoon_starts,400.5999999999986,2.0,3.0,0.0,3.0,7.0
rousseau2023_strong_monsoon_starts,400.7999999999986,2.0,3.0,0.0,3.0,7.0
rousseau2023_strong_monsoon_starts,400.99999999999864,1.0,3.0,0.0,3.0,7.0
rousseau2023_strong_monsoon_starts,401.1999999999986,1.0,3.0,0.0,3.0,7.0
rousseau2023_strong_monsoon_starts,401.3999999999986,1.0,3.0,0.0,3.0,7.0
rousseau2023_strong_monsoon_starts,401.5999999999986,1.0,3.0,0.0,3.0,7.0
rousseau2023_strong_monsoon_starts,401.7999999999986,1.0,3.0,0.0,3.0,7.0
rousseau2023_strong_monsoon_starts,401.99999999999864,1.0,3.0,0.0,3.0,7.0
rousseau2023_strong_monsoon_starts,402.1999999999986,1.0,3.0,0.0,3.0,7.0
rousseau2023_strong_monsoon_starts,402.3999999999986,2.0,3.0,0.0,3.0,7.0
rousseau2023_strong_monsoon_starts,402.5999999999986,2.0,3.0,0.0,3.0,7.0
rousseau2023_strong_monsoon_starts,402.7999999999986,2.0,3.0,0.0,3.0,7.0
rousseau2023_strong_monsoon_starts,402.9999999999986,2.0,3.0,0.0,3.0,7.0
rousseau2023_strong_monsoon_starts,403.1999999999986,2.0,3.0,0.0,3.0,7.0
rousseau2023_strong_monsoon_starts,403.3999999999986,2.0,3.0,0.0,3.0,7.0
rousseau2023_strong_monsoon_starts,403.5999999999986,2.0,3.0,0.0,3.0,7.0
rousseau2023_strong_monsoon_starts,403.7999999999986,1.0,3.0,0.0,3.0,7.0
rousseau2023_strong_monsoon_starts,403.9999999999986,1.0,3.0,0.0,3.0,7.0
rousseau2023_strong_monsoon_starts,404.1999999999986,1.0,3.0,0.0,3.0,7.0
rousseau2023_strong_monsoon_starts,404.3999999999986,1.0,3.0,0.0,3.0,7.0
rousseau2023_strong_monsoon_starts,404.5999999999986,1.0,3.0,0.0,3.0,7.0
rousseau2023_strong_monsoon_starts,404.7999999999986,1.0,3.0,0.0,3.0,7.0
rousseau2023_strong_monsoon_starts,404.9999999999986,1.0,3.0,0.0,3.0,7.0
rousseau2023_strong_monsoon_starts,405.19999999999857,1.0,3.0,0.0,3.0,7.0
rousseau2023_strong_monsoon_starts,405.3999999999986,1.0,3.0,0.0,3.0,7.0
rousseau2023_strong_monsoon_starts,405.5999999999986,1.0,3.0,0.0,3.0,7.0
rousseau2023_strong_monsoon_starts,405.7999999999986,1.0,3.0,0.0,3.0,7.0
rousseau2023_strong_monsoon_starts,405.9999999999986,1.0,3.0,0.0,3.0,7.0
rousseau2023_strong_monsoon_starts,406.19999999999857,1.0,3.0,0.0,3.0,7.0
rousseau2023_strong_monsoon_starts,406.3999999999986,1.0,3.0,0.0,3.0,7.0
rousseau2023_strong_monsoon_starts,406.5999999999986,1.0,3.0,0.0,3.0,7.0
rousseau2023_strong_monsoon_starts,406.7999999999986,1.0,3.0,0.0,3.0,7.0
rousseau2023_strong_monsoon_starts,406.9999999999986,1.0,3.0,0.0,3.0,7.0
rousseau2023_strong_monsoon_starts,407.19999999999857,1.0,3.0,0.0,3.0,7.0
rousseau2023_strong_monsoon_starts,407.3999999999986,1.0,3.0,0.0,3.0,7.0
rousseau2023_strong_monsoon_starts,407.5999999999986,1.0,3.0,0.0,3.0,7.0
rousseau2023_strong_monsoon_starts,407.7999999999986,1.0,3.0,0.0,3.0,7.0
rousseau2023_strong_monsoon_starts,407.9999999999986,1.0,3.0,0.0,3.0,7.0
rousseau2023_strong_monsoon_starts,408.19999999999857,1.0,3.0,0.0,3.0,7.0
rousseau2023_strong_monsoon_starts,408.3999999999986,1.0,3.0,0.0,3.0,7.0
rousseau2023_strong_monsoon_starts,408.5999999999986,1.0,3.0,0.0,3.0,7.0
rousseau2023_strong_monsoon_starts,408.7999999999986,1.0,3.0,0.0,3.0,7.0
rousseau2023_strong_monsoon_starts,408.9999999999986,1.0,3.0,0.0,3.0,7.0
rousseau2023_strong_monsoon_starts,409.19999999999857,1.0,3.0,0.0,3.0,7.0
rousseau2023_strong_monsoon_starts,409.39999999999856,1.0,3.0,0.0,3.0,7.0
rousseau2023_strong_monsoon_starts,409.5999999999986,1.0,3.0,0.0,3.0,7.0
rousseau2023_strong_monsoon_starts,409.7999999999986,1.0,3.0,0.0,3.0,7.0
rousseau2023_strong_monsoon_starts,409.9999999999986,1.0,3.0,0.0,3.0,7.0
rousseau2023_strong_monsoon_starts,410.19999999999857,1.0,3.0,0.0,3.0,7.0
rousseau2023_strong_monsoon_starts,410.39999999999856,1.0,3.0,0.0,3.0,7.0
rousseau2023_strong_monsoon_starts,410.5999999999986,1.0,3.0,0.0,3.0,7.0
rousseau2023_strong_monsoon_starts,410.7999999999986,1.0,3.0,0.0,3.0,7.0
rousseau2023_strong_monsoon_starts,410.9999999999986,1.0,3.0,0.0,3.0,7.0
rousseau2023_strong_monsoon_starts,411.19999999999857,1.0,3.0,0.0,3.0,7.0
rousseau2023_strong_monsoon_starts,411.39999999999856,1.0,3.0,0.0,3.0,7.0
rousseau2023_strong_monsoon_starts,411.59999999999854,1.0,3.0,0.0,3.0,7.0
rousseau2023_strong_monsoon_starts,411.7999999999986,1.0,3.0,0.0,3.0,7.0
rousseau2023_strong_monsoon_starts,411.9999999999986,1.0,3.0,0.0,3.0,7.0
rousseau2023_strong_monsoon_starts,412.19999999999857,1.0,3.0,0.0,3.0,7.0
rousseau2023_strong_monsoon_starts,412.39999999999856,1.0,3.0,0.0,3.0,7.0
rousseau2023_strong_monsoon_starts,412.59999999999854,1.0,3.0,0.0,3.0,7.0
rousseau2023_strong_monsoon_starts,412.7999999999986,1.0,3.0,0.0,3.0,7.0
rousseau2023_strong_monsoon_starts,412.9999999999986,1.0,3.0,0.0,3.0,7.0
rousseau2023_strong_monsoon_starts,413.19999999999857,1.0,3.0,0.0,3.0,7.0
rousseau2023_strong_monsoon_starts,413.39999999999856,1.0,3.0,0.0,3.0,7.0
rousseau2023_strong_monsoon_starts,413.59999999999854,1.0,3.0,0.0,3.0,7.0
rousseau2023_strong_monsoon_starts,413.7999999999986,1.0,3.0,0.0,3.0,7.0
rousseau2023_strong_monsoon_starts,413.9999999999986,1.0,3.0,0.0,3.0,7.0
rousseau2023_strong_monsoon_starts,414.19999999999857,1.0,3.0,0.0,3.0,7.0
rousseau2023_strong_monsoon_starts,414.39999999999856,1.0,3.0,0.0,3.0,7.0
rousseau2023_strong_monsoon_starts,414.59999999999854,1.0,3.0,0.0,3.0,7.0
rousseau2023_strong_monsoon_starts,414.7999999999986,1.0,3.0,0.0,3.0,7.0
rousseau2023_strong_monsoon_starts,414.9999999999986,1.0,3.0,0.0,3.0,7.0
rousseau2023_strong_monsoon_starts,415.19999999999857,1.0,3.0,0.0,3.0,7.0
rousseau2023_strong_monsoon_starts,415.39999999999856,1.0,3.0,0.0,3.0,7.0
rousseau2023_strong_monsoon_starts,415.59999999999854,1.0,3.0,0.0,3.0,7.0
rousseau2023_strong_monsoon_starts,415.79999999999853,1.0,3.0,0.0,3.0,7.0
rousseau2023_strong_monsoon_starts,415.9999999999986,1.0,3.0,0.0,3.0,7.0
rousseau2023_strong_monsoon_starts,416.19999999999857,2.0,3.0,0.0,3.0,7.0
rousseau2023_strong_monsoon_starts,416.39999999999856,2.0,3.0,0.0,3.0,7.0
rousseau2023_strong_monsoon_starts,416.59999999999854,2.0,3.0,0.0,3.0,7.0
rousseau2023_strong_monsoon_starts,416.79999999999853,2.0,3.0,0.0,3.0,7.0
rousseau2023_strong_monsoon_starts,416.9999999999986,2.0,3.0,0.0,3.0,7.0
rousseau2023_strong_monsoon_starts,417.19999999999857,2.0,3.0,0.0,3.0,7.0
rousseau2023_strong_monsoon_starts,417.39999999999856,2.0,3.0,0.0,3.0,7.0
rousseau2023_strong_monsoon_starts,417.59999999999854,2.0,3.0,0.0,3.0,7.0
rousseau2023_strong_monsoon_starts,417.79999999999853,2.0,3.0,0.0,3.0,7.0
rousseau2023_strong_monsoon_starts,417.9999999999985,2.0,3.0,0.0,3.0,7.0
rousseau2023_strong_monsoon_starts,418.19999999999857,2.0,3.0,0.0,3.0,7.0
rousseau2023_strong_monsoon_starts,418.39999999999856,2.0,3.0,0.0,3.0,7.0
rousseau2023_strong_monsoon_starts,418.59999999999854,2.0,3.0,0.0,3.0,7.0
rousseau2023_strong_monsoon_starts,418.79999999999853,2.0,3.0,0.0,3.0,7.0
rousseau2023_strong_monsoon_starts,418.9999999999985,2.0,3.0,0.0,3.0,7.0
rousseau2023_strong_monsoon_starts,419.19999999999857,2.0,3.0,0.0,3.0,7.0
rousseau2023_strong_monsoon_starts,419.39999999999856,2.0,3.0,0.0,3.0,7.0
rousseau2023_strong_monsoon_starts,419.59999999999854,2.0,3.0,0.0,3.0,7.0
rousseau2023_strong_monsoon_starts,419.79999999999853,2.0,3.0,0.0,3.0,7.0
rousseau2023_strong_monsoon_starts,419.9999999999985,2.0,3.0,0.0,3.0,7.0
rousseau2023_strong_monsoon_starts,420.19999999999857,2.0,3.0,0.0,3.0,7.0
rousseau2023_strong_monsoon_starts,420.39999999999856,2.0,3.0,0.0,3.0,7.0
rousseau2023_strong_monsoon_starts,420.59999999999854,2.0,3.0,0.0,3.0,7.0
rousseau2023_strong_monsoon_starts,420.79999999999853,2.0,3.0,0.0,3.0,7.0
rousseau2023_strong_monsoon_starts,420.9999999999985,2.0,3.0,0.0,3.0,7.0
rousseau2023_strong_monsoon_starts,421.19999999999857,2.0,3.0,0.0,3.0,7.0
rousseau2023_strong_monsoon_starts,421.39999999999856,2.0,3.0,0.0,3.0,7.0
rousseau2023_strong_monsoon_starts,421.59999999999854,2.0,3.0,0.0,3.0,7.0
rousseau2023_strong_monsoon_starts,421.79999999999853,2.0,3.0,0.0,3.0,7.0
rousseau2023_strong_monsoon_starts,421.9999999999985,2.0,3.0,0.0,3.0,7.0
rousseau2023_strong_monsoon_starts,422.1999999999985,2.0,3.0,0.0,3.0,7.0
rousseau2023_strong_monsoon_starts,422.39999999999856,1.0,3.0,0.0,3.0,7.0
rousseau2023_strong_monsoon_starts,422.59999999999854,1.0,3.0,0.0,3.0,7.0
rousseau2023_strong_monsoon_starts,422.79999999999853,1.0,3.0,0.0,3.0,7.0
rousseau2023_strong_monsoon_starts,422.9999999999985,1.0,3.0,0.0,3.0,7.0
rousseau2023_strong_monsoon_starts,423.1999999999985,1.0,3.0,0.0,3.0,7.0
rousseau2023_strong_monsoon_starts,423.39999999999856,1.0,3.0,0.0,3.0,7.0
rousseau2023_strong_monsoon_starts,423.59999999999854,1.0,3.0,0.0,3.0,7.0
rousseau2023_strong_monsoon_starts,423.79999999999853,1.0,3.0,0.0,3.0,7.0
rousseau2023_strong_monsoon_starts,423.9999999999985,1.0,3.0,0.0,3.0,7.0
rousseau2023_strong_monsoon_starts,424.1999999999985,1.0,3.0,0.0,3.0,7.0
rousseau2023_strong_monsoon_starts,424.3999999999985,1.0,3.0,0.0,3.0,7.0
rousseau2023_strong_monsoon_starts,424.59999999999854,1.0,3.0,0.0,3.0,7.0
rousseau2023_strong_monsoon_starts,424.79999999999853,1.0,3.0,0.0,3.0,7.0
rousseau2023_strong_monsoon_starts,424.9999999999985,1.0,3.0,0.0,3.0,7.0
rousseau2023_strong_monsoon_starts,425.1999999999985,1.0,3.0,0.0,3.0,7.0
rousseau2023_strong_monsoon_starts,425.3999999999985,1.0,3.0,0.0,3.0,7.0
rousseau2023_strong_monsoon_starts,425.59999999999854,1.0,3.0,0.0,3.0,7.0
rousseau2023_strong_monsoon_starts,425.79999999999853,1.0,3.0,0.0,3.0,7.0
rousseau2023_strong_monsoon_starts,425.9999999999985,1.0,3.0,0.0,3.0,7.0
rousseau2023_strong_monsoon_starts,426.1999999999985,1.0,3.0,0.0,3.0,7.0
rousseau2023_strong_monsoon_starts,426.3999999999985,1.0,3.0,0.0,3.0,7.0
rousseau2023_strong_monsoon_starts,426.59999999999854,1.0,3.0,0.0,3.0,7.0
rousseau2023_strong_monsoon_starts,426.79999999999853,1.0,3.0,0.0,3.0,7.0
rousseau2023_strong_monsoon_starts,426.9999999999985,1.0,3.0,0.0,3.0,7.0
rousseau2023_strong_monsoon_starts,427.1999999999985,1.0,3.0,0.0,3.0,7.0
rousseau2023_strong_monsoon_starts,427.3999999999985,1.0,3.0,0.0,3.0,7.0
rousseau2023_strong_monsoon_starts,427.59999999999854,1.0,3.0,0.0,3.0,7.0
rousseau2023_strong_monsoon_starts,427.79999999999853,1.0,3.0,0.0,3.0,7.0
rousseau2023_strong_monsoon_starts,427.9999999999985,1.0,3.0,0.0,3.0,7.0
rousseau2023_strong_monsoon_starts,428.1999999999985,1.0,3.0,0.0,3.0,7.0
rousseau2023_strong_monsoon_starts,428.3999999999985,1.0,3.0,0.0,3.0,7.0
rousseau2023_strong_monsoon_starts,428.5999999999985,1.0,3.0,0.0,3.0,7.0
rousseau2023_strong_monsoon_starts,428.79999999999853,1.0,3.0,0.0,3.0,7.0
rousseau2023_strong_monsoon_starts,428.9999999999985,1.0,3.0,0.0,3.0,7.0
rousseau2023_strong_monsoon_starts,429.1999999999985,1.0,3.0,0.0,3.0,7.0
rousseau2023_strong_monsoon_starts,429.3999999999985,1.0,3.0,0.0,3.0,7.0
rousseau2023_strong_monsoon_starts,429.5999999999985,1.0,3.0,0.0,3.0,7.0
rousseau2023_strong_monsoon_starts,429.79999999999853,1.0,3.0,0.0,3.0,7.0
rousseau2023_strong_monsoon_starts,429.9999999999985,1.0,3.0,0.0,3.0,7.0
rousseau2023_strong_monsoon_starts,430.1999999999985,1.0,3.0,0.0,3.0,7.0
rousseau2023_strong_monsoon_starts,430.3999999999985,1.0,3.0,0.0,3.0,7.0
rousseau2023_strong_monsoon_starts,430.5999999999985,1.0,3.0,0.0,3.0,7.0
rousseau2023_strong_monsoon_starts,430.7999999999985,1.0,3.0,0.0,3.0,7.0
rousseau2023_strong_monsoon_starts,430.9999999999985,1.0,3.0,0.0,3.0,7.0
rousseau2023_strong_monsoon_starts,431.1999999999985,1.0,3.0,0.0,3.0,7.0
rousseau2023_strong_monsoon_starts,431.3999999999985,1.0,3.0,0.0,3.0,7.0
rousseau2023_strong_monsoon_starts,431.5999999999985,1.0,3.0,0.0,3.0,7.0
rousseau2023_strong_monsoon_starts,431.7999999999985,1.0,3.0,0.0,3.0,7.0
rousseau2023_strong_monsoon_starts,431.9999999999985,1.0,3.0,0.0,3.0,7.0
rousseau2023_strong_monsoon_starts,432.1999999999985,1.0,3.0,0.0,3.0,7.0
rousseau2023_strong_monsoon_starts,432.3999999999985,1.0,3.0,0.0,3.0,7.0
rousseau2023_strong_monsoon_starts,432.5999999999985,1.0,3.0,0.0,3.0,7.0
rousseau2023_strong_monsoon_starts,432.7999999999985,1.0,3.0,0.0,3.0,7.0
rousseau2023_strong_monsoon_starts,432.9999999999985,1.0,3.0,0.0,3.0,7.0
rousseau2023_strong_monsoon_starts,433.1999999999985,1.0,3.0,0.0,3.0,7.0
rousseau2023_strong_monsoon_starts,433.3999999999985,1.0,3.0,0.0,3.0,7.0
rousseau2023_strong_monsoon_starts,433.5999999999985,1.0,3.0,0.0,3.0,7.0
rousseau2023_strong_monsoon_starts,433.7999999999985,1.0,3.0,0.0,3.0,7.0
rousseau2023_strong_monsoon_starts,433.9999999999985,1.0,3.0,0.0,3.0,7.0
rousseau2023_strong_monsoon_starts,434.1999999999985,1.0,3.0,0.0,3.0,7.0
rousseau2023_strong_monsoon_starts,434.3999999999985,1.0,3.0,0.0,3.0,7.0
rousseau2023_strong_monsoon_starts,434.5999999999985,1.0,3.0,0.0,3.0,7.0
rousseau2023_strong_monsoon_starts,434.7999999999985,1.0,3.0,0.0,3.0,7.0
rousseau2023_strong_monsoon_starts,434.99999999999847,1.0,3.0,0.0,3.0,7.0
rousseau2023_strong_monsoon_starts,435.1999999999985,1.0,3.0,0.0,3.0,7.0
rousseau2023_strong_monsoon_starts,435.3999999999985,1.0,3.0,0.0,3.0,7.0
rousseau2023_strong_monsoon_starts,435.5999999999985,1.0,3.0,0.0,3.0,7.0
rousseau2023_strong_monsoon_starts,435.7999999999985,1.0,3.0,0.0,3.0,7.0
rousseau2023_strong_monsoon_starts,435.99999999999847,1.0,3.0,0.0,3.0,7.0
rousseau2023_strong_monsoon_starts,436.1999999999985,0.0,3.0,0.0,3.0,7.0
rousseau2023_strong_monsoon_starts,436.3999999999985,0.0,3.0,0.0,3.0,7.0
rousseau2023_strong_monsoon_starts,436.5999999999985,0.0,3.0,0.0,3.0,7.0
rousseau2023_strong_monsoon_starts,436.7999999999985,0.0,3.0,0.0,3.0,7.0
rousseau2023_strong_monsoon_starts,436.99999999999847,0.0,3.0,0.0,3.0,7.0
rousseau2023_strong_monsoon_starts,437.19999999999845,0.0,3.0,0.0,3.0,7.0
rousseau2023_strong_monsoon_starts,437.3999999999985,0.0,3.0,0.0,3.0,7.0
rousseau2023_strong_monsoon_starts,437.5999999999985,1.0,3.0,0.0,3.0,7.0
rousseau2023_strong_monsoon_starts,437.7999999999985,1.0,3.0,0.0,3.0,7.0
rousseau2023_strong_monsoon_starts,437.99999999999847,1.0,3.0,0.0,3.0,7.0
rousseau2023_strong_monsoon_starts,438.19999999999845,1.0,3.0,0.0,3.0,7.0
rousseau2023_strong_monsoon_starts,438.3999999999985,1.0,3.0,0.0,3.0,7.0
rousseau2023_strong_monsoon_starts,438.5999999999985,1.0,3.0,0.0,3.0,7.0
rousseau2023_strong_monsoon_starts,438.7999999999985,1.0,3.0,0.0,3.0,7.0
rousseau2023_strong_monsoon_starts,438.99999999999847,1.0,3.0,0.0,3.0,7.0
rousseau2023_strong_monsoon_starts,439.19999999999845,1.0,3.0,0.0,3.0,7.0
rousseau2023_strong_monsoon_starts,439.3999999999985,1.0,3.0,0.0,3.0,7.0
rousseau2023_strong_monsoon_starts,439.5999999999985,2.0,3.0,0.0,3.0,7.0
rousseau2023_strong_monsoon_starts,439.7999999999985,2.0,3.0,0.0,3.0,7.0
rousseau2023_strong_monsoon_starts,439.99999999999847,2.0,3.0,0.0,3.0,7.0
rousseau2023_strong_monsoon_starts,440.19999999999845,2.0,3.0,0.0,3.0,7.0
rousseau2023_strong_monsoon_starts,440.3999999999985,2.0,3.0,0.0,3.0,7.0
rousseau2023_strong_monsoon_starts,440.5999999999985,2.0,3.0,0.0,3.0,7.0
rousseau2023_strong_monsoon_starts,440.7999999999985,2.0,3.0,0.0,3.0,7.0
rousseau2023_strong_monsoon_starts,440.99999999999847,2.0,3.0,0.0,3.0,7.0
rousseau2023_strong_monsoon_starts,441.19999999999845,2.0,3.0,0.0,3.0,7.0
rousseau2023_strong_monsoon_starts,441.39999999999844,2.0,3.0,0.0,3.0,7.0
rousseau2023_strong_monsoon_starts,441.5999999999985,2.0,3.0,0.0,3.0,7.0
rousseau2023_strong_monsoon_starts,441.7999999999985,2.0,3.0,0.0,3.0,7.0
rousseau2023_strong_monsoon_starts,441.99999999999847,2.0,3.0,0.0,3.0,7.0
rousseau2023_strong_monsoon_starts,442.19999999999845,2.0,3.0,0.0,3.0,7.0
rousseau2023_strong_monsoon_starts,442.39999999999844,2.0,3.0,0.0,3.0,7.0
rousseau2023_strong_monsoon_starts,442.5999999999985,2.0,3.0,0.0,3.0,7.0
rousseau2023_strong_monsoon_starts,442.7999999999985,2.0,3.0,0.0,3.0,7.0
rousseau2023_strong_monsoon_starts,442.99999999999847,2.0,3.0,0.0,3.0,7.0
rousseau2023_strong_monsoon_starts,443.19999999999845,2.0,3.0,0.0,3.0,7.0
rousseau2023_strong_monsoon_starts,443.39999999999844,2.0,3.0,0.0,3.0,7.0
rousseau2023_strong_monsoon_starts,443.59999999999843,2.0,3.0,0.0,3.0,7.0
rousseau2023_strong_monsoon_starts,443.7999999999985,2.0,3.0,0.0,3.0,7.0
rousseau2023_strong_monsoon_starts,443.99999999999847,2.0,3.0,0.0,3.0,7.0
rousseau2023_strong_monsoon_starts,444.19999999999845,2.0,3.0,0.0,3.0,7.0
rousseau2023_strong_monsoon_starts,444.39999999999844,2.0,3.0,0.0,3.0,7.0
rousseau2023_strong_monsoon_starts,444.59999999999843,2.0,3.0,0.0,3.0,7.0
rousseau2023_strong_monsoon_starts,444.7999999999985,2.0,3.0,0.0,3.0,7.0
rousseau2023_strong_monsoon_starts,444.99999999999847,2.0,3.0,0.0,3.0,7.0
rousseau2023_strong_monsoon_starts,445.19999999999845,2.0,3.0,0.0,3.0,7.0
rousseau2023_strong_monsoon_starts,445.39999999999844,2.0,3.0,0.0,3.0,7.0
rousseau2023_strong_monsoon_starts,445.59999999999843,2.0,3.0,0.0,3.0,7.0
rousseau2023_strong_monsoon_starts,445.7999999999985,2.0,3.0,0.0,3.0,7.0
rousseau2023_strong_monsoon_starts,445.99999999999847,2.0,3.0,0.0,3.0,7.0
rousseau2023_strong_monsoon_starts,446.19999999999845,2.0,3.0,0.0,3.0,7.0
rousseau2023_strong_monsoon_starts,446.39999999999844,2.0,3.0,0.0,3.0,7.0
rousseau2023_strong_monsoon_starts,446.59999999999843,2.0,3.0,0.0,3.0,7.0
rousseau2023_strong_monsoon_starts,446.7999999999985,2.0,3.0,0.0,3.0,7.0
rousseau2023_strong_monsoon_starts,446.99999999999847,2.0,3.0,0.0,3.0,7.0
rousseau2023_strong_monsoon_starts,447.19999999999845,2.0,3.0,0.0,3.0,7.0
rousseau2023_strong_monsoon_starts,447.39999999999844,2.0,3.0,0.0,3.0,7.0
rousseau2023_strong_monsoon_starts,447.59999999999843,2.0,3.0,0.0,3.0,7.0
rousseau2023_strong_monsoon_starts,447.7999999999984,2.0,3.0,0.0,3.0,7.0
rousseau2023_strong_monsoon_starts,447.99999999999847,2.0,3.0,0.0,3.0,7.0
rousseau2023_strong_monsoon_starts,448.19999999999845,2.0,3.0,0.0,3.0,7.0
rousseau2023_strong_monsoon_starts,448.39999999999844,2.0,3.0,0.0,3.0,7.0
rousseau2023_strong_monsoon_starts,448.59999999999843,2.0,3.0,0.0,3.0,7.0
rousseau2023_strong_monsoon_starts,448.7999999999984,2.0,3.0,0.0,3.0,7.0
rousseau2023_strong_monsoon_starts,448.99999999999847,3.0,3.0,0.0,3.0,7.0
rousseau2023_strong_monsoon_starts,449.19999999999845,3.0,3.0,0.0,3.0,7.0
rousseau2023_strong_monsoon_starts,449.39999999999844,3.0,3.0,0.0,3.0,7.0
rousseau2023_strong_monsoon_starts,449.59999999999843,3.0,3.0,0.0,3.0,7.0
rousseau2023_strong_monsoon_starts,449.7999999999984,3.0,3.0,0.0,3.0,7.0
rousseau2023_strong_monsoon_starts,449.9999999999984,3.0,3.0,0.0,3.0,7.0
rousseau2023_strong_monsoon_starts,450.19999999999845,3.0,3.0,0.0,3.0,7.0
rousseau2023_strong_monsoon_starts,450.39999999999844,3.0,3.0,0.0,3.0,7.0
rousseau2023_strong_monsoon_starts,450.59999999999843,3.0,3.0,0.0,3.0,7.0
rousseau2023_strong_monsoon_starts,450.7999999999984,3.0,3.0,0.0,3.0,7.0
rousseau2023_strong_monsoon_starts,450.9999999999984,3.0,3.0,0.0,3.0,7.0
rousseau2023_strong_monsoon_starts,451.19999999999845,3.0,3.0,0.0,3.0,7.0
rousseau2023_strong_monsoon_starts,451.39999999999844,3.0,3.0,0.0,3.0,7.0
rousseau2023_strong_monsoon_starts,451.59999999999843,3.0,3.0,0.0,3.0,7.0
rousseau2023_strong_monsoon_starts,451.7999999999984,3.0,3.0,0.0,3.0,7.0
rousseau2023_strong_monsoon_starts,451.9999999999984,3.0,3.0,0.0,3.0,7.0
rousseau2023_strong_monsoon_starts,452.19999999999845,3.0,3.0,0.0,3.0,7.0
rousseau2023_strong_monsoon_starts,452.39999999999844,3.0,3.0,0.0,3.0,7.0
rousseau2023_strong_monsoon_starts,452.59999999999843,3.0,3.0,0.0,3.0,7.0
rousseau2023_strong_monsoon_starts,452.7999999999984,3.0,3.0,0.0,3.0,7.0
rousseau2023_strong_monsoon_starts,452.9999999999984,3.0,3.0,0.0,3.0,7.0
rousseau2023_strong_monsoon_starts,453.19999999999845,4.0,3.0,0.0,3.0,7.0
rousseau2023_strong_monsoon_starts,453.39999999999844,4.0,3.0,0.0,3.0,7.0
rousseau2023_strong_monsoon_starts,453.59999999999843,4.0,3.0,0.0,3.0,7.0
rousseau2023_strong_monsoon_starts,453.7999999999984,4.0,3.0,0.0,3.0,7.0
rousseau2023_strong_monsoon_starts,453.9999999999984,4.0,3.0,0.0,3.0,7.0
rousseau2023_strong_monsoon_starts,454.1999999999984,4.0,3.0,0.0,3.0,7.0
rousseau2023_strong_monsoon_starts,454.39999999999844,4.0,3.0,0.0,3.0,7.0
rousseau2023_strong_monsoon_starts,454.59999999999843,4.0,3.0,0.0,3.0,7.0
rousseau2023_strong_monsoon_starts,454.7999999999984,4.0,3.0,0.0,3.0,7.0
rousseau2023_strong_monsoon_starts,454.9999999999984,4.0,3.0,0.0,3.0,7.0
rousseau2023_strong_monsoon_starts,455.1999999999984,4.0,3.0,0.0,3.0,7.0
rousseau2023_strong_monsoon_starts,455.39999999999844,4.0,3.0,0.0,3.0,7.0
rousseau2023_strong_monsoon_starts,455.59999999999843,4.0,3.0,0.0,3.0,7.0
rousseau2023_strong_monsoon_starts,455.7999999999984,4.0,3.0,0.0,3.0,7.0
rousseau2023_strong_monsoon_starts,455.9999999999984,5.0,3.0,0.0,3.0,7.0
rousseau2023_strong_monsoon_starts,456.1999999999984,5.0,3.0,0.0,3.0,7.0
rousseau2023_strong_monsoon_starts,456.3999999999984,5.0,3.0,0.0,3.0,7.0
rousseau2023_strong_monsoon_starts,456.59999999999843,5.0,3.0,0.0,3.0,7.0
rousseau2023_strong_monsoon_starts,456.7999999999984,5.0,3.0,0.0,3.0,7.0
rousseau2023_strong_monsoon_starts,456.9999999999984,5.0,3.0,0.0,3.0,7.0
rousseau2023_strong_monsoon_starts,457.1999999999984,5.0,3.0,0.0,3.0,7.0
rousseau2023_strong_monsoon_starts,457.3999999999984,5.0,3.0,0.0,3.0,7.0
rousseau2023_strong_monsoon_starts,457.59999999999843,4.0,3.0,0.0,3.0,7.0
rousseau2023_strong_monsoon_starts,457.7999999999984,4.0,3.0,0.0,3.0,7.0
rousseau2023_strong_monsoon_starts,457.9999999999984,4.0,3.0,0.0,3.0,7.0
rousseau2023_strong_monsoon_starts,458.1999999999984,4.0,3.0,0.0,3.0,7.0
rousseau2023_strong_monsoon_starts,458.3999999999984,4.0,3.0,0.0,3.0,7.0
rousseau2023_strong_monsoon_starts,458.59999999999843,4.0,3.0,0.0,3.0,7.0
rousseau2023_strong_monsoon_starts,458.7999999999984,4.0,3.0,0.0,3.0,7.0
rousseau2023_strong_monsoon_starts,458.9999999999984,4.0,3.0,0.0,3.0,7.0
rousseau2023_strong_monsoon_starts,459.1999999999984,4.0,3.0,0.0,3.0,7.0
rousseau2023_strong_monsoon_starts,459.3999999999984,4.0,3.0,0.0,3.0,7.0
rousseau2023_strong_monsoon_starts,459.59999999999843,3.0,3.0,0.0,3.0,7.0
rousseau2023_strong_monsoon_starts,459.7999999999984,3.0,3.0,0.0,3.0,7.0
rousseau2023_strong_monsoon_starts,459.9999999999984,3.0,3.0,0.0,3.0,7.0
rousseau2023_strong_monsoon_starts,460.1999999999984,3.0,3.0,0.0,3.0,7.0
rousseau2023_strong_monsoon_starts,460.3999999999984,3.0,3.0,0.0,3.0,7.0
rousseau2023_strong_monsoon_starts,460.5999999999984,3.0,3.0,0.0,3.0,7.0
rousseau2023_strong_monsoon_starts,460.7999999999984,3.0,3.0,0.0,3.0,7.0
rousseau2023_strong_monsoon_starts,460.9999999999984,3.0,3.0,0.0,3.0,7.0
rousseau2023_strong_monsoon_starts,461.1999999999984,3.0,3.0,0.0,3.0,7.0
rousseau2023_strong_monsoon_starts,461.3999999999984,3.0,3.0,0.0,3.0,7.0
rousseau2023_strong_monsoon_starts,461.5999999999984,3.0,3.0,0.0,3.0,7.0
rousseau2023_strong_monsoon_starts,461.7999999999984,3.0,3.0,0.0,3.0,7.0
rousseau2023_strong_monsoon_starts,461.9999999999984,3.0,3.0,0.0,3.0,7.0
rousseau2023_strong_monsoon_starts,462.1999999999984,3.0,3.0,0.0,3.0,7.0
rousseau2023_strong_monsoon_starts,462.3999999999984,3.0,3.0,0.0,3.0,7.0
rousseau2023_strong_monsoon_starts,462.5999999999984,3.0,3.0,0.0,3.0,7.0
rousseau2023_strong_monsoon_starts,462.79999999999836,4.0,3.0,0.0,3.0,7.0
rousseau2023_strong_monsoon_starts,462.9999999999984,4.0,3.0,0.0,3.0,7.0
rousseau2023_strong_monsoon_starts,463.1999999999984,4.0,3.0,0.0,3.0,7.0
rousseau2023_strong_monsoon_starts,463.3999999999984,4.0,3.0,0.0,3.0,7.0
rousseau2023_strong_monsoon_starts,463.5999999999984,4.0,3.0,0.0,3.0,7.0
rousseau2023_strong_monsoon_starts,463.79999999999836,4.0,3.0,0.0,3.0,7.0
rousseau2023_strong_monsoon_starts,463.9999999999984,4.0,3.0,0.0,3.0,7.0
rousseau2023_strong_monsoon_starts,464.1999999999984,4.0,3.0,0.0,3.0,7.0
rousseau2023_strong_monsoon_starts,464.3999999999984,4.0,3.0,0.0,3.0,7.0
rousseau2023_strong_monsoon_starts,464.5999999999984,4.0,3.0,0.0,3.0,7.0
rousseau2023_strong_monsoon_starts,464.79999999999836,4.0,3.0,0.0,3.0,7.0
rousseau2023_strong_monsoon_starts,464.9999999999984,4.0,3.0,0.0,3.0,7.0
rousseau2023_strong_monsoon_starts,465.1999999999984,4.0,3.0,0.0,3.0,7.0
rousseau2023_strong_monsoon_starts,465.3999999999984,4.0,3.0,0.0,3.0,7.0
rousseau2023_strong_monsoon_starts,465.5999999999984,4.0,3.0,0.0,3.0,7.0
rousseau2023_strong_monsoon_starts,465.79999999999836,4.0,3.0,0.0,3.0,7.0
rousseau2023_strong_monsoon_starts,465.9999999999984,4.0,3.0,0.0,3.0,7.0
rousseau2023_strong_monsoon_starts,466.1999999999984,4.0,3.0,0.0,3.0,7.0
rousseau2023_strong_monsoon_starts,466.3999999999984,4.0,3.0,0.0,3.0,7.0
rousseau2023_strong_monsoon_starts,466.5999999999984,4.0,3.0,0.0,3.0,7.0
rousseau2023_strong_monsoon_starts,466.79999999999836,4.0,3.0,0.0,3.0,7.0
rousseau2023_strong_monsoon_starts,466.99999999999835,4.0,3.0,0.0,3.0,7.0
rousseau2023_strong_monsoon_starts,467.1999999999984,4.0,3.0,0.0,3.0,7.0
rousseau2023_strong_monsoon_starts,467.3999999999984,4.0,3.0,0.0,3.0,7.0
rousseau2023_strong_monsoon_starts,467.5999999999984,4.0,3.0,0.0,3.0,7.0
rousseau2023_strong_monsoon_starts,467.79999999999836,4.0,3.0,0.0,3.0,7.0
rousseau2023_strong_monsoon_starts,467.99999999999835,4.0,3.0,0.0,3.0,7.0
rousseau2023_strong_monsoon_starts,468.1999999999984,4.0,3.0,0.0,3.0,7.0
rousseau2023_strong_monsoon_starts,468.3999999999984,4.0,3.0,0.0,3.0,7.0
rousseau2023_strong_monsoon_starts,468.5999999999984,4.0,3.0,0.0,3.0,7.0
rousseau2023_strong_monsoon_starts,468.79999999999836,4.0,3.0,0.0,3.0,7.0
rousseau2023_strong_monsoon_starts,468.99999999999835,3.0,3.0,0.0,3.0,7.0
rousseau2023_strong_monsoon_starts,469.19999999999834,3.0,3.0,0.0,3.0,7.0
rousseau2023_strong_monsoon_starts,469.3999999999984,3.0,3.0,0.0,3.0,7.0
rousseau2023_strong_monsoon_starts,469.5999999999984,3.0,3.0,0.0,3.0,7.0
rousseau2023_strong_monsoon_starts,469.79999999999836,3.0,3.0,0.0,3.0,7.0
rousseau2023_strong_monsoon_starts,469.99999999999835,3.0,3.0,0.0,3.0,7.0
rousseau2023_strong_monsoon_starts,470.19999999999834,3.0,3.0,0.0,3.0,7.0
rousseau2023_strong_monsoon_starts,470.3999999999984,3.0,3.0,0.0,3.0,7.0
rousseau2023_strong_monsoon_starts,470.5999999999984,3.0,3.0,0.0,3.0,7.0
rousseau2023_strong_monsoon_starts,470.79999999999836,3.0,3.0,0.0,3.0,7.0
rousseau2023_strong_monsoon_starts,470.99999999999835,3.0,3.0,0.0,3.0,7.0
rousseau2023_strong_monsoon_starts,471.19999999999834,3.0,3.0,0.0,3.0,7.0
rousseau2023_strong_monsoon_starts,471.3999999999984,3.0,3.0,0.0,3.0,7.0
rousseau2023_strong_monsoon_starts,471.5999999999984,3.0,3.0,0.0,3.0,7.0
rousseau2023_strong_monsoon_starts,471.79999999999836,3.0,3.0,0.0,3.0,7.0
rousseau2023_strong_monsoon_starts,471.99999999999835,3.0,3.0,0.0,3.0,7.0
rousseau2023_strong_monsoon_starts,472.19999999999834,3.0,3.0,0.0,3.0,7.0
rousseau2023_strong_monsoon_starts,472.3999999999984,3.0,3.0,0.0,3.0,7.0
rousseau2023_strong_monsoon_starts,472.5999999999984,3.0,3.0,0.0,3.0,7.0
rousseau2023_strong_monsoon_starts,472.79999999999836,3.0,3.0,0.0,3.0,7.0
rousseau2023_strong_monsoon_starts,472.99999999999835,3.0,3.0,0.0,3.0,7.0
rousseau2023_strong_monsoon_starts,473.19999999999834,2.0,3.0,0.0,3.0,7.0
rousseau2023_strong_monsoon_starts,473.39999999999833,2.0,3.0,0.0,3.0,7.0
rousseau2023_strong_monsoon_starts,473.5999999999984,2.0,3.0,0.0,3.0,7.0
rousseau2023_strong_monsoon_starts,473.79999999999836,3.0,3.0,0.0,3.0,7.0
rousseau2023_strong_monsoon_starts,473.99999999999835,3.0,3.0,0.0,3.0,7.0
rousseau2023_strong_monsoon_starts,474.19999999999834,3.0,3.0,0.0,3.0,7.0
rousseau2023_strong_monsoon_starts,474.39999999999833,3.0,3.0,0.0,3.0,7.0
rousseau2023_strong_monsoon_starts,474.5999999999984,3.0,3.0,0.0,3.0,7.0
rousseau2023_strong_monsoon_starts,474.79999999999836,3.0,3.0,0.0,3.0,7.0
rousseau2023_strong_monsoon_starts,474.99999999999835,3.0,3.0,0.0,3.0,7.0
rousseau2023_strong_monsoon_starts,475.19999999999834,3.0,3.0,0.0,3.0,7.0
rousseau2023_strong_monsoon_starts,475.39999999999833,3.0,3.0,0.0,3.0,7.0
rousseau2023_strong_monsoon_starts,475.5999999999983,3.0,3.0,0.0,3.0,7.0
rousseau2023_strong_monsoon_starts,475.79999999999836,3.0,3.0,0.0,3.0,7.0
rousseau2023_strong_monsoon_starts,475.99999999999835,2.0,3.0,0.0,3.0,7.0
rousseau2023_strong_monsoon_starts,476.19999999999834,2.0,3.0,0.0,3.0,7.0
rousseau2023_strong_monsoon_starts,476.39999999999833,2.0,3.0,0.0,3.0,7.0
rousseau2023_strong_monsoon_starts,476.5999999999983,2.0,3.0,0.0,3.0,7.0
rousseau2023_strong_monsoon_starts,476.79999999999836,2.0,3.0,0.0,3.0,7.0
rousseau2023_strong_monsoon_starts,476.99999999999835,2.0,3.0,0.0,3.0,7.0
rousseau2023_strong_monsoon_starts,477.19999999999834,2.0,3.0,0.0,3.0,7.0
rousseau2023_strong_monsoon_starts,477.39999999999833,2.0,3.0,0.0,3.0,7.0
rousseau2023_strong_monsoon_starts,477.5999999999983,2.0,3.0,0.0,3.0,7.0
rousseau2023_strong_monsoon_starts,477.79999999999836,2.0,3.0,0.0,3.0,7.0
rousseau2023_strong_monsoon_starts,477.99999999999835,2.0,3.0,0.0,3.0,7.0
rousseau2023_strong_monsoon_starts,478.19999999999834,2.0,3.0,0.0,3.0,7.0
rousseau2023_strong_monsoon_starts,478.39999999999833,2.0,3.0,0.0,3.0,7.0
rousseau2023_strong_monsoon_starts,478.5999999999983,2.0,3.0,0.0,3.0,7.0
rousseau2023_strong_monsoon_starts,478.79999999999836,2.0,3.0,0.0,3.0,7.0
rousseau2023_strong_monsoon_starts,478.99999999999835,2.0,3.0,0.0,3.0,7.0
rousseau2023_strong_monsoon_starts,479.19999999999834,2.0,3.0,0.0,3.0,7.0
rousseau2023_strong_monsoon_starts,479.39999999999833,2.0,3.0,0.0,3.0,7.0
rousseau2023_strong_monsoon_starts,479.5999999999983,2.0,3.0,0.0,3.0,7.0
rousseau2023_strong_monsoon_starts,479.7999999999983,2.0,3.0,0.0,3.0,7.0
rousseau2023_strong_monsoon_starts,479.99999999999835,2.0,3.0,0.0,3.0,7.0
rousseau2023_strong_monsoon_starts,480.19999999999834,2.0,3.0,0.0,3.0,7.0
rousseau2023_strong_monsoon_starts,480.39999999999833,2.0,3.0,0.0,3.0,7.0
rousseau2023_strong_monsoon_starts,480.5999999999983,2.0,3.0,0.0,3.0,7.0
rousseau2023_strong_monsoon_starts,480.7999999999983,2.0,3.0,0.0,3.0,7.0
rousseau2023_strong_monsoon_starts,480.99999999999835,2.0,3.0,0.0,3.0,7.0
rousseau2023_strong_monsoon_starts,481.19999999999834,2.0,3.0,0.0,3.0,7.0
rousseau2023_strong_monsoon_starts,481.39999999999833,2.0,3.0,0.0,3.0,7.0
rousseau2023_strong_monsoon_starts,481.5999999999983,2.0,3.0,0.0,3.0,7.0
rousseau2023_strong_monsoon_starts,481.7999999999983,2.0,3.0,0.0,3.0,7.0
rousseau2023_strong_monsoon_starts,481.9999999999983,2.0,3.0,0.0,3.0,7.0
rousseau2023_strong_monsoon_starts,482.19999999999834,2.0,3.0,0.0,3.0,7.0
rousseau2023_strong_monsoon_starts,482.39999999999833,2.0,3.0,0.0,3.0,7.0
rousseau2023_strong_monsoon_starts,482.5999999999983,2.0,3.0,0.0,3.0,7.0
rousseau2023_strong_monsoon_starts,482.7999999999983,1.0,3.0,0.0,3.0,7.0
rousseau2023_strong_monsoon_starts,482.9999999999983,1.0,3.0,0.0,3.0,7.0
rousseau2023_strong_monsoon_starts,483.19999999999834,1.0,3.0,0.0,3.0,7.0
rousseau2023_strong_monsoon_starts,483.39999999999833,1.0,3.0,0.0,3.0,7.0
rousseau2023_strong_monsoon_starts,483.5999999999983,1.0,3.0,0.0,3.0,7.0
rousseau2023_strong_monsoon_starts,483.7999999999983,1.0,3.0,0.0,3.0,7.0
rousseau2023_strong_monsoon_starts,483.9999999999983,1.0,3.0,0.0,3.0,7.0
rousseau2023_strong_monsoon_starts,484.19999999999834,1.0,3.0,0.0,3.0,7.0
rousseau2023_strong_monsoon_starts,484.39999999999833,1.0,3.0,0.0,3.0,7.0
rousseau2023_strong_monsoon_starts,484.5999999999983,1.0,3.0,0.0,3.0,7.0
rousseau2023_strong_monsoon_starts,484.7999999999983,1.0,3.0,0.0,3.0,7.0
rousseau2023_strong_monsoon_starts,484.9999999999983,1.0,3.0,0.0,3.0,7.0
rousseau2023_strong_monsoon_starts,485.19999999999834,1.0,3.0,0.0,3.0,7.0
rousseau2023_strong_monsoon_starts,485.39999999999833,1.0,3.0,0.0,3.0,7.0
rousseau2023_strong_monsoon_starts,485.5999999999983,1.0,3.0,0.0,3.0,7.0
rousseau2023_strong_monsoon_starts,485.7999999999983,1.0,3.0,0.0,3.0,7.0
rousseau2023_strong_monsoon_starts,485.9999999999983,1.0,3.0,0.0,3.0,7.0
rousseau2023_strong_monsoon_starts,486.1999999999983,1.0,3.0,0.0,3.0,7.0
rousseau2023_strong_monsoon_starts,486.39999999999833,1.0,3.0,0.0,3.0,7.0
rousseau2023_strong_monsoon_starts,486.5999999999983,1.0,3.0,0.0,3.0,7.0
rousseau2023_strong_monsoon_starts,486.7999999999983,1.0,3.0,0.0,3.0,7.0
rousseau2023_strong_monsoon_starts,486.9999999999983,1.0,3.0,0.0,3.0,7.0
rousseau2023_strong_monsoon_starts,487.1999999999983,1.0,3.0,0.0,3.0,7.0
rousseau2023_strong_monsoon_starts,487.39999999999833,1.0,3.0,0.0,3.0,7.0
rousseau2023_strong_monsoon_starts,487.5999999999983,1.0,3.0,0.0,3.0,7.0
rousseau2023_strong_monsoon_starts,487.7999999999983,1.0,3.0,0.0,3.0,7.0
rousseau2023_strong_monsoon_starts,487.9999999999983,1.0,3.0,0.0,3.0,7.0
rousseau2023_strong_monsoon_starts,488.1999999999983,1.0,3.0,0.0,3.0,7.0
rousseau2023_strong_monsoon_starts,488.3999999999983,1.0,3.0,0.0,3.0,7.0
rousseau2023_strong_monsoon_starts,488.5999999999983,1.0,3.0,0.0,3.0,7.0
rousseau2023_strong_monsoon_starts,488.7999999999983,1.0,3.0,0.0,3.0,7.0
rousseau2023_strong_monsoon_starts,488.9999999999983,1.0,3.0,0.0,3.0,7.0
rousseau2023_strong_monsoon_starts,489.1999999999983,1.0,3.0,0.0,3.0,7.0
rousseau2023_strong_monsoon_starts,489.3999999999983,1.0,3.0,0.0,3.0,7.0
rousseau2023_strong_monsoon_starts,489.5999999999983,1.0,3.0,0.0,3.0,7.0
rousseau2023_strong_monsoon_starts,489.7999999999983,1.0,3.0,0.0,3.0,7.0
rousseau2023_strong_monsoon_starts,489.9999999999983,1.0,3.0,0.0,3.0,7.0
rousseau2023_strong_monsoon_starts,490.1999999999983,1.0,3.0,0.0,3.0,7.0
rousseau2023_strong_monsoon_starts,490.3999999999983,1.0,3.0,0.0,3.0,7.0
rousseau2023_strong_monsoon_starts,490.5999999999983,1.0,3.0,0.0,3.0,7.0
rousseau2023_strong_monsoon_starts,490.7999999999983,1.0,3.0,0.0,3.0,7.0
rousseau2023_strong_monsoon_starts,490.9999999999983,1.0,3.0,0.0,3.0,7.0
rousseau2023_strong_monsoon_starts,491.1999999999983,1.0,3.0,0.0,3.0,7.0
rousseau2023_strong_monsoon_starts,491.3999999999983,1.0,3.0,0.0,3.0,7.0
rousseau2023_strong_monsoon_starts,491.5999999999983,1.0,3.0,0.0,3.0,7.0
rousseau2023_strong_monsoon_starts,491.7999999999983,1.0,3.0,0.0,3.0,7.0
rousseau2023_strong_monsoon_starts,491.9999999999983,1.0,3.0,0.0,3.0,7.0
rousseau2023_strong_monsoon_starts,492.1999999999983,1.0,3.0,0.0,3.0,7.0
rousseau2023_strong_monsoon_starts,492.3999999999983,1.0,3.0,0.0,3.0,7.0
rousseau2023_strong_monsoon_starts,492.59999999999826,1.0,3.0,0.0,3.0,7.0
rousseau2023_strong_monsoon_starts,492.7999999999983,1.0,3.0,0.0,3.0,7.0
rousseau2023_strong_monsoon_starts,492.9999999999983,1.0,3.0,0.0,3.0,7.0
rousseau2023_strong_monsoon_starts,493.1999999999983,1.0,3.0,0.0,3.0,7.0
rousseau2023_strong_monsoon_starts,493.3999999999983,1.0,3.0,0.0,3.0,7.0
rousseau2023_strong_monsoon_starts,493.59999999999826,1.0,3.0,0.0,3.0,7.0
rousseau2023_strong_monsoon_starts,493.7999999999983,0.0,3.0,0.0,3.0,7.0
rousseau2023_strong_monsoon_starts,493.9999999999983,0.0,3.0,0.0,3.0,7.0
rousseau2023_strong_monsoon_starts,494.1999999999983,1.0,3.0,0.0,3.0,7.0
rousseau2023_strong_monsoon_starts,494.3999999999983,1.0,3.0,0.0,3.0,7.0
rousseau2023_strong_monsoon_starts,494.59999999999826,1.0,3.0,0.0,3.0,7.0
rousseau2023_strong_monsoon_starts,494.79999999999825,1.0,3.0,0.0,3.0,7.0
rousseau2023_strong_monsoon_starts,494.9999999999983,1.0,3.0,0.0,3.0,7.0
rousseau2023_strong_monsoon_starts,495.1999999999983,1.0,3.0,0.0,3.0,7.0
rousseau2023_strong_monsoon_starts,495.3999999999983,1.0,3.0,0.0,3.0,7.0
rousseau2023_strong_monsoon_starts,495.59999999999826,1.0,3.0,0.0,3.0,7.0
rousseau2023_strong_monsoon_starts,495.79999999999825,1.0,3.0,0.0,3.0,7.0
rousseau2023_strong_monsoon_starts,495.9999999999983,1.0,3.0,0.0,3.0,7.0
rousseau2023_strong_monsoon_starts,496.1999999999983,1.0,3.0,0.0,3.0,7.0
rousseau2023_strong_monsoon_starts,496.3999999999983,1.0,3.0,0.0,3.0,7.0
rousseau2023_strong_monsoon_starts,496.59999999999826,1.0,3.0,0.0,3.0,7.0
rousseau2023_strong_monsoon_starts,496.79999999999825,1.0,3.0,0.0,3.0,7.0
rousseau2023_strong_monsoon_starts,496.9999999999983,1.0,3.0,0.0,3.0,7.0
rousseau2023_strong_monsoon_starts,497.1999999999983,1.0,3.0,0.0,3.0,7.0
rousseau2023_strong_monsoon_starts,497.3999999999983,1.0,3.0,0.0,3.0,7.0
rousseau2023_strong_monsoon_starts,497.59999999999826,1.0,3.0,0.0,3.0,7.0
rousseau2023_strong_monsoon_starts,497.79999999999825,1.0,3.0,0.0,3.0,7.0
rousseau2023_strong_monsoon_starts,497.9999999999983,1.0,3.0,0.0,3.0,7.0
rousseau2023_strong_monsoon_starts,498.1999999999983,1.0,3.0,0.0,3.0,7.0
rousseau2023_strong_monsoon_starts,498.3999999999983,1.0,3.0,0.0,3.0,7.0
rousseau2023_strong_monsoon_starts,498.59999999999826,1.0,3.0,0.0,3.0,7.0
rousseau2023_strong_monsoon_starts,498.79999999999825,1.0,3.0,0.0,3.0,7.0
rousseau2023_strong_monsoon_starts,498.99999999999824,1.0,3.0,0.0,3.0,7.0
rousseau2023_strong_monsoon_starts,499.1999999999983,1.0,3.0,0.0,3.0,7.0
rousseau2023_strong_monsoon_starts,499.3999999999983,1.0,3.0,0.0,3.0,7.0
rousseau2023_strong_monsoon_starts,499.59999999999826,1.0,3.0,0.0,3.0,7.0
rousseau2023_strong_monsoon_starts,499.79999999999825,1.0,3.0,0.0,3.0,7.0
rousseau2023_strong_monsoon_starts,499.99999999999824,1.0,3.0,0.0,3.0,7.0
rousseau2023_strong_monsoon_starts,500.1999999999983,1.0,3.0,0.0,3.0,7.0
rousseau2023_strong_monsoon_starts,500.3999999999983,1.0,3.0,0.0,3.0,7.0
rousseau2023_strong_monsoon_starts,500.59999999999826,1.0,3.0,0.0,3.0,7.0
rousseau2023_strong_monsoon_starts,500.79999999999825,1.0,3.0,0.0,3.0,7.0
rousseau2023_strong_monsoon_starts,500.99999999999824,1.0,3.0,0.0,3.0,7.0
rousseau2023_strong_monsoon_starts,501.1999999999982,1.0,3.0,0.0,3.0,7.0
rousseau2023_strong_monsoon_starts,501.3999999999983,1.0,3.0,0.0,3.0,7.0
rousseau2023_strong_monsoon_starts,501.59999999999826,1.0,3.0,0.0,3.0,7.0
rousseau2023_strong_monsoon_starts,501.79999999999825,1.0,3.0,0.0,3.0,7.0
rousseau2023_strong_monsoon_starts,501.99999999999824,1.0,3.0,0.0,3.0,7.0
rousseau2023_strong_monsoon_starts,502.1999999999982,1.0,3.0,0.0,3.0,7.0
rousseau2023_strong_monsoon_starts,502.3999999999983,1.0,3.0,0.0,3.0,7.0
rousseau2023_strong_monsoon_starts,502.59999999999826,1.0,3.0,0.0,3.0,7.0
rousseau2023_strong_monsoon_starts,502.79999999999825,1.0,3.0,0.0,3.0,7.0
rousseau2023_strong_monsoon_starts,502.99999999999824,1.0,3.0,0.0,3.0,7.0
rousseau2023_strong_monsoon_starts,503.1999999999982,1.0,3.0,0.0,3.0,7.0
rousseau2023_strong_monsoon_starts,503.3999999999983,1.0,3.0,0.0,3.0,7.0
rousseau2023_strong_monsoon_starts,503.59999999999826,1.0,3.0,0.0,3.0,7.0
rousseau2023_strong_monsoon_starts,503.79999999999825,1.0,3.0,0.0,3.0,7.0
rousseau2023_strong_monsoon_starts,503.99999999999824,1.0,3.0,0.0,3.0,7.0
rousseau2023_strong_monsoon_starts,504.1999999999982,1.0,3.0,0.0,3.0,7.0
rousseau2023_strong_monsoon_starts,504.3999999999983,1.0,3.0,0.0,3.0,7.0
rousseau2023_strong_monsoon_starts,504.59999999999826,1.0,3.0,0.0,3.0,7.0
rousseau2023_strong_monsoon_starts,504.79999999999825,1.0,3.0,0.0,3.0,7.0
rousseau2023_strong_monsoon_starts,504.99999999999824,1.0,3.0,0.0,3.0,7.0
rousseau2023_strong_monsoon_starts,505.1999999999982,1.0,3.0,0.0,3.0,7.0
rousseau2023_strong_monsoon_starts,505.3999999999982,1.0,3.0,0.0,3.0,7.0
rousseau2023_strong_monsoon_starts,505.59999999999826,1.0,3.0,0.0,3.0,7.0
rousseau2023_strong_monsoon_starts,505.79999999999825,1.0,3.0,0.0,3.0,7.0
rousseau2023_strong_monsoon_starts,505.99999999999824,1.0,3.0,0.0,3.0,7.0
rousseau2023_strong_monsoon_starts,506.1999999999982,1.0,3.0,0.0,3.0,7.0
rousseau2023_strong_monsoon_starts,506.3999999999982,1.0,3.0,0.0,3.0,7.0
rousseau2023_strong_monsoon_starts,506.59999999999826,1.0,3.0,0.0,3.0,7.0
rousseau2023_strong_monsoon_starts,506.79999999999825,1.0,3.0,0.0,3.0,7.0
rousseau2023_strong_monsoon_starts,506.99999999999824,1.0,3.0,0.0,3.0,7.0
rousseau2023_strong_monsoon_starts,507.1999999999982,1.0,3.0,0.0,3.0,7.0
rousseau2023_strong_monsoon_starts,507.3999999999982,1.0,3.0,0.0,3.0,7.0
rousseau2023_strong_monsoon_starts,507.5999999999982,1.0,3.0,0.0,3.0,7.0
rousseau2023_strong_monsoon_starts,507.79999999999825,1.0,3.0,0.0,3.0,7.0
rousseau2023_strong_monsoon_starts,507.99999999999824,1.0,3.0,0.0,3.0,7.0
rousseau2023_strong_monsoon_starts,508.1999999999982,1.0,3.0,0.0,3.0,7.0
rousseau2023_strong_monsoon_starts,508.3999999999982,1.0,3.0,0.0,3.0,7.0
rousseau2023_strong_monsoon_starts,508.5999999999982,1.0,3.0,0.0,3.0,7.0
rousseau2023_strong_monsoon_starts,508.79999999999825,1.0,3.0,0.0,3.0,7.0
rousseau2023_strong_monsoon_starts,508.99999999999824,1.0,3.0,0.0,3.0,7.0
rousseau2023_strong_monsoon_starts,509.1999999999982,1.0,3.0,0.0,3.0,7.0
rousseau2023_strong_monsoon_starts,509.3999999999982,1.0,3.0,0.0,3.0,7.0
rousseau2023_strong_monsoon_starts,509.5999999999982,1.0,3.0,0.0,3.0,7.0
rousseau2023_strong_monsoon_starts,509.79999999999825,1.0,3.0,0.0,3.0,7.0
rousseau2023_strong_monsoon_starts,509.99999999999824,1.0,3.0,0.0,3.0,7.0
rousseau2023_strong_monsoon_starts,510.1999999999982,1.0,3.0,0.0,3.0,7.0
rousseau2023_strong_monsoon_starts,510.3999999999982,1.0,3.0,0.0,3.0,7.0
rousseau2023_strong_monsoon_starts,510.5999999999982,1.0,3.0,0.0,3.0,7.0
rousseau2023_strong_monsoon_starts,510.79999999999825,1.0,3.0,0.0,3.0,7.0
rousseau2023_strong_monsoon_starts,510.99999999999824,1.0,3.0,0.0,3.0,7.0
rousseau2023_strong_monsoon_starts,511.1999999999982,1.0,3.0,0.0,3.0,7.0
rousseau2023_strong_monsoon_starts,511.3999999999982,1.0,3.0,0.0,3.0,7.0
rousseau2023_strong_monsoon_starts,511.5999999999982,1.0,3.0,0.0,3.0,7.0
rousseau2023_strong_monsoon_starts,511.7999999999982,1.0,3.0,0.0,3.0,7.0
rousseau2023_strong_monsoon_starts,511.99999999999824,1.0,3.0,0.0,3.0,7.0
rousseau2023_strong_monsoon_starts,512.1999999999982,1.0,3.0,0.0,3.0,7.0
rousseau2023_strong_monsoon_starts,512.3999999999983,1.0,3.0,0.0,3.0,7.0
rousseau2023_strong_monsoon_starts,512.5999999999982,1.0,3.0,0.0,3.0,7.0
rousseau2023_strong_monsoon_starts,512.7999999999982,1.0,3.0,0.0,3.0,7.0
rousseau2023_strong_monsoon_starts,512.9999999999982,1.0,3.0,0.0,3.0,7.0
rousseau2023_strong_monsoon_starts,513.1999999999982,1.0,3.0,0.0,3.0,7.0
rousseau2023_strong_monsoon_starts,513.3999999999982,1.0,3.0,0.0,3.0,7.0
rousseau2023_strong_monsoon_starts,513.5999999999982,1.0,3.0,0.0,3.0,7.0
rousseau2023_strong_monsoon_starts,513.7999999999982,1.0,3.0,0.0,3.0,7.0
rousseau2023_strong_monsoon_starts,513.9999999999982,1.0,3.0,0.0,3.0,7.0
rousseau2023_strong_monsoon_starts,514.1999999999982,0.0,3.0,0.0,3.0,7.0
rousseau2023_strong_monsoon_starts,514.3999999999982,0.0,3.0,0.0,3.0,7.0
rousseau2023_strong_monsoon_starts,514.5999999999982,0.0,3.0,0.0,3.0,7.0
rousseau2023_strong_monsoon_starts,514.7999999999982,0.0,3.0,0.0,3.0,7.0
rousseau2023_strong_monsoon_starts,514.9999999999982,0.0,3.0,0.0,3.0,7.0
rousseau2023_strong_monsoon_starts,515.1999999999982,0.0,3.0,0.0,3.0,7.0
rousseau2023_strong_monsoon_starts,515.3999999999982,0.0,3.0,0.0,3.0,7.0
rousseau2023_strong_monsoon_starts,515.5999999999982,0.0,3.0,0.0,3.0,7.0
rousseau2023_strong_monsoon_starts,515.7999999999982,0.0,3.0,0.0,3.0,7.0
rousseau2023_strong_monsoon_starts,515.9999999999982,0.0,3.0,0.0,3.0,7.0
rousseau2023_strong_monsoon_starts,516.1999999999982,0.0,3.0,0.0,3.0,7.0
rousseau2023_strong_monsoon_starts,516.3999999999982,0.0,3.0,0.0,3.0,7.0
rousseau2023_strong_monsoon_starts,516.5999999999982,0.0,3.0,0.0,3.0,7.0
rousseau2023_strong_monsoon_starts,516.7999999999982,0.0,3.0,0.0,3.0,7.0
rousseau2023_strong_monsoon_starts,516.9999999999982,0.0,3.0,0.0,3.0,7.0
rousseau2023_strong_monsoon_starts,517.1999999999982,0.0,3.0,0.0,3.0,7.0
rousseau2023_strong_monsoon_starts,517.3999999999982,0.0,3.0,0.0,3.0,7.0
rousseau2023_strong_monsoon_starts,517.5999999999982,0.0,3.0,0.0,3.0,7.0
rousseau2023_strong_monsoon_starts,517.7999999999982,0.0,3.0,0.0,3.0,7.0
rousseau2023_strong_monsoon_starts,517.9999999999982,0.0,3.0,0.0,3.0,7.0
rousseau2023_strong_monsoon_starts,518.1999999999982,0.0,3.0,0.0,3.0,7.0
rousseau2023_strong_monsoon_starts,518.3999999999982,0.0,3.0,0.0,3.0,7.0
rousseau2023_strong_monsoon_starts,518.5999999999982,0.0,3.0,0.0,3.0,7.0
rousseau2023_strong_monsoon_starts,518.7999999999981,0.0,3.0,0.0,3.0,7.0
rousseau2023_strong_monsoon_starts,518.9999999999982,0.0,3.0,0.0,3.0,7.0
rousseau2023_strong_monsoon_starts,519.1999999999982,0.0,3.0,0.0,3.0,7.0
rousseau2023_strong_monsoon_starts,519.3999999999982,0.0,3.0,0.0,3.0,7.0
rousseau2023_strong_monsoon_starts,519.5999999999982,0.0,3.0,0.0,3.0,7.0
rousseau2023_strong_monsoon_starts,519.7999999999981,0.0,3.0,0.0,3.0,7.0
rousseau2023_strong_monsoon_starts,519.9999999999982,0.0,3.0,0.0,3.0,7.0
rousseau2023_strong_monsoon_starts,520.1999999999982,0.0,3.0,0.0,3.0,7.0
rousseau2023_strong_monsoon_starts,520.3999999999982,0.0,3.0,0.0,3.0,7.0
rousseau2023_strong_monsoon_starts,520.5999999999982,0.0,3.0,0.0,3.0,7.0
rousseau2023_strong_monsoon_starts,520.7999999999981,0.0,3.0,0.0,3.0,7.0
rousseau2023_strong_monsoon_starts,520.9999999999982,0.0,3.0,0.0,3.0,7.0
rousseau2023_strong_monsoon_starts,521.1999999999982,0.0,3.0,0.0,3.0,7.0
rousseau2023_strong_monsoon_starts,521.3999999999982,0.0,3.0,0.0,3.0,7.0
rousseau2023_strong_monsoon_starts,521.5999999999982,0.0,3.0,0.0,3.0,7.0
rousseau2023_strong_monsoon_starts,521.7999999999981,1.0,3.0,0.0,3.0,7.0
rousseau2023_strong_monsoon_starts,521.9999999999982,1.0,3.0,0.0,3.0,7.0
rousseau2023_strong_monsoon_starts,522.1999999999982,1.0,3.0,0.0,3.0,7.0
rousseau2023_strong_monsoon_starts,522.3999999999982,1.0,3.0,0.0,3.0,7.0
rousseau2023_strong_monsoon_starts,522.5999999999982,1.0,3.0,0.0,3.0,7.0
rousseau2023_strong_monsoon_starts,522.7999999999981,1.0,3.0,0.0,3.0,7.0
rousseau2023_strong_monsoon_starts,522.9999999999982,1.0,3.0,0.0,3.0,7.0
rousseau2023_strong_monsoon_starts,523.1999999999982,1.0,3.0,0.0,3.0,7.0
rousseau2023_strong_monsoon_starts,523.3999999999982,1.0,3.0,0.0,3.0,7.0
rousseau2023_strong_monsoon_starts,523.5999999999982,1.0,3.0,0.0,3.0,7.0
rousseau2023_strong_monsoon_starts,523.7999999999981,1.0,3.0,0.0,3.0,7.0
rousseau2023_strong_monsoon_starts,523.9999999999982,1.0,3.0,0.0,3.0,7.0
rousseau2023_strong_monsoon_starts,524.1999999999982,1.0,3.0,0.0,3.0,7.0
rousseau2023_strong_monsoon_starts,524.3999999999982,1.0,3.0,0.0,3.0,7.0
rousseau2023_strong_monsoon_starts,524.5999999999982,1.0,3.0,0.0,3.0,7.0
rousseau2023_strong_monsoon_starts,524.7999999999981,1.0,3.0,0.0,3.0,7.0
rousseau2023_strong_monsoon_starts,524.9999999999982,1.0,3.0,0.0,3.0,7.0
rousseau2023_strong_monsoon_starts,525.1999999999982,1.0,3.0,0.0,3.0,7.0
rousseau2023_strong_monsoon_starts,525.3999999999982,1.0,3.0,0.0,3.0,7.0
rousseau2023_strong_monsoon_starts,525.5999999999982,1.0,3.0,0.0,3.0,7.0
rousseau2023_strong_monsoon_starts,525.7999999999981,1.0,3.0,0.0,3.0,7.0
rousseau2023_strong_monsoon_starts,525.9999999999982,1.0,3.0,0.0,3.0,7.0
rousseau2023_strong_monsoon_starts,526.1999999999981,1.0,3.0,0.0,3.0,7.0
rousseau2023_strong_monsoon_starts,526.3999999999982,1.0,3.0,0.0,3.0,7.0
rousseau2023_strong_monsoon_starts,526.5999999999982,1.0,3.0,0.0,3.0,7.0
rousseau2023_strong_monsoon_starts,526.7999999999981,1.0,3.0,0.0,3.0,7.0
rousseau2023_strong_monsoon_starts,526.9999999999982,1.0,3.0,0.0,3.0,7.0
rousseau2023_strong_monsoon_starts,527.1999999999981,1.0,3.0,0.0,3.0,7.0
rousseau2023_strong_monsoon_starts,527.3999999999982,1.0,3.0,0.0,3.0,7.0
rousseau2023_strong_monsoon_starts,527.5999999999982,1.0,3.0,0.0,3.0,7.0
rousseau2023_strong_monsoon_starts,527.7999999999981,1.0,3.0,0.0,3.0,7.0
rousseau2023_strong_monsoon_starts,527.9999999999982,1.0,3.0,0.0,3.0,7.0
rousseau2023_strong_monsoon_starts,528.1999999999981,1.0,3.0,0.0,3.0,7.0
rousseau2023_strong_monsoon_starts,528.3999999999982,1.0,3.0,0.0,3.0,7.0
rousseau2023_strong_monsoon_starts,528.5999999999982,1.0,3.0,0.0,3.0,7.0
rousseau2023_strong_monsoon_starts,528.7999999999981,1.0,3.0,0.0,3.0,7.0
rousseau2023_strong_monsoon_starts,528.9999999999982,1.0,3.0,0.0,3.0,7.0
rousseau2023_strong_monsoon_starts,529.1999999999981,1.0,3.0,0.0,3.0,7.0
rousseau2023_strong_monsoon_starts,529.3999999999982,1.0,3.0,0.0,3.0,7.0
rousseau2023_strong_monsoon_starts,529.5999999999982,1.0,3.0,0.0,3.0,7.0
rousseau2023_strong_monsoon_starts,529.7999999999981,1.0,3.0,0.0,3.0,7.0
rousseau2023_strong_monsoon_starts,529.9999999999982,1.0,3.0,0.0,3.0,7.0
rousseau2023_strong_monsoon_starts,530.1999999999981,1.0,3.0,0.0,3.0,7.0
rousseau2023_strong_monsoon_starts,530.3999999999982,1.0,3.0,0.0,3.0,7.0
rousseau2023_strong_monsoon_starts,530.5999999999982,1.0,3.0,0.0,3.0,7.0
rousseau2023_strong_monsoon_starts,530.7999999999981,1.0,3.0,0.0,3.0,7.0
rousseau2023_strong_monsoon_starts,530.9999999999982,1.0,3.0,0.0,3.0,7.0
rousseau2023_strong_monsoon_starts,531.1999999999981,1.0,3.0,0.0,3.0,7.0
rousseau2023_strong_monsoon_starts,531.3999999999982,1.0,3.0,0.0,3.0,7.0
rousseau2023_strong_monsoon_starts,531.5999999999981,1.0,3.0,0.0,3.0,7.0
rousseau2023_strong_monsoon_starts,531.7999999999981,1.0,3.0,0.0,3.0,7.0
rousseau2023_strong_monsoon_starts,531.9999999999982,1.0,3.0,0.0,3.0,7.0
rousseau2023_strong_monsoon_starts,532.1999999999981,1.0,3.0,0.0,3.0,7.0
rousseau2023_strong_monsoon_starts,532.3999999999982,1.0,3.0,0.0,3.0,7.0
rousseau2023_strong_monsoon_starts,532.5999999999981,1.0,3.0,0.0,3.0,7.0
rousseau2023_strong_monsoon_starts,532.7999999999981,1.0,3.0,0.0,3.0,7.0
rousseau2023_strong_monsoon_starts,532.9999999999982,1.0,3.0,0.0,3.0,7.0
rousseau2023_strong_monsoon_starts,533.1999999999981,1.0,3.0,0.0,3.0,7.0
rousseau2023_strong_monsoon_starts,533.3999999999982,1.0,3.0,0.0,3.0,7.0
rousseau2023_strong_monsoon_starts,533.5999999999981,1.0,3.0,0.0,3.0,7.0
rousseau2023_strong_monsoon_starts,533.7999999999981,1.0,3.0,0.0,3.0,7.0
rousseau2023_strong_monsoon_starts,533.9999999999982,1.0,3.0,0.0,3.0,7.0
rousseau2023_strong_monsoon_starts,534.1999999999981,1.0,3.0,0.0,3.0,7.0
rousseau2023_strong_monsoon_starts,534.3999999999982,1.0,3.0,0.0,3.0,7.0
rousseau2023_strong_monsoon_starts,534.5999999999981,1.0,3.0,0.0,3.0,7.0
rousseau2023_strong_monsoon_starts,534.7999999999981,1.0,3.0,0.0,3.0,7.0
rousseau2023_strong_monsoon_starts,534.9999999999982,1.0,3.0,0.0,3.0,7.0
rousseau2023_strong_monsoon_starts,535.1999999999981,1.0,3.0,0.0,3.0,7.0
rousseau2023_strong_monsoon_starts,535.3999999999982,1.0,3.0,0.0,3.0,7.0
rousseau2023_strong_monsoon_starts,535.5999999999981,1.0,3.0,0.0,3.0,7.0
rousseau2023_strong_monsoon_starts,535.7999999999981,1.0,3.0,0.0,3.0,7.0
rousseau2023_strong_monsoon_starts,535.9999999999982,1.0,3.0,0.0,3.0,7.0
rousseau2023_strong_monsoon_starts,536.1999999999981,1.0,3.0,0.0,3.0,7.0
rousseau2023_strong_monsoon_starts,536.3999999999982,1.0,3.0,0.0,3.0,7.0
rousseau2023_strong_monsoon_starts,536.5999999999981,1.0,3.0,0.0,3.0,7.0
rousseau2023_strong_monsoon_starts,536.7999999999981,1.0,3.0,0.0,3.0,7.0
rousseau2023_strong_monsoon_starts,536.9999999999982,1.0,3.0,0.0,3.0,7.0
rousseau2023_strong_monsoon_starts,537.1999999999981,1.0,3.0,0.0,3.0,7.0
rousseau2023_strong_monsoon_starts,537.3999999999982,1.0,3.0,0.0,3.0,7.0
rousseau2023_strong_monsoon_starts,537.5999999999981,1.0,3.0,0.0,3.0,7.0
rousseau2023_strong_monsoon_starts,537.7999999999981,1.0,3.0,0.0,3.0,7.0
rousseau2023_strong_monsoon_starts,537.9999999999982,1.0,3.0,0.0,3.0,7.0
rousseau2023_strong_monsoon_starts,538.1999999999981,1.0,3.0,0.0,3.0,7.0
rousseau2023_strong_monsoon_starts,538.3999999999982,2.0,3.0,0.0,3.0,7.0
rousseau2023_strong_monsoon_starts,538.5999999999981,2.0,3.0,0.0,3.0,7.0
rousseau2023_strong_monsoon_starts,538.7999999999981,2.0,3.0,0.0,3.0,7.0
rousseau2023_strong_monsoon_starts,538.9999999999981,2.0,3.0,0.0,3.0,7.0
rousseau2023_strong_monsoon_starts,539.1999999999981,2.0,3.0,0.0,3.0,7.0
rousseau2023_strong_monsoon_starts,539.3999999999982,2.0,3.0,0.0,3.0,7.0
rousseau2023_strong_monsoon_starts,539.5999999999981,2.0,3.0,0.0,3.0,7.0
rousseau2023_strong_monsoon_starts,539.7999999999981,2.0,3.0,0.0,3.0,7.0
rousseau2023_strong_monsoon_starts,539.9999999999981,2.0,3.0,0.0,3.0,7.0
rousseau2023_strong_monsoon_starts,540.1999999999981,2.0,3.0,0.0,3.0,7.0
rousseau2023_strong_monsoon_starts,540.3999999999982,2.0,3.0,0.0,3.0,7.0
rousseau2023_strong_monsoon_starts,540.5999999999981,2.0,3.0,0.0,3.0,7.0
rousseau2023_strong_monsoon_starts,540.7999999999981,2.0,3.0,0.0,3.0,7.0
rousseau2023_strong_monsoon_starts,540.9999999999981,2.0,3.0,0.0,3.0,7.0
rousseau2023_strong_monsoon_starts,541.1999999999981,2.0,3.0,0.0,3.0,7.0
rousseau2023_strong_monsoon_starts,541.3999999999982,2.0,3.0,0.0,3.0,7.0
rousseau2023_strong_monsoon_starts,541.5999999999981,2.0,3.0,0.0,3.0,7.0
rousseau2023_strong_monsoon_starts,541.7999999999981,1.0,3.0,0.0,3.0,7.0
rousseau2023_strong_monsoon_starts,541.9999999999981,1.0,3.0,0.0,3.0,7.0
rousseau2023_strong_monsoon_starts,542.1999999999981,1.0,3.0,0.0,3.0,7.0
rousseau2023_strong_monsoon_starts,542.3999999999982,1.0,3.0,0.0,3.0,7.0
rousseau2023_strong_monsoon_starts,542.5999999999981,1.0,3.0,0.0,3.0,7.0
rousseau2023_strong_monsoon_starts,542.7999999999981,1.0,3.0,0.0,3.0,7.0
rousseau2023_strong_monsoon_starts,542.9999999999981,1.0,3.0,0.0,3.0,7.0
rousseau2023_strong_monsoon_starts,543.1999999999981,1.0,3.0,0.0,3.0,7.0
rousseau2023_strong_monsoon_starts,543.3999999999982,1.0,3.0,0.0,3.0,7.0
rousseau2023_strong_monsoon_starts,543.5999999999981,2.0,3.0,0.0,3.0,7.0
rousseau2023_strong_monsoon_starts,543.7999999999981,2.0,3.0,0.0,3.0,7.0
rousseau2023_strong_monsoon_starts,543.9999999999981,2.0,3.0,0.0,3.0,7.0
rousseau2023_strong_monsoon_starts,544.1999999999981,2.0,3.0,0.0,3.0,7.0
rousseau2023_strong_monsoon_starts,544.399999999998,2.0,3.0,0.0,3.0,7.0
rousseau2023_strong_monsoon_starts,544.5999999999981,2.0,3.0,0.0,3.0,7.0
rousseau2023_strong_monsoon_starts,544.7999999999981,2.0,3.0,0.0,3.0,7.0
rousseau2023_strong_monsoon_starts,544.9999999999981,2.0,3.0,0.0,3.0,7.0
rousseau2023_strong_monsoon_starts,545.1999999999981,2.0,3.0,0.0,3.0,7.0
rousseau2023_strong_monsoon_starts,545.399999999998,2.0,3.0,0.0,3.0,7.0
rousseau2023_strong_monsoon_starts,545.5999999999981,2.0,3.0,0.0,3.0,7.0
rousseau2023_strong_monsoon_starts,545.7999999999981,3.0,3.0,0.0,3.0,7.0
rousseau2023_strong_monsoon_starts,545.9999999999981,3.0,3.0,0.0,3.0,7.0
rousseau2023_strong_monsoon_starts,546.1999999999981,3.0,3.0,0.0,3.0,7.0
rousseau2023_strong_monsoon_starts,546.399999999998,3.0,3.0,0.0,3.0,7.0
rousseau2023_strong_monsoon_starts,546.5999999999981,3.0,3.0,0.0,3.0,7.0
rousseau2023_strong_monsoon_starts,546.7999999999981,3.0,3.0,0.0,3.0,7.0
rousseau2023_strong_monsoon_starts,546.9999999999981,3.0,3.0,0.0,3.0,7.0
rousseau2023_strong_monsoon_starts,547.1999999999981,3.0,3.0,0.0,3.0,7.0
rousseau2023_strong_monsoon_starts,547.399999999998,3.0,3.0,0.0,3.0,7.0
rousseau2023_strong_monsoon_starts,547.5999999999981,3.0,3.0,0.0,3.0,7.0
rousseau2023_strong_monsoon_starts,547.7999999999981,3.0,3.0,0.0,3.0,7.0
rousseau2023_strong_monsoon_starts,547.9999999999981,3.0,3.0,0.0,3.0,7.0
rousseau2023_strong_monsoon_starts,548.1999999999981,3.0,3.0,0.0,3.0,7.0
rousseau2023_strong_monsoon_starts,548.399999999998,3.0,3.0,0.0,3.0,7.0
rousseau2023_strong_monsoon_starts,548.5999999999981,3.0,3.0,0.0,3.0,7.0
rousseau2023_strong_monsoon_starts,548.7999999999981,3.0,3.0,0.0,3.0,7.0
rousseau2023_strong_monsoon_starts,548.9999999999981,3.0,3.0,0.0,3.0,7.0
rousseau2023_strong_monsoon_starts,549.1999999999981,4.0,3.0,0.0,3.0,7.0
rousseau2023_strong_monsoon_starts,549.399999999998,4.0,3.0,0.0,3.0,7.0
rousseau2023_strong_monsoon_starts,549.5999999999981,4.0,3.0,0.0,3.0,7.0
rousseau2023_strong_monsoon_starts,549.7999999999981,4.0,3.0,0.0,3.0,7.0
rousseau2023_strong_monsoon_starts,549.9999999999981,4.0,3.0,0.0,3.0,7.0
rousseau2023_strong_monsoon_starts,550.1999999999981,4.0,3.0,0.0,3.0,7.0
rousseau2023_strong_monsoon_starts,550.399999999998,4.0,3.0,0.0,3.0,7.0
rousseau2023_strong_monsoon_starts,550.5999999999981,4.0,3.0,0.0,3.0,7.0
rousseau2023_strong_monsoon_starts,550.7999999999981,4.0,3.0,0.0,3.0,7.0
rousseau2023_strong_monsoon_starts,550.9999999999981,4.0,3.0,0.0,3.0,7.0
rousseau2023_strong_monsoon_starts,551.1999999999981,4.0,3.0,0.0,3.0,7.0
rousseau2023_strong_monsoon_starts,551.399999999998,5.0,3.0,0.0,3.0,7.0
rousseau2023_strong_monsoon_starts,551.5999999999981,5.0,3.0,0.0,3.0,7.0
rousseau2023_strong_monsoon_starts,551.799999999998,5.0,3.0,0.0,3.0,7.0
rousseau2023_strong_monsoon_starts,551.9999999999981,5.0,3.0,0.0,3.0,7.0
rousseau2023_strong_monsoon_starts,552.1999999999981,5.0,3.0,0.0,3.0,7.0
rousseau2023_strong_monsoon_starts,552.399999999998,6.0,3.0,0.0,3.0,7.0
rousseau2023_strong_monsoon_starts,552.5999999999981,6.0,3.0,0.0,3.0,7.0
rousseau2023_strong_monsoon_starts,552.799999999998,6.0,3.0,0.0,3.0,7.0
rousseau2023_strong_monsoon_starts,552.9999999999981,6.0,3.0,0.0,3.0,7.0
rousseau2023_strong_monsoon_starts,553.1999999999981,6.0,3.0,0.0,3.0,7.0
rousseau2023_strong_monsoon_starts,553.399999999998,6.0,3.0,0.0,3.0,7.0
rousseau2023_strong_monsoon_starts,553.5999999999981,6.0,3.0,0.0,3.0,7.0
rousseau2023_strong_monsoon_starts,553.799999999998,6.0,3.0,0.0,3.0,7.0
rousseau2023_strong_monsoon_starts,553.9999999999981,6.0,3.0,0.0,3.0,7.0
rousseau2023_strong_monsoon_starts,554.1999999999981,6.0,3.0,0.0,3.0,7.0
rousseau2023_strong_monsoon_starts,554.399999999998,6.0,3.0,0.0,3.0,7.0
rousseau2023_strong_monsoon_starts,554.5999999999981,6.0,3.0,0.0,3.0,7.0
rousseau2023_strong_monsoon_starts,554.799999999998,6.0,3.0,0.0,3.0,7.0
rousseau2023_strong_monsoon_starts,554.9999999999981,6.0,3.0,0.0,3.0,7.0
rousseau2023_strong_monsoon_starts,555.1999999999981,6.0,3.0,0.0,3.0,7.0
rousseau2023_strong_monsoon_starts,555.399999999998,6.0,3.0,0.0,3.0,7.0
rousseau2023_strong_monsoon_starts,555.5999999999981,6.0,3.0,0.0,3.0,7.0
rousseau2023_strong_monsoon_starts,555.799999999998,6.0,3.0,0.0,3.0,7.0
rousseau2023_strong_monsoon_starts,555.9999999999981,6.0,3.0,0.0,3.0,7.0
rousseau2023_strong_monsoon_starts,556.1999999999981,6.0,3.0,0.0,3.0,7.0
rousseau2023_strong_monsoon_starts,556.399999999998,6.0,3.0,0.0,3.0,7.0
rousseau2023_strong_monsoon_starts,556.5999999999981,6.0,3.0,0.0,3.0,7.0
rousseau2023_strong_monsoon_starts,556.799999999998,6.0,3.0,0.0,3.0,7.0
rousseau2023_strong_monsoon_starts,556.9999999999981,6.0,3.0,0.0,3.0,7.0
rousseau2023_strong_monsoon_starts,557.199999999998,6.0,3.0,0.0,3.0,7.0
rousseau2023_strong_monsoon_starts,557.399999999998,6.0,3.0,0.0,3.0,7.0
rousseau2023_strong_monsoon_starts,557.5999999999981,6.0,3.0,0.0,3.0,7.0
rousseau2023_strong_monsoon_starts,557.799999999998,6.0,3.0,0.0,3.0,7.0
rousseau2023_strong_monsoon_starts,557.9999999999981,6.0,3.0,0.0,3.0,7.0
rousseau2023_strong_monsoon_starts,558.199999999998,6.0,3.0,0.0,3.0,7.0
rousseau2023_strong_monsoon_starts,558.399999999998,5.0,3.0,0.0,3.0,7.0
rousseau2023_strong_monsoon_starts,558.5999999999981,5.0,3.0,0.0,3.0,7.0
rousseau2023_strong_monsoon_starts,558.799999999998,5.0,3.0,0.0,3.0,7.0
rousseau2023_strong_monsoon_starts,558.9999999999981,5.0,3.0,0.0,3.0,7.0
rousseau2023_strong_monsoon_starts,559.199999999998,5.0,3.0,0.0,3.0,7.0
rousseau2023_strong_monsoon_starts,559.399999999998,5.0,3.0,0.0,3.0,7.0
rousseau2023_strong_monsoon_starts,559.5999999999981,5.0,3.0,0.0,3.0,7.0
rousseau2023_strong_monsoon_starts,559.799999999998,5.0,3.0,0.0,3.0,7.0
rousseau2023_strong_monsoon_starts,559.9999999999981,5.0,3.0,0.0,3.0,7.0
rousseau2023_strong_monsoon_starts,560.199999999998,5.0,3.0,0.0,3.0,7.0
rousseau2023_strong_monsoon_starts,560.399999999998,5.0,3.0,0.0,3.0,7.0
rousseau2023_strong_monsoon_starts,560.5999999999981,5.0,3.0,0.0,3.0,7.0
rousseau2023_strong_monsoon_starts,560.799999999998,5.0,3.0,0.0,3.0,7.0
rousseau2023_strong_monsoon_starts,560.9999999999981,5.0,3.0,0.0,3.0,7.0
rousseau2023_strong_monsoon_starts,561.199999999998,5.0,3.0,0.0,3.0,7.0
rousseau2023_strong_monsoon_starts,561.399999999998,5.0,3.0,0.0,3.0,7.0
rousseau2023_strong_monsoon_starts,561.5999999999981,5.0,3.0,0.0,3.0,7.0
rousseau2023_strong_monsoon_starts,561.799999999998,5.0,3.0,0.0,3.0,7.0
rousseau2023_strong_monsoon_starts,561.9999999999981,5.0,3.0,0.0,3.0,7.0
rousseau2023_strong_monsoon_starts,562.199999999998,5.0,3.0,0.0,3.0,7.0
rousseau2023_strong_monsoon_starts,562.399999999998,5.0,3.0,0.0,3.0,7.0
rousseau2023_strong_monsoon_starts,562.5999999999981,5.0,3.0,0.0,3.0,7.0
rousseau2023_strong_monsoon_starts,562.799999999998,5.0,3.0,0.0,3.0,7.0
rousseau2023_strong_monsoon_starts,562.9999999999981,5.0,3.0,0.0,3.0,7.0
rousseau2023_strong_monsoon_starts,563.199999999998,5.0,3.0,0.0,3.0,7.0
rousseau2023_strong_monsoon_starts,563.399999999998,5.0,3.0,0.0,3.0,7.0
rousseau2023_strong_monsoon_starts,563.5999999999981,4.0,3.0,0.0,3.0,7.0
rousseau2023_strong_monsoon_starts,563.799999999998,4.0,3.0,0.0,3.0,7.0
rousseau2023_strong_monsoon_starts,563.9999999999981,4.0,3.0,0.0,3.0,7.0
rousseau2023_strong_monsoon_starts,564.199999999998,4.0,3.0,0.0,3.0,7.0
rousseau2023_strong_monsoon_starts,564.399999999998,4.0,3.0,0.0,3.0,7.0
rousseau2023_strong_monsoon_starts,564.599999999998,4.0,3.0,0.0,3.0,7.0
rousseau2023_strong_monsoon_starts,564.799999999998,4.0,3.0,0.0,3.0,7.0
rousseau2023_strong_monsoon_starts,564.9999999999981,4.0,3.0,0.0,3.0,7.0
rousseau2023_strong_monsoon_starts,565.199999999998,4.0,3.0,0.0,3.0,7.0
rousseau2023_strong_monsoon_starts,565.399999999998,4.0,3.0,0.0,3.0,7.0
rousseau2023_strong_monsoon_starts,565.599999999998,4.0,3.0,0.0,3.0,7.0
rousseau2023_strong_monsoon_starts,565.799999999998,3.0,3.0,0.0,3.0,7.0
rousseau2023_strong_monsoon_starts,565.9999999999981,3.0,3.0,0.0,3.0,7.0
rousseau2023_strong_monsoon_starts,566.199999999998,3.0,3.0,0.0,3.0,7.0
rousseau2023_strong_monsoon_starts,566.399999999998,3.0,3.0,0.0,3.0,7.0
rousseau2023_strong_monsoon_starts,566.599999999998,3.0,3.0,0.0,3.0,7.0
rousseau2023_strong_monsoon_starts,566.799999999998,3.0,3.0,0.0,3.0,7.0
rousseau2023_strong_monsoon_starts,566.9999999999981,3.0,3.0,0.0,3.0,7.0
rousseau2023_strong_monsoon_starts,567.199999999998,3.0,3.0,0.0,3.0,7.0
rousseau2023_strong_monsoon_starts,567.399999999998,3.0,3.0,0.0,3.0,7.0
rousseau2023_strong_monsoon_starts,567.599999999998,3.0,3.0,0.0,3.0,7.0
rousseau2023_strong_monsoon_starts,567.799999999998,3.0,3.0,0.0,3.0,7.0
rousseau2023_strong_monsoon_starts,567.9999999999981,3.0,3.0,0.0,3.0,7.0
rousseau2023_strong_monsoon_starts,568.199999999998,3.0,3.0,0.0,3.0,7.0
rousseau2023_strong_monsoon_starts,568.399999999998,3.0,3.0,0.0,3.0,7.0
rousseau2023_strong_monsoon_starts,568.599999999998,3.0,3.0,0.0,3.0,7.0
rousseau2023_strong_monsoon_starts,568.799999999998,3.0,3.0,0.0,3.0,7.0
rousseau2023_strong_monsoon_starts,568.9999999999981,3.0,3.0,0.0,3.0,7.0
rousseau2023_strong_monsoon_starts,569.199999999998,2.0,3.0,0.0,3.0,7.0
rousseau2023_strong_monsoon_starts,569.399999999998,2.0,3.0,0.0,3.0,7.0
rousseau2023_strong_monsoon_starts,569.599999999998,2.0,3.0,0.0,3.0,7.0
rousseau2023_strong_monsoon_starts,569.799999999998,2.0,3.0,0.0,3.0,7.0
rousseau2023_strong_monsoon_starts,569.999999999998,2.0,3.0,0.0,3.0,7.0
rousseau2023_strong_monsoon_starts,570.199999999998,2.0,3.0,0.0,3.0,7.0
rousseau2023_strong_monsoon_starts,570.399999999998,3.0,3.0,0.0,3.0,7.0
rousseau2023_strong_monsoon_starts,570.599999999998,3.0,3.0,0.0,3.0,7.0
rousseau2023_strong_monsoon_starts,570.799999999998,3.0,3.0,0.0,3.0,7.0
rousseau2023_strong_monsoon_starts,570.999999999998,3.0,3.0,0.0,3.0,7.0
rousseau2023_strong_monsoon_starts,571.199999999998,3.0,3.0,0.0,3.0,7.0
rousseau2023_strong_monsoon_starts,571.399999999998,2.0,3.0,0.0,3.0,7.0
rousseau2023_strong_monsoon_starts,571.599999999998,2.0,3.0,0.0,3.0,7.0
rousseau2023_strong_monsoon_starts,571.799999999998,2.0,3.0,0.0,3.0,7.0
rousseau2023_strong_monsoon_starts,571.999999999998,2.0,3.0,0.0,3.0,7.0
rousseau2023_strong_monsoon_starts,572.199999999998,2.0,3.0,0.0,3.0,7.0
rousseau2023_strong_monsoon_starts,572.399999999998,1.0,3.0,0.0,3.0,7.0
rousseau2023_strong_monsoon_starts,572.599999999998,1.0,3.0,0.0,3.0,7.0
rousseau2023_strong_monsoon_starts,572.799999999998,1.0,3.0,0.0,3.0,7.0
rousseau2023_strong_monsoon_starts,572.999999999998,2.0,3.0,0.0,3.0,7.0
rousseau2023_strong_monsoon_starts,573.199999999998,2.0,3.0,0.0,3.0,7.0
rousseau2023_strong_monsoon_starts,573.399999999998,2.0,3.0,0.0,3.0,7.0
rousseau2023_strong_monsoon_starts,573.599999999998,2.0,3.0,0.0,3.0,7.0
rousseau2023_strong_monsoon_starts,573.799999999998,2.0,3.0,0.0,3.0,7.0
rousseau2023_strong_monsoon_starts,573.999999999998,2.0,3.0,0.0,3.0,7.0
rousseau2023_strong_monsoon_starts,574.199999999998,2.0,3.0,0.0,3.0,7.0
rousseau2023_strong_monsoon_starts,574.399999999998,2.0,3.0,0.0,3.0,7.0
rousseau2023_strong_monsoon_starts,574.599999999998,2.0,3.0,0.0,3.0,7.0
rousseau2023_strong_monsoon_starts,574.799999999998,2.0,3.0,0.0,3.0,7.0
rousseau2023_strong_monsoon_starts,574.999999999998,2.0,3.0,0.0,3.0,7.0
rousseau2023_strong_monsoon_starts,575.199999999998,2.0,3.0,0.0,3.0,7.0
rousseau2023_strong_monsoon_starts,575.399999999998,2.0,3.0,0.0,3.0,7.0
rousseau2023_strong_monsoon_starts,575.599999999998,2.0,3.0,0.0,3.0,7.0
rousseau2023_strong_monsoon_starts,575.799999999998,2.0,3.0,0.0,3.0,7.0
rousseau2023_strong_monsoon_starts,575.999999999998,2.0,3.0,0.0,3.0,7.0
rousseau2023_strong_monsoon_starts,576.199999999998,2.0,3.0,0.0,3.0,7.0
rousseau2023_strong_monsoon_starts,576.399999999998,2.0,3.0,0.0,3.0,7.0
rousseau2023_strong_monsoon_starts,576.599999999998,2.0,3.0,0.0,3.0,7.0
rousseau2023_strong_monsoon_starts,576.799999999998,2.0,3.0,0.0,3.0,7.0
rousseau2023_strong_monsoon_starts,576.999999999998,2.0,3.0,0.0,3.0,7.0
rousseau2023_strong_monsoon_starts,577.199999999998,2.0,3.0,0.0,3.0,7.0
rousseau2023_strong_monsoon_starts,577.3999999999979,2.0,3.0,0.0,3.0,7.0
rousseau2023_strong_monsoon_starts,577.599999999998,2.0,3.0,0.0,3.0,7.0
rousseau2023_strong_monsoon_starts,577.799999999998,2.0,3.0,0.0,3.0,7.0
rousseau2023_strong_monsoon_starts,577.999999999998,2.0,3.0,0.0,3.0,7.0
rousseau2023_strong_monsoon_starts,578.199999999998,2.0,3.0,0.0,3.0,7.0
rousseau2023_strong_monsoon_starts,578.3999999999979,2.0,3.0,0.0,3.0,7.0
rousseau2023_strong_monsoon_starts,578.599999999998,2.0,3.0,0.0,3.0,7.0
rousseau2023_strong_monsoon_starts,578.799999999998,2.0,3.0,0.0,3.0,7.0
rousseau2023_strong_monsoon_starts,578.999999999998,2.0,3.0,0.0,3.0,7.0
rousseau2023_strong_monsoon_starts,579.199999999998,2.0,3.0,0.0,3.0,7.0
rousseau2023_strong_monsoon_starts,579.3999999999979,2.0,3.0,0.0,3.0,7.0
rousseau2023_strong_monsoon_starts,579.599999999998,2.0,3.0,0.0,3.0,7.0
rousseau2023_strong_monsoon_starts,579.799999999998,2.0,3.0,0.0,3.0,7.0
rousseau2023_strong_monsoon_starts,579.999999999998,2.0,3.0,0.0,3.0,7.0
rousseau2023_strong_monsoon_starts,580.199999999998,2.0,3.0,0.0,3.0,7.0
rousseau2023_strong_monsoon_starts,580.3999999999979,2.0,3.0,0.0,3.0,7.0
rousseau2023_strong_monsoon_starts,580.599999999998,2.0,3.0,0.0,3.0,7.0
rousseau2023_strong_monsoon_starts,580.799999999998,2.0,3.0,0.0,3.0,7.0
rousseau2023_strong_monsoon_starts,580.999999999998,2.0,3.0,0.0,3.0,7.0
rousseau2023_strong_monsoon_starts,581.199999999998,2.0,3.0,0.0,3.0,7.0
rousseau2023_strong_monsoon_starts,581.3999999999979,2.0,3.0,0.0,3.0,7.0
rousseau2023_strong_monsoon_starts,581.599999999998,2.0,3.0,0.0,3.0,7.0
rousseau2023_strong_monsoon_starts,581.799999999998,2.0,3.0,0.0,3.0,7.0
rousseau2023_strong_monsoon_starts,581.999999999998,2.0,3.0,0.0,3.0,7.0
rousseau2023_strong_monsoon_starts,582.199999999998,2.0,3.0,0.0,3.0,7.0
rousseau2023_strong_monsoon_starts,582.3999999999979,2.0,3.0,0.0,3.0,7.0
rousseau2023_strong_monsoon_starts,582.599999999998,2.0,3.0,0.0,3.0,7.0
rousseau2023_strong_monsoon_starts,582.7999999999979,2.0,3.0,0.0,3.0,7.0
rousseau2023_strong_monsoon_starts,582.999999999998,2.0,3.0,0.0,3.0,7.0
rousseau2023_strong_monsoon_starts,583.199999999998,2.0,3.0,0.0,3.0,7.0
rousseau2023_strong_monsoon_starts,583.3999999999979,2.0,3.0,0.0,3.0,7.0
rousseau2023_strong_monsoon_starts,583.599999999998,2.0,3.0,0.0,3.0,7.0
rousseau2023_strong_monsoon_starts,583.7999999999979,2.0,3.0,0.0,3.0,7.0
rousseau2023_strong_monsoon_starts,583.999999999998,3.0,3.0,0.0,3.0,7.0
rousseau2023_strong_monsoon_starts,584.199999999998,3.0,3.0,0.0,3.0,7.0
rousseau2023_strong_monsoon_starts,584.3999999999979,3.0,3.0,0.0,3.0,7.0
rousseau2023_strong_monsoon_starts,584.599999999998,3.0,3.0,0.0,3.0,7.0
rousseau2023_strong_monsoon_starts,584.7999999999979,3.0,3.0,0.0,3.0,7.0
rousseau2023_strong_monsoon_starts,584.999999999998,3.0,3.0,0.0,3.0,7.0
rousseau2023_strong_monsoon_starts,585.199999999998,3.0,3.0,0.0,3.0,7.0
rousseau2023_strong_monsoon_starts,585.3999999999979,3.0,3.0,0.0,3.0,7.0
rousseau2023_strong_monsoon_starts,585.599999999998,3.0,3.0,0.0,3.0,7.0
rousseau2023_strong_monsoon_starts,585.7999999999979,3.0,3.0,0.0,3.0,7.0
rousseau2023_strong_monsoon_starts,585.999999999998,3.0,3.0,0.0,3.0,7.0
rousseau2023_strong_monsoon_starts,586.199999999998,3.0,3.0,0.0,3.0,7.0
rousseau2023_strong_monsoon_starts,586.3999999999979,3.0,3.0,0.0,3.0,7.0
rousseau2023_strong_monsoon_starts,586.599999999998,3.0,3.0,0.0,3.0,7.0
rousseau2023_strong_monsoon_starts,586.7999999999979,3.0,3.0,0.0,3.0,7.0
rousseau2023_strong_monsoon_starts,586.999999999998,3.0,3.0,0.0,3.0,7.0
rousseau2023_strong_monsoon_starts,587.199999999998,3.0,3.0,0.0,3.0,7.0
rousseau2023_strong_monsoon_starts,587.3999999999979,3.0,3.0,0.0,3.0,7.0
rousseau2023_strong_monsoon_starts,587.599999999998,3.0,3.0,0.0,3.0,7.0
rousseau2023_strong_monsoon_starts,587.7999999999979,3.0,3.0,0.0,3.0,7.0
rousseau2023_strong_monsoon_starts,587.999999999998,3.0,3.0,0.0,3.0,7.0
rousseau2023_strong_monsoon_starts,588.199999999998,3.0,3.0,0.0,3.0,7.0
rousseau2023_strong_monsoon_starts,588.3999999999979,3.0,3.0,0.0,3.0,7.0
rousseau2023_strong_monsoon_starts,588.599999999998,3.0,3.0,0.0,3.0,7.0
rousseau2023_strong_monsoon_starts,588.7999999999979,3.0,3.0,0.0,3.0,7.0
rousseau2023_strong_monsoon_starts,588.999999999998,3.0,3.0,0.0,3.0,7.0
rousseau2023_strong_monsoon_starts,589.199999999998,3.0,3.0,0.0,3.0,7.0
rousseau2023_strong_monsoon_starts,589.3999999999979,3.0,3.0,0.0,3.0,7.0
rousseau2023_strong_monsoon_starts,589.599999999998,3.0,3.0,0.0,3.0,7.0
rousseau2023_strong_monsoon_starts,589.7999999999979,3.0,3.0,0.0,3.0,7.0
rousseau2023_strong_monsoon_starts,589.999999999998,3.0,3.0,0.0,3.0,7.0
rousseau2023_strong_monsoon_starts,590.1999999999979,3.0,3.0,0.0,3.0,7.0
rousseau2023_strong_monsoon_starts,590.3999999999979,2.0,3.0,0.0,3.0,7.0
rousseau2023_strong_monsoon_starts,590.599999999998,2.0,3.0,0.0,3.0,7.0
rousseau2023_strong_monsoon_starts,590.7999999999979,2.0,3.0,0.0,3.0,7.0
rousseau2023_strong_monsoon_starts,590.999999999998,2.0,3.0,0.0,3.0,7.0
rousseau2023_strong_monsoon_starts,591.1999999999979,2.0,3.0,0.0,3.0,7.0
rousseau2023_strong_monsoon_starts,591.3999999999979,2.0,3.0,0.0,3.0,7.0
rousseau2023_strong_monsoon_starts,591.599999999998,2.0,3.0,0.0,3.0,7.0
rousseau2023_strong_monsoon_starts,591.7999999999979,2.0,3.0,0.0,3.0,7.0
rousseau2023_strong_monsoon_starts,591.999999999998,2.0,3.0,0.0,3.0,7.0
rousseau2023_strong_monsoon_starts,592.1999999999979,2.0,3.0,0.0,3.0,7.0
rousseau2023_strong_monsoon_starts,592.3999999999979,2.0,3.0,0.0,3.0,7.0
rousseau2023_strong_monsoon_starts,592.599999999998,2.0,3.0,0.0,3.0,7.0
rousseau2023_strong_monsoon_starts,592.7999999999979,2.0,3.0,0.0,3.0,7.0
rousseau2023_strong_monsoon_starts,592.999999999998,1.0,3.0,0.0,3.0,7.0
rousseau2023_strong_monsoon_starts,593.1999999999979,1.0,3.0,0.0,3.0,7.0
rousseau2023_strong_monsoon_starts,593.3999999999979,1.0,3.0,0.0,3.0,7.0
rousseau2023_strong_monsoon_starts,593.599999999998,1.0,3.0,0.0,3.0,7.0
rousseau2023_strong_monsoon_starts,593.7999999999979,1.0,3.0,0.0,3.0,7.0
rousseau2023_strong_monsoon_starts,593.999999999998,1.0,3.0,0.0,3.0,7.0
rousseau2023_strong_monsoon_starts,594.1999999999979,2.0,3.0,0.0,3.0,7.0
rousseau2023_strong_monsoon_starts,594.3999999999979,2.0,3.0,0.0,3.0,7.0
rousseau2023_strong_monsoon_starts,594.599999999998,2.0,3.0,0.0,3.0,7.0
rousseau2023_strong_monsoon_starts,594.7999999999979,2.0,3.0,0.0,3.0,7.0
rousseau2023_strong_monsoon_starts,594.999999999998,2.0,3.0,0.0,3.0,7.0
rousseau2023_strong_monsoon_starts,595.1999999999979,2.0,3.0,0.0,3.0,7.0
rousseau2023_strong_monsoon_starts,595.3999999999979,2.0,3.0,0.0,3.0,7.0
rousseau2023_strong_monsoon_starts,595.5999999999979,2.0,3.0,0.0,3.0,7.0
rousseau2023_strong_monsoon_starts,595.7999999999979,2.0,3.0,0.0,3.0,7.0
rousseau2023_strong_monsoon_starts,595.999999999998,2.0,3.0,0.0,3.0,7.0
rousseau2023_strong_monsoon_starts,596.1999999999979,2.0,3.0,0.0,3.0,7.0
rousseau2023_strong_monsoon_starts,596.3999999999979,2.0,3.0,0.0,3.0,7.0
rousseau2023_strong_monsoon_starts,596.5999999999979,2.0,3.0,0.0,3.0,7.0
rousseau2023_strong_monsoon_starts,596.7999999999979,2.0,3.0,0.0,3.0,7.0
rousseau2023_strong_monsoon_starts,596.999999999998,2.0,3.0,0.0,3.0,7.0
rousseau2023_strong_monsoon_starts,597.1999999999979,2.0,3.0,0.0,3.0,7.0
rousseau2023_strong_monsoon_starts,597.3999999999979,2.0,3.0,0.0,3.0,7.0
rousseau2023_strong_monsoon_starts,597.5999999999979,2.0,3.0,0.0,3.0,7.0
rousseau2023_strong_monsoon_starts,597.7999999999979,2.0,3.0,0.0,3.0,7.0
rousseau2023_strong_monsoon_starts,597.999999999998,2.0,3.0,0.0,3.0,7.0
rousseau2023_strong_monsoon_starts,598.1999999999979,2.0,3.0,0.0,3.0,7.0
rousseau2023_strong_monsoon_starts,598.3999999999979,2.0,3.0,0.0,3.0,7.0
rousseau2023_strong_monsoon_starts,598.5999999999979,2.0,3.0,0.0,3.0,7.0
rousseau2023_strong_monsoon_starts,598.7999999999979,2.0,3.0,0.0,3.0,7.0
rousseau2023_strong_monsoon_starts,598.999999999998,2.0,3.0,0.0,3.0,7.0
rousseau2023_strong_monsoon_starts,599.1999999999979,2.0,3.0,0.0,3.0,7.0
rousseau2023_strong_monsoon_starts,599.3999999999979,2.0,3.0,0.0,3.0,7.0
rousseau2023_strong_monsoon_starts,599.5999999999979,2.0,3.0,0.0,3.0,7.0
rousseau2023_strong_monsoon_starts,599.7999999999979,2.0,3.0,0.0,3.0,7.0
rousseau2023_strong_monsoon_starts,599.999999999998,2.0,3.0,0.0,3.0,7.0
rousseau2023_strong_monsoon_starts,600.1999999999979,2.0,3.0,0.0,3.0,7.0
rousseau2023_strong_monsoon_starts,600.3999999999979,2.0,3.0,0.0,3.0,7.0
rousseau2023_strong_monsoon_starts,600.5999999999979,2.0,3.0,0.0,3.0,7.0
rousseau2023_strong_monsoon_starts,600.7999999999979,2.0,3.0,0.0,3.0,7.0
rousseau2023_strong_monsoon_starts,600.999999999998,2.0,3.0,0.0,3.0,7.0
rousseau2023_strong_monsoon_starts,601.1999999999979,2.0,3.0,0.0,3.0,7.0
rousseau2023_strong_monsoon_starts,601.3999999999979,2.0,3.0,0.0,3.0,7.0
rousseau2023_strong_monsoon_starts,601.5999999999979,2.0,3.0,0.0,3.0,7.0
rousseau2023_strong_monsoon_starts,601.7999999999979,2.0,3.0,0.0,3.0,7.0
rousseau2023_strong_monsoon_starts,601.999999999998,2.0,3.0,0.0,3.0,7.0
rousseau2023_strong_monsoon_starts,602.1999999999979,2.0,3.0,0.0,3.0,7.0
rousseau2023_strong_monsoon_starts,602.3999999999979,2.0,3.0,0.0,3.0,7.0
rousseau2023_strong_monsoon_starts,602.5999999999979,2.0,3.0,0.0,3.0,7.0
rousseau2023_strong_monsoon_starts,602.7999999999979,2.0,3.0,0.0,3.0,7.0
rousseau2023_strong_monsoon_starts,602.9999999999978,2.0,3.0,0.0,3.0,7.0
rousseau2023_strong_monsoon_starts,603.1999999999979,2.0,3.0,0.0,3.0,7.0
rousseau2023_strong_monsoon_starts,603.3999999999979,2.0,3.0,0.0,3.0,7.0
rousseau2023_strong_monsoon_starts,603.5999999999979,2.0,3.0,0.0,3.0,7.0
rousseau2023_strong_monsoon_starts,603.7999999999979,2.0,3.0,0.0,3.0,7.0
rousseau2023_strong_monsoon_starts,603.9999999999978,1.0,3.0,0.0,3.0,7.0
rousseau2023_strong_monsoon_starts,604.1999999999979,1.0,3.0,0.0,3.0,7.0
rousseau2023_strong_monsoon_starts,604.3999999999979,1.0,3.0,0.0,3.0,7.0
rousseau2023_strong_monsoon_starts,604.5999999999979,1.0,3.0,0.0,3.0,7.0
rousseau2023_strong_monsoon_starts,604.7999999999979,1.0,3.0,0.0,3.0,7.0
rousseau2023_strong_monsoon_starts,604.9999999999978,1.0,3.0,0.0,3.0,7.0
rousseau2023_strong_monsoon_starts,605.1999999999979,1.0,3.0,0.0,3.0,7.0
rousseau2023_strong_monsoon_starts,605.3999999999979,1.0,3.0,0.0,3.0,7.0
rousseau2023_strong_monsoon_starts,605.5999999999979,1.0,3.0,0.0,3.0,7.0
rousseau2023_strong_monsoon_starts,605.7999999999979,1.0,3.0,0.0,3.0,7.0
rousseau2023_strong_monsoon_starts,605.9999999999978,1.0,3.0,0.0,3.0,7.0
rousseau2023_strong_monsoon_starts,606.1999999999979,1.0,3.0,0.0,3.0,7.0
rousseau2023_strong_monsoon_starts,606.3999999999979,1.0,3.0,0.0,3.0,7.0
rousseau2023_strong_monsoon_starts,606.5999999999979,1.0,3.0,0.0,3.0,7.0
rousseau2023_strong_monsoon_starts,606.7999999999979,1.0,3.0,0.0,3.0,7.0
rousseau2023_strong_monsoon_starts,606.9999999999978,1.0,3.0,0.0,3.0,7.0
rousseau2023_strong_monsoon_starts,607.1999999999979,1.0,3.0,0.0,3.0,7.0
rousseau2023_strong_monsoon_starts,607.3999999999979,1.0,3.0,0.0,3.0,7.0
rousseau2023_strong_monsoon_starts,607.5999999999979,1.0,3.0,0.0,3.0,7.0
rousseau2023_strong_monsoon_starts,607.7999999999979,1.0,3.0,0.0,3.0,7.0
rousseau2023_strong_monsoon_starts,607.9999999999978,1.0,3.0,0.0,3.0,7.0
rousseau2023_strong_monsoon_starts,608.1999999999979,1.0,3.0,0.0,3.0,7.0
rousseau2023_strong_monsoon_starts,608.3999999999978,1.0,3.0,0.0,3.0,7.0
rousseau2023_strong_monsoon_starts,608.5999999999979,1.0,3.0,0.0,3.0,7.0
rousseau2023_strong_monsoon_starts,608.7999999999979,1.0,3.0,0.0,3.0,7.0
rousseau2023_strong_monsoon_starts,608.9999999999978,1.0,3.0,0.0,3.0,7.0
rousseau2023_strong_monsoon_starts,609.1999999999979,1.0,3.0,0.0,3.0,7.0
rousseau2023_strong_monsoon_starts,609.3999999999978,1.0,3.0,0.0,3.0,7.0
rousseau2023_strong_monsoon_starts,609.5999999999979,1.0,3.0,0.0,3.0,7.0
rousseau2023_strong_monsoon_starts,609.7999999999979,1.0,3.0,0.0,3.0,7.0
rousseau2023_strong_monsoon_starts,609.9999999999978,1.0,3.0,0.0,3.0,7.0
rousseau2023_strong_monsoon_starts,610.1999999999979,1.0,3.0,0.0,3.0,7.0
rousseau2023_strong_monsoon_starts,610.3999999999978,1.0,3.0,0.0,3.0,7.0
rousseau2023_strong_monsoon_starts,610.5999999999979,1.0,3.0,0.0,3.0,7.0
rousseau2023_strong_monsoon_starts,610.7999999999979,1.0,3.0,0.0,3.0,7.0
rousseau2023_strong_monsoon_starts,610.9999999999978,1.0,3.0,0.0,3.0,7.0
rousseau2023_strong_monsoon_starts,611.1999999999979,1.0,3.0,0.0,3.0,7.0
rousseau2023_strong_monsoon_starts,611.3999999999978,1.0,3.0,0.0,3.0,7.0
rousseau2023_strong_monsoon_starts,611.5999999999979,1.0,3.0,0.0,3.0,7.0
rousseau2023_strong_monsoon_starts,611.7999999999979,1.0,3.0,0.0,3.0,7.0
rousseau2023_strong_monsoon_starts,611.9999999999978,1.0,3.0,0.0,3.0,7.0
rousseau2023_strong_monsoon_starts,612.1999999999979,1.0,3.0,0.0,3.0,7.0
rousseau2023_strong_monsoon_starts,612.3999999999978,1.0,3.0,0.0,3.0,7.0
rousseau2023_strong_monsoon_starts,612.5999999999979,1.0,3.0,0.0,3.0,7.0
rousseau2023_strong_monsoon_starts,612.7999999999979,1.0,3.0,0.0,3.0,7.0
rousseau2023_strong_monsoon_starts,612.9999999999978,1.0,3.0,0.0,3.0,7.0
rousseau2023_strong_monsoon_starts,613.1999999999979,1.0,3.0,0.0,3.0,7.0
rousseau2023_strong_monsoon_starts,613.3999999999978,1.0,3.0,0.0,3.0,7.0
rousseau2023_strong_monsoon_starts,613.5999999999979,1.0,3.0,0.0,3.0,7.0
rousseau2023_strong_monsoon_starts,613.7999999999979,1.0,3.0,0.0,3.0,7.0
rousseau2023_strong_monsoon_starts,613.9999999999978,1.0,3.0,0.0,3.0,7.0
rousseau2023_strong_monsoon_starts,614.1999999999979,0.0,3.0,0.0,3.0,7.0
rousseau2023_strong_monsoon_starts,614.3999999999978,0.0,3.0,0.0,3.0,7.0
rousseau2023_strong_monsoon_starts,614.5999999999979,0.0,3.0,0.0,3.0,7.0
rousseau2023_strong_monsoon_starts,614.7999999999979,0.0,3.0,0.0,3.0,7.0
rousseau2023_strong_monsoon_starts,614.9999999999978,0.0,3.0,0.0,3.0,7.0
rousseau2023_strong_monsoon_starts,615.1999999999979,0.0,3.0,0.0,3.0,7.0
rousseau2023_strong_monsoon_starts,615.3999999999978,0.0,3.0,0.0,3.0,7.0
rousseau2023_strong_monsoon_starts,615.5999999999979,0.0,3.0,0.0,3.0,7.0
rousseau2023_strong_monsoon_starts,615.7999999999978,1.0,3.0,0.0,3.0,7.0
rousseau2023_strong_monsoon_starts,615.9999999999978,1.0,3.0,0.0,3.0,7.0
rousseau2023_strong_monsoon_starts,616.1999999999979,1.0,3.0,0.0,3.0,7.0
rousseau2023_strong_monsoon_starts,616.3999999999978,1.0,3.0,0.0,3.0,7.0
rousseau2023_strong_monsoon_starts,616.5999999999979,1.0,3.0,0.0,3.0,7.0
rousseau2023_strong_monsoon_starts,616.7999999999978,1.0,3.0,0.0,3.0,7.0
rousseau2023_strong_monsoon_starts,616.9999999999978,1.0,3.0,0.0,3.0,7.0
rousseau2023_strong_monsoon_starts,617.1999999999979,1.0,3.0,0.0,3.0,7.0
rousseau2023_strong_monsoon_starts,617.3999999999978,1.0,3.0,0.0,3.0,7.0
rousseau2023_strong_monsoon_starts,617.5999999999979,2.0,3.0,0.0,3.0,7.0
rousseau2023_strong_monsoon_starts,617.7999999999978,2.0,3.0,0.0,3.0,7.0
rousseau2023_strong_monsoon_starts,617.9999999999978,2.0,3.0,0.0,3.0,7.0
rousseau2023_strong_monsoon_starts,618.1999999999979,2.0,3.0,0.0,3.0,7.0
rousseau2023_strong_monsoon_starts,618.3999999999978,2.0,3.0,0.0,3.0,7.0
rousseau2023_strong_monsoon_starts,618.5999999999979,2.0,3.0,0.0,3.0,7.0
rousseau2023_strong_monsoon_starts,618.7999999999978,2.0,3.0,0.0,3.0,7.0
rousseau2023_strong_monsoon_starts,618.9999999999978,2.0,3.0,0.0,3.0,7.0
rousseau2023_strong_monsoon_starts,619.1999999999979,2.0,3.0,0.0,3.0,7.0
rousseau2023_strong_monsoon_starts,619.3999999999978,2.0,3.0,0.0,3.0,7.0
rousseau2023_strong_monsoon_starts,619.5999999999979,2.0,3.0,0.0,3.0,7.0
rousseau2023_strong_monsoon_starts,619.7999999999978,2.0,3.0,0.0,3.0,7.0
rousseau2023_strong_monsoon_starts,619.9999999999978,2.0,3.0,0.0,3.0,7.0
rousseau2023_strong_monsoon_starts,620.1999999999979,3.0,3.0,0.0,3.0,7.0
rousseau2023_strong_monsoon_starts,620.3999999999978,3.0,3.0,0.0,3.0,7.0
rousseau2023_strong_monsoon_starts,620.5999999999979,3.0,3.0,0.0,3.0,7.0
rousseau2023_strong_monsoon_starts,620.7999999999978,3.0,3.0,0.0,3.0,7.0
rousseau2023_strong_monsoon_starts,620.9999999999978,3.0,3.0,0.0,3.0,7.0
rousseau2023_strong_monsoon_starts,621.1999999999978,3.0,3.0,0.0,3.0,7.0
rousseau2023_strong_monsoon_starts,621.3999999999978,3.0,3.0,0.0,3.0,7.0
rousseau2023_strong_monsoon_starts,621.5999999999979,3.0,3.0,0.0,3.0,7.0
rousseau2023_strong_monsoon_starts,621.7999999999978,3.0,3.0,0.0,3.0,7.0
rousseau2023_strong_monsoon_starts,621.9999999999978,3.0,3.0,0.0,3.0,7.0
rousseau2023_strong_monsoon_starts,622.1999999999978,3.0,3.0,0.0,3.0,7.0
rousseau2023_strong_monsoon_starts,622.3999999999978,3.0,3.0,0.0,3.0,7.0
rousseau2023_strong_monsoon_starts,622.5999999999979,3.0,3.0,0.0,3.0,7.0
rousseau2023_strong_monsoon_starts,622.7999999999978,3.0,3.0,0.0,3.0,7.0
rousseau2023_strong_monsoon_starts,622.9999999999978,3.0,3.0,0.0,3.0,7.0
rousseau2023_strong_monsoon_starts,623.1999999999978,3.0,3.0,0.0,3.0,7.0
rousseau2023_strong_monsoon_starts,623.3999999999978,4.0,3.0,0.0,3.0,7.0
rousseau2023_strong_monsoon_starts,623.5999999999979,4.0,3.0,0.0,3.0,7.0
rousseau2023_strong_monsoon_starts,623.7999999999978,4.0,3.0,0.0,3.0,7.0
rousseau2023_strong_monsoon_starts,623.9999999999978,4.0,3.0,0.0,3.0,7.0
rousseau2023_strong_monsoon_starts,624.1999999999978,4.0,3.0,0.0,3.0,7.0
rousseau2023_strong_monsoon_starts,624.3999999999978,4.0,3.0,0.0,3.0,7.0
rousseau2023_strong_monsoon_starts,624.5999999999979,4.0,3.0,0.0,3.0,7.0
rousseau2023_strong_monsoon_starts,624.7999999999978,4.0,3.0,0.0,3.0,7.0
rousseau2023_strong_monsoon_starts,624.9999999999978,4.0,3.0,0.0,3.0,7.0
rousseau2023_strong_monsoon_starts,625.1999999999978,4.0,3.0,0.0,3.0,7.0
rousseau2023_strong_monsoon_starts,625.3999999999978,4.0,3.0,0.0,3.0,7.0
rousseau2023_strong_monsoon_starts,625.5999999999979,4.0,3.0,0.0,3.0,7.0
rousseau2023_strong_monsoon_starts,625.7999999999978,4.0,3.0,0.0,3.0,7.0
rousseau2023_strong_monsoon_starts,625.9999999999978,4.0,3.0,0.0,3.0,7.0
rousseau2023_strong_monsoon_starts,626.1999999999978,4.0,3.0,0.0,3.0,7.0
rousseau2023_strong_monsoon_starts,626.3999999999978,4.0,3.0,0.0,3.0,7.0
rousseau2023_strong_monsoon_starts,626.5999999999979,4.0,3.0,0.0,3.0,7.0
rousseau2023_strong_monsoon_starts,626.7999999999978,4.0,3.0,0.0,3.0,7.0
rousseau2023_strong_monsoon_starts,626.9999999999978,4.0,3.0,0.0,3.0,7.0
rousseau2023_strong_monsoon_starts,627.1999999999978,4.0,3.0,0.0,3.0,7.0
rousseau2023_strong_monsoon_starts,627.3999999999978,4.0,3.0,0.0,3.0,7.0
rousseau2023_strong_monsoon_starts,627.5999999999979,4.0,3.0,0.0,3.0,7.0
rousseau2023_strong_monsoon_starts,627.7999999999978,4.0,3.0,0.0,3.0,7.0
rousseau2023_strong_monsoon_starts,627.9999999999978,4.0,3.0,0.0,3.0,7.0
rousseau2023_strong_monsoon_starts,628.1999999999978,5.0,3.0,0.0,3.0,7.0
rousseau2023_strong_monsoon_starts,628.3999999999978,5.0,3.0,0.0,3.0,7.0
rousseau2023_strong_monsoon_starts,628.5999999999977,5.0,3.0,0.0,3.0,7.0
rousseau2023_strong_monsoon_starts,628.7999999999978,5.0,3.0,0.0,3.0,7.0
rousseau2023_strong_monsoon_starts,628.9999999999978,5.0,3.0,0.0,3.0,7.0
rousseau2023_strong_monsoon_starts,629.1999999999978,5.0,3.0,0.0,3.0,7.0
rousseau2023_strong_monsoon_starts,629.3999999999978,5.0,3.0,0.0,3.0,7.0
rousseau2023_strong_monsoon_starts,629.5999999999977,5.0,3.0,0.0,3.0,7.0
rousseau2023_strong_monsoon_starts,629.7999999999978,5.0,3.0,0.0,3.0,7.0
rousseau2023_strong_monsoon_starts,629.9999999999978,5.0,3.0,0.0,3.0,7.0
rousseau2023_weak_monsoon_starts,10.0,3.0,2.9375,0.0,3.0,7.0
rousseau2023_weak_monsoon_starts,10.2,3.0,2.9375,0.0,3.0,7.0
rousseau2023_weak_monsoon_starts,10.399999999999999,3.0,2.9375,0.0,3.0,7.0
rousseau2023_weak_monsoon_starts,10.599999999999998,3.0,2.9375,0.0,3.0,7.0
rousseau2023_weak_monsoon_starts,10.799999999999997,3.0,2.9375,0.0,3.0,7.0
rousseau2023_weak_monsoon_starts,10.999999999999996,3.0,2.9375,0.0,3.0,7.0
rousseau2023_weak_monsoon_starts,11.199999999999996,3.0,2.9375,0.0,3.0,7.0
rousseau2023_weak_monsoon_starts,11.399999999999995,3.0,2.9375,0.0,3.0,7.0
rousseau2023_weak_monsoon_starts,11.599999999999994,3.0,2.9375,0.0,3.0,7.0
rousseau2023_weak_monsoon_starts,11.799999999999994,3.0,2.9375,0.0,3.0,7.0
rousseau2023_weak_monsoon_starts,11.999999999999993,3.0,2.9375,0.0,3.0,7.0
rousseau2023_weak_monsoon_starts,12.199999999999992,3.0,2.9375,0.0,3.0,7.0
rousseau2023_weak_monsoon_starts,12.399999999999991,3.0,2.9375,0.0,3.0,7.0
rousseau2023_weak_monsoon_starts,12.59999999999999,3.0,2.9375,0.0,3.0,7.0
rousseau2023_weak_monsoon_starts,12.79999999999999,3.0,2.9375,0.0,3.0,7.0
rousseau2023_weak_monsoon_starts,12.99999999999999,3.0,2.9375,0.0,3.0,7.0
rousseau2023_weak_monsoon_starts,13.199999999999989,3.0,2.9375,0.0,3.0,7.0
rousseau2023_weak_monsoon_starts,13.399999999999988,3.0,2.9375,0.0,3.0,7.0
rousseau2023_weak_monsoon_starts,13.599999999999987,2.0,2.9375,0.0,3.0,7.0
rousseau2023_weak_monsoon_starts,13.799999999999986,2.0,2.9375,0.0,3.0,7.0
rousseau2023_weak_monsoon_starts,13.999999999999986,2.0,2.9375,0.0,3.0,7.0
rousseau2023_weak_monsoon_starts,14.199999999999985,2.0,2.9375,0.0,3.0,7.0
rousseau2023_weak_monsoon_starts,14.399999999999984,2.0,2.9375,0.0,3.0,7.0
rousseau2023_weak_monsoon_starts,14.599999999999984,3.0,2.9375,0.0,3.0,7.0
rousseau2023_weak_monsoon_starts,14.799999999999983,3.0,2.9375,0.0,3.0,7.0
rousseau2023_weak_monsoon_starts,14.999999999999982,3.0,2.9375,0.0,3.0,7.0
rousseau2023_weak_monsoon_starts,15.199999999999982,3.0,2.9375,0.0,3.0,7.0
rousseau2023_weak_monsoon_starts,15.39999999999998,3.0,2.9375,0.0,3.0,7.0
rousseau2023_weak_monsoon_starts,15.59999999999998,3.0,2.9375,0.0,3.0,7.0
rousseau2023_weak_monsoon_starts,15.79999999999998,3.0,2.9375,0.0,3.0,7.0
rousseau2023_weak_monsoon_starts,15.999999999999979,3.0,2.9375,0.0,3.0,6.0
rousseau2023_weak_monsoon_starts,16.199999999999978,3.0,2.9375,0.0,3.0,6.0
rousseau2023_weak_monsoon_starts,16.399999999999977,3.0,2.9375,0.0,3.0,7.0
rousseau2023_weak_monsoon_starts,16.599999999999977,3.0,2.9375,0.0,3.0,7.0
rousseau2023_weak_monsoon_starts,16.799999999999976,4.0,2.9375,0.0,3.0,7.0
rousseau2023_weak_monsoon_starts,16.999999999999975,4.0,2.9375,0.0,3.0,7.0
rousseau2023_weak_monsoon_starts,17.199999999999974,4.0,2.9375,0.0,3.0,7.0
rousseau2023_weak_monsoon_starts,17.399999999999974,4.0,2.9375,0.0,3.0,7.0
rousseau2023_weak_monsoon_starts,17.599999999999973,5.0,2.9375,0.0,3.0,7.0
rousseau2023_weak_monsoon_starts,17.799999999999972,5.0,2.9375,0.0,3.0,7.0
rousseau2023_weak_monsoon_starts,17.99999999999997,5.0,2.9375,0.0,3.0,7.0
rousseau2023_weak_monsoon_starts,18.19999999999997,5.0,2.9375,0.0,3.0,7.0
rousseau2023_weak_monsoon_starts,18.39999999999997,5.0,2.9375,0.0,3.0,7.0
rousseau2023_weak_monsoon_starts,18.59999999999997,5.0,2.9375,0.0,3.0,7.0
rousseau2023_weak_monsoon_starts,18.79999999999997,6.0,2.9375,0.0,3.0,7.0
rousseau2023_weak_monsoon_starts,18.999999999999968,6.0,2.9375,0.0,3.0,7.0
rousseau2023_weak_monsoon_starts,19.199999999999967,6.0,2.9375,0.0,3.0,7.0
rousseau2023_weak_monsoon_starts,19.399999999999967,6.0,2.9375,0.0,3.0,7.0
rousseau2023_weak_monsoon_starts,19.599999999999966,6.0,2.9375,0.0,3.0,7.0
rousseau2023_weak_monsoon_starts,19.799999999999965,6.0,2.9375,0.0,3.0,7.0
rousseau2023_weak_monsoon_starts,19.999999999999964,6.0,2.9375,0.0,3.0,7.0
rousseau2023_weak_monsoon_starts,20.199999999999964,6.0,2.9375,0.0,3.0,7.0
rousseau2023_weak_monsoon_starts,20.399999999999963,6.0,2.9375,0.0,3.0,7.0
rousseau2023_weak_monsoon_starts,20.599999999999962,7.0,2.9375,0.0,3.0,7.0
rousseau2023_weak_monsoon_starts,20.79999999999996,7.0,2.9375,0.0,3.0,7.0
rousseau2023_weak_monsoon_starts,20.99999999999996,7.0,2.9375,0.0,3.0,6.0
rousseau2023_weak_monsoon_starts,21.19999999999996,7.0,2.9375,0.0,3.0,6.0
rousseau2023_weak_monsoon_starts,21.39999999999996,7.0,2.9375,0.0,3.0,7.0
rousseau2023_weak_monsoon_starts,21.59999999999996,7.0,2.9375,0.0,3.0,6.0249023
rousseau2023_weak_monsoon_starts,21.799999999999958,7.0,2.9375,0.0,3.0,6.0
rousseau2023_weak_monsoon_starts,21.999999999999957,8.0,2.9375,0.0,3.0,6.0
rousseau2023_weak_monsoon_starts,22.199999999999957,8.0,2.9375,0.0,3.0,6.0
rousseau2023_weak_monsoon_starts,22.399999999999956,8.0,2.9375,0.0,3.0,6.0
rousseau2023_weak_monsoon_starts,22.599999999999955,8.0,2.9375,0.0,3.0,6.0
rousseau2023_weak_monsoon_starts,22.799999999999955,7.0,2.9375,0.0,3.0,6.0
rousseau2023_weak_monsoon_starts,22.999999999999954,7.0,2.9375,0.0,3.0,6.0249023
rousseau2023_weak_monsoon_starts,23.199999999999953,7.0,2.9375,0.0,3.0,7.0
rousseau2023_weak_monsoon_starts,23.399999999999952,7.0,2.9375,0.0,3.0,7.0
rousseau2023_weak_monsoon_starts,23.59999999999995,8.0,2.9375,0.0,3.0,7.0
rousseau2023_weak_monsoon_starts,23.79999999999995,8.0,2.9375,0.0,3.0,7.0
rousseau2023_weak_monsoon_starts,23.99999999999995,8.0,2.9375,0.0,3.0,7.0
rousseau2023_weak_monsoon_starts,24.19999999999995,8.0,2.9375,0.0,3.0,7.0
rousseau2023_weak_monsoon_starts,24.39999999999995,8.0,2.9375,0.0,3.0,7.0
rousseau2023_weak_monsoon_starts,24.599999999999948,8.0,2.9375,0.0,3.0,7.0
rousseau2023_weak_monsoon_starts,24.799999999999947,9.0,2.9375,0.0,3.0,7.0
rousseau2023_weak_monsoon_starts,24.999999999999947,9.0,2.9375,0.0,3.0,7.0
rousseau2023_weak_monsoon_starts,25.199999999999946,9.0,2.9375,0.0,3.0,7.0
rousseau2023_weak_monsoon_starts,25.399999999999945,9.0,2.9375,0.0,3.0,7.0
rousseau2023_weak_monsoon_starts,25.599999999999945,9.0,2.9375,0.0,3.0,7.0
rousseau2023_weak_monsoon_starts,25.799999999999944,9.0,2.9375,0.0,3.0,7.0
rousseau2023_weak_monsoon_starts,25.999999999999943,9.0,2.9375,0.0,3.0,7.0
rousseau2023_weak_monsoon_starts,26.199999999999942,9.0,2.9375,0.0,3.0,7.0
rousseau2023_weak_monsoon_starts,26.39999999999994,9.0,2.9375,0.0,3.0,7.0
rousseau2023_weak_monsoon_starts,26.59999999999994,9.0,2.9375,0.0,3.0,7.0
rousseau2023_weak_monsoon_starts,26.79999999999994,10.0,2.9375,0.0,3.0,7.0
rousseau2023_weak_monsoon_starts,26.99999999999994,10.0,2.9375,0.0,3.0,7.0
rousseau2023_weak_monsoon_starts,27.19999999999994,10.0,2.9375,0.0,3.0,7.0
rousseau2023_weak_monsoon_starts,27.399999999999938,10.0,2.9375,0.0,3.0,7.0
rousseau2023_weak_monsoon_starts,27.599999999999937,10.0,2.9375,0.0,3.0,7.0
rousseau2023_weak_monsoon_starts,27.799999999999937,10.0,2.9375,0.0,3.0,7.0
rousseau2023_weak_monsoon_starts,27.999999999999936,9.0,2.9375,0.0,3.0,7.0
rousseau2023_weak_monsoon_starts,28.199999999999935,9.0,2.9375,0.0,3.0,7.0
rousseau2023_weak_monsoon_starts,28.399999999999935,9.0,2.9375,0.0,3.0,7.0
rousseau2023_weak_monsoon_starts,28.599999999999934,9.0,2.9375,0.0,3.0,7.0
rousseau2023_weak_monsoon_starts,28.799999999999933,9.0,2.9375,0.0,3.0,7.0
rousseau2023_weak_monsoon_starts,28.999999999999932,9.0,2.9375,0.0,3.0,7.0
rousseau2023_weak_monsoon_starts,29.199999999999932,9.0,2.9375,0.0,3.0,7.0
rousseau2023_weak_monsoon_starts,29.39999999999993,9.0,2.9375,0.0,3.0,7.0
rousseau2023_weak_monsoon_starts,29.59999999999993,9.0,2.9375,0.0,3.0,7.0
rousseau2023_weak_monsoon_starts,29.79999999999993,9.0,2.9375,0.0,3.0,7.0
rousseau2023_weak_monsoon_starts,29.99999999999993,10.0,2.9375,0.0,3.0,7.0
rousseau2023_weak_monsoon_starts,30.19999999999993,10.0,2.9375,0.0,3.0,7.0
rousseau2023_weak_monsoon_starts,30.399999999999928,10.0,2.9375,0.0,3.0,7.0
rousseau2023_weak_monsoon_starts,30.599999999999927,10.0,2.9375,0.0,3.0,7.0
rousseau2023_weak_monsoon_starts,30.799999999999926,10.0,2.9375,0.0,3.0,7.0
rousseau2023_weak_monsoon_starts,30.999999999999925,10.0,2.9375,0.0,3.0,7.0
rousseau2023_weak_monsoon_starts,31.199999999999925,10.0,2.9375,0.0,3.0,7.0
rousseau2023_weak_monsoon_starts,31.399999999999924,10.0,2.9375,0.0,3.0,7.0
rousseau2023_weak_monsoon_starts,31.599999999999923,10.0,2.9375,0.0,3.0,7.0
rousseau2023_weak_monsoon_starts,31.799999999999923,10.0,2.9375,0.0,3.0,7.0
rousseau2023_weak_monsoon_starts,31.999999999999922,10.0,2.9375,0.0,3.0,7.0
rousseau2023_weak_monsoon_starts,32.19999999999992,10.0,2.9375,0.0,3.0,7.0
rousseau2023_weak_monsoon_starts,32.39999999999992,10.0,2.9375,0.0,3.0,7.0
rousseau2023_weak_monsoon_starts,32.59999999999992,11.0,2.9375,0.0,3.0,7.0
rousseau2023_weak_monsoon_starts,32.79999999999992,11.0,2.9375,0.0,3.0,7.0
rousseau2023_weak_monsoon_starts,32.999999999999915,11.0,2.9375,0.0,3.0,7.0
rousseau2023_weak_monsoon_starts,33.19999999999992,11.0,2.9375,0.0,3.0,7.0
rousseau2023_weak_monsoon_starts,33.39999999999992,11.0,2.9375,0.0,3.0,7.0
rousseau2023_weak_monsoon_starts,33.599999999999916,11.0,2.9375,0.0,3.0,7.0
rousseau2023_weak_monsoon_starts,33.79999999999991,11.0,2.9375,0.0,3.0,7.0
rousseau2023_weak_monsoon_starts,33.999999999999915,11.0,2.9375,0.0,3.0,7.0
rousseau2023_weak_monsoon_starts,34.19999999999992,11.0,2.9375,0.0,3.0,7.0
rousseau2023_weak_monsoon_starts,34.39999999999991,11.0,2.9375,0.0,3.0,7.0
rousseau2023_weak_monsoon_starts,34.59999999999991,11.0,2.9375,0.0,3.0,7.0
rousseau2023_weak_monsoon_starts,34.79999999999991,11.0,2.9375,0.0,3.0,7.0
rousseau2023_weak_monsoon_starts,34.999999999999915,11.0,2.9375,0.0,3.0,7.0
rousseau2023_weak_monsoon_starts,35.19999999999991,11.0,2.9375,0.0,3.0,7.0
rousseau2023_weak_monsoon_starts,35.399999999999906,11.0,2.9375,0.0,3.0,7.0
rousseau2023_weak_monsoon_starts,35.59999999999991,11.0,2.9375,0.0,3.0,7.0
rousseau2023_weak_monsoon_starts,35.79999999999991,12.0,2.9375,0.0,3.0,7.0
rousseau2023_weak_monsoon_starts,35.99999999999991,12.0,2.9375,0.0,3.0,7.0
rousseau2023_weak_monsoon_starts,36.1999999999999,12.0,2.9375,0.0,3.0,7.0
rousseau2023_weak_monsoon_starts,36.399999999999906,12.0,2.9375,0.0,3.0,7.0
rousseau2023_weak_monsoon_starts,36.59999999999991,12.0,2.9375,0.0,3.0,7.0
rousseau2023_weak_monsoon_starts,36.799999999999905,11.0,2.9375,0.0,3.0,7.0
rousseau2023_weak_monsoon_starts,36.9999999999999,11.0,2.9375,0.0,3.0,7.0
rousseau2023_weak_monsoon_starts,37.1999999999999,11.0,2.9375,0.0,3.0,7.0
rousseau2023_weak_monsoon_starts,37.399999999999906,11.0,2.9375,0.0,3.0,7.0
rousseau2023_weak_monsoon_starts,37.5999999999999,10.0,2.9375,0.0,3.0,7.0
rousseau2023_weak_monsoon_starts,37.7999999999999,10.0,2.9375,0.0,3.0,7.0
rousseau2023_weak_monsoon_starts,37.9999999999999,10.0,2.9375,0.0,3.0,7.0
rousseau2023_weak_monsoon_starts,38.1999999999999,10.0,2.9375,0.0,3.0,7.0
rousseau2023_weak_monsoon_starts,38.3999999999999,10.0,2.9375,0.0,3.0,7.0
rousseau2023_weak_monsoon_starts,38.599999999999895,11.0,2.9375,0.0,3.0,7.0
rousseau2023_weak_monsoon_starts,38.7999999999999,10.0,2.9375,0.0,3.0,6.0
rousseau2023_weak_monsoon_starts,38.9999999999999,11.0,2.9375,0.0,3.0,6.0
rousseau2023_weak_monsoon_starts,39.199999999999896,11.0,2.9375,0.0,3.0,6.0249023
rousseau2023_weak_monsoon_starts,39.39999999999989,11.0,2.9375,0.0,3.0,7.0
rousseau2023_weak_monsoon_starts,39.599999999999895,11.0,2.9375,0.0,3.0,7.0
rousseau2023_weak_monsoon_starts,39.7999999999999,11.0,2.9375,0.0,3.0,7.0
rousseau2023_weak_monsoon_starts,39.99999999999989,11.0,2.9375,0.0,3.0,7.0
rousseau2023_weak_monsoon_starts,40.19999999999989,11.0,2.9375,0.0,3.0,7.0
rousseau2023_weak_monsoon_starts,40.39999999999989,11.0,2.9375,0.0,3.0,7.0
rousseau2023_weak_monsoon_starts,40.599999999999895,10.0,2.9375,0.0,3.0,7.0
rousseau2023_weak_monsoon_starts,40.79999999999989,10.0,2.9375,0.0,3.0,7.0
rousseau2023_weak_monsoon_starts,40.999999999999886,10.0,2.9375,0.0,3.0,7.0
rousseau2023_weak_monsoon_starts,41.19999999999989,10.0,2.9375,0.0,3.0,7.0
rousseau2023_weak_monsoon_starts,41.39999999999989,10.0,2.9375,0.0,3.0,6.0
rousseau2023_weak_monsoon_starts,41.59999999999989,10.0,2.9375,0.0,3.0,6.0
rousseau2023_weak_monsoon_starts,41.79999999999988,10.0,2.9375,0.0,3.0,6.0
rousseau2023_weak_monsoon_starts,41.999999999999886,9.0,2.9375,0.0,3.0,6.0249023
rousseau2023_weak_monsoon_starts,42.19999999999989,9.0,2.9375,0.0,3.0,7.0
rousseau2023_weak_monsoon_starts,42.399999999999885,9.0,2.9375,0.0,3.0,7.0
rousseau2023_weak_monsoon_starts,42.59999999999988,9.0,2.9375,0.0,3.0,6.0
rousseau2023_weak_monsoon_starts,42.79999999999988,9.0,2.9375,0.0,3.0,6.0
rousseau2023_weak_monsoon_starts,42.999999999999886,9.0,2.9375,0.0,3.0,6.0
rousseau2023_weak_monsoon_starts,43.19999999999988,9.0,2.9375,0.0,3.0,6.0
rousseau2023_weak_monsoon_starts,43.39999999999988,9.0,2.9375,0.0,3.0,6.0
rousseau2023_weak_monsoon_starts,43.59999999999988,8.0,2.9375,0.0,3.0,7.0
rousseau2023_weak_monsoon_starts,43.79999999999988,8.0,2.9375,0.0,3.0,7.0
rousseau2023_weak_monsoon_starts,43.99999999999988,8.0,2.9375,0.0,3.0,7.0
rousseau2023_weak_monsoon_starts,44.199999999999875,8.0,2.9375,0.0,3.0,7.0
rousseau2023_weak_monsoon_starts,44.39999999999988,8.0,2.9375,0.0,3.0,7.0
rousseau2023_weak_monsoon_starts,44.59999999999988,8.0,2.9375,0.0,3.0,7.0
rousseau2023_weak_monsoon_starts,44.799999999999876,7.0,2.9375,0.0,3.0,7.0
rousseau2023_weak_monsoon_starts,44.99999999999987,7.0,2.9375,0.0,3.0,7.0
rousseau2023_weak_monsoon_starts,45.199999999999875,7.0,2.9375,0.0,3.0,7.0
rousseau2023_weak_monsoon_starts,45.39999999999988,8.0,2.9375,0.0,3.0,7.0
rousseau2023_weak_monsoon_starts,45.59999999999987,8.0,2.9375,0.0,3.0,7.0
rousseau2023_weak_monsoon_starts,45.79999999999987,8.0,2.9375,0.0,3.0,7.0
rousseau2023_weak_monsoon_starts,45.99999999999987,8.0,2.9375,0.0,3.0,7.0
rousseau2023_weak_monsoon_starts,46.199999999999875,8.0,2.9375,0.0,3.0,7.0
rousseau2023_weak_monsoon_starts,46.39999999999987,9.0,2.9375,0.0,3.0,7.0
rousseau2023_weak_monsoon_starts,46.599999999999866,9.0,2.9375,0.0,3.0,6.0
rousseau2023_weak_monsoon_starts,46.79999999999987,8.0,2.9375,0.0,3.0,6.0
rousseau2023_weak_monsoon_starts,46.99999999999987,8.0,2.9375,0.0,3.0,7.0
rousseau2023_weak_monsoon_starts,47.19999999999987,8.0,2.9375,0.0,3.0,6.0249023
rousseau2023_weak_monsoon_starts,47.399999999999864,8.0,2.9375,0.0,3.0,6.0249023
rousseau2023_weak_monsoon_starts,47.599999999999866,8.0,2.9375,0.0,3.0,6.0
rousseau2023_weak_monsoon_starts,47.79999999999987,8.0,2.9375,0.0,3.0,6.0
rousseau2023_weak_monsoon_starts,47.999999999999865,8.0,2.9375,0.0,3.0,6.0
rousseau2023_weak_monsoon_starts,48.19999999999986,8.0,2.9375,0.0,3.0,6.0249023
rousseau2023_weak_monsoon_starts,48.399999999999864,8.0,2.9375,0.0,3.0,7.0
rousseau2023_weak_monsoon_starts,48.599999999999866,8.0,2.9375,0.0,3.0,7.0
rousseau2023_weak_monsoon_starts,48.79999999999986,8.0,2.9375,0.0,3.0,6.0249023
rousseau2023_weak_monsoon_starts,48.99999999999986,8.0,2.9375,0.0,3.0,7.0
rousseau2023_weak_monsoon_starts,49.19999999999986,8.0,2.9375,0.0,3.0,6.0
rousseau2023_weak_monsoon_starts,49.399999999999864,8.0,2.9375,0.0,3.0,6.0
rousseau2023_weak_monsoon_starts,49.59999999999986,8.0,2.9375,0.0,3.0,6.0
rousseau2023_weak_monsoon_starts,49.799999999999855,8.0,2.9375,0.0,3.0,6.0
rousseau2023_weak_monsoon_starts,49.99999999999986,7.0,2.9375,0.0,3.0,6.0
rousseau2023_weak_monsoon_starts,50.19999999999986,7.0,2.9375,0.0,3.0,6.0
rousseau2023_weak_monsoon_starts,50.39999999999986,7.0,2.9375,0.0,3.0,6.0
rousseau2023_weak_monsoon_starts,50.59999999999985,7.0,2.9375,0.0,3.0,6.0
rousseau2023_weak_monsoon_starts,50.799999999999855,7.0,2.9375,0.0,3.0,6.0
rousseau2023_weak_monsoon_starts,50.99999999999986,7.0,2.9375,0.0,3.0,6.0
rousseau2023_weak_monsoon_starts,51.199999999999854,7.0,2.9375,0.0,3.0,7.0
rousseau2023_weak_monsoon_starts,51.39999999999985,7.0,2.9375,0.0,3.0,6.0
rousseau2023_weak_monsoon_starts,51.59999999999985,7.0,2.9375,0.0,3.0,6.0
rousseau2023_weak_monsoon_starts,51.799999999999855,7.0,2.9375,0.0,3.0,6.0
rousseau2023_weak_monsoon_starts,51.99999999999985,7.0,2.9375,0.0,3.0,6.0
rousseau2023_weak_monsoon_starts,52.19999999999985,7.0,2.9375,0.0,3.0,6.0
rousseau2023_weak_monsoon_starts,52.39999999999985,7.0,2.9375,0.0,3.0,6.0
rousseau2023_weak_monsoon_starts,52.59999999999985,6.0,2.9375,0.0,3.0,6.0
rousseau2023_weak_monsoon_starts,52.79999999999985,6.0,2.9375,0.0,3.0,6.0
rousseau2023_weak_monsoon_starts,52.999999999999844,6.0,2.9375,0.0,3.0,6.0
rousseau2023_weak_monsoon_starts,53.19999999999985,6.0,2.9375,0.0,3.0,6.0
rousseau2023_weak_monsoon_starts,53.39999999999985,6.0,2.9375,0.0,3.0,6.0
rousseau2023_weak_monsoon_starts,53.599999999999845,6.0,2.9375,0.0,3.0,6.0
rousseau2023_weak_monsoon_starts,53.79999999999984,6.0,2.9375,0.0,3.0,6.0
rousseau2023_weak_monsoon_starts,53.999999999999844,6.0,2.9375,0.0,3.0,6.0
rousseau2023_weak_monsoon_starts,54.19999999999985,6.0,2.9375,0.0,3.0,6.0
rousseau2023_weak_monsoon_starts,54.39999999999984,6.0,2.9375,0.0,3.0,6.0
rousseau2023_weak_monsoon_starts,54.59999999999984,5.0,2.9375,0.0,3.0,6.0
rousseau2023_weak_monsoon_starts,54.79999999999984,5.0,2.9375,0.0,3.0,6.0
rousseau2023_weak_monsoon_starts,54.999999999999844,5.0,2.9375,0.0,3.0,6.0
rousseau2023_weak_monsoon_starts,55.19999999999984,5.0,2.9375,0.0,3.0,6.0
rousseau2023_weak_monsoon_starts,55.399999999999835,5.0,2.9375,0.0,3.0,6.0
rousseau2023_weak_monsoon_starts,55.59999999999984,5.0,2.9375,0.0,3.0,6.0
rousseau2023_weak_monsoon_starts,55.79999999999984,4.0,2.9375,0.0,3.0,6.0
rousseau2023_weak_monsoon_starts,55.99999999999984,4.0,2.9375,0.0,3.0,6.0
rousseau2023_weak_monsoon_starts,56.19999999999983,4.0,2.9375,0.0,3.0,6.0
rousseau2023_weak_monsoon_starts,56.399999999999835,4.0,2.9375,0.0,3.0,6.0
rousseau2023_weak_monsoon_starts,56.59999999999984,4.0,2.9375,0.0,3.0,6.0
rousseau2023_weak_monsoon_starts,56.799999999999834,4.0,2.9375,0.0,3.0,6.0
rousseau2023_weak_monsoon_starts,56.99999999999983,4.0,2.9375,0.0,3.0,6.0
rousseau2023_weak_monsoon_starts,57.19999999999983,4.0,2.9375,0.0,3.0,7.0
rousseau2023_weak_monsoon_starts,57.399999999999835,4.0,2.9375,0.0,3.0,6.0
rousseau2023_weak_monsoon_starts,57.59999999999983,4.0,2.9375,0.0,3.0,6.0249023
rousseau2023_weak_monsoon_starts,57.79999999999983,4.0,2.9375,0.0,3.0,7.0
rousseau2023_weak_monsoon_starts,57.99999999999983,4.0,2.9375,0.0,3.0,6.0
rousseau2023_weak_monsoon_starts,58.19999999999983,4.0,2.9375,0.0,3.0,6.0
rousseau2023_weak_monsoon_starts,58.39999999999983,4.0,2.9375,0.0,3.0,6.0
rousseau2023_weak_monsoon_starts,58.599999999999824,3.0,2.9375,0.0,3.0,7.0
rousseau2023_weak_monsoon_starts,58.79999999999983,4.0,2.9375,0.0,3.0,7.0
rousseau2023_weak_monsoon_starts,58.99999999999983,3.0,2.9375,0.0,3.0,7.0
rousseau2023_weak_monsoon_starts,59.199999999999825,3.0,2.9375,0.0,3.0,7.0
rousseau2023_weak_monsoon_starts,59.39999999999982,3.0,2.9375,0.0,3.0,7.0
rousseau2023_weak_monsoon_starts,59.599999999999824,4.0,2.9375,0.0,3.0,7.0
rousseau2023_weak_monsoon_starts,59.79999999999983,4.0,2.9375,0.0,3.0,7.0
rousseau2023_weak_monsoon_starts,59.99999999999982,4.0,2.9375,0.0,3.0,7.0
rousseau2023_weak_monsoon_starts,60.19999999999982,5.0,2.9375,0.0,3.0,7.0
rousseau2023_weak_monsoon_starts,60.39999999999982,5.0,2.9375,0.0,3.0,7.0
rousseau2023_weak_monsoon_starts,60.599999999999824,5.0,2.9375,0.0,3.0,7.0
rousseau2023_weak_monsoon_starts,60.79999999999982,5.0,2.9375,0.0,3.0,7.0
rousseau2023_weak_monsoon_starts,60.999999999999815,5.0,2.9375,0.0,3.0,7.0
rousseau2023_weak_monsoon_starts,61.19999999999982,5.0,2.9375,0.0,3.0,7.0
rousseau2023_weak_monsoon_starts,61.39999999999982,5.0,2.9375,0.0,3.0,7.0
rousseau2023_weak_monsoon_starts,61.59999999999982,5.0,2.9375,0.0,3.0,7.0
rousseau2023_weak_monsoon_starts,61.79999999999981,5.0,2.9375,0.0,3.0,7.0
rousseau2023_weak_monsoon_starts,61.999999999999815,5.0,2.9375,0.0,3.0,7.0
rousseau2023_weak_monsoon_starts,62.19999999999982,5.0,2.9375,0.0,3.0,7.0
rousseau2023_weak_monsoon_starts,62.399999999999814,5.0,2.9375,0.0,3.0,7.0
rousseau2023_weak_monsoon_starts,62.59999999999981,5.0,2.9375,0.0,3.0,7.0
rousseau2023_weak_monsoon_starts,62.79999999999981,5.0,2.9375,0.0,3.0,7.0
rousseau2023_weak_monsoon_starts,62.999999999999815,5.0,2.9375,0.0,3.0,7.0
rousseau2023_weak_monsoon_starts,63.19999999999981,5.0,2.9375,0.0,3.0,7.0
rousseau2023_weak_monsoon_starts,63.39999999999981,5.0,2.9375,0.0,3.0,7.0
rousseau2023_weak_monsoon_starts,63.59999999999981,6.0,2.9375,0.0,3.0,7.0
rousseau2023_weak_monsoon_starts,63.79999999999981,6.0,2.9375,0.0,3.0,7.0
rousseau2023_weak_monsoon_starts,63.99999999999981,6.0,2.9375,0.0,3.0,7.0
rousseau2023_weak_monsoon_starts,64.1999999999998,6.0,2.9375,0.0,3.0,7.0
rousseau2023_weak_monsoon_starts,64.3999999999998,6.0,2.9375,0.0,3.0,7.0
rousseau2023_weak_monsoon_starts,64.59999999999981,6.0,2.9375,0.0,3.0,7.0
rousseau2023_weak_monsoon_starts,64.79999999999981,6.0,2.9375,0.0,3.0,7.0
rousseau2023_weak_monsoon_starts,64.9999999999998,6.0,2.9375,0.0,3.0,7.0
rousseau2023_weak_monsoon_starts,65.1999999999998,6.0,2.9375,0.0,3.0,7.0
rousseau2023_weak_monsoon_starts,65.3999999999998,5.0,2.9375,0.0,3.0,7.0
rousseau2023_weak_monsoon_starts,65.5999999999998,5.0,2.9375,0.0,3.0,7.0
rousseau2023_weak_monsoon_starts,65.7999999999998,5.0,2.9375,0.0,3.0,7.0
rousseau2023_weak_monsoon_starts,65.9999999999998,5.0,2.9375,0.0,3.0,7.0
rousseau2023_weak_monsoon_starts,66.1999999999998,5.0,2.9375,0.0,3.0,7.0
rousseau2023_weak_monsoon_starts,66.3999999999998,4.0,2.9375,0.0,3.0,7.0
rousseau2023_weak_monsoon_starts,66.5999999999998,4.0,2.9375,0.0,3.0,7.0
rousseau2023_weak_monsoon_starts,66.7999999999998,4.0,2.9375,0.0,3.0,7.0
rousseau2023_weak_monsoon_starts,66.9999999999998,4.0,2.9375,0.0,3.0,7.0
rousseau2023_weak_monsoon_starts,67.19999999999979,4.0,2.9375,0.0,3.0,7.0
rousseau2023_weak_monsoon_starts,67.39999999999979,4.0,2.9375,0.0,3.0,7.0
rousseau2023_weak_monsoon_starts,67.5999999999998,5.0,2.9375,0.0,3.0,7.0
rousseau2023_weak_monsoon_starts,67.7999999999998,5.0,2.9375,0.0,3.0,7.0
rousseau2023_weak_monsoon_starts,67.9999999999998,5.0,2.9375,0.0,3.0,7.0
rousseau2023_weak_monsoon_starts,68.19999999999979,5.0,2.9375,0.0,3.0,7.0
rousseau2023_weak_monsoon_starts,68.39999999999979,5.0,2.9375,0.0,3.0,7.0
rousseau2023_weak_monsoon_starts,68.5999999999998,5.0,2.9375,0.0,3.0,7.0
rousseau2023_weak_monsoon_starts,68.79999999999978,5.0,2.9375,0.0,3.0,7.0
rousseau2023_weak_monsoon_starts,68.99999999999979,5.0,2.9375,0.0,3.0,7.0
rousseau2023_weak_monsoon_starts,69.19999999999979,5.0,2.9375,0.0,3.0,7.0
rousseau2023_weak_monsoon_starts,69.39999999999979,5.0,2.9375,0.0,3.0,7.0
rousseau2023_weak_monsoon_starts,69.5999999999998,5.0,2.9375,0.0,3.0,7.0
rousseau2023_weak_monsoon_starts,69.79999999999978,5.0,2.9375,0.0,3.0,7.0
rousseau2023_weak_monsoon_starts,69.99999999999979,5.0,2.9375,0.0,3.0,7.0
rousseau2023_weak_monsoon_starts,70.19999999999979,5.0,2.9375,0.0,3.0,7.0
rousseau2023_weak_monsoon_starts,70.39999999999978,5.0,2.9375,0.0,3.0,7.0
rousseau2023_weak_monsoon_starts,70.59999999999978,5.0,2.9375,0.0,3.0,7.0
rousseau2023_weak_monsoon_starts,70.79999999999978,5.0,2.9375,0.0,3.0,7.0
rousseau2023_weak_monsoon_starts,70.99999999999979,5.0,2.9375,0.0,3.0,7.0
rousseau2023_weak_monsoon_starts,71.19999999999979,5.0,2.9375,0.0,3.0,7.0
rousseau2023_weak_monsoon_starts,71.39999999999978,5.0,2.9375,0.0,3.0,7.0
rousseau2023_weak_monsoon_starts,71.59999999999978,5.0,2.9375,0.0,3.0,7.0
rousseau2023_weak_monsoon_starts,71.79999999999978,5.0,2.9375,0.0,3.0,7.0
rousseau2023_weak_monsoon_starts,71.99999999999977,5.0,2.9375,0.0,3.0,7.0
rousseau2023_weak_monsoon_starts,72.19999999999978,5.0,2.9375,0.0,3.0,6.0
rousseau2023_weak_monsoon_starts,72.39999999999978,5.0,2.9375,0.0,3.0,7.0
rousseau2023_weak_monsoon_starts,72.59999999999978,5.0,2.9375,0.0,3.0,7.0
rousseau2023_weak_monsoon_starts,72.79999999999978,5.0,2.9375,0.0,3.0,7.0
rousseau2023_weak_monsoon_starts,72.99999999999977,5.0,2.9375,0.0,3.0,7.0
rousseau2023_weak_monsoon_starts,73.19999999999978,5.0,2.9375,0.0,3.0,7.0
rousseau2023_weak_monsoon_starts,73.39999999999978,5.0,2.9375,0.0,3.0,7.0
rousseau2023_weak_monsoon_starts,73.59999999999977,5.0,2.9375,0.0,3.0,7.0
rousseau2023_weak_monsoon_starts,73.79999999999977,5.0,2.9375,0.0,3.0,7.0
rousseau2023_weak_monsoon_starts,73.99999999999977,5.0,2.9375,0.0,3.0,7.0
rousseau2023_weak_monsoon_starts,74.19999999999978,5.0,2.9375,0.0,3.0,7.0
rousseau2023_weak_monsoon_starts,74.39999999999978,5.0,2.9375,0.0,3.0,7.0
rousseau2023_weak_monsoon_starts,74.59999999999977,5.0,2.9375,0.0,3.0,7.0
rousseau2023_weak_monsoon_starts,74.79999999999977,5.0,2.9375,0.0,3.0,7.0
rousseau2023_weak_monsoon_starts,74.99999999999977,5.0,2.9375,0.0,3.0,7.0
rousseau2023_weak_monsoon_starts,75.19999999999976,5.0,2.9375,0.0,3.0,7.0
rousseau2023_weak_monsoon_starts,75.39999999999976,5.0,2.9375,0.0,3.0,7.0
rousseau2023_weak_monsoon_starts,75.59999999999977,5.0,2.9375,0.0,3.0,7.0
rousseau2023_weak_monsoon_starts,75.79999999999977,5.0,2.9375,0.0,3.0,7.0
rousseau2023_weak_monsoon_starts,75.99999999999977,5.0,2.9375,0.0,3.0,7.0
rousseau2023_weak_monsoon_starts,76.19999999999976,5.0,2.9375,0.0,3.0,7.0
rousseau2023_weak_monsoon_starts,76.39999999999976,5.0,2.9375,0.0,3.0,7.0
rousseau2023_weak_monsoon_starts,76.59999999999977,5.0,2.9375,0.0,3.0,7.0
rousseau2023_weak_monsoon_starts,76.79999999999976,5.0,2.9375,0.0,3.0,7.0
rousseau2023_weak_monsoon_starts,76.99999999999976,5.0,2.9375,0.0,3.0,7.0
rousseau2023_weak_monsoon_starts,77.19999999999976,5.0,2.9375,0.0,3.0,7.0
rousseau2023_weak_monsoon_starts,77.39999999999976,5.0,2.9375,0.0,3.0,7.0
rousseau2023_weak_monsoon_starts,77.59999999999977,5.0,2.9375,0.0,3.0,7.0
rousseau2023_weak_monsoon_starts,77.79999999999976,5.0,2.9375,0.0,3.0,7.0
rousseau2023_weak_monsoon_starts,77.99999999999976,5.0,2.9375,0.0,3.0,7.0
rousseau2023_weak_monsoon_starts,78.19999999999976,5.0,2.9375,0.0,3.0,7.0
rousseau2023_weak_monsoon_starts,78.39999999999975,5.0,2.9375,0.0,3.0,7.0
rousseau2023_weak_monsoon_starts,78.59999999999975,6.0,2.9375,0.0,3.0,7.0
rousseau2023_weak_monsoon_starts,78.79999999999976,5.0,2.9375,0.0,3.0,7.0
rousseau2023_weak_monsoon_starts,78.99999999999976,5.0,2.9375,0.0,3.0,7.0
rousseau2023_weak_monsoon_starts,79.19999999999976,5.0,2.9375,0.0,3.0,7.0
rousseau2023_weak_monsoon_starts,79.39999999999975,5.0,2.9375,0.0,3.0,7.0
rousseau2023_weak_monsoon_starts,79.59999999999975,4.0,2.9375,0.0,3.0,7.0
rousseau2023_weak_monsoon_starts,79.79999999999976,4.0,2.9375,0.0,3.0,7.0
rousseau2023_weak_monsoon_starts,79.99999999999974,4.0,2.9375,0.0,3.0,7.0
rousseau2023_weak_monsoon_starts,80.19999999999975,3.0,2.9375,0.0,3.0,7.0
rousseau2023_weak_monsoon_starts,80.39999999999975,3.0,2.9375,0.0,3.0,7.0
rousseau2023_weak_monsoon_starts,80.59999999999975,3.0,2.9375,0.0,3.0,7.0
rousseau2023_weak_monsoon_starts,80.79999999999976,3.0,2.9375,0.0,3.0,7.0
rousseau2023_weak_monsoon_starts,80.99999999999974,3.0,2.9375,0.0,3.0,7.0
rousseau2023_weak_monsoon_starts,81.19999999999975,3.0,2.9375,0.0,3.0,7.0
rousseau2023_weak_monsoon_starts,81.39999999999975,3.0,2.9375,0.0,3.0,7.0
rousseau2023_weak_monsoon_starts,81.59999999999974,3.0,2.9375,0.0,3.0,7.0
rousseau2023_weak_monsoon_starts,81.79999999999974,3.0,2.9375,0.0,3.0,7.0
rousseau2023_weak_monsoon_starts,81.99999999999974,3.0,2.9375,0.0,3.0,7.0
rousseau2023_weak_monsoon_starts,82.19999999999975,3.0,2.9375,0.0,3.0,7.0
rousseau2023_weak_monsoon_starts,82.39999999999975,3.0,2.9375,0.0,3.0,7.0
rousseau2023_weak_monsoon_starts,82.59999999999974,3.0,2.9375,0.0,3.0,7.0
rousseau2023_weak_monsoon_starts,82.79999999999974,3.0,2.9375,0.0,3.0,7.0
rousseau2023_weak_monsoon_starts,82.99999999999974,3.0,2.9375,0.0,3.0,7.0
rousseau2023_weak_monsoon_starts,83.19999999999973,3.0,2.9375,0.0,3.0,7.0
rousseau2023_weak_monsoon_starts,83.39999999999974,3.0,2.9375,0.0,3.0,7.0
rousseau2023_weak_monsoon_starts,83.59999999999974,2.0,2.9375,0.0,3.0,7.0
rousseau2023_weak_monsoon_starts,83.79999999999974,2.0,2.9375,0.0,3.0,7.0
rousseau2023_weak_monsoon_starts,83.99999999999974,2.0,2.9375,0.0,3.0,7.0
rousseau2023_weak_monsoon_starts,84.19999999999973,2.0,2.9375,0.0,3.0,7.0
rousseau2023_weak_monsoon_starts,84.39999999999974,2.0,2.9375,0.0,3.0,7.0
rousseau2023_weak_monsoon_starts,84.59999999999974,2.0,2.9375,0.0,3.0,7.0
rousseau2023_weak_monsoon_starts,84.79999999999973,2.0,2.9375,0.0,3.0,7.0
rousseau2023_weak_monsoon_starts,84.99999999999973,2.0,2.9375,0.0,3.0,7.0
rousseau2023_weak_monsoon_starts,85.19999999999973,2.0,2.9375,0.0,3.0,7.0
rousseau2023_weak_monsoon_starts,85.39999999999974,2.0,2.9375,0.0,3.0,6.0
rousseau2023_weak_monsoon_starts,85.59999999999974,2.0,2.9375,0.0,3.0,7.0
rousseau2023_weak_monsoon_starts,85.79999999999973,2.0,2.9375,0.0,3.0,6.0
rousseau2023_weak_monsoon_starts,85.99999999999973,2.0,2.9375,0.0,3.0,7.0
rousseau2023_weak_monsoon_starts,86.19999999999973,2.0,2.9375,0.0,3.0,6.0249023
rousseau2023_weak_monsoon_starts,86.39999999999972,2.0,2.9375,0.0,3.0,6.0249023
rousseau2023_weak_monsoon_starts,86.59999999999972,2.0,2.9375,0.0,3.0,6.0249023
rousseau2023_weak_monsoon_starts,86.79999999999973,2.0,2.9375,0.0,3.0,7.0
rousseau2023_weak_monsoon_starts,86.99999999999973,2.0,2.9375,0.0,3.0,7.0
rousseau2023_weak_monsoon_starts,87.19999999999973,2.0,2.9375,0.0,3.0,7.0
rousseau2023_weak_monsoon_starts,87.39999999999972,2.0,2.9375,0.0,3.0,7.0
rousseau2023_weak_monsoon_starts,87.59999999999972,1.0,2.9375,0.0,3.0,7.0
rousseau2023_weak_monsoon_starts,87.79999999999973,1.0,2.9375,0.0,3.0,6.0249023
rousseau2023_weak_monsoon_starts,87.99999999999972,1.0,2.9375,0.0,3.0,7.0
rousseau2023_weak_monsoon_starts,88.19999999999972,1.0,2.9375,0.0,3.0,7.0
rousseau2023_weak_monsoon_starts,88.39999999999972,1.0,2.9375,0.0,3.0,7.0
rousseau2023_weak_monsoon_starts,88.59999999999972,1.0,2.9375,0.0,3.0,7.0
rousseau2023_weak_monsoon_starts,88.79999999999973,2.0,2.9375,0.0,3.0,7.0
rousseau2023_weak_monsoon_starts,88.99999999999972,2.0,2.9375,0.0,3.0,7.0
rousseau2023_weak_monsoon_starts,89.19999999999972,2.0,2.9375,0.0,3.0,6.0249023
rousseau2023_weak_monsoon_starts,89.39999999999972,2.0,2.9375,0.0,3.0,6.0249023
rousseau2023_weak_monsoon_starts,89.59999999999971,2.0,2.9375,0.0,3.0,6.0249023
rousseau2023_weak_monsoon_starts,89.79999999999971,2.0,2.9375,0.0,3.0,6.0249023
rousseau2023_weak_monsoon_starts,89.99999999999972,2.0,2.9375,0.0,3.0,6.0
rousseau2023_weak_monsoon_starts,90.19999999999972,2.0,2.9375,0.0,3.0,7.0
rousseau2023_weak_monsoon_starts,90.39999999999972,3.0,2.9375,0.0,3.0,6.0
rousseau2023_weak_monsoon_starts,90.59999999999971,3.0,2.9375,0.0,3.0,6.0
rousseau2023_weak_monsoon_starts,90.79999999999971,3.0,2.9375,0.0,3.0,6.0
rousseau2023_weak_monsoon_starts,90.99999999999972,3.0,2.9375,0.0,3.0,6.0
rousseau2023_weak_monsoon_starts,91.1999999999997,3.0,2.9375,0.0,3.0,6.0
rousseau2023_weak_monsoon_starts,91.39999999999971,3.0,2.9375,0.0,3.0,6.0
rousseau2023_weak_monsoon_starts,91.59999999999971,3.0,2.9375,0.0,3.0,6.0
rousseau2023_weak_monsoon_starts,91.79999999999971,3.0,2.9375,0.0,3.0,6.0
rousseau2023_weak_monsoon_starts,91.99999999999972,3.0,2.9375,0.0,3.0,6.0
rousseau2023_weak_monsoon_starts,92.1999999999997,3.0,2.9375,0.0,3.0,6.0
rousseau2023_weak_monsoon_starts,92.39999999999971,3.0,2.9375,0.0,3.0,6.0
rousseau2023_weak_monsoon_starts,92.59999999999971,3.0,2.9375,0.0,3.0,6.0
rousseau2023_weak_monsoon_starts,92.7999999999997,3.0,2.9375,0.0,3.0,6.0249023
rousseau2023_weak_monsoon_starts,92.9999999999997,3.0,2.9375,0.0,3.0,7.0
rousseau2023_weak_monsoon_starts,93.1999999999997,3.0,2.9375,0.0,3.0,7.0
rousseau2023_weak_monsoon_starts,93.39999999999971,3.0,2.9375,0.0,3.0,7.0
rousseau2023_weak_monsoon_starts,93.59999999999971,3.0,2.9375,0.0,3.0,7.0
rousseau2023_weak_monsoon_starts,93.7999999999997,3.0,2.9375,0.0,3.0,7.0
rousseau2023_weak_monsoon_starts,93.9999999999997,3.0,2.9375,0.0,3.0,7.0
rousseau2023_weak_monsoon_starts,94.1999999999997,3.0,2.9375,0.0,3.0,7.0
rousseau2023_weak_monsoon_starts,94.3999999999997,3.0,2.9375,0.0,3.0,7.0
rousseau2023_weak_monsoon_starts,94.5999999999997,3.0,2.9375,0.0,3.0,7.0
rousseau2023_weak_monsoon_starts,94.7999999999997,3.0,2.9375,0.0,3.0,7.0
rousseau2023_weak_monsoon_starts,94.9999999999997,3.0,2.9375,0.0,3.0,7.0
rousseau2023_weak_monsoon_starts,95.1999999999997,3.0,2.9375,0.0,3.0,7.0
rousseau2023_weak_monsoon_starts,95.3999999999997,3.0,2.9375,0.0,3.0,7.0
rousseau2023_weak_monsoon_starts,95.5999999999997,3.0,2.9375,0.0,3.0,7.0
rousseau2023_weak_monsoon_starts,95.7999999999997,4.0,2.9375,0.0,3.0,7.0
rousseau2023_weak_monsoon_starts,95.99999999999969,4.0,2.9375,0.0,3.0,7.0
rousseau2023_weak_monsoon_starts,96.19999999999969,4.0,2.9375,0.0,3.0,7.0
rousseau2023_weak_monsoon_starts,96.3999999999997,5.0,2.9375,0.0,3.0,7.0
rousseau2023_weak_monsoon_starts,96.5999999999997,5.0,2.9375,0.0,3.0,7.0
rousseau2023_weak_monsoon_starts,96.7999999999997,5.0,2.9375,0.0,3.0,7.0
rousseau2023_weak_monsoon_starts,96.99999999999969,5.0,2.9375,0.0,3.0,7.0
rousseau2023_weak_monsoon_starts,97.19999999999969,5.0,2.9375,0.0,3.0,7.0
rousseau2023_weak_monsoon_starts,97.3999999999997,5.0,2.9375,0.0,3.0,7.0
rousseau2023_weak_monsoon_starts,97.59999999999968,5.0,2.9375,0.0,3.0,7.0
rousseau2023_weak_monsoon_starts,97.79999999999968,5.0,2.9375,0.0,3.0,7.0
rousseau2023_weak_monsoon_starts,97.99999999999969,5.0,2.9375,0.0,3.0,7.0
rousseau2023_weak_monsoon_starts,98.19999999999969,5.0,2.9375,0.0,3.0,7.0
rousseau2023_weak_monsoon_starts,98.3999999999997,5.0,2.9375,0.0,3.0,7.0
rousseau2023_weak_monsoon_starts,98.59999999999968,4.0,2.9375,0.0,3.0,7.0
rousseau2023_weak_monsoon_starts,98.79999999999968,4.0,2.9375,0.0,3.0,7.0
rousseau2023_weak_monsoon_starts,98.99999999999969,4.0,2.9375,0.0,3.0,7.0
rousseau2023_weak_monsoon_starts,99.19999999999968,4.0,2.9375,0.0,3.0,7.0
rousseau2023_weak_monsoon_starts,99.39999999999968,4.0,2.9375,0.0,3.0,7.0
rousseau2023_weak_monsoon_starts,99.59999999999968,4.0,2.9375,0.0,3.0,7.0
rousseau2023_weak_monsoon_starts,99.79999999999968,4.0,2.9375,0.0,3.0,7.0
rousseau2023_weak_monsoon_starts,99.99999999999969,4.0,2.9375,0.0,3.0,7.0
rousseau2023_weak_monsoon_starts,100.19999999999968,4.0,2.9375,0.0,3.0,7.0
rousseau2023_weak_monsoon_starts,100.39999999999968,4.0,2.9375,0.0,3.0,6.0
rousseau2023_weak_monsoon_starts,100.59999999999968,4.0,2.9375,0.0,3.0,6.0249023
rousseau2023_weak_monsoon_starts,100.79999999999967,4.0,2.9375,0.0,3.0,7.0
rousseau2023_weak_monsoon_starts,100.99999999999967,4.0,2.9375,0.0,3.0,6.0249023
rousseau2023_weak_monsoon_starts,101.19999999999968,4.0,2.9375,0.0,3.0,6.0249023
rousseau2023_weak_monsoon_starts,101.39999999999968,4.0,2.9375,0.0,3.0,6.0
rousseau2023_weak_monsoon_starts,101.59999999999968,4.0,2.9375,0.0,3.0,6.0
rousseau2023_weak_monsoon_starts,101.79999999999967,4.0,2.9375,0.0,3.0,7.0
rousseau2023_weak_monsoon_starts,101.99999999999967,4.0,2.9375,0.0,3.0,7.0
rousseau2023_weak_monsoon_starts,102.19999999999968,4.0,2.9375,0.0,3.0,7.0
rousseau2023_weak_monsoon_starts,102.39999999999966,4.0,2.9375,0.0,3.0,7.0
rousseau2023_weak_monsoon_starts,102.59999999999967,4.0,2.9375,0.0,3.0,7.0
rousseau2023_weak_monsoon_starts,102.79999999999967,4.0,2.9375,0.0,3.0,7.0
rousseau2023_weak_monsoon_starts,102.99999999999967,4.0,2.9375,0.0,3.0,7.0
rousseau2023_weak_monsoon_starts,103.19999999999968,4.0,2.9375,0.0,3.0,7.0
rousseau2023_weak_monsoon_starts,103.39999999999966,4.0,2.9375,0.0,3.0,7.0
rousseau2023_weak_monsoon_starts,103.59999999999967,4.0,2.9375,0.0,3.0,6.0
rousseau2023_weak_monsoon_starts,103.79999999999967,4.0,2.9375,0.0,3.0,6.0
rousseau2023_weak_monsoon_starts,103.99999999999966,4.0,2.9375,0.0,3.0,7.0
rousseau2023_weak_monsoon_starts,104.19999999999966,4.0,2.9375,0.0,3.0,7.0
rousseau2023_weak_monsoon_starts,104.39999999999966,4.0,2.9375,0.0,3.0,7.0
rousseau2023_weak_monsoon_starts,104.59999999999967,4.0,2.9375,0.0,3.0,7.0
rousseau2023_weak_monsoon_starts,104.79999999999967,4.0,2.9375,0.0,3.0,7.0
rousseau2023_weak_monsoon_starts,104.99999999999966,4.0,2.9375,0.0,3.0,7.0
rousseau2023_weak_monsoon_starts,105.19999999999966,4.0,2.9375,0.0,3.0,7.0
rousseau2023_weak_monsoon_starts,105.39999999999966,4.0,2.9375,0.0,3.0,7.0
rousseau2023_weak_monsoon_starts,105.59999999999965,4.0,2.9375,0.0,3.0,7.0
rousseau2023_weak_monsoon_starts,105.79999999999966,4.0,2.9375,0.0,3.0,7.0
rousseau2023_weak_monsoon_starts,105.99999999999966,4.0,2.9375,0.0,3.0,7.0
rousseau2023_weak_monsoon_starts,106.19999999999966,4.0,2.9375,0.0,3.0,7.0
rousseau2023_weak_monsoon_starts,106.39999999999966,4.0,2.9375,0.0,3.0,7.0
rousseau2023_weak_monsoon_starts,106.59999999999965,4.0,2.9375,0.0,3.0,7.0
rousseau2023_weak_monsoon_starts,106.79999999999966,4.0,2.9375,0.0,3.0,7.0
rousseau2023_weak_monsoon_starts,106.99999999999966,4.0,2.9375,0.0,3.0,7.0
rousseau2023_weak_monsoon_starts,107.19999999999965,4.0,2.9375,0.0,3.0,7.0
rousseau2023_weak_monsoon_starts,107.39999999999965,4.0,2.9375,0.0,3.0,7.0
rousseau2023_weak_monsoon_starts,107.59999999999965,5.0,2.9375,0.0,3.0,7.0
rousseau2023_weak_monsoon_starts,107.79999999999966,5.0,2.9375,0.0,3.0,7.0
rousseau2023_weak_monsoon_starts,107.99999999999966,5.0,2.9375,0.0,3.0,7.0
rousseau2023_weak_monsoon_starts,108.19999999999965,5.0,2.9375,0.0,3.0,7.0
rousseau2023_weak_monsoon_starts,108.39999999999965,5.0,2.9375,0.0,3.0,7.0
rousseau2023_weak_monsoon_starts,108.59999999999965,5.0,2.9375,0.0,3.0,7.0
rousseau2023_weak_monsoon_starts,108.79999999999964,4.0,2.9375,0.0,3.0,7.0
rousseau2023_weak_monsoon_starts,108.99999999999964,4.0,2.9375,0.0,3.0,7.0
rousseau2023_weak_monsoon_starts,109.19999999999965,4.0,2.9375,0.0,3.0,7.0
rousseau2023_weak_monsoon_starts,109.39999999999965,4.0,2.9375,0.0,3.0,7.0
rousseau2023_weak_monsoon_starts,109.59999999999965,4.0,2.9375,0.0,3.0,6.0249023
rousseau2023_weak_monsoon_starts,109.79999999999964,4.0,2.9375,0.0,3.0,7.0
rousseau2023_weak_monsoon_starts,109.99999999999964,4.0,2.9375,0.0,3.0,7.0
rousseau2023_weak_monsoon_starts,110.19999999999965,4.0,2.9375,0.0,3.0,7.0
rousseau2023_weak_monsoon_starts,110.39999999999964,3.0,2.9375,0.0,3.0,7.0
rousseau2023_weak_monsoon_starts,110.59999999999964,4.0,2.9375,0.0,3.0,7.0
rousseau2023_weak_monsoon_starts,110.79999999999964,4.0,2.9375,0.0,3.0,7.0
rousseau2023_weak_monsoon_starts,110.99999999999964,4.0,2.9375,0.0,3.0,7.0
rousseau2023_weak_monsoon_starts,111.19999999999965,4.0,2.9375,0.0,3.0,7.0
rousseau2023_weak_monsoon_starts,111.39999999999964,4.0,2.9375,0.0,3.0,7.0
rousseau2023_weak_monsoon_starts,111.59999999999964,4.0,2.9375,0.0,3.0,7.0
rousseau2023_weak_monsoon_starts,111.79999999999964,4.0,2.9375,0.0,3.0,7.0
rousseau2023_weak_monsoon_starts,111.99999999999963,4.0,2.9375,0.0,3.0,7.0
rousseau2023_weak_monsoon_starts,112.19999999999963,4.0,2.9375,0.0,3.0,7.0
rousseau2023_weak_monsoon_starts,112.39999999999964,4.0,2.9375,0.0,3.0,7.0
rousseau2023_weak_monsoon_starts,112.59999999999964,4.0,2.9375,0.0,3.0,7.0
rousseau2023_weak_monsoon_starts,112.79999999999964,4.0,2.9375,0.0,3.0,7.0
rousseau2023_weak_monsoon_starts,112.99999999999963,4.0,2.9375,0.0,3.0,7.0
rousseau2023_weak_monsoon_starts,113.19999999999963,4.0,2.9375,0.0,3.0,7.0
rousseau2023_weak_monsoon_starts,113.39999999999964,4.0,2.9375,0.0,3.0,7.0
rousseau2023_weak_monsoon_starts,113.59999999999962,4.0,2.9375,0.0,3.0,7.0
rousseau2023_weak_monsoon_starts,113.79999999999963,4.0,2.9375,0.0,3.0,7.0
rousseau2023_weak_monsoon_starts,113.99999999999963,4.0,2.9375,0.0,3.0,7.0
rousseau2023_weak_monsoon_starts,114.19999999999963,4.0,2.9375,0.0,3.0,7.0
rousseau2023_weak_monsoon_starts,114.39999999999964,4.0,2.9375,0.0,3.0,7.0
rousseau2023_weak_monsoon_starts,114.59999999999962,4.0,2.9375,0.0,3.0,7.0
rousseau2023_weak_monsoon_starts,114.79999999999963,4.0,2.9375,0.0,3.0,7.0
rousseau2023_weak_monsoon_starts,114.99999999999963,4.0,2.9375,0.0,3.0,7.0
rousseau2023_weak_monsoon_starts,115.19999999999962,4.0,2.9375,0.0,3.0,7.0
rousseau2023_weak_monsoon_starts,115.39999999999962,4.0,2.9375,0.0,3.0,7.0
rousseau2023_weak_monsoon_starts,115.59999999999962,4.0,2.9375,0.0,3.0,7.0
rousseau2023_weak_monsoon_starts,115.79999999999963,3.0,2.9375,0.0,3.0,7.0
rousseau2023_weak_monsoon_starts,115.99999999999963,3.0,2.9375,0.0,3.0,7.0
rousseau2023_weak_monsoon_starts,116.19999999999962,3.0,2.9375,0.0,3.0,7.0
rousseau2023_weak_monsoon_starts,116.39999999999962,2.0,2.9375,0.0,3.0,7.0
rousseau2023_weak_monsoon_starts,116.59999999999962,2.0,2.9375,0.0,3.0,7.0
rousseau2023_weak_monsoon_starts,116.79999999999961,2.0,2.9375,0.0,3.0,7.0
rousseau2023_weak_monsoon_starts,116.99999999999962,2.0,2.9375,0.0,3.0,7.0
rousseau2023_weak_monsoon_starts,117.19999999999962,2.0,2.9375,0.0,3.0,7.0
rousseau2023_weak_monsoon_starts,117.39999999999962,2.0,2.9375,0.0,3.0,7.0
rousseau2023_weak_monsoon_starts,117.59999999999962,2.0,2.9375,0.0,3.0,7.0
rousseau2023_weak_monsoon_starts,117.79999999999961,2.0,2.9375,0.0,3.0,7.0
rousseau2023_weak_monsoon_starts,117.99999999999962,2.0,2.9375,0.0,3.0,7.0
rousseau2023_weak_monsoon_starts,118.19999999999962,2.0,2.9375,0.0,3.0,7.0
rousseau2023_weak_monsoon_starts,118.39999999999961,2.0,2.9375,0.0,3.0,7.0
rousseau2023_weak_monsoon_starts,118.59999999999961,2.0,2.9375,0.0,3.0,7.0
rousseau2023_weak_monsoon_starts,118.79999999999961,2.0,2.9375,0.0,3.0,7.0
rousseau2023_weak_monsoon_starts,118.99999999999962,2.0,2.9375,0.0,3.0,7.0
rousseau2023_weak_monsoon_starts,119.19999999999962,2.0,2.9375,0.0,3.0,7.0
rousseau2023_weak_monsoon_starts,119.39999999999961,2.0,2.9375,0.0,3.0,7.0
rousseau2023_weak_monsoon_starts,119.59999999999961,2.0,2.9375,0.0,3.0,7.0
rousseau2023_weak_monsoon_starts,119.79999999999961,2.0,2.9375,0.0,3.0,7.0
rousseau2023_weak_monsoon_starts,119.9999999999996,2.0,2.9375,0.0,3.0,7.0
rousseau2023_weak_monsoon_starts,120.1999999999996,2.0,2.9375,0.0,3.0,7.0
rousseau2023_weak_monsoon_starts,120.39999999999961,2.0,2.9375,0.0,3.0,7.0
rousseau2023_weak_monsoon_starts,120.59999999999961,2.0,2.9375,0.0,3.0,7.0
rousseau2023_weak_monsoon_starts,120.79999999999961,2.0,2.9375,0.0,3.0,7.0
rousseau2023_weak_monsoon_starts,120.9999999999996,2.0,2.9375,0.0,3.0,7.0
rousseau2023_weak_monsoon_starts,121.1999999999996,2.0,2.9375,0.0,3.0,7.0
rousseau2023_weak_monsoon_starts,121.39999999999961,2.0,2.9375,0.0,3.0,7.0
rousseau2023_weak_monsoon_starts,121.5999999999996,2.0,2.9375,0.0,3.0,7.0
rousseau2023_weak_monsoon_starts,121.7999999999996,2.0,2.9375,0.0,3.0,7.0
rousseau2023_weak_monsoon_starts,121.9999999999996,2.0,2.9375,0.0,3.0,7.0
rousseau2023_weak_monsoon_starts,122.1999999999996,2.0,2.9375,0.0,3.0,7.0
rousseau2023_weak_monsoon_starts,122.39999999999961,2.0,2.9375,0.0,3.0,7.0
rousseau2023_weak_monsoon_starts,122.5999999999996,2.0,2.9375,0.0,3.0,7.0
rousseau2023_weak_monsoon_starts,122.7999999999996,2.0,2.9375,0.0,3.0,7.0
rousseau2023_weak_monsoon_starts,122.9999999999996,2.0,2.9375,0.0,3.0,7.0
rousseau2023_weak_monsoon_starts,123.19999999999959,2.0,2.9375,0.0,3.0,7.0
rousseau2023_weak_monsoon_starts,123.3999999999996,2.0,2.9375,0.0,3.0,7.0
rousseau2023_weak_monsoon_starts,123.5999999999996,2.0,2.9375,0.0,3.0,7.0
rousseau2023_weak_monsoon_starts,123.7999999999996,2.0,2.9375,0.0,3.0,7.0
rousseau2023_weak_monsoon_starts,123.9999999999996,2.0,2.9375,0.0,3.0,7.0
rousseau2023_weak_monsoon_starts,124.19999999999959,2.0,2.9375,0.0,3.0,7.0
rousseau2023_weak_monsoon_starts,124.3999999999996,2.0,2.9375,0.0,3.0,7.0
rousseau2023_weak_monsoon_starts,124.5999999999996,2.0,2.9375,0.0,3.0,7.0
rousseau2023_weak_monsoon_starts,124.79999999999959,2.0,2.9375,0.0,3.0,7.0
rousseau2023_weak_monsoon_starts,124.99999999999959,2.0,2.9375,0.0,3.0,7.0
rousseau2023_weak_monsoon_starts,125.19999999999959,2.0,2.9375,0.0,3.0,7.0
rousseau2023_weak_monsoon_starts,125.3999999999996,2.0,2.9375,0.0,3.0,7.0
rousseau2023_weak_monsoon_starts,125.5999999999996,2.0,2.9375,0.0,3.0,7.0
rousseau2023_weak_monsoon_starts,125.79999999999959,2.0,2.9375,0.0,3.0,7.0
rousseau2023_weak_monsoon_starts,125.99999999999959,2.0,2.9375,0.0,3.0,7.0
rousseau2023_weak_monsoon_starts,126.19999999999959,2.0,2.9375,0.0,3.0,7.0
rousseau2023_weak_monsoon_starts,126.39999999999958,2.0,2.9375,0.0,3.0,7.0
rousseau2023_weak_monsoon_starts,126.59999999999958,2.0,2.9375,0.0,3.0,7.0
rousseau2023_weak_monsoon_starts,126.79999999999959,2.0,2.9375,0.0,3.0,7.0
rousseau2023_weak_monsoon_starts,126.99999999999959,2.0,2.9375,0.0,3.0,7.0
rousseau2023_weak_monsoon_starts,127.19999999999959,2.0,2.9375,0.0,3.0,7.0
rousseau2023_weak_monsoon_starts,127.39999999999958,2.0,2.9375,0.0,3.0,7.0
rousseau2023_weak_monsoon_starts,127.59999999999958,1.0,2.9375,0.0,3.0,7.0
rousseau2023_weak_monsoon_starts,127.79999999999959,1.0,2.9375,0.0,3.0,7.0
rousseau2023_weak_monsoon_starts,127.99999999999957,1.0,2.9375,0.0,3.0,7.0
rousseau2023_weak_monsoon_starts,128.1999999999996,1.0,2.9375,0.0,3.0,7.0
rousseau2023_weak_monsoon_starts,128.39999999999958,1.0,2.9375,0.0,3.0,7.0
rousseau2023_weak_monsoon_starts,128.59999999999957,1.0,2.9375,0.0,3.0,7.0
rousseau2023_weak_monsoon_starts,128.79999999999959,1.0,2.9375,0.0,3.0,6.0249023
rousseau2023_weak_monsoon_starts,128.99999999999957,1.0,2.9375,0.0,3.0,7.0
rousseau2023_weak_monsoon_starts,129.1999999999996,1.0,2.9375,0.0,3.0,7.0
rousseau2023_weak_monsoon_starts,129.39999999999958,1.0,2.9375,0.0,3.0,7.0
rousseau2023_weak_monsoon_starts,129.59999999999957,1.0,2.9375,0.0,3.0,7.0
rousseau2023_weak_monsoon_starts,129.79999999999959,1.0,2.9375,0.0,3.0,7.0
rousseau2023_weak_monsoon_starts,129.99999999999957,1.0,2.9375,0.0,3.0,7.0
rousseau2023_weak_monsoon_starts,130.19999999999956,1.0,2.9375,0.0,3.0,7.0
rousseau2023_weak_monsoon_starts,130.39999999999958,1.0,2.9375,0.0,3.0,7.0
rousseau2023_weak_monsoon_starts,130.59999999999957,0.0,2.9375,0.0,3.0,7.0
rousseau2023_weak_monsoon_starts,130.79999999999956,0.0,2.9375,0.0,3.0,7.0
rousseau2023_weak_monsoon_starts,130.99999999999957,0.0,2.9375,0.0,3.0,7.0
rousseau2023_weak_monsoon_starts,131.19999999999956,0.0,2.9375,0.0,3.0,7.0
rousseau2023_weak_monsoon_starts,131.39999999999958,0.0,2.9375,0.0,3.0,7.0
rousseau2023_weak_monsoon_starts,131.59999999999957,0.0,2.9375,0.0,3.0,7.0
rousseau2023_weak_monsoon_starts,131.79999999999956,0.0,2.9375,0.0,3.0,7.0
rousseau2023_weak_monsoon_starts,131.99999999999957,0.0,2.9375,0.0,3.0,7.0
rousseau2023_weak_monsoon_starts,132.19999999999956,0.0,2.9375,0.0,3.0,7.0
rousseau2023_weak_monsoon_starts,132.39999999999958,0.0,2.9375,0.0,3.0,7.0
rousseau2023_weak_monsoon_starts,132.59999999999957,0.0,2.9375,0.0,3.0,7.0
rousseau2023_weak_monsoon_starts,132.79999999999956,0.0,2.9375,0.0,3.0,7.0
rousseau2023_weak_monsoon_starts,132.99999999999957,0.0,2.9375,0.0,3.0,7.0
rousseau2023_weak_monsoon_starts,133.19999999999956,0.0,2.9375,0.0,3.0,7.0
rousseau2023_weak_monsoon_starts,133.39999999999955,0.0,2.9375,0.0,3.0,7.0
rousseau2023_weak_monsoon_starts,133.59999999999957,0.0,2.9375,0.0,3.0,7.0
rousseau2023_weak_monsoon_starts,133.79999999999956,0.0,2.9375,0.0,3.0,7.0
rousseau2023_weak_monsoon_starts,133.99999999999955,0.0,2.9375,0.0,3.0,7.0
rousseau2023_weak_monsoon_starts,134.19999999999956,0.0,2.9375,0.0,3.0,7.0
rousseau2023_weak_monsoon_starts,134.39999999999955,0.0,2.9375,0.0,3.0,7.0
rousseau2023_weak_monsoon_starts,134.59999999999957,0.0,2.9375,0.0,3.0,7.0
rousseau2023_weak_monsoon_starts,134.79999999999956,0.0,2.9375,0.0,3.0,7.0
rousseau2023_weak_monsoon_starts,134.99999999999955,0.0,2.9375,0.0,3.0,7.0
rousseau2023_weak_monsoon_starts,135.19999999999956,0.0,2.9375,0.0,3.0,7.0
rousseau2023_weak_monsoon_starts,135.39999999999955,0.0,2.9375,0.0,3.0,7.0
rousseau2023_weak_monsoon_starts,135.59999999999957,0.0,2.9375,0.0,3.0,7.0
rousseau2023_weak_monsoon_starts,135.79999999999956,0.0,2.9375,0.0,3.0,7.0
rousseau2023_weak_monsoon_starts,135.99999999999955,0.0,2.9375,0.0,3.0,7.0
rousseau2023_weak_monsoon_starts,136.19999999999956,0.0,2.9375,0.0,3.0,7.0
rousseau2023_weak_monsoon_starts,136.39999999999955,0.0,2.9375,0.0,3.0,7.0
rousseau2023_weak_monsoon_starts,136.59999999999954,0.0,2.9375,0.0,3.0,7.0
rousseau2023_weak_monsoon_starts,136.79999999999956,0.0,2.9375,0.0,3.0,7.0
rousseau2023_weak_monsoon_starts,136.99999999999955,0.0,2.9375,0.0,3.0,7.0
rousseau2023_weak_monsoon_starts,137.19999999999953,0.0,2.9375,0.0,3.0,7.0
rousseau2023_weak_monsoon_starts,137.39999999999955,0.0,2.9375,0.0,3.0,7.0
rousseau2023_weak_monsoon_starts,137.59999999999954,0.0,2.9375,0.0,3.0,7.0
rousseau2023_weak_monsoon_starts,137.79999999999956,0.0,2.9375,0.0,3.0,7.0
rousseau2023_weak_monsoon_starts,137.99999999999955,0.0,2.9375,0.0,3.0,7.0
rousseau2023_weak_monsoon_starts,138.19999999999953,0.0,2.9375,0.0,3.0,7.0
rousseau2023_weak_monsoon_starts,138.39999999999955,0.0,2.9375,0.0,3.0,7.0
rousseau2023_weak_monsoon_starts,138.59999999999954,0.0,2.9375,0.0,3.0,7.0
rousseau2023_weak_monsoon_starts,138.79999999999956,0.0,2.9375,0.0,3.0,7.0
rousseau2023_weak_monsoon_starts,138.99999999999955,0.0,2.9375,0.0,3.0,7.0
rousseau2023_weak_monsoon_starts,139.19999999999953,0.0,2.9375,0.0,3.0,7.0
rousseau2023_weak_monsoon_starts,139.39999999999955,0.0,2.9375,0.0,3.0,7.0
rousseau2023_weak_monsoon_starts,139.59999999999954,0.0,2.9375,0.0,3.0,7.0
rousseau2023_weak_monsoon_starts,139.79999999999953,0.0,2.9375,0.0,3.0,7.0
rousseau2023_weak_monsoon_starts,139.99999999999955,0.0,2.9375,0.0,3.0,7.0
rousseau2023_weak_monsoon_starts,140.19999999999953,0.0,2.9375,0.0,3.0,7.0
rousseau2023_weak_monsoon_starts,140.39999999999952,0.0,2.9375,0.0,3.0,7.0
rousseau2023_weak_monsoon_starts,140.59999999999954,0.0,2.9375,0.0,3.0,7.0
rousseau2023_weak_monsoon_starts,140.79999999999953,0.0,2.9375,0.0,3.0,7.0
rousseau2023_weak_monsoon_starts,140.99999999999955,0.0,2.9375,0.0,3.0,7.0
rousseau2023_weak_monsoon_starts,141.19999999999953,1.0,2.9375,0.0,3.0,7.0
rousseau2023_weak_monsoon_starts,141.39999999999952,1.0,2.9375,0.0,3.0,7.0
rousseau2023_weak_monsoon_starts,141.59999999999954,1.0,2.9375,0.0,3.0,7.0
rousseau2023_weak_monsoon_starts,141.79999999999953,1.0,2.9375,0.0,3.0,7.0
rousseau2023_weak_monsoon_starts,141.99999999999955,1.0,2.9375,0.0,3.0,7.0
rousseau2023_weak_monsoon_starts,142.19999999999953,1.0,2.9375,0.0,3.0,7.0
rousseau2023_weak_monsoon_starts,142.39999999999952,1.0,2.9375,0.0,3.0,7.0
rousseau2023_weak_monsoon_starts,142.59999999999954,1.0,2.9375,0.0,3.0,7.0
rousseau2023_weak_monsoon_starts,142.79999999999953,1.0,2.9375,0.0,3.0,7.0
rousseau2023_weak_monsoon_starts,142.99999999999952,1.0,2.9375,0.0,3.0,7.0
rousseau2023_weak_monsoon_starts,143.19999999999953,1.0,2.9375,0.0,3.0,7.0
rousseau2023_weak_monsoon_starts,143.39999999999952,1.0,2.9375,0.0,3.0,7.0
rousseau2023_weak_monsoon_starts,143.5999999999995,1.0,2.9375,0.0,3.0,7.0
rousseau2023_weak_monsoon_starts,143.79999999999953,1.0,2.9375,0.0,3.0,7.0
rousseau2023_weak_monsoon_starts,143.99999999999952,1.0,2.9375,0.0,3.0,7.0
rousseau2023_weak_monsoon_starts,144.19999999999953,1.0,2.9375,0.0,3.0,7.0
rousseau2023_weak_monsoon_starts,144.39999999999952,1.0,2.9375,0.0,3.0,7.0
rousseau2023_weak_monsoon_starts,144.5999999999995,1.0,2.9375,0.0,3.0,7.0
rousseau2023_weak_monsoon_starts,144.79999999999953,1.0,2.9375,0.0,3.0,7.0
rousseau2023_weak_monsoon_starts,144.99999999999952,1.0,2.9375,0.0,3.0,7.0
rousseau2023_weak_monsoon_starts,145.19999999999953,1.0,2.9375,0.0,3.0,7.0
rousseau2023_weak_monsoon_starts,145.39999999999952,1.0,2.9375,0.0,3.0,7.0
rousseau2023_weak_monsoon_starts,145.5999999999995,1.0,2.9375,0.0,3.0,7.0
rousseau2023_weak_monsoon_starts,145.79999999999953,1.0,2.9375,0.0,3.0,7.0
rousseau2023_weak_monsoon_starts,145.99999999999952,1.0,2.9375,0.0,3.0,7.0
rousseau2023_weak_monsoon_starts,146.1999999999995,1.0,2.9375,0.0,3.0,7.0
rousseau2023_weak_monsoon_starts,146.39999999999952,1.0,2.9375,0.0,3.0,7.0
rousseau2023_weak_monsoon_starts,146.5999999999995,1.0,2.9375,0.0,3.0,7.0
rousseau2023_weak_monsoon_starts,146.7999999999995,1.0,2.9375,0.0,3.0,7.0
rousseau2023_weak_monsoon_starts,146.99999999999952,1.0,2.9375,0.0,3.0,7.0
rousseau2023_weak_monsoon_starts,147.1999999999995,1.0,2.9375,0.0,3.0,7.0
rousseau2023_weak_monsoon_starts,147.39999999999952,1.0,2.9375,0.0,3.0,7.0
rousseau2023_weak_monsoon_starts,147.5999999999995,1.0,2.9375,0.0,3.0,7.0
rousseau2023_weak_monsoon_starts,147.7999999999995,1.0,2.9375,0.0,3.0,7.0
rousseau2023_weak_monsoon_starts,147.99999999999952,1.0,2.9375,0.0,3.0,7.0
rousseau2023_weak_monsoon_starts,148.1999999999995,1.0,2.9375,0.0,3.0,7.0
rousseau2023_weak_monsoon_starts,148.39999999999952,1.0,2.9375,0.0,3.0,7.0
rousseau2023_weak_monsoon_starts,148.5999999999995,1.0,2.9375,0.0,3.0,7.0
rousseau2023_weak_monsoon_starts,148.7999999999995,1.0,2.9375,0.0,3.0,7.0
rousseau2023_weak_monsoon_starts,148.99999999999952,2.0,2.9375,0.0,3.0,7.0
rousseau2023_weak_monsoon_starts,149.1999999999995,2.0,2.9375,0.0,3.0,7.0
rousseau2023_weak_monsoon_starts,149.3999999999995,2.0,2.9375,0.0,3.0,7.0
rousseau2023_weak_monsoon_starts,149.5999999999995,2.0,2.9375,0.0,3.0,7.0
rousseau2023_weak_monsoon_starts,149.7999999999995,2.0,2.9375,0.0,3.0,7.0
rousseau2023_weak_monsoon_starts,149.9999999999995,2.0,2.9375,0.0,3.0,7.0
rousseau2023_weak_monsoon_starts,150.1999999999995,2.0,2.9375,0.0,3.0,7.0
rousseau2023_weak_monsoon_starts,150.3999999999995,2.0,2.9375,0.0,3.0,7.0
rousseau2023_weak_monsoon_starts,150.5999999999995,2.0,2.9375,0.0,3.0,7.0
rousseau2023_weak_monsoon_starts,150.7999999999995,2.0,2.9375,0.0,3.0,7.0
rousseau2023_weak_monsoon_starts,150.9999999999995,2.0,2.9375,0.0,3.0,7.0
rousseau2023_weak_monsoon_starts,151.1999999999995,2.0,2.9375,0.0,3.0,7.0
rousseau2023_weak_monsoon_starts,151.3999999999995,2.0,2.9375,0.0,3.0,7.0
rousseau2023_weak_monsoon_starts,151.5999999999995,2.0,2.9375,0.0,3.0,7.0
rousseau2023_weak_monsoon_starts,151.7999999999995,2.0,2.9375,0.0,3.0,7.0
rousseau2023_weak_monsoon_starts,151.9999999999995,2.0,2.9375,0.0,3.0,7.0
rousseau2023_weak_monsoon_starts,152.1999999999995,3.0,2.9375,0.0,3.0,7.0
rousseau2023_weak_monsoon_starts,152.3999999999995,3.0,2.9375,0.0,3.0,7.0
rousseau2023_weak_monsoon_starts,152.59999999999948,3.0,2.9375,0.0,3.0,7.0
rousseau2023_weak_monsoon_starts,152.7999999999995,3.0,2.9375,0.0,3.0,7.0
rousseau2023_weak_monsoon_starts,152.9999999999995,3.0,2.9375,0.0,3.0,7.0
rousseau2023_weak_monsoon_starts,153.19999999999948,3.0,2.9375,0.0,3.0,7.0
rousseau2023_weak_monsoon_starts,153.3999999999995,3.0,2.9375,0.0,3.0,7.0
rousseau2023_weak_monsoon_starts,153.59999999999948,3.0,2.9375,0.0,3.0,7.0
rousseau2023_weak_monsoon_starts,153.7999999999995,3.0,2.9375,0.0,3.0,7.0
rousseau2023_weak_monsoon_starts,153.9999999999995,3.0,2.9375,0.0,3.0,7.0
rousseau2023_weak_monsoon_starts,154.19999999999948,3.0,2.9375,0.0,3.0,7.0
rousseau2023_weak_monsoon_starts,154.3999999999995,3.0,2.9375,0.0,3.0,7.0
rousseau2023_weak_monsoon_starts,154.59999999999948,3.0,2.9375,0.0,3.0,7.0
rousseau2023_weak_monsoon_starts,154.7999999999995,3.0,2.9375,0.0,3.0,7.0
rousseau2023_weak_monsoon_starts,154.9999999999995,3.0,2.9375,0.0,3.0,7.0
rousseau2023_weak_monsoon_starts,155.19999999999948,4.0,2.9375,0.0,3.0,7.0
rousseau2023_weak_monsoon_starts,155.3999999999995,4.0,2.9375,0.0,3.0,7.0
rousseau2023_weak_monsoon_starts,155.59999999999948,4.0,2.9375,0.0,3.0,7.0
rousseau2023_weak_monsoon_starts,155.79999999999947,4.0,2.9375,0.0,3.0,7.0
rousseau2023_weak_monsoon_starts,155.9999999999995,4.0,2.9375,0.0,3.0,7.0
rousseau2023_weak_monsoon_starts,156.19999999999948,4.0,2.9375,0.0,3.0,7.0
rousseau2023_weak_monsoon_starts,156.39999999999947,4.0,2.9375,0.0,3.0,7.0
rousseau2023_weak_monsoon_starts,156.59999999999948,4.0,2.9375,0.0,3.0,7.0
rousseau2023_weak_monsoon_starts,156.79999999999947,4.0,2.9375,0.0,3.0,7.0
rousseau2023_weak_monsoon_starts,156.9999999999995,5.0,2.9375,0.0,3.0,7.0
rousseau2023_weak_monsoon_starts,157.19999999999948,5.0,2.9375,0.0,3.0,7.0
rousseau2023_weak_monsoon_starts,157.39999999999947,5.0,2.9375,0.0,3.0,7.0
rousseau2023_weak_monsoon_starts,157.59999999999948,5.0,2.9375,0.0,3.0,7.0
rousseau2023_weak_monsoon_starts,157.79999999999947,5.0,2.9375,0.0,3.0,7.0
rousseau2023_weak_monsoon_starts,157.9999999999995,5.0,2.9375,0.0,3.0,7.0
rousseau2023_weak_monsoon_starts,158.19999999999948,5.0,2.9375,0.0,3.0,7.0
rousseau2023_weak_monsoon_starts,158.39999999999947,5.0,2.9375,0.0,3.0,7.0
rousseau2023_weak_monsoon_starts,158.59999999999948,5.0,2.9375,0.0,3.0,7.0
rousseau2023_weak_monsoon_starts,158.79999999999947,5.0,2.9375,0.0,3.0,7.0
rousseau2023_weak_monsoon_starts,158.99999999999946,5.0,2.9375,0.0,3.0,7.0
rousseau2023_weak_monsoon_starts,159.19999999999948,5.0,2.9375,0.0,3.0,7.0
rousseau2023_weak_monsoon_starts,159.39999999999947,5.0,2.9375,0.0,3.0,7.0
rousseau2023_weak_monsoon_starts,159.59999999999945,5.0,2.9375,0.0,3.0,7.0
rousseau2023_weak_monsoon_starts,159.79999999999947,5.0,2.9375,0.0,3.0,7.0
rousseau2023_weak_monsoon_starts,159.99999999999946,5.0,2.9375,0.0,3.0,7.0
rousseau2023_weak_monsoon_starts,160.19999999999948,5.0,2.9375,0.0,3.0,7.0
rousseau2023_weak_monsoon_starts,160.39999999999947,6.0,2.9375,0.0,3.0,7.0
rousseau2023_weak_monsoon_starts,160.59999999999945,6.0,2.9375,0.0,3.0,7.0
rousseau2023_weak_monsoon_starts,160.79999999999947,6.0,2.9375,0.0,3.0,7.0
rousseau2023_weak_monsoon_starts,160.99999999999946,6.0,2.9375,0.0,3.0,7.0
rousseau2023_weak_monsoon_starts,161.19999999999948,6.0,2.9375,0.0,3.0,7.0
rousseau2023_weak_monsoon_starts,161.39999999999947,6.0,2.9375,0.0,3.0,7.0
rousseau2023_weak_monsoon_starts,161.59999999999945,6.0,2.9375,0.0,3.0,7.0
rousseau2023_weak_monsoon_starts,161.79999999999947,6.0,2.9375,0.0,3.0,7.0
rousseau2023_weak_monsoon_starts,161.99999999999946,6.0,2.9375,0.0,3.0,7.0
rousseau2023_weak_monsoon_starts,162.19999999999945,6.0,2.9375,0.0,3.0,7.0
rousseau2023_weak_monsoon_starts,162.39999999999947,6.0,2.9375,0.0,3.0,7.0
rousseau2023_weak_monsoon_starts,162.59999999999945,6.0,2.9375,0.0,3.0,7.0
rousseau2023_weak_monsoon_starts,162.79999999999944,6.0,2.9375,0.0,3.0,7.0
rousseau2023_weak_monsoon_starts,162.99999999999946,6.0,2.9375,0.0,3.0,7.0
rousseau2023_weak_monsoon_starts,163.19999999999945,6.0,2.9375,0.0,3.0,7.0
rousseau2023_weak_monsoon_starts,163.39999999999947,6.0,2.9375,0.0,3.0,7.0
rousseau2023_weak_monsoon_starts,163.59999999999945,6.0,2.9375,0.0,3.0,7.0
rousseau2023_weak_monsoon_starts,163.79999999999944,6.0,2.9375,0.0,3.0,7.0
rousseau2023_weak_monsoon_starts,163.99999999999946,6.0,2.9375,0.0,3.0,7.0
rousseau2023_weak_monsoon_starts,164.19999999999945,6.0,2.9375,0.0,3.0,7.0
rousseau2023_weak_monsoon_starts,164.39999999999947,6.0,2.9375,0.0,3.0,6.0
rousseau2023_weak_monsoon_starts,164.59999999999945,6.0,2.9375,0.0,3.0,6.0
rousseau2023_weak_monsoon_starts,164.79999999999944,6.0,2.9375,0.0,3.0,6.0
rousseau2023_weak_monsoon_starts,164.99999999999946,7.0,2.9375,0.0,3.0,6.0
rousseau2023_weak_monsoon_starts,165.19999999999945,7.0,2.9375,0.0,3.0,7.0
rousseau2023_weak_monsoon_starts,165.39999999999944,7.0,2.9375,0.0,3.0,7.0
rousseau2023_weak_monsoon_starts,165.59999999999945,7.0,2.9375,0.0,3.0,7.0
rousseau2023_weak_monsoon_starts,165.79999999999944,7.0,2.9375,0.0,3.0,6.0
rousseau2023_weak_monsoon_starts,165.99999999999943,7.0,2.9375,0.0,3.0,6.0
rousseau2023_weak_monsoon_starts,166.19999999999945,7.0,2.9375,0.0,3.0,7.0
rousseau2023_weak_monsoon_starts,166.39999999999944,7.0,2.9375,0.0,3.0,7.0
rousseau2023_weak_monsoon_starts,166.59999999999945,7.0,2.9375,0.0,3.0,7.0
rousseau2023_weak_monsoon_starts,166.79999999999944,7.0,2.9375,0.0,3.0,7.0
rousseau2023_weak_monsoon_starts,166.99999999999943,7.0,2.9375,0.0,3.0,7.0
rousseau2023_weak_monsoon_starts,167.19999999999945,7.0,2.9375,0.0,3.0,7.0
rousseau2023_weak_monsoon_starts,167.39999999999944,7.0,2.9375,0.0,3.0,7.0
rousseau2023_weak_monsoon_starts,167.59999999999945,7.0,2.9375,0.0,3.0,7.0
rousseau2023_weak_monsoon_starts,167.79999999999944,7.0,2.9375,0.0,3.0,7.0
rousseau2023_weak_monsoon_starts,167.99999999999943,7.0,2.9375,0.0,3.0,7.0
rousseau2023_weak_monsoon_starts,168.19999999999945,7.0,2.9375,0.0,3.0,7.0
rousseau2023_weak_monsoon_starts,168.39999999999944,7.0,2.9375,0.0,3.0,7.0
rousseau2023_weak_monsoon_starts,168.59999999999943,7.0,2.9375,0.0,3.0,7.0
rousseau2023_weak_monsoon_starts,168.79999999999944,7.0,2.9375,0.0,3.0,7.0
rousseau2023_weak_monsoon_starts,168.99999999999943,6.0,2.9375,0.0,3.0,7.0
rousseau2023_weak_monsoon_starts,169.19999999999942,6.0,2.9375,0.0,3.0,7.0
rousseau2023_weak_monsoon_starts,169.39999999999944,6.0,2.9375,0.0,3.0,7.0
rousseau2023_weak_monsoon_starts,169.59999999999943,6.0,2.9375,0.0,3.0,7.0
rousseau2023_weak_monsoon_starts,169.79999999999944,7.0,2.9375,0.0,3.0,7.0
rousseau2023_weak_monsoon_starts,169.99999999999943,7.0,2.9375,0.0,3.0,7.0
rousseau2023_weak_monsoon_starts,170.19999999999942,7.0,2.9375,0.0,3.0,7.0
rousseau2023_weak_monsoon_starts,170.39999999999944,7.0,2.9375,0.0,3.0,7.0
rousseau2023_weak_monsoon_starts,170.59999999999943,7.0,2.9375,0.0,3.0,7.0
rousseau2023_weak_monsoon_starts,170.79999999999944,7.0,2.9375,0.0,3.0,7.0
rousseau2023_weak_monsoon_starts,170.99999999999943,7.0,2.9375,0.0,3.0,7.0
rousseau2023_weak_monsoon_starts,171.19999999999942,7.0,2.9375,0.0,3.0,7.0
rousseau2023_weak_monsoon_starts,171.39999999999944,7.0,2.9375,0.0,3.0,7.0
rousseau2023_weak_monsoon_starts,171.59999999999943,7.0,2.9375,0.0,3.0,7.0
rousseau2023_weak_monsoon_starts,171.79999999999941,7.0,2.9375,0.0,3.0,7.0
rousseau2023_weak_monsoon_starts,171.99999999999943,7.0,2.9375,0.0,3.0,7.0
rousseau2023_weak_monsoon_starts,172.19999999999942,6.0,2.9375,0.0,3.0,6.0
rousseau2023_weak_monsoon_starts,172.3999999999994,6.0,2.9375,0.0,3.0,7.0
rousseau2023_weak_monsoon_starts,172.59999999999943,6.0,2.9375,0.0,3.0,6.0249023
rousseau2023_weak_monsoon_starts,172.79999999999941,6.0,2.9375,0.0,3.0,6.0249023
rousseau2023_weak_monsoon_starts,172.99999999999943,6.0,2.9375,0.0,3.0,6.0
rousseau2023_weak_monsoon_starts,173.19999999999942,6.0,2.9375,0.0,3.0,6.0
rousseau2023_weak_monsoon_starts,173.3999999999994,6.0,2.9375,0.0,3.0,7.0
rousseau2023_weak_monsoon_starts,173.59999999999943,6.0,2.9375,0.0,3.0,6.0
rousseau2023_weak_monsoon_starts,173.79999999999941,6.0,2.9375,0.0,3.0,6.0249023
rousseau2023_weak_monsoon_starts,173.99999999999943,6.0,2.9375,0.0,3.0,7.0
rousseau2023_weak_monsoon_starts,174.19999999999942,6.0,2.9375,0.0,3.0,7.0
rousseau2023_weak_monsoon_starts,174.3999999999994,6.0,2.9375,0.0,3.0,7.0
rousseau2023_weak_monsoon_starts,174.59999999999943,6.0,2.9375,0.0,3.0,7.0
rousseau2023_weak_monsoon_starts,174.79999999999941,6.0,2.9375,0.0,3.0,7.0
rousseau2023_weak_monsoon_starts,174.9999999999994,6.0,2.9375,0.0,3.0,7.0
rousseau2023_weak_monsoon_starts,175.19999999999942,5.0,2.9375,0.0,3.0,7.0
rousseau2023_weak_monsoon_starts,175.3999999999994,5.0,2.9375,0.0,3.0,7.0
rousseau2023_weak_monsoon_starts,175.5999999999994,5.0,2.9375,0.0,3.0,7.0
rousseau2023_weak_monsoon_starts,175.79999999999941,5.0,2.9375,0.0,3.0,7.0
rousseau2023_weak_monsoon_starts,175.9999999999994,5.0,2.9375,0.0,3.0,7.0
rousseau2023_weak_monsoon_starts,176.19999999999942,5.0,2.9375,0.0,3.0,7.0
rousseau2023_weak_monsoon_starts,176.3999999999994,5.0,2.9375,0.0,3.0,7.0
rousseau2023_weak_monsoon_starts,176.5999999999994,5.0,2.9375,0.0,3.0,7.0
rousseau2023_weak_monsoon_starts,176.79999999999941,5.0,2.9375,0.0,3.0,7.0
rousseau2023_weak_monsoon_starts,176.9999999999994,4.0,2.9375,0.0,3.0,7.0
rousseau2023_weak_monsoon_starts,177.19999999999942,4.0,2.9375,0.0,3.0,7.0
rousseau2023_weak_monsoon_starts,177.3999999999994,4.0,2.9375,0.0,3.0,7.0
rousseau2023_weak_monsoon_starts,177.5999999999994,4.0,2.9375,0.0,3.0,7.0
rousseau2023_weak_monsoon_starts,177.79999999999941,5.0,2.9375,0.0,3.0,7.0
rousseau2023_weak_monsoon_starts,177.9999999999994,5.0,2.9375,0.0,3.0,7.0
rousseau2023_weak_monsoon_starts,178.1999999999994,5.0,2.9375,0.0,3.0,7.0
rousseau2023_weak_monsoon_starts,178.3999999999994,5.0,2.9375,0.0,3.0,7.0
rousseau2023_weak_monsoon_starts,178.5999999999994,5.0,2.9375,0.0,3.0,7.0
rousseau2023_weak_monsoon_starts,178.7999999999994,5.0,2.9375,0.0,3.0,7.0
rousseau2023_weak_monsoon_starts,178.9999999999994,5.0,2.9375,0.0,3.0,7.0
rousseau2023_weak_monsoon_starts,179.1999999999994,5.0,2.9375,0.0,3.0,7.0
rousseau2023_weak_monsoon_starts,179.3999999999994,5.0,2.9375,0.0,3.0,7.0
rousseau2023_weak_monsoon_starts,179.5999999999994,5.0,2.9375,0.0,3.0,7.0
rousseau2023_weak_monsoon_starts,179.7999999999994,5.0,2.9375,0.0,3.0,7.0
rousseau2023_weak_monsoon_starts,179.9999999999994,5.0,2.9375,0.0,3.0,7.0
rousseau2023_weak_monsoon_starts,180.1999999999994,5.0,2.9375,0.0,3.0,7.0
rousseau2023_weak_monsoon_starts,180.3999999999994,4.0,2.9375,0.0,3.0,7.0
rousseau2023_weak_monsoon_starts,180.5999999999994,4.0,2.9375,0.0,3.0,7.0
rousseau2023_weak_monsoon_starts,180.7999999999994,4.0,2.9375,0.0,3.0,7.0
rousseau2023_weak_monsoon_starts,180.9999999999994,4.0,2.9375,0.0,3.0,7.0
rousseau2023_weak_monsoon_starts,181.1999999999994,3.0,2.9375,0.0,3.0,7.0
rousseau2023_weak_monsoon_starts,181.39999999999938,3.0,2.9375,0.0,3.0,7.0
rousseau2023_weak_monsoon_starts,181.5999999999994,3.0,2.9375,0.0,3.0,7.0
rousseau2023_weak_monsoon_starts,181.7999999999994,4.0,2.9375,0.0,3.0,7.0
rousseau2023_weak_monsoon_starts,181.99999999999937,4.0,2.9375,0.0,3.0,7.0
rousseau2023_weak_monsoon_starts,182.1999999999994,4.0,2.9375,0.0,3.0,7.0
rousseau2023_weak_monsoon_starts,182.39999999999938,4.0,2.9375,0.0,3.0,7.0
rousseau2023_weak_monsoon_starts,182.5999999999994,4.0,2.9375,0.0,3.0,7.0
rousseau2023_weak_monsoon_starts,182.7999999999994,4.0,2.9375,0.0,3.0,7.0
rousseau2023_weak_monsoon_starts,182.99999999999937,4.0,2.9375,0.0,3.0,7.0
rousseau2023_weak_monsoon_starts,183.1999999999994,4.0,2.9375,0.0,3.0,7.0
rousseau2023_weak_monsoon_starts,183.39999999999938,5.0,2.9375,0.0,3.0,7.0
rousseau2023_weak_monsoon_starts,183.5999999999994,5.0,2.9375,0.0,3.0,7.0
rousseau2023_weak_monsoon_starts,183.7999999999994,5.0,2.9375,0.0,3.0,7.0
rousseau2023_weak_monsoon_starts,183.99999999999937,5.0,2.9375,0.0,3.0,7.0
rousseau2023_weak_monsoon_starts,184.1999999999994,5.0,2.9375,0.0,3.0,7.0
rousseau2023_weak_monsoon_starts,184.39999999999938,5.0,2.9375,0.0,3.0,6.0
rousseau2023_weak_monsoon_starts,184.59999999999937,5.0,2.9375,0.0,3.0,7.0
rousseau2023_weak_monsoon_starts,184.7999999999994,5.0,2.9375,0.0,3.0,7.0
rousseau2023_weak_monsoon_starts,184.99999999999937,4.0,2.9375,0.0,3.0,7.0
rousseau2023_weak_monsoon_starts,185.19999999999936,4.0,2.9375,0.0,3.0,7.0
rousseau2023_weak_monsoon_starts,185.39999999999938,4.0,2.9375,0.0,3.0,7.0
rousseau2023_weak_monsoon_starts,185.59999999999937,4.0,2.9375,0.0,3.0,7.0
rousseau2023_weak_monsoon_starts,185.7999999999994,4.0,2.9375,0.0,3.0,7.0
rousseau2023_weak_monsoon_starts,185.99999999999937,4.0,2.9375,0.0,3.0,7.0
rousseau2023_weak_monsoon_starts,186.19999999999936,4.0,2.9375,0.0,3.0,7.0
rousseau2023_weak_monsoon_starts,186.39999999999938,4.0,2.9375,0.0,3.0,7.0
rousseau2023_weak_monsoon_starts,186.59999999999937,4.0,2.9375,0.0,3.0,7.0
rousseau2023_weak_monsoon_starts,186.7999999999994,4.0,2.9375,0.0,3.0,7.0
rousseau2023_weak_monsoon_starts,186.99999999999937,4.0,2.9375,0.0,3.0,7.0
rousseau2023_weak_monsoon_starts,187.19999999999936,4.0,2.9375,0.0,3.0,7.0
rousseau2023_weak_monsoon_starts,187.39999999999938,4.0,2.9375,0.0,3.0,7.0
rousseau2023_weak_monsoon_starts,187.59999999999937,4.0,2.9375,0.0,3.0,7.0
rousseau2023_weak_monsoon_starts,187.79999999999936,4.0,2.9375,0.0,3.0,7.0
rousseau2023_weak_monsoon_starts,187.99999999999937,4.0,2.9375,0.0,3.0,7.0
rousseau2023_weak_monsoon_starts,188.19999999999936,4.0,2.9375,0.0,3.0,7.0
rousseau2023_weak_monsoon_starts,188.39999999999935,4.0,2.9375,0.0,3.0,7.0
rousseau2023_weak_monsoon_starts,188.59999999999937,4.0,2.9375,0.0,3.0,7.0
rousseau2023_weak_monsoon_starts,188.79999999999936,4.0,2.9375,0.0,3.0,7.0
rousseau2023_weak_monsoon_starts,188.99999999999937,4.0,2.9375,0.0,3.0,7.0
rousseau2023_weak_monsoon_starts,189.19999999999936,4.0,2.9375,0.0,3.0,7.0
rousseau2023_weak_monsoon_starts,189.39999999999935,4.0,2.9375,0.0,3.0,7.0
rousseau2023_weak_monsoon_starts,189.59999999999937,4.0,2.9375,0.0,3.0,7.0
rousseau2023_weak_monsoon_starts,189.79999999999936,3.0,2.9375,0.0,3.0,7.0
rousseau2023_weak_monsoon_starts,189.99999999999937,3.0,2.9375,0.0,3.0,7.0
rousseau2023_weak_monsoon_starts,190.19999999999936,3.0,2.9375,0.0,3.0,7.0
rousseau2023_weak_monsoon_starts,190.39999999999935,3.0,2.9375,0.0,3.0,7.0
rousseau2023_weak_monsoon_starts,190.59999999999937,3.0,2.9375,0.0,3.0,7.0
rousseau2023_weak_monsoon_starts,190.79999999999936,3.0,2.9375,0.0,3.0,7.0
rousseau2023_weak_monsoon_starts,190.99999999999935,3.0,2.9375,0.0,3.0,7.0
rousseau2023_weak_monsoon_starts,191.19999999999936,4.0,2.9375,0.0,3.0,7.0
rousseau2023_weak_monsoon_starts,191.39999999999935,4.0,2.9375,0.0,3.0,7.0
rousseau2023_weak_monsoon_starts,191.59999999999934,4.0,2.9375,0.0,3.0,7.0
rousseau2023_weak_monsoon_starts,191.79999999999936,4.0,2.9375,0.0,3.0,7.0
rousseau2023_weak_monsoon_starts,191.99999999999935,4.0,2.9375,0.0,3.0,7.0
rousseau2023_weak_monsoon_starts,192.19999999999936,4.0,2.9375,0.0,3.0,7.0
rousseau2023_weak_monsoon_starts,192.39999999999935,4.0,2.9375,0.0,3.0,7.0
rousseau2023_weak_monsoon_starts,192.59999999999934,4.0,2.9375,0.0,3.0,7.0
rousseau2023_weak_monsoon_starts,192.79999999999936,4.0,2.9375,0.0,3.0,7.0
rousseau2023_weak_monsoon_starts,192.99999999999935,4.0,2.9375,0.0,3.0,7.0
rousseau2023_weak_monsoon_starts,193.19999999999936,4.0,2.9375,0.0,3.0,7.0
rousseau2023_weak_monsoon_starts,193.39999999999935,4.0,2.9375,0.0,3.0,7.0
rousseau2023_weak_monsoon_starts,193.59999999999934,4.0,2.9375,0.0,3.0,7.0
rousseau2023_weak_monsoon_starts,193.79999999999936,4.0,2.9375,0.0,3.0,7.0
rousseau2023_weak_monsoon_starts,193.99999999999935,4.0,2.9375,0.0,3.0,7.0
rousseau2023_weak_monsoon_starts,194.19999999999933,4.0,2.9375,0.0,3.0,7.0
rousseau2023_weak_monsoon_starts,194.39999999999935,4.0,2.9375,0.0,3.0,7.0
rousseau2023_weak_monsoon_starts,194.59999999999934,4.0,2.9375,0.0,3.0,7.0
rousseau2023_weak_monsoon_starts,194.79999999999933,4.0,2.9375,0.0,3.0,7.0
rousseau2023_weak_monsoon_starts,194.99999999999935,4.0,2.9375,0.0,3.0,7.0
rousseau2023_weak_monsoon_starts,195.19999999999933,4.0,2.9375,0.0,3.0,7.0
rousseau2023_weak_monsoon_starts,195.39999999999935,4.0,2.9375,0.0,3.0,7.0
rousseau2023_weak_monsoon_starts,195.59999999999934,4.0,2.9375,0.0,3.0,6.0
rousseau2023_weak_monsoon_starts,195.79999999999933,4.0,2.9375,0.0,3.0,7.0
rousseau2023_weak_monsoon_starts,195.99999999999935,4.0,2.9375,0.0,3.0,6.0
rousseau2023_weak_monsoon_starts,196.19999999999933,4.0,2.9375,0.0,3.0,7.0
rousseau2023_weak_monsoon_starts,196.39999999999935,4.0,2.9375,0.0,3.0,6.0
rousseau2023_weak_monsoon_starts,196.59999999999934,4.0,2.9375,0.0,3.0,7.0
rousseau2023_weak_monsoon_starts,196.79999999999933,4.0,2.9375,0.0,3.0,7.0
rousseau2023_weak_monsoon_starts,196.99999999999935,4.0,2.9375,0.0,3.0,7.0
rousseau2023_weak_monsoon_starts,197.19999999999933,4.0,2.9375,0.0,3.0,6.0
rousseau2023_weak_monsoon_starts,197.39999999999932,4.0,2.9375,0.0,3.0,6.0249023
rousseau2023_weak_monsoon_starts,197.59999999999934,4.0,2.9375,0.0,3.0,7.0
rousseau2023_weak_monsoon_starts,197.79999999999933,3.0,2.9375,0.0,3.0,7.0
rousseau2023_weak_monsoon_starts,197.99999999999932,3.0,2.9375,0.0,3.0,7.0
rousseau2023_weak_monsoon_starts,198.19999999999933,3.0,2.9375,0.0,3.0,7.0
rousseau2023_weak_monsoon_starts,198.39999999999932,3.0,2.9375,0.0,3.0,7.0
rousseau2023_weak_monsoon_starts,198.59999999999934,3.0,2.9375,0.0,3.0,7.0
rousseau2023_weak_monsoon_starts,198.79999999999933,3.0,2.9375,0.0,3.0,7.0
rousseau2023_weak_monsoon_starts,198.99999999999932,3.0,2.9375,0.0,3.0,7.0
rousseau2023_weak_monsoon_starts,199.19999999999933,3.0,2.9375,0.0,3.0,7.0
rousseau2023_weak_monsoon_starts,199.39999999999932,4.0,2.9375,0.0,3.0,7.0
rousseau2023_weak_monsoon_starts,199.59999999999934,4.0,2.9375,0.0,3.0,7.0
rousseau2023_weak_monsoon_starts,199.79999999999933,4.0,2.9375,0.0,3.0,7.0
rousseau2023_weak_monsoon_starts,199.99999999999932,4.0,2.9375,0.0,3.0,7.0
rousseau2023_weak_monsoon_starts,200.19999999999933,4.0,2.9375,0.0,3.0,7.0
rousseau2023_weak_monsoon_starts,200.39999999999932,4.0,2.9375,0.0,3.0,7.0
rousseau2023_weak_monsoon_starts,200.5999999999993,4.0,2.9375,0.0,3.0,7.0
rousseau2023_weak_monsoon_starts,200.79999999999933,4.0,2.9375,0.0,3.0,7.0
rousseau2023_weak_monsoon_starts,200.99999999999932,4.0,2.9375,0.0,3.0,7.0
rousseau2023_weak_monsoon_starts,201.1999999999993,4.0,2.9375,0.0,3.0,7.0
rousseau2023_weak_monsoon_starts,201.39999999999932,4.0,2.9375,0.0,3.0,7.0
rousseau2023_weak_monsoon_starts,201.5999999999993,4.0,2.9375,0.0,3.0,7.0
rousseau2023_weak_monsoon_starts,201.79999999999933,3.0,2.9375,0.0,3.0,7.0
rousseau2023_weak_monsoon_starts,201.99999999999932,3.0,2.9375,0.0,3.0,7.0
rousseau2023_weak_monsoon_starts,202.1999999999993,3.0,2.9375,0.0,3.0,7.0
rousseau2023_weak_monsoon_starts,202.39999999999932,3.0,2.9375,0.0,3.0,7.0
rousseau2023_weak_monsoon_starts,202.5999999999993,3.0,2.9375,0.0,3.0,7.0
rousseau2023_weak_monsoon_starts,202.79999999999933,3.0,2.9375,0.0,3.0,7.0
rousseau2023_weak_monsoon_starts,202.99999999999932,3.0,2.9375,0.0,3.0,7.0
rousseau2023_weak_monsoon_starts,203.1999999999993,3.0,2.9375,0.0,3.0,7.0
rousseau2023_weak_monsoon_starts,203.39999999999932,2.0,2.9375,0.0,3.0,7.0
rousseau2023_weak_monsoon_starts,203.5999999999993,2.0,2.9375,0.0,3.0,7.0
rousseau2023_weak_monsoon_starts,203.7999999999993,2.0,2.9375,0.0,3.0,7.0
rousseau2023_weak_monsoon_starts,203.99999999999932,2.0,2.9375,0.0,3.0,7.0
rousseau2023_weak_monsoon_starts,204.1999999999993,2.0,2.9375,0.0,3.0,7.0
rousseau2023_weak_monsoon_starts,204.3999999999993,2.0,2.9375,0.0,3.0,7.0
rousseau2023_weak_monsoon_starts,204.5999999999993,2.0,2.9375,0.0,3.0,7.0
rousseau2023_weak_monsoon_starts,204.7999999999993,2.0,2.9375,0.0,3.0,7.0
rousseau2023_weak_monsoon_starts,204.99999999999932,2.0,2.9375,0.0,3.0,7.0
rousseau2023_weak_monsoon_starts,205.1999999999993,2.0,2.9375,0.0,3.0,7.0
rousseau2023_weak_monsoon_starts,205.3999999999993,2.0,2.9375,0.0,3.0,7.0
rousseau2023_weak_monsoon_starts,205.5999999999993,2.0,2.9375,0.0,3.0,7.0
rousseau2023_weak_monsoon_starts,205.7999999999993,2.0,2.9375,0.0,3.0,7.0
rousseau2023_weak_monsoon_starts,205.99999999999932,2.0,2.9375,0.0,3.0,7.0
rousseau2023_weak_monsoon_starts,206.1999999999993,2.0,2.9375,0.0,3.0,7.0
rousseau2023_weak_monsoon_starts,206.3999999999993,2.0,2.9375,0.0,3.0,7.0
rousseau2023_weak_monsoon_starts,206.5999999999993,2.0,2.9375,0.0,3.0,7.0
rousseau2023_weak_monsoon_starts,206.7999999999993,2.0,2.9375,0.0,3.0,7.0
rousseau2023_weak_monsoon_starts,206.9999999999993,2.0,2.9375,0.0,3.0,7.0
rousseau2023_weak_monsoon_starts,207.1999999999993,2.0,2.9375,0.0,3.0,7.0
rousseau2023_weak_monsoon_starts,207.3999999999993,2.0,2.9375,0.0,3.0,7.0
rousseau2023_weak_monsoon_starts,207.59999999999928,2.0,2.9375,0.0,3.0,7.0
rousseau2023_weak_monsoon_starts,207.7999999999993,2.0,2.9375,0.0,3.0,7.0
rousseau2023_weak_monsoon_starts,207.9999999999993,2.0,2.9375,0.0,3.0,7.0
rousseau2023_weak_monsoon_starts,208.1999999999993,2.0,2.9375,0.0,3.0,7.0
rousseau2023_weak_monsoon_starts,208.3999999999993,2.0,2.9375,0.0,3.0,7.0
rousseau2023_weak_monsoon_starts,208.59999999999928,2.0,2.9375,0.0,3.0,7.0
rousseau2023_weak_monsoon_starts,208.7999999999993,2.0,2.9375,0.0,3.0,7.0
rousseau2023_weak_monsoon_starts,208.9999999999993,2.0,2.9375,0.0,3.0,7.0
rousseau2023_weak_monsoon_starts,209.1999999999993,2.0,2.9375,0.0,3.0,7.0
rousseau2023_weak_monsoon_starts,209.3999999999993,2.0,2.9375,0.0,3.0,7.0
rousseau2023_weak_monsoon_starts,209.59999999999928,2.0,2.9375,0.0,3.0,7.0
rousseau2023_weak_monsoon_starts,209.7999999999993,2.0,2.9375,0.0,3.0,7.0
rousseau2023_weak_monsoon_starts,209.9999999999993,2.0,2.9375,0.0,3.0,7.0
rousseau2023_weak_monsoon_starts,210.19999999999928,2.0,2.9375,0.0,3.0,7.0
rousseau2023_weak_monsoon_starts,210.3999999999993,2.0,2.9375,0.0,3.0,7.0
rousseau2023_weak_monsoon_starts,210.59999999999928,2.0,2.9375,0.0,3.0,7.0
rousseau2023_weak_monsoon_starts,210.79999999999927,2.0,2.9375,0.0,3.0,7.0
rousseau2023_weak_monsoon_starts,210.9999999999993,2.0,2.9375,0.0,3.0,7.0
rousseau2023_weak_monsoon_starts,211.19999999999928,2.0,2.9375,0.0,3.0,7.0
rousseau2023_weak_monsoon_starts,211.3999999999993,2.0,2.9375,0.0,3.0,7.0
rousseau2023_weak_monsoon_starts,211.59999999999928,2.0,2.9375,0.0,3.0,7.0
rousseau2023_weak_monsoon_starts,211.79999999999927,2.0,2.9375,0.0,3.0,7.0
rousseau2023_weak_monsoon_starts,211.9999999999993,2.0,2.9375,0.0,3.0,7.0
rousseau2023_weak_monsoon_starts,212.19999999999928,2.0,2.9375,0.0,3.0,7.0
rousseau2023_weak_monsoon_starts,212.3999999999993,2.0,2.9375,0.0,3.0,7.0
rousseau2023_weak_monsoon_starts,212.59999999999928,2.0,2.9375,0.0,3.0,7.0
rousseau2023_weak_monsoon_starts,212.79999999999927,2.0,2.9375,0.0,3.0,7.0
rousseau2023_weak_monsoon_starts,212.9999999999993,2.0,2.9375,0.0,3.0,7.0
rousseau2023_weak_monsoon_starts,213.19999999999928,2.0,2.9375,0.0,3.0,7.0
rousseau2023_weak_monsoon_starts,213.39999999999927,2.0,2.9375,0.0,3.0,7.0
rousseau2023_weak_monsoon_starts,213.59999999999928,2.0,2.9375,0.0,3.0,7.0
rousseau2023_weak_monsoon_starts,213.79999999999927,2.0,2.9375,0.0,3.0,7.0
rousseau2023_weak_monsoon_starts,213.99999999999926,2.0,2.9375,0.0,3.0,7.0
rousseau2023_weak_monsoon_starts,214.19999999999928,2.0,2.9375,0.0,3.0,7.0
rousseau2023_weak_monsoon_starts,214.39999999999927,2.0,2.9375,0.0,3.0,7.0
rousseau2023_weak_monsoon_starts,214.59999999999928,2.0,2.9375,0.0,3.0,7.0
rousseau2023_weak_monsoon_starts,214.79999999999927,2.0,2.9375,0.0,3.0,7.0
rousseau2023_weak_monsoon_starts,214.99999999999926,2.0,2.9375,0.0,3.0,7.0
rousseau2023_weak_monsoon_starts,215.19999999999928,2.0,2.9375,0.0,3.0,6.0
rousseau2023_weak_monsoon_starts,215.39999999999927,2.0,2.9375,0.0,3.0,6.0
rousseau2023_weak_monsoon_starts,215.59999999999928,2.0,2.9375,0.0,3.0,6.0
rousseau2023_weak_monsoon_starts,215.79999999999927,2.0,2.9375,0.0,3.0,7.0
rousseau2023_weak_monsoon_starts,215.99999999999926,2.0,2.9375,0.0,3.0,7.0
rousseau2023_weak_monsoon_starts,216.19999999999928,2.0,2.9375,0.0,3.0,7.0
rousseau2023_weak_monsoon_starts,216.39999999999927,2.0,2.9375,0.0,3.0,7.0
rousseau2023_weak_monsoon_starts,216.59999999999926,2.0,2.9375,0.0,3.0,7.0
rousseau2023_weak_monsoon_starts,216.79999999999927,2.0,2.9375,0.0,3.0,7.0
rousseau2023_weak_monsoon_starts,216.99999999999926,2.0,2.9375,0.0,3.0,7.0
rousseau2023_weak_monsoon_starts,217.19999999999925,2.0,2.9375,0.0,3.0,7.0
rousseau2023_weak_monsoon_starts,217.39999999999927,2.0,2.9375,0.0,3.0,7.0
rousseau2023_weak_monsoon_starts,217.59999999999926,2.0,2.9375,0.0,3.0,7.0
rousseau2023_weak_monsoon_starts,217.79999999999927,2.0,2.9375,0.0,3.0,7.0
rousseau2023_weak_monsoon_starts,217.99999999999926,2.0,2.9375,0.0,3.0,7.0
rousseau2023_weak_monsoon_starts,218.19999999999925,2.0,2.9375,0.0,3.0,7.0
rousseau2023_weak_monsoon_starts,218.39999999999927,2.0,2.9375,0.0,3.0,7.0
rousseau2023_weak_monsoon_starts,218.59999999999926,2.0,2.9375,0.0,3.0,7.0
rousseau2023_weak_monsoon_starts,218.79999999999927,3.0,2.9375,0.0,3.0,7.0
rousseau2023_weak_monsoon_starts,218.99999999999926,3.0,2.9375,0.0,3.0,7.0
rousseau2023_weak_monsoon_starts,219.19999999999925,3.0,2.9375,0.0,3.0,7.0
rousseau2023_weak_monsoon_starts,219.39999999999927,2.0,2.9375,0.0,3.0,7.0
rousseau2023_weak_monsoon_starts,219.59999999999926,2.0,2.9375,0.0,3.0,7.0
rousseau2023_weak_monsoon_starts,219.79999999999924,2.0,2.9375,0.0,3.0,7.0
rousseau2023_weak_monsoon_starts,219.99999999999926,2.0,2.9375,0.0,3.0,7.0
rousseau2023_weak_monsoon_starts,220.19999999999925,2.0,2.9375,0.0,3.0,7.0
rousseau2023_weak_monsoon_starts,220.39999999999924,2.0,2.9375,0.0,3.0,7.0
rousseau2023_weak_monsoon_starts,220.59999999999926,2.0,2.9375,0.0,3.0,7.0
rousseau2023_weak_monsoon_starts,220.79999999999924,2.0,2.9375,0.0,3.0,7.0
rousseau2023_weak_monsoon_starts,220.99999999999926,2.0,2.9375,0.0,3.0,7.0
rousseau2023_weak_monsoon_starts,221.19999999999925,2.0,2.9375,0.0,3.0,7.0
rousseau2023_weak_monsoon_starts,221.39999999999924,2.0,2.9375,0.0,3.0,7.0
rousseau2023_weak_monsoon_starts,221.59999999999926,2.0,2.9375,0.0,3.0,7.0
rousseau2023_weak_monsoon_starts,221.79999999999924,2.0,2.9375,0.0,3.0,7.0
rousseau2023_weak_monsoon_starts,221.99999999999926,2.0,2.9375,0.0,3.0,7.0
rousseau2023_weak_monsoon_starts,222.19999999999925,2.0,2.9375,0.0,3.0,7.0
rousseau2023_weak_monsoon_starts,222.39999999999924,2.0,2.9375,0.0,3.0,7.0
rousseau2023_weak_monsoon_starts,222.59999999999926,2.0,2.9375,0.0,3.0,7.0
rousseau2023_weak_monsoon_starts,222.79999999999924,3.0,2.9375,0.0,3.0,7.0
rousseau2023_weak_monsoon_starts,222.99999999999923,3.0,2.9375,0.0,3.0,7.0
rousseau2023_weak_monsoon_starts,223.19999999999925,3.0,2.9375,0.0,3.0,7.0
rousseau2023_weak_monsoon_starts,223.39999999999924,3.0,2.9375,0.0,3.0,7.0
rousseau2023_weak_monsoon_starts,223.59999999999923,3.0,2.9375,0.0,3.0,7.0
rousseau2023_weak_monsoon_starts,223.79999999999924,3.0,2.9375,0.0,3.0,7.0
rousseau2023_weak_monsoon_starts,223.99999999999923,3.0,2.9375,0.0,3.0,7.0
rousseau2023_weak_monsoon_starts,224.19999999999925,4.0,2.9375,0.0,3.0,7.0
rousseau2023_weak_monsoon_starts,224.39999999999924,4.0,2.9375,0.0,3.0,7.0
rousseau2023_weak_monsoon_starts,224.59999999999923,4.0,2.9375,0.0,3.0,7.0
rousseau2023_weak_monsoon_starts,224.79999999999924,4.0,2.9375,0.0,3.0,7.0
rousseau2023_weak_monsoon_starts,224.99999999999923,4.0,2.9375,0.0,3.0,7.0
rousseau2023_weak_monsoon_starts,225.19999999999925,4.0,2.9375,0.0,3.0,6.0
rousseau2023_weak_monsoon_starts,225.39999999999924,4.0,2.9375,0.0,3.0,6.0
rousseau2023_weak_monsoon_starts,225.59999999999923,4.0,2.9375,0.0,3.0,6.0
rousseau2023_weak_monsoon_starts,225.79999999999924,4.0,2.9375,0.0,3.0,6.0
rousseau2023_weak_monsoon_starts,225.99999999999923,4.0,2.9375,0.0,3.0,6.0
rousseau2023_weak_monsoon_starts,226.19999999999922,4.0,2.9375,0.0,3.0,6.0
rousseau2023_weak_monsoon_starts,226.39999999999924,4.0,2.9375,0.0,3.0,6.0249023
rousseau2023_weak_monsoon_starts,226.59999999999923,4.0,2.9375,0.0,3.0,7.0
rousseau2023_weak_monsoon_starts,226.79999999999922,4.0,2.9375,0.0,3.0,7.0
rousseau2023_weak_monsoon_starts,226.99999999999923,4.0,2.9375,0.0,3.0,6.0249023
rousseau2023_weak_monsoon_starts,227.19999999999922,4.0,2.9375,0.0,3.0,6.0
rousseau2023_weak_monsoon_starts,227.39999999999924,4.0,2.9375,0.0,3.0,6.0
rousseau2023_weak_monsoon_starts,227.59999999999923,4.0,2.9375,0.0,3.0,6.0249023
rousseau2023_weak_monsoon_starts,227.79999999999922,4.0,2.9375,0.0,3.0,7.0
rousseau2023_weak_monsoon_starts,227.99999999999923,4.0,2.9375,0.0,3.0,7.0
rousseau2023_weak_monsoon_starts,228.19999999999922,4.0,2.9375,0.0,3.0,7.0
rousseau2023_weak_monsoon_starts,228.39999999999924,4.0,2.9375,0.0,3.0,7.0
rousseau2023_weak_monsoon_starts,228.59999999999923,4.0,2.9375,0.0,3.0,7.0
rousseau2023_weak_monsoon_starts,228.79999999999922,4.0,2.9375,0.0,3.0,7.0
rousseau2023_weak_monsoon_starts,228.99999999999923,4.0,2.9375,0.0,3.0,7.0
rousseau2023_weak_monsoon_starts,229.19999999999922,4.0,2.9375,0.0,3.0,7.0
rousseau2023_weak_monsoon_starts,229.3999999999992,4.0,2.9375,0.0,3.0,7.0
rousseau2023_weak_monsoon_starts,229.59999999999923,4.0,2.9375,0.0,3.0,7.0
rousseau2023_weak_monsoon_starts,229.79999999999922,4.0,2.9375,0.0,3.0,7.0
rousseau2023_weak_monsoon_starts,229.9999999999992,4.0,2.9375,0.0,3.0,7.0
rousseau2023_weak_monsoon_starts,230.19999999999922,4.0,2.9375,0.0,3.0,7.0
rousseau2023_weak_monsoon_starts,230.3999999999992,4.0,2.9375,0.0,3.0,7.0
rousseau2023_weak_monsoon_starts,230.59999999999923,4.0,2.9375,0.0,3.0,7.0
rousseau2023_weak_monsoon_starts,230.79999999999922,4.0,2.9375,0.0,3.0,7.0
rousseau2023_weak_monsoon_starts,230.9999999999992,4.0,2.9375,0.0,3.0,7.0
rousseau2023_weak_monsoon_starts,231.19999999999922,3.0,2.9375,0.0,3.0,7.0
rousseau2023_weak_monsoon_starts,231.3999999999992,3.0,2.9375,0.0,3.0,7.0
rousseau2023_weak_monsoon_starts,231.59999999999923,3.0,2.9375,0.0,3.0,7.0
rousseau2023_weak_monsoon_starts,231.79999999999922,3.0,2.9375,0.0,3.0,7.0
rousseau2023_weak_monsoon_starts,231.9999999999992,3.0,2.9375,0.0,3.0,7.0
rousseau2023_weak_monsoon_starts,232.19999999999922,3.0,2.9375,0.0,3.0,7.0
rousseau2023_weak_monsoon_starts,232.3999999999992,3.0,2.9375,0.0,3.0,7.0
rousseau2023_weak_monsoon_starts,232.5999999999992,3.0,2.9375,0.0,3.0,7.0
rousseau2023_weak_monsoon_starts,232.79999999999922,3.0,2.9375,0.0,3.0,6.0249023
rousseau2023_weak_monsoon_starts,232.9999999999992,3.0,2.9375,0.0,3.0,7.0
rousseau2023_weak_monsoon_starts,233.1999999999992,3.0,2.9375,0.0,3.0,7.0
rousseau2023_weak_monsoon_starts,233.3999999999992,3.0,2.9375,0.0,3.0,7.0
rousseau2023_weak_monsoon_starts,233.5999999999992,3.0,2.9375,0.0,3.0,7.0
rousseau2023_weak_monsoon_starts,233.79999999999922,3.0,2.9375,0.0,3.0,6.0
rousseau2023_weak_monsoon_starts,233.9999999999992,3.0,2.9375,0.0,3.0,6.0
rousseau2023_weak_monsoon_starts,234.1999999999992,3.0,2.9375,0.0,3.0,6.0
rousseau2023_weak_monsoon_starts,234.3999999999992,3.0,2.9375,0.0,3.0,6.0
rousseau2023_weak_monsoon_starts,234.5999999999992,3.0,2.9375,0.0,3.0,6.0
rousseau2023_weak_monsoon_starts,234.79999999999922,3.0,2.9375,0.0,3.0,6.0
rousseau2023_weak_monsoon_starts,234.9999999999992,3.0,2.9375,0.0,3.0,7.0
rousseau2023_weak_monsoon_starts,235.1999999999992,3.0,2.9375,0.0,3.0,7.0
rousseau2023_weak_monsoon_starts,235.3999999999992,3.0,2.9375,0.0,3.0,7.0
rousseau2023_weak_monsoon_starts,235.5999999999992,3.0,2.9375,0.0,3.0,7.0
rousseau2023_weak_monsoon_starts,235.7999999999992,3.0,2.9375,0.0,3.0,7.0
rousseau2023_weak_monsoon_starts,235.9999999999992,3.0,2.9375,0.0,3.0,7.0
rousseau2023_weak_monsoon_starts,236.1999999999992,3.0,2.9375,0.0,3.0,7.0
rousseau2023_weak_monsoon_starts,236.39999999999918,3.0,2.9375,0.0,3.0,7.0
rousseau2023_weak_monsoon_starts,236.5999999999992,3.0,2.9375,0.0,3.0,7.0
rousseau2023_weak_monsoon_starts,236.7999999999992,4.0,2.9375,0.0,3.0,7.0
rousseau2023_weak_monsoon_starts,236.9999999999992,4.0,2.9375,0.0,3.0,7.0
rousseau2023_weak_monsoon_starts,237.1999999999992,4.0,2.9375,0.0,3.0,7.0
rousseau2023_weak_monsoon_starts,237.39999999999918,4.0,2.9375,0.0,3.0,7.0
rousseau2023_weak_monsoon_starts,237.5999999999992,4.0,2.9375,0.0,3.0,6.0
rousseau2023_weak_monsoon_starts,237.7999999999992,4.0,2.9375,0.0,3.0,6.0
rousseau2023_weak_monsoon_starts,237.9999999999992,4.0,2.9375,0.0,3.0,6.0
rousseau2023_weak_monsoon_starts,238.1999999999992,4.0,2.9375,0.0,3.0,7.0
rousseau2023_weak_monsoon_starts,238.39999999999918,4.0,2.9375,0.0,3.0,7.0
rousseau2023_weak_monsoon_starts,238.5999999999992,4.0,2.9375,0.0,3.0,7.0
rousseau2023_weak_monsoon_starts,238.7999999999992,3.0,2.9375,0.0,3.0,6.0
rousseau2023_weak_monsoon_starts,238.99999999999918,3.0,2.9375,0.0,3.0,7.0
rousseau2023_weak_monsoon_starts,239.1999999999992,3.0,2.9375,0.0,3.0,7.0
rousseau2023_weak_monsoon_starts,239.39999999999918,3.0,2.9375,0.0,3.0,7.0
rousseau2023_weak_monsoon_starts,239.59999999999917,3.0,2.9375,0.0,3.0,7.0
rousseau2023_weak_monsoon_starts,239.7999999999992,3.0,2.9375,0.0,3.0,7.0
rousseau2023_weak_monsoon_starts,239.99999999999918,3.0,2.9375,0.0,3.0,7.0
rousseau2023_weak_monsoon_starts,240.1999999999992,4.0,2.9375,0.0,3.0,7.0
rousseau2023_weak_monsoon_starts,240.39999999999918,4.0,2.9375,0.0,3.0,7.0
rousseau2023_weak_monsoon_starts,240.59999999999917,4.0,2.9375,0.0,3.0,7.0
rousseau2023_weak_monsoon_starts,240.7999999999992,4.0,2.9375,0.0,3.0,7.0
rousseau2023_weak_monsoon_starts,240.99999999999918,4.0,2.9375,0.0,3.0,7.0
rousseau2023_weak_monsoon_starts,241.1999999999992,4.0,2.9375,0.0,3.0,7.0
rousseau2023_weak_monsoon_starts,241.39999999999918,4.0,2.9375,0.0,3.0,7.0
rousseau2023_weak_monsoon_starts,241.59999999999917,4.0,2.9375,0.0,3.0,7.0
rousseau2023_weak_monsoon_starts,241.7999999999992,4.0,2.9375,0.0,3.0,7.0
rousseau2023_weak_monsoon_starts,241.99999999999918,4.0,2.9375,0.0,3.0,7.0
rousseau2023_weak_monsoon_starts,242.19999999999916,5.0,2.9375,0.0,3.0,7.0
rousseau2023_weak_monsoon_starts,242.39999999999918,5.0,2.9375,0.0,3.0,7.0
rousseau2023_weak_monsoon_starts,242.59999999999917,5.0,2.9375,0.0,3.0,7.0
rousseau2023_weak_monsoon_starts,242.79999999999916,4.0,2.9375,0.0,3.0,7.0
rousseau2023_weak_monsoon_starts,242.99999999999918,4.0,2.9375,0.0,3.0,7.0
rousseau2023_weak_monsoon_starts,243.19999999999916,4.0,2.9375,0.0,3.0,7.0
rousseau2023_weak_monsoon_starts,243.39999999999918,4.0,2.9375,0.0,3.0,7.0
rousseau2023_weak_monsoon_starts,243.59999999999917,4.0,2.9375,0.0,3.0,7.0
rousseau2023_weak_monsoon_starts,243.79999999999916,4.0,2.9375,0.0,3.0,7.0
rousseau2023_weak_monsoon_starts,243.99999999999918,4.0,2.9375,0.0,3.0,7.0
rousseau2023_weak_monsoon_starts,244.19999999999916,3.0,2.9375,0.0,3.0,7.0
rousseau2023_weak_monsoon_starts,244.39999999999918,3.0,2.9375,0.0,3.0,7.0
rousseau2023_weak_monsoon_starts,244.59999999999917,3.0,2.9375,0.0,3.0,7.0
rousseau2023_weak_monsoon_starts,244.79999999999916,3.0,2.9375,0.0,3.0,7.0
rousseau2023_weak_monsoon_starts,244.99999999999918,3.0,2.9375,0.0,3.0,7.0
rousseau2023_weak_monsoon_starts,245.19999999999916,3.0,2.9375,0.0,3.0,7.0
rousseau2023_weak_monsoon_starts,245.39999999999915,3.0,2.9375,0.0,3.0,6.0
rousseau2023_weak_monsoon_starts,245.59999999999917,3.0,2.9375,0.0,3.0,6.0
rousseau2023_weak_monsoon_starts,245.79999999999916,3.0,2.9375,0.0,3.0,7.0
rousseau2023_weak_monsoon_starts,245.99999999999915,3.0,2.9375,0.0,3.0,7.0
rousseau2023_weak_monsoon_starts,246.19999999999916,4.0,2.9375,0.0,3.0,6.0249023
rousseau2023_weak_monsoon_starts,246.39999999999915,4.0,2.9375,0.0,3.0,6.0
rousseau2023_weak_monsoon_starts,246.59999999999917,4.0,2.9375,0.0,3.0,6.0
rousseau2023_weak_monsoon_starts,246.79999999999916,4.0,2.9375,0.0,3.0,6.0
rousseau2023_weak_monsoon_starts,246.99999999999915,4.0,2.9375,0.0,3.0,6.0
rousseau2023_weak_monsoon_starts,247.19999999999916,4.0,2.9375,0.0,3.0,6.0
rousseau2023_weak_monsoon_starts,247.39999999999915,4.0,2.9375,0.0,3.0,6.0
rousseau2023_weak_monsoon_starts,247.59999999999917,4.0,2.9375,0.0,3.0,6.0
rousseau2023_weak_monsoon_starts,247.79999999999916,4.0,2.9375,0.0,3.0,6.0
rousseau2023_weak_monsoon_starts,247.99999999999915,4.0,2.9375,0.0,3.0,6.0249023
rousseau2023_weak_monsoon_starts,248.19999999999916,4.0,2.9375,0.0,3.0,7.0
rousseau2023_weak_monsoon_starts,248.39999999999915,4.0,2.9375,0.0,3.0,7.0
rousseau2023_weak_monsoon_starts,248.59999999999914,4.0,2.9375,0.0,3.0,7.0
rousseau2023_weak_monsoon_starts,248.79999999999916,4.0,2.9375,0.0,3.0,7.0
rousseau2023_weak_monsoon_starts,248.99999999999915,4.0,2.9375,0.0,3.0,7.0
rousseau2023_weak_monsoon_starts,249.19999999999914,4.0,2.9375,0.0,3.0,7.0
rousseau2023_weak_monsoon_starts,249.39999999999915,4.0,2.9375,0.0,3.0,7.0
rousseau2023_weak_monsoon_starts,249.59999999999914,4.0,2.9375,0.0,3.0,7.0
rousseau2023_weak_monsoon_starts,249.79999999999916,5.0,2.9375,0.0,3.0,7.0
rousseau2023_weak_monsoon_starts,249.99999999999915,5.0,2.9375,0.0,3.0,7.0
rousseau2023_weak_monsoon_starts,250.19999999999914,5.0,2.9375,0.0,3.0,6.0249023
rousseau2023_weak_monsoon_starts,250.39999999999915,5.0,2.9375,0.0,3.0,6.0
rousseau2023_weak_monsoon_starts,250.59999999999914,5.0,2.9375,0.0,3.0,6.0
rousseau2023_weak_monsoon_starts,250.79999999999916,5.0,2.9375,0.0,3.0,6.0
rousseau2023_weak_monsoon_starts,250.99999999999915,5.0,2.9375,0.0,3.0,7.0
rousseau2023_weak_monsoon_starts,251.19999999999914,5.0,2.9375,0.0,3.0,7.0
rousseau2023_weak_monsoon_starts,251.39999999999915,5.0,2.9375,0.0,3.0,7.0
rousseau2023_weak_monsoon_starts,251.59999999999914,5.0,2.9375,0.0,3.0,7.0
rousseau2023_weak_monsoon_starts,251.79999999999913,5.0,2.9375,0.0,3.0,7.0
rousseau2023_weak_monsoon_starts,251.99999999999915,5.0,2.9375,0.0,3.0,6.0
rousseau2023_weak_monsoon_starts,252.19999999999914,5.0,2.9375,0.0,3.0,7.0
rousseau2023_weak_monsoon_starts,252.39999999999912,5.0,2.9375,0.0,3.0,7.0
rousseau2023_weak_monsoon_starts,252.59999999999914,5.0,2.9375,0.0,3.0,7.0
rousseau2023_weak_monsoon_starts,252.79999999999913,5.0,2.9375,0.0,3.0,7.0
rousseau2023_weak_monsoon_starts,252.99999999999915,5.0,2.9375,0.0,3.0,7.0
rousseau2023_weak_monsoon_starts,253.19999999999914,5.0,2.9375,0.0,3.0,7.0
rousseau2023_weak_monsoon_starts,253.39999999999912,5.0,2.9375,0.0,3.0,7.0
rousseau2023_weak_monsoon_starts,253.59999999999914,5.0,2.9375,0.0,3.0,7.0
rousseau2023_weak_monsoon_starts,253.79999999999913,5.0,2.9375,0.0,3.0,6.0249023
rousseau2023_weak_monsoon_starts,253.99999999999915,5.0,2.9375,0.0,3.0,6.0
rousseau2023_weak_monsoon_starts,254.19999999999914,5.0,2.9375,0.0,3.0,6.0249023
rousseau2023_weak_monsoon_starts,254.39999999999912,5.0,2.9375,0.0,3.0,7.0
rousseau2023_weak_monsoon_starts,254.59999999999914,5.0,2.9375,0.0,3.0,7.0
rousseau2023_weak_monsoon_starts,254.79999999999913,5.0,2.9375,0.0,3.0,7.0
rousseau2023_weak_monsoon_starts,254.99999999999912,5.0,2.9375,0.0,3.0,7.0
rousseau2023_weak_monsoon_starts,255.19999999999914,5.0,2.9375,0.0,3.0,7.0
rousseau2023_weak_monsoon_starts,255.39999999999912,5.0,2.9375,0.0,3.0,7.0
rousseau2023_weak_monsoon_starts,255.5999999999991,5.0,2.9375,0.0,3.0,7.0
rousseau2023_weak_monsoon_starts,255.79999999999913,5.0,2.9375,0.0,3.0,7.0
rousseau2023_weak_monsoon_starts,255.99999999999912,5.0,2.9375,0.0,3.0,7.0
rousseau2023_weak_monsoon_starts,256.19999999999914,5.0,2.9375,0.0,3.0,7.0
rousseau2023_weak_monsoon_starts,256.3999999999991,5.0,2.9375,0.0,3.0,7.0
rousseau2023_weak_monsoon_starts,256.5999999999991,5.0,2.9375,0.0,3.0,7.0
rousseau2023_weak_monsoon_starts,256.7999999999991,4.0,2.9375,0.0,3.0,7.0
rousseau2023_weak_monsoon_starts,256.99999999999915,4.0,2.9375,0.0,3.0,7.0
rousseau2023_weak_monsoon_starts,257.19999999999914,4.0,2.9375,0.0,3.0,7.0
rousseau2023_weak_monsoon_starts,257.3999999999991,4.0,2.9375,0.0,3.0,7.0
rousseau2023_weak_monsoon_starts,257.5999999999991,4.0,2.9375,0.0,3.0,7.0
rousseau2023_weak_monsoon_starts,257.7999999999991,4.0,2.9375,0.0,3.0,7.0
rousseau2023_weak_monsoon_starts,257.9999999999991,4.0,2.9375,0.0,3.0,7.0
rousseau2023_weak_monsoon_starts,258.19999999999914,4.0,2.9375,0.0,3.0,7.0
rousseau2023_weak_monsoon_starts,258.3999999999991,4.0,2.9375,0.0,3.0,7.0
rousseau2023_weak_monsoon_starts,258.5999999999991,4.0,2.9375,0.0,3.0,7.0
rousseau2023_weak_monsoon_starts,258.7999999999991,4.0,2.9375,0.0,3.0,7.0
rousseau2023_weak_monsoon_starts,258.9999999999991,4.0,2.9375,0.0,3.0,7.0
rousseau2023_weak_monsoon_starts,259.19999999999914,4.0,2.9375,0.0,3.0,7.0
rousseau2023_weak_monsoon_starts,259.3999999999991,4.0,2.9375,0.0,3.0,7.0
rousseau2023_weak_monsoon_starts,259.5999999999991,4.0,2.9375,0.0,3.0,7.0
rousseau2023_weak_monsoon_starts,259.7999999999991,4.0,2.9375,0.0,3.0,7.0
rousseau2023_weak_monsoon_starts,259.9999999999991,4.0,2.9375,0.0,3.0,7.0
rousseau2023_weak_monsoon_starts,260.19999999999914,3.0,2.9375,0.0,3.0,7.0
rousseau2023_weak_monsoon_starts,260.3999999999991,3.0,2.9375,0.0,3.0,7.0
rousseau2023_weak_monsoon_starts,260.5999999999991,3.0,2.9375,0.0,3.0,7.0
rousseau2023_weak_monsoon_starts,260.7999999999991,3.0,2.9375,0.0,3.0,7.0
rousseau2023_weak_monsoon_starts,260.9999999999991,3.0,2.9375,0.0,3.0,7.0
rousseau2023_weak_monsoon_starts,261.19999999999914,3.0,2.9375,0.0,3.0,7.0
rousseau2023_weak_monsoon_starts,261.3999999999991,3.0,2.9375,0.0,3.0,7.0
rousseau2023_weak_monsoon_starts,261.5999999999991,3.0,2.9375,0.0,3.0,7.0
rousseau2023_weak_monsoon_starts,261.7999999999991,3.0,2.9375,0.0,3.0,7.0
rousseau2023_weak_monsoon_starts,261.9999999999991,3.0,2.9375,0.0,3.0,7.0
rousseau2023_weak_monsoon_starts,262.1999999999991,2.0,2.9375,0.0,3.0,7.0
rousseau2023_weak_monsoon_starts,262.3999999999991,2.0,2.9375,0.0,3.0,7.0
rousseau2023_weak_monsoon_starts,262.5999999999991,2.0,2.9375,0.0,3.0,7.0
rousseau2023_weak_monsoon_starts,262.7999999999991,2.0,2.9375,0.0,3.0,7.0
rousseau2023_weak_monsoon_starts,262.9999999999991,2.0,2.9375,0.0,3.0,7.0
rousseau2023_weak_monsoon_starts,263.1999999999991,2.0,2.9375,0.0,3.0,7.0
rousseau2023_weak_monsoon_starts,263.3999999999991,2.0,2.9375,0.0,3.0,7.0
rousseau2023_weak_monsoon_starts,263.5999999999991,2.0,2.9375,0.0,3.0,7.0
rousseau2023_weak_monsoon_starts,263.7999999999991,2.0,2.9375,0.0,3.0,7.0
rousseau2023_weak_monsoon_starts,263.9999999999991,2.0,2.9375,0.0,3.0,7.0
rousseau2023_weak_monsoon_starts,264.1999999999991,2.0,2.9375,0.0,3.0,7.0
rousseau2023_weak_monsoon_starts,264.39999999999907,2.0,2.9375,0.0,3.0,7.0
rousseau2023_weak_monsoon_starts,264.5999999999991,2.0,2.9375,0.0,3.0,7.0
rousseau2023_weak_monsoon_starts,264.7999999999991,2.0,2.9375,0.0,3.0,7.0
rousseau2023_weak_monsoon_starts,264.9999999999991,2.0,2.9375,0.0,3.0,7.0
rousseau2023_weak_monsoon_starts,265.1999999999991,2.0,2.9375,0.0,3.0,7.0
rousseau2023_weak_monsoon_starts,265.39999999999907,2.0,2.9375,0.0,3.0,7.0
rousseau2023_weak_monsoon_starts,265.5999999999991,2.0,2.9375,0.0,3.0,7.0
rousseau2023_weak_monsoon_starts,265.7999999999991,2.0,2.9375,0.0,3.0,7.0
rousseau2023_weak_monsoon_starts,265.9999999999991,2.0,2.9375,0.0,3.0,7.0
rousseau2023_weak_monsoon_starts,266.1999999999991,1.0,2.9375,0.0,3.0,7.0
rousseau2023_weak_monsoon_starts,266.39999999999907,1.0,2.9375,0.0,3.0,7.0
rousseau2023_weak_monsoon_starts,266.5999999999991,1.0,2.9375,0.0,3.0,7.0
rousseau2023_weak_monsoon_starts,266.7999999999991,1.0,2.9375,0.0,3.0,7.0
rousseau2023_weak_monsoon_starts,266.9999999999991,2.0,2.9375,0.0,3.0,7.0
rousseau2023_weak_monsoon_starts,267.1999999999991,2.0,2.9375,0.0,3.0,7.0
rousseau2023_weak_monsoon_starts,267.39999999999907,2.0,2.9375,0.0,3.0,7.0
rousseau2023_weak_monsoon_starts,267.5999999999991,2.0,2.9375,0.0,3.0,7.0
rousseau2023_weak_monsoon_starts,267.7999999999991,2.0,2.9375,0.0,3.0,7.0
rousseau2023_weak_monsoon_starts,267.9999999999991,2.0,2.9375,0.0,3.0,7.0
rousseau2023_weak_monsoon_starts,268.1999999999991,2.0,2.9375,0.0,3.0,7.0
rousseau2023_weak_monsoon_starts,268.39999999999907,2.0,2.9375,0.0,3.0,7.0
rousseau2023_weak_monsoon_starts,268.59999999999906,2.0,2.9375,0.0,3.0,7.0
rousseau2023_weak_monsoon_starts,268.7999999999991,2.0,2.9375,0.0,3.0,7.0
rousseau2023_weak_monsoon_starts,268.9999999999991,2.0,2.9375,0.0,3.0,7.0
rousseau2023_weak_monsoon_starts,269.1999999999991,2.0,2.9375,0.0,3.0,7.0
rousseau2023_weak_monsoon_starts,269.39999999999907,2.0,2.9375,0.0,3.0,7.0
rousseau2023_weak_monsoon_starts,269.59999999999906,2.0,2.9375,0.0,3.0,7.0
rousseau2023_weak_monsoon_starts,269.7999999999991,1.0,2.9375,0.0,3.0,7.0
rousseau2023_weak_monsoon_starts,269.9999999999991,1.0,2.9375,0.0,3.0,7.0
rousseau2023_weak_monsoon_starts,270.1999999999991,1.0,2.9375,0.0,3.0,7.0
rousseau2023_weak_monsoon_starts,270.39999999999907,1.0,2.9375,0.0,3.0,7.0
rousseau2023_weak_monsoon_starts,270.59999999999906,1.0,2.9375,0.0,3.0,7.0
rousseau2023_weak_monsoon_starts,270.79999999999905,1.0,2.9375,0.0,3.0,7.0
rousseau2023_weak_monsoon_starts,270.9999999999991,1.0,2.9375,0.0,3.0,7.0
rousseau2023_weak_monsoon_starts,271.1999999999991,1.0,2.9375,0.0,3.0,7.0
rousseau2023_weak_monsoon_starts,271.39999999999907,1.0,2.9375,0.0,3.0,7.0
rousseau2023_weak_monsoon_starts,271.59999999999906,2.0,2.9375,0.0,3.0,7.0
rousseau2023_weak_monsoon_starts,271.79999999999905,2.0,2.9375,0.0,3.0,7.0
rousseau2023_weak_monsoon_starts,271.9999999999991,2.0,2.9375,0.0,3.0,7.0
rousseau2023_weak_monsoon_starts,272.1999999999991,2.0,2.9375,0.0,3.0,7.0
rousseau2023_weak_monsoon_starts,272.39999999999907,2.0,2.9375,0.0,3.0,7.0
rousseau2023_weak_monsoon_starts,272.59999999999906,2.0,2.9375,0.0,3.0,7.0
rousseau2023_weak_monsoon_starts,272.79999999999905,2.0,2.9375,0.0,3.0,7.0
rousseau2023_weak_monsoon_starts,272.9999999999991,2.0,2.9375,0.0,3.0,7.0
rousseau2023_weak_monsoon_starts,273.1999999999991,2.0,2.9375,0.0,3.0,7.0
rousseau2023_weak_monsoon_starts,273.39999999999907,2.0,2.9375,0.0,3.0,7.0
rousseau2023_weak_monsoon_starts,273.59999999999906,2.0,2.9375,0.0,3.0,7.0
rousseau2023_weak_monsoon_starts,273.79999999999905,2.0,2.9375,0.0,3.0,7.0
rousseau2023_weak_monsoon_starts,273.9999999999991,2.0,2.9375,0.0,3.0,7.0
rousseau2023_weak_monsoon_starts,274.1999999999991,2.0,2.9375,0.0,3.0,7.0
rousseau2023_weak_monsoon_starts,274.39999999999907,2.0,2.9375,0.0,3.0,7.0
rousseau2023_weak_monsoon_starts,274.59999999999906,2.0,2.9375,0.0,3.0,7.0
rousseau2023_weak_monsoon_starts,274.79999999999905,3.0,2.9375,0.0,3.0,7.0
rousseau2023_weak_monsoon_starts,274.99999999999903,3.0,2.9375,0.0,3.0,7.0
rousseau2023_weak_monsoon_starts,275.1999999999991,3.0,2.9375,0.0,3.0,7.0
rousseau2023_weak_monsoon_starts,275.39999999999907,3.0,2.9375,0.0,3.0,7.0
rousseau2023_weak_monsoon_starts,275.59999999999906,3.0,2.9375,0.0,3.0,7.0
rousseau2023_weak_monsoon_starts,275.79999999999905,3.0,2.9375,0.0,3.0,7.0
rousseau2023_weak_monsoon_starts,275.99999999999903,3.0,2.9375,0.0,3.0,7.0
rousseau2023_weak_monsoon_starts,276.1999999999991,3.0,2.9375,0.0,3.0,7.0
rousseau2023_weak_monsoon_starts,276.39999999999907,3.0,2.9375,0.0,3.0,7.0
rousseau2023_weak_monsoon_starts,276.59999999999906,3.0,2.9375,0.0,3.0,7.0
rousseau2023_weak_monsoon_starts,276.79999999999905,3.0,2.9375,0.0,3.0,7.0
rousseau2023_weak_monsoon_starts,276.99999999999903,3.0,2.9375,0.0,3.0,7.0
rousseau2023_weak_monsoon_starts,277.199999999999,3.0,2.9375,0.0,3.0,7.0
rousseau2023_weak_monsoon_starts,277.39999999999907,3.0,2.9375,0.0,3.0,7.0
rousseau2023_weak_monsoon_starts,277.59999999999906,3.0,2.9375,0.0,3.0,7.0
rousseau2023_weak_monsoon_starts,277.79999999999905,3.0,2.9375,0.0,3.0,7.0
rousseau2023_weak_monsoon_starts,277.99999999999903,3.0,2.9375,0.0,3.0,7.0
rousseau2023_weak_monsoon_starts,278.199999999999,3.0,2.9375,0.0,3.0,7.0
rousseau2023_weak_monsoon_starts,278.39999999999907,3.0,2.9375,0.0,3.0,7.0
rousseau2023_weak_monsoon_starts,278.59999999999906,3.0,2.9375,0.0,3.0,7.0
rousseau2023_weak_monsoon_starts,278.79999999999905,3.0,2.9375,0.0,3.0,7.0
rousseau2023_weak_monsoon_starts,278.99999999999903,3.0,2.9375,0.0,3.0,7.0
rousseau2023_weak_monsoon_starts,279.199999999999,3.0,2.9375,0.0,3.0,7.0
rousseau2023_weak_monsoon_starts,279.39999999999907,3.0,2.9375,0.0,3.0,7.0
rousseau2023_weak_monsoon_starts,279.59999999999906,3.0,2.9375,0.0,3.0,7.0
rousseau2023_weak_monsoon_starts,279.79999999999905,3.0,2.9375,0.0,3.0,7.0
rousseau2023_weak_monsoon_starts,279.99999999999903,3.0,2.9375,0.0,3.0,7.0
rousseau2023_weak_monsoon_starts,280.199999999999,3.0,2.9375,0.0,3.0,7.0
rousseau2023_weak_monsoon_starts,280.39999999999907,3.0,2.9375,0.0,3.0,7.0
rousseau2023_weak_monsoon_starts,280.59999999999906,3.0,2.9375,0.0,3.0,7.0
rousseau2023_weak_monsoon_starts,280.79999999999905,3.0,2.9375,0.0,3.0,7.0
rousseau2023_weak_monsoon_starts,280.99999999999903,3.0,2.9375,0.0,3.0,7.0
rousseau2023_weak_monsoon_starts,281.199999999999,3.0,2.9375,0.0,3.0,7.0
rousseau2023_weak_monsoon_starts,281.399999999999,3.0,2.9375,0.0,3.0,7.0
rousseau2023_weak_monsoon_starts,281.59999999999906,3.0,2.9375,0.0,3.0,7.0
rousseau2023_weak_monsoon_starts,281.79999999999905,3.0,2.9375,0.0,3.0,7.0
rousseau2023_weak_monsoon_starts,281.99999999999903,3.0,2.9375,0.0,3.0,7.0
rousseau2023_weak_monsoon_starts,282.199999999999,3.0,2.9375,0.0,3.0,7.0
rousseau2023_weak_monsoon_starts,282.399999999999,3.0,2.9375,0.0,3.0,7.0
rousseau2023_weak_monsoon_starts,282.59999999999906,3.0,2.9375,0.0,3.0,7.0
rousseau2023_weak_monsoon_starts,282.79999999999905,3.0,2.9375,0.0,3.0,7.0
rousseau2023_weak_monsoon_starts,282.99999999999903,3.0,2.9375,0.0,3.0,7.0
rousseau2023_weak_monsoon_starts,283.199999999999,3.0,2.9375,0.0,3.0,7.0
rousseau2023_weak_monsoon_starts,283.399999999999,3.0,2.9375,0.0,3.0,7.0
rousseau2023_weak_monsoon_starts,283.599999999999,3.0,2.9375,0.0,3.0,7.0
rousseau2023_weak_monsoon_starts,283.79999999999905,3.0,2.9375,0.0,3.0,7.0
rousseau2023_weak_monsoon_starts,283.99999999999903,3.0,2.9375,0.0,3.0,7.0
rousseau2023_weak_monsoon_starts,284.199999999999,3.0,2.9375,0.0,3.0,7.0
rousseau2023_weak_monsoon_starts,284.399999999999,3.0,2.9375,0.0,3.0,7.0
rousseau2023_weak_monsoon_starts,284.599999999999,3.0,2.9375,0.0,3.0,7.0
rousseau2023_weak_monsoon_starts,284.79999999999905,3.0,2.9375,0.0,3.0,7.0
rousseau2023_weak_monsoon_starts,284.99999999999903,3.0,2.9375,0.0,3.0,7.0
rousseau2023_weak_monsoon_starts,285.199999999999,3.0,2.9375,0.0,3.0,7.0
rousseau2023_weak_monsoon_starts,285.399999999999,3.0,2.9375,0.0,3.0,7.0
rousseau2023_weak_monsoon_starts,285.599999999999,3.0,2.9375,0.0,3.0,7.0
rousseau2023_weak_monsoon_starts,285.79999999999905,3.0,2.9375,0.0,3.0,7.0
rousseau2023_weak_monsoon_starts,285.99999999999903,3.0,2.9375,0.0,3.0,7.0
rousseau2023_weak_monsoon_starts,286.199999999999,3.0,2.9375,0.0,3.0,7.0
rousseau2023_weak_monsoon_starts,286.399999999999,3.0,2.9375,0.0,3.0,7.0
rousseau2023_weak_monsoon_starts,286.599999999999,3.0,2.9375,0.0,3.0,7.0
rousseau2023_weak_monsoon_starts,286.79999999999905,3.0,2.9375,0.0,3.0,7.0
rousseau2023_weak_monsoon_starts,286.99999999999903,2.0,2.9375,0.0,3.0,7.0
rousseau2023_weak_monsoon_starts,287.199999999999,2.0,2.9375,0.0,3.0,7.0
rousseau2023_weak_monsoon_starts,287.399999999999,2.0,2.9375,0.0,3.0,7.0
rousseau2023_weak_monsoon_starts,287.599999999999,2.0,2.9375,0.0,3.0,7.0
rousseau2023_weak_monsoon_starts,287.799999999999,2.0,2.9375,0.0,3.0,7.0
rousseau2023_weak_monsoon_starts,287.99999999999903,2.0,2.9375,0.0,3.0,7.0
rousseau2023_weak_monsoon_starts,288.199999999999,2.0,2.9375,0.0,3.0,7.0
rousseau2023_weak_monsoon_starts,288.399999999999,2.0,2.9375,0.0,3.0,7.0
rousseau2023_weak_monsoon_starts,288.599999999999,2.0,2.9375,0.0,3.0,7.0
rousseau2023_weak_monsoon_starts,288.799999999999,2.0,2.9375,0.0,3.0,7.0
rousseau2023_weak_monsoon_starts,288.99999999999903,2.0,2.9375,0.0,3.0,7.0
rousseau2023_weak_monsoon_starts,289.199999999999,2.0,2.9375,0.0,3.0,7.0
rousseau2023_weak_monsoon_starts,289.399999999999,2.0,2.9375,0.0,3.0,7.0
rousseau2023_weak_monsoon_starts,289.599999999999,2.0,2.9375,0.0,3.0,7.0
rousseau2023_weak_monsoon_starts,289.799999999999,2.0,2.9375,0.0,3.0,7.0
rousseau2023_weak_monsoon_starts,289.999999999999,2.0,2.9375,0.0,3.0,7.0
rousseau2023_weak_monsoon_starts,290.199999999999,2.0,2.9375,0.0,3.0,7.0
rousseau2023_weak_monsoon_starts,290.399999999999,2.0,2.9375,0.0,3.0,7.0
rousseau2023_weak_monsoon_starts,290.599999999999,2.0,2.9375,0.0,3.0,7.0
rousseau2023_weak_monsoon_starts,290.799999999999,2.0,2.9375,0.0,3.0,7.0
rousseau2023_weak_monsoon_starts,290.999999999999,2.0,2.9375,0.0,3.0,7.0
rousseau2023_weak_monsoon_starts,291.199999999999,2.0,2.9375,0.0,3.0,7.0
rousseau2023_weak_monsoon_starts,291.399999999999,2.0,2.9375,0.0,3.0,7.0
rousseau2023_weak_monsoon_starts,291.599999999999,1.0,2.9375,0.0,3.0,7.0
rousseau2023_weak_monsoon_starts,291.799999999999,1.0,2.9375,0.0,3.0,7.0
rousseau2023_weak_monsoon_starts,291.999999999999,1.0,2.9375,0.0,3.0,7.0
rousseau2023_weak_monsoon_starts,292.199999999999,1.0,2.9375,0.0,3.0,7.0
rousseau2023_weak_monsoon_starts,292.399999999999,1.0,2.9375,0.0,3.0,7.0
rousseau2023_weak_monsoon_starts,292.599999999999,1.0,2.9375,0.0,3.0,7.0
rousseau2023_weak_monsoon_starts,292.799999999999,1.0,2.9375,0.0,3.0,7.0
rousseau2023_weak_monsoon_starts,292.999999999999,1.0,2.9375,0.0,3.0,7.0
rousseau2023_weak_monsoon_starts,293.199999999999,1.0,2.9375,0.0,3.0,7.0
rousseau2023_weak_monsoon_starts,293.399999999999,1.0,2.9375,0.0,3.0,7.0
rousseau2023_weak_monsoon_starts,293.599999999999,1.0,2.9375,0.0,3.0,7.0
rousseau2023_weak_monsoon_starts,293.799999999999,1.0,2.9375,0.0,3.0,7.0
rousseau2023_weak_monsoon_starts,293.999999999999,1.0,2.9375,0.0,3.0,7.0
rousseau2023_weak_monsoon_starts,294.19999999999897,1.0,2.9375,0.0,3.0,7.0
rousseau2023_weak_monsoon_starts,294.399999999999,1.0,2.9375,0.0,3.0,7.0
rousseau2023_weak_monsoon_starts,294.599999999999,1.0,2.9375,0.0,3.0,7.0
rousseau2023_weak_monsoon_starts,294.799999999999,0.0,2.9375,0.0,3.0,7.0
rousseau2023_weak_monsoon_starts,294.999999999999,0.0,2.9375,0.0,3.0,7.0
rousseau2023_weak_monsoon_starts,295.19999999999897,0.0,2.9375,0.0,3.0,7.0
rousseau2023_weak_monsoon_starts,295.399999999999,0.0,2.9375,0.0,3.0,7.0
rousseau2023_weak_monsoon_starts,295.599999999999,0.0,2.9375,0.0,3.0,7.0
rousseau2023_weak_monsoon_starts,295.799999999999,0.0,2.9375,0.0,3.0,7.0
rousseau2023_weak_monsoon_starts,295.999999999999,0.0,2.9375,0.0,3.0,7.0
rousseau2023_weak_monsoon_starts,296.19999999999897,0.0,2.9375,0.0,3.0,7.0
rousseau2023_weak_monsoon_starts,296.39999999999895,0.0,2.9375,0.0,3.0,7.0
rousseau2023_weak_monsoon_starts,296.599999999999,0.0,2.9375,0.0,3.0,7.0
rousseau2023_weak_monsoon_starts,296.799999999999,0.0,2.9375,0.0,3.0,7.0
rousseau2023_weak_monsoon_starts,296.999999999999,0.0,2.9375,0.0,3.0,7.0
rousseau2023_weak_monsoon_starts,297.19999999999897,0.0,2.9375,0.0,3.0,7.0
rousseau2023_weak_monsoon_starts,297.39999999999895,1.0,2.9375,0.0,3.0,7.0
rousseau2023_weak_monsoon_starts,297.599999999999,1.0,2.9375,0.0,3.0,7.0
rousseau2023_weak_monsoon_starts,297.799999999999,1.0,2.9375,0.0,3.0,7.0
rousseau2023_weak_monsoon_starts,297.999999999999,1.0,2.9375,0.0,3.0,7.0
rousseau2023_weak_monsoon_starts,298.19999999999897,1.0,2.9375,0.0,3.0,7.0
rousseau2023_weak_monsoon_starts,298.39999999999895,1.0,2.9375,0.0,3.0,7.0
rousseau2023_weak_monsoon_starts,298.599999999999,1.0,2.9375,0.0,3.0,7.0
rousseau2023_weak_monsoon_starts,298.799999999999,1.0,2.9375,0.0,3.0,7.0
rousseau2023_weak_monsoon_starts,298.999999999999,1.0,2.9375,0.0,3.0,7.0
rousseau2023_weak_monsoon_starts,299.19999999999897,1.0,2.9375,0.0,3.0,7.0
rousseau2023_weak_monsoon_starts,299.39999999999895,1.0,2.9375,0.0,3.0,7.0
rousseau2023_weak_monsoon_starts,299.599999999999,1.0,2.9375,0.0,3.0,7.0
rousseau2023_weak_monsoon_starts,299.799999999999,1.0,2.9375,0.0,3.0,7.0
rousseau2023_weak_monsoon_starts,299.999999999999,1.0,2.9375,0.0,3.0,7.0
rousseau2023_weak_monsoon_starts,300.19999999999897,1.0,2.9375,0.0,3.0,7.0
rousseau2023_weak_monsoon_starts,300.39999999999895,1.0,2.9375,0.0,3.0,7.0
rousseau2023_weak_monsoon_starts,300.59999999999894,1.0,2.9375,0.0,3.0,7.0
rousseau2023_weak_monsoon_starts,300.799999999999,1.0,2.9375,0.0,3.0,7.0
rousseau2023_weak_monsoon_starts,300.999999999999,1.0,2.9375,0.0,3.0,7.0
rousseau2023_weak_monsoon_starts,301.19999999999897,1.0,2.9375,0.0,3.0,7.0
rousseau2023_weak_monsoon_starts,301.39999999999895,1.0,2.9375,0.0,3.0,7.0
rousseau2023_weak_monsoon_starts,301.59999999999894,1.0,2.9375,0.0,3.0,7.0
rousseau2023_weak_monsoon_starts,301.799999999999,1.0,2.9375,0.0,3.0,7.0
rousseau2023_weak_monsoon_starts,301.999999999999,1.0,2.9375,0.0,3.0,7.0
rousseau2023_weak_monsoon_starts,302.19999999999897,1.0,2.9375,0.0,3.0,7.0
rousseau2023_weak_monsoon_starts,302.39999999999895,1.0,2.9375,0.0,3.0,7.0
rousseau2023_weak_monsoon_starts,302.59999999999894,1.0,2.9375,0.0,3.0,7.0
rousseau2023_weak_monsoon_starts,302.79999999999893,1.0,2.9375,0.0,3.0,7.0
rousseau2023_weak_monsoon_starts,302.999999999999,1.0,2.9375,0.0,3.0,7.0
rousseau2023_weak_monsoon_starts,303.19999999999897,1.0,2.9375,0.0,3.0,7.0
rousseau2023_weak_monsoon_starts,303.39999999999895,1.0,2.9375,0.0,3.0,7.0
rousseau2023_weak_monsoon_starts,303.59999999999894,1.0,2.9375,0.0,3.0,7.0
rousseau2023_weak_monsoon_starts,303.79999999999893,1.0,2.9375,0.0,3.0,7.0
rousseau2023_weak_monsoon_starts,303.999999999999,1.0,2.9375,0.0,3.0,7.0
rousseau2023_weak_monsoon_starts,304.19999999999897,1.0,2.9375,0.0,3.0,7.0
rousseau2023_weak_monsoon_starts,304.39999999999895,1.0,2.9375,0.0,3.0,7.0
rousseau2023_weak_monsoon_starts,304.59999999999894,1.0,2.9375,0.0,3.0,7.0
rousseau2023_weak_monsoon_starts,304.79999999999893,1.0,2.9375,0.0,3.0,7.0
rousseau2023_weak_monsoon_starts,304.999999999999,1.0,2.9375,0.0,3.0,7.0
rousseau2023_weak_monsoon_starts,305.19999999999897,1.0,2.9375,0.0,3.0,7.0
rousseau2023_weak_monsoon_starts,305.39999999999895,1.0,2.9375,0.0,3.0,7.0
rousseau2023_weak_monsoon_starts,305.59999999999894,1.0,2.9375,0.0,3.0,7.0
rousseau2023_weak_monsoon_starts,305.79999999999893,1.0,2.9375,0.0,3.0,7.0
rousseau2023_weak_monsoon_starts,305.999999999999,1.0,2.9375,0.0,3.0,7.0
rousseau2023_weak_monsoon_starts,306.19999999999897,1.0,2.9375,0.0,3.0,7.0
rousseau2023_weak_monsoon_starts,306.39999999999895,1.0,2.9375,0.0,3.0,7.0
rousseau2023_weak_monsoon_starts,306.59999999999894,1.0,2.9375,0.0,3.0,7.0
rousseau2023_weak_monsoon_starts,306.79999999999893,1.0,2.9375,0.0,3.0,7.0
rousseau2023_weak_monsoon_starts,306.9999999999989,1.0,2.9375,0.0,3.0,7.0
rousseau2023_weak_monsoon_starts,307.19999999999897,1.0,2.9375,0.0,3.0,7.0
rousseau2023_weak_monsoon_starts,307.39999999999895,1.0,2.9375,0.0,3.0,7.0
rousseau2023_weak_monsoon_starts,307.59999999999894,1.0,2.9375,0.0,3.0,7.0
rousseau2023_weak_monsoon_starts,307.79999999999893,1.0,2.9375,0.0,3.0,7.0
rousseau2023_weak_monsoon_starts,307.9999999999989,1.0,2.9375,0.0,3.0,7.0
rousseau2023_weak_monsoon_starts,308.19999999999897,2.0,2.9375,0.0,3.0,7.0
rousseau2023_weak_monsoon_starts,308.39999999999895,2.0,2.9375,0.0,3.0,7.0
rousseau2023_weak_monsoon_starts,308.59999999999894,2.0,2.9375,0.0,3.0,7.0
rousseau2023_weak_monsoon_starts,308.79999999999893,2.0,2.9375,0.0,3.0,7.0
rousseau2023_weak_monsoon_starts,308.9999999999989,2.0,2.9375,0.0,3.0,7.0
rousseau2023_weak_monsoon_starts,309.1999999999989,2.0,2.9375,0.0,3.0,7.0
rousseau2023_weak_monsoon_starts,309.39999999999895,2.0,2.9375,0.0,3.0,7.0
rousseau2023_weak_monsoon_starts,309.59999999999894,2.0,2.9375,0.0,3.0,7.0
rousseau2023_weak_monsoon_starts,309.79999999999893,2.0,2.9375,0.0,3.0,7.0
rousseau2023_weak_monsoon_starts,309.9999999999989,2.0,2.9375,0.0,3.0,7.0
rousseau2023_weak_monsoon_starts,310.1999999999989,2.0,2.9375,0.0,3.0,7.0
rousseau2023_weak_monsoon_starts,310.39999999999895,2.0,2.9375,0.0,3.0,7.0
rousseau2023_weak_monsoon_starts,310.59999999999894,2.0,2.9375,0.0,3.0,7.0
rousseau2023_weak_monsoon_starts,310.79999999999893,2.0,2.9375,0.0,3.0,7.0
rousseau2023_weak_monsoon_starts,310.9999999999989,2.0,2.9375,0.0,3.0,7.0
rousseau2023_weak_monsoon_starts,311.1999999999989,2.0,2.9375,0.0,3.0,7.0
rousseau2023_weak_monsoon_starts,311.39999999999895,2.0,2.9375,0.0,3.0,7.0
rousseau2023_weak_monsoon_starts,311.59999999999894,2.0,2.9375,0.0,3.0,7.0
rousseau2023_weak_monsoon_starts,311.79999999999893,2.0,2.9375,0.0,3.0,7.0
rousseau2023_weak_monsoon_starts,311.9999999999989,2.0,2.9375,0.0,3.0,7.0
rousseau2023_weak_monsoon_starts,312.1999999999989,2.0,2.9375,0.0,3.0,7.0
rousseau2023_weak_monsoon_starts,312.39999999999895,2.0,2.9375,0.0,3.0,7.0
rousseau2023_weak_monsoon_starts,312.59999999999894,2.0,2.9375,0.0,3.0,7.0
rousseau2023_weak_monsoon_starts,312.79999999999893,2.0,2.9375,0.0,3.0,7.0
rousseau2023_weak_monsoon_starts,312.9999999999989,2.0,2.9375,0.0,3.0,7.0
rousseau2023_weak_monsoon_starts,313.1999999999989,2.0,2.9375,0.0,3.0,7.0
rousseau2023_weak_monsoon_starts,313.3999999999989,2.0,2.9375,0.0,3.0,7.0
rousseau2023_weak_monsoon_starts,313.59999999999894,2.0,2.9375,0.0,3.0,7.0
rousseau2023_weak_monsoon_starts,313.79999999999893,2.0,2.9375,0.0,3.0,7.0
rousseau2023_weak_monsoon_starts,313.9999999999989,2.0,2.9375,0.0,3.0,7.0
rousseau2023_weak_monsoon_starts,314.1999999999989,3.0,2.9375,0.0,3.0,7.0
rousseau2023_weak_monsoon_starts,314.3999999999989,3.0,2.9375,0.0,3.0,7.0
rousseau2023_weak_monsoon_starts,314.59999999999894,3.0,2.9375,0.0,3.0,7.0
rousseau2023_weak_monsoon_starts,314.79999999999893,3.0,2.9375,0.0,3.0,7.0
rousseau2023_weak_monsoon_starts,314.9999999999989,3.0,2.9375,0.0,3.0,7.0
rousseau2023_weak_monsoon_starts,315.1999999999989,3.0,2.9375,0.0,3.0,7.0
rousseau2023_weak_monsoon_starts,315.3999999999989,3.0,2.9375,0.0,3.0,7.0
rousseau2023_weak_monsoon_starts,315.5999999999989,3.0,2.9375,0.0,3.0,7.0
rousseau2023_weak_monsoon_starts,315.79999999999893,3.0,2.9375,0.0,3.0,7.0
rousseau2023_weak_monsoon_starts,315.9999999999989,3.0,2.9375,0.0,3.0,7.0
rousseau2023_weak_monsoon_starts,316.1999999999989,3.0,2.9375,0.0,3.0,7.0
rousseau2023_weak_monsoon_starts,316.3999999999989,3.0,2.9375,0.0,3.0,7.0
rousseau2023_weak_monsoon_starts,316.5999999999989,3.0,2.9375,0.0,3.0,7.0
rousseau2023_weak_monsoon_starts,316.79999999999893,3.0,2.9375,0.0,3.0,7.0
rousseau2023_weak_monsoon_starts,316.9999999999989,3.0,2.9375,0.0,3.0,7.0
rousseau2023_weak_monsoon_starts,317.1999999999989,3.0,2.9375,0.0,3.0,7.0
rousseau2023_weak_monsoon_starts,317.3999999999989,2.0,2.9375,0.0,3.0,7.0
rousseau2023_weak_monsoon_starts,317.5999999999989,2.0,2.9375,0.0,3.0,7.0
rousseau2023_weak_monsoon_starts,317.79999999999893,2.0,2.9375,0.0,3.0,7.0
rousseau2023_weak_monsoon_starts,317.9999999999989,2.0,2.9375,0.0,3.0,7.0
rousseau2023_weak_monsoon_starts,318.1999999999989,2.0,2.9375,0.0,3.0,7.0
rousseau2023_weak_monsoon_starts,318.3999999999989,2.0,2.9375,0.0,3.0,7.0
rousseau2023_weak_monsoon_starts,318.5999999999989,2.0,2.9375,0.0,3.0,7.0
rousseau2023_weak_monsoon_starts,318.79999999999893,2.0,2.9375,0.0,3.0,7.0
rousseau2023_weak_monsoon_starts,318.9999999999989,2.0,2.9375,0.0,3.0,7.0
rousseau2023_weak_monsoon_starts,319.1999999999989,2.0,2.9375,0.0,3.0,7.0
rousseau2023_weak_monsoon_starts,319.3999999999989,2.0,2.9375,0.0,3.0,7.0
rousseau2023_weak_monsoon_starts,319.5999999999989,2.0,2.9375,0.0,3.0,7.0
rousseau2023_weak_monsoon_starts,319.7999999999989,2.0,2.9375,0.0,3.0,7.0
rousseau2023_weak_monsoon_starts,319.9999999999989,2.0,2.9375,0.0,3.0,7.0
rousseau2023_weak_monsoon_starts,320.1999999999989,2.0,2.9375,0.0,3.0,7.0
rousseau2023_weak_monsoon_starts,320.3999999999989,2.0,2.9375,0.0,3.0,7.0
rousseau2023_weak_monsoon_starts,320.5999999999989,2.0,2.9375,0.0,3.0,7.0
rousseau2023_weak_monsoon_starts,320.7999999999989,2.0,2.9375,0.0,3.0,7.0
rousseau2023_weak_monsoon_starts,320.9999999999989,2.0,2.9375,0.0,3.0,6.0
rousseau2023_weak_monsoon_starts,321.1999999999989,2.0,2.9375,0.0,3.0,6.0249023
rousseau2023_weak_monsoon_starts,321.3999999999989,2.0,2.9375,0.0,3.0,7.0
rousseau2023_weak_monsoon_starts,321.5999999999989,2.0,2.9375,0.0,3.0,7.0
rousseau2023_weak_monsoon_starts,321.7999999999989,2.0,2.9375,0.0,3.0,7.0
rousseau2023_weak_monsoon_starts,321.99999999999886,2.0,2.9375,0.0,3.0,7.0
rousseau2023_weak_monsoon_starts,322.1999999999989,2.0,2.9375,0.0,3.0,7.0
rousseau2023_weak_monsoon_starts,322.3999999999989,2.0,2.9375,0.0,3.0,7.0
rousseau2023_weak_monsoon_starts,322.5999999999989,2.0,2.9375,0.0,3.0,7.0
rousseau2023_weak_monsoon_starts,322.7999999999989,2.0,2.9375,0.0,3.0,7.0
rousseau2023_weak_monsoon_starts,322.99999999999886,2.0,2.9375,0.0,3.0,7.0
rousseau2023_weak_monsoon_starts,323.1999999999989,2.0,2.9375,0.0,3.0,7.0
rousseau2023_weak_monsoon_starts,323.3999999999989,2.0,2.9375,0.0,3.0,7.0
rousseau2023_weak_monsoon_starts,323.5999999999989,2.0,2.9375,0.0,3.0,7.0
rousseau2023_weak_monsoon_starts,323.7999999999989,2.0,2.9375,0.0,3.0,7.0
rousseau2023_weak_monsoon_starts,323.99999999999886,2.0,2.9375,0.0,3.0,7.0
rousseau2023_weak_monsoon_starts,324.1999999999989,2.0,2.9375,0.0,3.0,7.0
rousseau2023_weak_monsoon_starts,324.3999999999989,2.0,2.9375,0.0,3.0,7.0
rousseau2023_weak_monsoon_starts,324.5999999999989,2.0,2.9375,0.0,3.0,7.0
rousseau2023_weak_monsoon_starts,324.7999999999989,2.0,2.9375,0.0,3.0,7.0
rousseau2023_weak_monsoon_starts,324.99999999999886,2.0,2.9375,0.0,3.0,7.0
rousseau2023_weak_monsoon_starts,325.1999999999989,2.0,2.9375,0.0,3.0,7.0
rousseau2023_weak_monsoon_starts,325.3999999999989,2.0,2.9375,0.0,3.0,7.0
rousseau2023_weak_monsoon_starts,325.5999999999989,2.0,2.9375,0.0,3.0,7.0
rousseau2023_weak_monsoon_starts,325.7999999999989,2.0,2.9375,0.0,3.0,7.0
rousseau2023_weak_monsoon_starts,325.99999999999886,2.0,2.9375,0.0,3.0,7.0
rousseau2023_weak_monsoon_starts,326.19999999999885,2.0,2.9375,0.0,3.0,7.0
rousseau2023_weak_monsoon_starts,326.3999999999989,2.0,2.9375,0.0,3.0,7.0
rousseau2023_weak_monsoon_starts,326.5999999999989,2.0,2.9375,0.0,3.0,7.0
rousseau2023_weak_monsoon_starts,326.7999999999989,2.0,2.9375,0.0,3.0,7.0
rousseau2023_weak_monsoon_starts,326.99999999999886,2.0,2.9375,0.0,3.0,7.0
rousseau2023_weak_monsoon_starts,327.19999999999885,2.0,2.9375,0.0,3.0,7.0
rousseau2023_weak_monsoon_starts,327.3999999999989,2.0,2.9375,0.0,3.0,7.0
rousseau2023_weak_monsoon_starts,327.5999999999989,2.0,2.9375,0.0,3.0,7.0
rousseau2023_weak_monsoon_starts,327.7999999999989,2.0,2.9375,0.0,3.0,7.0
rousseau2023_weak_monsoon_starts,327.99999999999886,2.0,2.9375,0.0,3.0,7.0
rousseau2023_weak_monsoon_starts,328.19999999999885,1.0,2.9375,0.0,3.0,7.0
rousseau2023_weak_monsoon_starts,328.39999999999884,1.0,2.9375,0.0,3.0,7.0
rousseau2023_weak_monsoon_starts,328.5999999999989,1.0,2.9375,0.0,3.0,7.0
rousseau2023_weak_monsoon_starts,328.7999999999989,1.0,2.9375,0.0,3.0,7.0
rousseau2023_weak_monsoon_starts,328.99999999999886,1.0,2.9375,0.0,3.0,7.0
rousseau2023_weak_monsoon_starts,329.19999999999885,1.0,2.9375,0.0,3.0,7.0
rousseau2023_weak_monsoon_starts,329.39999999999884,1.0,2.9375,0.0,3.0,7.0
rousseau2023_weak_monsoon_starts,329.5999999999989,1.0,2.9375,0.0,3.0,7.0
rousseau2023_weak_monsoon_starts,329.7999999999989,1.0,2.9375,0.0,3.0,7.0
rousseau2023_weak_monsoon_starts,329.99999999999886,1.0,2.9375,0.0,3.0,7.0
rousseau2023_weak_monsoon_starts,330.19999999999885,1.0,2.9375,0.0,3.0,7.0
rousseau2023_weak_monsoon_starts,330.39999999999884,1.0,2.9375,0.0,3.0,7.0
rousseau2023_weak_monsoon_starts,330.5999999999989,1.0,2.9375,0.0,3.0,7.0
rousseau2023_weak_monsoon_starts,330.7999999999989,1.0,2.9375,0.0,3.0,7.0
rousseau2023_weak_monsoon_starts,330.99999999999886,1.0,2.9375,0.0,3.0,7.0
rousseau2023_weak_monsoon_starts,331.19999999999885,2.0,2.9375,0.0,3.0,7.0
rousseau2023_weak_monsoon_starts,331.39999999999884,2.0,2.9375,0.0,3.0,7.0
rousseau2023_weak_monsoon_starts,331.5999999999989,2.0,2.9375,0.0,3.0,7.0
rousseau2023_weak_monsoon_starts,331.7999999999989,2.0,2.9375,0.0,3.0,7.0
rousseau2023_weak_monsoon_starts,331.99999999999886,2.0,2.9375,0.0,3.0,7.0
rousseau2023_weak_monsoon_starts,332.19999999999885,2.0,2.9375,0.0,3.0,7.0
rousseau2023_weak_monsoon_starts,332.39999999999884,2.0,2.9375,0.0,3.0,7.0
rousseau2023_weak_monsoon_starts,332.59999999999883,2.0,2.9375,0.0,3.0,7.0
rousseau2023_weak_monsoon_starts,332.7999999999989,2.0,2.9375,0.0,3.0,7.0
rousseau2023_weak_monsoon_starts,332.99999999999886,2.0,2.9375,0.0,3.0,7.0
rousseau2023_weak_monsoon_starts,333.19999999999885,2.0,2.9375,0.0,3.0,7.0
rousseau2023_weak_monsoon_starts,333.39999999999884,2.0,2.9375,0.0,3.0,7.0
rousseau2023_weak_monsoon_starts,333.59999999999883,2.0,2.9375,0.0,3.0,7.0
rousseau2023_weak_monsoon_starts,333.7999999999989,2.0,2.9375,0.0,3.0,7.0
rousseau2023_weak_monsoon_starts,333.99999999999886,2.0,2.9375,0.0,3.0,7.0
rousseau2023_weak_monsoon_starts,334.19999999999885,1.0,2.9375,0.0,3.0,7.0
rousseau2023_weak_monsoon_starts,334.39999999999884,1.0,2.9375,0.0,3.0,7.0
rousseau2023_weak_monsoon_starts,334.59999999999883,1.0,2.9375,0.0,3.0,7.0
rousseau2023_weak_monsoon_starts,334.7999999999988,1.0,2.9375,0.0,3.0,7.0
rousseau2023_weak_monsoon_starts,334.99999999999886,1.0,2.9375,0.0,3.0,7.0
rousseau2023_weak_monsoon_starts,335.19999999999885,1.0,2.9375,0.0,3.0,7.0
rousseau2023_weak_monsoon_starts,335.39999999999884,1.0,2.9375,0.0,3.0,7.0
rousseau2023_weak_monsoon_starts,335.59999999999883,1.0,2.9375,0.0,3.0,7.0
rousseau2023_weak_monsoon_starts,335.7999999999988,1.0,2.9375,0.0,3.0,7.0
rousseau2023_weak_monsoon_starts,335.99999999999886,1.0,2.9375,0.0,3.0,7.0
rousseau2023_weak_monsoon_starts,336.19999999999885,1.0,2.9375,0.0,3.0,7.0
rousseau2023_weak_monsoon_starts,336.39999999999884,1.0,2.9375,0.0,3.0,7.0
rousseau2023_weak_monsoon_starts,336.59999999999883,1.0,2.9375,0.0,3.0,7.0
rousseau2023_weak_monsoon_starts,336.7999999999988,1.0,2.9375,0.0,3.0,7.0
rousseau2023_weak_monsoon_starts,336.99999999999886,1.0,2.9375,0.0,3.0,7.0
rousseau2023_weak_monsoon_starts,337.19999999999885,1.0,2.9375,0.0,3.0,7.0
rousseau2023_weak_monsoon_starts,337.39999999999884,1.0,2.9375,0.0,3.0,7.0
rousseau2023_weak_monsoon_starts,337.59999999999883,1.0,2.9375,0.0,3.0,7.0
rousseau2023_weak_monsoon_starts,337.7999999999988,1.0,2.9375,0.0,3.0,7.0
rousseau2023_weak_monsoon_starts,337.99999999999886,1.0,2.9375,0.0,3.0,7.0
rousseau2023_weak_monsoon_starts,338.19999999999885,1.0,2.9375,0.0,3.0,7.0
rousseau2023_weak_monsoon_starts,338.39999999999884,1.0,2.9375,0.0,3.0,7.0
rousseau2023_weak_monsoon_starts,338.59999999999883,1.0,2.9375,0.0,3.0,7.0
rousseau2023_weak_monsoon_starts,338.7999999999988,1.0,2.9375,0.0,3.0,7.0
rousseau2023_weak_monsoon_starts,338.9999999999988,1.0,2.9375,0.0,3.0,7.0
rousseau2023_weak_monsoon_starts,339.19999999999885,1.0,2.9375,0.0,3.0,7.0
rousseau2023_weak_monsoon_starts,339.39999999999884,1.0,2.9375,0.0,3.0,7.0
rousseau2023_weak_monsoon_starts,339.59999999999883,2.0,2.9375,0.0,3.0,7.0
rousseau2023_weak_monsoon_starts,339.7999999999988,2.0,2.9375,0.0,3.0,7.0
rousseau2023_weak_monsoon_starts,339.9999999999988,2.0,2.9375,0.0,3.0,7.0
rousseau2023_weak_monsoon_starts,340.19999999999885,2.0,2.9375,0.0,3.0,7.0
rousseau2023_weak_monsoon_starts,340.39999999999884,2.0,2.9375,0.0,3.0,7.0
rousseau2023_weak_monsoon_starts,340.59999999999883,2.0,2.9375,0.0,3.0,7.0
rousseau2023_weak_monsoon_starts,340.7999999999988,2.0,2.9375,0.0,3.0,7.0
rousseau2023_weak_monsoon_starts,340.9999999999988,2.0,2.9375,0.0,3.0,7.0
rousseau2023_weak_monsoon_starts,341.1999999999988,2.0,2.9375,0.0,3.0,7.0
rousseau2023_weak_monsoon_starts,341.39999999999884,2.0,2.9375,0.0,3.0,7.0
rousseau2023_weak_monsoon_starts,341.59999999999883,2.0,2.9375,0.0,3.0,7.0
rousseau2023_weak_monsoon_starts,341.7999999999988,2.0,2.9375,0.0,3.0,7.0
rousseau2023_weak_monsoon_starts,341.9999999999988,2.0,2.9375,0.0,3.0,7.0
rousseau2023_weak_monsoon_starts,342.1999999999988,2.0,2.9375,0.0,3.0,7.0
rousseau2023_weak_monsoon_starts,342.39999999999884,2.0,2.9375,0.0,3.0,7.0
rousseau2023_weak_monsoon_starts,342.59999999999883,2.0,2.9375,0.0,3.0,7.0
rousseau2023_weak_monsoon_starts,342.7999999999988,2.0,2.9375,0.0,3.0,7.0
rousseau2023_weak_monsoon_starts,342.9999999999988,2.0,2.9375,0.0,3.0,7.0
rousseau2023_weak_monsoon_starts,343.1999999999988,2.0,2.9375,0.0,3.0,7.0
rousseau2023_weak_monsoon_starts,343.39999999999884,2.0,2.9375,0.0,3.0,7.0
rousseau2023_weak_monsoon_starts,343.59999999999883,2.0,2.9375,0.0,3.0,7.0
rousseau2023_weak_monsoon_starts,343.7999999999988,2.0,2.9375,0.0,3.0,7.0
rousseau2023_weak_monsoon_starts,343.9999999999988,2.0,2.9375,0.0,3.0,7.0
rousseau2023_weak_monsoon_starts,344.1999999999988,2.0,2.9375,0.0,3.0,7.0
rousseau2023_weak_monsoon_starts,344.39999999999884,2.0,2.9375,0.0,3.0,7.0
rousseau2023_weak_monsoon_starts,344.59999999999883,2.0,2.9375,0.0,3.0,7.0
rousseau2023_weak_monsoon_starts,344.7999999999988,2.0,2.9375,0.0,3.0,7.0
rousseau2023_weak_monsoon_starts,344.9999999999988,2.0,2.9375,0.0,3.0,7.0
rousseau2023_weak_monsoon_starts,345.1999999999988,2.0,2.9375,0.0,3.0,7.0
rousseau2023_weak_monsoon_starts,345.3999999999988,2.0,2.9375,0.0,3.0,7.0
rousseau2023_weak_monsoon_starts,345.59999999999883,2.0,2.9375,0.0,3.0,7.0
rousseau2023_weak_monsoon_starts,345.7999999999988,2.0,2.9375,0.0,3.0,7.0
rousseau2023_weak_monsoon_starts,345.9999999999988,2.0,2.9375,0.0,3.0,7.0
rousseau2023_weak_monsoon_starts,346.1999999999988,2.0,2.9375,0.0,3.0,7.0
rousseau2023_weak_monsoon_starts,346.3999999999988,2.0,2.9375,0.0,3.0,7.0
rousseau2023_weak_monsoon_starts,346.59999999999883,2.0,2.9375,0.0,3.0,7.0
rousseau2023_weak_monsoon_starts,346.7999999999988,2.0,2.9375,0.0,3.0,7.0
rousseau2023_weak_monsoon_starts,346.9999999999988,2.0,2.9375,0.0,3.0,7.0
rousseau2023_weak_monsoon_starts,347.1999999999988,2.0,2.9375,0.0,3.0,7.0
rousseau2023_weak_monsoon_starts,347.3999999999988,2.0,2.9375,0.0,3.0,7.0
rousseau2023_weak_monsoon_starts,347.5999999999988,2.0,2.9375,0.0,3.0,7.0
rousseau2023_weak_monsoon_starts,347.7999999999988,2.0,2.9375,0.0,3.0,7.0
rousseau2023_weak_monsoon_starts,347.9999999999988,2.0,2.9375,0.0,3.0,7.0
rousseau2023_weak_monsoon_starts,348.1999999999988,2.0,2.9375,0.0,3.0,7.0
rousseau2023_weak_monsoon_starts,348.3999999999988,2.0,2.9375,0.0,3.0,7.0
rousseau2023_weak_monsoon_starts,348.5999999999988,2.0,2.9375,0.0,3.0,7.0
rousseau2023_weak_monsoon_starts,348.7999999999988,2.0,2.9375,0.0,3.0,7.0
rousseau2023_weak_monsoon_starts,348.9999999999988,2.0,2.9375,0.0,3.0,7.0
rousseau2023_weak_monsoon_starts,349.1999999999988,2.0,2.9375,0.0,3.0,7.0
rousseau2023_weak_monsoon_starts,349.3999999999988,2.0,2.9375,0.0,3.0,7.0
rousseau2023_weak_monsoon_starts,349.5999999999988,2.0,2.9375,0.0,3.0,7.0
rousseau2023_weak_monsoon_starts,349.7999999999988,2.0,2.9375,0.0,3.0,7.0
rousseau2023_weak_monsoon_starts,349.9999999999988,2.0,2.9375,0.0,3.0,7.0
rousseau2023_weak_monsoon_starts,350.1999999999988,2.0,2.9375,0.0,3.0,7.0
rousseau2023_weak_monsoon_starts,350.3999999999988,2.0,2.9375,0.0,3.0,7.0
rousseau2023_weak_monsoon_starts,350.5999999999988,2.0,2.9375,0.0,3.0,7.0
rousseau2023_weak_monsoon_starts,350.7999999999988,2.0,2.9375,0.0,3.0,7.0
rousseau2023_weak_monsoon_starts,350.9999999999988,2.0,2.9375,0.0,3.0,7.0
rousseau2023_weak_monsoon_starts,351.1999999999988,1.0,2.9375,0.0,3.0,7.0
rousseau2023_weak_monsoon_starts,351.3999999999988,1.0,2.9375,0.0,3.0,7.0
rousseau2023_weak_monsoon_starts,351.5999999999988,1.0,2.9375,0.0,3.0,7.0
rousseau2023_weak_monsoon_starts,351.79999999999876,1.0,2.9375,0.0,3.0,7.0
rousseau2023_weak_monsoon_starts,351.9999999999988,1.0,2.9375,0.0,3.0,7.0
rousseau2023_weak_monsoon_starts,352.1999999999988,1.0,2.9375,0.0,3.0,7.0
rousseau2023_weak_monsoon_starts,352.3999999999988,1.0,2.9375,0.0,3.0,7.0
rousseau2023_weak_monsoon_starts,352.5999999999988,1.0,2.9375,0.0,3.0,7.0
rousseau2023_weak_monsoon_starts,352.79999999999876,1.0,2.9375,0.0,3.0,7.0
rousseau2023_weak_monsoon_starts,352.9999999999988,1.0,2.9375,0.0,3.0,7.0
rousseau2023_weak_monsoon_starts,353.1999999999988,1.0,2.9375,0.0,3.0,7.0
rousseau2023_weak_monsoon_starts,353.3999999999988,1.0,2.9375,0.0,3.0,7.0
rousseau2023_weak_monsoon_starts,353.5999999999988,1.0,2.9375,0.0,3.0,7.0
rousseau2023_weak_monsoon_starts,353.79999999999876,1.0,2.9375,0.0,3.0,7.0
rousseau2023_weak_monsoon_starts,353.99999999999875,1.0,2.9375,0.0,3.0,7.0
rousseau2023_weak_monsoon_starts,354.1999999999988,1.0,2.9375,0.0,3.0,7.0
rousseau2023_weak_monsoon_starts,354.3999999999988,2.0,2.9375,0.0,3.0,7.0
rousseau2023_weak_monsoon_starts,354.5999999999988,2.0,2.9375,0.0,3.0,7.0
rousseau2023_weak_monsoon_starts,354.79999999999876,2.0,2.9375,0.0,3.0,7.0
rousseau2023_weak_monsoon_starts,354.99999999999875,2.0,2.9375,0.0,3.0,7.0
rousseau2023_weak_monsoon_starts,355.1999999999988,2.0,2.9375,0.0,3.0,7.0
rousseau2023_weak_monsoon_starts,355.3999999999988,2.0,2.9375,0.0,3.0,7.0
rousseau2023_weak_monsoon_starts,355.5999999999988,2.0,2.9375,0.0,3.0,7.0
rousseau2023_weak_monsoon_starts,355.79999999999876,2.0,2.9375,0.0,3.0,7.0
rousseau2023_weak_monsoon_starts,355.99999999999875,2.0,2.9375,0.0,3.0,7.0
rousseau2023_weak_monsoon_starts,356.1999999999988,2.0,2.9375,0.0,3.0,7.0
rousseau2023_weak_monsoon_starts,356.3999999999988,2.0,2.9375,0.0,3.0,7.0
rousseau2023_weak_monsoon_starts,356.5999999999988,2.0,2.9375,0.0,3.0,7.0
rousseau2023_weak_monsoon_starts,356.79999999999876,2.0,2.9375,0.0,3.0,7.0
rousseau2023_weak_monsoon_starts,356.99999999999875,2.0,2.9375,0.0,3.0,7.0
rousseau2023_weak_monsoon_starts,357.1999999999988,2.0,2.9375,0.0,3.0,7.0
rousseau2023_weak_monsoon_starts,357.3999999999988,3.0,2.9375,0.0,3.0,7.0
rousseau2023_weak_monsoon_starts,357.5999999999988,3.0,2.9375,0.0,3.0,7.0
rousseau2023_weak_monsoon_starts,357.79999999999876,3.0,2.9375,0.0,3.0,7.0
rousseau2023_weak_monsoon_starts,357.99999999999875,3.0,2.9375,0.0,3.0,7.0
rousseau2023_weak_monsoon_starts,358.19999999999874,3.0,2.9375,0.0,3.0,7.0
rousseau2023_weak_monsoon_starts,358.3999999999988,3.0,2.9375,0.0,3.0,7.0
rousseau2023_weak_monsoon_starts,358.5999999999988,3.0,2.9375,0.0,3.0,7.0
rousseau2023_weak_monsoon_starts,358.79999999999876,4.0,2.9375,0.0,3.0,7.0
rousseau2023_weak_monsoon_starts,358.99999999999875,4.0,2.9375,0.0,3.0,7.0
rousseau2023_weak_monsoon_starts,359.19999999999874,4.0,2.9375,0.0,3.0,7.0
rousseau2023_weak_monsoon_starts,359.3999999999988,4.0,2.9375,0.0,3.0,7.0
rousseau2023_weak_monsoon_starts,359.5999999999988,4.0,2.9375,0.0,3.0,7.0
rousseau2023_weak_monsoon_starts,359.79999999999876,4.0,2.9375,0.0,3.0,7.0
rousseau2023_weak_monsoon_starts,359.99999999999875,4.0,2.9375,0.0,3.0,7.0
rousseau2023_weak_monsoon_starts,360.19999999999874,4.0,2.9375,0.0,3.0,7.0
rousseau2023_weak_monsoon_starts,360.3999999999987,4.0,2.9375,0.0,3.0,7.0
rousseau2023_weak_monsoon_starts,360.5999999999988,4.0,2.9375,0.0,3.0,7.0
rousseau2023_weak_monsoon_starts,360.79999999999876,4.0,2.9375,0.0,3.0,7.0
rousseau2023_weak_monsoon_starts,360.99999999999875,4.0,2.9375,0.0,3.0,7.0
rousseau2023_weak_monsoon_starts,361.19999999999874,4.0,2.9375,0.0,3.0,7.0
rousseau2023_weak_monsoon_starts,361.3999999999987,4.0,2.9375,0.0,3.0,7.0
rousseau2023_weak_monsoon_starts,361.5999999999988,5.0,2.9375,0.0,3.0,7.0
rousseau2023_weak_monsoon_starts,361.79999999999876,5.0,2.9375,0.0,3.0,7.0
rousseau2023_weak_monsoon_starts,361.99999999999875,6.0,2.9375,0.0,3.0,7.0
rousseau2023_weak_monsoon_starts,362.19999999999874,6.0,2.9375,0.0,3.0,7.0
rousseau2023_weak_monsoon_starts,362.3999999999987,6.0,2.9375,0.0,3.0,7.0
rousseau2023_weak_monsoon_starts,362.5999999999988,6.0,2.9375,0.0,3.0,7.0
rousseau2023_weak_monsoon_starts,362.79999999999876,6.0,2.9375,0.0,3.0,7.0
rousseau2023_weak_monsoon_starts,362.99999999999875,6.0,2.9375,0.0,3.0,7.0
rousseau2023_weak_monsoon_starts,363.19999999999874,6.0,2.9375,0.0,3.0,7.0
rousseau2023_weak_monsoon_starts,363.3999999999987,6.0,2.9375,0.0,3.0,7.0
rousseau2023_weak_monsoon_starts,363.5999999999988,6.0,2.9375,0.0,3.0,7.0
rousseau2023_weak_monsoon_starts,363.79999999999876,6.0,2.9375,0.0,3.0,7.0
rousseau2023_weak_monsoon_starts,363.99999999999875,6.0,2.9375,0.0,3.0,7.0
rousseau2023_weak_monsoon_starts,364.19999999999874,6.0,2.9375,0.0,3.0,7.0
rousseau2023_weak_monsoon_starts,364.3999999999987,6.0,2.9375,0.0,3.0,7.0
rousseau2023_weak_monsoon_starts,364.5999999999987,6.0,2.9375,0.0,3.0,7.0
rousseau2023_weak_monsoon_starts,364.79999999999876,6.0,2.9375,0.0,3.0,7.0
rousseau2023_weak_monsoon_starts,364.99999999999875,6.0,2.9375,0.0,3.0,7.0
rousseau2023_weak_monsoon_starts,365.19999999999874,6.0,2.9375,0.0,3.0,7.0
rousseau2023_weak_monsoon_starts,365.3999999999987,6.0,2.9375,0.0,3.0,7.0
rousseau2023_weak_monsoon_starts,365.5999999999987,6.0,2.9375,0.0,3.0,7.0
rousseau2023_weak_monsoon_starts,365.79999999999876,6.0,2.9375,0.0,3.0,7.0
rousseau2023_weak_monsoon_starts,365.99999999999875,6.0,2.9375,0.0,3.0,7.0
rousseau2023_weak_monsoon_starts,366.19999999999874,6.0,2.9375,0.0,3.0,7.0
rousseau2023_weak_monsoon_starts,366.3999999999987,6.0,2.9375,0.0,3.0,7.0
rousseau2023_weak_monsoon_starts,366.5999999999987,6.0,2.9375,0.0,3.0,7.0
rousseau2023_weak_monsoon_starts,366.7999999999987,6.0,2.9375,0.0,3.0,7.0
rousseau2023_weak_monsoon_starts,366.99999999999875,6.0,2.9375,0.0,3.0,7.0
rousseau2023_weak_monsoon_starts,367.19999999999874,6.0,2.9375,0.0,3.0,7.0
rousseau2023_weak_monsoon_starts,367.3999999999987,6.0,2.9375,0.0,3.0,7.0
rousseau2023_weak_monsoon_starts,367.5999999999987,6.0,2.9375,0.0,3.0,7.0
rousseau2023_weak_monsoon_starts,367.7999999999987,6.0,2.9375,0.0,3.0,7.0
rousseau2023_weak_monsoon_starts,367.99999999999875,6.0,2.9375,0.0,3.0,7.0
rousseau2023_weak_monsoon_starts,368.19999999999874,6.0,2.9375,0.0,3.0,7.0
rousseau2023_weak_monsoon_starts,368.3999999999987,6.0,2.9375,0.0,3.0,6.0
rousseau2023_weak_monsoon_starts,368.5999999999987,6.0,2.9375,0.0,3.0,6.0
rousseau2023_weak_monsoon_starts,368.7999999999987,7.0,2.9375,0.0,3.0,7.0
rousseau2023_weak_monsoon_starts,368.99999999999875,7.0,2.9375,0.0,3.0,7.0
rousseau2023_weak_monsoon_starts,369.19999999999874,7.0,2.9375,0.0,3.0,7.0
rousseau2023_weak_monsoon_starts,369.3999999999987,7.0,2.9375,0.0,3.0,7.0
rousseau2023_weak_monsoon_starts,369.5999999999987,7.0,2.9375,0.0,3.0,7.0
rousseau2023_weak_monsoon_starts,369.7999999999987,7.0,2.9375,0.0,3.0,7.0
rousseau2023_weak_monsoon_starts,369.99999999999875,7.0,2.9375,0.0,3.0,7.0
rousseau2023_weak_monsoon_starts,370.19999999999874,7.0,2.9375,0.0,3.0,7.0
rousseau2023_weak_monsoon_starts,370.3999999999987,7.0,2.9375,0.0,3.0,7.0
rousseau2023_weak_monsoon_starts,370.5999999999987,7.0,2.9375,0.0,3.0,7.0
rousseau2023_weak_monsoon_starts,370.7999999999987,7.0,2.9375,0.0,3.0,7.0
rousseau2023_weak_monsoon_starts,370.9999999999987,7.0,2.9375,0.0,3.0,7.0
rousseau2023_weak_monsoon_starts,371.19999999999874,7.0,2.9375,0.0,3.0,7.0
rousseau2023_weak_monsoon_starts,371.3999999999987,7.0,2.9375,0.0,3.0,7.0
rousseau2023_weak_monsoon_starts,371.5999999999987,7.0,2.9375,0.0,3.0,7.0
rousseau2023_weak_monsoon_starts,371.7999999999987,7.0,2.9375,0.0,3.0,7.0
rousseau2023_weak_monsoon_starts,371.9999999999987,7.0,2.9375,0.0,3.0,7.0
rousseau2023_weak_monsoon_starts,372.19999999999874,7.0,2.9375,0.0,3.0,7.0
rousseau2023_weak_monsoon_starts,372.3999999999987,7.0,2.9375,0.0,3.0,7.0
rousseau2023_weak_monsoon_starts,372.5999999999987,7.0,2.9375,0.0,3.0,7.0
rousseau2023_weak_monsoon_starts,372.7999999999987,7.0,2.9375,0.0,3.0,7.0
rousseau2023_weak_monsoon_starts,372.9999999999987,7.0,2.9375,0.0,3.0,7.0
rousseau2023_weak_monsoon_starts,373.1999999999987,7.0,2.9375,0.0,3.0,7.0
rousseau2023_weak_monsoon_starts,373.3999999999987,7.0,2.9375,0.0,3.0,7.0
rousseau2023_weak_monsoon_starts,373.5999999999987,7.0,2.9375,0.0,3.0,7.0
rousseau2023_weak_monsoon_starts,373.7999999999987,7.0,2.9375,0.0,3.0,7.0
rousseau2023_weak_monsoon_starts,373.9999999999987,7.0,2.9375,0.0,3.0,7.0
rousseau2023_weak_monsoon_starts,374.1999999999987,7.0,2.9375,0.0,3.0,7.0
rousseau2023_weak_monsoon_starts,374.3999999999987,6.0,2.9375,0.0,3.0,7.0
rousseau2023_weak_monsoon_starts,374.5999999999987,6.0,2.9375,0.0,3.0,7.0
rousseau2023_weak_monsoon_starts,374.7999999999987,6.0,2.9375,0.0,3.0,7.0
rousseau2023_weak_monsoon_starts,374.9999999999987,6.0,2.9375,0.0,3.0,7.0
rousseau2023_weak_monsoon_starts,375.1999999999987,6.0,2.9375,0.0,3.0,7.0
rousseau2023_weak_monsoon_starts,375.3999999999987,6.0,2.9375,0.0,3.0,7.0
rousseau2023_weak_monsoon_starts,375.5999999999987,6.0,2.9375,0.0,3.0,7.0
rousseau2023_weak_monsoon_starts,375.7999999999987,6.0,2.9375,0.0,3.0,7.0
rousseau2023_weak_monsoon_starts,375.9999999999987,6.0,2.9375,0.0,3.0,7.0
rousseau2023_weak_monsoon_starts,376.1999999999987,6.0,2.9375,0.0,3.0,7.0
rousseau2023_weak_monsoon_starts,376.3999999999987,6.0,2.9375,0.0,3.0,7.0
rousseau2023_weak_monsoon_starts,376.5999999999987,6.0,2.9375,0.0,3.0,7.0
rousseau2023_weak_monsoon_starts,376.7999999999987,6.0,2.9375,0.0,3.0,7.0
rousseau2023_weak_monsoon_starts,376.9999999999987,6.0,2.9375,0.0,3.0,7.0
rousseau2023_weak_monsoon_starts,377.1999999999987,6.0,2.9375,0.0,3.0,7.0
rousseau2023_weak_monsoon_starts,377.39999999999867,5.0,2.9375,0.0,3.0,7.0
rousseau2023_weak_monsoon_starts,377.5999999999987,5.0,2.9375,0.0,3.0,7.0
rousseau2023_weak_monsoon_starts,377.7999999999987,5.0,2.9375,0.0,3.0,7.0
rousseau2023_weak_monsoon_starts,377.9999999999987,5.0,2.9375,0.0,3.0,7.0
rousseau2023_weak_monsoon_starts,378.1999999999987,5.0,2.9375,0.0,3.0,7.0
rousseau2023_weak_monsoon_starts,378.39999999999867,5.0,2.9375,0.0,3.0,7.0
rousseau2023_weak_monsoon_starts,378.5999999999987,5.0,2.9375,0.0,3.0,7.0
rousseau2023_weak_monsoon_starts,378.7999999999987,4.0,2.9375,0.0,3.0,7.0
rousseau2023_weak_monsoon_starts,378.9999999999987,4.0,2.9375,0.0,3.0,6.0249023
rousseau2023_weak_monsoon_starts,379.1999999999987,4.0,2.9375,0.0,3.0,7.0
rousseau2023_weak_monsoon_starts,379.39999999999867,4.0,2.9375,0.0,3.0,6.0
rousseau2023_weak_monsoon_starts,379.59999999999866,3.0,2.9375,0.0,3.0,6.0
rousseau2023_weak_monsoon_starts,379.7999999999987,3.0,2.9375,0.0,3.0,6.0
rousseau2023_weak_monsoon_starts,379.9999999999987,3.0,2.9375,0.0,3.0,6.0
rousseau2023_weak_monsoon_starts,380.1999999999987,3.0,2.9375,0.0,3.0,6.0
rousseau2023_weak_monsoon_starts,380.39999999999867,3.0,2.9375,0.0,3.0,6.0
rousseau2023_weak_monsoon_starts,380.59999999999866,3.0,2.9375,0.0,3.0,6.0
rousseau2023_weak_monsoon_starts,380.7999999999987,3.0,2.9375,0.0,3.0,6.0
rousseau2023_weak_monsoon_starts,380.9999999999987,3.0,2.9375,0.0,3.0,6.0
rousseau2023_weak_monsoon_starts,381.1999999999987,3.0,2.9375,0.0,3.0,6.0
rousseau2023_weak_monsoon_starts,381.39999999999867,3.0,2.9375,0.0,3.0,6.0
rousseau2023_weak_monsoon_starts,381.59999999999866,2.0,2.9375,0.0,3.0,6.0
rousseau2023_weak_monsoon_starts,381.7999999999987,2.0,2.9375,0.0,3.0,6.0
rousseau2023_weak_monsoon_starts,381.9999999999987,1.0,2.9375,0.0,3.0,6.0
rousseau2023_weak_monsoon_starts,382.1999999999987,1.0,2.9375,0.0,3.0,6.0
rousseau2023_weak_monsoon_starts,382.39999999999867,1.0,2.9375,0.0,3.0,6.0
rousseau2023_weak_monsoon_starts,382.59999999999866,1.0,2.9375,0.0,3.0,6.0
rousseau2023_weak_monsoon_starts,382.7999999999987,1.0,2.9375,0.0,3.0,6.0
rousseau2023_weak_monsoon_starts,382.9999999999987,1.0,2.9375,0.0,3.0,6.0
rousseau2023_weak_monsoon_starts,383.1999999999987,1.0,2.9375,0.0,3.0,6.0
rousseau2023_weak_monsoon_starts,383.39999999999867,1.0,2.9375,0.0,3.0,6.0
rousseau2023_weak_monsoon_starts,383.59999999999866,1.0,2.9375,0.0,3.0,6.0
rousseau2023_weak_monsoon_starts,383.79999999999865,1.0,2.9375,0.0,3.0,6.0
rousseau2023_weak_monsoon_starts,383.9999999999987,1.0,2.9375,0.0,3.0,6.0
rousseau2023_weak_monsoon_starts,384.1999999999987,1.0,2.9375,0.0,3.0,6.0
rousseau2023_weak_monsoon_starts,384.39999999999867,1.0,2.9375,0.0,3.0,6.0
rousseau2023_weak_monsoon_starts,384.59999999999866,1.0,2.9375,0.0,3.0,6.0
rousseau2023_weak_monsoon_starts,384.79999999999865,1.0,2.9375,0.0,3.0,6.0
rousseau2023_weak_monsoon_starts,384.9999999999987,1.0,2.9375,0.0,3.0,7.0
rousseau2023_weak_monsoon_starts,385.1999999999987,1.0,2.9375,0.0,3.0,7.0
rousseau2023_weak_monsoon_starts,385.39999999999867,1.0,2.9375,0.0,3.0,6.0
rousseau2023_weak_monsoon_starts,385.59999999999866,1.0,2.9375,0.0,3.0,7.0
rousseau2023_weak_monsoon_starts,385.79999999999865,1.0,2.9375,0.0,3.0,7.0
rousseau2023_weak_monsoon_starts,385.99999999999864,1.0,2.9375,0.0,3.0,7.0
rousseau2023_weak_monsoon_starts,386.1999999999987,1.0,2.9375,0.0,3.0,7.0
rousseau2023_weak_monsoon_starts,386.39999999999867,1.0,2.9375,0.0,3.0,7.0
rousseau2023_weak_monsoon_starts,386.59999999999866,1.0,2.9375,0.0,3.0,7.0
rousseau2023_weak_monsoon_starts,386.79999999999865,1.0,2.9375,0.0,3.0,7.0
rousseau2023_weak_monsoon_starts,386.99999999999864,1.0,2.9375,0.0,3.0,7.0
rousseau2023_weak_monsoon_starts,387.1999999999987,1.0,2.9375,0.0,3.0,7.0
rousseau2023_weak_monsoon_starts,387.39999999999867,1.0,2.9375,0.0,3.0,7.0
rousseau2023_weak_monsoon_starts,387.59999999999866,1.0,2.9375,0.0,3.0,7.0
rousseau2023_weak_monsoon_starts,387.79999999999865,1.0,2.9375,0.0,3.0,7.0
rousseau2023_weak_monsoon_starts,387.99999999999864,1.0,2.9375,0.0,3.0,7.0
rousseau2023_weak_monsoon_starts,388.1999999999987,1.0,2.9375,0.0,3.0,7.0
rousseau2023_weak_monsoon_starts,388.39999999999867,1.0,2.9375,0.0,3.0,7.0
rousseau2023_weak_monsoon_starts,388.59999999999866,1.0,2.9375,0.0,3.0,7.0
rousseau2023_weak_monsoon_starts,388.79999999999865,0.0,2.9375,0.0,3.0,7.0
rousseau2023_weak_monsoon_starts,388.99999999999864,1.0,2.9375,0.0,3.0,7.0
rousseau2023_weak_monsoon_starts,389.1999999999987,1.0,2.9375,0.0,3.0,7.0
rousseau2023_weak_monsoon_starts,389.39999999999867,1.0,2.9375,0.0,3.0,7.0
rousseau2023_weak_monsoon_starts,389.59999999999866,1.0,2.9375,0.0,3.0,7.0
rousseau2023_weak_monsoon_starts,389.79999999999865,1.0,2.9375,0.0,3.0,7.0
rousseau2023_weak_monsoon_starts,389.99999999999864,1.0,2.9375,0.0,3.0,7.0
rousseau2023_weak_monsoon_starts,390.1999999999986,1.0,2.9375,0.0,3.0,7.0
rousseau2023_weak_monsoon_starts,390.39999999999867,1.0,2.9375,0.0,3.0,7.0
rousseau2023_weak_monsoon_starts,390.59999999999866,1.0,2.9375,0.0,3.0,7.0
rousseau2023_weak_monsoon_starts,390.79999999999865,1.0,2.9375,0.0,3.0,7.0
rousseau2023_weak_monsoon_starts,390.99999999999864,1.0,2.9375,0.0,3.0,7.0
rousseau2023_weak_monsoon_starts,391.1999999999986,1.0,2.9375,0.0,3.0,7.0
rousseau2023_weak_monsoon_starts,391.39999999999867,1.0,2.9375,0.0,3.0,7.0
rousseau2023_weak_monsoon_starts,391.59999999999866,1.0,2.9375,0.0,3.0,7.0
rousseau2023_weak_monsoon_starts,391.79999999999865,1.0,2.9375,0.0,3.0,7.0
rousseau2023_weak_monsoon_starts,391.99999999999864,1.0,2.9375,0.0,3.0,6.0
rousseau2023_weak_monsoon_starts,392.1999999999986,1.0,2.9375,0.0,3.0,6.0
rousseau2023_weak_monsoon_starts,392.3999999999986,1.0,2.9375,0.0,3.0,6.0
rousseau2023_weak_monsoon_starts,392.59999999999866,1.0,2.9375,0.0,3.0,6.0
rousseau2023_weak_monsoon_starts,392.79999999999865,1.0,2.9375,0.0,3.0,6.0
rousseau2023_weak_monsoon_starts,392.99999999999864,1.0,2.9375,0.0,3.0,7.0
rousseau2023_weak_monsoon_starts,393.1999999999986,1.0,2.9375,0.0,3.0,7.0
rousseau2023_weak_monsoon_starts,393.3999999999986,1.0,2.9375,0.0,3.0,7.0
rousseau2023_weak_monsoon_starts,393.59999999999866,1.0,2.9375,0.0,3.0,7.0
rousseau2023_weak_monsoon_starts,393.79999999999865,1.0,2.9375,0.0,3.0,7.0
rousseau2023_weak_monsoon_starts,393.99999999999864,1.0,2.9375,0.0,3.0,7.0
rousseau2023_weak_monsoon_starts,394.1999999999986,1.0,2.9375,0.0,3.0,7.0
rousseau2023_weak_monsoon_starts,394.3999999999986,1.0,2.9375,0.0,3.0,7.0
rousseau2023_weak_monsoon_starts,394.59999999999866,1.0,2.9375,0.0,3.0,7.0
rousseau2023_weak_monsoon_starts,394.79999999999865,1.0,2.9375,0.0,3.0,7.0
rousseau2023_weak_monsoon_starts,394.99999999999864,1.0,2.9375,0.0,3.0,7.0
rousseau2023_weak_monsoon_starts,395.1999999999986,1.0,2.9375,0.0,3.0,6.0
rousseau2023_weak_monsoon_starts,395.3999999999986,1.0,2.9375,0.0,3.0,6.0
rousseau2023_weak_monsoon_starts,395.59999999999866,1.0,2.9375,0.0,3.0,6.0
rousseau2023_weak_monsoon_starts,395.79999999999865,1.0,2.9375,0.0,3.0,6.0
rousseau2023_weak_monsoon_starts,395.99999999999864,1.0,2.9375,0.0,3.0,6.0
rousseau2023_weak_monsoon_starts,396.1999999999986,1.0,2.9375,0.0,3.0,6.0
rousseau2023_weak_monsoon_starts,396.3999999999986,1.0,2.9375,0.0,3.0,6.0
rousseau2023_weak_monsoon_starts,396.5999999999986,1.0,2.9375,0.0,3.0,6.0
rousseau2023_weak_monsoon_starts,396.79999999999865,1.0,2.9375,0.0,3.0,6.0
rousseau2023_weak_monsoon_starts,396.99999999999864,1.0,2.9375,0.0,3.0,6.0249023
rousseau2023_weak_monsoon_starts,397.1999999999986,1.0,2.9375,0.0,3.0,7.0
rousseau2023_weak_monsoon_starts,397.3999999999986,1.0,2.9375,0.0,3.0,7.0
rousseau2023_weak_monsoon_starts,397.5999999999986,1.0,2.9375,0.0,3.0,7.0
rousseau2023_weak_monsoon_starts,397.79999999999865,1.0,2.9375,0.0,3.0,7.0
rousseau2023_weak_monsoon_starts,397.99999999999864,1.0,2.9375,0.0,3.0,7.0
rousseau2023_weak_monsoon_starts,398.1999999999986,1.0,2.9375,0.0,3.0,7.0
rousseau2023_weak_monsoon_starts,398.3999999999986,1.0,2.9375,0.0,3.0,7.0
rousseau2023_weak_monsoon_starts,398.5999999999986,1.0,2.9375,0.0,3.0,7.0
rousseau2023_weak_monsoon_starts,398.7999999999986,1.0,2.9375,0.0,3.0,7.0
rousseau2023_weak_monsoon_starts,398.99999999999864,1.0,2.9375,0.0,3.0,7.0
rousseau2023_weak_monsoon_starts,399.1999999999986,1.0,2.9375,0.0,3.0,7.0
rousseau2023_weak_monsoon_starts,399.3999999999986,1.0,2.9375,0.0,3.0,7.0
rousseau2023_weak_monsoon_starts,399.5999999999986,1.0,2.9375,0.0,3.0,7.0
rousseau2023_weak_monsoon_starts,399.7999999999986,1.0,2.9375,0.0,3.0,7.0
rousseau2023_weak_monsoon_starts,399.99999999999864,1.0,2.9375,0.0,3.0,7.0
rousseau2023_weak_monsoon_starts,400.1999999999986,1.0,2.9375,0.0,3.0,7.0
rousseau2023_weak_monsoon_starts,400.3999999999986,1.0,2.9375,0.0,3.0,7.0
rousseau2023_weak_monsoon_starts,400.5999999999986,1.0,2.9375,0.0,3.0,7.0
rousseau2023_weak_monsoon_starts,400.7999999999986,1.0,2.9375,0.0,3.0,7.0
rousseau2023_weak_monsoon_starts,400.99999999999864,1.0,2.9375,0.0,3.0,7.0
rousseau2023_weak_monsoon_starts,401.1999999999986,1.0,2.9375,0.0,3.0,7.0
rousseau2023_weak_monsoon_starts,401.3999999999986,1.0,2.9375,0.0,3.0,7.0
rousseau2023_weak_monsoon_starts,401.5999999999986,1.0,2.9375,0.0,3.0,7.0
rousseau2023_weak_monsoon_starts,401.7999999999986,1.0,2.9375,0.0,3.0,7.0
rousseau2023_weak_monsoon_starts,401.99999999999864,1.0,2.9375,0.0,3.0,7.0
rousseau2023_weak_monsoon_starts,402.1999999999986,1.0,2.9375,0.0,3.0,7.0
rousseau2023_weak_monsoon_starts,402.3999999999986,1.0,2.9375,0.0,3.0,7.0
rousseau2023_weak_monsoon_starts,402.5999999999986,1.0,2.9375,0.0,3.0,7.0
rousseau2023_weak_monsoon_starts,402.7999999999986,1.0,2.9375,0.0,3.0,7.0
rousseau2023_weak_monsoon_starts,402.9999999999986,1.0,2.9375,0.0,3.0,7.0
rousseau2023_weak_monsoon_starts,403.1999999999986,1.0,2.9375,0.0,3.0,7.0
rousseau2023_weak_monsoon_starts,403.3999999999986,1.0,2.9375,0.0,3.0,7.0
rousseau2023_weak_monsoon_starts,403.5999999999986,1.0,2.9375,0.0,3.0,7.0
rousseau2023_weak_monsoon_starts,403.7999999999986,1.0,2.9375,0.0,3.0,7.0
rousseau2023_weak_monsoon_starts,403.9999999999986,1.0,2.9375,0.0,3.0,7.0
rousseau2023_weak_monsoon_starts,404.1999999999986,1.0,2.9375,0.0,3.0,7.0
rousseau2023_weak_monsoon_starts,404.3999999999986,1.0,2.9375,0.0,3.0,7.0
rousseau2023_weak_monsoon_starts,404.5999999999986,1.0,2.9375,0.0,3.0,7.0
rousseau2023_weak_monsoon_starts,404.7999999999986,1.0,2.9375,0.0,3.0,7.0
rousseau2023_weak_monsoon_starts,404.9999999999986,1.0,2.9375,0.0,3.0,7.0
rousseau2023_weak_monsoon_starts,405.19999999999857,1.0,2.9375,0.0,3.0,7.0
rousseau2023_weak_monsoon_starts,405.3999999999986,1.0,2.9375,0.0,3.0,7.0
rousseau2023_weak_monsoon_starts,405.5999999999986,1.0,2.9375,0.0,3.0,7.0
rousseau2023_weak_monsoon_starts,405.7999999999986,1.0,2.9375,0.0,3.0,7.0
rousseau2023_weak_monsoon_starts,405.9999999999986,1.0,2.9375,0.0,3.0,7.0
rousseau2023_weak_monsoon_starts,406.19999999999857,1.0,2.9375,0.0,3.0,7.0
rousseau2023_weak_monsoon_starts,406.3999999999986,1.0,2.9375,0.0,3.0,7.0
rousseau2023_weak_monsoon_starts,406.5999999999986,1.0,2.9375,0.0,3.0,7.0
rousseau2023_weak_monsoon_starts,406.7999999999986,1.0,2.9375,0.0,3.0,7.0
rousseau2023_weak_monsoon_starts,406.9999999999986,1.0,2.9375,0.0,3.0,7.0
rousseau2023_weak_monsoon_starts,407.19999999999857,1.0,2.9375,0.0,3.0,7.0
rousseau2023_weak_monsoon_starts,407.3999999999986,1.0,2.9375,0.0,3.0,7.0
rousseau2023_weak_monsoon_starts,407.5999999999986,1.0,2.9375,0.0,3.0,7.0
rousseau2023_weak_monsoon_starts,407.7999999999986,1.0,2.9375,0.0,3.0,7.0
rousseau2023_weak_monsoon_starts,407.9999999999986,1.0,2.9375,0.0,3.0,7.0
rousseau2023_weak_monsoon_starts,408.19999999999857,1.0,2.9375,0.0,3.0,7.0
rousseau2023_weak_monsoon_starts,408.3999999999986,1.0,2.9375,0.0,3.0,7.0
rousseau2023_weak_monsoon_starts,408.5999999999986,1.0,2.9375,0.0,3.0,7.0
rousseau2023_weak_monsoon_starts,408.7999999999986,1.0,2.9375,0.0,3.0,7.0
rousseau2023_weak_monsoon_starts,408.9999999999986,0.0,2.9375,0.0,3.0,7.0
rousseau2023_weak_monsoon_starts,409.19999999999857,0.0,2.9375,0.0,3.0,7.0
rousseau2023_weak_monsoon_starts,409.39999999999856,0.0,2.9375,0.0,3.0,7.0
rousseau2023_weak_monsoon_starts,409.5999999999986,0.0,2.9375,0.0,3.0,7.0
rousseau2023_weak_monsoon_starts,409.7999999999986,0.0,2.9375,0.0,3.0,7.0
rousseau2023_weak_monsoon_starts,409.9999999999986,0.0,2.9375,0.0,3.0,7.0
rousseau2023_weak_monsoon_starts,410.19999999999857,0.0,2.9375,0.0,3.0,7.0
rousseau2023_weak_monsoon_starts,410.39999999999856,0.0,2.9375,0.0,3.0,7.0
rousseau2023_weak_monsoon_starts,410.5999999999986,0.0,2.9375,0.0,3.0,7.0
rousseau2023_weak_monsoon_starts,410.7999999999986,0.0,2.9375,0.0,3.0,7.0
rousseau2023_weak_monsoon_starts,410.9999999999986,0.0,2.9375,0.0,3.0,7.0
rousseau2023_weak_monsoon_starts,411.19999999999857,0.0,2.9375,0.0,3.0,7.0
rousseau2023_weak_monsoon_starts,411.39999999999856,0.0,2.9375,0.0,3.0,7.0
rousseau2023_weak_monsoon_starts,411.59999999999854,0.0,2.9375,0.0,3.0,7.0
rousseau2023_weak_monsoon_starts,411.7999999999986,0.0,2.9375,0.0,3.0,7.0
rousseau2023_weak_monsoon_starts,411.9999999999986,0.0,2.9375,0.0,3.0,7.0
rousseau2023_weak_monsoon_starts,412.19999999999857,0.0,2.9375,0.0,3.0,7.0
rousseau2023_weak_monsoon_starts,412.39999999999856,0.0,2.9375,0.0,3.0,7.0
rousseau2023_weak_monsoon_starts,412.59999999999854,0.0,2.9375,0.0,3.0,7.0
rousseau2023_weak_monsoon_starts,412.7999999999986,0.0,2.9375,0.0,3.0,7.0
rousseau2023_weak_monsoon_starts,412.9999999999986,0.0,2.9375,0.0,3.0,7.0
rousseau2023_weak_monsoon_starts,413.19999999999857,0.0,2.9375,0.0,3.0,7.0
rousseau2023_weak_monsoon_starts,413.39999999999856,0.0,2.9375,0.0,3.0,7.0
rousseau2023_weak_monsoon_starts,413.59999999999854,0.0,2.9375,0.0,3.0,7.0
rousseau2023_weak_monsoon_starts,413.7999999999986,0.0,2.9375,0.0,3.0,7.0
rousseau2023_weak_monsoon_starts,413.9999999999986,0.0,2.9375,0.0,3.0,7.0
rousseau2023_weak_monsoon_starts,414.19999999999857,0.0,2.9375,0.0,3.0,7.0
rousseau2023_weak_monsoon_starts,414.39999999999856,0.0,2.9375,0.0,3.0,7.0
rousseau2023_weak_monsoon_starts,414.59999999999854,0.0,2.9375,0.0,3.0,7.0
rousseau2023_weak_monsoon_starts,414.7999999999986,0.0,2.9375,0.0,3.0,7.0
rousseau2023_weak_monsoon_starts,414.9999999999986,0.0,2.9375,0.0,3.0,7.0
rousseau2023_weak_monsoon_starts,415.19999999999857,0.0,2.9375,0.0,3.0,7.0
rousseau2023_weak_monsoon_starts,415.39999999999856,0.0,2.9375,0.0,3.0,7.0
rousseau2023_weak_monsoon_starts,415.59999999999854,0.0,2.9375,0.0,3.0,7.0
rousseau2023_weak_monsoon_starts,415.79999999999853,0.0,2.9375,0.0,3.0,7.0
rousseau2023_weak_monsoon_starts,415.9999999999986,0.0,2.9375,0.0,3.0,7.0
rousseau2023_weak_monsoon_starts,416.19999999999857,0.0,2.9375,0.0,3.0,7.0
rousseau2023_weak_monsoon_starts,416.39999999999856,0.0,2.9375,0.0,3.0,7.0
rousseau2023_weak_monsoon_starts,416.59999999999854,0.0,2.9375,0.0,3.0,7.0
rousseau2023_weak_monsoon_starts,416.79999999999853,0.0,2.9375,0.0,3.0,7.0
rousseau2023_weak_monsoon_starts,416.9999999999986,0.0,2.9375,0.0,3.0,7.0
rousseau2023_weak_monsoon_starts,417.19999999999857,0.0,2.9375,0.0,3.0,7.0
rousseau2023_weak_monsoon_starts,417.39999999999856,0.0,2.9375,0.0,3.0,7.0
rousseau2023_weak_monsoon_starts,417.59999999999854,0.0,2.9375,0.0,3.0,7.0
rousseau2023_weak_monsoon_starts,417.79999999999853,0.0,2.9375,0.0,3.0,7.0
rousseau2023_weak_monsoon_starts,417.9999999999985,0.0,2.9375,0.0,3.0,7.0
rousseau2023_weak_monsoon_starts,418.19999999999857,0.0,2.9375,0.0,3.0,7.0
rousseau2023_weak_monsoon_starts,418.39999999999856,0.0,2.9375,0.0,3.0,7.0
rousseau2023_weak_monsoon_starts,418.59999999999854,0.0,2.9375,0.0,3.0,7.0
rousseau2023_weak_monsoon_starts,418.79999999999853,0.0,2.9375,0.0,3.0,7.0
rousseau2023_weak_monsoon_starts,418.9999999999985,0.0,2.9375,0.0,3.0,7.0
rousseau2023_weak_monsoon_starts,419.19999999999857,0.0,2.9375,0.0,3.0,7.0
rousseau2023_weak_monsoon_starts,419.39999999999856,0.0,2.9375,0.0,3.0,7.0
rousseau2023_weak_monsoon_starts,419.59999999999854,0.0,2.9375,0.0,3.0,7.0
rousseau2023_weak_monsoon_starts,419.79999999999853,0.0,2.9375,0.0,3.0,7.0
rousseau2023_weak_monsoon_starts,419.9999999999985,0.0,2.9375,0.0,3.0,7.0
rousseau2023_weak_monsoon_starts,420.19999999999857,1.0,2.9375,0.0,3.0,7.0
rousseau2023_weak_monsoon_starts,420.39999999999856,1.0,2.9375,0.0,3.0,7.0
rousseau2023_weak_monsoon_starts,420.59999999999854,1.0,2.9375,0.0,3.0,7.0
rousseau2023_weak_monsoon_starts,420.79999999999853,1.0,2.9375,0.0,3.0,7.0
rousseau2023_weak_monsoon_starts,420.9999999999985,1.0,2.9375,0.0,3.0,7.0
rousseau2023_weak_monsoon_starts,421.19999999999857,1.0,2.9375,0.0,3.0,7.0
rousseau2023_weak_monsoon_starts,421.39999999999856,1.0,2.9375,0.0,3.0,7.0
rousseau2023_weak_monsoon_starts,421.59999999999854,1.0,2.9375,0.0,3.0,7.0
rousseau2023_weak_monsoon_starts,421.79999999999853,1.0,2.9375,0.0,3.0,7.0
rousseau2023_weak_monsoon_starts,421.9999999999985,1.0,2.9375,0.0,3.0,7.0
rousseau2023_weak_monsoon_starts,422.1999999999985,1.0,2.9375,0.0,3.0,7.0
rousseau2023_weak_monsoon_starts,422.39999999999856,1.0,2.9375,0.0,3.0,7.0
rousseau2023_weak_monsoon_starts,422.59999999999854,1.0,2.9375,0.0,3.0,7.0
rousseau2023_weak_monsoon_starts,422.79999999999853,1.0,2.9375,0.0,3.0,7.0
rousseau2023_weak_monsoon_starts,422.9999999999985,1.0,2.9375,0.0,3.0,7.0
rousseau2023_weak_monsoon_starts,423.1999999999985,1.0,2.9375,0.0,3.0,7.0
rousseau2023_weak_monsoon_starts,423.39999999999856,1.0,2.9375,0.0,3.0,7.0
rousseau2023_weak_monsoon_starts,423.59999999999854,1.0,2.9375,0.0,3.0,7.0
rousseau2023_weak_monsoon_starts,423.79999999999853,1.0,2.9375,0.0,3.0,7.0
rousseau2023_weak_monsoon_starts,423.9999999999985,1.0,2.9375,0.0,3.0,7.0
rousseau2023_weak_monsoon_starts,424.1999999999985,1.0,2.9375,0.0,3.0,7.0
rousseau2023_weak_monsoon_starts,424.3999999999985,1.0,2.9375,0.0,3.0,7.0
rousseau2023_weak_monsoon_starts,424.59999999999854,1.0,2.9375,0.0,3.0,7.0
rousseau2023_weak_monsoon_starts,424.79999999999853,1.0,2.9375,0.0,3.0,7.0
rousseau2023_weak_monsoon_starts,424.9999999999985,1.0,2.9375,0.0,3.0,7.0
rousseau2023_weak_monsoon_starts,425.1999999999985,1.0,2.9375,0.0,3.0,7.0
rousseau2023_weak_monsoon_starts,425.3999999999985,1.0,2.9375,0.0,3.0,7.0
rousseau2023_weak_monsoon_starts,425.59999999999854,1.0,2.9375,0.0,3.0,7.0
rousseau2023_weak_monsoon_starts,425.79999999999853,1.0,2.9375,0.0,3.0,7.0
rousseau2023_weak_monsoon_starts,425.9999999999985,1.0,2.9375,0.0,3.0,7.0
rousseau2023_weak_monsoon_starts,426.1999999999985,1.0,2.9375,0.0,3.0,7.0
rousseau2023_weak_monsoon_starts,426.3999999999985,1.0,2.9375,0.0,3.0,7.0
rousseau2023_weak_monsoon_starts,426.59999999999854,1.0,2.9375,0.0,3.0,7.0
rousseau2023_weak_monsoon_starts,426.79999999999853,1.0,2.9375,0.0,3.0,7.0
rousseau2023_weak_monsoon_starts,426.9999999999985,1.0,2.9375,0.0,3.0,7.0
rousseau2023_weak_monsoon_starts,427.1999999999985,1.0,2.9375,0.0,3.0,7.0
rousseau2023_weak_monsoon_starts,427.3999999999985,1.0,2.9375,0.0,3.0,7.0
rousseau2023_weak_monsoon_starts,427.59999999999854,1.0,2.9375,0.0,3.0,7.0
rousseau2023_weak_monsoon_starts,427.79999999999853,1.0,2.9375,0.0,3.0,7.0
rousseau2023_weak_monsoon_starts,427.9999999999985,1.0,2.9375,0.0,3.0,7.0
rousseau2023_weak_monsoon_starts,428.1999999999985,1.0,2.9375,0.0,3.0,7.0
rousseau2023_weak_monsoon_starts,428.3999999999985,1.0,2.9375,0.0,3.0,7.0
rousseau2023_weak_monsoon_starts,428.5999999999985,1.0,2.9375,0.0,3.0,7.0
rousseau2023_weak_monsoon_starts,428.79999999999853,1.0,2.9375,0.0,3.0,7.0
rousseau2023_weak_monsoon_starts,428.9999999999985,1.0,2.9375,0.0,3.0,7.0
rousseau2023_weak_monsoon_starts,429.1999999999985,1.0,2.9375,0.0,3.0,7.0
rousseau2023_weak_monsoon_starts,429.3999999999985,1.0,2.9375,0.0,3.0,7.0
rousseau2023_weak_monsoon_starts,429.5999999999985,1.0,2.9375,0.0,3.0,7.0
rousseau2023_weak_monsoon_starts,429.79999999999853,1.0,2.9375,0.0,3.0,7.0
rousseau2023_weak_monsoon_starts,429.9999999999985,1.0,2.9375,0.0,3.0,7.0
rousseau2023_weak_monsoon_starts,430.1999999999985,1.0,2.9375,0.0,3.0,7.0
rousseau2023_weak_monsoon_starts,430.3999999999985,1.0,2.9375,0.0,3.0,7.0
rousseau2023_weak_monsoon_starts,430.5999999999985,1.0,2.9375,0.0,3.0,7.0
rousseau2023_weak_monsoon_starts,430.7999999999985,1.0,2.9375,0.0,3.0,7.0
rousseau2023_weak_monsoon_starts,430.9999999999985,1.0,2.9375,0.0,3.0,7.0
rousseau2023_weak_monsoon_starts,431.1999999999985,1.0,2.9375,0.0,3.0,7.0
rousseau2023_weak_monsoon_starts,431.3999999999985,1.0,2.9375,0.0,3.0,7.0
rousseau2023_weak_monsoon_starts,431.5999999999985,1.0,2.9375,0.0,3.0,7.0
rousseau2023_weak_monsoon_starts,431.7999999999985,1.0,2.9375,0.0,3.0,7.0
rousseau2023_weak_monsoon_starts,431.9999999999985,2.0,2.9375,0.0,3.0,7.0
rousseau2023_weak_monsoon_starts,432.1999999999985,2.0,2.9375,0.0,3.0,7.0
rousseau2023_weak_monsoon_starts,432.3999999999985,2.0,2.9375,0.0,3.0,7.0
rousseau2023_weak_monsoon_starts,432.5999999999985,2.0,2.9375,0.0,3.0,7.0
rousseau2023_weak_monsoon_starts,432.7999999999985,2.0,2.9375,0.0,3.0,7.0
rousseau2023_weak_monsoon_starts,432.9999999999985,2.0,2.9375,0.0,3.0,7.0
rousseau2023_weak_monsoon_starts,433.1999999999985,2.0,2.9375,0.0,3.0,7.0
rousseau2023_weak_monsoon_starts,433.3999999999985,2.0,2.9375,0.0,3.0,7.0
rousseau2023_weak_monsoon_starts,433.5999999999985,2.0,2.9375,0.0,3.0,7.0
rousseau2023_weak_monsoon_starts,433.7999999999985,2.0,2.9375,0.0,3.0,7.0
rousseau2023_weak_monsoon_starts,433.9999999999985,2.0,2.9375,0.0,3.0,7.0
rousseau2023_weak_monsoon_starts,434.1999999999985,2.0,2.9375,0.0,3.0,7.0
rousseau2023_weak_monsoon_starts,434.3999999999985,2.0,2.9375,0.0,3.0,7.0
rousseau2023_weak_monsoon_starts,434.5999999999985,2.0,2.9375,0.0,3.0,6.0
rousseau2023_weak_monsoon_starts,434.7999999999985,2.0,2.9375,0.0,3.0,6.0
rousseau2023_weak_monsoon_starts,434.99999999999847,2.0,2.9375,0.0,3.0,6.0
rousseau2023_weak_monsoon_starts,435.1999999999985,2.0,2.9375,0.0,3.0,7.0
rousseau2023_weak_monsoon_starts,435.3999999999985,2.0,2.9375,0.0,3.0,7.0
rousseau2023_weak_monsoon_starts,435.5999999999985,2.0,2.9375,0.0,3.0,7.0
rousseau2023_weak_monsoon_starts,435.7999999999985,2.0,2.9375,0.0,3.0,7.0
rousseau2023_weak_monsoon_starts,435.99999999999847,2.0,2.9375,0.0,3.0,7.0
rousseau2023_weak_monsoon_starts,436.1999999999985,2.0,2.9375,0.0,3.0,7.0
rousseau2023_weak_monsoon_starts,436.3999999999985,2.0,2.9375,0.0,3.0,7.0
rousseau2023_weak_monsoon_starts,436.5999999999985,2.0,2.9375,0.0,3.0,7.0
rousseau2023_weak_monsoon_starts,436.7999999999985,2.0,2.9375,0.0,3.0,7.0
rousseau2023_weak_monsoon_starts,436.99999999999847,2.0,2.9375,0.0,3.0,7.0
rousseau2023_weak_monsoon_starts,437.19999999999845,2.0,2.9375,0.0,3.0,7.0
rousseau2023_weak_monsoon_starts,437.3999999999985,2.0,2.9375,0.0,3.0,7.0
rousseau2023_weak_monsoon_starts,437.5999999999985,2.0,2.9375,0.0,3.0,7.0
rousseau2023_weak_monsoon_starts,437.7999999999985,2.0,2.9375,0.0,3.0,7.0
rousseau2023_weak_monsoon_starts,437.99999999999847,2.0,2.9375,0.0,3.0,7.0
rousseau2023_weak_monsoon_starts,438.19999999999845,2.0,2.9375,0.0,3.0,7.0
rousseau2023_weak_monsoon_starts,438.3999999999985,2.0,2.9375,0.0,3.0,7.0
rousseau2023_weak_monsoon_starts,438.5999999999985,2.0,2.9375,0.0,3.0,7.0
rousseau2023_weak_monsoon_starts,438.7999999999985,2.0,2.9375,0.0,3.0,7.0
rousseau2023_weak_monsoon_starts,438.99999999999847,2.0,2.9375,0.0,3.0,7.0
rousseau2023_weak_monsoon_starts,439.19999999999845,2.0,2.9375,0.0,3.0,7.0
rousseau2023_weak_monsoon_starts,439.3999999999985,2.0,2.9375,0.0,3.0,7.0
rousseau2023_weak_monsoon_starts,439.5999999999985,2.0,2.9375,0.0,3.0,7.0
rousseau2023_weak_monsoon_starts,439.7999999999985,2.0,2.9375,0.0,3.0,7.0
rousseau2023_weak_monsoon_starts,439.99999999999847,2.0,2.9375,0.0,3.0,7.0
rousseau2023_weak_monsoon_starts,440.19999999999845,1.0,2.9375,0.0,3.0,7.0
rousseau2023_weak_monsoon_starts,440.3999999999985,1.0,2.9375,0.0,3.0,7.0
rousseau2023_weak_monsoon_starts,440.5999999999985,1.0,2.9375,0.0,3.0,7.0
rousseau2023_weak_monsoon_starts,440.7999999999985,1.0,2.9375,0.0,3.0,7.0
rousseau2023_weak_monsoon_starts,440.99999999999847,1.0,2.9375,0.0,3.0,7.0
rousseau2023_weak_monsoon_starts,441.19999999999845,1.0,2.9375,0.0,3.0,7.0
rousseau2023_weak_monsoon_starts,441.39999999999844,1.0,2.9375,0.0,3.0,7.0
rousseau2023_weak_monsoon_starts,441.5999999999985,1.0,2.9375,0.0,3.0,7.0
rousseau2023_weak_monsoon_starts,441.7999999999985,1.0,2.9375,0.0,3.0,7.0
rousseau2023_weak_monsoon_starts,441.99999999999847,1.0,2.9375,0.0,3.0,7.0
rousseau2023_weak_monsoon_starts,442.19999999999845,1.0,2.9375,0.0,3.0,7.0
rousseau2023_weak_monsoon_starts,442.39999999999844,1.0,2.9375,0.0,3.0,7.0
rousseau2023_weak_monsoon_starts,442.5999999999985,1.0,2.9375,0.0,3.0,7.0
rousseau2023_weak_monsoon_starts,442.7999999999985,1.0,2.9375,0.0,3.0,7.0
rousseau2023_weak_monsoon_starts,442.99999999999847,1.0,2.9375,0.0,3.0,7.0
rousseau2023_weak_monsoon_starts,443.19999999999845,1.0,2.9375,0.0,3.0,7.0
rousseau2023_weak_monsoon_starts,443.39999999999844,1.0,2.9375,0.0,3.0,7.0
rousseau2023_weak_monsoon_starts,443.59999999999843,2.0,2.9375,0.0,3.0,7.0
rousseau2023_weak_monsoon_starts,443.7999999999985,2.0,2.9375,0.0,3.0,7.0
rousseau2023_weak_monsoon_starts,443.99999999999847,2.0,2.9375,0.0,3.0,7.0
rousseau2023_weak_monsoon_starts,444.19999999999845,2.0,2.9375,0.0,3.0,7.0
rousseau2023_weak_monsoon_starts,444.39999999999844,2.0,2.9375,0.0,3.0,7.0
rousseau2023_weak_monsoon_starts,444.59999999999843,2.0,2.9375,0.0,3.0,7.0
rousseau2023_weak_monsoon_starts,444.7999999999985,2.0,2.9375,0.0,3.0,7.0
rousseau2023_weak_monsoon_starts,444.99999999999847,2.0,2.9375,0.0,3.0,7.0
rousseau2023_weak_monsoon_starts,445.19999999999845,2.0,2.9375,0.0,3.0,7.0
rousseau2023_weak_monsoon_starts,445.39999999999844,2.0,2.9375,0.0,3.0,7.0
rousseau2023_weak_monsoon_starts,445.59999999999843,2.0,2.9375,0.0,3.0,7.0
rousseau2023_weak_monsoon_starts,445.7999999999985,2.0,2.9375,0.0,3.0,7.0
rousseau2023_weak_monsoon_starts,445.99999999999847,2.0,2.9375,0.0,3.0,7.0
rousseau2023_weak_monsoon_starts,446.19999999999845,2.0,2.9375,0.0,3.0,7.0
rousseau2023_weak_monsoon_starts,446.39999999999844,2.0,2.9375,0.0,3.0,7.0
rousseau2023_weak_monsoon_starts,446.59999999999843,2.0,2.9375,0.0,3.0,7.0
rousseau2023_weak_monsoon_starts,446.7999999999985,2.0,2.9375,0.0,3.0,7.0
rousseau2023_weak_monsoon_starts,446.99999999999847,2.0,2.9375,0.0,3.0,7.0
rousseau2023_weak_monsoon_starts,447.19999999999845,2.0,2.9375,0.0,3.0,7.0
rousseau2023_weak_monsoon_starts,447.39999999999844,2.0,2.9375,0.0,3.0,7.0
rousseau2023_weak_monsoon_starts,447.59999999999843,2.0,2.9375,0.0,3.0,7.0
rousseau2023_weak_monsoon_starts,447.7999999999984,3.0,2.9375,0.0,3.0,7.0
rousseau2023_weak_monsoon_starts,447.99999999999847,3.0,2.9375,0.0,3.0,7.0
rousseau2023_weak_monsoon_starts,448.19999999999845,3.0,2.9375,0.0,3.0,7.0
rousseau2023_weak_monsoon_starts,448.39999999999844,3.0,2.9375,0.0,3.0,7.0
rousseau2023_weak_monsoon_starts,448.59999999999843,3.0,2.9375,0.0,3.0,7.0
rousseau2023_weak_monsoon_starts,448.7999999999984,3.0,2.9375,0.0,3.0,7.0
rousseau2023_weak_monsoon_starts,448.99999999999847,3.0,2.9375,0.0,3.0,7.0
rousseau2023_weak_monsoon_starts,449.19999999999845,3.0,2.9375,0.0,3.0,7.0
rousseau2023_weak_monsoon_starts,449.39999999999844,3.0,2.9375,0.0,3.0,7.0
rousseau2023_weak_monsoon_starts,449.59999999999843,3.0,2.9375,0.0,3.0,7.0
rousseau2023_weak_monsoon_starts,449.7999999999984,3.0,2.9375,0.0,3.0,7.0
rousseau2023_weak_monsoon_starts,449.9999999999984,3.0,2.9375,0.0,3.0,7.0
rousseau2023_weak_monsoon_starts,450.19999999999845,4.0,2.9375,0.0,3.0,7.0
rousseau2023_weak_monsoon_starts,450.39999999999844,4.0,2.9375,0.0,3.0,7.0
rousseau2023_weak_monsoon_starts,450.59999999999843,4.0,2.9375,0.0,3.0,7.0
rousseau2023_weak_monsoon_starts,450.7999999999984,4.0,2.9375,0.0,3.0,7.0
rousseau2023_weak_monsoon_starts,450.9999999999984,4.0,2.9375,0.0,3.0,7.0
rousseau2023_weak_monsoon_starts,451.19999999999845,4.0,2.9375,0.0,3.0,7.0
rousseau2023_weak_monsoon_starts,451.39999999999844,4.0,2.9375,0.0,3.0,7.0
rousseau2023_weak_monsoon_starts,451.59999999999843,4.0,2.9375,0.0,3.0,7.0
rousseau2023_weak_monsoon_starts,451.7999999999984,4.0,2.9375,0.0,3.0,7.0
rousseau2023_weak_monsoon_starts,451.9999999999984,3.0,2.9375,0.0,3.0,7.0
rousseau2023_weak_monsoon_starts,452.19999999999845,3.0,2.9375,0.0,3.0,7.0
rousseau2023_weak_monsoon_starts,452.39999999999844,3.0,2.9375,0.0,3.0,7.0
rousseau2023_weak_monsoon_starts,452.59999999999843,3.0,2.9375,0.0,3.0,7.0
rousseau2023_weak_monsoon_starts,452.7999999999984,3.0,2.9375,0.0,3.0,7.0
rousseau2023_weak_monsoon_starts,452.9999999999984,3.0,2.9375,0.0,3.0,7.0
rousseau2023_weak_monsoon_starts,453.19999999999845,3.0,2.9375,0.0,3.0,7.0
rousseau2023_weak_monsoon_starts,453.39999999999844,3.0,2.9375,0.0,3.0,7.0
rousseau2023_weak_monsoon_starts,453.59999999999843,3.0,2.9375,0.0,3.0,7.0
rousseau2023_weak_monsoon_starts,453.7999999999984,3.0,2.9375,0.0,3.0,7.0
rousseau2023_weak_monsoon_starts,453.9999999999984,3.0,2.9375,0.0,3.0,7.0
rousseau2023_weak_monsoon_starts,454.1999999999984,3.0,2.9375,0.0,3.0,7.0
rousseau2023_weak_monsoon_starts,454.39999999999844,3.0,2.9375,0.0,3.0,7.0
rousseau2023_weak_monsoon_starts,454.59999999999843,3.0,2.9375,0.0,3.0,7.0
rousseau2023_weak_monsoon_starts,454.7999999999984,3.0,2.9375,0.0,3.0,7.0
rousseau2023_weak_monsoon_starts,454.9999999999984,3.0,2.9375,0.0,3.0,7.0
rousseau2023_weak_monsoon_starts,455.1999999999984,3.0,2.9375,0.0,3.0,7.0
rousseau2023_weak_monsoon_starts,455.39999999999844,3.0,2.9375,0.0,3.0,7.0
rousseau2023_weak_monsoon_starts,455.59999999999843,3.0,2.9375,0.0,3.0,7.0
rousseau2023_weak_monsoon_starts,455.7999999999984,3.0,2.9375,0.0,3.0,7.0
rousseau2023_weak_monsoon_starts,455.9999999999984,3.0,2.9375,0.0,3.0,7.0
rousseau2023_weak_monsoon_starts,456.1999999999984,3.0,2.9375,0.0,3.0,7.0
rousseau2023_weak_monsoon_starts,456.3999999999984,3.0,2.9375,0.0,3.0,7.0
rousseau2023_weak_monsoon_starts,456.59999999999843,3.0,2.9375,0.0,3.0,7.0
rousseau2023_weak_monsoon_starts,456.7999999999984,3.0,2.9375,0.0,3.0,7.0
rousseau2023_weak_monsoon_starts,456.9999999999984,3.0,2.9375,0.0,3.0,7.0
rousseau2023_weak_monsoon_starts,457.1999999999984,3.0,2.9375,0.0,3.0,7.0
rousseau2023_weak_monsoon_starts,457.3999999999984,4.0,2.9375,0.0,3.0,7.0
rousseau2023_weak_monsoon_starts,457.59999999999843,4.0,2.9375,0.0,3.0,7.0
rousseau2023_weak_monsoon_starts,457.7999999999984,4.0,2.9375,0.0,3.0,7.0
rousseau2023_weak_monsoon_starts,457.9999999999984,4.0,2.9375,0.0,3.0,7.0
rousseau2023_weak_monsoon_starts,458.1999999999984,4.0,2.9375,0.0,3.0,7.0
rousseau2023_weak_monsoon_starts,458.3999999999984,4.0,2.9375,0.0,3.0,7.0
rousseau2023_weak_monsoon_starts,458.59999999999843,4.0,2.9375,0.0,3.0,7.0
rousseau2023_weak_monsoon_starts,458.7999999999984,4.0,2.9375,0.0,3.0,7.0
rousseau2023_weak_monsoon_starts,458.9999999999984,4.0,2.9375,0.0,3.0,7.0
rousseau2023_weak_monsoon_starts,459.1999999999984,4.0,2.9375,0.0,3.0,7.0
rousseau2023_weak_monsoon_starts,459.3999999999984,4.0,2.9375,0.0,3.0,7.0
rousseau2023_weak_monsoon_starts,459.59999999999843,4.0,2.9375,0.0,3.0,7.0
rousseau2023_weak_monsoon_starts,459.7999999999984,4.0,2.9375,0.0,3.0,7.0
rousseau2023_weak_monsoon_starts,459.9999999999984,4.0,2.9375,0.0,3.0,7.0
rousseau2023_weak_monsoon_starts,460.1999999999984,4.0,2.9375,0.0,3.0,7.0
rousseau2023_weak_monsoon_starts,460.3999999999984,4.0,2.9375,0.0,3.0,7.0
rousseau2023_weak_monsoon_starts,460.5999999999984,4.0,2.9375,0.0,3.0,7.0
rousseau2023_weak_monsoon_starts,460.7999999999984,4.0,2.9375,0.0,3.0,7.0
rousseau2023_weak_monsoon_starts,460.9999999999984,4.0,2.9375,0.0,3.0,7.0
rousseau2023_weak_monsoon_starts,461.1999999999984,4.0,2.9375,0.0,3.0,7.0
rousseau2023_weak_monsoon_starts,461.3999999999984,4.0,2.9375,0.0,3.0,7.0
rousseau2023_weak_monsoon_starts,461.5999999999984,4.0,2.9375,0.0,3.0,7.0
rousseau2023_weak_monsoon_starts,461.7999999999984,4.0,2.9375,0.0,3.0,7.0
rousseau2023_weak_monsoon_starts,461.9999999999984,4.0,2.9375,0.0,3.0,7.0
rousseau2023_weak_monsoon_starts,462.1999999999984,4.0,2.9375,0.0,3.0,7.0
rousseau2023_weak_monsoon_starts,462.3999999999984,4.0,2.9375,0.0,3.0,7.0
rousseau2023_weak_monsoon_starts,462.5999999999984,4.0,2.9375,0.0,3.0,7.0
rousseau2023_weak_monsoon_starts,462.79999999999836,4.0,2.9375,0.0,3.0,7.0
rousseau2023_weak_monsoon_starts,462.9999999999984,4.0,2.9375,0.0,3.0,7.0
rousseau2023_weak_monsoon_starts,463.1999999999984,4.0,2.9375,0.0,3.0,7.0
rousseau2023_weak_monsoon_starts,463.3999999999984,4.0,2.9375,0.0,3.0,7.0
rousseau2023_weak_monsoon_starts,463.5999999999984,3.0,2.9375,0.0,3.0,7.0
rousseau2023_weak_monsoon_starts,463.79999999999836,3.0,2.9375,0.0,3.0,7.0
rousseau2023_weak_monsoon_starts,463.9999999999984,3.0,2.9375,0.0,3.0,7.0
rousseau2023_weak_monsoon_starts,464.1999999999984,3.0,2.9375,0.0,3.0,7.0
rousseau2023_weak_monsoon_starts,464.3999999999984,3.0,2.9375,0.0,3.0,7.0
rousseau2023_weak_monsoon_starts,464.5999999999984,3.0,2.9375,0.0,3.0,7.0
rousseau2023_weak_monsoon_starts,464.79999999999836,3.0,2.9375,0.0,3.0,7.0
rousseau2023_weak_monsoon_starts,464.9999999999984,3.0,2.9375,0.0,3.0,7.0
rousseau2023_weak_monsoon_starts,465.1999999999984,3.0,2.9375,0.0,3.0,7.0
rousseau2023_weak_monsoon_starts,465.3999999999984,4.0,2.9375,0.0,3.0,7.0
rousseau2023_weak_monsoon_starts,465.5999999999984,4.0,2.9375,0.0,3.0,7.0
rousseau2023_weak_monsoon_starts,465.79999999999836,4.0,2.9375,0.0,3.0,7.0
rousseau2023_weak_monsoon_starts,465.9999999999984,4.0,2.9375,0.0,3.0,7.0
rousseau2023_weak_monsoon_starts,466.1999999999984,4.0,2.9375,0.0,3.0,7.0
rousseau2023_weak_monsoon_starts,466.3999999999984,4.0,2.9375,0.0,3.0,7.0
rousseau2023_weak_monsoon_starts,466.5999999999984,4.0,2.9375,0.0,3.0,7.0
rousseau2023_weak_monsoon_starts,466.79999999999836,4.0,2.9375,0.0,3.0,7.0
rousseau2023_weak_monsoon_starts,466.99999999999835,4.0,2.9375,0.0,3.0,7.0
rousseau2023_weak_monsoon_starts,467.1999999999984,4.0,2.9375,0.0,3.0,7.0
rousseau2023_weak_monsoon_starts,467.3999999999984,4.0,2.9375,0.0,3.0,7.0
rousseau2023_weak_monsoon_starts,467.5999999999984,4.0,2.9375,0.0,3.0,7.0
rousseau2023_weak_monsoon_starts,467.79999999999836,3.0,2.9375,0.0,3.0,7.0
rousseau2023_weak_monsoon_starts,467.99999999999835,3.0,2.9375,0.0,3.0,7.0
rousseau2023_weak_monsoon_starts,468.1999999999984,3.0,2.9375,0.0,3.0,7.0
rousseau2023_weak_monsoon_starts,468.3999999999984,3.0,2.9375,0.0,3.0,7.0
rousseau2023_weak_monsoon_starts,468.5999999999984,3.0,2.9375,0.0,3.0,7.0
rousseau2023_weak_monsoon_starts,468.79999999999836,3.0,2.9375,0.0,3.0,7.0
rousseau2023_weak_monsoon_starts,468.99999999999835,3.0,2.9375,0.0,3.0,7.0
rousseau2023_weak_monsoon_starts,469.19999999999834,4.0,2.9375,0.0,3.0,7.0
rousseau2023_weak_monsoon_starts,469.3999999999984,4.0,2.9375,0.0,3.0,7.0
rousseau2023_weak_monsoon_starts,469.5999999999984,4.0,2.9375,0.0,3.0,7.0
rousseau2023_weak_monsoon_starts,469.79999999999836,4.0,2.9375,0.0,3.0,7.0
rousseau2023_weak_monsoon_starts,469.99999999999835,4.0,2.9375,0.0,3.0,7.0
rousseau2023_weak_monsoon_starts,470.19999999999834,3.0,2.9375,0.0,3.0,7.0
rousseau2023_weak_monsoon_starts,470.3999999999984,3.0,2.9375,0.0,3.0,7.0
rousseau2023_weak_monsoon_starts,470.5999999999984,3.0,2.9375,0.0,3.0,7.0
rousseau2023_weak_monsoon_starts,470.79999999999836,3.0,2.9375,0.0,3.0,7.0
rousseau2023_weak_monsoon_starts,470.99999999999835,3.0,2.9375,0.0,3.0,7.0
rousseau2023_weak_monsoon_starts,471.19999999999834,3.0,2.9375,0.0,3.0,7.0
rousseau2023_weak_monsoon_starts,471.3999999999984,3.0,2.9375,0.0,3.0,7.0
rousseau2023_weak_monsoon_starts,471.5999999999984,3.0,2.9375,0.0,3.0,7.0
rousseau2023_weak_monsoon_starts,471.79999999999836,3.0,2.9375,0.0,3.0,7.0
rousseau2023_weak_monsoon_starts,471.99999999999835,3.0,2.9375,0.0,3.0,7.0
rousseau2023_weak_monsoon_starts,472.19999999999834,3.0,2.9375,0.0,3.0,7.0
rousseau2023_weak_monsoon_starts,472.3999999999984,3.0,2.9375,0.0,3.0,7.0
rousseau2023_weak_monsoon_starts,472.5999999999984,3.0,2.9375,0.0,3.0,7.0
rousseau2023_weak_monsoon_starts,472.79999999999836,3.0,2.9375,0.0,3.0,7.0
rousseau2023_weak_monsoon_starts,472.99999999999835,3.0,2.9375,0.0,3.0,7.0
rousseau2023_weak_monsoon_starts,473.19999999999834,3.0,2.9375,0.0,3.0,7.0
rousseau2023_weak_monsoon_starts,473.39999999999833,3.0,2.9375,0.0,3.0,7.0
rousseau2023_weak_monsoon_starts,473.5999999999984,3.0,2.9375,0.0,3.0,7.0
rousseau2023_weak_monsoon_starts,473.79999999999836,3.0,2.9375,0.0,3.0,7.0
rousseau2023_weak_monsoon_starts,473.99999999999835,3.0,2.9375,0.0,3.0,7.0
rousseau2023_weak_monsoon_starts,474.19999999999834,3.0,2.9375,0.0,3.0,7.0
rousseau2023_weak_monsoon_starts,474.39999999999833,3.0,2.9375,0.0,3.0,7.0
rousseau2023_weak_monsoon_starts,474.5999999999984,3.0,2.9375,0.0,3.0,7.0
rousseau2023_weak_monsoon_starts,474.79999999999836,3.0,2.9375,0.0,3.0,7.0
rousseau2023_weak_monsoon_starts,474.99999999999835,3.0,2.9375,0.0,3.0,7.0
rousseau2023_weak_monsoon_starts,475.19999999999834,3.0,2.9375,0.0,3.0,7.0
rousseau2023_weak_monsoon_starts,475.39999999999833,3.0,2.9375,0.0,3.0,7.0
rousseau2023_weak_monsoon_starts,475.5999999999983,3.0,2.9375,0.0,3.0,7.0
rousseau2023_weak_monsoon_starts,475.79999999999836,3.0,2.9375,0.0,3.0,7.0
rousseau2023_weak_monsoon_starts,475.99999999999835,3.0,2.9375,0.0,3.0,7.0
rousseau2023_weak_monsoon_starts,476.19999999999834,3.0,2.9375,0.0,3.0,7.0
rousseau2023_weak_monsoon_starts,476.39999999999833,3.0,2.9375,0.0,3.0,7.0
rousseau2023_weak_monsoon_starts,476.5999999999983,3.0,2.9375,0.0,3.0,7.0
rousseau2023_weak_monsoon_starts,476.79999999999836,3.0,2.9375,0.0,3.0,7.0
rousseau2023_weak_monsoon_starts,476.99999999999835,3.0,2.9375,0.0,3.0,7.0
rousseau2023_weak_monsoon_starts,477.19999999999834,3.0,2.9375,0.0,3.0,7.0
rousseau2023_weak_monsoon_starts,477.39999999999833,2.0,2.9375,0.0,3.0,7.0
rousseau2023_weak_monsoon_starts,477.5999999999983,2.0,2.9375,0.0,3.0,7.0
rousseau2023_weak_monsoon_starts,477.79999999999836,2.0,2.9375,0.0,3.0,7.0
rousseau2023_weak_monsoon_starts,477.99999999999835,2.0,2.9375,0.0,3.0,7.0
rousseau2023_weak_monsoon_starts,478.19999999999834,2.0,2.9375,0.0,3.0,7.0
rousseau2023_weak_monsoon_starts,478.39999999999833,2.0,2.9375,0.0,3.0,7.0
rousseau2023_weak_monsoon_starts,478.5999999999983,2.0,2.9375,0.0,3.0,7.0
rousseau2023_weak_monsoon_starts,478.79999999999836,2.0,2.9375,0.0,3.0,7.0
rousseau2023_weak_monsoon_starts,478.99999999999835,2.0,2.9375,0.0,3.0,7.0
rousseau2023_weak_monsoon_starts,479.19999999999834,2.0,2.9375,0.0,3.0,7.0
rousseau2023_weak_monsoon_starts,479.39999999999833,2.0,2.9375,0.0,3.0,7.0
rousseau2023_weak_monsoon_starts,479.5999999999983,2.0,2.9375,0.0,3.0,7.0
rousseau2023_weak_monsoon_starts,479.7999999999983,2.0,2.9375,0.0,3.0,7.0
rousseau2023_weak_monsoon_starts,479.99999999999835,2.0,2.9375,0.0,3.0,7.0
rousseau2023_weak_monsoon_starts,480.19999999999834,2.0,2.9375,0.0,3.0,7.0
rousseau2023_weak_monsoon_starts,480.39999999999833,2.0,2.9375,0.0,3.0,7.0
rousseau2023_weak_monsoon_starts,480.5999999999983,2.0,2.9375,0.0,3.0,7.0
rousseau2023_weak_monsoon_starts,480.7999999999983,2.0,2.9375,0.0,3.0,7.0
rousseau2023_weak_monsoon_starts,480.99999999999835,2.0,2.9375,0.0,3.0,7.0
rousseau2023_weak_monsoon_starts,481.19999999999834,2.0,2.9375,0.0,3.0,7.0
rousseau2023_weak_monsoon_starts,481.39999999999833,2.0,2.9375,0.0,3.0,7.0
rousseau2023_weak_monsoon_starts,481.5999999999983,2.0,2.9375,0.0,3.0,7.0
rousseau2023_weak_monsoon_starts,481.7999999999983,2.0,2.9375,0.0,3.0,7.0
rousseau2023_weak_monsoon_starts,481.9999999999983,2.0,2.9375,0.0,3.0,7.0
rousseau2023_weak_monsoon_starts,482.19999999999834,2.0,2.9375,0.0,3.0,7.0
rousseau2023_weak_monsoon_starts,482.39999999999833,2.0,2.9375,0.0,3.0,7.0
rousseau2023_weak_monsoon_starts,482.5999999999983,2.0,2.9375,0.0,3.0,7.0
rousseau2023_weak_monsoon_starts,482.7999999999983,2.0,2.9375,0.0,3.0,7.0
rousseau2023_weak_monsoon_starts,482.9999999999983,2.0,2.9375,0.0,3.0,7.0
rousseau2023_weak_monsoon_starts,483.19999999999834,2.0,2.9375,0.0,3.0,7.0
rousseau2023_weak_monsoon_starts,483.39999999999833,2.0,2.9375,0.0,3.0,7.0
rousseau2023_weak_monsoon_starts,483.5999999999983,2.0,2.9375,0.0,3.0,7.0
rousseau2023_weak_monsoon_starts,483.7999999999983,2.0,2.9375,0.0,3.0,7.0
rousseau2023_weak_monsoon_starts,483.9999999999983,2.0,2.9375,0.0,3.0,7.0
rousseau2023_weak_monsoon_starts,484.19999999999834,2.0,2.9375,0.0,3.0,6.0249023
rousseau2023_weak_monsoon_starts,484.39999999999833,2.0,2.9375,0.0,3.0,6.0249023
rousseau2023_weak_monsoon_starts,484.5999999999983,2.0,2.9375,0.0,3.0,6.0249023
rousseau2023_weak_monsoon_starts,484.7999999999983,2.0,2.9375,0.0,3.0,7.0
rousseau2023_weak_monsoon_starts,484.9999999999983,2.0,2.9375,0.0,3.0,7.0
rousseau2023_weak_monsoon_starts,485.19999999999834,2.0,2.9375,0.0,3.0,7.0
rousseau2023_weak_monsoon_starts,485.39999999999833,1.0,2.9375,0.0,3.0,7.0
rousseau2023_weak_monsoon_starts,485.5999999999983,1.0,2.9375,0.0,3.0,7.0
rousseau2023_weak_monsoon_starts,485.7999999999983,1.0,2.9375,0.0,3.0,7.0
rousseau2023_weak_monsoon_starts,485.9999999999983,1.0,2.9375,0.0,3.0,7.0
rousseau2023_weak_monsoon_starts,486.1999999999983,1.0,2.9375,0.0,3.0,7.0
rousseau2023_weak_monsoon_starts,486.39999999999833,1.0,2.9375,0.0,3.0,7.0
rousseau2023_weak_monsoon_starts,486.5999999999983,1.0,2.9375,0.0,3.0,7.0
rousseau2023_weak_monsoon_starts,486.7999999999983,1.0,2.9375,0.0,3.0,6.0
rousseau2023_weak_monsoon_starts,486.9999999999983,1.0,2.9375,0.0,3.0,7.0
rousseau2023_weak_monsoon_starts,487.1999999999983,1.0,2.9375,0.0,3.0,7.0
rousseau2023_weak_monsoon_starts,487.39999999999833,1.0,2.9375,0.0,3.0,7.0
rousseau2023_weak_monsoon_starts,487.5999999999983,1.0,2.9375,0.0,3.0,7.0
rousseau2023_weak_monsoon_starts,487.7999999999983,1.0,2.9375,0.0,3.0,7.0
rousseau2023_weak_monsoon_starts,487.9999999999983,1.0,2.9375,0.0,3.0,7.0
rousseau2023_weak_monsoon_starts,488.1999999999983,1.0,2.9375,0.0,3.0,7.0
rousseau2023_weak_monsoon_starts,488.3999999999983,1.0,2.9375,0.0,3.0,7.0
rousseau2023_weak_monsoon_starts,488.5999999999983,1.0,2.9375,0.0,3.0,7.0
rousseau2023_weak_monsoon_starts,488.7999999999983,1.0,2.9375,0.0,3.0,7.0
rousseau2023_weak_monsoon_starts,488.9999999999983,1.0,2.9375,0.0,3.0,6.0249023
rousseau2023_weak_monsoon_starts,489.1999999999983,0.0,2.9375,0.0,3.0,7.0
rousseau2023_weak_monsoon_starts,489.3999999999983,0.0,2.9375,0.0,3.0,7.0
rousseau2023_weak_monsoon_starts,489.5999999999983,0.0,2.9375,0.0,3.0,7.0
rousseau2023_weak_monsoon_starts,489.7999999999983,0.0,2.9375,0.0,3.0,7.0
rousseau2023_weak_monsoon_starts,489.9999999999983,0.0,2.9375,0.0,3.0,7.0
rousseau2023_weak_monsoon_starts,490.1999999999983,1.0,2.9375,0.0,3.0,7.0
rousseau2023_weak_monsoon_starts,490.3999999999983,1.0,2.9375,0.0,3.0,7.0
rousseau2023_weak_monsoon_starts,490.5999999999983,1.0,2.9375,0.0,3.0,7.0
rousseau2023_weak_monsoon_starts,490.7999999999983,1.0,2.9375,0.0,3.0,7.0
rousseau2023_weak_monsoon_starts,490.9999999999983,1.0,2.9375,0.0,3.0,7.0
rousseau2023_weak_monsoon_starts,491.1999999999983,1.0,2.9375,0.0,3.0,7.0
rousseau2023_weak_monsoon_starts,491.3999999999983,1.0,2.9375,0.0,3.0,7.0
rousseau2023_weak_monsoon_starts,491.5999999999983,1.0,2.9375,0.0,3.0,7.0
rousseau2023_weak_monsoon_starts,491.7999999999983,1.0,2.9375,0.0,3.0,7.0
rousseau2023_weak_monsoon_starts,491.9999999999983,1.0,2.9375,0.0,3.0,7.0
rousseau2023_weak_monsoon_starts,492.1999999999983,1.0,2.9375,0.0,3.0,7.0
rousseau2023_weak_monsoon_starts,492.3999999999983,1.0,2.9375,0.0,3.0,7.0
rousseau2023_weak_monsoon_starts,492.59999999999826,1.0,2.9375,0.0,3.0,7.0
rousseau2023_weak_monsoon_starts,492.7999999999983,1.0,2.9375,0.0,3.0,7.0
rousseau2023_weak_monsoon_starts,492.9999999999983,1.0,2.9375,0.0,3.0,7.0
rousseau2023_weak_monsoon_starts,493.1999999999983,1.0,2.9375,0.0,3.0,7.0
rousseau2023_weak_monsoon_starts,493.3999999999983,1.0,2.9375,0.0,3.0,7.0
rousseau2023_weak_monsoon_starts,493.59999999999826,1.0,2.9375,0.0,3.0,7.0
rousseau2023_weak_monsoon_starts,493.7999999999983,1.0,2.9375,0.0,3.0,7.0
rousseau2023_weak_monsoon_starts,493.9999999999983,1.0,2.9375,0.0,3.0,7.0
rousseau2023_weak_monsoon_starts,494.1999999999983,1.0,2.9375,0.0,3.0,7.0
rousseau2023_weak_monsoon_starts,494.3999999999983,1.0,2.9375,0.0,3.0,7.0
rousseau2023_weak_monsoon_starts,494.59999999999826,1.0,2.9375,0.0,3.0,7.0
rousseau2023_weak_monsoon_starts,494.79999999999825,1.0,2.9375,0.0,3.0,7.0
rousseau2023_weak_monsoon_starts,494.9999999999983,1.0,2.9375,0.0,3.0,7.0
rousseau2023_weak_monsoon_starts,495.1999999999983,1.0,2.9375,0.0,3.0,7.0
rousseau2023_weak_monsoon_starts,495.3999999999983,1.0,2.9375,0.0,3.0,7.0
rousseau2023_weak_monsoon_starts,495.59999999999826,1.0,2.9375,0.0,3.0,7.0
rousseau2023_weak_monsoon_starts,495.79999999999825,1.0,2.9375,0.0,3.0,7.0
rousseau2023_weak_monsoon_starts,495.9999999999983,1.0,2.9375,0.0,3.0,6.0
rousseau2023_weak_monsoon_starts,496.1999999999983,1.0,2.9375,0.0,3.0,6.0
rousseau2023_weak_monsoon_starts,496.3999999999983,1.0,2.9375,0.0,3.0,6.0
rousseau2023_weak_monsoon_starts,496.59999999999826,1.0,2.9375,0.0,3.0,6.0
rousseau2023_weak_monsoon_starts,496.79999999999825,1.0,2.9375,0.0,3.0,6.0
rousseau2023_weak_monsoon_starts,496.9999999999983,1.0,2.9375,0.0,3.0,6.0
rousseau2023_weak_monsoon_starts,497.1999999999983,1.0,2.9375,0.0,3.0,6.0
rousseau2023_weak_monsoon_starts,497.3999999999983,1.0,2.9375,0.0,3.0,6.0249023
rousseau2023_weak_monsoon_starts,497.59999999999826,1.0,2.9375,0.0,3.0,6.0249023
rousseau2023_weak_monsoon_starts,497.79999999999825,1.0,2.9375,0.0,3.0,7.0
rousseau2023_weak_monsoon_starts,497.9999999999983,1.0,2.9375,0.0,3.0,6.0
rousseau2023_weak_monsoon_starts,498.1999999999983,1.0,2.9375,0.0,3.0,7.0
rousseau2023_weak_monsoon_starts,498.3999999999983,1.0,2.9375,0.0,3.0,7.0
rousseau2023_weak_monsoon_starts,498.59999999999826,1.0,2.9375,0.0,3.0,7.0
rousseau2023_weak_monsoon_starts,498.79999999999825,1.0,2.9375,0.0,3.0,7.0
rousseau2023_weak_monsoon_starts,498.99999999999824,1.0,2.9375,0.0,3.0,7.0
rousseau2023_weak_monsoon_starts,499.1999999999983,1.0,2.9375,0.0,3.0,7.0
rousseau2023_weak_monsoon_starts,499.3999999999983,1.0,2.9375,0.0,3.0,7.0
rousseau2023_weak_monsoon_starts,499.59999999999826,1.0,2.9375,0.0,3.0,7.0
rousseau2023_weak_monsoon_starts,499.79999999999825,1.0,2.9375,0.0,3.0,7.0
rousseau2023_weak_monsoon_starts,499.99999999999824,1.0,2.9375,0.0,3.0,7.0
rousseau2023_weak_monsoon_starts,500.1999999999983,1.0,2.9375,0.0,3.0,7.0
rousseau2023_weak_monsoon_starts,500.3999999999983,1.0,2.9375,0.0,3.0,7.0
rousseau2023_weak_monsoon_starts,500.59999999999826,1.0,2.9375,0.0,3.0,7.0
rousseau2023_weak_monsoon_starts,500.79999999999825,1.0,2.9375,0.0,3.0,7.0
rousseau2023_weak_monsoon_starts,500.99999999999824,1.0,2.9375,0.0,3.0,7.0
rousseau2023_weak_monsoon_starts,501.1999999999982,1.0,2.9375,0.0,3.0,7.0
rousseau2023_weak_monsoon_starts,501.3999999999983,1.0,2.9375,0.0,3.0,7.0
rousseau2023_weak_monsoon_starts,501.59999999999826,1.0,2.9375,0.0,3.0,7.0
rousseau2023_weak_monsoon_starts,501.79999999999825,1.0,2.9375,0.0,3.0,7.0
rousseau2023_weak_monsoon_starts,501.99999999999824,1.0,2.9375,0.0,3.0,7.0
rousseau2023_weak_monsoon_starts,502.1999999999982,1.0,2.9375,0.0,3.0,7.0
rousseau2023_weak_monsoon_starts,502.3999999999983,1.0,2.9375,0.0,3.0,7.0
rousseau2023_weak_monsoon_starts,502.59999999999826,1.0,2.9375,0.0,3.0,7.0
rousseau2023_weak_monsoon_starts,502.79999999999825,1.0,2.9375,0.0,3.0,7.0
rousseau2023_weak_monsoon_starts,502.99999999999824,1.0,2.9375,0.0,3.0,7.0
rousseau2023_weak_monsoon_starts,503.1999999999982,1.0,2.9375,0.0,3.0,7.0
rousseau2023_weak_monsoon_starts,503.3999999999983,1.0,2.9375,0.0,3.0,7.0
rousseau2023_weak_monsoon_starts,503.59999999999826,1.0,2.9375,0.0,3.0,7.0
rousseau2023_weak_monsoon_starts,503.79999999999825,1.0,2.9375,0.0,3.0,7.0
rousseau2023_weak_monsoon_starts,503.99999999999824,2.0,2.9375,0.0,3.0,7.0
rousseau2023_weak_monsoon_starts,504.1999999999982,2.0,2.9375,0.0,3.0,7.0
rousseau2023_weak_monsoon_starts,504.3999999999983,2.0,2.9375,0.0,3.0,7.0
rousseau2023_weak_monsoon_starts,504.59999999999826,2.0,2.9375,0.0,3.0,7.0
rousseau2023_weak_monsoon_starts,504.79999999999825,2.0,2.9375,0.0,3.0,7.0
rousseau2023_weak_monsoon_starts,504.99999999999824,2.0,2.9375,0.0,3.0,7.0
rousseau2023_weak_monsoon_starts,505.1999999999982,2.0,2.9375,0.0,3.0,7.0
rousseau2023_weak_monsoon_starts,505.3999999999982,2.0,2.9375,0.0,3.0,7.0
rousseau2023_weak_monsoon_starts,505.59999999999826,2.0,2.9375,0.0,3.0,7.0
rousseau2023_weak_monsoon_starts,505.79999999999825,2.0,2.9375,0.0,3.0,7.0
rousseau2023_weak_monsoon_starts,505.99999999999824,2.0,2.9375,0.0,3.0,7.0
rousseau2023_weak_monsoon_starts,506.1999999999982,2.0,2.9375,0.0,3.0,7.0
rousseau2023_weak_monsoon_starts,506.3999999999982,2.0,2.9375,0.0,3.0,7.0
rousseau2023_weak_monsoon_starts,506.59999999999826,2.0,2.9375,0.0,3.0,7.0
rousseau2023_weak_monsoon_starts,506.79999999999825,2.0,2.9375,0.0,3.0,7.0
rousseau2023_weak_monsoon_starts,506.99999999999824,2.0,2.9375,0.0,3.0,7.0
rousseau2023_weak_monsoon_starts,507.1999999999982,2.0,2.9375,0.0,3.0,7.0
rousseau2023_weak_monsoon_starts,507.3999999999982,2.0,2.9375,0.0,3.0,7.0
rousseau2023_weak_monsoon_starts,507.5999999999982,2.0,2.9375,0.0,3.0,7.0
rousseau2023_weak_monsoon_starts,507.79999999999825,2.0,2.9375,0.0,3.0,7.0
rousseau2023_weak_monsoon_starts,507.99999999999824,2.0,2.9375,0.0,3.0,7.0
rousseau2023_weak_monsoon_starts,508.1999999999982,2.0,2.9375,0.0,3.0,7.0
rousseau2023_weak_monsoon_starts,508.3999999999982,2.0,2.9375,0.0,3.0,7.0
rousseau2023_weak_monsoon_starts,508.5999999999982,2.0,2.9375,0.0,3.0,7.0
rousseau2023_weak_monsoon_starts,508.79999999999825,2.0,2.9375,0.0,3.0,7.0
rousseau2023_weak_monsoon_starts,508.99999999999824,2.0,2.9375,0.0,3.0,7.0
rousseau2023_weak_monsoon_starts,509.1999999999982,2.0,2.9375,0.0,3.0,7.0
rousseau2023_weak_monsoon_starts,509.3999999999982,2.0,2.9375,0.0,3.0,7.0
rousseau2023_weak_monsoon_starts,509.5999999999982,2.0,2.9375,0.0,3.0,7.0
rousseau2023_weak_monsoon_starts,509.79999999999825,2.0,2.9375,0.0,3.0,7.0
rousseau2023_weak_monsoon_starts,509.99999999999824,2.0,2.9375,0.0,3.0,7.0
rousseau2023_weak_monsoon_starts,510.1999999999982,1.0,2.9375,0.0,3.0,7.0
rousseau2023_weak_monsoon_starts,510.3999999999982,1.0,2.9375,0.0,3.0,7.0
rousseau2023_weak_monsoon_starts,510.5999999999982,1.0,2.9375,0.0,3.0,7.0
rousseau2023_weak_monsoon_starts,510.79999999999825,1.0,2.9375,0.0,3.0,7.0
rousseau2023_weak_monsoon_starts,510.99999999999824,1.0,2.9375,0.0,3.0,7.0
rousseau2023_weak_monsoon_starts,511.1999999999982,1.0,2.9375,0.0,3.0,7.0
rousseau2023_weak_monsoon_starts,511.3999999999982,1.0,2.9375,0.0,3.0,7.0
rousseau2023_weak_monsoon_starts,511.5999999999982,1.0,2.9375,0.0,3.0,7.0
rousseau2023_weak_monsoon_starts,511.7999999999982,1.0,2.9375,0.0,3.0,7.0
rousseau2023_weak_monsoon_starts,511.99999999999824,2.0,2.9375,0.0,3.0,7.0
rousseau2023_weak_monsoon_starts,512.1999999999982,2.0,2.9375,0.0,3.0,7.0
rousseau2023_weak_monsoon_starts,512.3999999999983,2.0,2.9375,0.0,3.0,7.0
rousseau2023_weak_monsoon_starts,512.5999999999982,2.0,2.9375,0.0,3.0,7.0
rousseau2023_weak_monsoon_starts,512.7999999999982,2.0,2.9375,0.0,3.0,7.0
rousseau2023_weak_monsoon_starts,512.9999999999982,2.0,2.9375,0.0,3.0,7.0
rousseau2023_weak_monsoon_starts,513.1999999999982,2.0,2.9375,0.0,3.0,7.0
rousseau2023_weak_monsoon_starts,513.3999999999982,2.0,2.9375,0.0,3.0,7.0
rousseau2023_weak_monsoon_starts,513.5999999999982,2.0,2.9375,0.0,3.0,7.0
rousseau2023_weak_monsoon_starts,513.7999999999982,2.0,2.9375,0.0,3.0,7.0
rousseau2023_weak_monsoon_starts,513.9999999999982,2.0,2.9375,0.0,3.0,7.0
rousseau2023_weak_monsoon_starts,514.1999999999982,2.0,2.9375,0.0,3.0,7.0
rousseau2023_weak_monsoon_starts,514.3999999999982,2.0,2.9375,0.0,3.0,7.0
rousseau2023_weak_monsoon_starts,514.5999999999982,2.0,2.9375,0.0,3.0,7.0
rousseau2023_weak_monsoon_starts,514.7999999999982,2.0,2.9375,0.0,3.0,7.0
rousseau2023_weak_monsoon_starts,514.9999999999982,2.0,2.9375,0.0,3.0,7.0
rousseau2023_weak_monsoon_starts,515.1999999999982,2.0,2.9375,0.0,3.0,7.0
rousseau2023_weak_monsoon_starts,515.3999999999982,2.0,2.9375,0.0,3.0,7.0
rousseau2023_weak_monsoon_starts,515.5999999999982,2.0,2.9375,0.0,3.0,7.0
rousseau2023_weak_monsoon_starts,515.7999999999982,2.0,2.9375,0.0,3.0,7.0
rousseau2023_weak_monsoon_starts,515.9999999999982,2.0,2.9375,0.0,3.0,7.0
rousseau2023_weak_monsoon_starts,516.1999999999982,2.0,2.9375,0.0,3.0,7.0
rousseau2023_weak_monsoon_starts,516.3999999999982,2.0,2.9375,0.0,3.0,7.0
rousseau2023_weak_monsoon_starts,516.5999999999982,2.0,2.9375,0.0,3.0,7.0
rousseau2023_weak_monsoon_starts,516.7999999999982,2.0,2.9375,0.0,3.0,7.0
rousseau2023_weak_monsoon_starts,516.9999999999982,2.0,2.9375,0.0,3.0,7.0
rousseau2023_weak_monsoon_starts,517.1999999999982,2.0,2.9375,0.0,3.0,6.0249023
rousseau2023_weak_monsoon_starts,517.3999999999982,2.0,2.9375,0.0,3.0,6.0
rousseau2023_weak_monsoon_starts,517.5999999999982,2.0,2.9375,0.0,3.0,6.0
rousseau2023_weak_monsoon_starts,517.7999999999982,2.0,2.9375,0.0,3.0,6.0
rousseau2023_weak_monsoon_starts,517.9999999999982,2.0,2.9375,0.0,3.0,6.0
rousseau2023_weak_monsoon_starts,518.1999999999982,2.0,2.9375,0.0,3.0,7.0
rousseau2023_weak_monsoon_starts,518.3999999999982,2.0,2.9375,0.0,3.0,7.0
rousseau2023_weak_monsoon_starts,518.5999999999982,2.0,2.9375,0.0,3.0,7.0
rousseau2023_weak_monsoon_starts,518.7999999999981,2.0,2.9375,0.0,3.0,7.0
rousseau2023_weak_monsoon_starts,518.9999999999982,2.0,2.9375,0.0,3.0,7.0
rousseau2023_weak_monsoon_starts,519.1999999999982,2.0,2.9375,0.0,3.0,7.0
rousseau2023_weak_monsoon_starts,519.3999999999982,2.0,2.9375,0.0,3.0,7.0
rousseau2023_weak_monsoon_starts,519.5999999999982,2.0,2.9375,0.0,3.0,7.0
rousseau2023_weak_monsoon_starts,519.7999999999981,2.0,2.9375,0.0,3.0,7.0
rousseau2023_weak_monsoon_starts,519.9999999999982,2.0,2.9375,0.0,3.0,7.0
rousseau2023_weak_monsoon_starts,520.1999999999982,2.0,2.9375,0.0,3.0,7.0
rousseau2023_weak_monsoon_starts,520.3999999999982,2.0,2.9375,0.0,3.0,7.0
rousseau2023_weak_monsoon_starts,520.5999999999982,2.0,2.9375,0.0,3.0,7.0
rousseau2023_weak_monsoon_starts,520.7999999999981,2.0,2.9375,0.0,3.0,7.0
rousseau2023_weak_monsoon_starts,520.9999999999982,2.0,2.9375,0.0,3.0,7.0
rousseau2023_weak_monsoon_starts,521.1999999999982,2.0,2.9375,0.0,3.0,7.0
rousseau2023_weak_monsoon_starts,521.3999999999982,2.0,2.9375,0.0,3.0,7.0
rousseau2023_weak_monsoon_starts,521.5999999999982,2.0,2.9375,0.0,3.0,7.0
rousseau2023_weak_monsoon_starts,521.7999999999981,2.0,2.9375,0.0,3.0,7.0
rousseau2023_weak_monsoon_starts,521.9999999999982,2.0,2.9375,0.0,3.0,7.0
rousseau2023_weak_monsoon_starts,522.1999999999982,2.0,2.9375,0.0,3.0,7.0
rousseau2023_weak_monsoon_starts,522.3999999999982,2.0,2.9375,0.0,3.0,7.0
rousseau2023_weak_monsoon_starts,522.5999999999982,2.0,2.9375,0.0,3.0,7.0
rousseau2023_weak_monsoon_starts,522.7999999999981,2.0,2.9375,0.0,3.0,7.0
rousseau2023_weak_monsoon_starts,522.9999999999982,2.0,2.9375,0.0,3.0,7.0
rousseau2023_weak_monsoon_starts,523.1999999999982,2.0,2.9375,0.0,3.0,7.0
rousseau2023_weak_monsoon_starts,523.3999999999982,2.0,2.9375,0.0,3.0,7.0
rousseau2023_weak_monsoon_starts,523.5999999999982,2.0,2.9375,0.0,3.0,7.0
rousseau2023_weak_monsoon_starts,523.7999999999981,2.0,2.9375,0.0,3.0,7.0
rousseau2023_weak_monsoon_starts,523.9999999999982,1.0,2.9375,0.0,3.0,7.0
rousseau2023_weak_monsoon_starts,524.1999999999982,1.0,2.9375,0.0,3.0,7.0
rousseau2023_weak_monsoon_starts,524.3999999999982,1.0,2.9375,0.0,3.0,7.0
rousseau2023_weak_monsoon_starts,524.5999999999982,1.0,2.9375,0.0,3.0,7.0
rousseau2023_weak_monsoon_starts,524.7999999999981,1.0,2.9375,0.0,3.0,7.0
rousseau2023_weak_monsoon_starts,524.9999999999982,1.0,2.9375,0.0,3.0,7.0
rousseau2023_weak_monsoon_starts,525.1999999999982,2.0,2.9375,0.0,3.0,7.0
rousseau2023_weak_monsoon_starts,525.3999999999982,2.0,2.9375,0.0,3.0,7.0
rousseau2023_weak_monsoon_starts,525.5999999999982,2.0,2.9375,0.0,3.0,7.0
rousseau2023_weak_monsoon_starts,525.7999999999981,2.0,2.9375,0.0,3.0,7.0
rousseau2023_weak_monsoon_starts,525.9999999999982,2.0,2.9375,0.0,3.0,7.0
rousseau2023_weak_monsoon_starts,526.1999999999981,2.0,2.9375,0.0,3.0,7.0
rousseau2023_weak_monsoon_starts,526.3999999999982,2.0,2.9375,0.0,3.0,7.0
rousseau2023_weak_monsoon_starts,526.5999999999982,2.0,2.9375,0.0,3.0,7.0
rousseau2023_weak_monsoon_starts,526.7999999999981,2.0,2.9375,0.0,3.0,7.0
rousseau2023_weak_monsoon_starts,526.9999999999982,2.0,2.9375,0.0,3.0,7.0
rousseau2023_weak_monsoon_starts,527.1999999999981,2.0,2.9375,0.0,3.0,7.0
rousseau2023_weak_monsoon_starts,527.3999999999982,2.0,2.9375,0.0,3.0,7.0
rousseau2023_weak_monsoon_starts,527.5999999999982,2.0,2.9375,0.0,3.0,7.0
rousseau2023_weak_monsoon_starts,527.7999999999981,2.0,2.9375,0.0,3.0,7.0
rousseau2023_weak_monsoon_starts,527.9999999999982,2.0,2.9375,0.0,3.0,7.0
rousseau2023_weak_monsoon_starts,528.1999999999981,2.0,2.9375,0.0,3.0,7.0
rousseau2023_weak_monsoon_starts,528.3999999999982,2.0,2.9375,0.0,3.0,7.0
rousseau2023_weak_monsoon_starts,528.5999999999982,2.0,2.9375,0.0,3.0,6.0249023
rousseau2023_weak_monsoon_starts,528.7999999999981,2.0,2.9375,0.0,3.0,7.0
rousseau2023_weak_monsoon_starts,528.9999999999982,2.0,2.9375,0.0,3.0,7.0
rousseau2023_weak_monsoon_starts,529.1999999999981,2.0,2.9375,0.0,3.0,7.0
rousseau2023_weak_monsoon_starts,529.3999999999982,2.0,2.9375,0.0,3.0,7.0
rousseau2023_weak_monsoon_starts,529.5999999999982,2.0,2.9375,0.0,3.0,7.0
rousseau2023_weak_monsoon_starts,529.7999999999981,2.0,2.9375,0.0,3.0,7.0
rousseau2023_weak_monsoon_starts,529.9999999999982,2.0,2.9375,0.0,3.0,7.0
rousseau2023_weak_monsoon_starts,530.1999999999981,2.0,2.9375,0.0,3.0,7.0
rousseau2023_weak_monsoon_starts,530.3999999999982,2.0,2.9375,0.0,3.0,7.0
rousseau2023_weak_monsoon_starts,530.5999999999982,2.0,2.9375,0.0,3.0,7.0
rousseau2023_weak_monsoon_starts,530.7999999999981,2.0,2.9375,0.0,3.0,7.0
rousseau2023_weak_monsoon_starts,530.9999999999982,2.0,2.9375,0.0,3.0,7.0
rousseau2023_weak_monsoon_starts,531.1999999999981,2.0,2.9375,0.0,3.0,7.0
rousseau2023_weak_monsoon_starts,531.3999999999982,2.0,2.9375,0.0,3.0,7.0
rousseau2023_weak_monsoon_starts,531.5999999999981,2.0,2.9375,0.0,3.0,7.0
rousseau2023_weak_monsoon_starts,531.7999999999981,2.0,2.9375,0.0,3.0,7.0
rousseau2023_weak_monsoon_starts,531.9999999999982,1.0,2.9375,0.0,3.0,7.0
rousseau2023_weak_monsoon_starts,532.1999999999981,1.0,2.9375,0.0,3.0,7.0
rousseau2023_weak_monsoon_starts,532.3999999999982,1.0,2.9375,0.0,3.0,7.0
rousseau2023_weak_monsoon_starts,532.5999999999981,1.0,2.9375,0.0,3.0,7.0
rousseau2023_weak_monsoon_starts,532.7999999999981,1.0,2.9375,0.0,3.0,7.0
rousseau2023_weak_monsoon_starts,532.9999999999982,1.0,2.9375,0.0,3.0,7.0
rousseau2023_weak_monsoon_starts,533.1999999999981,1.0,2.9375,0.0,3.0,7.0
rousseau2023_weak_monsoon_starts,533.3999999999982,1.0,2.9375,0.0,3.0,7.0
rousseau2023_weak_monsoon_starts,533.5999999999981,1.0,2.9375,0.0,3.0,7.0
rousseau2023_weak_monsoon_starts,533.7999999999981,1.0,2.9375,0.0,3.0,7.0
rousseau2023_weak_monsoon_starts,533.9999999999982,1.0,2.9375,0.0,3.0,7.0
rousseau2023_weak_monsoon_starts,534.1999999999981,1.0,2.9375,0.0,3.0,7.0
rousseau2023_weak_monsoon_starts,534.3999999999982,1.0,2.9375,0.0,3.0,7.0
rousseau2023_weak_monsoon_starts,534.5999999999981,1.0,2.9375,0.0,3.0,7.0
rousseau2023_weak_monsoon_starts,534.7999999999981,1.0,2.9375,0.0,3.0,7.0
rousseau2023_weak_monsoon_starts,534.9999999999982,1.0,2.9375,0.0,3.0,7.0
rousseau2023_weak_monsoon_starts,535.1999999999981,1.0,2.9375,0.0,3.0,7.0
rousseau2023_weak_monsoon_starts,535.3999999999982,1.0,2.9375,0.0,3.0,7.0
rousseau2023_weak_monsoon_starts,535.5999999999981,1.0,2.9375,0.0,3.0,7.0
rousseau2023_weak_monsoon_starts,535.7999999999981,1.0,2.9375,0.0,3.0,7.0
rousseau2023_weak_monsoon_starts,535.9999999999982,1.0,2.9375,0.0,3.0,7.0
rousseau2023_weak_monsoon_starts,536.1999999999981,1.0,2.9375,0.0,3.0,7.0
rousseau2023_weak_monsoon_starts,536.3999999999982,1.0,2.9375,0.0,3.0,7.0
rousseau2023_weak_monsoon_starts,536.5999999999981,1.0,2.9375,0.0,3.0,7.0
rousseau2023_weak_monsoon_starts,536.7999999999981,1.0,2.9375,0.0,3.0,7.0
rousseau2023_weak_monsoon_starts,536.9999999999982,1.0,2.9375,0.0,3.0,7.0
rousseau2023_weak_monsoon_starts,537.1999999999981,1.0,2.9375,0.0,3.0,7.0
rousseau2023_weak_monsoon_starts,537.3999999999982,1.0,2.9375,0.0,3.0,7.0
rousseau2023_weak_monsoon_starts,537.5999999999981,1.0,2.9375,0.0,3.0,7.0
rousseau2023_weak_monsoon_starts,537.7999999999981,1.0,2.9375,0.0,3.0,7.0
rousseau2023_weak_monsoon_starts,537.9999999999982,1.0,2.9375,0.0,3.0,7.0
rousseau2023_weak_monsoon_starts,538.1999999999981,1.0,2.9375,0.0,3.0,7.0
rousseau2023_weak_monsoon_starts,538.3999999999982,1.0,2.9375,0.0,3.0,7.0
rousseau2023_weak_monsoon_starts,538.5999999999981,1.0,2.9375,0.0,3.0,7.0
rousseau2023_weak_monsoon_starts,538.7999999999981,1.0,2.9375,0.0,3.0,7.0
rousseau2023_weak_monsoon_starts,538.9999999999981,1.0,2.9375,0.0,3.0,7.0
rousseau2023_weak_monsoon_starts,539.1999999999981,1.0,2.9375,0.0,3.0,7.0
rousseau2023_weak_monsoon_starts,539.3999999999982,1.0,2.9375,0.0,3.0,7.0
rousseau2023_weak_monsoon_starts,539.5999999999981,1.0,2.9375,0.0,3.0,7.0
rousseau2023_weak_monsoon_starts,539.7999999999981,1.0,2.9375,0.0,3.0,7.0
rousseau2023_weak_monsoon_starts,539.9999999999981,1.0,2.9375,0.0,3.0,7.0
rousseau2023_weak_monsoon_starts,540.1999999999981,1.0,2.9375,0.0,3.0,7.0
rousseau2023_weak_monsoon_starts,540.3999999999982,1.0,2.9375,0.0,3.0,7.0
rousseau2023_weak_monsoon_starts,540.5999999999981,1.0,2.9375,0.0,3.0,7.0
rousseau2023_weak_monsoon_starts,540.7999999999981,1.0,2.9375,0.0,3.0,7.0
rousseau2023_weak_monsoon_starts,540.9999999999981,1.0,2.9375,0.0,3.0,7.0
rousseau2023_weak_monsoon_starts,541.1999999999981,1.0,2.9375,0.0,3.0,7.0
rousseau2023_weak_monsoon_starts,541.3999999999982,1.0,2.9375,0.0,3.0,7.0
rousseau2023_weak_monsoon_starts,541.5999999999981,1.0,2.9375,0.0,3.0,7.0
rousseau2023_weak_monsoon_starts,541.7999999999981,1.0,2.9375,0.0,3.0,7.0
rousseau2023_weak_monsoon_starts,541.9999999999981,1.0,2.9375,0.0,3.0,7.0
rousseau2023_weak_monsoon_starts,542.1999999999981,1.0,2.9375,0.0,3.0,7.0
rousseau2023_weak_monsoon_starts,542.3999999999982,1.0,2.9375,0.0,3.0,7.0
rousseau2023_weak_monsoon_starts,542.5999999999981,1.0,2.9375,0.0,3.0,7.0
rousseau2023_weak_monsoon_starts,542.7999999999981,2.0,2.9375,0.0,3.0,7.0
rousseau2023_weak_monsoon_starts,542.9999999999981,2.0,2.9375,0.0,3.0,7.0
rousseau2023_weak_monsoon_starts,543.1999999999981,2.0,2.9375,0.0,3.0,7.0
rousseau2023_weak_monsoon_starts,543.3999999999982,2.0,2.9375,0.0,3.0,7.0
rousseau2023_weak_monsoon_starts,543.5999999999981,2.0,2.9375,0.0,3.0,7.0
rousseau2023_weak_monsoon_starts,543.7999999999981,2.0,2.9375,0.0,3.0,7.0
rousseau2023_weak_monsoon_starts,543.9999999999981,2.0,2.9375,0.0,3.0,7.0
rousseau2023_weak_monsoon_starts,544.1999999999981,2.0,2.9375,0.0,3.0,7.0
rousseau2023_weak_monsoon_starts,544.399999999998,3.0,2.9375,0.0,3.0,7.0
rousseau2023_weak_monsoon_starts,544.5999999999981,3.0,2.9375,0.0,3.0,7.0
rousseau2023_weak_monsoon_starts,544.7999999999981,3.0,2.9375,0.0,3.0,7.0
rousseau2023_weak_monsoon_starts,544.9999999999981,3.0,2.9375,0.0,3.0,7.0
rousseau2023_weak_monsoon_starts,545.1999999999981,2.0,2.9375,0.0,3.0,7.0
rousseau2023_weak_monsoon_starts,545.399999999998,2.0,2.9375,0.0,3.0,7.0
rousseau2023_weak_monsoon_starts,545.5999999999981,2.0,2.9375,0.0,3.0,7.0
rousseau2023_weak_monsoon_starts,545.7999999999981,2.0,2.9375,0.0,3.0,7.0
rousseau2023_weak_monsoon_starts,545.9999999999981,2.0,2.9375,0.0,3.0,7.0
rousseau2023_weak_monsoon_starts,546.1999999999981,2.0,2.9375,0.0,3.0,7.0
rousseau2023_weak_monsoon_starts,546.399999999998,2.0,2.9375,0.0,3.0,7.0
rousseau2023_weak_monsoon_starts,546.5999999999981,2.0,2.9375,0.0,3.0,7.0
rousseau2023_weak_monsoon_starts,546.7999999999981,2.0,2.9375,0.0,3.0,7.0
rousseau2023_weak_monsoon_starts,546.9999999999981,3.0,2.9375,0.0,3.0,7.0
rousseau2023_weak_monsoon_starts,547.1999999999981,3.0,2.9375,0.0,3.0,7.0
rousseau2023_weak_monsoon_starts,547.399999999998,3.0,2.9375,0.0,3.0,7.0
rousseau2023_weak_monsoon_starts,547.5999999999981,3.0,2.9375,0.0,3.0,7.0
rousseau2023_weak_monsoon_starts,547.7999999999981,3.0,2.9375,0.0,3.0,7.0
rousseau2023_weak_monsoon_starts,547.9999999999981,3.0,2.9375,0.0,3.0,7.0
rousseau2023_weak_monsoon_starts,548.1999999999981,3.0,2.9375,0.0,3.0,7.0
rousseau2023_weak_monsoon_starts,548.399999999998,3.0,2.9375,0.0,3.0,7.0
rousseau2023_weak_monsoon_starts,548.5999999999981,3.0,2.9375,0.0,3.0,7.0
rousseau2023_weak_monsoon_starts,548.7999999999981,3.0,2.9375,0.0,3.0,7.0
rousseau2023_weak_monsoon_starts,548.9999999999981,3.0,2.9375,0.0,3.0,7.0
rousseau2023_weak_monsoon_starts,549.1999999999981,3.0,2.9375,0.0,3.0,7.0
rousseau2023_weak_monsoon_starts,549.399999999998,3.0,2.9375,0.0,3.0,7.0
rousseau2023_weak_monsoon_starts,549.5999999999981,3.0,2.9375,0.0,3.0,7.0
rousseau2023_weak_monsoon_starts,549.7999999999981,3.0,2.9375,0.0,3.0,7.0
rousseau2023_weak_monsoon_starts,549.9999999999981,3.0,2.9375,0.0,3.0,7.0
rousseau2023_weak_monsoon_starts,550.1999999999981,3.0,2.9375,0.0,3.0,7.0
rousseau2023_weak_monsoon_starts,550.399999999998,3.0,2.9375,0.0,3.0,7.0
rousseau2023_weak_monsoon_starts,550.5999999999981,4.0,2.9375,0.0,3.0,7.0
rousseau2023_weak_monsoon_starts,550.7999999999981,4.0,2.9375,0.0,3.0,7.0
rousseau2023_weak_monsoon_starts,550.9999999999981,4.0,2.9375,0.0,3.0,7.0
rousseau2023_weak_monsoon_starts,551.1999999999981,4.0,2.9375,0.0,3.0,7.0
rousseau2023_weak_monsoon_starts,551.399999999998,4.0,2.9375,0.0,3.0,7.0
rousseau2023_weak_monsoon_starts,551.5999999999981,4.0,2.9375,0.0,3.0,7.0
rousseau2023_weak_monsoon_starts,551.799999999998,4.0,2.9375,0.0,3.0,7.0
rousseau2023_weak_monsoon_starts,551.9999999999981,4.0,2.9375,0.0,3.0,7.0
rousseau2023_weak_monsoon_starts,552.1999999999981,4.0,2.9375,0.0,3.0,7.0
rousseau2023_weak_monsoon_starts,552.399999999998,4.0,2.9375,0.0,3.0,7.0
rousseau2023_weak_monsoon_starts,552.5999999999981,4.0,2.9375,0.0,3.0,7.0
rousseau2023_weak_monsoon_starts,552.799999999998,4.0,2.9375,0.0,3.0,7.0
rousseau2023_weak_monsoon_starts,552.9999999999981,4.0,2.9375,0.0,3.0,7.0
rousseau2023_weak_monsoon_starts,553.1999999999981,4.0,2.9375,0.0,3.0,7.0
rousseau2023_weak_monsoon_starts,553.399999999998,4.0,2.9375,0.0,3.0,7.0
rousseau2023_weak_monsoon_starts,553.5999999999981,4.0,2.9375,0.0,3.0,7.0
rousseau2023_weak_monsoon_starts,553.799999999998,4.0,2.9375,0.0,3.0,7.0
rousseau2023_weak_monsoon_starts,553.9999999999981,4.0,2.9375,0.0,3.0,6.0
rousseau2023_weak_monsoon_starts,554.1999999999981,4.0,2.9375,0.0,3.0,6.0
rousseau2023_weak_monsoon_starts,554.399999999998,4.0,2.9375,0.0,3.0,7.0
rousseau2023_weak_monsoon_starts,554.5999999999981,4.0,2.9375,0.0,3.0,6.0
rousseau2023_weak_monsoon_starts,554.799999999998,4.0,2.9375,0.0,3.0,6.0
rousseau2023_weak_monsoon_starts,554.9999999999981,4.0,2.9375,0.0,3.0,6.0
rousseau2023_weak_monsoon_starts,555.1999999999981,4.0,2.9375,0.0,3.0,7.0
rousseau2023_weak_monsoon_starts,555.399999999998,4.0,2.9375,0.0,3.0,7.0
rousseau2023_weak_monsoon_starts,555.5999999999981,4.0,2.9375,0.0,3.0,7.0
rousseau2023_weak_monsoon_starts,555.799999999998,4.0,2.9375,0.0,3.0,6.0
rousseau2023_weak_monsoon_starts,555.9999999999981,4.0,2.9375,0.0,3.0,6.0
rousseau2023_weak_monsoon_starts,556.1999999999981,4.0,2.9375,0.0,3.0,6.0
rousseau2023_weak_monsoon_starts,556.399999999998,4.0,2.9375,0.0,3.0,6.0
rousseau2023_weak_monsoon_starts,556.5999999999981,4.0,2.9375,0.0,3.0,6.0
rousseau2023_weak_monsoon_starts,556.799999999998,4.0,2.9375,0.0,3.0,6.0
rousseau2023_weak_monsoon_starts,556.9999999999981,4.0,2.9375,0.0,3.0,6.0
rousseau2023_weak_monsoon_starts,557.199999999998,4.0,2.9375,0.0,3.0,6.0
rousseau2023_weak_monsoon_starts,557.399999999998,4.0,2.9375,0.0,3.0,6.0
rousseau2023_weak_monsoon_starts,557.5999999999981,4.0,2.9375,0.0,3.0,6.0
rousseau2023_weak_monsoon_starts,557.799999999998,4.0,2.9375,0.0,3.0,7.0
rousseau2023_weak_monsoon_starts,557.9999999999981,4.0,2.9375,0.0,3.0,6.0
rousseau2023_weak_monsoon_starts,558.199999999998,4.0,2.9375,0.0,3.0,6.0
rousseau2023_weak_monsoon_starts,558.399999999998,4.0,2.9375,0.0,3.0,6.0
rousseau2023_weak_monsoon_starts,558.5999999999981,4.0,2.9375,0.0,3.0,6.0249023
rousseau2023_weak_monsoon_starts,558.799999999998,4.0,2.9375,0.0,3.0,6.0
rousseau2023_weak_monsoon_starts,558.9999999999981,4.0,2.9375,0.0,3.0,6.0
rousseau2023_weak_monsoon_starts,559.199999999998,4.0,2.9375,0.0,3.0,6.0
rousseau2023_weak_monsoon_starts,559.399999999998,4.0,2.9375,0.0,3.0,6.0
rousseau2023_weak_monsoon_starts,559.5999999999981,5.0,2.9375,0.0,3.0,6.0
rousseau2023_weak_monsoon_starts,559.799999999998,5.0,2.9375,0.0,3.0,6.0
rousseau2023_weak_monsoon_starts,559.9999999999981,5.0,2.9375,0.0,3.0,6.0
rousseau2023_weak_monsoon_starts,560.199999999998,5.0,2.9375,0.0,3.0,6.0
rousseau2023_weak_monsoon_starts,560.399999999998,5.0,2.9375,0.0,3.0,6.0
rousseau2023_weak_monsoon_starts,560.5999999999981,5.0,2.9375,0.0,3.0,6.0
rousseau2023_weak_monsoon_starts,560.799999999998,5.0,2.9375,0.0,3.0,6.0
rousseau2023_weak_monsoon_starts,560.9999999999981,5.0,2.9375,0.0,3.0,6.0
rousseau2023_weak_monsoon_starts,561.199999999998,5.0,2.9375,0.0,3.0,6.0
rousseau2023_weak_monsoon_starts,561.399999999998,5.0,2.9375,0.0,3.0,6.0
rousseau2023_weak_monsoon_starts,561.5999999999981,5.0,2.9375,0.0,3.0,6.0
rousseau2023_weak_monsoon_starts,561.799999999998,5.0,2.9375,0.0,3.0,6.0
rousseau2023_weak_monsoon_starts,561.9999999999981,5.0,2.9375,0.0,3.0,6.0
rousseau2023_weak_monsoon_starts,562.199999999998,5.0,2.9375,0.0,3.0,6.0
rousseau2023_weak_monsoon_starts,562.399999999998,5.0,2.9375,0.0,3.0,6.0
rousseau2023_weak_monsoon_starts,562.5999999999981,5.0,2.9375,0.0,3.0,6.0249023
rousseau2023_weak_monsoon_starts,562.799999999998,4.0,2.9375,0.0,3.0,6.0
rousseau2023_weak_monsoon_starts,562.9999999999981,4.0,2.9375,0.0,3.0,6.0
rousseau2023_weak_monsoon_starts,563.199999999998,4.0,2.9375,0.0,3.0,7.0
rousseau2023_weak_monsoon_starts,563.399999999998,4.0,2.9375,0.0,3.0,7.0
rousseau2023_weak_monsoon_starts,563.5999999999981,4.0,2.9375,0.0,3.0,7.0
rousseau2023_weak_monsoon_starts,563.799999999998,4.0,2.9375,0.0,3.0,7.0
rousseau2023_weak_monsoon_starts,563.9999999999981,4.0,2.9375,0.0,3.0,7.0
rousseau2023_weak_monsoon_starts,564.199999999998,4.0,2.9375,0.0,3.0,7.0
rousseau2023_weak_monsoon_starts,564.399999999998,3.0,2.9375,0.0,3.0,7.0
rousseau2023_weak_monsoon_starts,564.599999999998,3.0,2.9375,0.0,3.0,7.0
rousseau2023_weak_monsoon_starts,564.799999999998,3.0,2.9375,0.0,3.0,7.0
rousseau2023_weak_monsoon_starts,564.9999999999981,3.0,2.9375,0.0,3.0,7.0
rousseau2023_weak_monsoon_starts,565.199999999998,3.0,2.9375,0.0,3.0,7.0
rousseau2023_weak_monsoon_starts,565.399999999998,3.0,2.9375,0.0,3.0,7.0
rousseau2023_weak_monsoon_starts,565.599999999998,3.0,2.9375,0.0,3.0,7.0
rousseau2023_weak_monsoon_starts,565.799999999998,3.0,2.9375,0.0,3.0,7.0
rousseau2023_weak_monsoon_starts,565.9999999999981,3.0,2.9375,0.0,3.0,7.0
rousseau2023_weak_monsoon_starts,566.199999999998,3.0,2.9375,0.0,3.0,7.0
rousseau2023_weak_monsoon_starts,566.399999999998,3.0,2.9375,0.0,3.0,7.0
rousseau2023_weak_monsoon_starts,566.599999999998,3.0,2.9375,0.0,3.0,7.0
rousseau2023_weak_monsoon_starts,566.799999999998,3.0,2.9375,0.0,3.0,7.0
rousseau2023_weak_monsoon_starts,566.9999999999981,2.0,2.9375,0.0,3.0,7.0
rousseau2023_weak_monsoon_starts,567.199999999998,2.0,2.9375,0.0,3.0,7.0
rousseau2023_weak_monsoon_starts,567.399999999998,2.0,2.9375,0.0,3.0,7.0
rousseau2023_weak_monsoon_starts,567.599999999998,2.0,2.9375,0.0,3.0,7.0
rousseau2023_weak_monsoon_starts,567.799999999998,2.0,2.9375,0.0,3.0,7.0
rousseau2023_weak_monsoon_starts,567.9999999999981,2.0,2.9375,0.0,3.0,7.0
rousseau2023_weak_monsoon_starts,568.199999999998,2.0,2.9375,0.0,3.0,7.0
rousseau2023_weak_monsoon_starts,568.399999999998,2.0,2.9375,0.0,3.0,7.0
rousseau2023_weak_monsoon_starts,568.599999999998,2.0,2.9375,0.0,3.0,7.0
rousseau2023_weak_monsoon_starts,568.799999999998,2.0,2.9375,0.0,3.0,7.0
rousseau2023_weak_monsoon_starts,568.9999999999981,2.0,2.9375,0.0,3.0,7.0
rousseau2023_weak_monsoon_starts,569.199999999998,2.0,2.9375,0.0,3.0,7.0
rousseau2023_weak_monsoon_starts,569.399999999998,2.0,2.9375,0.0,3.0,7.0
rousseau2023_weak_monsoon_starts,569.599999999998,2.0,2.9375,0.0,3.0,7.0
rousseau2023_weak_monsoon_starts,569.799999999998,2.0,2.9375,0.0,3.0,7.0
rousseau2023_weak_monsoon_starts,569.999999999998,2.0,2.9375,0.0,3.0,7.0
rousseau2023_weak_monsoon_starts,570.199999999998,2.0,2.9375,0.0,3.0,7.0
rousseau2023_weak_monsoon_starts,570.399999999998,2.0,2.9375,0.0,3.0,7.0
rousseau2023_weak_monsoon_starts,570.599999999998,1.0,2.9375,0.0,3.0,7.0
rousseau2023_weak_monsoon_starts,570.799999999998,1.0,2.9375,0.0,3.0,7.0
rousseau2023_weak_monsoon_starts,570.999999999998,1.0,2.9375,0.0,3.0,7.0
rousseau2023_weak_monsoon_starts,571.199999999998,1.0,2.9375,0.0,3.0,7.0
rousseau2023_weak_monsoon_starts,571.399999999998,1.0,2.9375,0.0,3.0,7.0
rousseau2023_weak_monsoon_starts,571.599999999998,1.0,2.9375,0.0,3.0,7.0
rousseau2023_weak_monsoon_starts,571.799999999998,1.0,2.9375,0.0,3.0,7.0
rousseau2023_weak_monsoon_starts,571.999999999998,1.0,2.9375,0.0,3.0,7.0
rousseau2023_weak_monsoon_starts,572.199999999998,1.0,2.9375,0.0,3.0,7.0
rousseau2023_weak_monsoon_starts,572.399999999998,1.0,2.9375,0.0,3.0,7.0
rousseau2023_weak_monsoon_starts,572.599999999998,1.0,2.9375,0.0,3.0,7.0
rousseau2023_weak_monsoon_starts,572.799999999998,1.0,2.9375,0.0,3.0,7.0
rousseau2023_weak_monsoon_starts,572.999999999998,1.0,2.9375,0.0,3.0,7.0
rousseau2023_weak_monsoon_starts,573.199999999998,1.0,2.9375,0.0,3.0,7.0
rousseau2023_weak_monsoon_starts,573.399999999998,1.0,2.9375,0.0,3.0,7.0
rousseau2023_weak_monsoon_starts,573.599999999998,1.0,2.9375,0.0,3.0,7.0
rousseau2023_weak_monsoon_starts,573.799999999998,1.0,2.9375,0.0,3.0,7.0
rousseau2023_weak_monsoon_starts,573.999999999998,1.0,2.9375,0.0,3.0,7.0
rousseau2023_weak_monsoon_starts,574.199999999998,1.0,2.9375,0.0,3.0,7.0
rousseau2023_weak_monsoon_starts,574.399999999998,1.0,2.9375,0.0,3.0,7.0
rousseau2023_weak_monsoon_starts,574.599999999998,1.0,2.9375,0.0,3.0,7.0
rousseau2023_weak_monsoon_starts,574.799999999998,1.0,2.9375,0.0,3.0,7.0
rousseau2023_weak_monsoon_starts,574.999999999998,1.0,2.9375,0.0,3.0,6.0
rousseau2023_weak_monsoon_starts,575.199999999998,1.0,2.9375,0.0,3.0,7.0
rousseau2023_weak_monsoon_starts,575.399999999998,1.0,2.9375,0.0,3.0,7.0
rousseau2023_weak_monsoon_starts,575.599999999998,1.0,2.9375,0.0,3.0,7.0
rousseau2023_weak_monsoon_starts,575.799999999998,1.0,2.9375,0.0,3.0,7.0
rousseau2023_weak_monsoon_starts,575.999999999998,1.0,2.9375,0.0,3.0,7.0
rousseau2023_weak_monsoon_starts,576.199999999998,1.0,2.9375,0.0,3.0,7.0
rousseau2023_weak_monsoon_starts,576.399999999998,1.0,2.9375,0.0,3.0,7.0
rousseau2023_weak_monsoon_starts,576.599999999998,1.0,2.9375,0.0,3.0,7.0
rousseau2023_weak_monsoon_starts,576.799999999998,1.0,2.9375,0.0,3.0,7.0
rousseau2023_weak_monsoon_starts,576.999999999998,1.0,2.9375,0.0,3.0,7.0
rousseau2023_weak_monsoon_starts,577.199999999998,1.0,2.9375,0.0,3.0,7.0
rousseau2023_weak_monsoon_starts,577.3999999999979,1.0,2.9375,0.0,3.0,7.0
rousseau2023_weak_monsoon_starts,577.599999999998,1.0,2.9375,0.0,3.0,6.0
rousseau2023_weak_monsoon_starts,577.799999999998,1.0,2.9375,0.0,3.0,7.0
rousseau2023_weak_monsoon_starts,577.999999999998,1.0,2.9375,0.0,3.0,6.0
rousseau2023_weak_monsoon_starts,578.199999999998,1.0,2.9375,0.0,3.0,6.0
rousseau2023_weak_monsoon_starts,578.3999999999979,1.0,2.9375,0.0,3.0,6.0
rousseau2023_weak_monsoon_starts,578.599999999998,1.0,2.9375,0.0,3.0,6.0
rousseau2023_weak_monsoon_starts,578.799999999998,1.0,2.9375,0.0,3.0,6.0
rousseau2023_weak_monsoon_starts,578.999999999998,1.0,2.9375,0.0,3.0,6.0
rousseau2023_weak_monsoon_starts,579.199999999998,1.0,2.9375,0.0,3.0,6.0
rousseau2023_weak_monsoon_starts,579.3999999999979,1.0,2.9375,0.0,3.0,6.0
rousseau2023_weak_monsoon_starts,579.599999999998,0.0,2.9375,0.0,3.0,6.0
rousseau2023_weak_monsoon_starts,579.799999999998,0.0,2.9375,0.0,3.0,6.0
rousseau2023_weak_monsoon_starts,579.999999999998,1.0,2.9375,0.0,3.0,7.0
rousseau2023_weak_monsoon_starts,580.199999999998,1.0,2.9375,0.0,3.0,7.0
rousseau2023_weak_monsoon_starts,580.3999999999979,1.0,2.9375,0.0,3.0,7.0
rousseau2023_weak_monsoon_starts,580.599999999998,1.0,2.9375,0.0,3.0,6.0249023
rousseau2023_weak_monsoon_starts,580.799999999998,1.0,2.9375,0.0,3.0,6.0
rousseau2023_weak_monsoon_starts,580.999999999998,1.0,2.9375,0.0,3.0,6.0249023
rousseau2023_weak_monsoon_starts,581.199999999998,1.0,2.9375,0.0,3.0,7.0
rousseau2023_weak_monsoon_starts,581.3999999999979,1.0,2.9375,0.0,3.0,7.0
rousseau2023_weak_monsoon_starts,581.599999999998,1.0,2.9375,0.0,3.0,7.0
rousseau2023_weak_monsoon_starts,581.799999999998,1.0,2.9375,0.0,3.0,6.0
rousseau2023_weak_monsoon_starts,581.999999999998,1.0,2.9375,0.0,3.0,6.0
rousseau2023_weak_monsoon_starts,582.199999999998,1.0,2.9375,0.0,3.0,6.0
rousseau2023_weak_monsoon_starts,582.3999999999979,1.0,2.9375,0.0,3.0,6.0
rousseau2023_weak_monsoon_starts,582.599999999998,1.0,2.9375,0.0,3.0,6.0
rousseau2023_weak_monsoon_starts,582.7999999999979,1.0,2.9375,0.0,3.0,6.0
rousseau2023_weak_monsoon_starts,582.999999999998,1.0,2.9375,0.0,3.0,6.0
rousseau2023_weak_monsoon_starts,583.199999999998,1.0,2.9375,0.0,3.0,7.0
rousseau2023_weak_monsoon_starts,583.3999999999979,1.0,2.9375,0.0,3.0,7.0
rousseau2023_weak_monsoon_starts,583.599999999998,1.0,2.9375,0.0,3.0,7.0
rousseau2023_weak_monsoon_starts,583.7999999999979,1.0,2.9375,0.0,3.0,7.0
rousseau2023_weak_monsoon_starts,583.999999999998,1.0,2.9375,0.0,3.0,7.0
rousseau2023_weak_monsoon_starts,584.199999999998,1.0,2.9375,0.0,3.0,7.0
rousseau2023_weak_monsoon_starts,584.3999999999979,1.0,2.9375,0.0,3.0,6.0249023
rousseau2023_weak_monsoon_starts,584.599999999998,1.0,2.9375,0.0,3.0,7.0
rousseau2023_weak_monsoon_starts,584.7999999999979,1.0,2.9375,0.0,3.0,7.0
rousseau2023_weak_monsoon_starts,584.999999999998,1.0,2.9375,0.0,3.0,7.0
rousseau2023_weak_monsoon_starts,585.199999999998,1.0,2.9375,0.0,3.0,6.0
rousseau2023_weak_monsoon_starts,585.3999999999979,1.0,2.9375,0.0,3.0,6.0
rousseau2023_weak_monsoon_starts,585.599999999998,1.0,2.9375,0.0,3.0,6.0
rousseau2023_weak_monsoon_starts,585.7999999999979,1.0,2.9375,0.0,3.0,7.0
rousseau2023_weak_monsoon_starts,585.999999999998,1.0,2.9375,0.0,3.0,6.0
rousseau2023_weak_monsoon_starts,586.199999999998,1.0,2.9375,0.0,3.0,6.0
rousseau2023_weak_monsoon_starts,586.3999999999979,1.0,2.9375,0.0,3.0,6.0
rousseau2023_weak_monsoon_starts,586.599999999998,1.0,2.9375,0.0,3.0,6.0
rousseau2023_weak_monsoon_starts,586.7999999999979,1.0,2.9375,0.0,3.0,6.0
rousseau2023_weak_monsoon_starts,586.999999999998,1.0,2.9375,0.0,3.0,6.0
rousseau2023_weak_monsoon_starts,587.199999999998,1.0,2.9375,0.0,3.0,6.0
rousseau2023_weak_monsoon_starts,587.3999999999979,1.0,2.9375,0.0,3.0,6.0
rousseau2023_weak_monsoon_starts,587.599999999998,1.0,2.9375,0.0,3.0,6.0
rousseau2023_weak_monsoon_starts,587.7999999999979,1.0,2.9375,0.0,3.0,6.0
rousseau2023_weak_monsoon_starts,587.999999999998,1.0,2.9375,0.0,3.0,6.0
rousseau2023_weak_monsoon_starts,588.199999999998,1.0,2.9375,0.0,3.0,6.0
rousseau2023_weak_monsoon_starts,588.3999999999979,1.0,2.9375,0.0,3.0,6.0
rousseau2023_weak_monsoon_starts,588.599999999998,1.0,2.9375,0.0,3.0,6.0
rousseau2023_weak_monsoon_starts,588.7999999999979,1.0,2.9375,0.0,3.0,6.0
rousseau2023_weak_monsoon_starts,588.999999999998,1.0,2.9375,0.0,3.0,6.0
rousseau2023_weak_monsoon_starts,589.199999999998,1.0,2.9375,0.0,3.0,6.0
rousseau2023_weak_monsoon_starts,589.3999999999979,1.0,2.9375,0.0,3.0,6.0
rousseau2023_weak_monsoon_starts,589.599999999998,1.0,2.9375,0.0,3.0,6.0249023
rousseau2023_weak_monsoon_starts,589.7999999999979,1.0,2.9375,0.0,3.0,6.0
rousseau2023_weak_monsoon_starts,589.999999999998,1.0,2.9375,0.0,3.0,6.0
rousseau2023_weak_monsoon_starts,590.1999999999979,1.0,2.9375,0.0,3.0,6.0
rousseau2023_weak_monsoon_starts,590.3999999999979,1.0,2.9375,0.0,3.0,6.0
rousseau2023_weak_monsoon_starts,590.599999999998,1.0,2.9375,0.0,3.0,6.0
rousseau2023_weak_monsoon_starts,590.7999999999979,1.0,2.9375,0.0,3.0,6.0
rousseau2023_weak_monsoon_starts,590.999999999998,1.0,2.9375,0.0,3.0,6.0
rousseau2023_weak_monsoon_starts,591.1999999999979,1.0,2.9375,0.0,3.0,6.0
rousseau2023_weak_monsoon_starts,591.3999999999979,1.0,2.9375,0.0,3.0,6.0
rousseau2023_weak_monsoon_starts,591.599999999998,1.0,2.9375,0.0,3.0,6.0
rousseau2023_weak_monsoon_starts,591.7999999999979,1.0,2.9375,0.0,3.0,6.0
rousseau2023_weak_monsoon_starts,591.999999999998,1.0,2.9375,0.0,3.0,6.0
rousseau2023_weak_monsoon_starts,592.1999999999979,1.0,2.9375,0.0,3.0,6.0
rousseau2023_weak_monsoon_starts,592.3999999999979,1.0,2.9375,0.0,3.0,6.0
rousseau2023_weak_monsoon_starts,592.599999999998,1.0,2.9375,0.0,3.0,6.0
rousseau2023_weak_monsoon_starts,592.7999999999979,1.0,2.9375,0.0,3.0,6.0
rousseau2023_weak_monsoon_starts,592.999999999998,1.0,2.9375,0.0,3.0,6.0
rousseau2023_weak_monsoon_starts,593.1999999999979,1.0,2.9375,0.0,3.0,6.0
rousseau2023_weak_monsoon_starts,593.3999999999979,1.0,2.9375,0.0,3.0,6.0249023
rousseau2023_weak_monsoon_starts,593.599999999998,1.0,2.9375,0.0,3.0,7.0
rousseau2023_weak_monsoon_starts,593.7999999999979,1.0,2.9375,0.0,3.0,7.0
rousseau2023_weak_monsoon_starts,593.999999999998,1.0,2.9375,0.0,3.0,6.0
rousseau2023_weak_monsoon_starts,594.1999999999979,1.0,2.9375,0.0,3.0,6.0
rousseau2023_weak_monsoon_starts,594.3999999999979,1.0,2.9375,0.0,3.0,6.0
rousseau2023_weak_monsoon_starts,594.599999999998,1.0,2.9375,0.0,3.0,6.0
rousseau2023_weak_monsoon_starts,594.7999999999979,1.0,2.9375,0.0,3.0,6.0
rousseau2023_weak_monsoon_starts,594.999999999998,1.0,2.9375,0.0,3.0,6.0
rousseau2023_weak_monsoon_starts,595.1999999999979,1.0,2.9375,0.0,3.0,6.0
rousseau2023_weak_monsoon_starts,595.3999999999979,1.0,2.9375,0.0,3.0,6.0
rousseau2023_weak_monsoon_starts,595.5999999999979,1.0,2.9375,0.0,3.0,6.0
rousseau2023_weak_monsoon_starts,595.7999999999979,1.0,2.9375,0.0,3.0,6.0
rousseau2023_weak_monsoon_starts,595.999999999998,1.0,2.9375,0.0,3.0,6.0
rousseau2023_weak_monsoon_starts,596.1999999999979,1.0,2.9375,0.0,3.0,6.0
rousseau2023_weak_monsoon_starts,596.3999999999979,1.0,2.9375,0.0,3.0,6.0
rousseau2023_weak_monsoon_starts,596.5999999999979,1.0,2.9375,0.0,3.0,6.0
rousseau2023_weak_monsoon_starts,596.7999999999979,1.0,2.9375,0.0,3.0,6.0
rousseau2023_weak_monsoon_starts,596.999999999998,1.0,2.9375,0.0,3.0,6.0
rousseau2023_weak_monsoon_starts,597.1999999999979,1.0,2.9375,0.0,3.0,6.0
rousseau2023_weak_monsoon_starts,597.3999999999979,1.0,2.9375,0.0,3.0,6.0
rousseau2023_weak_monsoon_starts,597.5999999999979,1.0,2.9375,0.0,3.0,6.0
rousseau2023_weak_monsoon_starts,597.7999999999979,1.0,2.9375,0.0,3.0,7.0
rousseau2023_weak_monsoon_starts,597.999999999998,1.0,2.9375,0.0,3.0,7.0
rousseau2023_weak_monsoon_starts,598.1999999999979,1.0,2.9375,0.0,3.0,7.0
rousseau2023_weak_monsoon_starts,598.3999999999979,1.0,2.9375,0.0,3.0,7.0
rousseau2023_weak_monsoon_starts,598.5999999999979,1.0,2.9375,0.0,3.0,6.0249023
rousseau2023_weak_monsoon_starts,598.7999999999979,1.0,2.9375,0.0,3.0,6.0
rousseau2023_weak_monsoon_starts,598.999999999998,1.0,2.9375,0.0,3.0,7.0
rousseau2023_weak_monsoon_starts,599.1999999999979,1.0,2.9375,0.0,3.0,7.0
rousseau2023_weak_monsoon_starts,599.3999999999979,1.0,2.9375,0.0,3.0,6.0
rousseau2023_weak_monsoon_starts,599.5999999999979,1.0,2.9375,0.0,3.0,6.0
rousseau2023_weak_monsoon_starts,599.7999999999979,1.0,2.9375,0.0,3.0,6.0
rousseau2023_weak_monsoon_starts,599.999999999998,0.0,2.9375,0.0,3.0,6.0
rousseau2023_weak_monsoon_starts,600.1999999999979,0.0,2.9375,0.0,3.0,7.0
rousseau2023_weak_monsoon_starts,600.3999999999979,0.0,2.9375,0.0,3.0,7.0
rousseau2023_weak_monsoon_starts,600.5999999999979,0.0,2.9375,0.0,3.0,7.0
rousseau2023_weak_monsoon_starts,600.7999999999979,0.0,2.9375,0.0,3.0,7.0
rousseau2023_weak_monsoon_starts,600.999999999998,0.0,2.9375,0.0,3.0,7.0
rousseau2023_weak_monsoon_starts,601.1999999999979,0.0,2.9375,0.0,3.0,7.0
rousseau2023_weak_monsoon_starts,601.3999999999979,0.0,2.9375,0.0,3.0,7.0
rousseau2023_weak_monsoon_starts,601.5999999999979,0.0,2.9375,0.0,3.0,7.0
rousseau2023_weak_monsoon_starts,601.7999999999979,0.0,2.9375,0.0,3.0,7.0
rousseau2023_weak_monsoon_starts,601.999999999998,0.0,2.9375,0.0,3.0,7.0
rousseau2023_weak_monsoon_starts,602.1999999999979,0.0,2.9375,0.0,3.0,7.0
rousseau2023_weak_monsoon_starts,602.3999999999979,0.0,2.9375,0.0,3.0,7.0
rousseau2023_weak_monsoon_starts,602.5999999999979,0.0,2.9375,0.0,3.0,7.0
rousseau2023_weak_monsoon_starts,602.7999999999979,0.0,2.9375,0.0,3.0,7.0
rousseau2023_weak_monsoon_starts,602.9999999999978,0.0,2.9375,0.0,3.0,7.0
rousseau2023_weak_monsoon_starts,603.1999999999979,0.0,2.9375,0.0,3.0,7.0
rousseau2023_weak_monsoon_starts,603.3999999999979,0.0,2.9375,0.0,3.0,7.0
rousseau2023_weak_monsoon_starts,603.5999999999979,0.0,2.9375,0.0,3.0,7.0
rousseau2023_weak_monsoon_starts,603.7999999999979,0.0,2.9375,0.0,3.0,7.0
rousseau2023_weak_monsoon_starts,603.9999999999978,0.0,2.9375,0.0,3.0,7.0
rousseau2023_weak_monsoon_starts,604.1999999999979,0.0,2.9375,0.0,3.0,7.0
rousseau2023_weak_monsoon_starts,604.3999999999979,0.0,2.9375,0.0,3.0,7.0
rousseau2023_weak_monsoon_starts,604.5999999999979,0.0,2.9375,0.0,3.0,7.0
rousseau2023_weak_monsoon_starts,604.7999999999979,0.0,2.9375,0.0,3.0,7.0
rousseau2023_weak_monsoon_starts,604.9999999999978,1.0,2.9375,0.0,3.0,7.0
rousseau2023_weak_monsoon_starts,605.1999999999979,1.0,2.9375,0.0,3.0,7.0
rousseau2023_weak_monsoon_starts,605.3999999999979,1.0,2.9375,0.0,3.0,7.0
rousseau2023_weak_monsoon_starts,605.5999999999979,1.0,2.9375,0.0,3.0,7.0
rousseau2023_weak_monsoon_starts,605.7999999999979,1.0,2.9375,0.0,3.0,7.0
rousseau2023_weak_monsoon_starts,605.9999999999978,1.0,2.9375,0.0,3.0,7.0
rousseau2023_weak_monsoon_starts,606.1999999999979,1.0,2.9375,0.0,3.0,7.0
rousseau2023_weak_monsoon_starts,606.3999999999979,1.0,2.9375,0.0,3.0,7.0
rousseau2023_weak_monsoon_starts,606.5999999999979,1.0,2.9375,0.0,3.0,7.0
rousseau2023_weak_monsoon_starts,606.7999999999979,1.0,2.9375,0.0,3.0,7.0
rousseau2023_weak_monsoon_starts,606.9999999999978,1.0,2.9375,0.0,3.0,7.0
rousseau2023_weak_monsoon_starts,607.1999999999979,1.0,2.9375,0.0,3.0,7.0
rousseau2023_weak_monsoon_starts,607.3999999999979,1.0,2.9375,0.0,3.0,7.0
rousseau2023_weak_monsoon_starts,607.5999999999979,1.0,2.9375,0.0,3.0,7.0
rousseau2023_weak_monsoon_starts,607.7999999999979,1.0,2.9375,0.0,3.0,7.0
rousseau2023_weak_monsoon_starts,607.9999999999978,1.0,2.9375,0.0,3.0,7.0
rousseau2023_weak_monsoon_starts,608.1999999999979,1.0,2.9375,0.0,3.0,7.0
rousseau2023_weak_monsoon_starts,608.3999999999978,1.0,2.9375,0.0,3.0,7.0
rousseau2023_weak_monsoon_starts,608.5999999999979,1.0,2.9375,0.0,3.0,7.0
rousseau2023_weak_monsoon_starts,608.7999999999979,1.0,2.9375,0.0,3.0,7.0
rousseau2023_weak_monsoon_starts,608.9999999999978,1.0,2.9375,0.0,3.0,7.0
rousseau2023_weak_monsoon_starts,609.1999999999979,1.0,2.9375,0.0,3.0,7.0
rousseau2023_weak_monsoon_starts,609.3999999999978,1.0,2.9375,0.0,3.0,7.0
rousseau2023_weak_monsoon_starts,609.5999999999979,1.0,2.9375,0.0,3.0,7.0
rousseau2023_weak_monsoon_starts,609.7999999999979,1.0,2.9375,0.0,3.0,7.0
rousseau2023_weak_monsoon_starts,609.9999999999978,1.0,2.9375,0.0,3.0,7.0
rousseau2023_weak_monsoon_starts,610.1999999999979,1.0,2.9375,0.0,3.0,7.0
rousseau2023_weak_monsoon_starts,610.3999999999978,1.0,2.9375,0.0,3.0,7.0
rousseau2023_weak_monsoon_starts,610.5999999999979,1.0,2.9375,0.0,3.0,7.0
rousseau2023_weak_monsoon_starts,610.7999999999979,1.0,2.9375,0.0,3.0,7.0
rousseau2023_weak_monsoon_starts,610.9999999999978,1.0,2.9375,0.0,3.0,7.0
rousseau2023_weak_monsoon_starts,611.1999999999979,1.0,2.9375,0.0,3.0,7.0
rousseau2023_weak_monsoon_starts,611.3999999999978,1.0,2.9375,0.0,3.0,7.0
rousseau2023_weak_monsoon_starts,611.5999999999979,1.0,2.9375,0.0,3.0,7.0
rousseau2023_weak_monsoon_starts,611.7999999999979,1.0,2.9375,0.0,3.0,7.0
rousseau2023_weak_monsoon_starts,611.9999999999978,1.0,2.9375,0.0,3.0,7.0
rousseau2023_weak_monsoon_starts,612.1999999999979,1.0,2.9375,0.0,3.0,7.0
rousseau2023_weak_monsoon_starts,612.3999999999978,1.0,2.9375,0.0,3.0,7.0
rousseau2023_weak_monsoon_starts,612.5999999999979,1.0,2.9375,0.0,3.0,7.0
rousseau2023_weak_monsoon_starts,612.7999999999979,1.0,2.9375,0.0,3.0,7.0
rousseau2023_weak_monsoon_starts,612.9999999999978,1.0,2.9375,0.0,3.0,7.0
rousseau2023_weak_monsoon_starts,613.1999999999979,1.0,2.9375,0.0,3.0,7.0
rousseau2023_weak_monsoon_starts,613.3999999999978,1.0,2.9375,0.0,3.0,7.0
rousseau2023_weak_monsoon_starts,613.5999999999979,1.0,2.9375,0.0,3.0,7.0
rousseau2023_weak_monsoon_starts,613.7999999999979,1.0,2.9375,0.0,3.0,7.0
rousseau2023_weak_monsoon_starts,613.9999999999978,1.0,2.9375,0.0,3.0,7.0
rousseau2023_weak_monsoon_starts,614.1999999999979,1.0,2.9375,0.0,3.0,7.0
rousseau2023_weak_monsoon_starts,614.3999999999978,1.0,2.9375,0.0,3.0,7.0
rousseau2023_weak_monsoon_starts,614.5999999999979,1.0,2.9375,0.0,3.0,7.0
rousseau2023_weak_monsoon_starts,614.7999999999979,1.0,2.9375,0.0,3.0,7.0
rousseau2023_weak_monsoon_starts,614.9999999999978,1.0,2.9375,0.0,3.0,7.0
rousseau2023_weak_monsoon_starts,615.1999999999979,1.0,2.9375,0.0,3.0,7.0
rousseau2023_weak_monsoon_starts,615.3999999999978,1.0,2.9375,0.0,3.0,7.0
rousseau2023_weak_monsoon_starts,615.5999999999979,1.0,2.9375,0.0,3.0,7.0
rousseau2023_weak_monsoon_starts,615.7999999999978,1.0,2.9375,0.0,3.0,7.0
rousseau2023_weak_monsoon_starts,615.9999999999978,1.0,2.9375,0.0,3.0,7.0
rousseau2023_weak_monsoon_starts,616.1999999999979,1.0,2.9375,0.0,3.0,7.0
rousseau2023_weak_monsoon_starts,616.3999999999978,1.0,2.9375,0.0,3.0,7.0
rousseau2023_weak_monsoon_starts,616.5999999999979,1.0,2.9375,0.0,3.0,6.0
rousseau2023_weak_monsoon_starts,616.7999999999978,1.0,2.9375,0.0,3.0,7.0
rousseau2023_weak_monsoon_starts,616.9999999999978,1.0,2.9375,0.0,3.0,7.0
rousseau2023_weak_monsoon_starts,617.1999999999979,1.0,2.9375,0.0,3.0,7.0
rousseau2023_weak_monsoon_starts,617.3999999999978,1.0,2.9375,0.0,3.0,7.0
rousseau2023_weak_monsoon_starts,617.5999999999979,1.0,2.9375,0.0,3.0,7.0
rousseau2023_weak_monsoon_starts,617.7999999999978,1.0,2.9375,0.0,3.0,7.0
rousseau2023_weak_monsoon_starts,617.9999999999978,1.0,2.9375,0.0,3.0,7.0
rousseau2023_weak_monsoon_starts,618.1999999999979,1.0,2.9375,0.0,3.0,7.0
rousseau2023_weak_monsoon_starts,618.3999999999978,1.0,2.9375,0.0,3.0,7.0
rousseau2023_weak_monsoon_starts,618.5999999999979,1.0,2.9375,0.0,3.0,7.0
rousseau2023_weak_monsoon_starts,618.7999999999978,1.0,2.9375,0.0,3.0,7.0
rousseau2023_weak_monsoon_starts,618.9999999999978,1.0,2.9375,0.0,3.0,7.0
rousseau2023_weak_monsoon_starts,619.1999999999979,2.0,2.9375,0.0,3.0,6.0
rousseau2023_weak_monsoon_starts,619.3999999999978,2.0,2.9375,0.0,3.0,6.0
rousseau2023_weak_monsoon_starts,619.5999999999979,2.0,2.9375,0.0,3.0,6.0
rousseau2023_weak_monsoon_starts,619.7999999999978,2.0,2.9375,0.0,3.0,6.0
rousseau2023_weak_monsoon_starts,619.9999999999978,2.0,2.9375,0.0,3.0,6.0
rousseau2023_weak_monsoon_starts,620.1999999999979,2.0,2.9375,0.0,3.0,7.0
rousseau2023_weak_monsoon_starts,620.3999999999978,2.0,2.9375,0.0,3.0,7.0
rousseau2023_weak_monsoon_starts,620.5999999999979,2.0,2.9375,0.0,3.0,7.0
rousseau2023_weak_monsoon_starts,620.7999999999978,2.0,2.9375,0.0,3.0,7.0
rousseau2023_weak_monsoon_starts,620.9999999999978,2.0,2.9375,0.0,3.0,7.0
rousseau2023_weak_monsoon_starts,621.1999999999978,2.0,2.9375,0.0,3.0,7.0
rousseau2023_weak_monsoon_starts,621.3999999999978,2.0,2.9375,0.0,3.0,6.0
rousseau2023_weak_monsoon_starts,621.5999999999979,2.0,2.9375,0.0,3.0,6.0
rousseau2023_weak_monsoon_starts,621.7999999999978,2.0,2.9375,0.0,3.0,6.0
rousseau2023_weak_monsoon_starts,621.9999999999978,2.0,2.9375,0.0,3.0,6.0
rousseau2023_weak_monsoon_starts,622.1999999999978,2.0,2.9375,0.0,3.0,6.0
rousseau2023_weak_monsoon_starts,622.3999999999978,3.0,2.9375,0.0,3.0,6.0
rousseau2023_weak_monsoon_starts,622.5999999999979,3.0,2.9375,0.0,3.0,6.0
rousseau2023_weak_monsoon_starts,622.7999999999978,3.0,2.9375,0.0,3.0,6.0
rousseau2023_weak_monsoon_starts,622.9999999999978,3.0,2.9375,0.0,3.0,6.0
rousseau2023_weak_monsoon_starts,623.1999999999978,3.0,2.9375,0.0,3.0,6.0
rousseau2023_weak_monsoon_starts,623.3999999999978,3.0,2.9375,0.0,3.0,6.0
rousseau2023_weak_monsoon_starts,623.5999999999979,3.0,2.9375,0.0,3.0,7.0
rousseau2023_weak_monsoon_starts,623.7999999999978,3.0,2.9375,0.0,3.0,7.0
rousseau2023_weak_monsoon_starts,623.9999999999978,3.0,2.9375,0.0,3.0,7.0
rousseau2023_weak_monsoon_starts,624.1999999999978,3.0,2.9375,0.0,3.0,7.0
rousseau2023_weak_monsoon_starts,624.3999999999978,3.0,2.9375,0.0,3.0,7.0
rousseau2023_weak_monsoon_starts,624.5999999999979,3.0,2.9375,0.0,3.0,7.0
rousseau2023_weak_monsoon_starts,624.7999999999978,3.0,2.9375,0.0,3.0,7.0
rousseau2023_weak_monsoon_starts,624.9999999999978,2.0,2.9375,0.0,3.0,7.0
rousseau2023_weak_monsoon_starts,625.1999999999978,2.0,2.9375,0.0,3.0,7.0
rousseau2023_weak_monsoon_starts,625.3999999999978,3.0,2.9375,0.0,3.0,7.0
rousseau2023_weak_monsoon_starts,625.5999999999979,3.0,2.9375,0.0,3.0,7.0
rousseau2023_weak_monsoon_starts,625.7999999999978,3.0,2.9375,0.0,3.0,7.0
rousseau2023_weak_monsoon_starts,625.9999999999978,3.0,2.9375,0.0,3.0,7.0
rousseau2023_weak_monsoon_starts,626.1999999999978,3.0,2.9375,0.0,3.0,7.0
rousseau2023_weak_monsoon_starts,626.3999999999978,3.0,2.9375,0.0,3.0,7.0
rousseau2023_weak_monsoon_starts,626.5999999999979,3.0,2.9375,0.0,3.0,7.0
rousseau2023_weak_monsoon_starts,626.7999999999978,3.0,2.9375,0.0,3.0,7.0
rousseau2023_weak_monsoon_starts,626.9999999999978,3.0,2.9375,0.0,3.0,7.0
rousseau2023_weak_monsoon_starts,627.1999999999978,3.0,2.9375,0.0,3.0,7.0
rousseau2023_weak_monsoon_starts,627.3999999999978,3.0,2.9375,0.0,3.0,7.0
rousseau2023_weak_monsoon_starts,627.5999999999979,3.0,2.9375,0.0,3.0,7.0
rousseau2023_weak_monsoon_starts,627.7999999999978,3.0,2.9375,0.0,3.0,7.0
rousseau2023_weak_monsoon_starts,627.9999999999978,3.0,2.9375,0.0,3.0,7.0
rousseau2023_weak_monsoon_starts,628.1999999999978,3.0,2.9375,0.0,3.0,7.0
rousseau2023_weak_monsoon_starts,628.3999999999978,3.0,2.9375,0.0,3.0,7.0
rousseau2023_weak_monsoon_starts,628.5999999999977,3.0,2.9375,0.0,3.0,7.0
rousseau2023_weak_monsoon_starts,628.7999999999978,3.0,2.9375,0.0,3.0,7.0
rousseau2023_weak_monsoon_starts,628.9999999999978,3.0,2.9375,0.0,3.0,7.0
rousseau2023_weak_monsoon_starts,629.1999999999978,3.0,2.9375,0.0,3.0,7.0
rousseau2023_weak_monsoon_starts,629.3999999999978,4.0,2.9375,0.0,3.0,7.0
rousseau2023_weak_monsoon_starts,629.5999999999977,4.0,2.9375,0.0,3.0,7.0
rousseau2023_weak_monsoon_starts,629.7999999999978,4.0,2.9375,0.0,3.0,7.0
rousseau2023_weak_monsoon_starts,629.9999999999978,4.0,2.9375,0.0,3.0,7.0
